wall_time,step,value
1769529731.413242,1,-0.3755585253238678
1769529732.8083575,2,-0.7152668833732605
1769529732.932137,3,-0.7116650938987732
1769529738.2247968,4,-0.826181173324585
1769529740.3266993,5,-0.9458503723144531
1769529740.4531205,6,-0.9841106534004211
1769529745.9848614,7,-1.1821060180664062
1769529791.2140555,8,-2.3383641242980957
1769529793.5808773,9,-3.491304874420166
1769529902.5942945,10,-4.813914775848389
1769529927.0443444,11,-6.906327247619629
1769529933.9397662,12,-7.332669734954834
1769529939.1563835,13,-7.6140336990356445
1769529940.006589,14,-7.468299865722656
1769529952.4255514,15,-7.9098219871521
1769529960.4250364,16,-8.303324699401855
1769529972.6489162,17,-8.747692108154297
1769529989.3580384,18,-8.886615753173828
1769529994.739187,19,-8.752845764160156
1769529994.8629308,20,-9.773865699768066
1769530000.9366128,21,-8.843859672546387
1769530018.6946433,22,-8.893865585327148
1769530096.8730023,23,-8.675379753112793
1769530101.8907769,24,-8.805346488952637
1769530106.5514655,25,-8.70429801940918
1769530120.5952315,26,-8.853458404541016
1769530147.9441776,27,-9.484147071838379
1769530148.2056727,28,-8.77444839477539
1769530171.903675,29,-9.686161041259766
1769530204.9178252,30,-10.160173416137695
1769530238.320483,31,-11.006118774414062
1769530240.4187343,32,-10.976845741271973
1769530252.9843123,33,-11.498703002929688
1769530258.0402274,34,-11.559470176696777
1769530258.1667097,35,-13.012839317321777
1769530291.479241,36,-11.974215507507324
1769530294.1041017,37,-12.5001859664917
1769530299.6358068,38,-12.76494312286377
1769530300.5742185,39,-12.982606887817383
1769530313.9255815,40,-12.816155433654785
1769530315.0921075,41,-12.992125511169434
1769530335.889553,42,-13.207036018371582
1769530342.5379944,43,-13.341747283935547
1769530362.7531004,44,-13.647005081176758
1769530398.9646385,45,-14.730466842651367
1769530445.954895,46,-14.948844909667969
1769530446.0837486,47,-14.972671508789062
1769530453.445352,48,-15.262175559997559
1769530464.5757701,49,-15.499269485473633
1769530499.0578845,50,-16.203176498413086
1769530505.35563,51,-16.687397003173828
1769530511.956662,52,-17.245563507080078
1769530544.4837174,53,-17.627986907958984
1769530553.2217445,54,-18.047555923461914
1769530559.3808355,55,-18.116947174072266
1769530563.7204425,56,-18.36173439025879
1769530566.6999686,57,-18.334327697753906
1769530570.4312007,58,-18.74213409423828
1769530579.1993067,59,-18.52073097229004
1769530635.2691364,60,-19.61365509033203
1769530639.7139673,61,-20.32891273498535
1769530647.7509048,62,-20.443275451660156
1769530675.766309,63,-21.045501708984375
1769530689.3532038,64,-21.560190200805664
1769530700.1944044,65,-21.943923950195312
1769530706.80695,66,-22.136159896850586
1769530714.8026297,67,-22.26192855834961
1769530728.971765,68,-22.228775024414062
1769530731.433461,69,-22.419429779052734
1769530752.1383774,70,-22.62765884399414
1769530772.9827495,71,-23.022024154663086
1769530776.2565002,72,-23.215351104736328
1769530792.7406852,73,-23.25562858581543
1769530797.730458,74,-23.31293487548828
1769530810.2500658,75,-23.592845916748047
1769530829.847396,76,-23.653057098388672
1769530863.127644,77,-23.723289489746094
1769530878.7024124,78,-23.888978958129883
1769530884.9720986,79,-24.265539169311523
1769530893.0002759,80,-24.283281326293945
1769531018.4559643,81,-24.687820434570312
1769531018.9450765,82,-26.29605484008789
1769531020.1225688,83,-25.73845863342285
1769531026.3476918,84,-25.055889129638672
1769531079.571084,85,-25.647653579711914
1769531354.419773,86,-25.742469787597656
1769531354.6951046,87,-24.633955001831055
1769531354.8235636,88,-24.948871612548828
1769531410.219156,89,-25.788766860961914
1769531426.674014,90,-25.690593719482422
1769531427.6730316,91,-26.69166374206543
1769531452.0090578,92,-25.88388442993164
1769531452.1655693,93,-25.896366119384766
1769531642.0155766,94,-24.915618896484375
1769531938.1941555,95,-24.84959602355957
1769531954.1156907,96,-24.67525863647461
1769532053.5786352,97,-24.540746688842773
1769532088.9132442,98,-24.65587043762207
1769532306.216399,1,-0.24748846888542175
1769532314.5808694,2,-0.3594740331172943
1769532447.2414396,1,-0.12940679490566254
1769532477.8150802,2,-0.4793969690799713
1769532546.8277793,3,-1.0515308380126953
1769532652.8209705,4,-1.8174809217453003
1769532653.024139,5,-2.3171932697296143
1769532653.1467187,6,-2.0929245948791504
1769532711.6743665,7,-2.6064610481262207
1769532785.447379,8,-3.6147611141204834
1769532990.613205,1,-0.13693499565124512
1769533001.300923,2,-0.34089216589927673
1769533011.0047781,3,-0.5771774053573608
1769533013.0589564,4,-0.7224180698394775
1769533023.674388,5,-0.8452242016792297
1769533033.8409755,6,-1.7025617361068726
1769533055.0117903,7,-2.0821993350982666
1769533095.7857034,8,-2.061408042907715
1769533101.820972,9,-3.549184799194336
1769533141.7429113,10,-2.542344093322754
1769533141.892017,11,-2.851362705230713
1769533151.7617252,12,-2.886718988418579
1769533182.9370964,13,-2.7734813690185547
1769533257.8507786,14,-3.4857053756713867
1769533260.3681,15,-3.8188374042510986
1769533309.367935,16,-3.841425657272339
1769533338.2503426,17,-4.230412006378174
1769533377.8929272,18,-5.0837907791137695
1769533408.6695023,19,-4.694250106811523
1769533410.523582,20,-5.137141704559326
1769533428.860129,21,-4.458192348480225
1769533477.979724,22,-4.99013614654541
1769533484.6508095,23,-5.741863250732422
1769533484.7809381,24,-5.170895576477051
1769533498.0223293,25,-5.664155960083008
1769533676.7373626,26,-7.9639811515808105
1769533756.4422646,27,-7.629591941833496
1769533761.443883,28,-7.19337797164917
1769534069.3264236,29,-8.1688814163208
1769534116.3254259,30,-8.337884902954102
1769534140.0840545,31,-8.793845176696777
1769534167.0264053,32,-8.675368309020996
1769534179.5328157,33,-8.657962799072266
1769534179.669365,34,-8.460029602050781
1769534193.754931,35,-8.163233757019043
1769534198.056657,36,-9.615823745727539
1769534206.0948863,37,-8.052556037902832
1769534232.3018043,38,-9.186290740966797
1769534279.9016175,39,-8.78680419921875
1769534285.9328883,40,-8.616697311401367
1769534311.3359096,41,-8.760537147521973
1769534319.4303157,42,-8.318483352661133
1769534325.3338113,43,-9.973825454711914
1769534344.7358613,44,-9.028231620788574
1769534380.882171,45,-8.521650314331055
1769534444.367363,46,-9.355538368225098
1769534460.288168,47,-10.056001663208008
1769534484.8082798,48,-10.16673469543457
1769534492.397822,49,-10.330987930297852
1769534532.1400132,50,-10.445863723754883
1769534541.007924,51,-11.155035972595215
1769534541.1393487,52,-10.204394340515137
1769534549.34887,53,-9.851341247558594
1769534558.467552,54,-9.259843826293945
1769534562.71572,55,-9.888609886169434
1769534566.2261736,56,-11.395577430725098
1769534595.2480156,57,-9.746826171875
1769534688.6599247,58,-11.722365379333496
1769534713.5509865,59,-10.668952941894531
1769534728.0583997,60,-11.428621292114258
1769534729.50969,61,-12.281635284423828
1769534732.897031,62,-12.309714317321777
1769534734.834297,63,-10.963203430175781
1769534734.9592226,64,-11.21860408782959
1769534742.8850536,65,-12.347952842712402
1769534750.4401906,66,-11.092628479003906
1769534762.920858,67,-11.786341667175293
1769534792.662752,68,-12.32628059387207
1769534804.572474,69,-13.389932632446289
1769534813.2096658,70,-12.007102012634277
1769534830.570161,71,-12.407670021057129
1769534844.5345075,72,-12.976536750793457
1769534851.1974103,73,-11.57628059387207
1769534870.0651984,74,-13.18114948272705
1769534883.818278,75,-13.98112678527832
1769534890.7482686,76,-13.298202514648438
1769534903.329344,77,-15.132320404052734
1769534907.5756965,78,-14.469600677490234
1769534928.9434419,79,-13.555346488952637
1769534939.9932215,80,-14.808659553527832
1769534941.751947,81,-13.498494148254395
1769534956.3495395,82,-12.736916542053223
1769534959.050998,83,-12.449779510498047
1769535035.3850758,84,-15.913226127624512
1769535077.8064225,85,-16.616275787353516
1769535085.4839616,86,-15.613882064819336
1769535086.9063678,87,-16.200101852416992
1769535087.0349338,88,-14.175115585327148
1769535090.2883008,89,-14.70357894897461
1769535090.418093,90,-16.66045379638672
1769535098.7426977,91,-14.03908634185791
1769535103.638108,92,-14.370880126953125
1769535106.5714638,93,-12.955958366394043
1769535112.1559615,94,-14.120439529418945
1769535122.8110154,95,-15.354138374328613
1769535135.532962,96,-16.303071975708008
1769535141.2212248,97,-16.70071792602539
1769535147.2040222,98,-15.37246036529541
1769535155.6227412,99,-14.444550514221191
1769535183.2509847,100,-17.000192642211914
1769535189.5246456,101,-13.76060962677002
1769535218.2804956,102,-15.514869689941406
1769535221.182082,103,-17.682180404663086
1769535227.0016925,104,-15.49600887298584
1769535232.5599205,105,-12.968771934509277
1769535246.456227,106,-14.884573936462402
1769535259.856486,107,-14.532973289489746
1769535274.6843302,108,-17.433124542236328
1769535279.7074955,109,-15.650911331176758
1769535292.046613,110,-17.02263641357422
1769535296.568959,111,-16.08487892150879
1769535298.3861918,112,-16.13640785217285
1769535298.5140977,113,-15.994175910949707
1769535300.1451604,114,-16.947582244873047
1769535300.2720284,115,-15.76814079284668
1769535304.2862709,116,-15.118644714355469
1769535312.7372897,117,-15.769407272338867
1769535355.511922,118,-16.656150817871094
1769535356.5539212,119,-15.702984809875488
1769535372.2067077,120,-15.810879707336426
1769535376.3986855,121,-15.447052001953125
1769535377.125652,122,-18.398134231567383
1769535381.1741366,123,-16.74962615966797
1769535384.233958,124,-16.489418029785156
1769535384.9671555,125,-18.76584815979004
1769535393.2471201,126,-20.426733016967773
1769535400.2043262,127,-17.338659286499023
1769535409.1728213,128,-20.328216552734375
1769535413.4689167,129,-16.360809326171875
1769535441.4343016,130,-16.15861701965332
1769535453.386525,131,-17.569595336914062
1769535463.5950747,132,-17.993915557861328
1769535478.0850835,133,-17.13616943359375
1769535480.8771996,134,-16.05071258544922
1769535484.3772771,135,-18.0501651763916
1769535490.0670774,136,-20.490219116210938
1769535491.3481123,137,-17.025251388549805
1769535498.0738244,138,-19.041383743286133
1769535505.1589518,139,-19.446969985961914
1769535530.9208288,140,-19.367534637451172
1769535547.6834157,141,-15.938549041748047
1769535549.206782,142,-18.769519805908203
1769535555.0162787,143,-18.181222915649414
1769535574.460601,144,-18.803878784179688
1769535613.4102855,145,-19.756792068481445
1769535631.1365082,146,-21.91398048400879
1769535636.3788283,147,-21.18854331970215
1769535641.2821414,148,-19.906963348388672
1769535649.8925989,149,-19.212385177612305
1769535710.3864596,150,-23.20067596435547
1769535744.8898335,151,-20.823301315307617
1769535756.49579,152,-19.052019119262695
1769535774.4282496,153,-26.56285858154297
1769535777.7958014,154,-20.749618530273438
1769535785.299289,155,-20.117258071899414
1769535787.9248965,156,-21.465389251708984
1769535789.8347633,157,-22.529611587524414
1769535789.9614556,158,-17.721887588500977
1769535816.8621926,159,-24.028276443481445
1769535834.6793606,160,-24.140459060668945
1769535838.072029,161,-20.062532424926758
1769535841.0013123,162,-19.739622116088867
1769535845.035142,163,-17.744224548339844
1769535848.5278058,164,-21.578588485717773
1769535869.149729,165,-25.954721450805664
1769535870.9466884,166,-18.76389503479004
1769535871.0725696,167,-18.85065269470215
1769535879.1093335,168,-22.885419845581055
1769535879.2407465,169,-21.435272216796875
1769535879.367313,170,-20.934528350830078
1769535883.9718359,171,-23.57129669189453
1769535890.0067627,172,-20.224143981933594
1769535913.8541732,173,-19.072519302368164
1769535918.3039367,174,-21.309066772460938
1769535922.317436,175,-23.303871154785156
1769535929.9272106,176,-19.17249870300293
1769535930.6777894,177,-20.543542861938477
1769535930.8035173,178,-18.034128189086914
1769535948.8229735,179,-22.522869110107422
1769536004.4051583,180,-23.635528564453125
1769536076.1440265,181,-22.08401870727539
1769536092.044338,182,-20.970149993896484
1769536092.186445,183,-24.116605758666992
1769536092.3112364,184,-23.478191375732422
1769536095.2347744,185,-22.202634811401367
1769536099.512834,186,-23.486003875732422
1769536101.0758846,187,-20.82183074951172
1769536119.30903,188,-27.447101593017578
1769536142.5692449,189,-22.97712516784668
1769536152.0708368,190,-21.758848190307617
1769536152.206238,191,-22.434879302978516
1769536180.6930203,192,-26.959339141845703
1769536180.8382943,193,-19.919513702392578
1769536184.094086,194,-20.350189208984375
1769536208.575575,195,-20.660036087036133
1769536224.7040424,196,-21.965988159179688
1769536226.8618593,197,-24.50966453552246
1769536231.0543282,198,-25.105819702148438
1769536234.7173564,199,-24.980728149414062
1769536237.059096,200,-24.586896896362305
1769536244.1225877,201,-24.668258666992188
1769536256.0285633,202,-23.8811092376709
1769536256.1617725,203,-22.701160430908203
1769536256.2870188,204,-23.052326202392578
1769536266.1255195,205,-25.86974334716797
1769536269.8515651,206,-21.700376510620117
1769536282.8078585,207,-22.39063835144043
1769536298.067532,208,-24.056001663208008
1769536308.877732,209,-28.037004470825195
1769536310.183956,210,-29.42848777770996
1769536315.00063,211,-23.642545700073242
1769536325.3380065,212,-22.711339950561523
1769536334.1522863,213,-24.39688491821289
1769536338.8654468,214,-26.893884658813477
1769536400.3905325,215,-21.99753189086914
1769536405.0449457,216,-26.700973510742188
1769536410.8303053,217,-25.29775047302246
1769536412.3459673,218,-25.500917434692383
1769536415.588347,219,-25.234189987182617
1769536420.1569662,220,-25.95313262939453
1769536447.453582,221,-26.82634925842285
1769536449.5091348,222,-28.933927536010742
1769536452.9671786,223,-29.332307815551758
1769536455.8901498,224,-26.551706314086914
1769536458.492139,225,-25.294370651245117
1769536464.7521336,226,-26.079065322875977
1769536471.157819,227,-26.9085750579834
1769536476.1475766,228,-24.986526489257812
1769536477.3405037,229,-27.86098861694336
1769536498.9057465,230,-25.650278091430664
1769536501.9560785,231,-23.874496459960938
1769536502.6871462,232,-22.994047164916992
1769536507.1088865,233,-22.77771759033203
1769536603.838228,234,-26.592750549316406
1769536607.0817175,235,-29.157920837402344
1769536607.2126734,236,-24.28205108642578
1769536613.8547943,237,-24.988534927368164
1769536645.0964825,238,-29.854408264160156
1769536657.2209816,239,-27.176572799682617
1769536659.109271,240,-24.85679054260254
1769536673.1055071,241,-24.148311614990234
1769536726.7702847,242,-38.47629165649414
1769536733.508898,243,-29.033344268798828
1769536851.9449153,244,-31.509174346923828
1769536896.6560724,245,-34.66956329345703
1769536899.5845196,246,-30.600637435913086
1769536932.9716527,247,-28.091596603393555
1769536957.9811807,248,-31.163026809692383
1769536966.1812382,249,-27.737844467163086
1769536971.6598978,250,-28.107606887817383
1769536976.338162,251,-36.15692138671875
1769536978.0005984,252,-32.15329360961914
1769536984.1666155,253,-29.17739486694336
1769536985.8339381,254,-28.924528121948242
1769536996.110038,255,-28.111963272094727
1769536998.4369953,256,-29.378103256225586
1769537018.459037,257,-30.189273834228516
1769537092.5269709,258,-36.93942642211914
1769537103.2603805,259,-33.4989013671875
1769537112.0802534,260,-31.19979476928711
1769537118.773169,261,-31.71787452697754
1769537171.3740506,262,-38.806190490722656
1769537182.3755724,263,-24.9660701751709
1769537182.879397,264,-27.567842483520508
1769537237.874583,265,-34.9719352722168
1769537253.7349145,266,-31.4514102935791
1769537262.6880252,267,-27.83879280090332
1769537263.7906542,268,-26.07731819152832
1769537272.3571367,269,-32.71243667602539
1769537274.5255933,270,-33.960758209228516
1769537300.6834795,271,-28.23212432861328
1769537311.9130733,272,-34.29005432128906
1769537332.8025622,273,-29.063539505004883
1769537332.9457371,274,-31.292871475219727
1769537359.1724467,275,-27.32461166381836
1769537373.6703653,276,-27.849803924560547
1769537375.0603173,277,-30.305397033691406
1769537377.4403286,278,-29.607566833496094
1769537409.9654646,279,-38.982120513916016
1769537437.5609713,280,-35.13839340209961
1769537448.1762483,281,-34.75236129760742
1769537468.2600975,282,-30.689151763916016
1769537498.9269118,283,-33.686256408691406
1769537499.0777767,284,-30.128284454345703
1769537516.4890647,285,-31.15677261352539
1769537530.7338173,286,-30.367902755737305
1769537531.6111324,287,-26.66385269165039
1769537560.1649427,288,-34.541221618652344
1769537562.8021717,289,-31.293312072753906
1769537582.2629783,290,-33.8072395324707
1769537589.6348891,291,-32.65033721923828
1769537596.4597666,292,-35.97747039794922
1769537600.1077359,293,-29.521411895751953
1769537606.2586489,294,-36.638389587402344
1769537611.0713701,295,-32.165287017822266
1769537615.1162298,296,-35.68800735473633
1769537618.4171183,297,-36.226070404052734
1769537618.5460985,298,-31.930980682373047
1769537627.0481033,299,-30.980587005615234
1769537627.1813354,300,-26.918310165405273
1769537636.629932,301,-42.00236511230469
1769537654.4407573,302,-33.34384536743164
1769537662.6288583,303,-34.173892974853516
1769537673.8776014,304,-29.02302360534668
1769537687.4384599,305,-28.65391731262207
1769537715.132879,306,-39.59817886352539
1769537721.8121657,307,-27.522052764892578
1769537733.7435536,308,-37.09687805175781
1769537738.9369168,309,-27.69352912902832
1769537757.1920397,310,-37.12299728393555
1769537767.4579284,311,-36.17695236206055
1769537774.5241425,312,-35.11024475097656
1769537775.077482,313,-37.40970993041992
1769537791.2265077,314,-42.48749542236328
1769537791.3676,315,-37.24108123779297
1769537804.1272829,316,-37.9555778503418
1769537807.839801,317,-34.43228530883789
1769537812.5285838,318,-39.9661865234375
1769537825.1692648,319,-37.311431884765625
1769537852.8689842,320,-36.4835205078125
1769537871.4137967,321,-39.047855377197266
1769537876.8845687,322,-34.54452133178711
1769537878.690883,323,-35.03392028808594
1769537880.462353,324,-31.63152503967285
1769537889.7825394,325,-36.690757751464844
1769537895.2664764,326,-30.17332649230957
1769537905.0378613,327,-38.18632507324219
1769537905.4158628,328,-41.04290008544922
1769537913.2605128,329,-28.67955780029297
1769537914.1236713,330,-33.270599365234375
1769537921.053553,331,-29.805198669433594
1769537921.6117594,332,-27.48387336730957
1769537935.791823,333,-33.65306854248047
1769537980.4996152,334,-32.64840316772461
1769537982.7295477,335,-36.49132537841797
1769537989.5511506,336,-35.58057403564453
1769538000.0955963,337,-28.073030471801758
1769538003.8199642,338,-34.364356994628906
1769538038.5543303,339,-29.922117233276367
1769538050.0693307,340,-39.77259063720703
1769538052.3134944,341,-38.05624771118164
1769538062.480566,342,-30.615081787109375
1769538062.6145616,343,-30.363784790039062
1769538080.6853237,344,-42.4552116394043
1769538085.4678516,345,-32.127113342285156
1769538092.8292012,346,-40.04822540283203
1769538099.9531643,347,-33.021339416503906
1769538102.0776436,348,-35.0450325012207
1769538103.2252696,349,-31.47748565673828
1769538114.2109501,350,-34.849388122558594
1769538136.459111,351,-40.36162185668945
1769538137.6722913,352,-37.187652587890625
1769538138.6095202,353,-29.957868576049805
1769538143.2773867,354,-38.18878936767578
1769538155.8770835,355,-43.861907958984375
1769538166.6922371,356,-30.964876174926758
1769538170.9169812,357,-37.23092269897461
1769538176.9483485,358,-33.98881530761719
1769538187.1472652,359,-38.57183837890625
1769538197.8284943,360,-47.59381866455078
1769538208.97449,361,-38.045021057128906
1769538213.5663533,362,-30.10405921936035
1769538217.7962055,363,-37.837589263916016
1769538223.6482868,364,-33.42457962036133
1769538224.932436,365,-40.05339431762695
1769538225.0605686,366,-37.4714241027832
1769538236.3949223,367,-33.95734786987305
1769538237.6200154,368,-32.172088623046875
1769538246.5117247,369,-38.62150573730469
1769538248.7731833,370,-33.476497650146484
1769538270.1892815,371,-40.7502555847168
1769538295.928007,372,-37.6593132019043
1769538327.9468403,373,-33.754032135009766
1769538333.6782548,374,-46.95639419555664
1769538334.1783795,375,-37.94525146484375
1769538348.2387288,376,-42.970611572265625
1769538378.1129684,377,-37.63882827758789
1769538378.8539195,378,-38.401432037353516
1769538384.5803664,379,-41.896949768066406
1769538394.419513,380,-42.97523880004883
1769538406.4239497,381,-28.985107421875
1769538419.7512212,382,-31.969951629638672
1769538421.7616522,383,-30.227840423583984
1769538428.0352216,384,-41.22740173339844
1769538429.5794864,385,-31.725360870361328
1769538468.7872782,386,-29.954666137695312
1769538468.942814,387,-34.99435043334961
1769538484.730156,388,-44.29486083984375
1769538488.1412306,389,-40.29310607910156
1769538512.8138218,390,-39.99658966064453
1769538520.291117,391,-45.337852478027344
1769538528.6762989,392,-43.08108901977539
1769538538.3967488,393,-44.862548828125
1769538557.1482244,394,-40.7138786315918
1769538560.094777,395,-32.21598434448242
1769538589.3062868,396,-55.14149856567383
1769538603.3579984,397,-38.9981689453125
1769538608.413721,398,-37.18787384033203
1769538629.1037216,399,-44.085384368896484
1769538633.6223109,400,-29.58517837524414
1769538654.638461,401,-41.43636703491211
1769538698.6843998,402,-40.0455436706543
1769538699.6067228,403,-39.16602325439453
1769538707.4155333,404,-37.69110107421875
1769538710.0278058,405,-45.418365478515625
1769538717.9908698,406,-30.85990333557129
1769538724.025658,407,-44.974281311035156
1769538726.2738004,408,-42.27980041503906
1769538730.2459366,409,-44.74603271484375
1769538752.5778642,410,-33.87036895751953
1769538754.0988538,411,-43.29483413696289
1769538765.3198764,412,-48.619873046875
1769538766.7355928,413,-41.38908767700195
1769538773.9858458,414,-40.27474594116211
1769538782.2560647,415,-32.664642333984375
1769538785.6879137,416,-44.185611724853516
1769538795.8335268,417,-41.04326629638672
1769538798.1973326,418,-42.09079360961914
1769538819.115226,419,-40.76536178588867
1769538821.5624876,420,-32.84687042236328
1769538828.71436,421,-35.08784866333008
1769538835.007107,422,-34.36585235595703
1769538837.312277,423,-40.50625991821289
1769538844.949366,424,-42.24504470825195
1769538848.548173,425,-41.58771514892578
1769538848.6769977,426,-40.30094909667969
1769538857.1233003,427,-48.89742660522461
1769538864.4422374,428,-36.75911331176758
1769538866.1000972,429,-40.15697479248047
1769538878.2231357,430,-35.6596565246582
1769538882.1119418,431,-44.1884880065918
1769538887.3913019,432,-39.962528228759766
1769538887.5225356,433,-41.22219467163086
1769538888.6673265,434,-40.15510559082031
1769538895.6437275,435,-33.916080474853516
1769538906.0118299,436,-43.99137878417969
1769538909.5665467,437,-39.67498779296875
1769538912.2600355,438,-38.68403244018555
1769538924.0976546,439,-40.229408264160156
1769538942.7264936,440,-34.981903076171875
1769538950.2779837,441,-52.48426055908203
1769538963.0921805,442,-50.77589797973633
1769538968.1199083,443,-37.578468322753906
1769538971.9286911,444,-38.13886260986328
1769538972.0617535,445,-39.95558166503906
1769538976.099652,446,-48.543174743652344
1769538986.1569602,447,-41.42323684692383
1769539002.2644227,448,-48.59975814819336
1769539023.2273118,449,-41.73772048950195
1769539025.3591206,450,-32.667869567871094
1769539032.1019714,451,-42.012325286865234
1769539045.1720924,452,-43.32593536376953
1769539047.7746572,453,-48.090023040771484
1769539051.518059,454,-44.11884307861328
1769539059.8201802,455,-41.948238372802734
1769539072.9617326,456,-41.550636291503906
1769539077.7752376,457,-48.73359680175781
1769539102.8724244,458,-39.605674743652344
1769539116.3484795,459,-59.068817138671875
1769539127.8367426,460,-49.67283630371094
1769539136.41246,461,-44.233726501464844
1769539145.8783607,462,-37.12765121459961
1769539149.9062076,463,-48.94072341918945
1769539156.5780244,464,-41.68277359008789
1769539156.7098982,465,-30.853389739990234
1769539167.683436,466,-40.08526611328125
1769539168.0005796,467,-41.658809661865234
1769539194.1217885,468,-58.0972785949707
1769539194.2831542,469,-29.612518310546875
1769539210.738049,470,-41.36910629272461
1769539212.04653,471,-47.54741287231445
1769539223.1336474,472,-42.499759674072266
1769539256.1732686,473,-47.68398666381836
1769539256.326913,474,-37.24315643310547
1769539287.0357988,475,-36.869163513183594
1769539302.2747574,476,-37.69889831542969
1769539309.790415,477,-44.34794616699219
1769539313.6857564,478,-44.97279739379883
1769539326.4988015,479,-51.31230163574219
1769539355.4980495,480,-35.69752883911133
1769539376.3126209,481,-38.0705451965332
1769539380.1370966,482,-52.93183898925781
1769539391.2966144,483,-36.40531539916992
1769539455.1858752,484,-48.0989875793457
1769539466.5717838,485,-48.39217758178711
1769539486.834768,486,-37.00981903076172
1769539495.280273,487,-41.71316909790039
1769539496.5754144,488,-56.20299530029297
1769539502.8909714,489,-42.885135650634766
1769539509.309259,490,-32.52708435058594
1769539518.60603,491,-47.316341400146484
1769539520.4061787,492,-50.236045837402344
1769539520.5349498,493,-37.15017318725586
1769539531.0381935,494,-61.27503967285156
1769539533.2880256,495,-47.63911056518555
1769539551.5615413,496,-44.67985534667969
1769539555.2991452,497,-39.511619567871094
1769539556.816776,498,-35.25278091430664
1769539561.0699885,499,-42.30333709716797
1769539574.0956857,500,-53.024024963378906
1769539577.6913154,501,-44.48193359375
1769539596.1627748,502,-50.55458450317383
1769539616.1717677,503,-37.57630920410156
1769539630.0398085,504,-38.05197525024414
1769539672.7890158,505,-47.23527145385742
1769539716.3624825,506,-58.70074462890625
1769539718.4706702,507,-37.295413970947266
1769539733.5823061,508,-58.84572982788086
1769539737.2345283,509,-43.87043762207031
1769539749.8759062,510,-45.410091400146484
1769539770.249839,511,-64.09463500976562
1769539770.8840413,512,-81.99494934082031
1769539779.6941116,513,-46.609588623046875
1769539783.5168977,514,-54.952415466308594
1769539802.578507,515,-40.04707336425781
1769539807.083399,516,-38.65180969238281
1769539808.1337144,517,-52.6260986328125
1769539808.541082,518,-41.86835861206055
1769539822.1306665,519,-36.57070541381836
1769539830.7140338,520,-55.45561981201172
1769539843.2250059,521,-57.413448333740234
1769539844.5149431,522,-47.398433685302734
1769539846.9890018,523,-55.930137634277344
1769539854.3772027,524,-54.73590850830078
1769539860.4723053,525,-49.38441848754883
1769540000.0409813,526,-72.93209075927734
1769540040.6394103,527,-55.8275260925293
1769540043.3679962,528,-62.433528900146484
1769540061.0263677,529,-49.158870697021484
1769540067.270977,530,-43.29840087890625
1769540072.4350052,531,-52.12377166748047
1769540072.565091,532,-47.783287048339844
1769540072.6888788,533,-32.804019927978516
1769540075.4693189,534,-47.23833465576172
1769540080.905546,535,-34.10896682739258
1769540104.7103634,536,-49.16560363769531
1769540109.4222026,537,-63.60122299194336
1769540122.585012,538,-48.16481018066406
1769540137.3639262,539,-45.74885559082031
1769540152.499096,540,-57.29115676879883
1769540156.5504467,541,-47.77429962158203
1769540156.6794636,542,-42.531288146972656
1769540175.1968462,543,-47.46722412109375
1769540185.6865401,544,-41.21916198730469
1769540195.6654136,545,-59.28741455078125
1769540213.9500678,546,-43.11624526977539
1769540223.227647,547,-54.56150436401367
1769540227.9137282,548,-48.72595977783203
1769540232.3688726,549,-43.81211853027344
1769540236.914205,550,-55.63522720336914
1769540241.6788447,551,-55.76176071166992
1769540266.3215783,552,-52.051597595214844
1769540266.963574,553,-59.666259765625
1769540287.7029686,554,-63.17567825317383
1769540295.096085,555,-52.37422561645508
1769540308.3867774,556,-49.582027435302734
1769540313.2852461,557,-55.720619201660156
1769540321.1214054,558,-49.93268966674805
1769540324.2833602,559,-44.0383415222168
1769540336.772907,560,-56.491188049316406
1769540368.0548015,561,-32.39835739135742
1769540372.2556245,562,-53.158470153808594
1769540376.1241584,563,-42.67567825317383
1769540385.9972684,564,-46.53118896484375
1769540393.712753,565,-44.57240295410156
1769540393.8461015,566,-52.3363151550293
1769540407.9303017,567,-54.286659240722656
1769540413.531367,568,-54.08063888549805
1769540417.8269305,569,-57.77961730957031
1769540418.0804787,570,-56.27353286743164
1769540432.6544251,571,-36.83534622192383
1769540433.3967912,572,-42.65256118774414
1769540463.1239061,573,-54.686668395996094
1769540467.568861,574,-49.92066192626953
1769540473.4844368,575,-54.66402816772461
1769540485.6018238,576,-48.08695983886719
1769540485.7987497,577,-33.12358093261719
1769540489.7742624,578,-50.21034622192383
1769540496.9233222,579,-38.165306091308594
1769540507.9003484,580,-54.42746353149414
1769540508.0373785,581,-34.80860137939453
1769540541.841379,582,-43.154170989990234
1769540541.994431,583,-63.058998107910156
1769540553.3367598,584,-33.58307647705078
1769540573.8990092,585,-63.081329345703125
1769540596.4069233,586,-71.99293518066406
1769540597.6978843,587,-41.50117874145508
1769540600.0200007,588,-44.2927360534668
1769540604.7111306,589,-36.62283706665039
1769540620.3108704,590,-62.74867248535156
1769540623.6140542,591,-42.56854248046875
1769540653.793981,592,-69.71854400634766
1769540661.8740752,593,-53.8756217956543
1769540665.3772242,594,-41.16228103637695
1769540684.9635286,595,-60.37459945678711
1769540751.2903483,596,-69.5582504272461
1769540751.9200706,597,-57.56776809692383
1769540764.9966788,598,-56.14662551879883
1769540778.5227773,599,-55.0522346496582
1769540779.6889374,600,-67.98388671875
1769540796.5662882,601,-50.425559997558594
1769540801.8064356,602,-49.898040771484375
1769540816.166197,603,-48.48054885864258
1769540820.0922995,604,-57.81772232055664
1769540824.0311253,605,-41.79022216796875
1769540826.3181195,606,-61.12730407714844
1769540835.3598843,607,-53.580322265625
1769540835.4947894,608,-45.04783248901367
1769540838.1806877,609,-61.227012634277344
1769540846.7514386,610,-40.864654541015625
1769540856.2703714,611,-49.487545013427734
1769540860.790454,612,-53.039554595947266
1769540874.4395354,613,-64.3389892578125
1769540881.3564694,614,-48.60898208618164
1769540889.3831708,615,-49.03898239135742
1769540898.1849346,616,-60.815731048583984
1769540904.418478,617,-65.55982971191406
1769540922.3253791,618,-63.54909896850586
1769540923.5510657,619,-49.66862869262695
1769540932.3241012,620,-62.03314208984375
1769540935.9036021,621,-50.26054000854492
1769540936.034621,622,-51.428916931152344
1769540937.5744882,623,-41.76732635498047
1769540943.4268637,624,-47.90251159667969
1769540953.0373483,625,-47.96894073486328
1769540954.6089468,626,-56.130924224853516
1769540954.7371988,627,-62.987274169921875
1769540962.3840075,628,-63.506282806396484
1769540964.7121782,629,-71.24503326416016
1769540965.3311481,630,-40.2781982421875
1769540974.1027455,631,-55.33742904663086
1769540975.8491747,632,-64.58506774902344
1769540993.4347372,633,-39.60568618774414
1769541000.961684,634,-65.65058898925781
1769541003.8907402,635,-58.94338607788086
1769541015.5841494,636,-43.64617919921875
1769541034.3465114,637,-57.112918853759766
1769541079.7265499,638,-45.94935989379883
1769541089.635546,639,-54.57164764404297
1769541091.0738194,640,-64.64501953125
1769541104.167449,641,-53.80414581298828
1769541114.2855303,642,-46.4301643371582
1769541116.0547528,643,-59.172142028808594
1769541117.957099,644,-46.634525299072266
1769541125.3325078,645,-54.17793273925781
1769541179.9060001,646,-85.82388305664062
1769541187.6495838,647,-59.324459075927734
1769541198.8462508,648,-44.390625
1769541211.9436243,649,-67.59358215332031
1769541218.9509387,650,-50.70940399169922
1769541223.823366,651,-54.86267852783203
1769541231.9867494,652,-54.50925064086914
1769541233.2015424,653,-56.15827941894531
1769541251.8428473,654,-52.9702033996582
1769541257.0176015,655,-40.838626861572266
1769541271.6328883,656,-61.9381217956543
1769541284.5747247,657,-65.5923080444336
1769541290.9805987,658,-44.05370330810547
1769541293.121463,659,-44.203765869140625
1769541310.0284529,660,-47.792686462402344
1769541312.9018264,661,-65.97748565673828
1769541324.0934196,662,-63.813209533691406
1769541328.831354,663,-55.08049011230469
1769541332.3544261,664,-67.8987808227539
1769541338.0039415,665,-61.94792175292969
1769541346.8913708,666,-46.378238677978516
1769541348.448518,667,-41.259239196777344
1769541364.7226925,668,-41.67737579345703
1769541395.520534,669,-71.96800994873047
1769541407.7689803,670,-60.308631896972656
1769541409.8631659,671,-60.5223388671875
1769541411.519392,672,-52.78553009033203
1769541411.707673,673,-50.82544708251953
1769541420.6835568,674,-50.13556671142578
1769541426.6614838,675,-52.66876220703125
1769541429.6402023,676,-54.851104736328125
1769541434.5682127,677,-60.40802001953125
1769541445.5472956,678,-67.11402130126953
1769541448.594569,679,-49.19251251220703
1769541455.4368632,680,-49.66737747192383
1769541459.7432892,681,-55.10348892211914
1769541460.304979,682,-58.90696334838867
1769541465.6521485,683,-63.889102935791016
1769541494.0187595,684,-66.545654296875
1769541497.9066703,685,-54.97650909423828
1769541500.8490865,686,-45.451515197753906
1769541507.3039296,687,-67.96818542480469
1769541526.8200088,688,-39.2930908203125
1769541526.9632616,689,-64.50753021240234
1769541527.0887938,690,-38.148658752441406
1769541535.2181356,691,-50.8607177734375
1769541536.891123,692,-66.38636779785156
1769541539.6058176,693,-74.82760620117188
1769541555.626763,694,-58.998870849609375
1769541555.8943481,695,-39.783447265625
1769541562.2706993,696,-73.90640258789062
1769541564.1621187,697,-51.54054641723633
1769541572.6943827,698,-50.33625793457031
1769541583.3581629,699,-53.32220458984375
1769541623.495163,700,-62.22712326049805
1769541626.2296205,701,-42.644412994384766
1769541640.460765,702,-53.8413200378418
1769541664.426959,703,-62.54866027832031
1769541664.6912348,704,-49.77695846557617
1769541664.818808,705,-57.90570831298828
1769541670.0236955,706,-60.851192474365234
1769541673.1949577,707,-56.40231704711914
1769541674.3630497,708,-50.91207504272461
1769541719.6699204,709,-52.45240783691406
1769541761.5734134,710,-54.77283477783203
1769541761.718857,711,-64.57865905761719
1769541763.9807417,712,-48.23391342163086
1769541775.6732614,713,-53.97218704223633
1769541782.6423972,714,-49.46426010131836
1769541786.334934,715,-56.064205169677734
1769541795.049813,716,-55.332889556884766
1769541798.2282953,717,-62.23367691040039
1769541806.1989002,718,-55.71491241455078
1769541807.4825034,719,-52.30527877807617
1769541808.876776,720,-51.745059967041016
1769541824.7418447,721,-51.48926544189453
1769541843.0560915,722,-45.855865478515625
1769541853.032632,723,-77.13729095458984
1769541856.5143335,724,-64.1861801147461
1769541862.8523116,725,-67.11527252197266
1769541868.2608132,726,-53.18772888183594
1769541875.7613804,727,-64.11012268066406
1769541882.0712888,728,-49.55293655395508
1769541886.6664662,729,-56.6368293762207
1769541890.525148,730,-53.85740661621094
1769541905.3545709,731,-50.256507873535156
1769541918.7729993,732,-60.19356155395508
1769541943.1246557,733,-48.11115264892578
1769541976.721228,734,-66.89491271972656
1769541997.2878098,735,-54.41041564941406
1769541998.1728318,736,-39.89175033569336
1769542003.2611477,737,-60.724002838134766
1769542004.541196,738,-62.09907150268555
1769542013.4502454,739,-41.7945556640625
1769542026.280554,740,-54.0360221862793
1769542064.719654,741,-72.53955841064453
1769542070.1263227,742,-67.17151641845703
1769542072.3259003,743,-58.02531433105469
1769542072.4540255,744,-49.45845413208008
1769542074.894707,745,-49.06321716308594
1769542094.0103621,746,-48.467140197753906
1769542107.4662316,747,-74.94339752197266
1769542137.1992285,748,-64.03700256347656
1769542148.1338158,749,-66.85107421875
1769542153.6497467,750,-55.963199615478516
1769542155.907529,751,-65.60171508789062
1769542171.2068095,752,-63.78751754760742
1769542227.7494817,753,-58.99714279174805
1769542233.3815422,754,-61.762306213378906
1769542238.4016783,755,-70.82986450195312
1769542238.901981,756,-48.2906494140625
1769542253.9759774,757,-52.43055725097656
1769542273.1359055,758,-59.749900817871094
1769542275.1797726,759,-69.76315307617188
1769542277.3123577,760,-70.2568359375
1769542278.957932,761,-51.252891540527344
1769542291.3155506,762,-79.94337463378906
1769542298.9868736,763,-64.25396728515625
1769542344.3899083,764,-61.17755126953125
1769542345.8370664,765,-67.75415802001953
1769542407.655769,766,-63.7321662902832
1769542438.0058076,767,-44.09322738647461
1769542493.9315093,768,-45.36701202392578
1769542513.1073582,769,-65.4364242553711
1769542515.878124,770,-75.29366302490234
1769542522.6814444,771,-68.80107116699219
1769542524.174336,772,-58.580467224121094
1769542539.879945,773,-51.91826629638672
1769542544.893849,774,-53.15465545654297
1769542552.697396,775,-54.82439041137695
1769542554.3863184,776,-75.2699203491211
1769542560.695434,777,-47.04662322998047
1769542578.0327885,778,-67.7635269165039
1769542591.0359156,779,-69.95563507080078
1769542603.1104128,780,-50.92723846435547
1769542605.1504045,781,-52.229408264160156
1769542619.9742732,782,-60.34748840332031
1769542626.8522618,783,-84.33300018310547
1769542628.625362,784,-78.46009826660156
1769542640.4796937,785,-51.25908279418945
1769542651.4954598,786,-70.55032348632812
1769542662.0675786,787,-48.34298324584961
1769542679.3123977,788,-58.70471954345703
1769542688.0546887,789,-56.97343826293945
1769542701.2562156,790,-69.75325012207031
1769542737.4483523,791,-68.9877700805664
1769542740.4089856,792,-64.93418884277344
1769542744.6943069,793,-74.22725677490234
1769542752.488378,794,-68.11858367919922
1769542766.602253,795,-62.639549255371094
1769542766.7398472,796,-72.72602844238281
1769542773.294239,797,-53.502052307128906
1769542775.4348695,798,-61.246238708496094
1769542794.7742343,799,-80.88980102539062
1769542819.3825178,800,-68.881103515625
1769542819.902314,801,-63.15816879272461
1769542822.0876248,802,-64.43833923339844
1769542829.5266762,803,-76.55207061767578
1769542847.6071486,804,-48.520565032958984
1769542869.5761015,805,-86.08198547363281
1769542885.412979,806,-62.428932189941406
1769542906.288265,807,-64.90473175048828
1769542910.3120747,808,-66.15695190429688
1769542912.8081307,809,-47.942657470703125
1769543042.5264006,810,-72.78231048583984
1769543062.2733548,811,-58.60116958618164
1769543071.6170654,812,-66.35758209228516
1769543087.032794,813,-57.46866989135742
1769543088.337542,814,-51.147987365722656
1769543096.3328671,815,-60.76554870605469
1769543102.6178715,816,-80.6646957397461
1769543105.943421,817,-51.34357833862305
1769543115.9196477,818,-54.99121856689453
1769543119.857881,819,-75.03021240234375
1769543123.3321295,820,-64.44914245605469
1769543130.352659,821,-54.431068420410156
1769543137.9585948,822,-75.84074401855469
1769543151.9268992,823,-80.29158020019531
1769543184.622568,824,-64.24861907958984
1769543220.07378,825,-52.85630798339844
1769543237.3322806,826,-54.34466552734375
1769543267.0089283,827,-88.34475708007812
1769543276.3764215,828,-50.39567184448242
1769543285.7246451,829,-57.60877990722656
1769543291.402325,830,-64.42797088623047
1769543292.1424413,831,-54.94253158569336
1769543293.1686373,832,-51.5106086730957
1769543315.5847855,833,-64.09822845458984
1769543325.1188588,834,-49.23347854614258
1769543350.6490996,835,-55.26237106323242
1769543364.620733,836,-68.46983337402344
1769543405.8941057,837,-72.11465454101562
1769543406.909466,838,-78.70266723632812
1769543407.039427,839,-68.42100524902344
1769543416.8174896,840,-53.843971252441406
1769543422.8828807,841,-64.3241958618164
1769543432.4233646,842,-60.46632385253906
1769543449.1565194,843,-51.82155227661133
1769543449.2983513,844,-56.18438720703125
1769543449.423855,845,-103.56217193603516
1769543452.4742773,846,-76.60546112060547
1769543463.816282,847,-68.32408905029297
1769543493.872693,848,-53.810829162597656
1769543498.6134138,849,-65.20729064941406
1769543507.4956179,850,-53.90013122558594
1769543527.4333277,851,-62.30631637573242
1769543610.337677,852,-108.0676498413086
1769543615.7944183,853,-55.78871154785156
1769543636.9308188,854,-64.67828369140625
1769543651.856257,855,-52.543983459472656
1769543654.8634987,856,-51.38816452026367
1769543670.256661,857,-57.31533432006836
1769543677.0231218,858,-49.50700759887695
1769543683.417383,859,-63.88742446899414
1769543699.6061106,860,-60.572227478027344
1769543728.237336,861,-77.2726058959961
1769543739.1363108,862,-71.85395812988281
1769543743.8912463,863,-76.6004638671875
1769543744.024458,864,-75.27137756347656
1769543747.7826705,865,-64.29883575439453
1769543768.9122045,866,-53.710533142089844
1769543771.1888251,867,-77.48731994628906
1769543780.580493,868,-71.74097442626953
1769543797.2043476,869,-76.38246154785156
1769543803.7093823,870,-51.15861129760742
1769543809.1894324,871,-56.713539123535156
1769543816.7415931,872,-55.373592376708984
1769543817.6122391,873,-73.19043731689453
1769543819.498687,874,-81.02330017089844
1769543844.8077898,875,-76.2347640991211
1769543850.227051,876,-69.7164306640625
1769543858.480733,877,-66.13925170898438
1769543859.6589253,878,-79.81627655029297
1769543863.1824348,879,-51.55339050292969
1769543865.4822936,880,-60.52009582519531
1769543870.2290792,881,-50.42841339111328
1769543879.9074173,882,-60.99049377441406
1769543883.3107219,883,-47.423580169677734
1769543887.2742832,884,-64.7918701171875
1769543887.4047215,885,-75.96177673339844
1769543891.0280633,886,-62.936275482177734
1769543892.9485543,887,-73.41555786132812
1769543900.7162266,888,-66.8907470703125
1769543931.0203001,889,-53.97148132324219
1769543934.9478202,890,-59.630428314208984
1769543941.2299883,891,-76.56507873535156
1769543946.7158964,892,-49.26601791381836
1769543959.2510135,893,-68.06879425048828
1769543961.0323882,894,-47.515220642089844
1769544013.3865921,895,-47.5305290222168
1769544021.4171844,896,-58.632606506347656
1769544041.806798,897,-66.10706329345703
1769544052.1601775,898,-67.71774291992188
1769544063.9926884,899,-80.63458251953125
1769544068.0428627,900,-72.18579864501953
1769544083.4744668,901,-59.764869689941406
1769544094.0361183,902,-52.199153900146484
1769544103.930547,903,-75.71219635009766
1769544108.39971,904,-78.73184204101562
1769544142.5907674,905,-63.8598747253418
1769544165.2023716,906,-51.042930603027344
1769544177.6171427,907,-55.92946243286133
1769544188.7521355,908,-72.36854553222656
1769544201.389601,909,-81.56079864501953
1769544218.776479,910,-82.81549835205078
1769544232.2802198,911,-76.00357818603516
1769544237.486398,912,-75.06143951416016
1769544244.452225,913,-50.26628494262695
1769544253.9526722,914,-76.44927978515625
1769544265.5032008,915,-64.8226089477539
1769544275.5535429,916,-49.63846206665039
1769544277.660868,917,-79.21459197998047
1769544277.789704,918,-45.87949752807617
1769544282.0710053,919,-68.1629638671875
1769544292.3556519,920,-78.99365234375
1769544292.4912503,921,-63.01597213745117
1769544295.9402442,922,-87.75007629394531
1769544300.6295135,923,-78.14202880859375
1769544306.428355,924,-74.3102798461914
1769544317.1373832,925,-66.30994415283203
1769544322.912103,926,-81.36992645263672
1769544333.2072227,927,-60.789459228515625
1769544337.405703,928,-84.25513458251953
1769544337.5375235,929,-56.92292404174805
1769544342.9865463,930,-77.2684555053711
1769544347.1980102,931,-80.33241271972656
1769544371.8765035,932,-87.47286224365234
1769544374.8503208,933,-88.59707641601562
1769544383.2432156,934,-83.96302795410156
1769544390.3543377,935,-82.8546142578125
1769544399.5829885,936,-89.25639343261719
1769544411.4339125,937,-53.85966873168945
1769544413.2396226,938,-57.98426055908203
1769544413.369726,939,-96.08934020996094
1769544458.1833766,940,-61.86024856567383
1769544469.462926,941,-79.35829162597656
1769544491.9592943,942,-86.7599868774414
1769544496.6036568,943,-72.31868743896484
1769544513.55986,944,-66.27342987060547
1769544521.6184561,945,-80.48539733886719
1769544525.551376,946,-89.94140625
1769544530.539591,947,-77.32954406738281
1769544539.6232164,948,-65.9553451538086
1769544540.1894073,949,-47.1974983215332
1769544546.5053976,950,-61.07705307006836
1769544552.3639877,951,-82.14321899414062
1769544554.0125005,952,-81.09984588623047
1769544555.0661643,953,-74.48682403564453
1769544573.2502887,954,-77.6990737915039
1769544580.8863401,955,-79.7723617553711
1769544585.774656,956,-56.98017501831055
1769544590.5099247,957,-59.00168228149414
1769544610.0129738,958,-83.52713012695312
1769544612.7390358,959,-73.00856018066406
1769544615.595022,960,-48.10891342163086
1769544616.6350205,961,-61.130496978759766
1769544649.4498944,962,-95.33503723144531
1769544659.4147253,963,-58.98545455932617
1769544670.302219,964,-56.814613342285156
1769544680.0559068,965,-66.89508056640625
1769544701.4373767,966,-64.07654571533203
1769544752.382018,967,-65.90437316894531
1769544773.9572012,968,-87.3405532836914
1769544833.070474,969,-81.90018463134766
1769544904.3900158,970,-96.2700424194336
1769544905.8388646,971,-67.37823486328125
1769544923.1863875,972,-80.12195587158203
1769544929.5339653,973,-47.819862365722656
1769544940.6165636,974,-60.619895935058594
1769544953.2444785,975,-86.23204040527344
1769544959.401595,976,-74.39070892333984
1769544963.2709625,977,-51.358726501464844
1769544970.0629663,978,-60.5031623840332
1769544975.4431336,979,-50.530784606933594
1769544987.4981482,980,-80.31332397460938
1769544991.4906657,981,-84.56858825683594
1769544991.623149,982,-78.6791000366211
1769545028.644211,983,-72.68890380859375
1769545050.8669999,984,-61.63834762573242
1769545052.9793136,985,-50.9836540222168
1769545056.874534,986,-60.93366622924805
1769545067.4518948,987,-66.78083038330078
1769545082.099244,988,-79.23543548583984
1769545096.7699695,989,-77.3843994140625
1769545132.57451,990,-64.20921325683594
1769545138.4597483,991,-80.8027572631836
1769545151.73357,992,-54.8023796081543
1769545158.0599566,993,-80.42691040039062
1769545172.0684686,994,-74.47120666503906
1769545176.642915,995,-88.00909423828125
1769545182.161668,996,-81.83218383789062
1769545201.2050676,997,-63.0767707824707
1769545294.5740404,998,-52.928680419921875
1769545312.0642688,999,-62.07090759277344
1769545318.825578,1000,-82.12504577636719
1769545324.0865107,1001,-67.52143096923828
1769545338.8071678,1002,-64.76397705078125
1769545374.0279212,1003,-55.549217224121094
1769545376.4524813,1004,-83.87776947021484
1769545381.3155594,1005,-84.73788452148438
1769545392.931101,1006,-58.00367736816406
1769545402.6448724,1007,-96.56902313232422
1769545402.7813363,1008,-59.69623565673828
1769545405.288926,1009,-49.91402816772461
1769545407.391467,1010,-66.43223571777344
1769545411.1121254,1011,-69.0538330078125
1769545416.7102559,1012,-69.0906753540039
1769545467.086295,1013,-69.25654602050781
1769545469.0715494,1014,-68.01141357421875
1769545479.07816,1015,-81.91133880615234
1769545483.4920368,1016,-72.39226531982422
1769545487.253372,1017,-91.30693817138672
1769545492.431225,1018,-59.223514556884766
1769545511.9242678,1019,-65.94744110107422
1769545521.5335283,1020,-65.45352172851562
1769545536.933374,1021,-68.61377716064453
1769545547.4023407,1022,-83.64450073242188
1769545554.0496643,1023,-80.79485321044922
1769545561.6918325,1024,-69.43938446044922
1769545605.2388337,1025,-86.1385726928711
1769545627.9785454,1026,-55.5724983215332
1769545637.7150316,1027,-84.2449951171875
1769545638.5270295,1028,-72.9778060913086
1769545643.0587862,1029,-78.06591796875
1769545670.1368132,1030,-62.577754974365234
1769545676.0552883,1031,-77.793701171875
1769545700.729244,1032,-75.53248596191406
1769545708.6907516,1033,-78.15972137451172
1769545714.145572,1034,-54.83158874511719
1769545732.9348588,1035,-62.643150329589844
1769545748.4003208,1036,-89.48851776123047
1769545779.533959,1037,-58.852203369140625
1769545787.8947456,1038,-51.354122161865234
1769545788.4670706,1039,-55.482688903808594
1769545788.9632177,1040,-79.6731185913086
1769545796.0166395,1041,-59.500648498535156
1769545796.9446816,1042,-70.4427719116211
1769545800.2943347,1043,-73.93254089355469
1769545807.1410944,1044,-79.37295532226562
1769545813.5802777,1045,-62.67805862426758
1769545813.7146935,1046,-58.4140625
1769545832.155159,1047,-68.06253814697266
1769545863.9792473,1048,-65.00466918945312
1769545864.1411617,1049,-49.32245635986328
1769545866.0241961,1050,-53.52445983886719
1769545910.5272748,1051,-75.31914520263672
1769545911.3738418,1052,-57.43265151977539
1769545925.5684025,1053,-59.535789489746094
1769545932.986722,1054,-74.70650482177734
1769545935.6967683,1055,-60.648643493652344
1769545957.7710335,1056,-76.58702087402344
1769545960.2441611,1057,-68.16870880126953
1769545969.4442544,1058,-65.44657897949219
1769545973.8200262,1059,-60.579002380371094
1769545989.4878247,1060,-68.47748565673828
1769545989.6292186,1061,-87.20646667480469
1769545997.0390062,1062,-61.840293884277344
1769546002.7700467,1063,-75.51675415039062
1769546007.1007762,1064,-66.27753448486328
1769546039.1831696,1065,-64.2591781616211
1769546039.3258135,1066,-44.575233459472656
1769546040.2678518,1067,-66.83467864990234
1769546050.8215232,1068,-46.33187484741211
1769546073.58892,1069,-49.19850158691406
1769546093.0928469,1070,-69.14170837402344
1769546094.2276332,1071,-58.63188171386719
1769546094.6600554,1072,-44.41975021362305
1769546096.3128557,1073,-74.53114318847656
1769546105.8357813,1074,-51.189823150634766
1769546109.77183,1075,-65.25862121582031
1769546109.9051118,1076,-47.45475387573242
1769546110.6524587,1077,-76.29229736328125
1769546112.4311442,1078,-71.65361022949219
1769546114.4239242,1079,-61.128204345703125
1769546161.5825248,1080,-56.8593864440918
1769546207.566916,1081,-68.69940185546875
1769546207.731813,1082,-65.40248107910156
1769546207.8578484,1083,-55.3741340637207
1769546223.065142,1084,-66.053466796875
1769546234.7976992,1085,-58.48841094970703
1769546248.789248,1086,-68.81639099121094
1769546248.9292333,1087,-70.50936889648438
1769546249.0547788,1088,-87.65750885009766
1769546249.1791427,1089,-71.55140686035156
1769546251.5879848,1090,-62.575138092041016
1769546266.5722778,1091,-78.93557739257812
1769546276.5067406,1092,-79.44831848144531
1769546282.1682086,1093,-58.55498504638672
1769546285.2850714,1094,-77.12853240966797
1769546318.3279254,1095,-73.62507629394531
1769546325.5164685,1096,-83.08944702148438
1769546329.2767801,1097,-54.99164962768555
1769546340.0133634,1098,-67.874755859375
1769546382.3099983,1099,-70.61316680908203
1769546386.0039077,1100,-69.2632064819336
1769546400.642302,1101,-59.6069221496582
1769546409.4757023,1102,-68.98920440673828
1769546413.8503447,1103,-62.188777923583984
1769546419.11545,1104,-62.28486633300781
1769546421.1661475,1105,-79.75730895996094
1769546422.76151,1106,-65.50435638427734
1769546427.2463174,1107,-51.60685729980469
1769546438.5184789,1108,-92.15401458740234
1769546438.657689,1109,-64.46562194824219
1769546442.2716475,1110,-64.73419189453125
1769546447.9067583,1111,-85.96577453613281
1769546452.1430528,1112,-54.34919738769531
1769546496.5294414,1113,-56.06618881225586
1769546507.0377984,1114,-79.81241607666016
1769546512.8787246,1115,-71.25357055664062
1769546514.6871026,1116,-93.85172271728516
1769546521.4842098,1117,-59.18193054199219
1769546528.1767287,1118,-55.8591194152832
1769546535.053245,1119,-57.347747802734375
1769546547.5999532,1120,-84.74333190917969
1769546554.336288,1121,-70.24349212646484
1769546568.2381213,1122,-76.94065856933594
1769546570.9510539,1123,-69.83940887451172
1769546593.9504464,1124,-55.74341583251953
1769546596.710492,1125,-72.23448944091797
1769546609.8168795,1126,-68.04061889648438
1769546614.9880233,1127,-55.101654052734375
1769546622.79624,1128,-81.95868682861328
1769546623.4328537,1129,-76.92190551757812
1769546627.7252421,1130,-55.95396423339844
1769546658.8962834,1131,-65.78495025634766
1769546661.4405932,1132,-69.8880844116211
1769546667.4148965,1133,-75.16671752929688
1769546670.5194466,1134,-65.82012939453125
1769546679.6059911,1135,-66.58403778076172
1769546707.3762662,1136,-69.8140640258789
1769546710.7470396,1137,-91.18428802490234
1769546720.3521361,1138,-47.682987213134766
1769546728.9147491,1139,-64.06472778320312
1769546751.1022365,1140,-62.87254333496094
1769546751.249411,1141,-74.51763153076172
1769546755.43952,1142,-64.61692810058594
1769546765.286254,1143,-87.21128845214844
1769546779.3944888,1144,-82.18269348144531
1769546795.9552586,1145,-58.59141159057617
1769546803.9928653,1146,-71.62989807128906
1769546804.9793665,1147,-67.5892562866211
1769546813.8034818,1148,-83.07406616210938
1769546819.854485,1149,-64.93694305419922
1769546821.7823553,1150,-47.020240783691406
1769546826.088139,1151,-91.00563049316406
1769546831.9886918,1152,-50.43103790283203
1769546836.7771926,1153,-58.03696823120117
1769546836.9087946,1154,-56.999725341796875
1769546854.9457705,1155,-48.509090423583984
1769546864.2485461,1156,-67.74435424804688
1769546869.2414048,1157,-67.49530029296875
1769546870.430036,1158,-79.97235870361328
1769546872.3320427,1159,-57.7469367980957
1769546873.865878,1160,-76.17906951904297
1769546876.465966,1161,-83.20801544189453
1769546900.332307,1162,-52.14125061035156
1769546916.9921687,1163,-96.20392608642578
1769546939.1726165,1164,-46.211063385009766
1769546939.318389,1165,-55.15314865112305
1769546942.30649,1166,-73.40918731689453
1769546951.5326283,1167,-61.32452392578125
1769546951.6712222,1168,-47.72941207885742
1769546967.5748174,1169,-90.63587951660156
1769546971.3112295,1170,-87.44828033447266
1769546974.9723094,1171,-47.9334831237793
1769546990.2565355,1172,-82.93743896484375
1769547003.7287364,1173,-93.79766845703125
1769547004.5478337,1174,-73.80963897705078
1769547027.9713573,1175,-86.75352478027344
1769547051.791254,1176,-57.51386260986328
1769547054.6124074,1177,-69.57893371582031
1769547071.4400356,1178,-68.53929138183594
1769547075.5228875,1179,-44.512149810791016
1769547084.8908029,1180,-76.9129638671875
1769547085.030988,1181,-78.09175872802734
1769547085.5848107,1182,-56.86622619628906
1769547098.7394512,1183,-56.16497039794922
1769547101.519382,1184,-80.33098602294922
1769547106.0764663,1185,-58.32754135131836
1769547107.863799,1186,-60.21146774291992
1769547116.4759307,1187,-54.52851104736328
1769547118.1680741,1188,-81.59386444091797
1769547118.29823,1189,-79.15592193603516
1769547126.1735842,1190,-56.31817626953125
1769547126.904952,1191,-107.7130355834961
1769547140.7753923,1192,-84.70828247070312
1769547141.6469917,1193,-56.817100524902344
1769547143.6324673,1194,-53.451744079589844
1769547146.1344776,1195,-71.64971923828125
1769547151.9498205,1196,-62.51831817626953
1769547168.1092129,1197,-86.41902160644531
1769547175.872924,1198,-75.96383666992188
1769547179.7165241,1199,-67.27173614501953
1769547186.3375854,1200,-91.28598022460938
1769547189.3132837,1201,-76.77674865722656
1769547191.1870177,1202,-70.04301452636719
1769547196.092285,1203,-94.4421615600586
1769547206.9112177,1204,-84.50865173339844
1769547212.9284809,1205,-89.1854248046875
1769547219.2573843,1206,-66.43466186523438
1769547235.550119,1207,-66.57605743408203
1769547239.0483038,1208,-49.45750045776367
1769547242.952518,1209,-83.41204071044922
1769547244.2767181,1210,-71.6659164428711
1769547248.8485482,1211,-62.81111526489258
1769547276.4297297,1212,-74.90245819091797
1769547286.8996391,1213,-57.10614776611328
1769547298.95737,1214,-61.778221130371094
1769547305.2297082,1215,-64.7031478881836
1769547308.561733,1216,-67.08644104003906
1769547314.3240025,1217,-83.0025863647461
1769547334.538904,1218,-54.438114166259766
1769547339.1558177,1219,-80.7659683227539
1769547350.1098254,1220,-72.42159271240234
1769547390.9536467,1221,-68.85582733154297
1769547392.7672558,1222,-80.38640594482422
1769547404.1111095,1223,-61.68931579589844
1769547409.4467103,1224,-78.97319793701172
1769547440.4023447,1225,-79.23149108886719
1769547445.1282384,1226,-60.72024154663086
1769547450.1209164,1227,-49.25307846069336
1769547454.413001,1228,-64.56908416748047
1769547455.4755788,1229,-89.60053253173828
1769547457.9108675,1230,-77.52168273925781
1769547469.582248,1231,-76.57289123535156
1769547469.7188118,1232,-73.12382507324219
1769547471.4878132,1233,-67.59076690673828
1769547473.5367835,1234,-55.61058807373047
1769547474.0212293,1235,-61.725921630859375
1769547496.7069619,1236,-58.534523010253906
1769547497.2826657,1237,-75.20718383789062
1769547513.849853,1238,-73.0474853515625
1769547518.792876,1239,-50.64445114135742
1769547531.498113,1240,-80.38201141357422
1769547552.4614098,1241,-59.54679489135742
1769547557.4646525,1242,-57.932430267333984
1769547569.4549663,1243,-56.22492980957031
1769547576.5243897,1244,-89.37164306640625
1769547581.8913112,1245,-50.49427795410156
1769547582.02226,1246,-47.20829391479492
1769547596.2552342,1247,-69.39884185791016
1769547605.545628,1248,-60.91339111328125
1769547605.6858654,1249,-54.750755310058594
1769547605.8152506,1250,-79.37299346923828
1769547626.5127268,1251,-71.41791534423828
1769547630.561342,1252,-59.03649139404297
1769547637.044263,1253,-82.48356628417969
1769547647.1846945,1254,-81.14886474609375
1769547801.5022953,1255,-67.32353210449219
1769547835.4568768,1256,-78.1529312133789
1769547842.429247,1257,-76.34416198730469
1769547858.6740863,1258,-63.94293212890625
1769547877.2907162,1259,-73.8380355834961
1769547887.023493,1260,-59.53492736816406
1769547887.1660502,1261,-76.86515045166016
1769547891.25581,1262,-77.41455078125
1769547915.1979072,1263,-91.97203063964844
1769547922.3498983,1264,-56.5498046875
1769547928.8969667,1265,-68.71949768066406
1769547929.031874,1266,-90.17803955078125
1769547935.400369,1267,-68.4874267578125
1769547938.972948,1268,-68.12031555175781
1769547940.0308063,1269,-69.25544738769531
1769547947.6005325,1270,-84.44818115234375
1769547955.765716,1271,-77.45079803466797
1769547958.7050476,1272,-92.17460632324219
1769547980.4894881,1273,-85.44721221923828
1769548000.5781472,1274,-59.15159606933594
1769548009.123272,1275,-60.63596725463867
1769548025.665815,1276,-82.45497131347656
1769548032.2269306,1277,-72.25509643554688
1769548092.636333,1278,-88.3668212890625
1769548123.764481,1279,-83.40628051757812
1769548123.9185956,1280,-80.90829467773438
1769548131.4940946,1281,-66.31173706054688
1769548138.1102083,1282,-75.71202087402344
1769548142.5497656,1283,-70.83063507080078
1769548149.1420188,1284,-61.73716735839844
1769548163.3753564,1285,-71.88372039794922
1769548163.5181582,1286,-77.77275085449219
1769548168.3891928,1287,-67.77676391601562
1769548168.952692,1288,-80.20706176757812
1769548171.7386415,1289,-86.74048614501953
1769548174.9502666,1290,-101.58890533447266
1769548175.5819173,1291,-72.13514709472656
1769548183.8140883,1292,-57.821250915527344
1769548183.9481835,1293,-61.57484817504883
1769548202.561622,1294,-79.76261901855469
1769548221.4273062,1295,-86.4040298461914
1769548227.916647,1296,-79.254150390625
1769548245.639813,1297,-91.66139221191406
1769548256.0206907,1298,-57.82915496826172
1769548272.1282966,1299,-55.295875549316406
1769548273.3206527,1300,-71.37403106689453
1769548273.4506552,1301,-59.40568161010742
1769548276.2813716,1302,-61.59978485107422
1769548298.5954847,1303,-73.55589294433594
1769548307.1844409,1304,-83.90351867675781
1769548308.9474616,1305,-62.21531295776367
1769548315.6143918,1306,-68.4527587890625
1769548326.1984644,1307,-66.30523681640625
1769548338.089119,1308,-90.77481079101562
1769548348.935544,1309,-80.22119140625
1769548357.1370955,1310,-61.635597229003906
1769548363.1338058,1311,-82.77510070800781
1769548365.137465,1312,-73.84984588623047
1769548370.5720513,1313,-80.18167877197266
1769548397.5016615,1314,-52.64422607421875
1769548400.7896721,1315,-63.27865219116211
1769548484.607467,1316,-106.6668930053711
1769548484.8020349,1317,-76.58831787109375
1769548490.0768688,1318,-74.03599548339844
1769548499.1658502,1319,-62.27073287963867
1769548511.53426,1320,-93.80887603759766
1769548516.3742113,1321,-69.02799987792969
1769548521.7192922,1322,-75.59351348876953
1769548525.4415512,1323,-78.24468994140625
1769548534.1603818,1324,-70.72013854980469
1769548539.7381363,1325,-56.28647994995117
1769548540.3757222,1326,-71.50227355957031
1769548540.8160996,1327,-84.68135833740234
1769548540.9424345,1328,-78.9904556274414
1769548541.0690815,1329,-62.24930953979492
1769548547.3500707,1330,-87.51554107666016
1769548555.518619,1331,-74.0594482421875
1769548558.163886,1332,-88.66244506835938
1769548558.2945569,1333,-47.16972351074219
1769548561.7740676,1334,-71.1104965209961
1769548561.9045913,1335,-89.4411849975586
1769548572.7586203,1336,-74.41705322265625
1769548573.1468751,1337,-45.54818344116211
1769548573.8932354,1338,-66.52046966552734
1769548584.7713957,1339,-67.755126953125
1769548593.9667063,1340,-60.075008392333984
1769548602.7802663,1341,-74.01973724365234
1769548610.0406196,1342,-78.43353271484375
1769548626.8491602,1343,-81.94738006591797
1769548648.7617106,1344,-53.489620208740234
1769548659.7774968,1345,-76.90281677246094
1769548681.1939728,1346,-92.42266082763672
1769548695.5845084,1347,-59.848453521728516
1769548709.275595,1348,-60.51844024658203
1769548752.3172522,1349,-64.7040786743164
1769548764.8061469,1350,-71.78546905517578
1769548793.731433,1351,-69.23820495605469
1769548793.923344,1352,-79.1978530883789
1769548795.3575792,1353,-69.8127670288086
1769548811.2063413,1354,-78.82776641845703
1769548823.9318676,1355,-79.50253295898438
1769548839.8760812,1356,-69.86206817626953
1769548851.315373,1357,-78.50568389892578
1769548857.5764983,1358,-71.05123901367188
1769548865.0757768,1359,-59.50763702392578
1769548880.0549297,1360,-54.813358306884766
1769548887.032905,1361,-76.90042877197266
1769548895.0795014,1362,-57.236698150634766
1769548896.5093627,1363,-72.54405212402344
1769548900.3017416,1364,-53.234798431396484
1769548936.5641015,1365,-65.38196563720703
1769548957.341862,1366,-59.2226676940918
1769548960.088549,1367,-56.04145431518555
1769548960.2208738,1368,-80.49069213867188
1769548979.5168574,1369,-63.03606033325195
1769548987.425351,1370,-80.2824935913086
1769548995.7728446,1371,-82.60227966308594
1769549021.3649995,1372,-86.0330581665039
1769549055.7083418,1373,-76.13819885253906
1769549093.7647247,1374,-70.91464233398438
1769549111.3787696,1375,-88.86199951171875
1769549115.5937824,1376,-58.767791748046875
1769549116.555006,1377,-48.00182342529297
1769549140.967864,1378,-56.92367172241211
1769549152.2630303,1379,-92.14458465576172
1769549153.9142385,1380,-70.442626953125
1769549173.8244426,1381,-58.965057373046875
1769549177.605797,1382,-64.31961822509766
1769549180.8988266,1383,-62.900306701660156
1769549196.924625,1384,-66.4607162475586
1769549200.1569262,1385,-46.47818374633789
1769549202.3810103,1386,-65.99508666992188
1769549206.072584,1387,-90.83750915527344
1769549218.9442317,1388,-57.329368591308594
1769549220.0353029,1389,-73.18739318847656
1769549237.1515455,1390,-88.53392791748047
1769549250.652753,1391,-78.19242095947266
1769549254.225541,1392,-60.78883361816406
1769549254.3596375,1393,-49.8235969543457
1769549257.7590072,1394,-84.34288024902344
1769549261.9068816,1395,-59.18973159790039
1769549262.4733827,1396,-86.56526947021484
1769549273.090139,1397,-78.37268829345703
1769549296.1947284,1398,-74.92186737060547
1769549304.147444,1399,-59.216224670410156
1769549311.2117724,1400,-73.35020446777344
1769549315.6368136,1401,-78.125732421875
1769549324.175972,1402,-59.07283401489258
1769549325.8412893,1403,-85.66323852539062
1769549330.917212,1404,-62.32957077026367
1769549333.0805357,1405,-73.22270202636719
1769549334.7760797,1406,-76.52731323242188
1769549379.680842,1407,-82.04248809814453
1769549395.6294475,1408,-67.47066497802734
1769549438.4597998,1409,-85.38838958740234
1769549439.3352046,1410,-81.37919616699219
1769549472.031061,1411,-85.48674774169922
1769549482.8886886,1412,-72.83993530273438
1769549485.771462,1413,-67.2933578491211
1769549489.6949472,1414,-81.21671295166016
1769549495.9700081,1415,-61.94951248168945
1769549505.5888863,1416,-59.368499755859375
1769549507.1212966,1417,-76.30359649658203
1769549517.5168104,1418,-67.041015625
1769549521.9157588,1419,-65.98826599121094
1769549522.048243,1420,-56.488037109375
1769549542.3719137,1421,-60.07611083984375
1769549542.89292,1422,-81.75269317626953
1769549543.0210807,1423,-71.10440826416016
1769549545.5221653,1424,-86.46548461914062
1769549551.2292576,1425,-76.20703125
1769549562.318461,1426,-66.65067291259766
1769549567.0667803,1427,-77.29837036132812
1769549568.2052975,1428,-77.3926010131836
1769549574.8739183,1429,-83.58535766601562
1769549593.1207619,1430,-68.49445343017578
1769549608.5198274,1431,-67.37401580810547
1769549616.027086,1432,-69.56810760498047
1769549616.1632733,1433,-76.56273651123047
1769549622.260074,1434,-56.720760345458984
1769549624.3453321,1435,-58.99467468261719
1769549629.6918983,1436,-68.59569549560547
1769549632.600426,1437,-82.12440490722656
1769549637.3223693,1438,-57.72505187988281
1769549642.07706,1439,-64.08454895019531
1769549644.6387894,1440,-73.87660217285156
1769549644.7686222,1441,-53.973419189453125
1769549660.290229,1442,-65.96887969970703
1769549661.6076863,1443,-74.93903350830078
1769549680.5354154,1444,-84.37537384033203
1769549683.7514503,1445,-70.94233703613281
1769549687.5102623,1446,-85.21565246582031
1769549693.2504537,1447,-57.709449768066406
1769549695.400729,1448,-57.51435470581055
1769549702.7574158,1449,-74.02415466308594
1769549709.67075,1450,-75.05927276611328
1769549712.151076,1451,-70.20808410644531
1769549713.4711683,1452,-67.63151550292969
1769549713.598601,1453,-68.93800354003906
1769549718.4572315,1454,-52.76894760131836
1769549720.8978207,1455,-51.35585403442383
1769549725.8159895,1456,-87.85375213623047
1769549729.2271922,1457,-72.93890380859375
1769549732.5602295,1458,-52.63218307495117
1769549749.922665,1459,-94.00401306152344
1769549823.6567101,1460,-77.87879180908203
1769549846.5295744,1461,-77.9531478881836
1769549852.4495587,1462,-69.8362045288086
1769549861.4974773,1463,-60.23927307128906
1769549870.0338686,1464,-69.088623046875
1769549877.3173783,1465,-67.92752075195312
1769549883.91932,1466,-70.23895263671875
1769549897.345036,1467,-87.67903137207031
1769549900.467098,1468,-74.75907135009766
1769549923.945746,1469,-76.6095199584961
1769549936.1314383,1470,-64.56546783447266
1769549944.982304,1471,-81.85374450683594
1769549946.8408995,1472,-59.49868392944336
1769549963.4952173,1473,-69.91356658935547
1769549974.2010827,1474,-82.58406066894531
1769549975.53599,1475,-67.62324523925781
1769549983.7384686,1476,-75.79306030273438
1769550073.8951344,1477,-92.28984832763672
1769550075.3415163,1478,-70.1010971069336
1769550080.8656847,1479,-60.53766632080078
1769550093.1783032,1480,-75.34405517578125
1769550106.3867676,1481,-63.70771408081055
1769550117.6426523,1482,-81.16261291503906
1769550122.9896257,1483,-88.78052520751953
1769550133.433861,1484,-66.3426284790039
1769550134.974849,1485,-71.32967376708984
1769550137.7802787,1486,-63.245235443115234
1769550142.9368172,1487,-90.72355651855469
1769550146.9932415,1488,-88.2730712890625
1769550163.2400246,1489,-69.74620819091797
1769550171.4270012,1490,-59.326236724853516
1769550185.9861443,1491,-69.26875305175781
1769550188.9646432,1492,-73.95891571044922
1769550193.2669115,1493,-74.30667877197266
1769550194.430552,1494,-72.97101593017578
1769550211.4961863,1495,-78.8810806274414
1769550218.3779233,1496,-79.50049591064453
1769550220.6682243,1497,-73.3184585571289
1769550232.0043044,1498,-78.3694839477539
1769550272.8335252,1499,-95.163330078125
1769550280.524388,1500,-61.22731018066406
1769550282.9072149,1501,-56.76081466674805
1769550290.3095472,1502,-86.27265930175781
1769550301.8209653,1503,-57.756988525390625
1769550301.9581835,1504,-76.26387023925781
1769550312.9808395,1505,-65.96825408935547
1769550318.4297483,1506,-54.471553802490234
1769550318.5642245,1507,-51.7958984375
1769550325.593882,1508,-82.00971221923828
1769550331.3208942,1509,-59.24113464355469
1769550341.3077962,1510,-57.14492416381836
1769550342.3811657,1511,-78.6738052368164
1769550348.7893696,1512,-76.00056457519531
1769550358.5519993,1513,-70.97019958496094
1769550444.5575578,1514,-103.52359771728516
1769550513.288381,1515,-63.1666374206543
1769550519.7778146,1516,-78.8856201171875
1769550537.8859622,1517,-76.47203826904297
1769550554.0007741,1518,-83.29389190673828
1769550562.5395765,1519,-54.86505889892578
1769550567.3514667,1520,-55.78288650512695
1769550578.273446,1521,-90.21796417236328
1769550578.413746,1522,-47.99444580078125
1769550584.8675148,1523,-87.35538482666016
1769550593.9395208,1524,-68.90455627441406
1769550594.0775127,1525,-53.08964920043945
1769550604.2758086,1526,-67.87158203125
1769550628.3635287,1527,-60.64864730834961
1769550651.7524385,1528,-56.113563537597656
1769550653.0930414,1529,-73.05751037597656
1769550657.7611015,1530,-64.1557388305664
1769550664.764454,1531,-63.683658599853516
1769550680.3698504,1532,-68.78357696533203
1769550685.221105,1533,-64.6512680053711
1769550695.9098146,1534,-68.33658599853516
1769550700.9948592,1535,-67.04485321044922
1769550722.3147013,1536,-79.08452606201172
1769550737.1319695,1537,-73.77206420898438
1769550742.246726,1538,-65.6880874633789
1769550754.8220093,1539,-70.06714630126953
1769550779.3283858,1540,-74.51237487792969
1769550800.6245334,1541,-52.17430114746094
1769550802.583292,1542,-54.90825653076172
1769550808.9011936,1543,-76.18802642822266
1769550814.6051705,1544,-54.78885269165039
1769550818.1896405,1545,-86.34585571289062
1769550835.089504,1546,-71.01121520996094
1769550837.6415317,1547,-79.97325897216797
1769550837.773549,1548,-72.89466094970703
1769550841.69615,1549,-70.72651672363281
1769550842.3893764,1550,-67.78783416748047
1769550850.732364,1551,-89.83292388916016
1769550862.1678433,1552,-63.6546516418457
1769550863.2271469,1553,-52.25761032104492
1769550863.3555593,1554,-118.63520812988281
1769550887.81197,1555,-92.18695831298828
1769550904.4105952,1556,-67.15190124511719
1769550911.217785,1557,-59.22199630737305
1769550922.324139,1558,-78.68922424316406
1769550927.5073032,1559,-71.93880462646484
1769550939.4799933,1560,-66.11465454101562
1769550941.519334,1561,-66.49365997314453
1769550959.397401,1562,-74.82970428466797
1769550961.2351224,1563,-52.29806900024414
1769551015.764844,1564,-92.81594848632812
1769551018.460184,1565,-53.53678512573242
1769551024.64528,1566,-61.189693450927734
1769551029.9602964,1567,-56.66800308227539
1769551039.7113795,1568,-78.47663116455078
1769551044.6754193,1569,-69.59903717041016
1769551050.0207684,1570,-61.18057632446289
1769551055.8259802,1571,-96.14268493652344
1769551062.6703403,1572,-58.22491455078125
1769551071.8625107,1573,-78.0605239868164
1769551073.4141474,1574,-70.8980712890625
1769551081.3503888,1575,-80.2865219116211
1769551123.1290283,1576,-58.734642028808594
1769551126.588251,1577,-58.766292572021484
1769551217.3196855,1578,-77.86000061035156
1769551231.7938468,1579,-61.490665435791016
1769551250.1756868,1580,-55.1666374206543
1769551254.2984269,1581,-74.48589324951172
1769551260.5122726,1582,-72.5909652709961
1769551262.0909402,1583,-66.78608703613281
1769551263.204465,1584,-66.54242706298828
1769551271.6910963,1585,-63.54014587402344
1769551315.0792906,1586,-68.53254699707031
1769551326.7505023,1587,-69.70740509033203
1769551329.3315163,1588,-61.61907196044922
1769551332.4205608,1589,-81.44810485839844
1769551356.277654,1590,-82.93911743164062
1769551357.9789555,1591,-79.04402923583984
1769551377.7484677,1592,-68.1636734008789
1769551379.9625149,1593,-78.6410140991211
1769551391.9654627,1594,-57.314918518066406
1769551425.1740048,1595,-69.2354736328125
1769551450.3246877,1596,-76.03435516357422
1769551492.1439788,1597,-82.21318054199219
1769551493.276515,1598,-85.90752410888672
1769551514.9108317,1599,-72.47991180419922
1769551522.9600396,1600,-85.69007110595703
1769551543.391306,1601,-87.53684997558594
1769551550.991455,1602,-61.72981643676758
1769551551.1256783,1603,-56.497589111328125
1769551551.5595694,1604,-88.6443099975586
1769551571.3769367,1605,-58.064552307128906
1769551581.3443012,1606,-79.99565124511719
1769551609.9264855,1607,-90.85899353027344
1769551610.0830615,1608,-53.185150146484375
1769551625.9378767,1609,-67.72042083740234
1769551637.1668875,1610,-78.12785339355469
1769551639.4503007,1611,-50.60026168823242
1769551640.263379,1612,-85.70964813232422
1769551646.0085204,1613,-64.27930450439453
1769551646.172192,1614,-72.23877716064453
1769551669.182628,1615,-77.71585083007812
1769551675.1288626,1616,-73.39677429199219
1769551683.9681354,1617,-78.16255950927734
1769551684.1057048,1618,-69.68418884277344
1769551695.5029888,1619,-78.38568115234375
1769551704.1903043,1620,-64.61341094970703
1769551718.9096384,1621,-63.836856842041016
1769551725.6405377,1622,-66.68083953857422
1769551727.631739,1623,-65.76807403564453
1769551742.7988892,1624,-69.90977478027344
1769551742.9452267,1625,-75.8481216430664
1769551750.6422377,1626,-56.8008918762207
1769551765.3040736,1627,-60.918296813964844
1769551765.4470665,1628,-47.98180389404297
1769551775.2293773,1629,-68.40547180175781
1769551775.367526,1630,-105.19450378417969
1769551782.6729953,1631,-85.48529052734375
1769551819.1552489,1632,-64.71533966064453
1769551833.233376,1633,-58.69072723388672
1769551840.1993725,1634,-78.0260009765625
1769551847.5324461,1635,-58.303531646728516
1769551861.1136744,1636,-73.07868194580078
1769551863.2760007,1637,-65.24037170410156
1769551875.9378874,1638,-75.46395111083984
1769551880.1508949,1639,-91.26431274414062
1769551896.7800982,1640,-70.58082580566406
1769551934.5059054,1641,-75.18333435058594
1769551962.2725234,1642,-68.91349029541016
1769551962.4269955,1643,-71.488037109375
1769551966.3066773,1644,-81.84339904785156
1769551968.5570602,1645,-74.87200164794922
1769551971.205666,1646,-79.71698760986328
1769551974.8259826,1647,-60.35647201538086
1769551975.632006,1648,-73.2490463256836
1769551979.4447603,1649,-76.2979736328125
1769551987.6331718,1650,-47.2153434753418
1769551991.106666,1651,-64.20941925048828
1769551994.0459359,1652,-85.32568359375
1769552005.7029307,1653,-57.74371337890625
1769552018.2452657,1654,-83.62081146240234
1769552050.0865953,1655,-73.96743774414062
1769552060.7138844,1656,-63.114383697509766
1769552060.8740733,1657,-60.83344268798828
1769552064.1675968,1658,-78.2496566772461
1769552068.0244436,1659,-58.312747955322266
1769552195.5764618,1660,-80.20890808105469
1769552222.777694,1661,-78.84569549560547
1769552224.1066494,1662,-77.35240173339844
1769552231.8929765,1663,-79.4697036743164
1769552240.4705095,1664,-73.68024444580078
1769552240.6070495,1665,-61.84273147583008
1769552256.814176,1666,-67.72116088867188
1769552264.4200573,1667,-63.859947204589844
1769552270.8580308,1668,-99.2227783203125
1769552278.7126899,1669,-76.92237091064453
1769552304.0772252,1670,-74.52556610107422
1769552313.4007576,1671,-70.40278625488281
1769552313.5396805,1672,-62.403160095214844
1769552314.1679041,1673,-62.98243713378906
1769552314.2949197,1674,-101.66209411621094
1769552331.5449834,1675,-70.63117980957031
1769552333.408979,1676,-60.802833557128906
1769552341.9981546,1677,-68.42758178710938
1769552346.0142813,1678,-68.77300262451172
1769552357.485587,1679,-49.54316329956055
1769552360.6296275,1680,-57.98493957519531
1769552361.0713441,1681,-48.5984992980957
1769552368.693303,1682,-77.49048614501953
1769552391.8292818,1683,-84.25032806396484
1769552395.564687,1684,-88.39483642578125
1769552397.4923398,1685,-74.67330932617188
1769552403.4993184,1686,-56.5560302734375
1769552414.8123035,1687,-81.30841064453125
1769552418.9453046,1688,-56.381072998046875
1769552441.0852478,1689,-65.1185302734375
1769552442.7797754,1690,-63.953548431396484
1769552471.874025,1691,-53.51029968261719
1769552485.1521783,1692,-57.7874870300293
1769552489.0684,1693,-77.16204071044922
1769552504.8756638,1694,-59.29372024536133
1769552525.6347456,1695,-86.38629913330078
1769552527.567492,1696,-78.60060119628906
1769552527.6969175,1697,-70.09452819824219
1769552531.0721061,1698,-62.179656982421875
1769552538.6270835,1699,-82.66670989990234
1769552549.9869444,1700,-90.29414367675781
1769552556.1372473,1701,-80.23944091796875
1769552556.2724063,1702,-92.76954650878906
1769552559.7498555,1703,-66.69953155517578
1769552566.7953436,1704,-90.84623718261719
1769552568.6015725,1705,-61.6424446105957
1769552574.6847355,1706,-62.35054016113281
1769552603.108591,1707,-94.74716186523438
1769552603.2623887,1708,-53.4738883972168
1769552610.685136,1709,-62.77152633666992
1769552611.931488,1710,-53.10906219482422
1769552618.0340698,1711,-76.64972686767578
1769552620.5845883,1712,-63.07267761230469
1769552624.782512,1713,-75.64766693115234
1769552626.2274404,1714,-77.51636505126953
1769552629.69669,1715,-63.66365432739258
1769552655.5780177,1716,-75.13839721679688
1769552657.3703184,1717,-53.4410285949707
1769552661.1987407,1718,-52.099525451660156
1769552672.3978853,1719,-64.22416687011719
1769552678.3043025,1720,-81.32275390625
1769552685.1220734,1721,-74.29515838623047
1769552690.7726598,1722,-67.0544662475586
1769552690.9083862,1723,-123.78846740722656
1769552699.728353,1724,-72.9588851928711
1769552726.9669278,1725,-87.3478012084961
1769552727.5000162,1726,-75.20794677734375
1769552741.1582687,1727,-67.57017517089844
1769552741.2998974,1728,-88.00444030761719
1769552750.2342296,1729,-77.37772369384766
1769552755.7424095,1730,-84.02464294433594
1769552756.5002215,1731,-81.14375305175781
1769552768.3668313,1732,-78.32415008544922
1769552769.8261075,1733,-79.66423034667969
1769552770.1171088,1734,-62.0322151184082
1769552776.8967001,1735,-64.09285736083984
1769552817.095289,1736,-67.88539123535156
1769552829.1952212,1737,-67.16226959228516
1769552835.6758528,1738,-87.74409484863281
1769552837.7539053,1739,-60.487483978271484
1769552840.0512922,1740,-96.05335998535156
1769552843.917956,1741,-69.48611450195312
1769552854.835509,1742,-59.308204650878906
1769552864.0041895,1743,-77.85503387451172
1769552865.1482582,1744,-60.149105072021484
1769552868.2704592,1745,-65.44694519042969
1769552871.5714898,1746,-90.205078125
1769552874.269993,1747,-70.03792572021484
1769552876.0817761,1748,-85.79345703125
1769552885.650531,1749,-68.29267120361328
1769552890.5914397,1750,-56.251670837402344
1769552891.7808607,1751,-68.7887954711914
1769552905.8834083,1752,-74.63060760498047
1769552909.0600054,1753,-74.56535339355469
1769552915.0393274,1754,-61.757057189941406
1769552935.3617039,1755,-68.90020751953125
1769552943.3808918,1756,-85.40941619873047
1769552944.3225205,1757,-70.58792877197266
1769552946.2854729,1758,-65.06271362304688
1769552946.417882,1759,-52.09897994995117
1769552948.5202153,1760,-74.83904266357422
1769552951.9887738,1761,-54.347774505615234
1769553003.8868732,1762,-66.19878387451172
1769553009.9193413,1763,-58.273677825927734
1769553013.1873908,1764,-85.28571319580078
1769553019.135594,1765,-76.69927215576172
1769553020.0085018,1766,-82.01961517333984
1769553027.5072153,1767,-82.22514343261719
1769553027.6377664,1768,-134.5021209716797
1769553030.7869704,1769,-90.43386840820312
1769553046.7510386,1770,-59.346839904785156
1769553056.237772,1771,-69.29219818115234
1769553061.449933,1772,-72.86448669433594
1769553064.7449572,1773,-81.31312561035156
1769553070.0507314,1774,-83.99754333496094
1769553081.815685,1775,-73.13744354248047
1769553096.0994601,1776,-73.3864974975586
1769553098.3035922,1777,-73.66866302490234
1769553099.3545735,1778,-80.90776062011719
1769553116.0953524,1779,-86.24723052978516
1769553126.301089,1780,-72.98493957519531
1769553155.4405913,1781,-73.42037963867188
1769553160.1194644,1782,-80.7497787475586
1769553171.5841577,1783,-76.71759033203125
1769553255.486456,1784,-75.03575134277344
1769553257.4078467,1785,-68.12435913085938
1769553265.2934496,1786,-56.29126739501953
1769553284.0409954,1787,-74.56027221679688
1769553286.665053,1788,-70.08065795898438
1769553293.7684708,1789,-72.5303955078125
1769553299.8756769,1790,-58.7277946472168
1769553313.5545187,1791,-63.50629425048828
1769553326.316561,1792,-71.19815826416016
1769553339.3915176,1793,-56.49448776245117
1769553347.016152,1794,-57.34362030029297
1769553356.5839996,1795,-67.49215698242188
1769553356.7235198,1796,-62.98481369018555
1769553363.5700278,1797,-97.52925109863281
1769553370.4428136,1798,-75.85395812988281
1769553374.5000844,1799,-84.9699478149414
1769553383.6133893,1800,-77.26290130615234
1769553387.9412725,1801,-90.32147216796875
1769553536.4683146,1802,-78.22613525390625
1769553555.3207352,1803,-78.98812103271484
1769553560.0734825,1804,-64.87005615234375
1769553577.6693969,1805,-97.02776336669922
1769553588.4082162,1806,-59.04874801635742
1769553594.3225074,1807,-85.22084045410156
1769553614.691541,1808,-81.86779022216797
1769553619.0111644,1809,-78.09957122802734
1769553619.1439795,1810,-79.65885925292969
1769553623.7287986,1811,-79.51152038574219
1769553628.271956,1812,-56.75904083251953
1769553636.0784025,1813,-67.04275512695312
1769553648.1630135,1814,-84.94828796386719
1769553652.9099014,1815,-67.37054443359375
1769553654.6652498,1816,-60.77864456176758
1769553664.5864916,1817,-64.45179748535156
1769553670.3083353,1818,-56.395267486572266
1769553671.2921925,1819,-74.10345458984375
1769553675.326205,1820,-58.97468566894531
1769553686.708041,1821,-72.2518539428711
1769553690.9354732,1822,-81.53533172607422
1769553698.4025362,1823,-73.44513702392578
1769553699.946408,1824,-82.49211883544922
1769553706.7012093,1825,-66.51504516601562
1769553713.4187799,1826,-64.30784606933594
1769553715.959795,1827,-78.78206634521484
1769553718.8172772,1828,-71.17353820800781
1769553720.9683547,1829,-70.33967590332031
1769553754.7694345,1830,-75.69146728515625
1769553762.3948197,1831,-78.02915954589844
1769553767.1214614,1832,-79.80169677734375
1769553772.303582,1833,-75.1784896850586
1769553774.0031106,1834,-84.67639923095703
1769553775.1801872,1835,-82.8019790649414
1769553779.6074924,1836,-82.24564361572266
1769553784.8786337,1837,-74.51011657714844
1769553785.716748,1838,-78.10397338867188
1769553785.8471696,1839,-79.68624877929688
1769553792.2484987,1840,-83.04046630859375
1769553800.5916634,1841,-63.02669906616211
1769553833.3299024,1842,-82.63143157958984
1769553844.0415783,1843,-71.50418853759766
1769553858.163578,1844,-66.41503143310547
1769553887.1250076,1845,-67.39722442626953
1769553889.6859555,1846,-54.41823959350586
1769553911.1386638,1847,-68.77545166015625
1769553918.198573,1848,-58.690887451171875
1769553933.0412443,1849,-87.68592834472656
1769553936.1562452,1850,-80.56897735595703
1769553942.6707535,1851,-52.1649055480957
1769553943.5453186,1852,-72.68840026855469
1769553952.4463677,1853,-57.44596862792969
1769553958.662694,1854,-75.26097869873047
1769553983.7182853,1855,-91.1505126953125
1769553984.2498136,1856,-76.52235412597656
1769554000.0804799,1857,-79.78709411621094
1769554005.1652193,1858,-83.84584045410156
1769554009.7488298,1859,-80.16165924072266
1769554013.4665036,1860,-77.04777526855469
1769554030.9719915,1861,-60.170494079589844
1769554033.9572475,1862,-67.0358657836914
1769554044.9710095,1863,-76.61859130859375
1769554048.7855117,1864,-58.52530288696289
1769554050.437259,1865,-62.830528259277344
1769554052.1210475,1866,-96.10609436035156
1769554066.2187736,1867,-59.9510612487793
1769554078.9247787,1868,-60.81071853637695
1769554088.9090142,1869,-86.38233184814453
1769554095.6109467,1870,-67.92009735107422
1769554098.251772,1871,-74.21984100341797
1769554103.762572,1872,-55.238006591796875
1769554106.1090217,1873,-90.37738037109375
1769554129.56758,1874,-72.5275650024414
1769554155.0406902,1875,-71.68136596679688
1769554160.9693966,1876,-63.1683349609375
1769554161.1065476,1877,-67.2391586303711
1769554168.259971,1878,-53.33599853515625
1769554171.0067253,1879,-81.46756744384766
1769554179.8463423,1880,-86.9300308227539
1769554182.7381024,1881,-75.74617767333984
1769554190.1713886,1882,-60.554443359375
1769554190.3083012,1883,-77.6351318359375
1769554190.4367828,1884,-77.13749694824219
1769554195.12955,1885,-74.7540283203125
1769554200.4638155,1886,-70.65416717529297
1769554208.848844,1887,-56.477203369140625
1769554215.1521654,1888,-83.01081085205078
1769554242.9576755,1889,-94.35568237304688
1769554247.7874625,1890,-79.16598510742188
1769554249.8551779,1891,-66.99117279052734
1769554261.6795604,1892,-69.08432006835938
1769554261.82117,1893,-77.0110092163086
1769554273.8643625,1894,-69.74105834960938
1769554283.4373183,1895,-81.4455795288086
1769554298.5492058,1896,-76.5594482421875
1769554298.69265,1897,-93.80445098876953
1769554303.5679052,1898,-84.8265609741211
1769554309.3223839,1899,-78.50828552246094
1769554318.1667228,1900,-82.3853530883789
1769554326.2896137,1901,-75.78195190429688
1769554336.8246002,1902,-69.5901870727539
1769554343.5627744,1903,-69.450927734375
1769554345.672366,1904,-79.62010192871094
1769554360.001924,1905,-70.19573974609375
1769554360.1438296,1906,-69.67279815673828
1769554361.809255,1907,-84.57721710205078
1769554369.833028,1908,-69.74583435058594
1769554372.1088862,1909,-60.734432220458984
1769554377.3700128,1910,-63.765357971191406
1769554387.0224833,1911,-77.94891357421875
1769554394.811988,1912,-63.181121826171875
1769554401.6313493,1913,-84.37308502197266
1769554414.5087793,1914,-73.56304168701172
1769554417.383664,1915,-63.57986831665039
1769554429.2683399,1916,-71.01708221435547
1769554434.8470767,1917,-69.50992584228516
1769554456.077297,1918,-77.98973846435547
1769554461.3743386,1919,-57.61812973022461
1769554464.0971792,1920,-70.48982238769531
1769554512.2432737,1921,-94.02001190185547
1769554519.0913892,1922,-65.4537124633789
1769554525.3696854,1923,-65.280517578125
1769554528.1222177,1924,-74.49066925048828
1769554536.000628,1925,-70.18260192871094
1769554546.4543147,1926,-67.75320434570312
1769554552.966135,1927,-58.718650817871094
1769554581.365946,1928,-94.41975402832031
1769554590.489844,1929,-81.0074234008789
1769554593.6076663,1930,-56.92775344848633
1769554593.737316,1931,-82.66644287109375
1769554627.8174307,1932,-96.47391510009766
1769554635.5172427,1933,-57.633663177490234
1769554636.9832273,1934,-65.22645568847656
1769554640.176583,1935,-80.16582489013672
1769554650.4831011,1936,-76.63677978515625
1769554650.6211822,1937,-89.44942474365234
1769554654.601867,1938,-70.4501953125
1769554660.871383,1939,-67.68936157226562
1769554664.1416361,1940,-79.9081802368164
1769554673.6527586,1941,-86.65784454345703
1769554674.4765596,1942,-72.87833404541016
1769554686.5315242,1943,-77.16436767578125
1769554686.6712887,1944,-55.00209426879883
1769554689.8336568,1945,-64.09060668945312
1769554696.1284792,1946,-84.40386199951172
1769554699.2585485,1947,-63.52898025512695
1769554699.3922222,1948,-71.11186981201172
1769554702.942254,1949,-76.7041244506836
1769554722.2008297,1950,-80.98634338378906
1769554735.3409102,1951,-71.65278625488281
1769554743.430107,1952,-80.12675476074219
1769554753.7517364,1953,-63.44587326049805
1769554761.7833233,1954,-70.5784912109375
1769554764.2248502,1955,-62.93169021606445
1769554771.1530023,1956,-69.36202239990234
1769554841.5035422,1957,-69.322021484375
1769554874.5388489,1958,-82.82073211669922
1769554895.727147,1959,-59.986572265625
1769554899.1498725,1960,-86.6134033203125
1769554905.9773073,1961,-67.56025695800781
1769554908.832852,1962,-74.11207580566406
1769554908.964424,1963,-59.65862274169922
1769554918.6796925,1964,-78.01741790771484
1769554919.4117289,1965,-55.52275466918945
1769554925.886011,1966,-80.03617095947266
1769554929.094401,1967,-65.64069366455078
1769554934.926536,1968,-71.4592056274414
1769554936.1790016,1969,-84.61958312988281
1769554937.8969162,1970,-79.97950744628906
1769554965.1942704,1971,-78.66309356689453
1769554968.2134912,1972,-65.23406982421875
1769554974.0440023,1973,-60.024497985839844
1769554975.7530036,1974,-66.23843383789062
1769554987.3565094,1975,-59.5610466003418
1769554993.1460865,1976,-79.87450408935547
1769554993.2815506,1977,-60.03325271606445
1769554993.4103491,1978,-72.31465911865234
1769555009.1091666,1979,-56.56209945678711
1769555018.8606033,1980,-84.57022094726562
1769555034.4739084,1981,-69.82933807373047
1769555038.5808818,1982,-80.1696548461914
1769555064.823541,1983,-63.9173583984375
1769555077.5424714,1984,-62.510887145996094
1769555089.5834103,1985,-73.3653335571289
1769555095.7640607,1986,-79.29956817626953
1769555103.0745335,1987,-88.48270416259766
1769555106.8985772,1988,-73.12471008300781
1769555125.5015395,1989,-65.7368392944336
1769555125.6505666,1990,-71.57350158691406
1769555130.789814,1991,-70.11709594726562
1769555142.215404,1992,-61.26246643066406
1769555151.6796236,1993,-67.76313781738281
1769555158.479002,1994,-65.25980377197266
1769555168.0555007,1995,-66.60880279541016
1769555186.2461677,1996,-77.43504333496094
1769555193.8002887,1997,-67.76750946044922
1769555208.3740582,1998,-67.93622589111328
1769555209.7526438,1999,-68.20501708984375
1769555209.8865836,2000,-49.75695037841797
1769555223.6535947,2001,-74.6445083618164
1769555241.0336776,2002,-82.26327514648438
1769555262.4924304,2003,-58.03501892089844
1769555266.4391172,2004,-83.34126281738281
1769555268.6004772,2005,-69.77908325195312
1769555277.6882627,2006,-80.51171875
1769555350.479361,2007,-85.90052032470703
1769555354.2422893,2008,-63.086029052734375
1769555356.1004734,2009,-76.28961944580078
1769555359.4726164,2010,-67.92256927490234
1769555364.894363,2011,-86.0556869506836
1769555366.5056272,2012,-64.94116973876953
1769555378.6938295,2013,-77.58065795898438
1769555381.698877,2014,-78.5771484375
1769555388.8236322,2015,-78.91992950439453
1769555392.7651782,2016,-69.06768798828125
1769555405.2366405,2017,-80.90045928955078
1769555410.9531457,2018,-80.5010986328125
1769555418.3983157,2019,-95.68058013916016
1769555448.2512145,2020,-80.54547119140625
1769555480.4604616,2021,-63.0090446472168
1769555497.5948644,2022,-71.12194061279297
1769555520.4621992,2023,-68.30008697509766
1769555539.491713,2024,-68.01557922363281
1769555541.781551,2025,-77.05184936523438
1769555545.0651922,2026,-52.98006820678711
1769555558.4169521,2027,-68.95624542236328
1769555559.117535,2028,-75.37423706054688
1769555599.1343114,2029,-77.78549194335938
1769555609.6209953,2030,-52.82117462158203
1769555613.8591158,2031,-70.23575592041016
1769555621.1639345,2032,-58.224769592285156
1769555632.9088912,2033,-54.84236526489258
1769555647.8956869,2034,-74.2212905883789
1769555659.1115682,2035,-73.4318618774414
1769555663.0149229,2036,-95.31554412841797
1769555673.9057183,2037,-78.50614166259766
1769555701.092833,2038,-65.10292053222656
1769555721.555948,2039,-85.12174224853516
1769555726.0486438,2040,-78.50873565673828
1769555736.4494936,2041,-68.5811996459961
1769555742.1004138,2042,-69.52448272705078
1769555747.738939,2043,-64.079833984375
1769555754.2178528,2044,-97.90131378173828
1769555783.5127163,2045,-65.69763946533203
1769555792.485652,2046,-68.85730743408203
1769555800.3018262,2047,-76.82064056396484
1769555809.3683374,2048,-73.32356262207031
1769555829.0827267,2049,-82.0545425415039
1769555880.2100546,2050,-79.35501861572266
1769555895.9535677,2051,-75.86286926269531
1769555908.4815314,2052,-57.183074951171875
1769555908.6843417,2053,-87.92831420898438
1769555922.03166,2054,-71.7182388305664
1769555928.7228115,2055,-83.61795806884766
1769555928.858051,2056,-78.14006042480469
1769555934.6048071,2057,-59.2252082824707
1769555937.5005734,2058,-69.05673217773438
1769555942.9230213,2059,-88.91223907470703
1769555964.0710979,2060,-94.6292953491211
1769555969.3542905,2061,-50.37907409667969
1769555979.6327307,2062,-60.9365119934082
1769555986.0037699,2063,-65.15452575683594
1769555988.784717,2064,-93.9646987915039
1769555988.9174218,2065,-77.73200988769531
1769555999.0309746,2066,-70.09244537353516
1769556009.208642,2067,-82.27841186523438
1769556017.1567507,2068,-74.32389068603516
1769556018.5975118,2069,-80.97256469726562
1769556023.0997238,2070,-53.947017669677734
1769556028.8217683,2071,-66.99102020263672
1769556038.698774,2072,-50.2576904296875
1769556055.4442747,2073,-74.62113189697266
1769556086.5072992,2074,-87.30872344970703
1769556110.574665,2075,-55.98377227783203
1769556117.4374216,2076,-78.50677490234375
1769556117.5740542,2077,-77.4127426147461
1769556125.6369045,2078,-80.5894775390625
1769556134.121046,2079,-84.6593246459961
1769556143.123939,2080,-83.37745666503906
1769556146.3358266,2081,-71.68031311035156
1769556152.5075393,2082,-74.17554473876953
1769556163.5044887,2083,-63.64362716674805
1769556191.828204,2084,-58.572792053222656
1769556191.9574692,2085,-57.084503173828125
1769556192.0855303,2086,-78.87623596191406
1769556203.6603613,2087,-59.024967193603516
1769556207.3588915,2088,-70.97346496582031
1769556207.9876866,2089,-66.63971710205078
1769556208.1167822,2090,-72.96635437011719
1769556208.5584464,2091,-81.31746673583984
1769556209.47238,2092,-71.28205871582031
1769556210.5490456,2093,-85.65966796875
1769556214.1845014,2094,-66.01129150390625
1769556221.3287346,2095,-76.17623901367188
1769556243.243287,2096,-76.84686279296875
1769556248.4549103,2097,-73.10528564453125
1769556249.7699203,2098,-56.90708541870117
1769556251.7244055,2099,-76.52689361572266
1769556278.8917766,2100,-71.63216400146484
1769556283.5998175,2101,-66.6172103881836
1769556293.6761465,2102,-80.9035415649414
1769556303.2080328,2103,-58.90999221801758
1769556308.724633,2104,-59.391212463378906
1769556317.3124437,2105,-65.06243896484375
1769556339.256483,2106,-69.16643524169922
1769556343.5399227,2107,-74.10794067382812
1769556347.5902917,2108,-65.45884704589844
1769556375.499625,2109,-62.41310501098633
1769556385.2577996,2110,-69.27924346923828
1769556386.5573156,2111,-73.05701446533203
1769556389.989148,2112,-89.88551330566406
1769556409.2604825,2113,-54.563663482666016
1769556410.826979,2114,-84.89739990234375
1769556422.1066408,2115,-76.53177642822266
1769556445.8445086,2116,-96.2251205444336
1769556451.9694455,2117,-67.1574478149414
1769556452.1035075,2118,-73.21712493896484
1769556452.9171298,2119,-72.90184783935547
1769556458.5778675,2120,-78.80397033691406
1769556466.8912306,2121,-86.27678680419922
1769556481.0241168,2122,-89.79936218261719
1769556493.9315708,2123,-90.43546295166016
1769556499.488375,2124,-79.68173217773438
1769556519.2742295,2125,-82.47300720214844
1769556521.7430944,2126,-70.49644470214844
1769556539.5855925,2127,-84.52853393554688
1769556549.3937526,2128,-74.19725036621094
1769556552.6325166,2129,-68.67843627929688
1769556559.0986273,2130,-80.3810043334961
1769556570.3263485,2131,-74.2479019165039
1769556580.231513,2132,-83.45242309570312
1769556597.3278823,2133,-66.49651336669922
1769556599.5055883,2134,-77.28618621826172
1769556609.7231863,2135,-82.75797271728516
1769556660.4609199,2136,-60.25604248046875
1769556667.008139,2137,-68.40998840332031
1769556674.5776718,2138,-73.22898864746094
1769556674.7136703,2139,-75.82687377929688
1769556678.8166447,2140,-69.10208129882812
1769556685.5023224,2141,-95.07591247558594
1769556688.2559943,2142,-60.422584533691406
1769556690.901867,2143,-73.23625946044922
1769556725.8250437,2144,-75.65667724609375
1769556758.392067,2145,-75.81841278076172
1769556768.9887092,2146,-68.89017486572266
1769556779.8938415,2147,-70.47986602783203
1769556782.1837008,2148,-57.20756912231445
1769556784.8512669,2149,-68.60411834716797
1769556787.789557,2150,-65.82653045654297
1769556791.9325836,2151,-72.8284912109375
1769556829.0721776,2152,-96.4040298461914
1769556853.4514632,2153,-81.1913833618164
1769556855.013477,2154,-77.70296478271484
1769556858.5441995,2155,-60.3668327331543
1769556865.7684143,2156,-88.22083282470703
1769556867.0068052,2157,-89.80375671386719
1769556872.1803699,2158,-88.43605041503906
1769556880.011348,2159,-64.80125427246094
1769556882.6788642,2160,-68.99536895751953
1769556888.9015555,2161,-82.81165313720703
1769556895.3796678,2162,-71.47887420654297
1769556895.9408944,2163,-54.6176872253418
1769556909.9739413,2164,-71.16094207763672
1769556912.7173948,2165,-67.50262451171875
1769556933.2559276,2166,-68.95894622802734
1769556934.716391,2167,-67.02477264404297
1769556942.6160119,2168,-71.8230972290039
1769556943.1231534,2169,-68.37567901611328
1769556945.2564201,2170,-86.87281036376953
1769556948.3489296,2171,-64.62090301513672
1769556952.9278157,2172,-83.22718048095703
1769556965.891532,2173,-60.71350860595703
1769556986.1663303,2174,-66.17667388916016
1769556989.317104,2175,-70.5027084350586
1769556995.1747253,2176,-80.05604553222656
1769556999.2664237,2177,-75.2419662475586
1769557012.151454,2178,-66.22763061523438
1769557012.2924795,2179,-85.48021697998047
1769557018.3162205,2180,-70.0837173461914
1769557026.351602,2181,-55.6104621887207
1769557030.03744,2182,-93.0305404663086
1769557052.6134138,2183,-77.29844665527344
1769557054.906511,2184,-63.74195861816406
1769557066.4819212,2185,-85.4826889038086
1769557074.74975,2186,-71.57217407226562
1769557075.0139275,2187,-76.1347427368164
1769557082.9379108,2188,-56.1362190246582
1769557090.167896,2189,-73.68243408203125
1769557095.9649673,2190,-80.01815032958984
1769557099.1136217,2191,-57.05784606933594
1769557100.5397987,2192,-85.557373046875
1769557111.8974977,2193,-81.5986557006836
1769557112.038338,2194,-64.50117492675781
1769557112.1664965,2195,-52.74907684326172
1769557138.433053,2196,-60.78984069824219
1769557149.4671834,2197,-94.72200012207031
1769557152.5644944,2198,-72.59984588623047
1769557167.1233523,2199,-66.62577056884766
1769557199.72721,2200,-60.48814010620117
1769557202.6028426,2201,-76.2395248413086
1769557207.566049,2202,-58.69750213623047
1769557207.8268673,2203,-67.6883773803711
1769557218.5944862,2204,-87.041015625
1769557218.733827,2205,-65.52149963378906
1769557228.5728755,2206,-71.6441421508789
1769557236.2187624,2207,-62.824012756347656
1769557315.889823,2208,-102.75618743896484
1769557318.2863288,2209,-76.46542358398438
1769557333.7614863,2210,-63.319332122802734
1769557337.9164908,2211,-81.14742279052734
1769557341.523489,2212,-80.56047058105469
1769557365.5558977,2213,-88.1606674194336
1769557386.7253292,2214,-74.80736541748047
1769557405.001113,2215,-72.84318542480469
1769557410.300655,2216,-82.77685546875
1769557450.3057399,2217,-87.22724914550781
1769557530.0712328,2218,-96.91285705566406
1769557570.9973083,2219,-76.80250549316406
1769557586.8229249,2220,-63.32172393798828
1769557590.2813034,2221,-67.3705062866211
1769557595.7083464,2222,-56.84661102294922
1769557602.1614726,2223,-74.84174346923828
1769557638.0591612,2224,-83.29019927978516
1769557649.5000176,2225,-69.14122772216797
1769557658.4783986,2226,-80.33692932128906
1769557873.287404,2227,-62.71141815185547
1769557908.3070037,2228,-75.59947967529297
1769557911.9070787,2229,-73.63726043701172
1769557928.0967064,2230,-80.56635284423828
1769557942.576011,2231,-81.24201202392578
1769557967.0387166,2232,-81.4345932006836
1769557967.1936173,2233,-91.19623565673828
1769557969.3176029,2234,-85.50284576416016
1769557971.3903964,2235,-86.8858413696289
1769557978.7392755,2236,-72.19259643554688
1769557993.417265,2237,-67.8540267944336
1769557994.7803297,2238,-75.63329315185547
1769558022.080301,2239,-70.4828109741211
1769558023.5316813,2240,-70.88644409179688
1769558023.660373,2241,-84.93590545654297
1769558055.080738,2242,-74.88623809814453
1769558057.1326826,2243,-71.2579574584961
1769558065.5257502,2244,-64.46044158935547
1769558067.1153755,2245,-59.912296295166016
1769558079.7955327,2246,-71.14167785644531
1769558085.618838,2247,-51.49330139160156
1769558096.5260031,2248,-72.7567138671875
1769558103.169157,2249,-87.9842300415039
1769558109.4972684,2250,-68.13009643554688
1769558124.5631711,2251,-72.36351776123047
1769558125.084697,2252,-78.1123275756836
1769558150.0245588,2253,-69.6405029296875
1769558158.1749911,2254,-80.12731170654297
1769558159.479636,2255,-50.92290496826172
1769558200.5765247,2256,-77.0767593383789
1769558239.969792,2257,-60.91026306152344
1769558246.3167546,2258,-65.23648071289062
1769558246.5797884,2259,-91.56378173828125
1769558254.0970197,2260,-67.12657165527344
1769558254.6142144,2261,-76.384033203125
1769558254.7457097,2262,-82.85810852050781
1769558265.7308724,2263,-84.27165985107422
1769558273.2225664,2264,-85.73883819580078
1769558292.4469602,2265,-82.86874389648438
1769558297.7106023,2266,-85.64127349853516
1769558311.1886582,2267,-84.78117370605469
1769558315.5441256,2268,-69.63421630859375
1769558321.2910585,2269,-78.73870086669922
1769558336.7426026,2270,-93.48290252685547
1769558340.0363944,2271,-56.59444808959961
1769558340.169446,2272,-64.68482971191406
1769558350.6045144,2273,-83.55377197265625
1769558358.7524946,2274,-77.19913482666016
1769558359.0696278,2275,-62.168128967285156
1769558360.9265554,2276,-92.10091400146484
1769558377.45711,2277,-62.80644989013672
1769558381.771224,2278,-74.35418701171875
1769558386.2880216,2279,-66.12305450439453
1769558386.422239,2280,-83.08573913574219
1769558394.1927726,2281,-57.652652740478516
1769558403.177731,2282,-68.29452514648438
1769558411.8016634,2283,-87.24913024902344
1769558440.3531644,2284,-72.80523681640625
1769558441.079446,2285,-64.97781372070312
1769558451.1535668,2286,-78.72932434082031
1769558451.2948132,2287,-53.18547821044922
1769558460.6946714,2288,-55.488182067871094
1769558465.6260111,2289,-80.48884582519531
1769558480.9883826,2290,-80.97988891601562
1769558490.3875947,2291,-88.86947631835938
1769558493.6769567,2292,-63.3454704284668
1769558532.69703,2293,-71.57322692871094
1769558577.8523414,2294,-57.278785705566406
1769558589.5121658,2295,-68.24425506591797
1769558596.299367,2296,-78.4254379272461
1769558601.9341214,2297,-65.37171173095703
1769558606.3009694,2298,-80.58470916748047
1769558607.0481062,2299,-73.24595642089844
1769558613.0287175,2300,-69.18787384033203
1769558619.8110864,2301,-58.314910888671875
1769558646.494702,2302,-92.41191101074219
1769558660.1772816,2303,-67.94210052490234
1769558662.4139643,2304,-80.98065185546875
1769558666.7481725,2305,-80.38003540039062
1769558684.3133316,2306,-79.33477020263672
1769558689.295678,2307,-59.33759689331055
1769558703.6239314,2308,-62.850196838378906
1769558706.055241,2309,-71.09628295898438
1769558707.6025443,2310,-82.98468780517578
1769558710.195467,2311,-86.62569427490234
1769558714.799547,2312,-77.69864654541016
1769558714.9327958,2313,-55.34312057495117
1769558717.6727827,2314,-76.65542602539062
1769558731.9145715,2315,-70.976806640625
1769558735.630286,2316,-66.74638366699219
1769558753.282811,2317,-69.16238403320312
1769558762.0584974,2318,-68.41136169433594
1769558773.5040524,2319,-65.78369140625
1769558793.703078,2320,-68.76699829101562
1769558798.9365838,2321,-70.52723693847656
1769558807.2754798,2322,-97.64579010009766
1769558821.7602916,2323,-67.8245620727539
1769558832.482252,2324,-67.43502807617188
1769558843.7223997,2325,-77.70209503173828
1769558855.3113847,2326,-75.84315490722656
1769558856.7604995,2327,-68.63286590576172
1769558864.2881114,2328,-86.12140655517578
1769558901.1005883,2329,-62.93452453613281
1769558905.7994688,2330,-58.3164176940918
1769558909.1746006,2331,-68.00020599365234
1769558929.8434553,2332,-74.32634735107422
1769558939.48953,2333,-105.72515106201172
1769558947.690668,2334,-74.54216003417969
1769558954.1769943,2335,-75.05480194091797
1769558960.65762,2336,-83.84192657470703
1769558964.06279,2337,-74.93737030029297
1769558975.6791756,2338,-63.170013427734375
1769558978.5738127,2339,-79.48439025878906
1769558987.7910523,2340,-86.23583984375
1769558990.1004121,2341,-62.55427932739258
1769558990.8494308,2342,-83.90296173095703
1769558992.9174185,2343,-87.46382141113281
1769559007.1294198,2344,-80.90409851074219
1769559023.3619382,2345,-80.5909423828125
1769559038.0631256,2346,-83.92401123046875
1769559039.8322778,2347,-75.98381805419922
1769559051.6011639,2348,-74.77056121826172
1769559065.2183037,2349,-83.80121612548828
1769559069.7642963,2350,-65.1856689453125
1769559076.1267962,2351,-68.09520721435547
1769559100.9619772,2352,-77.82867431640625
1769559103.853797,2353,-85.671630859375
1769559127.5661683,2354,-67.94310760498047
1769559167.9067054,2355,-97.33531951904297
1769559175.5870676,2356,-79.7884521484375
1769559187.315601,2357,-81.16695404052734
1769559188.397878,2358,-69.5006332397461
1769559193.7203937,2359,-70.93314361572266
1769559201.8654485,2360,-59.95708465576172
1769559209.7450306,2361,-84.97322845458984
1769559211.1005025,2362,-73.23391723632812
1769559257.8964243,2363,-81.04405212402344
1769559268.4960866,2364,-80.5999526977539
1769559281.2552993,2365,-58.36234664916992
1769559295.1683896,2366,-93.82782745361328
1769559297.6832824,2367,-78.1611099243164
1769559305.3007958,2368,-80.50203704833984
1769559310.9188008,2369,-91.69338989257812
1769559322.5851543,2370,-69.95740509033203
1769559345.2243304,2371,-85.53961944580078
1769559349.8264623,2372,-57.65666961669922
1769559351.993311,2373,-84.15739440917969
1769559354.8593254,2374,-83.8989486694336
1769559354.9899726,2375,-77.01468658447266
1769559360.3827932,2376,-79.9842529296875
1769559368.0103362,2377,-91.0376205444336
1769559368.3908913,2378,-82.1084976196289
1769559379.8173552,2379,-84.2216796875
1769559389.5113351,2380,-60.50438690185547
1769559389.7781255,2381,-79.96923828125
1769559401.8195,2382,-72.0794906616211
1769559403.6021962,2383,-92.20769500732422
1769559407.127426,2384,-71.71133422851562
1769559415.076532,2385,-80.33377838134766
1769559416.3767207,2386,-67.17827606201172
1769559435.6206877,2387,-75.96440124511719
1769559440.0491517,2388,-92.29833221435547
1769559450.7800727,2389,-65.32418823242188
1769559453.269094,2390,-85.00029754638672
1769559468.3328674,2391,-78.95374298095703
1769559478.434845,2392,-65.28238677978516
1769559486.9063475,2393,-93.38133239746094
1769559487.0410078,2394,-85.52691650390625
1769559518.6124277,2395,-71.24632263183594
1769559533.7413723,2396,-61.03353500366211
1769559538.8403563,2397,-72.66184997558594
1769559544.1645415,2398,-78.93707275390625
1769559549.008836,2399,-87.14642333984375
1769559554.4841745,2400,-67.9441909790039
1769559581.027945,2401,-72.43964385986328
1769559600.777154,2402,-88.26866149902344
1769559615.160099,2403,-82.9690170288086
1769559627.7171688,2404,-87.56204223632812
1769559637.670903,2405,-77.77528381347656
1769559642.420434,2406,-85.52081298828125
1769559642.55271,2407,-112.2226333618164
1769559648.722364,2408,-81.68655395507812
1769559650.7603,2409,-58.73976135253906
1769559653.0354295,2410,-73.9490966796875
1769559659.0685313,2411,-64.27407836914062
1769559663.876851,2412,-60.216861724853516
1769559664.0103183,2413,-88.90541076660156
1769559669.0627034,2414,-76.47201538085938
1769559677.1795878,2415,-83.11382293701172
1769559682.3582637,2416,-81.9349136352539
1769559689.2815347,2417,-76.72731018066406
1769559694.330815,2418,-69.9781265258789
1769559705.927393,2419,-56.09589385986328
1769559714.3767447,2420,-63.81059646606445
1769559723.1340587,2421,-62.57383346557617
1769559729.276526,2422,-67.33534240722656
1769559733.3998597,2423,-81.22998809814453
1769559744.8510249,2424,-72.46980285644531
1769559756.487968,2425,-72.15389251708984
1769559762.88759,2426,-76.33129119873047
1769559764.0870972,2427,-89.95932006835938
1769559764.2535484,2428,-86.53204345703125
1769559764.3830557,2429,-69.71519470214844
1769559767.918773,2430,-71.98644256591797
1769559780.5148106,2431,-97.7371826171875
1769559792.5341697,2432,-63.805870056152344
1769559793.9912443,2433,-86.39185333251953
1769559802.5288453,2434,-81.64430236816406
1769559807.933265,2435,-69.84253692626953
1769559816.160745,2436,-85.5915756225586
1769559820.6338618,2437,-83.4696044921875
1769559822.5019941,2438,-73.09679412841797
1769559826.297219,2439,-71.29903411865234
1769559826.431515,2440,-60.981468200683594
1769559839.732308,2441,-89.91047668457031
1769559854.1395648,2442,-71.99435424804688
1769559860.92716,2443,-61.61375427246094
1769559869.1336458,2444,-75.09699249267578
1769559876.354585,2445,-72.5513916015625
1769559884.2117445,2446,-66.04741668701172
1769559887.1301553,2447,-75.57038879394531
1769559924.7172341,2448,-80.730712890625
1769559929.1153264,2449,-59.94235610961914
1769559933.7647684,2450,-76.26197814941406
1769559938.898402,2451,-65.84529113769531
1769559946.4592862,2452,-92.12725067138672
1769559960.392765,2453,-67.96003723144531
1769559960.537463,2454,-83.57743072509766
1769559964.2972722,2455,-73.67982482910156
1769559982.3903458,2456,-68.09322357177734
1769559986.8726287,2457,-88.9590072631836
1769559989.50877,2458,-81.1288833618164
1769559998.3191252,2459,-61.02574920654297
1769560016.716529,2460,-85.35765075683594
1769560060.6603599,2461,-91.753173828125
1769560060.8287177,2462,-78.78195190429688
1769560065.647574,2463,-69.14564514160156
1769560094.2618167,2464,-71.50956726074219
1769560094.4551466,2465,-77.93156433105469
1769560101.8033419,2466,-84.6507568359375
1769560104.9974992,2467,-72.39909362792969
1769560105.9326193,2468,-73.653076171875
1769560109.5569644,2469,-84.13949584960938
1769560121.808197,2470,-64.69916534423828
1769560131.7816792,2471,-92.37614440917969
1769560185.927318,2472,-83.81111145019531
1769560190.304506,2473,-69.83271789550781
1769560204.1339648,2474,-74.1234130859375
1769560206.0108914,2475,-75.94475555419922
1769560207.4364192,2476,-79.10197448730469
1769560209.4729795,2477,-80.24640655517578
1769560346.11199,2478,-113.4382553100586
1769560386.2422674,2479,-81.17106628417969
1769560395.3267996,2480,-87.27052307128906
1769560412.1636353,2481,-70.8793716430664
1769560455.1400392,2482,-79.05335235595703
1769560455.306255,2483,-88.54634094238281
1769560464.5747278,2484,-78.08750915527344
1769560485.6744633,2485,-72.69107055664062
1769560494.47466,2486,-73.45169830322266
1769560494.6381047,2487,-53.9393310546875
1769560497.3005984,2488,-74.04441833496094
1769560500.6983607,2489,-82.23626708984375
1769560509.6099079,2490,-79.74867248535156
1769560515.1017692,2491,-61.438560485839844
1769560524.1491048,2492,-67.96536254882812
1769560527.0372417,2493,-70.76207733154297
1769560534.4801188,2494,-60.18250274658203
1769560549.7418344,2495,-75.97795104980469
1769560551.750786,2496,-78.9493637084961
1769560554.8339512,2497,-85.00891876220703
1769560559.224371,2498,-81.62458801269531
1769560579.9936328,2499,-80.32731628417969
1769560676.839847,2500,-96.16497802734375
1769560684.3920615,2501,-60.4735221862793
1769560684.5282772,2502,-80.61518096923828
1769560685.7292783,2503,-89.72422790527344
1769560693.6300292,2504,-88.6570816040039
1769560697.0303693,2505,-77.37162780761719
1769560698.0080357,2506,-67.54285430908203
1769560698.646645,2507,-72.54827117919922
1769560698.7780118,2508,-84.13226318359375
1769560714.908633,2509,-95.03778839111328
1769560725.3744092,2510,-67.69779205322266
1769560727.159297,2511,-70.96390533447266
1769560742.230427,2512,-87.05941009521484
1769560751.2723877,2513,-63.87214660644531
1769560759.2755609,2514,-67.75835418701172
1769560762.5981822,2515,-81.15440368652344
1769560771.4683025,2516,-67.94234466552734
1769560792.3505836,2517,-74.59456634521484
1769560798.1647713,2518,-84.2347412109375
1769560798.3011186,2519,-60.542686462402344
1769560804.5248337,2520,-66.60223388671875
1769560819.974464,2521,-68.73442077636719
1769560835.1716926,2522,-78.18193817138672
1769560846.621275,2523,-77.62328338623047
1769560846.7649293,2524,-90.701904296875
1769560855.1724956,2525,-90.2024154663086
1769560860.007142,2526,-72.16999053955078
1769560871.6776237,2527,-75.19610595703125
1769560886.931095,2528,-67.89916229248047
1769560893.8663898,2529,-71.3561782836914
1769560893.999617,2530,-73.5870590209961
1769560895.7186809,2531,-74.86833953857422
1769560911.4287708,2532,-98.07279205322266
1769560934.442016,2533,-76.63996124267578
1769560959.3597872,2534,-93.36053466796875
1769560960.3065822,2535,-67.37689208984375
1769560968.3994718,2536,-66.49290466308594
1769560974.5628731,2537,-80.40362548828125
1769560984.8446877,2538,-83.37000274658203
1769560991.713299,2539,-60.36547088623047
1769561008.1550975,2540,-91.75033569335938
1769561008.3004937,2541,-81.470703125
1769561009.981676,2542,-71.480712890625
1769561023.6167755,2543,-82.51567840576172
1769561030.9458003,2544,-81.21961975097656
1769561037.5712888,2545,-86.18424224853516
1769561038.2722604,2546,-85.64380645751953
1769561041.1630304,2547,-81.11903381347656
1769561043.330962,2548,-67.63288116455078
1769561053.7363803,2549,-70.6898422241211
1769561059.80228,2550,-65.91800689697266
1769561068.9588993,2551,-75.33971405029297
1769561082.1946957,2552,-80.1857681274414
1769561088.3241239,2553,-81.59186553955078
1769561089.6920485,2554,-73.39464569091797
1769561089.8217113,2555,-74.26904296875
1769561094.0775435,2556,-87.68437194824219
1769561112.7399611,2557,-71.1698226928711
1769561133.6935847,2558,-86.67961120605469
1769561138.5485368,2559,-71.15534973144531
1769561144.9821053,2560,-83.76506805419922
1769561149.5667381,2561,-75.06287384033203
1769561152.3137586,2562,-61.188270568847656
1769561173.8896186,2563,-68.34709930419922
1769561177.8376722,2564,-64.77576446533203
1769561195.0939884,2565,-76.56251525878906
1769561207.553594,2566,-65.31729125976562
1769561215.425694,2567,-72.6312255859375
1769561234.623386,2568,-88.52860260009766
1769561246.5752385,2569,-74.19469451904297
1769561251.2721329,2570,-87.02513122558594
1769561252.2238965,2571,-74.61031341552734
1769561253.6099005,2572,-58.47051239013672
1769561257.5427933,2573,-82.03646087646484
1769561273.4174833,2574,-74.67208099365234
1769561303.452977,2575,-65.1883544921875
1769561311.4382784,2576,-70.3822021484375
1769561313.997164,2577,-57.819183349609375
1769561339.4781117,2578,-75.50049591064453
1769561343.8513925,2579,-83.8118667602539
1769561346.8838553,2580,-65.48133850097656
1769561347.016038,2581,-64.21260070800781
1769561354.281016,2582,-68.29679870605469
1769561357.5850983,2583,-63.241390228271484
1769561367.2249763,2584,-63.83674621582031
1769561368.1657789,2585,-82.59514617919922
1769561370.9532208,2586,-89.95755004882812
1769561371.0845957,2587,-53.71312713623047
1769561373.3240142,2588,-77.98079681396484
1769561384.2044418,2589,-62.53730392456055
1769561408.9950354,2590,-82.54729461669922
1769561414.04383,2591,-77.83370971679688
1769561417.5089586,2592,-67.5499496459961
1769561427.6078596,2593,-75.80085754394531
1769561430.5678792,2594,-80.86398315429688
1769561436.4134824,2595,-71.36104583740234
1769561443.0189161,2596,-82.87849426269531
1769561443.9539149,2597,-73.70295715332031
1769561463.763249,2598,-66.03771209716797
1769561470.2560043,2599,-80.88397979736328
1769561479.9028556,2600,-84.29481506347656
1769561490.005485,2601,-84.19854736328125
1769561494.7982962,2602,-74.4756088256836
1769561498.4533753,2603,-76.46023559570312
1769561499.280285,2604,-69.48897552490234
1769561505.7750826,2605,-83.96453094482422
1769561509.8338566,2606,-79.02536010742188
1769561548.8485634,2607,-73.78173065185547
1769561577.814722,2608,-94.55989837646484
1769561581.9234436,2609,-81.86347961425781
1769561593.1762233,2610,-80.53690338134766
1769561594.3914757,2611,-64.111083984375
1769561602.8157072,2612,-72.06568908691406
1769561609.2631164,2613,-73.17818450927734
1769561636.8124185,2614,-58.89594268798828
1769561644.898753,2615,-61.82676696777344
1769561658.3110392,2616,-58.910640716552734
1769561661.2551534,2617,-79.16204071044922
1769561684.6864886,2618,-66.48667907714844
1769561684.8397021,2619,-114.89456939697266
1769561688.0131087,2620,-75.59870910644531
1769561695.9185472,2621,-77.24787902832031
1769561712.8110528,2622,-84.46578979492188
1769561735.6828213,2623,-81.16822814941406
1769561735.835403,2624,-65.08967590332031
1769561741.4131234,2625,-64.91828918457031
1769561748.0179312,2626,-64.55178833007812
1769561782.0718834,2627,-77.26795196533203
1769561782.2335248,2628,-56.7371826171875
1769561816.7891784,2629,-71.70711517333984
1769561822.77495,2630,-65.27836608886719
1769561829.115202,2631,-80.52526092529297
1769561848.9410017,2632,-78.15254974365234
1769561863.4647007,2633,-77.68391418457031
1769561873.1588075,2634,-63.5797004699707
1769561882.3568015,2635,-62.73123550415039
1769561884.979646,2636,-76.59538269042969
1769561891.7636318,2637,-76.75978088378906
1769561923.7514904,2638,-72.19886016845703
1769561939.8348274,2639,-64.6705322265625
1769561946.6005774,2640,-75.84211730957031
1769561969.885722,2641,-79.2790298461914
1769561977.3430953,2642,-68.38047790527344
1769561977.9337842,2643,-58.6254997253418
1769561983.645056,2644,-71.95641326904297
1769561985.352674,2645,-62.65171813964844
1769561985.4831896,2646,-77.9829330444336
1769561990.351988,2647,-81.11795806884766
1769562005.2110064,2648,-83.938720703125
1769562010.5889878,2649,-86.23786926269531
1769562016.828359,2650,-82.65188598632812
1769562038.1341405,2651,-79.51934814453125
1769562039.4687045,2652,-61.030487060546875
1769562049.7389903,2653,-88.35210418701172
1769562075.137786,2654,-84.60796356201172
1769562077.923467,2655,-64.92341613769531
1769562082.2594063,2656,-64.48919677734375
1769562084.5583308,2657,-83.56575012207031
1769562087.322202,2658,-66.44381713867188
1769562093.8109987,2659,-84.42892456054688
1769562095.6564736,2660,-70.3602523803711
1769562103.8288963,2661,-63.748992919921875
1769562117.9638686,2662,-72.21440887451172
1769562131.7532313,2663,-85.49488830566406
1769562149.3767834,2664,-72.72602081298828
1769562162.7775002,2665,-72.89807891845703
1769562165.7022634,2666,-78.59000396728516
1769562175.0846035,2667,-62.810279846191406
1769562180.6486282,2668,-67.6788330078125
1769562195.2587845,2669,-75.35298156738281
1769562210.2964964,2670,-75.51988220214844
1769562231.6998317,2671,-64.01720428466797
1769562238.5772307,2672,-65.92163848876953
1769562241.6690574,2673,-94.80514526367188
1769562252.536567,2674,-64.78018188476562
1769562254.6130426,2675,-86.6553955078125
1769562257.8411434,2676,-70.142578125
1769562270.9778528,2677,-79.63483428955078
1769562278.5437796,2678,-86.80339050292969
1769562291.9098327,2679,-70.57693481445312
1769562328.2240274,2680,-66.24604034423828
1769562332.7912066,2681,-82.52913665771484
1769562334.2779622,2682,-73.87242126464844
1769562335.2234855,2683,-83.92797088623047
1769562338.4520442,2684,-99.75641632080078
1769562343.1446166,2685,-74.59178161621094
1769562343.9016345,2686,-88.48905944824219
1769562365.034556,2687,-85.00592803955078
1769562390.72142,2688,-74.81584930419922
1769562409.8658466,2689,-72.9051513671875
1769562433.9481463,2690,-74.30217742919922
1769562439.5162578,2691,-81.22859191894531
1769562446.957588,2692,-82.23385620117188
1769562460.7940505,2693,-65.34900665283203
1769562461.6934617,2694,-62.48725128173828
1769562483.0838292,2695,-78.63455963134766
1769562484.4158182,2696,-75.9471664428711
1769562492.4351842,2697,-85.43962860107422
1769562506.5605156,2698,-71.46864318847656
1769562514.7169583,2699,-73.32530975341797
1769562520.3497288,2700,-63.372642517089844
1769562526.9755404,2701,-77.7301254272461
1769562538.2040083,2702,-72.76546478271484
1769562540.3916273,2703,-84.83216857910156
1769562542.7305088,2704,-75.97157287597656
1769562561.450734,2705,-71.07450103759766
1769562572.6851838,2706,-69.46704864501953
1769562578.9863977,2707,-60.07075119018555
1769562581.0232453,2708,-67.55017852783203
1769562582.4402206,2709,-63.99072265625
1769562594.5237427,2710,-70.16939544677734
1769562642.4994276,2711,-99.90605163574219
1769562664.7777002,2712,-72.00994873046875
1769562690.3518717,2713,-66.15194702148438
1769562693.7901917,2714,-59.914371490478516
1769562703.2244382,2715,-62.573150634765625
1769562704.1125617,2716,-60.96709442138672
1769562716.063007,2717,-79.61048889160156
1769562716.6078074,2718,-72.67787170410156
1769562720.4870853,2719,-74.03645324707031
1769562726.454469,2720,-71.87616729736328
1769562726.7173245,2721,-66.65335845947266
1769562729.4830146,2722,-63.088905334472656
1769562757.8128436,2723,-84.9316635131836
1769562762.8608356,2724,-71.59677124023438
1769562784.7162971,2725,-86.18726348876953
1769562816.515384,2726,-59.401859283447266
1769562845.2979066,2727,-98.83370208740234
1769562852.8515766,2728,-86.4759521484375
1769562862.6790318,2729,-90.27201080322266
1769562870.932404,2730,-68.3824234008789
1769562913.558368,2731,-56.09762954711914
1769562926.8086119,2732,-63.035953521728516
1769562974.5680268,2733,-116.8998794555664
1769563024.628026,2734,-59.701210021972656
1769563071.2831771,2735,-69.72040557861328
1769563071.456599,2736,-62.74562454223633
1769563080.3357897,2737,-79.19125366210938
1769563086.3637824,2738,-93.29065704345703
1769563086.527392,2739,-75.8553695678711
1769563091.1436539,2740,-66.7181396484375
1769563095.097484,2741,-62.52785873413086
1769563095.360424,2742,-62.454833984375
1769563095.4906569,2743,-80.89213562011719
1769563095.6185567,2744,-69.23516845703125
1769563097.9908803,2745,-78.45266723632812
1769563111.3935075,2746,-71.8834228515625
1769563116.1198027,2747,-75.38378143310547
1769563116.7320428,2748,-76.08956909179688
1769563128.4945858,2749,-68.38338470458984
1769563184.576525,2750,-96.7791519165039
1769563186.6235325,2751,-58.34806823730469
1769563186.7537785,2752,-92.06419372558594
1769563189.0510728,2753,-68.53810119628906
1769563201.563036,2754,-64.92736053466797
1769563205.95773,2755,-87.54852294921875
1769563211.4650896,2756,-66.69217681884766
1769563213.3172095,2757,-74.54280090332031
1769563236.7979093,2758,-79.96070861816406
1769563240.4063501,2759,-66.0181884765625
1769563246.2514093,2760,-70.92610931396484
1769563246.3863466,2761,-85.69303131103516
1769563250.3852022,2762,-84.21498107910156
1769563258.2957652,2763,-57.5482177734375
1769563266.131945,2764,-58.29145812988281
1769563269.3350391,2765,-87.46529388427734
1769563288.8290365,2766,-71.11583709716797
1769563312.9401078,2767,-67.19500732421875
1769563316.4535284,2768,-72.08610534667969
1769563316.5862534,2769,-75.41077423095703
1769563319.9672112,2770,-65.61488342285156
1769563320.097259,2771,-86.90996551513672
1769563320.5371306,2772,-78.6717300415039
1769563328.9304404,2773,-66.80622100830078
1769563363.9802206,2774,-59.162879943847656
1769563369.9089386,2775,-58.92374038696289
1769563381.5748897,2776,-82.3933334350586
1769563385.4086268,2777,-78.4384765625
1769563388.5877407,2778,-65.19711303710938
1769563427.9629142,2779,-92.62909698486328
1769563433.4165864,2780,-70.55536651611328
1769563438.1966565,2781,-82.55970001220703
1769563441.6223197,2782,-83.73810577392578
1769563462.9920716,2783,-76.15992736816406
1769563465.866656,2784,-74.4515151977539
1769563472.4931755,2785,-79.79828643798828
1769563480.101384,2786,-82.98066711425781
1769563491.7954137,2787,-81.60984802246094
1769563495.060939,2788,-77.5853042602539
1769563514.0232797,2789,-70.17514038085938
1769563517.202751,2790,-71.1386947631836
1769563519.5649102,2791,-75.42459869384766
1769563525.608223,2792,-63.213687896728516
1769563533.984736,2793,-62.58306884765625
1769563544.773957,2794,-69.36050415039062
1769563548.1988413,2795,-65.96214294433594
1769563556.9596305,2796,-67.7721939086914
1769579378.9706888,1,-0.20907287299633026
1769579400.1463,2,-0.5253344178199768
1769579402.054303,3,-0.6647354960441589
1769579404.752396,4,-0.6542961597442627
1769579410.5863364,5,-0.650549054145813
1769579426.4396176,6,-0.7261767387390137
1769579431.4176445,7,-0.8097614049911499
1769579442.066908,8,-0.7250143885612488
1769579445.4207237,9,-0.8361848592758179
1769579456.1395063,10,-1.1404390335083008
1769579456.6436925,11,-1.1653640270233154
1769579457.7786794,12,-1.1591095924377441
1769579465.2132287,13,-1.5378974676132202
1769579472.7343314,14,-1.9326649904251099
1769579477.5623207,15,-2.278296709060669
1769579479.1866162,16,-2.5337142944335938
1769579486.0343127,17,-2.6785945892333984
1769579488.7110763,18,-3.0507190227508545
1769579490.9260895,19,-3.1180174350738525
1769579499.5667527,20,-3.163954734802246
1769579543.4590456,21,-3.6658663749694824
1769579549.9905648,22,-4.627042770385742
1769579565.1457672,23,-5.053279876708984
1769579576.057747,24,-5.788336753845215
1769579585.0712738,25,-6.175987243652344
1769579586.6851394,26,-6.3913726806640625
1769579590.835325,27,-6.446705341339111
1769579597.7801988,28,-6.568023681640625
1769579599.8766782,29,-6.728899955749512
1769579602.5456114,30,-6.746852397918701
1769579602.668886,31,-5.813100337982178
1769579603.9362,32,-6.809908390045166
1769579616.2372704,33,-7.573491096496582
1769579624.0730186,34,-8.139697074890137
1769579626.066639,35,-8.243799209594727
1769579647.4408267,36,-8.925086975097656
1769579653.5157423,37,-9.957313537597656
1769579673.7700849,38,-10.847017288208008
1769579700.064925,39,-11.649797439575195
1769579703.970172,40,-11.941245079040527
1769579704.094127,41,-12.516996383666992
1769579705.2879949,42,-12.22416877746582
1769579714.0338485,43,-12.281728744506836
1769579715.8801928,44,-12.997133255004883
1769579747.468923,45,-13.544205665588379
1769579754.9493797,46,-14.598006248474121
1769579770.6082559,47,-15.07411003112793
1769579774.2216012,48,-15.351506233215332
1769579785.1663532,49,-16.272808074951172
1769579786.752565,50,-16.987226486206055
1769579790.3323386,51,-16.9636173248291
1769579799.3669863,52,-16.972759246826172
1769579808.573884,53,-17.430315017700195
1769579815.0501535,54,-18.027576446533203
1769579815.8897154,55,-18.5897274017334
1769579820.1058702,56,-18.220043182373047
1769579823.5613952,57,-18.554370880126953
1769579824.5176876,58,-18.74917984008789
1769579828.1962903,59,-18.664995193481445
1769579829.2260797,60,-19.221778869628906
1769579830.6434658,61,-19.259719848632812
1769579834.6993449,62,-19.181913375854492
1769579837.2522025,63,-19.29788589477539
1769579837.7311034,64,-19.214317321777344
1769579839.4884386,65,-19.5843505859375
1769579862.3981323,66,-20.09440803527832
1769579862.5395045,67,-20.84560203552246
1769579862.6609821,68,-20.858150482177734
1769579873.6601233,69,-20.927614212036133
1769579873.7897723,70,-24.2582950592041
1769579881.1778836,71,-21.40827178955078
1769579890.56018,72,-22.09017562866211
1769579893.300046,73,-22.15345001220703
1769579895.9836967,74,-22.106569290161133
1769579902.6892965,75,-22.147541046142578
1769579917.0682254,76,-22.797231674194336
1769579918.980818,77,-23.49216651916504
1769579919.1044054,78,-25.8829345703125
1769579921.985709,79,-23.715024948120117
1769579922.8955288,80,-24.552867889404297
1769579924.2002509,81,-24.193941116333008
1769579926.23753,82,-23.865867614746094
1769579928.9338262,83,-24.135068893432617
1769579930.1874683,84,-24.19779396057129
1769579938.3438194,85,-24.251432418823242
1769579949.6718585,86,-24.734169006347656
1769579964.001381,87,-25.261877059936523
1769579964.1335695,88,-24.521011352539062
1769579967.0118926,89,-25.435665130615234
1769579971.6247802,90,-25.821372985839844
1769579978.6082177,91,-25.734155654907227
1769579989.1001418,92,-26.07957649230957
1769579990.6939738,93,-26.78604507446289
1769579992.559093,94,-26.615554809570312
1769579994.619394,95,-26.88514518737793
1769579996.522207,96,-26.95347785949707
1769579996.6461968,97,-27.479883193969727
1769580002.623388,98,-27.113250732421875
1769580029.8229437,99,-27.702728271484375
1769580039.9371908,100,-28.177207946777344
1769580041.9842098,101,-28.253517150878906
1769580044.7344413,102,-28.49614143371582
1769580065.8749516,103,-29.10918617248535
1769580066.0165339,104,-30.465381622314453
1769580078.9179635,105,-29.693126678466797
1769580081.2245262,106,-30.249284744262695
1769580082.9881854,107,-29.228290557861328
1769580084.7406816,108,-30.723960876464844
1769580084.864345,109,-31.711217880249023
1769580085.9007754,110,-30.7121524810791
1769580086.0246112,111,-29.217288970947266
1769580090.6271303,112,-30.620248794555664
1769580094.0770376,113,-30.438331604003906
1769580103.6867337,114,-31.055912017822266
1769580110.8103824,115,-31.687843322753906
1769580126.410332,116,-32.2239875793457
1769580127.7245443,117,-33.11772537231445
1769580141.772978,118,-32.881195068359375
1769580166.6236856,119,-33.666229248046875
1769580170.3148487,120,-34.07539749145508
1769580178.1111739,121,-34.32997512817383
1769580184.0652957,122,-35.18370819091797
1769580184.1939542,123,-32.91061019897461
1769580200.0714335,124,-35.25175094604492
1769580213.918064,125,-36.04863739013672
1769580214.0517883,126,-34.21665573120117
1769580223.0723343,127,-36.53103256225586
1769580231.9809194,128,-36.20126724243164
1769580238.4063418,129,-36.8386344909668
1769580238.5317228,130,-39.383689880371094
1769580241.0241477,131,-37.44025421142578
1769580246.5425248,132,-37.838279724121094
1769580246.666288,133,-40.17851257324219
1769580254.432788,134,-37.65056228637695
1769580260.9018273,135,-38.33877182006836
1769580262.3397524,136,-37.91040802001953
1769580271.0506768,137,-38.86980056762695
1769580276.2501411,138,-38.83946990966797
1769580307.100769,139,-39.871070861816406
1769580308.3685896,140,-40.48149871826172
1769580315.4881291,141,-40.664791107177734
1769580317.2450006,142,-40.937034606933594
1769580325.189507,143,-41.20087814331055
1769580348.1633348,144,-41.17086410522461
1769580359.5656369,145,-41.70610427856445
1769580376.1299198,146,-42.126853942871094
1769580381.891924,147,-42.36468505859375
1769580384.5453308,148,-43.116859436035156
1769580385.9599075,149,-42.818824768066406
1769580395.2498226,150,-42.520347595214844
1769580401.6134553,151,-43.74457550048828
1769580421.22689,152,-44.169029235839844
1769580423.1647956,153,-44.9803352355957
1769580426.223934,154,-44.690940856933594
1769580431.4593627,155,-45.069488525390625
1769580431.8283412,156,-44.850337982177734
1769580434.9454377,157,-44.52497863769531
1769580437.0289695,158,-44.71742630004883
1769580450.2798777,159,-45.512264251708984
1769580452.9720917,160,-46.400062561035156
1769580456.863475,161,-45.811424255371094
1769580466.6949174,162,-46.34386444091797
1769580469.9819388,163,-46.976043701171875
1769580599.9334881,164,-48.33176803588867
1769580600.397327,165,-49.396724700927734
1769580613.25908,166,-50.87505340576172
1769580614.5076907,167,-52.24143600463867
1769580623.9789345,168,-51.79916000366211
1769580626.3532712,169,-52.31949234008789
1769580626.4768825,170,-57.697547912597656
1769580629.1455176,171,-52.790863037109375
1769580630.415818,172,-52.6218376159668
1769580630.538065,173,-54.14959716796875
1769580633.3409314,174,-52.44734191894531
1769580640.2001605,175,-52.09126281738281
1769580647.187526,176,-52.94248580932617
1769580660.1750796,177,-53.46635818481445
1769580663.0698438,178,-52.26443862915039
1769580663.1952703,179,-55.252899169921875
1769580671.2712579,180,-53.676902770996094
1769580680.08957,181,-53.75199890136719
1769580683.0158055,182,-54.33002853393555
1769580703.3648782,183,-54.883583068847656
1769580710.0290642,184,-55.643035888671875
1769580767.444061,185,-56.53029251098633
1769580769.021123,186,-56.427528381347656
1769580772.3599253,187,-56.822654724121094
1769580784.2356918,188,-57.96257400512695
1769580788.7288024,189,-58.50255584716797
1769580799.9644568,190,-58.31809616088867
1769580803.897627,191,-58.46816635131836
1769580809.948885,192,-59.19227600097656
1769580818.5362003,193,-59.027679443359375
1769580820.0403254,194,-57.81455993652344
1769580826.0941079,195,-59.68096160888672
1769580827.3982947,196,-59.019447326660156
1769580836.505743,197,-59.74706268310547
1769580843.1230962,198,-59.579383850097656
1769580847.7392344,199,-60.86984634399414
1769580852.8947802,200,-60.7551155090332
1769580886.3438516,201,-61.163604736328125
1769580889.2630756,202,-63.348175048828125
1769580889.3862789,203,-64.9352798461914
1769580904.5721254,204,-63.07274627685547
1769580913.4896767,205,-63.20301818847656
1769580916.9082336,206,-63.550113677978516
1769580921.2468276,207,-63.277706146240234
1769580922.5926914,208,-63.31937026977539
1769580924.2399979,209,-64.27580261230469
1769580927.4666722,210,-64.3353042602539
1769580934.2860706,211,-64.2414321899414
1769580940.107396,212,-64.92141723632812
1769580949.3533263,213,-65.0394058227539
1769580955.5600345,214,-65.2198486328125
1769580955.6857643,215,-62.69549560546875
1769580956.9598067,216,-64.33221435546875
1769580973.4155033,217,-65.72154998779297
1769580993.4775736,218,-65.6136245727539
1769581000.026589,219,-65.68876647949219
1769581043.4049137,220,-67.140625
1769581048.2868233,221,-68.27200317382812
1769581050.1906836,222,-68.44723510742188
1769581051.9374084,223,-67.79954528808594
1769581060.3924727,224,-68.43488311767578
1769581060.521564,225,-70.58465576171875
1769581069.8711014,226,-68.84191131591797
1769581071.1507962,227,-70.21195220947266
1769581071.2720575,228,-71.49868774414062
1769581076.573249,229,-69.50406646728516
1769581080.1692147,230,-70.39415740966797
1769581080.8370533,231,-69.22345733642578
1769581082.2161481,232,-69.23766326904297
1769581085.7278779,233,-70.0391845703125
1769581089.3472888,234,-70.16724395751953
1769581094.2501454,235,-69.85025787353516
1769581097.9604073,236,-69.89439392089844
1769581100.3964286,237,-70.85790252685547
1769581180.3993258,238,-70.91252136230469
1769581180.5763876,239,-68.5615463256836
1769581191.7925112,240,-72.55326080322266
1769581195.7177835,241,-72.35855102539062
1769581202.1743102,242,-73.62361907958984
1769581202.304895,243,-76.2983169555664
1769581215.9566503,244,-73.23286437988281
1769581238.9475694,245,-73.57052612304688
1769581241.2792554,246,-73.39273834228516
1769581242.9268262,247,-74.91678619384766
1769581243.876073,248,-74.43270111083984
1769581249.703084,249,-74.08744812011719
1769581249.8295066,250,-81.59027099609375
1769581256.8834574,251,-74.41951751708984
1769581261.0732853,252,-75.4932861328125
1769581267.8331842,253,-74.81417083740234
1769581290.5235581,254,-75.39069366455078
1769581316.8046868,255,-75.76512908935547
1769581334.6011271,256,-75.86180877685547
1769581354.6262605,257,-76.64391326904297
1769581359.688455,258,-76.77666473388672
1769581391.773733,259,-77.72340393066406
1769581397.3110666,260,-77.7254867553711
1769581397.595958,261,-73.25169372558594
1769581408.6165977,262,-78.41184997558594
1769581417.018134,263,-78.01913452148438
1769581419.8907602,264,-79.10635375976562
1769581424.0635548,265,-79.04781341552734
1769581425.3148658,266,-80.80089569091797
1769581438.279337,267,-80.16197204589844
1769581440.0027544,268,-79.37835693359375
1769581459.468564,269,-80.3089599609375
1769581461.1200583,270,-80.72110748291016
1769581461.3645222,271,-77.87237548828125
1769581464.8999145,272,-80.97057342529297
1769581468.7220304,273,-80.59099578857422
1769581469.7907422,274,-79.26380920410156
1769581469.919391,275,-77.18098449707031
1769581470.4624083,276,-81.24134826660156
1769581480.4890585,277,-80.88897705078125
1769581484.803849,278,-82.01878356933594
1769581510.121471,279,-81.45986938476562
1769581514.3160496,280,-82.01459503173828
1769581514.7324817,281,-82.74940490722656
1769581523.7077098,282,-81.5609359741211
1769581539.7507415,283,-82.38510131835938
1769581581.418641,284,-83.11032104492188
1769581588.1116626,285,-83.66070556640625
1769581600.864802,286,-83.64817810058594
1769581608.4298058,287,-84.19273376464844
1769581633.9824507,288,-84.50872802734375
1769581635.4576876,289,-85.74870300292969
1769581642.2516363,290,-83.9233169555664
1769581652.4143596,291,-84.10504913330078
1769581654.7378812,292,-84.67935180664062
1769581685.345247,293,-85.67899322509766
1769581687.4889853,294,-85.65888977050781
1769581692.709163,295,-85.47162628173828
1769581700.2058198,296,-85.97555541992188
1769581704.627046,297,-86.08470153808594
1769581710.7326887,298,-85.88533782958984
1769581714.6045184,299,-86.7154541015625
1769581719.514067,300,-86.88150024414062
1769581724.5259993,301,-87.20158386230469
1769581727.6893816,302,-86.4297866821289
1769581727.810407,303,-90.55160522460938
1769581729.2825427,304,-87.6975326538086
1769581730.779562,305,-86.54473876953125
1769581741.3796377,306,-87.33673095703125
1769581744.3678617,307,-88.42565155029297
1769581746.7922676,308,-87.70535278320312
1769581753.2943451,309,-88.29051971435547
1769581755.5875714,310,-87.2196044921875
1769581760.1303747,311,-87.94770050048828
1769581769.3867722,312,-89.18524169921875
1769581773.131618,313,-89.91366577148438
1769581786.3789577,314,-89.09886169433594
1769581791.2484672,315,-89.50029754638672
1769581792.3346727,316,-89.80607604980469
1769581794.1708703,317,-89.28384399414062
1769581809.3136215,318,-89.68905639648438
1769581814.6300201,319,-90.58454132080078
1769581823.7222128,320,-90.4463882446289
1769581825.8341708,321,-89.38756561279297
1769581825.957275,322,-83.48369598388672
1769581826.8549068,323,-90.28843688964844
1769581828.354294,324,-91.14968872070312
1769581836.4037933,325,-90.5030288696289
1769581838.2814257,326,-92.11980438232422
1769581840.9946692,327,-91.89517211914062
1769581848.666559,328,-90.43140411376953
1769581853.062017,329,-91.9493179321289
1769581856.851281,330,-91.95824432373047
1769581861.2286582,331,-91.0285873413086
1769581909.9809942,332,-92.38842010498047
1769581928.2093308,333,-92.8323745727539
1769581928.9370983,334,-92.0151596069336
1769581931.3387396,335,-94.07830047607422
1769581949.553807,336,-93.36814880371094
1769581953.1929178,337,-93.3532485961914
1769581961.1351433,338,-93.82198333740234
1769581971.8850298,339,-93.78838348388672
1769581999.4915044,340,-94.70487976074219
1769582001.286637,341,-95.25692749023438
1769582010.6983995,342,-95.24075317382812
1769582015.841075,343,-94.86280822753906
1769582018.432914,344,-95.18114471435547
1769582019.3018582,345,-95.20523071289062
1769582021.5082443,346,-94.17446899414062
1769582022.6346009,347,-96.21833801269531
1769582022.754954,348,-90.26575469970703
1769582031.7600484,349,-95.66764068603516
1769582049.4796014,350,-95.90931701660156
1769582050.5654237,351,-96.88739776611328
1769582053.5823166,352,-95.72392272949219
1769582055.1754289,353,-97.11749267578125
1769582056.2407315,354,-96.70830535888672
1769582077.8445075,355,-96.52122497558594
1769582087.943635,356,-96.89157104492188
1769582093.2480507,357,-96.86866760253906
1769582123.4954035,358,-97.42752075195312
1769582125.5036445,359,-97.8685302734375
1769582134.8781505,360,-97.9404525756836
1769582141.7036874,361,-98.13916015625
1769582145.6130614,362,-98.61681365966797
1769582154.5886035,363,-98.1954116821289
1769582165.6907663,364,-98.18460083007812
1769582182.2487087,365,-98.60853576660156
1769582187.7138917,366,-98.17279052734375
1769582187.873889,367,-100.0755844116211
1769582192.8468356,368,-99.38467407226562
1769582193.459759,369,-99.3232650756836
1769582196.47464,370,-99.74987030029297
1769582226.6965926,371,-99.58477020263672
1769582228.293782,372,-98.91180419921875
1769582234.0420463,373,-100.18580627441406
1769582234.1731489,374,-100.46858978271484
1769582243.8394876,375,-100.41065979003906
1769582262.374467,376,-100.2408676147461
1769582281.575728,377,-98.943359375
1769582290.8033147,378,-100.95549011230469
1769582293.7755134,379,-101.2503433227539
1769582295.779125,380,-101.8818130493164
1769582297.288401,381,-101.41888427734375
1769582297.7771425,382,-100.9367904663086
1769582298.4470987,383,-100.49201202392578
1769582301.2906332,384,-100.64356994628906
1769582311.722675,385,-101.14776611328125
1769582314.3943338,386,-101.18048095703125
1769582316.4869874,387,-100.72100830078125
1769582318.1379287,388,-101.29515838623047
1769582332.7876122,389,-101.10855865478516
1769582340.067942,390,-100.95301055908203
1769582357.3934562,391,-101.98883819580078
1769582358.1522675,392,-101.2618637084961
1769582366.5679772,393,-102.01595306396484
1769582421.2484202,394,-102.80541229248047
1769582428.3173707,395,-103.51799774169922
1769582440.0280526,396,-103.90081024169922
1769582441.3497014,397,-103.69823455810547
1769582446.7367852,398,-103.5971450805664
1769582446.8632004,399,-105.6406021118164
1769582456.7133243,400,-104.07808685302734
1769582472.3871527,401,-104.32526397705078
1769582476.542636,402,-104.0403060913086
1769582476.6726441,403,-103.719482421875
1769582490.918346,404,-104.4761962890625
1769582498.5043788,405,-105.16313934326172
1769582506.844119,406,-105.34619140625
1769582510.8486166,407,-104.9922866821289
1769582514.1487038,408,-105.13833618164062
1769582521.96436,409,-105.33543395996094
1769582533.9610386,410,-105.63575744628906
1769582542.3562932,411,-105.63817596435547
1769582543.8691807,412,-105.9246826171875
1769582545.9245632,413,-105.76214599609375
1769582547.201845,414,-106.48381805419922
1769582548.9997869,415,-106.00218200683594
1769582554.6429675,416,-105.56756591796875
1769582556.96619,417,-105.46613311767578
1769582566.466937,418,-106.20892333984375
1769582569.6622849,419,-105.37217712402344
1769582573.4193904,420,-106.1458511352539
1769582574.8227887,421,-105.9688720703125
1769582592.8034244,422,-106.38278198242188
1769582597.1630924,423,-106.32791900634766
1769582625.5249493,424,-106.98268127441406
1769582627.07728,425,-106.50735473632812
1769582636.4751363,426,-107.02781677246094
1769582639.3346243,427,-107.2156982421875
1769582642.367199,428,-107.57945251464844
1769582646.9612155,429,-106.30082702636719
1769582650.7799287,430,-108.23419189453125
1769582653.9836974,431,-107.48969268798828
1769582655.8277397,432,-107.66362762451172
1769582666.1926677,433,-107.91365051269531
1769582681.9025984,434,-107.83631134033203
1769582685.729791,435,-107.89402770996094
1769582703.725296,436,-107.9366683959961
1769582706.047298,437,-107.95157623291016
1769582712.6397583,438,-108.02571868896484
1769582721.7065303,439,-107.66544342041016
1769582730.7309623,440,-108.53938293457031
1769582732.7380881,441,-108.3248291015625
1769582735.5009742,442,-108.51885223388672
1769582737.2795682,443,-107.93846893310547
1769582739.6502678,444,-109.35032653808594
1769582740.454062,445,-107.0428466796875
1769582746.2132616,446,-108.20983123779297
1769582756.8783576,447,-108.7519302368164
1769582762.6888542,448,-108.96501922607422
1769582764.7530222,449,-108.5018081665039
1769582769.4536479,450,-108.1523666381836
1769582773.3303137,451,-108.75114440917969
1769582776.638406,452,-108.78318786621094
1769582778.0188425,453,-109.01585388183594
1769582780.099573,454,-108.90237426757812
1769582788.4315922,455,-109.1421890258789
1769582795.8519397,456,-109.13861846923828
1769582817.5230193,457,-109.38883209228516
1769582826.588588,458,-109.74279022216797
1769582828.2361042,459,-109.55431365966797
1769582837.122888,460,-110.0669174194336
1769582837.251584,461,-105.16339111328125
1769582838.6636157,462,-108.6400375366211
1769582838.7889922,463,-103.22953033447266
1769582846.1486967,464,-109.54014587402344
1769582852.8069105,465,-109.82067108154297
1769582854.983957,466,-109.71485137939453
1769582857.3909798,467,-110.38768005371094
1769582865.414406,468,-110.04248046875
1769582870.0974386,469,-110.05778503417969
1769582881.5537994,470,-110.37541961669922
1769582881.6938791,471,-107.8974609375
1769582889.4425378,472,-110.1264419555664
1769582902.309925,473,-110.64954376220703
1769582917.91494,474,-109.91609954833984
1769582918.04651,475,-112.275146484375
1769582918.8170855,476,-110.61253356933594
1769582922.4140952,477,-110.58380126953125
1769582924.771966,478,-110.70555114746094
1769582932.1987379,479,-110.67440032958984
1769582937.7958918,480,-110.85111999511719
1769582944.5803926,481,-110.49185943603516
1769582946.3335912,482,-110.1747055053711
1769582948.8474417,483,-110.19109344482422
1769582952.577809,484,-110.91165161132812
1769582958.1927884,485,-111.41047668457031
1769582988.6419656,486,-111.5542984008789
1769582995.0879588,487,-111.72724914550781
1769583001.9191356,488,-111.68904876708984
1769583009.2527864,489,-111.90162658691406
1769583014.4179106,490,-112.61254119873047
1769583014.5787606,491,-114.70110321044922
1769583046.8436065,492,-112.40853881835938
1769583060.0477557,493,-112.59413146972656
1769583065.7598605,494,-112.78730010986328
1769583065.8887706,495,-116.3765640258789
1769583075.4736207,496,-113.23662567138672
1769583075.61274,497,-109.07732391357422
1769583077.1016986,498,-112.83294677734375
1769583085.6154227,499,-113.03076934814453
1769583091.0128624,500,-113.48592376708984
1769583098.6364238,501,-113.42304992675781
1769583104.551373,502,-113.08335876464844
1769583120.739893,503,-113.81908416748047
1769583123.4551806,504,-113.2342529296875
1769583127.1712294,505,-114.52638244628906
1769583129.635103,506,-114.7174301147461
1769583135.713666,507,-113.75121307373047
1769583138.6291873,508,-113.61610412597656
1769583168.608607,509,-114.06211853027344
1769583174.6170416,510,-114.445068359375
1769583181.359907,511,-114.80327606201172
1769583184.7467425,512,-113.91654205322266
1769583188.9796603,513,-114.48161315917969
1769583198.5177462,514,-114.61475372314453
1769583201.7866848,515,-114.18281555175781
1769583206.5981576,516,-114.72621154785156
1769583208.5087628,517,-113.403564453125
1769583211.0422375,518,-114.79373931884766
1769583212.4565575,519,-115.0713119506836
1769583232.0342546,520,-115.03150939941406
1769583234.041925,521,-114.44261932373047
1769583239.5371764,522,-114.72891998291016
1769583262.9561374,523,-114.97819519042969
1769583270.770654,524,-115.00891876220703
1769583272.4613316,525,-114.36978912353516
1769583287.6795597,526,-115.30196380615234
1769583287.8410587,527,-114.3160400390625
1769583305.6385126,528,-115.44880676269531
1769583313.96615,529,-115.9230728149414
1769583315.2646523,530,-116.50308990478516
1769583318.235322,531,-115.0601577758789
1769583326.3503418,532,-116.0418930053711
1769583344.1227102,533,-115.95852661132812
1769583355.240664,534,-116.14460754394531
1769583355.3741527,535,-116.1167221069336
1769583357.5175476,536,-116.15753936767578
1769583363.2478454,537,-116.2823486328125
1769583367.8381486,538,-116.39453125
1769583372.1595812,539,-116.0542984008789
1769583396.4352155,540,-116.69129180908203
1769583397.055892,541,-117.12196350097656
1769583406.3664823,542,-116.85124969482422
1769583409.4024398,543,-116.42311096191406
1769583411.360758,544,-117.4850082397461
1769583411.489127,545,-116.03311920166016
1769583425.7372515,546,-117.4103012084961
1769583426.6253893,547,-116.5051498413086
1769583446.8352373,548,-117.29634094238281
1769583455.2016673,549,-117.30419921875
1769583459.0662758,550,-117.62031555175781
1769583465.2265193,551,-117.98258209228516
1769583467.2089286,552,-116.95671081542969
1769583468.3206635,553,-117.98269653320312
1769583474.8518968,554,-117.78052520751953
1769583476.5926712,555,-117.4778060913086
1769583478.6436357,556,-118.07874298095703
1769583480.529689,557,-118.03413391113281
1769583487.6561027,558,-117.8039779663086
1769583487.7854123,559,-118.39994049072266
1769583488.775227,560,-117.89798736572266
1769583490.9255557,561,-118.3191146850586
1769583493.3316631,562,-117.72549438476562
1769583497.2754786,563,-118.21129608154297
1769583503.2958553,564,-118.11909484863281
1769583503.8911562,565,-117.48758697509766
1769583511.113928,566,-117.98229217529297
1769583512.3291311,567,-117.83991241455078
1769583517.0658286,568,-118.30754089355469
1769583522.406462,569,-118.05412292480469
1769583524.7193644,570,-118.02423858642578
1769583536.1033688,571,-118.20360565185547
1769583536.7240417,572,-119.0456314086914
1769583539.5988922,573,-118.23920440673828
1769583558.6981866,574,-118.5767822265625
1769583558.8223343,575,-118.61407470703125
1769583559.9342802,576,-118.73400115966797
1769583564.3087885,577,-118.02400970458984
1769583570.0593717,578,-118.38887023925781
1769583570.1860447,579,-112.77959442138672
1769583583.04402,580,-118.73155975341797
1769583607.8997772,581,-118.85225677490234
1769583610.2704859,582,-118.95306396484375
1769583630.849746,583,-119.37887573242188
1769583633.3728185,584,-119.33015441894531
1769583635.439654,585,-119.43762969970703
1769583640.1542516,586,-118.77412414550781
1769583645.6153588,587,-119.87690734863281
1769583647.874858,588,-119.5921630859375
1769583653.654329,589,-119.88069915771484
1769583656.6140418,590,-119.90462493896484
1769583669.7948406,591,-119.6600570678711
1769583671.4735818,592,-119.88414764404297
1769583679.7521496,593,-120.05044555664062
1769583690.1124518,594,-120.24622344970703
1769583694.634025,595,-120.0897445678711
1769583698.0367033,596,-119.79385375976562
1769583714.123457,597,-120.08718872070312
1769583735.175959,598,-120.36892700195312
1769583747.456059,599,-120.31626892089844
1769583750.5229516,600,-120.85018157958984
1769583758.208089,601,-120.65465545654297
1769583759.3730183,602,-120.97378540039062
1769583760.2684891,603,-121.25960540771484
1769583789.6395023,604,-121.06571960449219
1769583793.6578608,605,-120.9286117553711
1769583824.6956174,606,-121.05594635009766
1769583873.1777866,607,-121.67816162109375
1769583894.675529,608,-122.06092834472656
1769583902.1516995,609,-122.03788757324219
1769583923.2291808,610,-121.97920227050781
1769583924.0347998,611,-121.96785736083984
1769583925.2577343,612,-121.49085235595703
1769583949.2516367,613,-122.26235961914062
1769583954.818999,614,-121.93574523925781
1769583954.9467046,615,-120.70654296875
1769583955.4998229,616,-123.29779052734375
1769583955.8748941,617,-125.0570068359375
1769583958.024752,618,-122.52154541015625
1769583963.7705917,619,-122.23287200927734
1769583968.9076242,620,-122.18727111816406
1769583981.3156765,621,-122.39701080322266
1769584001.1305997,622,-122.26465606689453
1769584004.1537237,623,-122.38900756835938
1769584004.9547725,624,-122.21829223632812
1769584008.0309694,625,-123.20286560058594
1769584008.6603117,626,-122.47386169433594
1769584015.708211,627,-122.76406860351562
1769584015.8422375,628,-120.30753326416016
1769584024.1753619,629,-122.60768127441406
1769584030.0554419,630,-122.08663940429688
1769584031.0075502,631,-121.74504089355469
1769584035.4868283,632,-122.69400024414062
1769584052.9087315,633,-122.56990051269531
1769584054.3128512,634,-122.43791198730469
1769584055.1632617,635,-122.18527221679688
1769584056.4340258,636,-122.91346740722656
1769584060.2306507,637,-122.60094451904297
1769584061.0509183,638,-122.45683288574219
1769584073.7593172,639,-122.98490905761719
1769584076.0087845,640,-122.9219970703125
1769584080.5948493,641,-122.450927734375
1769584091.1513667,642,-123.13363647460938
1769584093.3891568,643,-123.09439086914062
1769584102.1141946,644,-123.088134765625
1769584106.3480594,645,-122.96033477783203
1769584109.5038354,646,-123.25401306152344
1769584110.3011727,647,-123.99150085449219
1769584112.9931624,648,-123.69781494140625
1769584113.1218908,649,-126.4310073852539
1769584118.9529026,650,-123.1422119140625
1769584127.5072784,651,-123.30532836914062
1769584128.8975496,652,-123.91532897949219
1769584134.0032418,653,-123.62909698486328
1769584139.3030577,654,-123.15583038330078
1769584144.1968389,655,-123.60028076171875
1769584146.8526688,656,-123.26195526123047
1769584149.5268972,657,-123.68730163574219
1769584171.7136345,658,-123.38262176513672
1769584184.6834831,659,-123.42355346679688
1769584206.3620424,660,-123.98312377929688
1769584208.1755655,661,-123.56866455078125
1769584211.7857757,662,-124.14054107666016
1769584213.8188164,663,-123.15071105957031
1769584215.4563966,664,-123.49005126953125
1769584217.5673134,665,-122.97222900390625
1769584240.0835662,666,-123.84921264648438
1769584250.1512113,667,-124.11393737792969
1769584250.4027958,668,-122.37582397460938
1769584251.4233546,669,-125.2475357055664
1769584256.5898418,670,-123.92184448242188
1769584258.7883027,671,-124.21117401123047
1769584272.3498173,672,-123.89437866210938
1769584288.5766315,673,-124.33773040771484
1769584294.1722367,674,-124.53992462158203
1769584302.498728,675,-124.03584289550781
1769584306.8225932,676,-124.18920135498047
1769584308.6182604,677,-124.62916564941406
1769584309.5303128,678,-124.26710510253906
1769584311.0587444,679,-123.45201873779297
1769584315.8429615,680,-124.31132507324219
1769584318.9935439,681,-124.45488739013672
1769584324.816687,682,-124.03001403808594
1769584351.374068,683,-124.38711547851562
1769584368.512939,684,-124.56651306152344
1769584370.6273925,685,-125.2977523803711
1769584372.8420746,686,-124.74178314208984
1769584373.9953315,687,-124.71805572509766
1769584382.1560512,688,-124.44407653808594
1769584396.9955628,689,-124.69210052490234
1769584398.982386,690,-124.67305755615234
1769584414.7504103,691,-124.89175415039062
1769584418.666749,692,-124.98573303222656
1769584421.5723827,693,-124.69538116455078
1769584424.0427644,694,-124.92572021484375
1769584425.5646203,695,-123.9797592163086
1769584438.9436202,696,-124.7090072631836
1769584442.8482993,697,-125.0186996459961
1769584448.5566175,698,-124.66812133789062
1769584459.869532,699,-125.17401885986328
1769584460.2372699,700,-122.84309387207031
1769584491.918321,701,-124.92253112792969
1769584512.5188422,702,-125.13597106933594
1769584539.0360265,703,-124.13324737548828
1769584540.3167648,704,-125.63802337646484
1769584540.4450767,705,-122.41765594482422
1769584541.9562159,706,-125.98211669921875
1769584543.9785895,707,-125.30574035644531
1769584547.4270878,708,-124.4917984008789
1769584552.242788,709,-125.56523132324219
1769584558.665665,710,-125.06377410888672
1769584559.7085953,711,-124.38944244384766
1769584561.5003576,712,-125.0123291015625
1769584566.596872,713,-124.82371520996094
1769584566.7270088,714,-123.76787567138672
1769584574.874083,715,-125.7303466796875
1769584576.870862,716,-125.156982421875
1769584577.2338035,717,-125.6799087524414
1769584580.933448,718,-125.30606079101562
1769584586.8214304,719,-125.65264129638672
1769584588.0923433,720,-125.45909881591797
1769584590.4618886,721,-124.5687026977539
1769584597.017357,722,-125.70787048339844
1769584598.704323,723,-125.8177719116211
1769584601.5823374,724,-125.33293151855469
1769584601.7058117,725,-124.2569580078125
1769584604.3870025,726,-125.30316162109375
1769584614.7138665,727,-125.6080322265625
1769584614.8493128,728,-121.83302307128906
1769584615.4696622,729,-125.19449615478516
1769584619.6624222,730,-126.10427856445312
1769584632.5247428,731,-125.80745697021484
1769584634.7350779,732,-125.07085418701172
1769584641.8551545,733,-125.72784423828125
1769584655.6312263,734,-125.42581176757812
1769584664.9694736,735,-125.70274353027344
1769584667.8717008,736,-125.47442626953125
1769584728.8702264,737,-126.2437515258789
1769584739.428202,738,-126.35008239746094
1769584741.312263,739,-126.02851104736328
1769584751.5242774,740,-126.54882049560547
1769584761.5136244,741,-126.71858215332031
1769584763.5570781,742,-126.33043670654297
1769584768.1354322,743,-126.79119110107422
1769584768.259138,744,-128.43675231933594
1769584771.5151212,745,-126.7610855102539
1769584786.9443507,746,-126.8001937866211
1769584788.1311524,747,-126.25228118896484
1769584834.6952562,748,-127.2896499633789
1769584845.396086,749,-127.69837188720703
1769584867.6002738,750,-126.88105773925781
1769584876.5777504,751,-127.81269836425781
1769584877.6032763,752,-127.91204833984375
1769584883.4217997,753,-127.61518859863281
1769584891.1710105,754,-127.7215576171875
1769584894.0663075,755,-127.85017395019531
1769584901.6717,756,-127.53474426269531
1769584906.4339154,757,-128.4867401123047
1769584906.5636296,758,-131.5736083984375
1769584915.939293,759,-127.63304138183594
1769584917.7659655,760,-128.32481384277344
1769584921.7441564,761,-128.2051544189453
1769584921.8670254,762,-126.3485107421875
1769584923.3684323,763,-128.21087646484375
1769584931.0406783,764,-127.5486068725586
1769584934.00294,765,-127.93965148925781
1769584940.2565873,766,-127.4691162109375
1769584942.6181817,767,-127.12181091308594
1769584950.4284914,768,-128.20220947265625
1769584956.1737792,769,-128.52102661132812
1769584970.3753242,770,-127.88819122314453
1769584976.5187757,771,-128.09259033203125
1769584991.4457603,772,-128.21243286132812
1769584991.7123008,773,-125.80937194824219
1769584999.866787,774,-128.16860961914062
1769585002.6648972,775,-129.2032012939453
1769585008.8709092,776,-128.36111450195312
1769585011.5005465,777,-128.05526733398438
1769585014.1933987,778,-128.7476043701172
1769585014.317134,779,-126.8506088256836
1769585017.633137,780,-128.52947998046875
1769585028.641155,781,-128.8171844482422
1769585040.904233,782,-128.8928680419922
1769585041.0374382,783,-129.53866577148438
1769585043.4414842,784,-129.3794403076172
1769585055.2974145,785,-128.4548797607422
1769585057.6049085,786,-129.3211669921875
1769585057.7294784,787,-130.43658447265625
1769585064.7414923,788,-128.5284881591797
1769585069.180303,789,-129.1746826171875
1769585083.3623633,790,-128.49549865722656
1769585085.3727922,791,-128.23538208007812
1769585086.988537,792,-128.5220489501953
1769585097.843853,793,-129.11402893066406
1769585110.7021837,794,-128.66317749023438
1769585111.4878776,795,-128.65982055664062
1769585114.1209054,796,-128.08758544921875
1769585118.6296601,797,-129.10040283203125
1769585120.7198362,798,-129.35275268554688
1769585124.19565,799,-128.80789184570312
1769585126.2767532,800,-128.58932495117188
1769585126.4014995,801,-130.6169891357422
1769585128.3816612,802,-129.41830444335938
1769585137.120097,803,-129.574462890625
1769585146.655777,804,-128.87799072265625
1769585164.046543,805,-129.48150634765625
1769585166.356148,806,-129.9847869873047
1769585175.172135,807,-129.555419921875
1769585191.1118207,808,-129.6645965576172
1769585192.8453455,809,-128.68228149414062
1769585192.9668217,810,-130.0126190185547
1769585209.2829328,811,-129.5162353515625
1769585212.8438952,812,-129.56968688964844
1769585216.1948662,813,-129.3997039794922
1769585218.7513459,814,-129.3212432861328
1769585219.248305,815,-131.1614990234375
1769585221.557118,816,-129.3668670654297
1769585223.5483232,817,-129.18202209472656
1769585225.2088296,818,-130.4705047607422
1769585263.164251,819,-129.603271484375
1769585266.6663847,820,-129.0955810546875
1769585275.7891932,821,-129.71522521972656
1769585281.8851755,822,-129.42820739746094
1769585284.7645204,823,-129.4921417236328
1769585290.2458086,824,-130.5550994873047
1769585292.0164728,825,-130.06771850585938
1769585308.1114604,826,-130.0777130126953
1769585309.1959007,827,-130.87762451171875
1769585309.5567646,828,-131.59518432617188
1769585311.7630315,829,-130.54676818847656
1769585318.8354776,830,-129.7062225341797
1769585330.2040653,831,-130.06800842285156
1769585334.4122627,832,-130.4790802001953
1769585347.7861037,833,-130.2297821044922
1769585360.4289443,834,-129.94473266601562
1769585360.560713,835,-127.8045654296875
1769585365.9275422,836,-130.0181884765625
1769585371.3136034,837,-130.0306396484375
1769585374.4914172,838,-130.477294921875
1769585380.6846485,839,-130.121826171875
1769585386.4823327,840,-130.47792053222656
1769585386.6200461,841,-134.60110473632812
1769585386.7496476,842,-127.09813690185547
1769585395.9625187,843,-130.64280700683594
1769585407.2984283,844,-130.90940856933594
1769585410.0922961,845,-130.5762176513672
1769585413.6190104,846,-130.86663818359375
1769585415.267806,847,-131.68463134765625
1769585426.8090947,848,-130.9341278076172
1769585427.8079972,849,-131.7969207763672
1769585430.854578,850,-130.5557861328125
1769585432.63353,851,-130.66624450683594
1769585435.8046455,852,-131.1785125732422
1769585435.9323804,853,-130.0850830078125
1769585446.3680468,854,-130.87008666992188
1769585446.4992688,855,-134.62905883789062
1769585450.0099993,856,-130.7930908203125
1769585458.7178392,857,-131.36328125
1769585459.89403,858,-131.85276794433594
1769585462.0294354,859,-131.45664978027344
1769585637.9496315,860,-131.91331481933594
1769585659.8872344,861,-133.1526336669922
1769585681.8619876,862,-131.7756805419922
1769585685.4221978,863,-131.63670349121094
1769585691.1026008,864,-132.0467987060547
1769585692.5791597,865,-130.27951049804688
1769585705.312775,866,-132.40501403808594
1769585710.4386606,867,-132.3515167236328
1769585720.3893242,868,-132.802978515625
1769585738.116442,869,-132.4428253173828
1769585740.2056599,870,-131.79444885253906
1769585745.3856323,871,-131.7217559814453
1769585746.115901,872,-133.8536834716797
1769585747.8773541,873,-132.15919494628906
1769585752.445292,874,-132.20547485351562
1769585758.3782907,875,-131.76211547851562
1769585758.533293,876,-132.5744171142578
1769585775.97706,877,-132.470458984375
1769585780.908028,878,-131.9855499267578
1769585784.4585173,879,-131.65025329589844
1769585786.3325217,880,-132.7306671142578
1769585791.280508,881,-132.96136474609375
1769585792.9376333,882,-132.74887084960938
1769585796.8975399,883,-131.7753143310547
1769585802.7471375,884,-132.6458282470703
1769585806.577184,885,-132.35789489746094
1769585808.0631046,886,-132.18397521972656
1769585813.0548625,887,-132.65663146972656
1769585817.9826005,888,-132.3902587890625
1769585819.934741,889,-132.68350219726562
1769585822.4043083,890,-133.7769012451172
1769585824.1648173,891,-132.7936248779297
1769585829.0695884,892,-132.3758087158203
1769585873.6087356,893,-132.89840698242188
1769585874.6705825,894,-133.82345581054688
1769585874.7914896,895,-134.845458984375
1769585876.9907494,896,-132.1449432373047
1769585884.2551253,897,-133.1411895751953
1769585894.9498808,898,-132.73040771484375
1769585895.080785,899,-133.2731170654297
1769585895.2026172,900,-133.4359893798828
1769585896.619685,901,-132.53367614746094
1769585903.6859899,902,-132.4462127685547
1769585905.370938,903,-131.9049072265625
1769585905.5020444,904,-133.15151977539062
1769585908.803784,905,-132.23362731933594
1769585926.5257523,906,-132.68801879882812
1769585934.7777004,907,-132.7874298095703
1769585939.1683984,908,-132.8839111328125
1769585941.3238509,909,-132.3140411376953
1769585943.9035099,910,-132.8487091064453
1769585949.1076822,911,-132.72610473632812
1769585950.1608446,912,-132.72975158691406
1769585968.480232,913,-132.63888549804688
1769585973.0998828,914,-132.65036010742188
1769585982.1071918,915,-132.2625274658203
1769585987.7468417,916,-133.03958129882812
1769586003.9824333,917,-132.75611877441406
1769586016.125563,918,-133.02377319335938
1769586028.8410504,919,-133.0511932373047
1769586029.5741482,920,-132.08106994628906
1769586037.5772002,921,-133.14588928222656
1769586054.8473432,922,-132.8817138671875
1769586066.0317397,923,-132.97586059570312
1769586070.2139728,924,-132.51815795898438
1769586071.4112012,925,-132.8460235595703
1769586072.6129544,926,-132.38058471679688
1769586079.098839,927,-133.10690307617188
1769586083.451395,928,-132.88308715820312
1769586091.1811016,929,-132.96519470214844
1769586097.4863791,930,-132.9490509033203
1769586100.8995066,931,-132.72459411621094
1769586102.9929185,932,-133.4531707763672
1769586112.2272,933,-133.03956604003906
1769586117.6057687,934,-132.9334259033203
1769586119.6803281,935,-133.40452575683594
1769586124.3630927,936,-133.3152313232422
1769586125.0977597,937,-133.9203338623047
1769586134.580603,938,-132.93508911132812
1769586140.8785117,939,-133.13775634765625
1769586148.542225,940,-133.4959716796875
1769586155.0583587,941,-133.36740112304688
1769586155.3647685,942,-132.8628387451172
1769586158.0915058,943,-133.00831604003906
1769586160.2054038,944,-133.3246612548828
1769586163.8140838,945,-132.7000274658203
1769586168.766132,946,-132.60963439941406
1769586177.061155,947,-133.33758544921875
1769586198.7664385,948,-133.16001892089844
1769586201.3873851,949,-133.65530395507812
1769586206.3105605,950,-132.44508361816406
1769586211.0032697,951,-133.15655517578125
1769586225.9382813,952,-133.8199920654297
1769586228.3485818,953,-133.85467529296875
1769586228.4801831,954,-134.70921325683594
1769586237.8321733,955,-133.36685180664062
1769586245.9057283,956,-133.5161590576172
1769586246.6544278,957,-135.15408325195312
1769586249.0408633,958,-133.8722686767578
1769586250.7676673,959,-132.19068908691406
1769586257.410341,960,-133.16439819335938
1769586260.1622388,961,-132.4535369873047
1769586263.69268,962,-134.1508026123047
1769586327.4242558,963,-133.5325927734375
1769586328.6142387,964,-133.85888671875
1769586339.6875544,965,-133.9237060546875
1769586371.1263268,966,-133.78536987304688
1769586372.9120162,967,-132.58468627929688
1769586390.5660777,968,-133.9834442138672
1769586395.0377123,969,-133.3422393798828
1769586395.17021,970,-133.2633819580078
1769586405.228294,971,-133.693115234375
1769586413.2892826,972,-133.50779724121094
1769586414.337666,973,-133.42274475097656
1769586419.5606234,974,-133.59927368164062
1769586419.686207,975,-133.7111358642578
1769586423.7563848,976,-134.25494384765625
1769586427.0930777,977,-133.21669006347656
1769586435.606437,978,-133.53323364257812
1769586440.816344,979,-133.68125915527344
1769586446.2660737,980,-134.2884521484375
1769586447.3412228,981,-134.0928955078125
1769586458.0238943,982,-134.00563049316406
1769586465.1953835,983,-133.6095428466797
1769586472.307095,984,-133.87832641601562
1769586475.2345817,985,-133.93142700195312
1769586505.4432437,986,-134.55972290039062
1769586528.6140585,987,-133.9357452392578
1769586532.0343544,988,-133.97149658203125
1769586540.646534,989,-134.4578399658203
1769586542.9537423,990,-134.0787811279297
1769586545.161156,991,-133.94459533691406
1769586556.3859165,992,-134.4319610595703
1769586559.3455503,993,-135.34812927246094
1769586560.203051,994,-134.76492309570312
1769586561.47646,995,-134.79054260253906
1769586570.1166503,996,-134.7543182373047
1769586573.6380396,997,-134.40127563476562
1769586573.7618175,998,-135.3232879638672
1769586597.3945575,999,-134.394775390625
1769586602.6497386,1000,-134.31063842773438
1769586603.478341,1001,-133.7465057373047
1769586617.0355759,1002,-134.51348876953125
1769586617.9982715,1003,-134.40248107910156
1769586618.7111263,1004,-132.9637908935547
1769586624.827251,1005,-134.92515563964844
1769586648.6488562,1006,-134.66314697265625
1769586667.0078902,1007,-134.95750427246094
1769586668.3198643,1008,-136.5015106201172
1769586674.3702743,1009,-135.1038055419922
1769586677.0128322,1010,-134.7799072265625
1769586678.637284,1011,-133.46994018554688
1769586682.5029836,1012,-135.00204467773438
1769586686.707778,1013,-134.7659912109375
1769586686.832453,1014,-136.38328552246094
1769586710.7203984,1015,-134.95291137695312
1769586717.4835982,1016,-134.89849853515625
1769586718.9888897,1017,-135.8251495361328
1769586722.5403337,1018,-135.1700897216797
1769586727.598746,1019,-134.5924072265625
1769586730.8050663,1020,-134.60842895507812
1769586739.685299,1021,-135.43020629882812
1769586740.4833589,1022,-134.11801147460938
1769586745.571284,1023,-135.25265502929688
1769586758.8664465,1024,-135.19667053222656
1769586762.6252563,1025,-135.35728454589844
1769586763.716787,1026,-134.39720153808594
1769586766.0489938,1027,-135.04299926757812
1769586773.2093596,1028,-135.62619018554688
1769586784.0407262,1029,-135.394775390625
1769586791.104219,1030,-135.07708740234375
1769586797.2834287,1031,-135.35166931152344
1769586799.2704494,1032,-135.9547882080078
1769586810.4917476,1033,-135.22840881347656
1769586816.9904318,1034,-135.11643981933594
1769586823.2923398,1035,-135.5993194580078
1769586823.4222856,1036,-133.29544067382812
1769586825.5475144,1037,-134.61431884765625
1769586828.198281,1038,-135.718994140625
1769586934.3667233,1,-0.16185446083545685
1769586944.2871726,2,-0.45540496706962585
1769586950.1062913,3,-0.6466993093490601
1769586951.367244,4,-0.7386779189109802
1769586956.5831552,5,-0.7053348422050476
1769586960.573905,6,-0.6983416080474854
1769586968.8544939,7,-0.7302519679069519
1769586970.8261847,8,-0.6699029803276062
1769586971.5531073,9,-0.6942024827003479
1769586977.1584842,10,-0.7768703103065491
1769586981.005432,11,-0.8298526406288147
1769586985.4116762,12,-0.8871949911117554
1769586999.524756,13,-1.0834381580352783
1769587094.4615932,14,-1.1088179349899292
1769587096.6694148,15,-0.5502653121948242
1769587111.8813317,16,-0.4167915880680084
1769587140.2923777,17,-0.4843575954437256
1769587145.420906,18,-0.33573853969573975
1769587153.538709,19,-0.353682279586792
1769587161.78569,20,-0.5905511975288391
1769587161.9174743,21,0.34857332706451416
1769587171.2253723,22,-0.5464543104171753
1769587187.9783604,23,-0.4302254915237427
1769587199.4036376,24,-0.8232517242431641
1769587199.9096951,25,-0.2855086922645569
1769587206.5700235,26,-0.7404751777648926
1769587219.1605604,27,-1.265594720840454
1769587249.606707,28,-1.1935830116271973
1769587282.4755802,29,-1.2200757265090942
1769587318.8173726,30,-1.4768590927124023
1769587319.8673122,31,-1.7363648414611816
1769587322.553547,32,-1.5832926034927368
1769587326.4275494,33,-1.5686863660812378
1769587331.233264,34,-1.4602344036102295
1769587394.4648733,35,-2.9709932804107666
1769587399.4794762,36,-2.9812800884246826
1769587403.320005,37,-2.597560167312622
1769587433.6598015,38,-2.0966379642486572
1769587436.8300047,39,-1.7045890092849731
1769587446.2792513,40,-1.6265783309936523
1769587453.1138616,41,-1.7769089937210083
1769587465.325756,42,-1.5398468971252441
1769587465.467297,43,-1.8742502927780151
1769587468.5667558,44,-1.250773310661316
1769587480.12447,45,-1.3493965864181519
1769587496.3136377,46,-0.9710037112236023
1769587499.2414756,47,-0.8703603148460388
1769587514.8610117,48,-1.0837043523788452
1769587534.9776595,49,-1.0611791610717773
1769587564.3163128,50,-1.1198443174362183
1769587629.541554,51,-1.651902675628662
1769587647.0534368,52,-0.830604076385498
1769587654.9282153,53,-0.7507606148719788
1769587680.7737048,54,-1.1204379796981812
1769587680.9206932,55,-4.961114406585693
1769587689.7646782,56,-1.0703457593917847
1769587690.982422,57,-1.0068023204803467
1769587693.8791533,58,-0.9220687747001648
1769587707.344537,59,-0.8310796618461609
1769587720.16858,60,-0.6856793165206909
1769587720.3131487,61,2.1495730876922607
1769587730.9719615,62,-0.8538638949394226
1769587731.1040103,63,-0.4402490556240082
1769587735.385295,64,-0.47746896743774414
1769587742.4866486,65,-0.2626808285713196
1769587803.5889971,66,-1.4091695547103882
1769587816.8220522,67,-1.2786003351211548
1769587834.1681027,68,-1.3021899461746216
1769587865.1020777,69,-0.8620295524597168
1769587869.935508,70,-1.0466387271881104
1769587872.1625643,71,-1.0278289318084717
1769587874.79578,72,-0.8415123224258423
1769587885.9135396,73,-0.9121754765510559
1769587904.787783,74,-0.8300503492355347
1769587906.9521015,75,-1.084872841835022
1769587943.4039602,76,-0.6212298274040222
1769588037.0492697,77,-0.23399274051189423
1769588055.3273864,78,-0.6153579950332642
1769588059.319676,79,-0.26699110865592957
1769588070.216937,80,-0.832070529460907
1769588076.39387,81,-0.5242875814437866
1769588079.5864813,82,-0.25421664118766785
1769588086.893082,83,-0.6874212622642517
1769588123.2960641,84,-0.6144160628318787
1769588151.8661003,85,-0.4101642370223999
1769588155.1941478,86,-0.3028147518634796
1769588203.6251302,87,-0.6767162680625916
1769588253.9542406,88,-0.47076553106307983
1769588271.7536256,89,-0.5181711912155151
1769588359.4936476,90,-0.1078769788146019
1769588389.513886,91,-0.31471019983291626
1769588416.8973424,92,-0.2598934769630432
1769588439.7009947,93,-0.25792044401168823
1769588439.8392382,94,2.459141254425049
1769588457.037156,95,-0.6257720589637756
1769588504.3318262,96,-0.8170991539955139
1769588508.9326823,97,-0.8620330691337585
1769588512.0359142,98,-0.9182440638542175
1769588520.2658346,99,-1.2008023262023926
1769588525.7623236,100,-1.1489421129226685
1769588544.298839,101,-1.178342580795288
1769588550.049086,102,-1.0096741914749146
1769588558.905129,103,-1.064164400100708
1769588576.53691,104,-0.9719603657722473
1769588579.577184,105,-1.4595025777816772
1769588580.2320366,106,-1.1806182861328125
1769588589.1769965,107,-1.273083209991455
1769588593.7345176,108,-1.1962075233459473
1769588594.9995193,109,-1.41252863407135
1769588607.54165,110,-1.5697026252746582
1769588610.4263084,111,-1.426845908164978
1769588627.3906798,112,-1.162216305732727
1769588632.5104792,113,-1.227964162826538
1769588646.5677137,114,-1.3362394571304321
1769588682.2060337,115,-1.4459220170974731
1769588724.476323,116,-1.4245085716247559
1769588734.2318623,117,-1.1191622018814087
1769588801.0329363,118,-1.1348797082901
1769588802.626312,119,-1.613738775253296
1769588811.8494487,120,-1.3570659160614014
1769588815.3532639,121,-1.2002217769622803
1769588816.6193464,122,-1.980559229850769
1769588834.049252,123,-1.6002330780029297
1769588850.5548368,124,-1.4306321144104004
1769588877.730449,125,-1.4276812076568604
1769588880.65787,126,-1.9919050931930542
1769588896.7490103,127,-1.6241883039474487
1769588900.4544787,128,-1.6898695230484009
1769588900.5763893,129,0.8742029070854187
1769588905.2786644,130,-1.3358405828475952
1769588965.514239,131,-1.8181308507919312
1769588966.3015144,132,-0.8763356804847717
1769588969.669306,133,-2.1246941089630127
1769588986.1595676,134,-2.106621265411377
1769589017.636348,135,-2.022916555404663
1769589031.8706877,136,-2.131544589996338
1769589056.3194113,137,-2.066770315170288
1769589062.3521397,138,-2.427140235900879
1769589069.7875211,139,-2.0992934703826904
1769589071.4487867,140,-2.5498907566070557
1769589086.5737863,141,-2.3666329383850098
1769589116.2192917,142,-2.1540632247924805
1769589123.5943365,143,-1.72012197971344
1769589125.5195446,144,-1.7324942350387573
1769589152.4473603,145,-2.1512317657470703
1769589157.2715497,146,-2.3347742557525635
1769589175.1390572,147,-2.3338537216186523
1769589179.6183136,148,-2.3689324855804443
1769589181.6662407,149,-1.9399405717849731
1769589192.8123093,150,-2.536057949066162
1769589202.7297263,151,-2.434427499771118
1769589231.0618846,152,-2.5396502017974854
1769589257.7105517,153,-2.615550994873047
1769589259.7145908,154,-2.793879508972168
1769589259.840557,155,-1.7741845846176147
1769589270.3097086,156,-2.410125732421875
1769589282.0220926,157,-2.6324870586395264
1769589306.4755273,158,-2.741788148880005
1769589331.3987029,159,-2.760312795639038
1769589369.2298226,160,-2.7406866550445557
1769589371.5221913,161,-3.0335707664489746
1769589381.1332107,162,-3.2024359703063965
1769589382.659164,163,-2.158445358276367
1769589451.1685035,164,-2.9520673751831055
1769589460.8770623,165,-2.9978809356689453
1769589476.2202551,166,-3.1432509422302246
1769589486.6009448,167,-3.4868416786193848
1769589491.916517,168,-3.276614189147949
1769589504.9517615,169,-3.427302122116089
1769589508.109942,170,-3.226529121398926
1769589514.5190308,171,-3.46000075340271
1769589522.8463218,172,-3.4645941257476807
1769589523.0046072,173,-2.661947011947632
1769589524.3836398,174,-3.043947219848633
1769589526.4760225,175,-3.2790043354034424
1769589531.8436651,176,-3.7123770713806152
1769589531.969721,177,-5.602777004241943
1769589549.530027,178,-3.573157548904419
1769589555.3030088,179,-3.6832330226898193
1769589566.2791815,180,-3.767941474914551
1769589590.762267,181,-3.730546712875366
1769589599.5327165,182,-3.4719672203063965
1769589602.9692004,183,-3.805370330810547
1769589630.88537,184,-3.660386562347412
1769589637.2584336,185,-3.8112926483154297
1769589640.840819,186,-3.8269238471984863
1769589661.9653306,187,-2.7156028747558594
1769589666.6807084,188,-3.5108389854431152
1769589666.8117125,189,-6.057338714599609
1769589690.2052705,190,-3.7980806827545166
1769589696.4100685,191,-4.034115314483643
1769589726.1491551,192,-3.796898603439331
1769589733.1842856,193,-3.7833549976348877
1769589734.1116166,194,-4.179739952087402
1769589752.2057116,195,-3.849616050720215
1769589763.390707,196,-4.26063346862793
1769589766.140555,197,-4.362781047821045
1769589768.4821386,198,-4.5039849281311035
1769589791.2254071,199,-4.120501518249512
1769589794.7533858,200,-3.7083380222320557
1769589801.6261604,201,-4.017279624938965
1769589869.8264577,202,-4.339229106903076
1769589893.5440512,203,-4.444788932800293
1769589900.6364734,204,-4.401435375213623
1769589904.7096717,205,-4.369295120239258
1769589907.117762,206,-4.436430931091309
1769589931.8037286,207,-4.604344844818115
1769589931.9464643,208,-4.297619819641113
1769589936.4685645,209,-4.5625505447387695
1769589956.055176,210,-4.820614337921143
1769589980.2148998,211,-4.910968780517578
1769590067.140698,212,-5.134866237640381
1769590072.6453755,213,-5.2243523597717285
1769590126.760747,214,-5.069572448730469
1769590132.441875,215,-5.284265518188477
1769590136.4069424,216,-5.071811676025391
1769590162.599547,217,-5.134446144104004
1769590165.287001,218,-5.409560203552246
1769590173.3542154,219,-5.14479923248291
1769590190.7253768,220,-5.320425510406494
1769590192.7270734,221,-5.01736307144165
1769590211.5393114,222,-5.437732219696045
1769590221.5062728,223,-5.526215553283691
1769590223.6446664,224,-5.526386737823486
1769590271.7813168,225,-5.404471397399902
1769590271.9598,226,-4.141442775726318
1769590286.8801498,227,-5.280280590057373
1769590291.7183318,228,-5.472215175628662
1769590316.6052086,229,-5.5489301681518555
1769590348.9509182,230,-5.495418071746826
1769590395.1317534,231,-5.645717620849609
1769590407.502775,232,-5.481326580047607
1769590413.0167167,233,-5.397392749786377
1769590417.238395,234,-5.7644453048706055
1769590417.374248,235,-6.085054397583008
1769590425.7287984,236,-5.976074695587158
1769590435.7867024,237,-5.675388813018799
1769590457.6747375,238,-5.74556303024292
1769590466.5300765,239,-5.978964805603027
1769590474.9094932,240,-5.675336837768555
1769590475.0380123,241,-7.406079292297363
1769590521.5006082,242,-5.823156833648682
1769590536.5848062,243,-6.011638641357422
1769590553.932231,244,-6.238862037658691
1769590575.9432688,245,-6.444289207458496
1769590578.6294708,246,-6.120179653167725
1769590593.1448438,247,-6.403809547424316
1769590597.5769835,248,-6.228470325469971
1769590620.615048,249,-6.4299492835998535
1769590641.5287895,250,-6.585905075073242
1769590765.6054018,251,-6.049127578735352
1769590803.2996006,252,-6.011984348297119
1769590806.7225463,253,-5.67840051651001
1769590806.8458967,254,-6.070497035980225
1769590815.4548178,255,-6.100390434265137
1769590822.435313,256,-5.921812057495117
1769590828.298371,257,-6.094173908233643
1769590835.0806615,258,-5.981173038482666
1769590856.65271,259,-6.03237247467041
1769590917.5737371,260,-6.066014289855957
1769590923.2134554,261,-5.880551815032959
1769590929.4449415,262,-5.820550918579102
1769590929.600362,263,-8.075406074523926
1769590943.5936255,264,-6.095086574554443
1769590950.5099528,265,-5.5587897300720215
1769590950.6372204,266,-5.681527137756348
1769590960.548776,267,-5.629429340362549
1769590966.2678363,268,-6.010903358459473
1769590973.721524,269,-5.78051233291626
1769590974.992258,270,-5.930697441101074
1769590984.932455,271,-6.060662746429443
1769590990.5566373,272,-6.056816577911377
1769591009.7213867,273,-6.056329250335693
1769591074.886158,274,-5.9677324295043945
1769591082.7681835,275,-5.923697471618652
1769591094.3155,276,-6.116094589233398
1769591096.6485,277,-6.138493537902832
1769591108.0475655,278,-6.04971170425415
1769591108.1887748,279,-3.706735610961914
1769591118.410086,280,-5.951286315917969
1769591123.8831863,281,-6.254302501678467
1769591155.503087,282,-5.946939945220947
1769591161.8663821,283,-6.1227803230285645
1769591166.6490526,284,-5.901975631713867
1769591168.297376,285,-6.064452648162842
1769591172.5540652,286,-5.924360752105713
1769591245.5033965,287,-5.990476608276367
1769591245.699986,288,-5.96433687210083
1769591258.3021386,289,-6.2324957847595215
1769591273.5366645,290,-6.192104339599609
1769591328.0348291,291,-6.257583141326904
1769591337.2770703,292,-6.0045976638793945
1769591342.6639388,293,-5.930004119873047
1769591354.6567104,294,-6.1908087730407715
1769591363.66358,295,-6.10988712310791
1769591364.163502,296,-5.6082844734191895
1769591370.4107764,297,-6.107366561889648
1769591409.4860885,298,-6.1296916007995605
1769591410.060089,299,-5.653629302978516
1769591414.4605997,300,-5.9412665367126465
1769591424.842922,301,-6.279314041137695
1769591430.2081375,302,-6.134256839752197
1769591453.958435,303,-6.167450428009033
1769591471.5548065,304,-6.316931247711182
1769591492.9507945,305,-6.150928974151611
1769591520.157931,306,-6.371877193450928
1769591539.883808,307,-6.335077285766602
1769591540.0293937,308,-6.210042476654053
1769591540.1576288,309,-5.185630798339844
1769591544.6180716,310,-6.689924240112305
1769591547.7148721,311,-6.300621509552002
1769591626.7974393,312,-6.544040679931641
1769591636.8975086,313,-6.774359226226807
1769591642.078276,314,-6.7491841316223145
1769591642.2055786,315,-5.927311897277832
1769591645.8461359,316,-6.534615516662598
1769591647.6630316,317,-7.167809963226318
1769591684.484476,318,-6.68142032623291
1769591697.326704,319,-7.009742736816406
1769591780.4228277,320,-6.703917026519775
1769591780.5468664,321,-5.799488067626953
1769591789.0035079,322,-7.132589340209961
1769591795.222998,323,-6.746400356292725
1769591906.99919,324,-6.834702014923096
1769591917.479862,325,-6.708320617675781
1769591922.0764508,326,-7.400248050689697
1769591952.9199302,327,-6.942767143249512
1769591953.0833626,328,-6.246413707733154
1769591959.3646975,329,-7.5024733543396
1769591966.0065594,330,-7.392977714538574
1769591969.6756308,331,-7.54235315322876
1769591983.0717838,332,-7.003373622894287
1769591997.3990889,333,-7.333409786224365
1769592004.0430472,334,-7.297896385192871
1769592043.896935,335,-6.964940547943115
1769592048.9197958,336,-7.181299686431885
1769592050.747297,337,-7.19192361831665
1769592053.8251662,338,-6.668542861938477
1769592064.4785123,339,-7.150217533111572
1769592070.8991847,340,-6.864352226257324
1769592097.5696838,341,-7.526033401489258
1769592131.0163543,342,-7.774563789367676
1769592170.3350568,343,-7.297235488891602
1769592186.3504229,344,-7.405344486236572
1769592193.8688502,345,-7.587737083435059
1769592201.817474,346,-7.78665018081665
1769592212.0040371,347,-7.280444622039795
1769592219.82992,348,-7.668146133422852
1769592220.7399235,349,-7.9649977684021
1769592252.7012265,350,-7.818080425262451
1769592363.2550256,351,-7.667438983917236
1769592381.0342078,352,-7.885244846343994
1769592383.1635349,353,-8.00246524810791
1769592386.798509,354,-7.9096269607543945
1769592394.374246,355,-8.19343090057373
1769592395.2945483,356,-8.13411808013916
1769592420.5342224,357,-8.276544570922852
1769592478.3293052,358,-8.388219833374023
1769592480.780569,359,-8.069137573242188
1769592511.838175,360,-8.476616859436035
1769592544.9315932,361,-8.572800636291504
1769592547.3504684,362,-8.65382194519043
1769592550.7795358,363,-8.625760078430176
1769592570.4069507,364,-8.76112174987793
1769592572.8896105,365,-8.987203598022461
1769592577.1450915,366,-8.654985427856445
1769592597.3758695,367,-8.939691543579102
1769592619.2410254,368,-8.629074096679688
1769592633.4177032,369,-8.692475318908691
1769592647.0794535,370,-8.853492736816406
1769592685.350128,371,-8.860523223876953
1769592685.5121756,372,-9.296603202819824
1769592704.373468,373,-9.001811027526855
1769592717.1354036,374,-9.153518676757812
1769592729.641251,375,-9.235058784484863
1769592733.787666,376,-8.734392166137695
1769592742.5179026,377,-9.294502258300781
1769592742.652897,378,-8.468452453613281
1769592832.4086382,379,-9.627923965454102
1769592905.8793645,380,-9.304556846618652
1769592956.6951447,381,-9.975160598754883
1769592956.861937,382,-9.686736106872559
1769592992.0328357,383,-10.111858367919922
1769593012.8270302,384,-10.128137588500977
1769593019.919232,385,-10.314032554626465
1769593035.8381999,386,-10.31796646118164
1769593061.4549594,387,-10.114762306213379
1769593079.9798608,388,-10.610011100769043
1769593098.1088438,389,-10.600759506225586
1769593098.402432,390,-10.620189666748047
1769593103.3050652,391,-10.705881118774414
1769593108.8926947,392,-10.330869674682617
1769593118.617961,393,-10.932558059692383
1769593183.1710663,394,-10.639440536499023
1769593184.767607,395,-10.991010665893555
1769593198.601267,396,-10.89566707611084
1769593211.1979592,397,-10.853899002075195
1769593223.7231524,398,-11.1747465133667
1769593226.4058034,399,-10.75341796875
1769593238.1244268,400,-10.917991638183594
1769593245.2520213,401,-11.279680252075195
1769593266.9831345,402,-11.20053768157959
1769593282.2650168,403,-11.294231414794922
1769593282.4043405,404,-8.601656913757324
1769593282.5263672,405,-8.190799713134766
1769593300.9043207,406,-11.309412002563477
1769593306.6526387,407,-11.52584457397461
1769593310.3044171,408,-11.345345497131348
1769593362.3611794,409,-11.781328201293945
1769593367.599377,410,-11.839649200439453
1769593379.8945289,411,-12.124340057373047
1769593382.670408,412,-11.908241271972656
1769593391.852918,413,-12.218393325805664
1769593391.9966464,414,-13.254788398742676
1769593412.1857362,415,-12.313157081604004
1769593412.3305461,416,-13.219700813293457
1769593445.9499443,417,-12.440303802490234
1769593454.936917,418,-12.385398864746094
1769593460.902649,419,-12.418808937072754
1769593477.5058434,420,-12.685829162597656
1769593502.3995316,421,-12.753628730773926
1769593560.864027,422,-12.663586616516113
1769593575.6079931,423,-12.97750186920166
1769593584.6490097,424,-13.203390121459961
1769593591.1200793,425,-13.094154357910156
1769593592.6735983,426,-12.889395713806152
1769593594.2968726,427,-13.163700103759766
1769593632.744837,428,-13.510221481323242
1769593632.9059772,429,-10.817911148071289
1769593850.4102633,430,-14.287343978881836
1769593986.2633867,431,-15.517169952392578
1769594013.8648975,432,-16.261138916015625
1769594014.0189292,433,-15.202560424804688
1769594026.4908273,434,-16.43545150756836
1769594034.5758998,435,-16.074851989746094
1769594061.5151963,436,-16.763530731201172
1769594083.650051,437,-16.913883209228516
1769594089.6975503,438,-17.139108657836914
1769594089.8268564,439,-12.194543838500977
1769594114.8273065,440,-17.27535057067871
1769594187.2758107,441,-17.565216064453125
1769594277.0556116,442,-18.031291961669922
1769594285.6061475,443,-17.845422744750977
1769594292.3742142,444,-18.099332809448242
1769594302.9745,445,-18.0212345123291
1769594317.9878526,446,-18.49919891357422
1769594342.1192214,447,-18.47178077697754
1769594351.0874152,448,-18.82798194885254
1769594365.0690176,449,-19.017627716064453
1769594383.4618974,450,-18.730518341064453
1769594410.8472962,451,-18.916776657104492
1769594449.2218997,452,-19.171009063720703
1769594453.1982415,453,-19.07915687561035
1769594455.2709696,454,-18.784183502197266
1769594461.359193,455,-19.31821632385254
1769594524.175186,456,-19.62936782836914
1769594585.084605,457,-19.95287322998047
1769594629.6367815,458,-15.729082107543945
1769594629.7589164,459,-21.10044288635254
1769594637.575629,460,-20.532142639160156
1769594658.58638,461,-20.539640426635742
1769594661.7588277,462,-20.31197738647461
1769594690.2746682,463,-20.55428695678711
1769594726.4269798,464,-20.77808380126953
1769594762.6825836,465,-21.01578712463379
1769594778.3170884,466,-21.28260040283203
1769594780.417167,467,-21.67888832092285
1769594805.892956,468,-21.497652053833008
1769594825.1159148,469,-21.60594367980957
1769594832.760838,470,-21.490999221801758
1769594832.8935533,471,-20.476327896118164
1769594837.064638,472,-22.569181442260742
1769594912.2482457,473,-22.188282012939453
1769594977.981205,474,-22.677330017089844
1769594983.495739,475,-22.661766052246094
1769594983.6531546,476,-24.063064575195312
1769594989.5522041,477,-22.310848236083984
1769594992.4001486,478,-22.545713424682617
1769595023.3519328,479,-22.802047729492188
1769595028.2768455,480,-22.37171745300293
1769595035.9575317,481,-22.821008682250977
1769595049.8995738,482,-22.939647674560547
1769595072.4239788,483,-23.170209884643555
1769595094.4748557,484,-23.013294219970703
1769595098.8596716,485,-22.725133895874023
1769595154.7105258,486,-23.03765869140625
1769595159.229432,487,-23.14519691467285
1769595195.9060395,488,-23.34711456298828
1769595205.4446921,489,-23.557727813720703
1769595214.8424387,490,-23.530691146850586
1769595250.7730944,491,-23.680021286010742
1769595260.7150874,492,-23.73618507385254
1769595261.3289428,493,-23.77788734436035
1769595263.7699482,494,-23.93753433227539
1769595273.4157794,495,-23.729053497314453
1769595351.5352871,496,-23.938583374023438
1769595372.425831,497,-23.97624969482422
1769595412.6675215,498,-24.20419692993164
1769595419.1777186,499,-24.1158447265625
1769595419.4262857,500,-25.901113510131836
1769595434.2525015,501,-24.290382385253906
1769595437.9940648,502,-24.0670166015625
1769595445.4094868,503,-24.576719284057617
1769595479.8721988,504,-24.5207462310791
1769595495.334905,505,-24.44341278076172
1769595513.3696845,506,-24.764217376708984
1769595521.2824116,507,-24.55197525024414
1769595524.47462,508,-24.71234893798828
1769595531.9605663,509,-24.700544357299805
1769595532.0933607,510,-26.66900062561035
1769595534.247557,511,-25.39643096923828
1769595541.7860255,512,-25.09649085998535
1769595543.6596959,513,-25.181276321411133
1769595558.7136385,514,-24.78092384338379
1769595592.719284,515,-25.072511672973633
1769595601.1886537,516,-25.33438491821289
1769595631.3261652,517,-25.1186580657959
1769595740.64185,518,-25.085329055786133
1769595761.473769,519,-24.948074340820312
1769595769.3732142,520,-25.3247127532959
1769595797.596962,521,-25.182321548461914
1769595848.668251,522,-25.318084716796875
1769595851.2551873,523,-25.340238571166992
1769595853.2539382,524,-26.097904205322266
1769595855.9781618,525,-25.732257843017578
1769595880.094732,526,-25.415481567382812
1769595885.4321609,527,-25.43541145324707
1769595897.915249,528,-25.455018997192383
1769595898.0457013,529,-27.684423446655273
1769595975.0030067,530,-25.609878540039062
1769596008.1312373,531,-25.60584259033203
1769596011.3327804,532,-26.026521682739258
1769596052.0038154,533,-25.688194274902344
1769596118.1861289,534,-25.822423934936523
1769596195.8490973,535,-25.722579956054688
1769596199.0463414,536,-25.69384765625
1769596199.2952425,537,-27.187767028808594
1769596200.9415932,538,-25.85811996459961
1769596233.257423,539,-25.95784568786621
1769596271.500053,540,-26.100906372070312
1769596277.7349572,541,-26.017398834228516
1769596297.760583,542,-26.423383712768555
1769596306.7821836,543,-26.324262619018555
1769596329.1158023,544,-26.014141082763672
1769596329.5904303,545,-25.03424835205078
1769596340.9027593,546,-26.109405517578125
1769596353.6722317,547,-26.452632904052734
1769596367.7728775,548,-26.08434295654297
1769596379.6941438,549,-26.53559684753418
1769596532.7391574,550,-26.25657081604004
1769596539.9954567,551,-26.221418380737305
1769596540.6021547,552,-24.738378524780273
1769596605.4332833,553,-26.21739959716797
1769596609.8041816,554,-26.220457077026367
1769596621.852279,555,-26.477733612060547
1769596628.9843411,556,-25.769529342651367
1769596643.7813976,557,-26.59223175048828
1769596666.0782628,558,-26.481679916381836
1769596673.366076,559,-26.41653823852539
1769596682.575405,560,-26.61318588256836
1769596731.30336,561,-26.191478729248047
1769596733.0022519,562,-27.540851593017578
1769596744.5366552,563,-26.36341094970703
1769596744.6695416,564,-25.549028396606445
1769596752.0161579,565,-25.968446731567383
1769596787.6469412,566,-26.342859268188477
1769596854.5662527,567,-26.02019691467285
1769596896.1311588,568,-26.352630615234375
1769596914.029564,569,-26.432998657226562
1769596916.6857,570,-26.790132522583008
1769596946.7590618,571,-26.77408218383789
1769596990.3666577,572,-26.413095474243164
1769597105.1331751,573,-26.132749557495117
1769597114.2106524,574,-26.301881790161133
1769597121.4182796,575,-26.386905670166016
1769597124.2036428,576,-25.96786117553711
1769597156.702359,577,-26.17302131652832
1769597274.359066,578,-26.454072952270508
1769597298.8067842,579,-26.12250328063965
1769597321.8732598,580,-26.42332649230957
1769597364.5365498,581,-26.276123046875
1769597371.1777484,582,-27.007524490356445
1769597373.2544403,583,-25.510530471801758
1769597373.380933,584,-24.378150939941406
1769597385.256059,585,-26.37809944152832
1769597391.0352197,586,-26.940876007080078
1769597400.544083,587,-26.5499267578125
1769597411.0435371,588,-26.61107063293457
1769597427.6506755,589,-26.790653228759766
1769597439.8158045,590,-26.543651580810547
1769597454.721971,591,-26.70731544494629
1769597503.9414139,592,-26.608686447143555
1769597517.4438486,593,-26.654165267944336
1769597531.5689917,594,-26.75922393798828
1769597536.7737286,595,-26.3840274810791
1769597584.4920006,596,-26.79159164428711
1769597673.900556,597,-26.904617309570312
1769597695.7133975,598,-26.936168670654297
1769597714.0156567,599,-26.88941192626953
1769597742.1785202,600,-27.132776260375977
1769597890.7417076,601,-26.87900733947754
1769597957.3527646,602,-26.406497955322266
1769598069.4361877,603,-26.502643585205078
1769598173.2184927,604,-26.435302734375
1769598190.4265282,605,-26.538753509521484
1769598219.7974274,606,-26.6851806640625
1769598220.4218535,607,-25.433467864990234
1769598249.6053286,608,-26.378028869628906
1769598261.655893,609,-26.353118896484375
1769598281.4174962,610,-26.882822036743164
1769598312.8039258,611,-26.469297409057617
1769598371.6517587,612,-27.023174285888672
1769598383.0694587,613,-26.734695434570312
1769598390.7124348,614,-26.686580657958984
1769598427.1953037,615,-26.88567352294922
1769598443.2942185,616,-27.064828872680664
1769598480.4696453,617,-27.254735946655273
1769598484.2505527,618,-26.77460289001465
1769598485.783275,619,-25.992307662963867
1769598507.8876796,620,-27.166688919067383
1769598510.2301319,621,-26.732072830200195
1769598547.7860136,622,-27.305034637451172
1769598553.9280183,623,-27.2640380859375
1769598554.0531802,624,-25.217605590820312
1769598582.2975478,625,-27.257619857788086
1769598603.3809354,626,-26.921314239501953
1769598669.3816288,627,-27.349605560302734
1769598744.2561033,628,-25.897417068481445
1769598745.467149,629,-27.198823928833008
1769598745.5929437,630,-33.17835235595703
1769598795.2740738,631,-27.617393493652344
1769598825.4944456,632,-28.051753997802734
1769598862.7000768,633,-27.66422462463379
1769598870.3756325,634,-27.422502517700195
1769598893.5994637,635,-28.11490249633789
1769598912.421777,636,-27.686601638793945
1769598921.4721725,637,-27.385488510131836
1769598945.6670895,638,-27.869909286499023
1769598996.4165616,639,-28.093053817749023
1769599004.8682315,640,-28.403261184692383
1769599155.763005,641,-28.326541900634766
1769599292.0983105,642,-28.980770111083984
1769599313.8316822,643,-28.67506980895996
1769599316.6040502,644,-28.90814208984375
1769599319.183744,645,-28.507524490356445
1769599332.0950034,646,-28.83936882019043
1769599336.599915,647,-28.59266471862793
1769599336.7313578,648,-30.396209716796875
1769599349.9677374,649,-29.2105655670166
1769599356.9663422,650,-29.568246841430664
1769599364.9285982,651,-28.270612716674805
1769599459.0085254,652,-29.31463623046875
1769599512.0471919,653,-29.581968307495117
1769599676.3532906,654,-29.848875045776367
1769599686.5891333,655,-29.59742546081543
1769599688.478797,656,-29.18832015991211
1769599704.0683053,657,-30.0303897857666
1769599707.803273,658,-30.659568786621094
1769599743.0786111,659,-29.747220993041992
1769599783.0127022,660,-29.676143646240234
1769599791.883745,661,-30.174320220947266
1769599797.663072,662,-29.336078643798828
1769599809.7634585,663,-29.489858627319336
1769599827.8443685,664,-29.892702102661133
1769599827.995599,665,-23.207056045532227
1769599838.5390446,666,-29.721521377563477
1769599895.5678148,667,-30.38740348815918
1769600013.679598,668,-30.209148406982422
1769600024.5037992,669,-30.112239837646484
1769600079.8428805,670,-30.589874267578125
1769600127.9475489,671,-30.268465042114258
1769600136.950669,672,-30.45804786682129
1769600206.3535762,673,-31.20943832397461
1769600273.4632084,674,-31.613927841186523
1769600287.6442037,675,-31.863813400268555
1769600408.6192956,676,-31.714632034301758
1769600417.5334039,677,-31.556991577148438
1769600428.0482533,678,-31.138940811157227
1769600432.5693793,679,-31.936140060424805
1769600467.2323813,680,-31.88493537902832
1769600472.2714558,681,-32.338077545166016
1769600484.4858983,682,-32.4295768737793
1769600506.083942,683,-31.826400756835938
1769600511.0971315,684,-31.85068130493164
1769600769.051133,685,-31.817228317260742
1769600873.4085753,686,-32.70065689086914
1769600947.2428665,687,-32.80227279663086
1769600960.277671,688,-33.0230827331543
1769600963.3332078,689,-32.76534652709961
1769600968.8023863,690,-32.618797302246094
1769600979.1580029,691,-33.4784049987793
1769600985.3395014,692,-33.419189453125
1769600989.8649132,693,-33.4971923828125
1769601011.549057,694,-33.41730880737305
1769601017.6855888,695,-32.881839752197266
1769601182.5903554,696,-32.910823822021484
1769601256.918874,697,-32.97747039794922
1769601267.2641678,698,-33.046424865722656
1769601267.8733428,699,-31.686059951782227
1769601271.1359687,700,-33.329673767089844
1769601289.6458032,701,-33.586631774902344
1769601302.2366858,702,-33.145294189453125
1769601307.9788482,703,-33.083560943603516
1769601333.068608,704,-33.290794372558594
1769601347.7506812,705,-33.87649917602539
1769601381.3393843,706,-33.99906921386719
1769601410.0786822,707,-34.53061294555664
1769601450.3826134,708,-34.28194808959961
1769601591.5020711,709,-36.78953170776367
1769601607.014547,710,-34.156368255615234
1769601610.1887171,711,-34.712825775146484
1769601622.5620737,712,-34.66489028930664
1769601636.545063,713,-34.43254852294922
1769601653.3996437,714,-34.60704803466797
1769601688.9639883,715,-34.61439514160156
1769601714.177616,716,-35.37169647216797
1769601720.9228747,717,-35.41798782348633
1769601732.656277,718,-34.59911346435547
1769601745.1020477,719,-35.49840545654297
1769601770.811887,720,-35.19499206542969
1769601803.4803505,721,-35.424285888671875
1769601824.6221921,722,-35.3782958984375
1769601830.2373075,723,-36.032466888427734
1769601843.2068372,724,-35.94677734375
1769601851.5600343,725,-35.96272277832031
1769601894.703979,726,-35.98170852661133
1769601977.287738,727,-35.964698791503906
1769601981.5159028,728,-36.80813217163086
1769602008.297929,729,-36.17262649536133
1769602095.6134646,730,-36.17170333862305
1769602095.831445,731,-37.133460998535156
1769602103.873445,732,-36.09683609008789
1769602108.3514702,733,-36.12791061401367
1769602115.2687378,734,-36.01533508300781
1769602115.3977308,735,-31.04388427734375
1769602116.5239737,736,-36.68619155883789
1769602160.8073785,737,-36.24272918701172
1769602164.1981366,738,-37.24180603027344
1769602189.764073,739,-36.40411376953125
1769602194.6848955,740,-35.829532623291016
1769602203.7774978,741,-36.5859260559082
1769602230.6305995,742,-36.69810485839844
1769602240.6734188,743,-36.53326416015625
1769602254.0397916,744,-36.456398010253906
1769602265.0479884,745,-36.98439025878906
1769602361.9946218,746,-37.866798400878906
1769602372.972652,747,-36.391056060791016
1769602413.4675925,748,-36.783103942871094
1769602437.251632,749,-36.72570037841797
1769602439.402919,750,-37.35869216918945
1769602442.1849065,751,-38.09292221069336
1769602442.310797,752,-31.613393783569336
1769602463.3913372,753,-37.0925178527832
1769602520.6372838,754,-36.46778869628906
1769602535.7802622,755,-36.69166564941406
1769602535.9310505,756,-38.456275939941406
1769602536.968094,757,-37.41320037841797
1769602552.8694508,758,-36.957366943359375
1769602567.7980297,759,-37.25212860107422
1769602593.7321439,760,-36.940452575683594
1769602605.0995135,761,-37.000736236572266
1769602634.8454916,762,-37.0736083984375
1769602636.918045,763,-37.179283142089844
1769602637.7672336,764,-39.6727409362793
1769602644.8880947,765,-38.46188735961914
1769602745.4965153,766,-36.86511993408203
1769602881.1000755,767,-41.59198760986328
1769602894.7845562,768,-37.04113006591797
1769602917.679538,769,-36.961429595947266
1769602960.9580595,770,-37.34082794189453
1769603083.0551255,771,-36.94361114501953
1769603122.4859164,772,-37.21495819091797
1769603200.7741232,773,-36.69864273071289
1769603227.7506773,774,-37.19009017944336
1769603272.737175,775,-37.23057556152344
1769603273.0308862,776,-36.2979850769043
1769603277.2085657,777,-37.37057876586914
1769603281.918861,778,-36.60493850708008
1769603282.7209482,779,-37.80152893066406
1769603284.203862,780,-35.34315490722656
1769603284.3287609,781,-42.18012619018555
1769603298.6957755,782,-37.40883255004883
1769603312.0516639,783,-36.831138610839844
1769603313.3519971,784,-35.99859619140625
1769603336.6587486,785,-37.07191848754883
1769603392.9507282,786,-36.93974304199219
1769603398.0644703,787,-38.31025314331055
1769603404.673565,788,-37.15637969970703
1769603444.0132768,789,-37.0216064453125
1769603449.562734,790,-37.5533447265625
1769603469.9795117,791,-36.78501892089844
1769603473.2916465,792,-37.37733840942383
1769603493.8859694,793,-36.66876220703125
1769603578.5404954,794,-37.23093032836914
1769603578.6935391,795,-35.57836151123047
1769603590.4575696,796,-37.342933654785156
1769603653.9345248,797,-36.85185623168945
1769603654.1352808,798,-33.40205764770508
1769603684.928823,799,-37.08924102783203
1769603685.0886347,800,-42.228057861328125
1769603701.8452983,801,-36.79590606689453
1769603707.2993867,802,-37.42767333984375
1769603710.733135,803,-37.13719177246094
1769603792.775241,804,-37.31888961791992
1769603792.989198,805,-37.11369705200195
1769603805.1915553,806,-37.12361145019531
1769603826.915798,807,-37.46034622192383
1769603845.0804148,808,-37.61513900756836
1769603971.3523827,809,-37.096290588378906
1769604017.0263834,810,-37.15477752685547
1769604077.7909431,811,-37.03456497192383
1769604092.2319798,812,-37.00383758544922
1769604092.3768606,813,-34.275550842285156
1769604095.3544993,814,-37.631675720214844
1769604109.1442251,815,-37.1927375793457
1769604149.8865376,816,-36.998626708984375
1769604177.0333712,817,-36.93977737426758
1769604196.5491173,818,-37.465545654296875
1769604246.1703534,819,-37.05937576293945
1769604250.185715,820,-37.479698181152344
1769604275.3296661,821,-37.33984375
1769604339.763905,822,-36.685546875
1769604349.3376274,823,-37.023582458496094
1769604373.4410086,824,-37.52983856201172
1769604386.368031,825,-37.37785339355469
1769604389.5262787,826,-36.6024055480957
1769604389.6555674,827,-36.458526611328125
1769604393.8184202,828,-36.80379104614258
1769604400.2519777,829,-36.58686447143555
1769604680.4758976,830,-36.26317596435547
1769604742.3161492,831,-36.29355239868164
1769604742.441116,832,-30.33997917175293
1769604757.5448616,833,-36.32168197631836
1769604814.8954158,834,-35.812889099121094
1769604940.7419505,835,-35.757877349853516
1769604940.9911768,836,-37.90632247924805
1769604948.824288,837,-35.06212615966797
1769604951.9100628,838,-35.47471237182617
1769604986.444609,839,-35.47410202026367
1769604996.8789186,840,-36.07728576660156
1769605113.7928166,841,-34.350379943847656
1769605139.6544862,842,-35.471675872802734
1769605139.8109882,843,-23.46217155456543
1769605141.5786033,844,-34.523773193359375
1769605145.2248356,845,-35.588531494140625
1769605162.152576,846,-35.32309341430664
1769605183.1899865,847,-35.24939727783203
1769605188.0257404,848,-35.37346649169922
1769605210.9404023,849,-34.892677307128906
1769605229.6513543,850,-35.277584075927734
1769605240.5446265,851,-35.57552719116211
1769605311.4257677,852,-35.5701904296875
1769605334.532963,853,-35.58103561401367
1769605396.424418,854,-35.40638732910156
1769605429.3472853,855,-35.682464599609375
1769605565.443376,856,-35.54805374145508
1769605611.2445662,857,-35.348876953125
1769605700.3600354,858,-35.20026779174805
1769605700.5860121,859,-32.08245849609375
1769605708.3538647,860,-35.1484375
1769605874.571518,861,-35.093509674072266
1769605961.9676464,862,-35.30170822143555
1769605969.039558,863,-34.62321090698242
1769613168.813465,1,-0.13417069613933563
1769613175.8514192,2,-0.299405038356781
1769613183.3464148,3,-0.5936000943183899
1769613227.1138163,4,-1.2359222173690796
1769613227.2693365,5,-1.6115928888320923
1769613250.0310602,6,-1.5431668758392334
1769613266.0263016,7,-1.7041370868682861
1769613268.1029415,8,-1.9994893074035645
1769613268.2298274,9,-2.306276798248291
1769613274.7332637,10,-2.002929925918579
1769613291.610829,11,-2.1195321083068848
1769613292.2270813,12,-1.8587994575500488
1769613321.4648664,13,-1.7061587572097778
1769613322.996768,14,-1.3058627843856812
1769613329.5271513,15,-1.2674978971481323
1769613329.654175,16,-1.4414042234420776
1769613339.2630665,17,-1.2798782587051392
1769613339.3890822,18,-0.7414245009422302
1769613339.5151978,19,-0.5176551342010498
1769613342.0532722,20,-1.2019481658935547
1769613367.951296,21,-1.497660517692566
1769613371.0453033,22,-1.2235764265060425
1769613376.6057172,23,-1.0250887870788574
1769613384.4503472,24,-0.8310189247131348
1769613389.0472033,25,-0.9353702068328857
1769613402.0388749,26,-1.0735385417938232
1769613416.3908768,27,-1.2267791032791138
1769613425.6104844,28,-1.031309962272644
1769613432.2432716,29,-0.6665242910385132
1769613432.3679774,30,-3.2727138996124268
1769613435.1472569,31,-0.8597702980041504
1769613435.274627,32,-0.8271816372871399
1769613438.3553843,33,-0.7262437343597412
1769613466.5798163,34,-0.8379191756248474
1769613498.5409667,35,-0.38010549545288086
1769613504.133528,36,-0.23817792534828186
1769613524.63604,37,-0.08111834526062012
1769613548.4995778,38,0.11047104001045227
1769613552.0824904,39,0.31636175513267517
1769613562.3313417,40,-0.010969211347401142
1769613562.4599237,41,0.7418836951255798
1769613563.4124134,42,-0.5382480025291443
1769613573.1960611,43,0.1529746651649475
1769613575.3258064,44,-0.2707687020301819
1769613581.3750136,45,-0.08534705638885498
1769613587.6937544,46,0.01948588341474533
1769613626.7038639,47,-0.09410370141267776
1769613643.7608783,48,-0.0035470211878418922
1769613643.8928342,49,2.5217082500457764
1769613645.3209198,50,-0.07572738826274872
1769613649.7772655,51,-0.4654628336429596
1769613662.6327922,52,-0.20748355984687805
1769613666.6845474,53,0.08973892033100128
1769613683.3806098,54,-0.16980189085006714
1769613684.5904052,55,-0.11989405006170273
1769613689.9196599,56,-0.6977652311325073
1769613696.9537485,57,-0.537272572517395
1769613703.9198854,58,-0.036862123757600784
1769613719.8645635,59,-0.8633235096931458
1769613723.991801,60,-0.8559271097183228
1769613738.741958,61,-0.8308396935462952
1769613741.799183,62,-0.9483071565628052
1769613743.738983,63,-0.6475930213928223
1769613790.2457829,64,-1.4155340194702148
1769613875.2154868,65,-1.5146105289459229
1769613889.19857,66,-1.8143478631973267
1769613898.8441994,67,-1.9631999731063843
1769613937.4359086,68,-1.0643322467803955
1769613956.4720457,69,-0.7618975043296814
1769613960.2586987,70,-0.9957030415534973
1769613963.4524608,71,-1.2288669347763062
1769613969.5329232,72,-0.9779133200645447
1769613976.2360296,73,-0.7954030632972717
1769614013.270595,74,-1.4625849723815918
1769614013.4194958,75,1.3807896375656128
1769614013.7136798,76,-2.6125693321228027
1769614016.7842638,77,-1.3639408349990845
1769614021.873182,78,-1.1338979005813599
1769614055.0549438,79,-1.5546414852142334
1769614063.4293263,80,-1.6091705560684204
1769614067.0568125,81,-1.9808313846588135
1769614086.4270341,82,-1.5891392230987549
1769614087.983662,83,-1.5790306329727173
1769614090.0233142,84,-1.9038887023925781
1769614098.6021616,85,-1.3347119092941284
1769614099.0983348,86,-2.2853407859802246
1769614101.872847,87,-1.6803958415985107
1769614126.9578626,88,-1.8905086517333984
1769614141.743487,89,-1.5516233444213867
1769614141.8750954,90,-3.0278823375701904
1769614144.8068829,91,-2.2113592624664307
1769614144.9336295,92,-2.7257838249206543
1769614152.5397618,93,-2.152524709701538
1769614167.7949612,94,-2.2694952487945557
1769614284.526455,95,-2.154231309890747
1769614298.0201662,96,-2.566843271255493
1769614338.5427794,97,-2.447512149810791
1769614364.7562718,98,-2.2234537601470947
1769614370.0411904,99,-2.2789499759674072
1769614410.5285594,100,-2.699488639831543
1769614416.8142188,101,-2.6516177654266357
1769614461.3557196,102,-2.1110687255859375
1769614467.098873,103,-2.4753031730651855
1769614494.869412,104,-1.7390105724334717
1769614514.0276976,105,-1.8842800855636597
1769614519.949219,106,-2.1638357639312744
1769614520.5628798,107,-2.941669225692749
1769614531.802289,108,-1.8822824954986572
1769614534.9512742,109,-1.9780257940292358
1769614580.765027,110,-1.844974160194397
1769614638.0651863,111,-1.8912709951400757
1769614641.7987678,112,-2.302757501602173
1769614857.5361528,113,-2.7055094242095947
1769614862.7267172,114,-2.9057483673095703
1769614862.8886387,115,-2.891796112060547
1769614863.0160117,116,-3.088296890258789
1769614864.5432029,117,-2.6684093475341797
1769614883.8935661,118,-3.0632925033569336
1769614884.03039,119,-7.3949480056762695
1769614890.1722932,120,-2.5997960567474365
1769614906.3024354,121,-2.961970329284668
1769614959.9926772,122,-2.9842729568481445
1769615008.3159895,123,-3.4831509590148926
1769615026.03155,124,-3.153777837753296
1769615043.984718,125,-3.2956345081329346
1769615054.2990503,126,-3.457489252090454
1769615072.2304103,127,-3.3346059322357178
1769615079.252581,128,-3.643907308578491
1769615084.4662168,129,-3.203671932220459
1769615090.5708098,130,-3.217440366744995
1769615090.9364583,131,-2.1563775539398193
1769615095.6979926,132,-3.0025150775909424
1769615098.441174,133,-2.7145516872406006
1769615110.0894864,134,-2.956336736679077
1769615137.717355,135,-3.2078986167907715
1769615184.9041715,136,-2.9721767902374268
1769615185.0697758,137,-2.715259313583374
1769615207.495092,138,-3.2314870357513428
1769615231.8007152,139,-2.9693174362182617
1769615241.3348846,140,-3.410374879837036
1769615244.927194,141,-3.51700758934021
1769615279.791959,142,-3.7292490005493164
1769615349.7765777,143,-3.781914710998535
1769615369.8134868,144,-3.9271016120910645
1769615383.0009472,145,-3.6303515434265137
1769615391.2806022,146,-3.856191396713257
1769615403.7225454,147,-3.9850716590881348
1769615474.6828327,148,-3.907184600830078
1769615475.5303614,149,-4.037875652313232
1769615479.7394097,150,-3.8368425369262695
1769615484.7451377,151,-3.9729983806610107
1769615487.79926,152,-3.751131296157837
1769615487.922463,153,-6.860172271728516
1769615488.5748742,154,-3.188544273376465
1769615514.1609814,155,-4.068124294281006
1769615520.0429165,156,-4.138488292694092
1769615548.5613272,157,-4.140068054199219
1769615560.280359,158,-4.282988548278809
1769615583.7182868,159,-4.023012161254883
1769615587.8796926,160,-4.51751184463501
1769615588.008438,161,-2.638524293899536
1769615588.606337,162,-4.187467575073242
1769615602.319399,163,-4.058018684387207
1769615620.968955,164,-3.9986069202423096
1769615622.2782657,165,-4.577000141143799
1769615624.8005507,166,-3.26720929145813
1769615624.923666,167,-3.3103580474853516
1769615626.4176192,168,-3.8249640464782715
1769615627.5667927,169,-4.289801120758057
1769615641.6915941,170,-3.849691152572632
1769615689.2653406,171,-3.613771915435791
1769615702.4103997,172,-3.702408790588379
1769615727.5294385,173,-3.5076000690460205
1769615755.05105,174,-3.789619207382202
1769615850.316081,175,-3.101555585861206
1769615864.4340794,176,-2.438143730163574
1769615870.705465,177,-2.916826009750366
1769615873.337414,178,-2.984729766845703
1769615951.7047715,179,-2.248364210128784
1769615955.9315386,180,-2.1770381927490234
1769615963.5489743,181,-2.570124626159668
1769615964.9082265,182,-2.0329232215881348
1769615966.378944,183,-1.9457955360412598
1769615978.9946017,184,-2.092156410217285
1769616005.7301261,185,-2.3472304344177246
1769616009.3375585,186,-2.5549724102020264
1769616034.4667573,187,-2.163734197616577
1769616035.5128906,188,-2.174365758895874
1769616038.3356757,189,-2.1269679069519043
1769616044.2936487,190,-1.4739453792572021
1769616049.4953778,191,-2.09604811668396
1769616078.208344,192,-1.5854358673095703
1769616092.3716497,193,-1.8455371856689453
1769616096.431587,194,-1.8363945484161377
1769616097.9148602,195,-2.277462959289551
1769616105.2469292,196,-1.825913429260254
1769616109.7528436,197,-1.6034926176071167
1769616126.472833,198,-1.7192764282226562
1769616133.9906101,199,-0.9326168894767761
1769616139.855545,200,-1.2797497510910034
1769616148.5111256,201,-1.6200810670852661
1769616158.0328243,202,-1.490295648574829
1769616178.516011,203,-1.2013437747955322
1769616184.5207238,204,-1.2923851013183594
1769616196.691312,205,-1.1136034727096558
1769616196.820383,206,-3.575528860092163
1769616196.9396677,207,-1.8483059406280518
1769616247.8020062,208,-0.9680769443511963
1769616250.0607307,209,-1.3782720565795898
1769616296.799849,210,-0.7798734307289124
1769616298.2177427,211,-0.7348046898841858
1769616312.3130395,212,-0.7233566641807556
1769616345.748456,213,-0.7437596321105957
1769616358.4874358,214,-0.9357298612594604
1769616376.2994964,215,-0.7518687844276428
1769616379.7369547,216,-0.3294823169708252
1769616382.8131804,217,-0.8323550224304199
1769616383.23842,218,-0.06427314132452011
1769616389.7346137,219,-0.4440324902534485
1769616400.6345577,220,-0.7075322866439819
1769616405.419009,221,-0.2200097143650055
1769616420.155651,222,-0.6947879791259766
1769616420.313386,223,-4.9937424659729
1769616435.5108728,224,-0.5104489326477051
1769616458.5514073,225,-0.2888849079608917
1769616484.0167885,226,-0.702144205570221
1769616490.4732022,227,-0.3072858154773712
1769616503.3680136,228,-0.5530549883842468
1769616503.498983,229,-1.1168909072875977
1769616520.655506,230,-0.6264752745628357
1769616527.9469125,231,-0.30894172191619873
1769616561.481102,232,-0.4652191996574402
1769616567.144908,233,-0.3024626076221466
1769616572.7250113,234,-0.6972742676734924
1769616576.5922863,235,-0.43221813440322876
1769616576.7174175,236,-3.454883337020874
1769616583.2842398,237,-0.7912299633026123
1769616604.047612,238,-0.5790684819221497
1769616608.2371716,239,-1.0157848596572876
1769616609.5741627,240,-0.4603831171989441
1769616610.971751,241,-1.2007087469100952
1769616622.591715,242,-0.8983483910560608
1769616633.3116512,243,-0.8255332112312317
1769616666.4509394,244,-0.6076161861419678
1769616669.77866,245,-0.5304300785064697
1769616669.9034827,246,-1.1868637800216675
1769616691.1352837,247,-0.6163168549537659
1769616706.1179893,248,-0.4844682216644287
1769616714.7097762,249,-0.9748119115829468
1769616744.839955,250,-0.6779810786247253
1769616751.065037,251,-0.8167524933815002
1769616755.799151,252,-0.7500568628311157
1769616762.4433339,253,-0.31032073497772217
1769616762.5726883,254,-4.371190071105957
1769616780.9074996,255,-0.8893252611160278
1769616789.8476446,256,-0.7337175011634827
1769616790.0045936,257,-4.60667610168457
1769616794.7694032,258,-1.095192790031433
1769616802.09897,259,-0.8607574701309204
1769616802.2258546,260,1.649998664855957
1769617073.7779748,261,-0.7748714089393616
1769617116.7307565,262,-0.9933383464813232
1769617119.647635,263,-0.7383565306663513
1769617129.4861648,264,-1.3126758337020874
1769617392.5963175,265,-1.4793206453323364
1769617423.4216857,266,-1.4212285280227661
1769617433.9398077,267,-1.5974775552749634
1769617440.688339,268,-2.086172342300415
1769617443.9937809,269,-1.5217304229736328
1769617444.8233986,270,-1.638664722442627
1769617449.4790983,271,-1.3128517866134644
1769617473.6185853,272,-1.6361141204833984
1769617486.5694814,273,-1.787575364112854
1769617493.2363656,274,-1.4336374998092651
1769617497.771844,275,-1.9595228433609009
1769617504.5281057,276,-2.0335230827331543
1769617510.836092,277,-1.7272320985794067
1769617523.3996758,278,-1.6033450365066528
1769617537.083033,279,-1.7060149908065796
1769617547.0349514,280,-1.9205248355865479
1769617564.9452937,281,-1.632685899734497
1769617565.0812094,282,-9.025091171264648
1769617575.9212208,283,-1.8116209506988525
1769617590.58278,284,-1.7360620498657227
1769617611.354205,285,-1.1720974445343018
1769617615.231808,286,-1.9144668579101562
1769617646.6946828,287,-1.5933666229248047
1769617649.6957893,288,-1.3844807147979736
1769617714.5599008,289,-1.5541322231292725
1769617731.7185864,290,-1.9546931982040405
1769617739.8595088,291,-1.7734510898590088
1769617751.870621,292,-1.7691749334335327
1769617808.6815367,293,-1.6906828880310059
1769617823.7352343,294,-1.7527498006820679
1769617825.237432,295,-1.4601874351501465
1769617843.5996485,296,-1.9748218059539795
1769617843.7371051,297,-5.650226593017578
1769617844.4663687,298,-1.820852279663086
1769617869.977622,299,-1.9158432483673096
1769617880.530797,300,-1.6992627382278442
1769617884.714933,301,-1.91834557056427
1769617893.3319156,302,-2.0077731609344482
1769617897.8035624,303,-1.590803623199463
1769617900.6593118,304,-2.347532272338867
1769617906.7967958,305,-1.6961168050765991
1769617938.1574843,306,-2.181163787841797
1769617952.254179,307,-2.136140823364258
1769617957.4153156,308,-2.3300554752349854
1769618008.2755206,309,-2.174485206604004
1769618008.439819,310,-4.539343357086182
1769618021.3003542,311,-2.081704616546631
1769618024.1726978,312,-2.553764581680298
1769618040.902879,313,-2.6373698711395264
1769618051.8496277,314,-2.4584829807281494
1769618055.5604582,315,-3.1667990684509277
1769618062.7750487,316,-2.227544069290161
1769618085.1344442,317,-2.360942840576172
1769618096.8445837,318,-3.0098180770874023
1769618121.916638,319,-2.7380568981170654
1769618129.0297403,320,-3.0066404342651367
1769618139.7856188,321,-2.8241233825683594
1769618167.3226936,322,-2.8041162490844727
1769618190.5871785,323,-2.735304594039917
1769618226.1027546,324,-2.844257116317749
1769618236.5384436,325,-2.8511738777160645
1769618277.2412415,326,-2.8542253971099854
1769618323.080539,327,-3.029690980911255
1769618353.9071336,328,-3.073309898376465
1769618388.2456405,329,-3.0478267669677734
1769618403.2441075,330,-3.229982376098633
1769618409.8062408,331,-3.658940315246582
1769618422.4958718,332,-3.5810701847076416
1769618424.5712888,333,-4.358572959899902
1769618426.1207998,334,-2.2042977809906006
1769618437.1101007,335,-3.3420231342315674
1769618454.2312236,336,-3.451061964035034
1769618533.310063,337,-3.5807712078094482
1769618538.5658414,338,-3.246948719024658
1769618538.8690224,339,-5.081418514251709
1769618549.03532,340,-3.885301113128662
1769618599.1943107,341,-3.3133437633514404
1769618643.7721531,342,-3.7542226314544678
1769618659.3140652,343,-3.9115302562713623
1769618678.0597253,344,-3.8222737312316895
1769618692.782765,345,-3.8841898441314697
1769618701.1013737,346,-3.595494270324707
1769618729.5791063,347,-3.6927731037139893
1769618737.1891515,348,-3.716850757598877
1769618753.688794,349,-3.909294843673706
1769618757.782948,350,-4.319561958312988
1769618760.1140735,351,-4.594032287597656
1769618763.1522493,352,-3.7786545753479004
1769618763.2776027,353,-5.928771495819092
1769618770.332542,354,-4.083170413970947
1769618774.8346317,355,-3.668645143508911
1769618778.4092925,356,-4.225753307342529
1769618850.3805776,357,-4.20967435836792
1769618862.7828577,358,-4.3411478996276855
1769618897.3353271,359,-4.49713134765625
1769618983.249278,360,-4.637612342834473
1769618999.9530854,361,-4.571521759033203
1769619006.4887097,362,-4.532048225402832
1769619010.732762,363,-4.968507289886475
1769619035.1829553,364,-4.881492614746094
1769619068.3656948,365,-5.040759086608887
1769619075.6406198,366,-4.909049034118652
1769619137.9074674,367,-5.025343894958496
1769619144.1714334,368,-4.882508277893066
1769619144.3006322,369,-3.0622289180755615
1769619144.9069197,370,-5.48566198348999
1769619151.4414349,371,-4.41182279586792
1769619152.4760025,372,-5.821786880493164
1769619165.4090889,373,-4.876471996307373
1769619173.801404,374,-5.02931022644043
1769619182.8350284,375,-5.104261875152588
1769619182.9606476,376,-2.5348472595214844
1769619189.5173776,377,-5.124324798583984
1769619194.5388014,378,-5.715695858001709
1769619236.0481632,379,-5.290133953094482
1769619241.0344448,380,-5.944941520690918
1769619261.6273947,381,-5.329161643981934
1769619309.3646603,382,-4.948846340179443
1769619331.2471821,383,-5.584420204162598
1769619334.4258256,384,-4.489375114440918
1769619335.494379,385,-5.147149562835693
1769619339.7687757,386,-5.353764057159424
1769619345.0338986,387,-5.062918663024902
1769619351.3425698,388,-5.4149956703186035
1769619354.234581,389,-4.862520217895508
1769619364.4629598,390,-5.854745388031006
1769619369.0639696,391,-5.402372360229492
1769619378.070483,392,-5.4216766357421875
1769619385.847333,393,-5.508375644683838
1769619392.1714544,394,-6.110931873321533
1769619406.0257883,395,-5.681418418884277
1769619430.4722831,396,-5.88007926940918
1769619444.1493082,397,-5.705265998840332
1769619471.6018329,398,-5.529688835144043
1769619483.279822,399,-6.483049392700195
1769619500.6010704,400,-5.75639009475708
1769619503.643651,401,-6.363938331604004
1769619525.174355,402,-6.023770809173584
1769619526.5341399,403,-5.198807716369629
1769619582.1827474,404,-5.936783313751221
1769619591.4523497,405,-6.303961753845215
1769619597.5792952,406,-6.270503044128418
1769619616.2089524,407,-5.87537145614624
1769619704.7464645,408,-6.321888446807861
1769619733.2284193,409,-6.441895008087158
1769619736.0808299,410,-7.1413044929504395
1769619747.9924116,411,-6.871214866638184
1769619753.3628507,412,-7.128249168395996
1769619762.5043855,413,-6.280645370483398
1769619953.2318091,414,-6.520968437194824
1769619958.228672,415,-6.906694412231445
1769619964.8708816,416,-6.443008899688721
1769619965.0051181,417,-8.284265518188477
1769620012.721062,418,-7.3328166007995605
1769620101.7469516,419,-7.589012145996094
1769620107.220808,420,-7.816634178161621
1769620110.3546648,421,-7.769615173339844
1769620115.8938081,422,-7.831903457641602
1769620125.7786243,423,-7.907224655151367
1769620135.0577667,424,-7.370386600494385
1769620138.8488417,425,-8.518836975097656
1769620140.477231,426,-6.796114444732666
1769620140.5983634,427,1.1032917499542236
1769620161.7484326,428,-7.835358142852783
1769620169.5989602,429,-8.056011199951172
1769620187.9940999,430,-8.264422416687012
1769620189.1533153,431,-10.769495964050293
1769620211.5027468,432,-7.986190319061279
1769620245.0713387,433,-8.720491409301758
1769620261.7985587,434,-8.560440063476562
1769620263.9163513,435,-8.99295425415039
1769620282.2887335,436,-8.948506355285645
1769620320.330763,437,-9.108397483825684
1769620332.0525665,438,-9.556391716003418
1769620342.71994,439,-9.337789535522461
1769620348.7330227,440,-8.854884147644043
1769620373.884898,441,-9.743842124938965
1769620444.0529308,442,-9.656859397888184
1769620450.951686,443,-9.816574096679688
1769620471.57314,444,-9.281255722045898
1769620480.532087,445,-9.14210319519043
1769620486.1324449,446,-9.565988540649414
1769620495.0061584,447,-9.509756088256836
1769620508.0784302,448,-9.786415100097656
1769620510.4267612,449,-8.064469337463379
1769620519.7986794,450,-9.266834259033203
1769620529.4720273,451,-9.644516944885254
1769620529.7231326,452,-11.524251937866211
1769620536.6726196,453,-9.82763671875
1769620564.922281,454,-10.129034996032715
1769620576.4071686,455,-10.228588104248047
1769620589.3211913,456,-9.95703411102295
1769620590.3615458,457,-9.235276222229004
1769620593.1680524,458,-11.014680862426758
1769620602.485892,459,-10.165801048278809
1769620609.3226242,460,-10.038976669311523
1769620610.2675896,461,-11.227777481079102
1769620630.0123842,462,-10.479663848876953
1769620704.730737,463,-10.457723617553711
1769620726.8950706,464,-11.156235694885254
1769620792.313012,465,-11.137537956237793
1769620792.4402316,466,-9.741584777832031
1769620805.459479,467,-10.787496566772461
1769620830.1501782,468,-11.388029098510742
1769620857.8188174,469,-11.786712646484375
1769620858.4733655,470,-12.434266090393066
1769620872.5072489,471,-11.655155181884766
1769620903.3441079,472,-11.766032218933105
1769620909.7094066,473,-11.89893627166748
1769620917.6848066,474,-11.779438018798828
1769620959.8248916,475,-12.146906852722168
1769620984.2832782,476,-12.787504196166992
1769621014.4549768,477,-12.674038887023926
1769621014.6064475,478,-14.251629829406738
1769621032.179992,479,-13.67419719696045
1769621058.7294672,480,-12.876468658447266
1769621063.517732,481,-12.871471405029297
1769621084.680585,482,-13.334138870239258
1769621084.844361,483,-15.388130187988281
1769621096.4885175,484,-12.791191101074219
1769621145.0409584,485,-14.590261459350586
1769621156.0155556,486,-14.154483795166016
1769621189.311845,487,-13.678559303283691
1769621189.4793339,488,-17.855390548706055
1769621193.4963932,489,-14.044342994689941
1769621219.6895761,490,-14.297369003295898
1769621227.0303822,491,-13.909796714782715
1769621230.053563,492,-13.336047172546387
1769621237.3859687,493,-14.748398780822754
1769621238.5024884,494,-15.125415802001953
1769621264.790696,495,-14.342960357666016
1769621271.3195915,496,-14.186277389526367
1769621280.278996,497,-14.362339973449707
1769621293.752477,498,-14.427209854125977
1769621323.5516946,499,-14.618348121643066
1769621333.9495246,500,-14.807490348815918
1769621344.7768984,501,-14.931417465209961
1769621348.2875748,502,-13.515748023986816
1769621358.6253943,503,-15.198615074157715
1769621363.1804266,504,-14.809028625488281
1769621364.2186484,505,-14.170888900756836
1769621372.0582979,506,-14.988832473754883
1769621429.653851,507,-15.241984367370605
1769621442.9044578,508,-15.453851699829102
1769621502.324425,509,-15.075569152832031
1769621522.1244605,510,-15.600682258605957
1769621527.3097434,511,-16.866554260253906
1769621534.454901,512,-15.874122619628906
1769621560.9075255,513,-15.952447891235352
1769621566.4299955,514,-15.931464195251465
1769621570.426005,515,-15.961528778076172
1769621575.2907207,516,-16.106971740722656
1769621591.8299022,517,-16.251144409179688
1769621593.6895423,518,-16.40303611755371
1769621598.9739282,519,-16.47773551940918
1769621606.3597188,520,-16.460552215576172
1769621606.845699,521,-17.1457576751709
1769621637.1193419,522,-16.96100425720215
1769621662.8184164,523,-17.12632942199707
1769621670.3889666,524,-17.478578567504883
1769621712.5082426,525,-17.11841583251953
1769621712.684222,526,-19.451019287109375
1769621712.812383,527,-18.741653442382812
1769621713.4860456,528,-17.457853317260742
1769621715.1633582,529,-16.625041961669922
1769621718.0808766,530,-17.83033561706543
1769621752.5658283,531,-17.36419105529785
1769621778.7938888,532,-17.808137893676758
1769621782.8634691,533,-17.33726692199707
1769621784.6977267,534,-17.890438079833984
1769621787.3900695,535,-17.12750244140625
1769621793.630071,536,-18.33860206604004
1769621880.690958,537,-18.02691650390625
1769621906.27156,538,-18.399648666381836
1769621937.2038884,539,-18.244483947753906
1769621948.6463237,540,-18.50958251953125
1769621955.1595075,541,-18.71796226501465
1769622120.576384,542,-19.12512969970703
1769622120.8498335,543,-23.401662826538086
1769622159.1861603,544,-19.860044479370117
1769622195.4226544,545,-20.196916580200195
1769622325.3589165,546,-20.498552322387695
1769622346.8220634,547,-20.741575241088867
1769622346.964382,548,-19.793489456176758
1769622365.0412285,549,-21.019338607788086
1769622374.418499,550,-20.998167037963867
1769622386.1723232,551,-20.585098266601562
1769622404.0460675,552,-21.095335006713867
1769622416.6907015,553,-21.087120056152344
1769622419.887086,554,-22.635318756103516
1769622420.0132606,555,-17.823894500732422
1769622455.1639473,556,-21.217599868774414
1769622456.6151557,557,-21.860626220703125
1769622471.1613255,558,-21.33974838256836
1769622477.3499079,559,-22.068601608276367
1769622495.3135674,560,-21.61785125732422
1769622502.4215207,561,-22.151643753051758
1769622502.5476432,562,-25.434473037719727
1769622524.7512202,563,-21.99095916748047
1769622565.7385154,564,-22.550514221191406
1769622571.210979,565,-22.523954391479492
1769622605.678775,566,-22.72161102294922
1769622680.912889,567,-23.231687545776367
1769622682.804042,568,-23.04938316345215
1769622684.0571446,569,-23.613740921020508
1769622688.6167073,570,-23.294546127319336
1769622704.8240054,571,-23.076173782348633
1769622713.4711528,572,-23.217041015625
1769622713.6086416,573,-26.08009147644043
1769622718.1855047,574,-23.61295509338379
1769622769.87445,575,-23.23870277404785
1769622792.791511,576,-23.46918487548828
1769622804.3156633,577,-23.37363052368164
1769622826.9047153,578,-23.670886993408203
1769622827.0528886,579,-21.707298278808594
1769622866.4769535,580,-24.15876007080078
1769622873.8939445,581,-24.131467819213867
1769622876.2789948,582,-24.558408737182617
1769622876.7600677,583,-24.228376388549805
1769622887.9259498,584,-24.373437881469727
1769622888.057642,585,-28.14357566833496
1769622888.1797788,586,-23.47981834411621
1769622892.7204287,587,-24.00241470336914
1769623124.1725323,588,-23.6491756439209
1769623226.4384935,589,-24.5703125
1769623311.5715787,590,-24.0961856842041
1769623325.8475275,591,-24.13837432861328
1769623355.1981554,592,-24.45148277282715
1769623366.5447388,593,-24.86255645751953
1769623449.5607905,594,-24.56281852722168
1769623457.0982895,595,-24.639917373657227
1769623518.2894442,596,-24.77237319946289
1769623534.08907,597,-24.908889770507812
1769623546.827477,598,-25.71110725402832
1769623548.3085535,599,-25.517520904541016
1769623558.0424702,600,-25.193958282470703
1769623571.0801067,601,-26.090768814086914
1769623587.3544548,602,-25.763874053955078
1769623591.9371881,603,-26.11836814880371
1769623597.463139,604,-25.458641052246094
1769623610.834326,605,-25.84247589111328
1769623617.1496496,606,-25.698673248291016
1769623620.6710973,607,-26.50910758972168
1769623624.6243596,608,-25.821754455566406
1769623624.749338,609,-28.141952514648438
1769623627.241967,610,-25.380624771118164
1769623659.516488,611,-26.551271438598633
1769623659.9587183,612,-25.11356544494629
1769623664.7905467,613,-26.59395408630371
1769623683.390744,614,-26.84245491027832
1769623708.181998,615,-26.779558181762695
1769623749.4228697,616,-26.985185623168945
1769623844.39313,617,-26.621971130371094
1769623856.0696042,618,-27.26544952392578
1769623868.2026854,619,-27.50624656677246
1769623873.112465,620,-28.01570701599121
1769623879.1739523,621,-28.452383041381836
1769623903.2239854,622,-27.494884490966797
1769623909.075527,623,-27.8872013092041
1769623918.5032158,624,-27.785152435302734
1769623922.3429935,625,-27.890399932861328
1769623957.1280165,626,-27.87198829650879
1769623986.5902429,627,-27.76654052734375
1769623986.7365701,628,-27.875629425048828
1769624152.3426502,629,-27.445547103881836
1769624298.6709862,630,-27.65584945678711
1769624311.6342697,631,-27.69914436340332
1769624519.1193867,632,-27.37801170349121
1769624519.4449546,633,-21.620038986206055
1769624519.8800166,634,-29.05817985534668
1769624523.248963,635,-28.428823471069336
1769624528.5552442,636,-27.978055953979492
1769624543.2446778,637,-27.863039016723633
1769624574.9321914,638,-27.837888717651367
1769624691.1649587,639,-27.975364685058594
1769624714.6171286,640,-28.218463897705078
1769624723.1499553,641,-28.068252563476562
1769624731.4304183,642,-28.033390045166016
1769624737.3859353,643,-28.4771671295166
1769624737.647362,644,-29.897031784057617
1769624750.6179452,645,-28.80231285095215
1769624805.2978964,646,-28.5350341796875
1769624810.8351412,647,-28.28888511657715
1769624844.5853972,648,-28.647085189819336
1769624874.194687,649,-28.928129196166992
1769624893.1646607,650,-29.436708450317383
1769624893.9700599,651,-27.20313262939453
1769624911.3359618,652,-29.480863571166992
1769624914.9083486,653,-29.937896728515625
1769624915.0321846,654,-23.792333602905273
1769624935.5021548,655,-28.98944664001465
1769624939.7833219,656,-29.678752899169922
1769625096.6947298,657,-29.043537139892578
1769625107.7866087,658,-29.061004638671875
1769625115.2538412,659,-29.110729217529297
1769625115.381188,660,-22.833269119262695
1769625132.9894626,661,-29.53287124633789
1769625133.13183,662,-35.89593505859375
1769625193.820996,663,-29.393564224243164
1769625223.7835524,664,-29.822792053222656
1769625240.5209239,665,-29.842350006103516
1769625241.9612246,666,-30.000900268554688
1769625306.7618747,667,-29.98293685913086
1769625316.4624834,668,-30.348703384399414
1769625316.5920897,669,-30.3873348236084
1769625319.0721402,670,-29.594974517822266
1769701340.842877,1,-0.23790471255779266
1769701371.3687177,2,-0.818024754524231
1769701407.8933275,3,-2.09631085395813
1769701560.559815,4,-3.707698106765747
1769701560.813438,5,-4.716609954833984
1769701608.480341,6,-5.081423282623291
1769701663.2083912,7,-5.999471664428711
1769701689.544644,8,-6.268759727478027
1769701712.586347,9,-5.743182182312012
1769701715.297219,10,-5.758152484893799
1769701721.8312895,11,-5.8270673751831055
1769701725.6057327,12,-5.84780216217041
1769701731.5646477,13,-5.785542964935303
1769701742.1439903,14,-5.9268035888671875
1769701743.6798003,15,-6.131152629852295
1769701747.0781388,16,-5.9944233894348145
1769701757.8500092,17,-6.068830966949463
1769701759.267225,18,-6.161081790924072
1769701763.7499175,19,-6.284067153930664
1769701763.8715549,20,-6.529603481292725
1769701772.105165,21,-6.515790939331055
1769701776.265537,22,-6.637210369110107
1769701805.232473,23,-6.847283363342285
1769701807.6954916,24,-7.004203796386719
1769702040.6115646,25,-7.628584861755371
1769702152.7492678,26,-8.032859802246094
1769702153.8108156,27,-8.183477401733398
1769702160.946233,28,-8.101046562194824
1769702161.1430104,29,-7.815295219421387
1769702175.4859324,30,-8.29250431060791
1769702180.9281282,31,-8.228472709655762
1769702187.3310883,32,-8.345954895019531
1769702203.289688,33,-8.201371192932129
1769702206.378399,34,-8.204676628112793
1769702257.946673,35,-8.48989486694336
1769702263.0119514,36,-8.781764030456543
1769702281.5118914,37,-8.644890785217285
1769702292.5643709,38,-8.648038864135742
1769702309.5680773,39,-8.988016128540039
1769702414.8671885,40,-9.300469398498535
1769702463.6853788,41,-9.205437660217285
1769702468.6156785,42,-9.298972129821777
1769702476.0172143,43,-9.547247886657715
1769702500.2877626,44,-9.736181259155273
1769702510.7281635,45,-9.914970397949219
1769702510.8612382,46,-10.795817375183105
1769702513.215106,47,-10.68136215209961
1769702521.6109319,48,-9.897027015686035
1769702532.86734,49,-9.948161125183105
1769702535.964716,50,-10.408041000366211
1769702541.2289972,51,-9.851399421691895
1769702543.5359786,52,-10.076920509338379
1769702551.311355,53,-10.335748672485352
1769702587.2574806,54,-10.36264419555664
1769702594.8904128,55,-10.583327293395996
1769702597.0827167,56,-10.415201187133789
1769702623.0801506,57,-10.658503532409668
1769702623.231937,58,-10.677490234375
1769702646.1123097,59,-10.614367485046387
1769702654.7183208,60,-10.555939674377441
1769702654.8491309,61,-10.479947090148926
1769702659.6965063,62,-10.2997465133667
1769702688.8612247,63,-10.727859497070312
1769702694.7584467,64,-10.612957000732422
1769702710.5540466,65,-10.596689224243164
1769702716.931921,66,-11.11540699005127
1769702839.353905,67,-11.197188377380371
1769702862.984862,68,-11.101600646972656
1769702863.139296,69,-10.585702896118164
1769702881.4245107,70,-11.293489456176758
1769702885.511105,71,-11.030259132385254
1769702885.6393049,72,-13.019848823547363
1769702885.7617943,73,-10.769864082336426
1769702932.3616273,74,-11.263856887817383
1769702980.3918397,75,-11.441845893859863
1769702983.6988506,76,-11.730938911437988
1769702986.3180852,77,-10.971575736999512
1769703004.8325112,78,-11.449049949645996
1769703010.6536021,79,-11.825133323669434
1769703018.3938112,80,-11.687060356140137
1769703034.163444,81,-11.295680046081543
1769703099.3310595,82,-11.621467590332031
1769703109.5848892,83,-11.71445083618164
1769703202.1699526,84,-11.413926124572754
1769703258.1739137,85,-11.505050659179688
1769703268.3661637,86,-11.698528289794922
1769703274.1781764,87,-12.10156536102295
1769703279.3378208,88,-11.600641250610352
1769703279.467604,89,-12.837799072265625
1769703286.8576384,90,-11.497722625732422
1769703293.2566702,91,-11.501261711120605
1769703304.0014417,92,-11.886222839355469
1769703350.3556585,93,-11.570581436157227
1769703357.3289728,94,-12.223289489746094
1769703362.4814196,95,-11.943278312683105
1769703382.9477305,96,-11.634441375732422
1769703465.489095,97,-11.79483699798584
1769703472.673522,98,-11.729451179504395
1769703544.7992506,99,-11.87497329711914
1769703544.9401386,100,-13.063888549804688
1769703545.0674212,101,-15.328790664672852
1769703554.9502,102,-11.678281784057617
1769703678.3135636,103,-11.781335830688477
1769703724.607047,104,-11.625741958618164
1769703751.1689517,105,-11.339983940124512
1769703769.1327002,106,-11.082500457763672
1769703771.8620129,107,-11.288500785827637
1769703777.5852084,108,-11.164283752441406
1769703782.7588923,109,-10.818984031677246
1769703789.6023483,110,-11.785503387451172
1769703792.8088026,111,-11.435161590576172
1769704146.014737,112,-9.576960563659668
1769704243.7579973,113,-9.219504356384277
1769704274.9404695,114,-9.204704284667969
1769704348.6091866,115,-9.110100746154785
1769704353.7981772,116,-9.3914794921875
1769704353.926333,117,-7.866796970367432
1769704429.939191,118,-8.985980987548828
1769704586.6372802,119,-8.042536735534668
1769704586.9156768,120,-9.635154724121094
1769704638.9632797,121,-7.604166507720947
1769704697.5435681,122,-5.459849834442139
1769704703.8586688,123,-7.768677234649658
1769704728.7757397,124,-7.513911247253418
1769704740.91474,125,-7.581742286682129
1769704750.5639324,126,-7.5661444664001465
1769704761.7912219,127,-7.558078289031982
1769704766.6335897,128,-7.731837272644043
1769704770.1477878,129,-7.251253604888916
1769704812.7320976,130,-7.840435981750488
1769704818.894518,131,-8.084413528442383
1769704836.0119548,132,-7.4568634033203125
1769704845.775902,133,-7.370909214019775
1769704846.8440766,134,-7.710325241088867
1769704849.9143505,135,-7.885280132293701
1769704851.2764318,136,-7.308820724487305
1769704886.2971373,137,-7.51957368850708
1769704899.694428,138,-7.812324047088623
1769704908.72334,139,-8.187078475952148
1769704913.5330827,140,-7.966867446899414
1769704927.8554254,141,-7.663804054260254
1769704930.221144,142,-8.398451805114746
1769704957.7937396,143,-7.486504554748535
1769705001.9300387,144,-7.773270606994629
1769705012.487056,145,-7.725125312805176
1769705075.4299452,146,-7.491153240203857
1769705099.5816536,147,-8.175636291503906
1769705112.271954,148,-7.864843845367432
1769705115.8387465,149,-7.251534461975098
1769705121.0614674,150,-8.15682601928711
1769705124.5469315,151,-8.050738334655762
1769705130.2008016,152,-7.819868087768555
1769705131.5835059,153,-8.949650764465332
1769705163.5489357,154,-7.881496906280518
1769705180.2333162,155,-8.140453338623047
1769705190.9259555,156,-8.272063255310059
1769705209.3903391,157,-8.10783576965332
1769705219.897033,158,-8.110147476196289
1769705272.586177,159,-8.356324195861816
1769705281.4757595,160,-8.582158088684082
1769705289.4301128,161,-8.648297309875488
1769705291.332716,162,-8.76340103149414
1769705303.1910636,163,-8.685965538024902
1769705312.453429,164,-8.865585327148438
1769705379.5985994,165,-8.915651321411133
1769705419.8663201,166,-8.999974250793457
1769705427.1147463,167,-8.61285400390625
1769705427.2370834,168,-6.047383785247803
1769705434.159594,169,-8.73492431640625
1769705469.4848988,170,-9.07402229309082
1769705488.9670339,171,-9.052743911743164
1769705495.714364,172,-9.319547653198242
1769705522.5986795,173,-9.339714050292969
1769705524.5879583,174,-9.382100105285645
1769705564.3423133,175,-9.301910400390625
1769705567.9710312,176,-9.703036308288574
1769705587.7757196,177,-9.828900337219238
1769705660.9245307,178,-9.900585174560547
1769705711.8812356,179,-10.28677749633789
1769705786.4080327,180,-10.253290176391602
1769705790.2761261,181,-10.208810806274414
1769705806.6211748,182,-10.716794967651367
1769705815.022569,183,-10.420323371887207
1769705829.7590349,184,-10.727005958557129
1769705833.0277143,185,-10.829092025756836
1769705835.5554175,186,-10.609777450561523
1769705838.4090226,187,-10.6245756149292
1769705853.318634,188,-10.57178783416748
1769705870.989637,189,-10.806949615478516
1769705872.0964773,190,-10.009852409362793
1769705880.075964,191,-10.684940338134766
1769705895.1762369,192,-10.656064987182617
1769705911.624081,193,-10.93934154510498
1769705948.98716,194,-11.209952354431152
1769705951.3125775,195,-11.475876808166504
1769705967.941295,196,-11.028695106506348
1769705971.650391,197,-11.738334655761719
1769706003.7836492,198,-11.494441032409668
1769706031.38476,199,-11.667529106140137
1769706073.931345,200,-11.76965045928955
1769706120.4779963,201,-11.957259178161621
1769706122.2373407,202,-12.364737510681152
1769706158.1062267,203,-12.285408973693848
1769706194.122894,204,-12.430167198181152
1769706220.9637048,205,-12.81790828704834
1769706229.0337985,206,-12.4849214553833
1769706253.5281217,207,-12.845635414123535
1769706302.1783311,208,-12.920443534851074
1769706326.3104496,209,-12.909906387329102
1769706334.9766426,210,-13.199933052062988
1769706345.8731601,211,-12.677641868591309
1769706399.7187603,212,-13.206672668457031
1769706406.1821883,213,-12.926130294799805
1769706406.3040693,214,-11.580497741699219
1769706415.22678,215,-13.312643051147461
1769706415.3512175,216,-13.637893676757812
1769706456.0148008,217,-13.328577995300293
1769706474.3406131,218,-13.828531265258789
1769706477.5004735,219,-13.47066593170166
1769706480.822422,220,-13.771244049072266
1769706503.6961987,221,-14.064094543457031
1769706503.85027,222,-15.49002742767334
1769706508.880498,223,-14.063637733459473
1769706511.822832,224,-14.520233154296875
1769706523.236753,225,-13.793742179870605
1769706523.3627884,226,-16.225753784179688
1769706527.022899,227,-14.134037017822266
1769706552.9555752,228,-14.160876274108887
1769706576.3784716,229,-14.513825416564941
1769706606.2741013,230,-14.658260345458984
1769706615.0190418,231,-14.63935375213623
1769706617.0951881,232,-14.450361251831055
1769706646.2125328,233,-14.533293724060059
1769706762.2138057,234,-14.902593612670898
1769706823.5270429,235,-15.817349433898926
1769706831.0655391,236,-15.444721221923828
1769706849.3015172,237,-15.24776840209961
1769706854.2773914,238,-15.22970199584961
1769706872.5187197,239,-15.602025032043457
1769706876.4477608,240,-15.035953521728516
1769706881.4091365,241,-15.126898765563965
1769706892.3909214,242,-14.86776351928711
1769706896.9705706,243,-15.818965911865234
1769706906.6251402,244,-15.46684741973877
1769706923.583284,245,-15.212565422058105
1769706924.1689255,246,-15.229422569274902
1769706933.7091913,247,-15.437705039978027
1769706937.703243,248,-15.572379112243652
1769707078.0547643,249,-15.902366638183594
1769707153.0634358,250,-16.29989242553711
1769707170.9668195,251,-16.651063919067383
1769707183.88225,252,-16.614919662475586
1769707199.5291038,253,-16.52589225769043
1769707202.592062,254,-16.32349967956543
1769707245.4188867,255,-16.82490348815918
1769707263.4064155,256,-16.904333114624023
1769707278.7742095,257,-17.12093734741211
1769707281.858798,258,-17.26256561279297
1769707286.3639338,259,-16.81761360168457
1769707312.6537828,260,-17.28789710998535
1769707323.7112114,261,-17.27134895324707
1769707332.829824,262,-17.276535034179688
1769707334.3837054,263,-18.18263816833496
1769707343.1754436,264,-17.555133819580078
1769707348.4515333,265,-17.851747512817383
1769707375.7465317,266,-17.765350341796875
1769707406.5746868,267,-17.739566802978516
1769707406.6950517,268,-16.533098220825195
1769707416.6264706,269,-18.141836166381836
1769707424.6709068,270,-17.700740814208984
1769707432.0322802,271,-18.043519973754883
1769707436.5403144,272,-17.418174743652344
1769707441.6095085,273,-17.864116668701172
1769707448.557447,274,-18.2382755279541
1769707462.6957383,275,-18.124937057495117
1769707467.5832264,276,-18.135324478149414
1769707489.4297037,277,-17.808963775634766
1769707508.7668843,278,-18.322105407714844
1769707537.7649145,279,-18.190906524658203
1769707563.1640685,280,-18.67326545715332
1769707570.5656466,281,-18.594762802124023
1769707576.5687532,282,-18.668109893798828
1769707581.740251,283,-18.428237915039062
1769707588.4939559,284,-18.557655334472656
1769707609.164756,285,-18.966415405273438
1769707611.5529208,286,-19.1876277923584
1769707636.6019673,287,-18.902448654174805
1769707725.8552084,288,-19.357032775878906
1769707769.216559,289,-19.54868507385254
1769707779.097846,290,-19.862728118896484
1769707780.5913749,291,-19.993566513061523
1769707786.4671113,292,-19.604711532592773
1769707793.898326,293,-19.76950454711914
1769707804.4847705,294,-19.90769386291504
1769707805.6387606,295,-20.83944320678711
1769707806.955304,296,-19.422607421875
1769707888.219675,297,-20.158002853393555
1769707913.22583,298,-20.506711959838867
1769707916.2067592,299,-21.148658752441406
1769707936.2307973,300,-20.846649169921875
1769707939.3656175,301,-20.807552337646484
1769708280.0808437,302,-21.430248260498047
1769708361.1832395,303,-22.435302734375
1769708487.1164858,304,-22.698095321655273
1769708487.2657654,305,-19.302642822265625
1769708505.216661,306,-22.943883895874023
1769708508.333758,307,-22.87957191467285
1769708513.783897,308,-23.33833885192871
1769708534.4591506,309,-23.002166748046875
1769708535.7395132,310,-23.818681716918945
1769708546.5066798,311,-23.748220443725586
1769708558.4753964,312,-23.618404388427734
1769708576.937001,313,-23.28949546813965
1769708634.1055706,314,-23.720081329345703
1769708636.353145,315,-23.206459045410156
1769708636.6432488,316,-22.33224868774414
1769708638.9367623,317,-22.212247848510742
1769708701.115878,318,-23.557903289794922
1769708772.0959861,319,-26.58399772644043
1769708781.7642198,320,-24.100357055664062
1769708795.038851,321,-23.887174606323242
1769708809.2850063,322,-24.327877044677734
1769708812.367372,323,-24.458105087280273
1769708821.6559522,324,-24.132856369018555
1769708875.8703034,325,-24.43130111694336
1769708886.3597794,326,-25.003623962402344
1769708907.11821,327,-24.641422271728516
1769708920.7728965,328,-24.77286148071289
1769708958.4095602,329,-24.816818237304688
1769708960.5606475,330,-24.645898818969727
1769708960.678145,331,-19.215707778930664
1769708960.7947772,332,-31.141864776611328
1769708970.3805945,333,-24.78171730041504
1769709004.5458722,334,-25.0776309967041
1769709027.0858727,335,-25.261734008789062
1769709043.120262,336,-25.43989372253418
1769709125.9051795,337,-25.353567123413086
1769709214.2413268,338,-25.785303115844727
1769709214.3686602,339,-23.279918670654297
1769709218.1539836,340,-26.160429000854492
1769709219.1956847,341,-24.91919708251953
1769709232.4960496,342,-25.879859924316406
1769709249.7850404,343,-25.865964889526367
1769709302.38184,344,-25.82317352294922
1769709357.7033002,345,-26.085044860839844
1769709395.9031549,346,-26.354812622070312
1769709421.1154416,347,-26.585987091064453
1769709434.6977446,348,-26.771957397460938
1769709511.3038192,349,-26.579862594604492
1769709529.0553772,350,-26.755496978759766
1769709543.8643143,351,-26.858829498291016
1769709578.1785154,352,-27.306081771850586
1769709592.5264895,353,-27.535171508789062
1769709595.12012,354,-27.986846923828125
1769709608.1502483,355,-27.507461547851562
1769709633.4790545,356,-27.706459045410156
1769709633.6219697,357,-24.40437126159668
1769709638.091579,358,-27.328962326049805
1769709660.2178807,359,-27.834211349487305
1769709662.8137183,360,-27.552806854248047
1769709726.4878814,361,-27.987489700317383
1769709732.516183,362,-27.542089462280273
1769709733.7752793,363,-28.062780380249023
1769709759.6240294,364,-28.36734390258789
1769709770.216185,365,-28.634490966796875
1769709802.7998936,366,-28.357587814331055
1769709892.3203585,367,-28.663877487182617
1769709894.179286,368,-28.870033264160156
1769709906.4908876,369,-28.617507934570312
1769709979.8144274,370,-29.229127883911133
1769709995.0327394,371,-29.443771362304688
1769710011.76636,372,-29.53129768371582
1769710027.5562212,373,-29.974843978881836
1769710032.1369936,374,-29.706449508666992
1769710051.0492117,375,-29.784826278686523
1769710067.2779138,376,-29.672941207885742
1769710075.31205,377,-30.307373046875
1769710088.024531,378,-30.016592025756836
1769710097.1881082,379,-30.02552032470703
1769710097.311007,380,-25.8836727142334
1769710100.031789,381,-30.045923233032227
1769710105.9785755,382,-29.752134323120117
1769710109.0190837,383,-29.55589485168457
1769710115.9305348,384,-30.016923904418945
1769710150.4307344,385,-29.93347930908203
1769710164.7029686,386,-29.711612701416016
1769710207.1305983,387,-30.21281623840332
1769710222.200578,388,-30.750940322875977
1769710235.9438534,389,-30.487442016601562
1769710236.0720806,390,-28.028295516967773
1769710248.3881667,391,-30.515575408935547
1769710248.5154321,392,-31.547101974487305
1769710253.20115,393,-30.716291427612305
1769710254.6459541,394,-30.92837905883789
1769710260.9987724,395,-30.770254135131836
1769710366.47643,396,-30.89480972290039
1769710366.6847782,397,-33.38664245605469
1769710369.1540709,398,-31.040443420410156
1769710374.692536,399,-31.272380828857422
1769710419.5759847,400,-31.382339477539062
1769710433.1947393,401,-31.474519729614258
1769710450.6395433,402,-31.621355056762695
1769710527.3214374,403,-31.718942642211914
1769710570.6520793,404,-31.79717254638672
1769710614.6241474,405,-31.871244430541992
1769710624.191862,406,-31.926742553710938
1769710624.6519275,407,-31.385726928710938
1769710653.032646,408,-31.95184898376465
1769710665.7282112,409,-31.9502010345459
1769710753.7113256,410,-32.16831588745117
1769710759.587237,411,-32.441131591796875
1769710772.6757998,412,-32.68666076660156
1769710788.3598914,413,-32.30718231201172
1769710843.6184957,414,-32.57960891723633
1769710933.1239185,415,-33.0103645324707
1769710934.7905266,416,-34.11766052246094
1769710963.970693,417,-32.9268684387207
1769710973.1110656,418,-32.590431213378906
1769711015.68541,419,-33.00426483154297
1769711028.1049714,420,-32.93050003051758
1769711082.4759295,421,-33.08418273925781
1769711082.6467266,422,-29.24432945251465
1769711092.1194017,423,-32.8643684387207
1769711098.6188593,424,-32.52262496948242
1769711104.6098328,425,-32.839473724365234
1769711104.7319133,426,-33.2425651550293
1769711104.8492672,427,-34.34284210205078
1769711106.0250168,428,-32.83000183105469
1769711122.1344147,429,-33.149505615234375
1769711130.155773,430,-33.62839126586914
1769711148.6655126,431,-33.199947357177734
1769711171.7279873,432,-33.301815032958984
1769711217.4043095,433,-32.6430549621582
1769711218.1558053,434,-32.77203369140625
1769711227.9718108,435,-33.742733001708984
1769711233.5584404,436,-33.066715240478516
1769711264.873195,437,-33.332759857177734
1769711275.0088093,438,-33.35179901123047
1769711282.4861567,439,-33.10988235473633
1769711286.9052482,440,-33.15884017944336
1769711290.3047404,441,-34.09632873535156
1769711329.3705893,442,-33.61228942871094
1769711390.3958836,443,-33.70462417602539
1769711394.7004004,444,-33.67415237426758
1769711402.8318465,445,-33.69076156616211
1769711406.8314629,446,-34.26325225830078
1769711412.732906,447,-33.84137725830078
1769711426.648561,448,-33.53486251831055
1769711436.2641718,449,-33.661739349365234
1769711459.0425537,450,-33.987648010253906
1769711490.2798266,451,-33.81227111816406
1769711521.0641034,452,-34.08039093017578
1769711565.4965634,453,-33.764583587646484
1769711569.3063643,454,-33.546688079833984
1769711590.2342389,455,-33.77604293823242
1769711633.8240142,456,-34.10810852050781
1769711666.1838002,457,-34.22036361694336
1769711688.9893122,458,-34.41351318359375
1769711689.1229312,459,-37.2360954284668
1769711689.242136,460,-41.03282928466797
1769711696.5429897,461,-34.540035247802734
1769711804.962496,462,-34.46354293823242
1769711843.006612,463,-34.451934814453125
1769711973.3191717,464,-34.94083786010742
1769711974.7326365,465,-35.46671676635742
1769711976.168467,466,-33.64628219604492
1769712009.599689,467,-34.6152458190918
1769712029.7597716,468,-34.56986618041992
1769712032.0428429,469,-35.29792785644531
1769712034.9610012,470,-34.54615020751953
1769712035.3050177,471,-35.20840835571289
1769712043.231194,472,-34.77705001831055
1769712086.7970486,473,-34.75090026855469
1769712086.9526672,474,-32.77828598022461
1769712088.570725,475,-35.74586868286133
1769712098.2411692,476,-34.44411087036133
1769712118.0740502,477,-34.84577560424805
1769712150.1398234,478,-34.57968521118164
1769712152.7605708,479,-36.05965042114258
1769712153.7963364,480,-35.04344177246094
1769712156.0219169,481,-34.910884857177734
1769712227.7024546,482,-34.902549743652344
1769712306.528216,483,-34.85696792602539
1769712306.6582716,484,-30.83026123046875
1769712333.9744437,485,-35.000465393066406
1769712334.858478,486,-34.67070770263672
1769712393.8936718,487,-35.00428009033203
1769712403.7916238,488,-34.96860885620117
1769712442.1721685,489,-34.60139083862305
1769712467.5119665,490,-34.6561393737793
1769712468.2275212,491,-36.8350944519043
1769712503.0761182,492,-34.71101379394531
1769712510.0946045,493,-35.041107177734375
1769712533.1457748,494,-34.82360076904297
1769712584.5815935,495,-34.6115608215332
1769712648.390209,496,-34.46794891357422
1769712660.7506258,497,-34.37896728515625
1769712672.027149,498,-34.51650619506836
1769712688.577899,499,-34.52304458618164
1769712730.1188085,500,-34.13017654418945
1769712812.6029942,501,-34.32594299316406
1769712827.7597427,502,-34.19825744628906
1769712895.5208838,503,-33.84739303588867
1769712902.7914538,504,-33.369606018066406
1769712903.4899113,505,-34.210060119628906
1769712922.8607178,506,-34.15309524536133
1769713085.1307096,507,-33.81526565551758
1769713085.3386173,508,-31.568466186523438
1769713095.4330482,509,-33.96133041381836
1769713102.68217,510,-34.215919494628906
1769713157.5930042,511,-33.815696716308594
1769713169.8012934,512,-34.21677780151367
1769713214.8830016,513,-33.929908752441406
1769713218.466026,514,-34.125221252441406
1769713221.5365973,515,-33.81550598144531
1769713229.7987497,516,-33.94771194458008
1769713265.5592911,517,-34.21662902832031
1769713308.8243484,518,-34.34032440185547
1769713310.9345183,519,-34.25111770629883
1769713408.8765988,520,-34.150447845458984
1769713410.8188438,521,-34.53257369995117
1769713456.358933,522,-34.1229362487793
1769713460.4766347,523,-34.24637985229492
1769713487.5617535,524,-34.672359466552734
1769713497.4542954,525,-34.62387466430664
1769713526.2066307,526,-34.73566436767578
1769713532.4382803,527,-34.44534683227539
1769713541.7300055,528,-35.033851623535156
1769713541.8531168,529,-39.123321533203125
1769713565.1001768,530,-34.34311294555664
1769713576.578663,531,-34.67170715332031
1769713590.5955007,532,-34.464569091796875
1769713595.5771549,533,-34.76197814941406
1769713628.6874015,534,-34.60767364501953
1769713633.8086963,535,-34.42959976196289
1769713661.0552683,536,-34.668365478515625
1769713703.7600012,537,-34.86175537109375
1769713816.9594452,538,-34.91372299194336
1769713817.8943024,539,-34.63970947265625
1769713818.0120862,540,-33.01504135131836
1769713832.719278,541,-35.04445266723633
1769713963.0707314,542,-35.77167510986328
1769714102.4883173,543,-36.53644943237305
1769714189.1664455,544,-37.1495246887207
1769714193.1530612,545,-37.730621337890625
1769714200.6300428,546,-36.97123718261719
1769714228.0678816,547,-37.35828399658203
1769714243.6287684,548,-37.249515533447266
1769714248.2639587,549,-37.15575408935547
1769714253.5760558,550,-37.87972640991211
1769714269.6366122,551,-37.516902923583984
1769714374.6371603,552,-37.880088806152344
1769714396.1360972,553,-38.0724983215332
1769714561.804236,554,-38.03523635864258
1769714593.6651776,555,-38.09859085083008
1769714595.078529,556,-37.712833404541016
1769714610.41366,557,-38.766021728515625
1769714622.271294,558,-38.365596771240234
1769714625.8197417,559,-38.825706481933594
1769714632.3504329,560,-38.79155731201172
1769714675.2600443,561,-38.78596115112305
1769714681.0872912,562,-39.64544677734375
1769714701.6868536,563,-38.942298889160156
1769714704.2958548,564,-39.15805435180664
1769714817.2416894,565,-39.58348846435547
1769714965.0075812,566,-39.92729187011719
1769714970.7648597,567,-40.094482421875
1769714972.8883488,568,-39.6358757019043
1769714973.0089571,569,-36.41097640991211
1769714984.6054754,570,-39.98450469970703
1769714984.7316272,571,-35.913665771484375
1769714990.111603,572,-40.91067123413086
1769714991.39046,573,-44.01272201538086
1769714993.4121835,574,-40.1545524597168
1769715015.0112884,575,-40.396854400634766
1769715033.6974208,576,-40.365394592285156
1769715105.5475078,577,-40.659576416015625
1769715128.4916382,578,-40.89641571044922
1769715131.7747965,579,-41.17220687866211
1769715198.4309928,580,-41.635589599609375
1769715306.8728776,581,-41.743743896484375
1769715312.6782181,582,-41.975135803222656
1769715313.3138967,583,-43.4974479675293
1769715364.7680428,584,-42.32102966308594
1769715397.2220776,585,-42.72229766845703
1769715436.9694602,586,-43.21599578857422
1769715475.7862065,587,-43.7249641418457
1769715482.407773,588,-43.99241256713867
1769715482.5308783,589,-46.0730094909668
1769715489.3059607,590,-43.89589309692383
1769715526.409759,591,-44.28840255737305
1769715541.4364626,592,-44.24820327758789
1769715749.4712374,593,-44.85482406616211
1769715752.7997875,594,-46.42842483520508
1769715770.3255305,595,-45.40774917602539
1769715770.4597502,596,-44.257667541503906
1769715778.5523272,597,-45.03763198852539
1769715791.744051,598,-45.641517639160156
1769715791.8688197,599,-47.02650833129883
1769715808.387417,600,-45.36608123779297
1769715813.7997696,601,-44.83464431762695
1769715821.3561401,602,-46.2860221862793
1769715836.5720665,603,-45.81640625
1769715860.0404308,604,-46.26800537109375
1769715870.66183,605,-46.06194305419922
1769715881.5129287,606,-46.44297409057617
1769715881.638347,607,-48.451148986816406
1769715913.2940571,608,-46.642513275146484
1769715965.20801,609,-47.10530471801758
1769715981.6059754,610,-47.72273254394531
1769716166.8749266,611,-47.8320426940918
1769716184.7136378,612,-48.17269515991211
1769716216.7984152,613,-48.013954162597656
1769716245.4845102,614,-48.47364044189453
1769716304.9560087,615,-49.37598419189453
1769716312.3803737,616,-49.61761474609375
1769716321.2246747,617,-49.74270248413086
1769716341.3793159,618,-49.76200485229492
1769716347.4318087,619,-49.19542694091797
1769716415.094163,620,-50.272945404052734
1769716422.249711,621,-50.475425720214844
1769716453.150442,622,-50.711570739746094
1769716591.907716,623,-51.30911636352539
1769716608.6296847,624,-51.177555084228516
1769716698.2368293,625,-52.12672805786133
1769716733.690764,626,-52.587669372558594
1769716735.8967597,627,-52.21668243408203
1769716737.9201953,628,-53.61233901977539
1769716740.2061589,629,-53.46946334838867
1769716758.5675807,630,-53.468570709228516
1769716762.9558766,631,-53.25676345825195
1769716791.7659745,632,-53.33666229248047
1769716792.9423213,633,-52.61020278930664
1769716814.6056583,634,-53.48258972167969
1769716817.0319967,635,-53.81283187866211
1769716820.7438254,636,-54.12236022949219
1769716826.6616805,637,-53.70368957519531
1769716840.45793,638,-53.375614166259766
1769716848.0671167,639,-53.729122161865234
1769716851.046298,640,-53.78071594238281
1769716867.6498916,641,-54.293399810791016
1769716907.885981,642,-55.82078552246094
1769716970.206083,643,-54.692420959472656
1769717011.7879074,644,-55.16231918334961
1769717092.2306528,645,-55.7479362487793
1769717092.4276955,646,-62.16193771362305
1769717118.0858178,647,-55.96696853637695
1769717697.6808133,648,-59.9487419128418
1769717778.6494017,649,-61.56489562988281
1769717833.9533668,650,-63.223411560058594
1769717843.8772833,651,-64.59336853027344
1769717851.0656273,652,-63.984336853027344
1769717927.0311127,653,-63.82015609741211
1769717954.79903,654,-63.90065002441406
1769718035.3434522,655,-64.65145111083984
1769718053.1533725,656,-65.51283264160156
1769718057.3370137,657,-66.22633361816406
1769718062.858161,658,-65.46826934814453
1769718066.26351,659,-65.19986724853516
1769718100.9324548,660,-66.22046661376953
1769718152.5677254,661,-66.70855712890625
1769718178.6309276,662,-66.97859191894531
1769718208.410683,663,-67.4173355102539
1769718220.278397,664,-68.48397064208984
1769718281.3239875,665,-67.83709716796875
1769718283.783491,666,-68.97736358642578
1769718377.5710413,667,-68.24689483642578
1769718388.191568,668,-68.90333557128906
1769718392.0034335,669,-69.24027252197266
1769718412.63171,670,-68.65352630615234
1769718426.3370922,671,-69.26947021484375
1769718432.1032908,672,-69.151123046875
1769718471.7364173,673,-69.720703125
1769718499.7073634,674,-70.70758819580078
1769718515.0331008,675,-69.77348327636719
1769718577.0849202,676,-70.74195861816406
1769718754.0228226,677,-66.4075927734375
1769718761.130172,678,-70.88935852050781
1769718770.6708694,679,-71.10072326660156
1769718798.8767548,680,-70.9457015991211
1769718800.9872642,681,-70.62030029296875
1769718819.0306113,682,-71.39234924316406
1769718835.248648,683,-71.36618041992188
1769718881.3087049,684,-71.97209930419922
1769718934.760732,685,-72.25287628173828
1769718934.9346766,686,-67.0135269165039
1769718986.4590168,687,-72.3291015625
1769719010.1836445,688,-72.35334014892578
1769719028.1184592,689,-72.39460754394531
1769719130.4559677,690,-73.0459213256836
1769719136.7911582,691,-73.38135528564453
1769719137.9613833,692,-74.36255645751953
1769719147.9453695,693,-73.3437728881836
1769719159.894099,694,-72.97249603271484
1769719161.2838783,695,-73.42190551757812
1769719161.4035404,696,-70.7086181640625
1769719165.7676246,697,-72.45327758789062
1769719191.101047,698,-73.72630310058594
1769719203.9438624,699,-74.19696807861328
1769719224.9592988,700,-73.59602355957031
1769719225.09434,701,-77.52791595458984
1769719229.7961793,702,-73.47462463378906
1769719231.4536784,703,-73.54361724853516
1769719268.1974614,704,-74.41190338134766
1769719278.4069035,705,-74.44669342041016
1769719283.0045521,706,-75.06999206542969
1769719311.376391,707,-74.17098999023438
1769719319.416099,708,-75.32963562011719
1769719323.349409,709,-74.6712875366211
1769719328.7942333,710,-75.22953033447266
1769719338.3378596,711,-74.29357147216797
1769719359.4782677,712,-74.50666046142578
1769719452.8701704,713,-75.65364074707031
1769719453.9766986,714,-75.2577133178711
1769719496.4531887,715,-74.70967102050781
1769719498.7488987,716,-74.62401580810547
1769719498.8714447,717,-87.53398132324219
1769719499.337239,718,-71.52581024169922
1769719503.566674,719,-74.72470092773438
1769719527.184211,720,-74.94237518310547
1769719536.8152745,721,-75.62043762207031
1769719546.8227289,722,-75.0807113647461
1769719553.1787996,723,-76.19413757324219
1769719563.5024836,724,-75.92031860351562
1769719564.608758,725,-77.90480041503906
1769719565.9987833,726,-76.05436706542969
1769719590.849695,727,-75.639892578125
1769719596.635693,728,-75.50189208984375
1769719605.2891622,729,-75.70549774169922
1769719637.025715,730,-75.7798080444336
1769719651.9419122,731,-75.63704681396484
1769719682.2098875,732,-75.76006317138672
1769719686.4543338,733,-76.44136810302734
1769719711.0511308,734,-76.0301513671875
1769719712.4573877,735,-76.43214416503906
1769719723.9491756,736,-75.70706939697266
1769719748.471811,737,-75.88558197021484
1769719837.4330888,738,-77.12886047363281
1769719850.933998,739,-75.53968048095703
1769719856.9554188,740,-76.03726959228516
1769719861.2553515,741,-76.46722412109375
1769719863.8459246,742,-77.2693862915039
1769719879.3725314,743,-77.02119445800781
1769719884.4969869,744,-76.76815032958984
1769719889.7114573,745,-75.31535339355469
1769719922.139864,746,-76.41909790039062
1769719930.8889463,747,-76.80099487304688
1769719940.7839432,748,-76.23140716552734
1769719941.485788,749,-80.066162109375
1769719948.091534,750,-76.412841796875
1769719964.0319438,751,-76.5140151977539
1769719966.9813426,752,-77.1802978515625
1769719969.9466667,753,-77.06023406982422
1769719972.9001403,754,-75.91329193115234
1769719975.3050678,755,-76.94461059570312
1769719984.045682,756,-75.85338592529297
1769720006.8200552,757,-76.7638931274414
1769720012.535081,758,-77.83740234375
1769720012.6633332,759,-74.51771545410156
1769720031.775473,760,-76.45728302001953
1769720040.3466067,761,-76.76651000976562
1769720040.4741325,762,-69.99642181396484
1769720040.5925655,763,-76.62287902832031
1769720043.0395856,764,-79.17897033691406
1769720043.1636748,765,-94.59404754638672
1769720067.1010714,766,-77.05460357666016
1769720093.5690684,767,-76.8756332397461
1769720094.1755524,768,-74.04570007324219
1769720098.6578727,769,-77.56304168701172
1769720125.70394,770,-77.63825225830078
1769720165.126576,771,-77.16253662109375
1769720174.3398316,772,-77.16913604736328
1769720179.6474442,773,-77.3261489868164
1769720188.2171984,774,-77.01188659667969
1769720200.881087,775,-76.8148422241211
1769720207.4692974,776,-76.84867858886719
1769720220.5583968,777,-76.84249114990234
1769720236.7258673,778,-76.69796752929688
1769720274.6673806,779,-76.69689178466797
1769720283.5972083,780,-76.33479309082031
1769720288.7449944,781,-76.53425598144531
1769720295.0673892,782,-77.12982940673828
1769720299.5874567,783,-76.85755920410156
1769720315.9904432,784,-77.50831604003906
1769720322.917528,785,-77.7476577758789
1769720345.8310685,786,-76.40289306640625
1769720345.9753199,787,-77.30330657958984
1769720356.2303894,788,-76.6095962524414
1769720375.6586592,789,-76.73309326171875
1769720395.8348858,790,-76.89766693115234
1769720412.6480448,791,-76.95050811767578
1769720413.8690133,792,-75.05699920654297
1769720418.6248405,793,-78.67076110839844
1769720457.5149803,794,-76.32772064208984
1769720478.085303,795,-77.52910614013672
1769720480.017475,796,-75.4464111328125
1769720506.2960923,797,-76.5633316040039
1769720514.2672725,798,-76.87837219238281
1769720518.6209881,799,-75.73161315917969
1769720520.065113,800,-79.82925415039062
1769720570.6555243,801,-77.43925476074219
1769720577.4200406,802,-78.19217681884766
1769720582.3995135,803,-76.71257019042969
1769720610.8603292,804,-77.53409576416016
1769720615.3279188,805,-76.91322326660156
1769720624.9235077,806,-77.91522216796875
1769720632.228034,807,-76.28697967529297
1769720637.3173106,808,-77.1922378540039
1769720651.3919477,809,-76.9072036743164
1769720655.6635191,810,-77.63113403320312
1769720661.0986576,811,-78.27192687988281
1769720671.5423148,812,-77.26788330078125
1769720672.7080555,813,-78.34993743896484
1769720675.9920602,814,-77.02330780029297
1769720688.173252,815,-77.3781967163086
1769720705.8017914,816,-78.09729766845703
1769720716.5583339,817,-76.37995147705078
1769720718.864738,818,-77.63533020019531
1769720725.5586476,819,-78.09123992919922
1769720728.2663217,820,-76.94453430175781
1769720754.8806467,821,-77.43028259277344
1769720787.690975,822,-77.1649169921875
1769720788.673796,823,-77.72382354736328
1769720791.5548294,824,-77.85282135009766
1769720803.7594886,825,-77.38958740234375
1769720804.8680449,826,-80.474609375
1769720806.3831756,827,-78.2293701171875
1769720834.1343825,828,-77.37212371826172
1769720838.7550344,829,-77.78907775878906
1769720845.5711088,830,-79.2137680053711
1769720854.4432356,831,-78.75878143310547
1769720854.5661118,832,-85.81380462646484
1769720861.6128829,833,-78.3056411743164
1769720866.4866543,834,-79.10723876953125
1769720869.4100938,835,-77.28948211669922
1769720877.2445374,836,-77.8260726928711
1769720891.4297073,837,-77.24937438964844
1769720899.1042497,838,-78.12501525878906
1769720902.883749,839,-78.096923828125
1769720906.2677233,840,-77.64624786376953
1769720912.7776005,841,-77.0362777709961
1769720919.2950387,842,-77.7372817993164
1769720927.9438546,843,-77.24055480957031
1769720933.3245616,844,-78.0579833984375
1769720946.3596542,845,-77.42559051513672
1769720951.9672208,846,-78.1630859375
1769720954.4686766,847,-78.78351593017578
1769720960.3889656,848,-76.62676239013672
1769720974.8890939,849,-76.82647705078125
1769720986.3328147,850,-77.23809814453125
1769720986.4609885,851,-60.86822509765625
1769720994.8105972,852,-77.80363464355469
1769720996.5035505,853,-77.12886810302734
1769721001.4398658,854,-77.82167053222656
1769721006.8529496,855,-77.32488250732422
1769721010.8719869,856,-77.49910736083984
1769721019.238376,857,-78.06272888183594
1769721020.7443705,858,-79.7867431640625
1769721025.1492639,859,-75.08743286132812
1769721033.0950122,860,-77.13202667236328
1769721048.6164742,861,-77.653564453125
1769721075.000614,862,-77.52354431152344
1769721111.5478208,863,-76.8396224975586
1769721130.6846166,864,-76.56584167480469
1769721137.654361,865,-78.26604461669922
1769721137.8902714,866,-77.10980987548828
1769721157.700977,867,-76.94307708740234
1769721177.0478368,868,-77.2569580078125
1769721182.8539186,869,-77.99231719970703
1769721184.8784535,870,-77.5721435546875
1769721193.2878802,871,-78.53809356689453
1769721208.0879898,872,-77.45586395263672
1769721209.0894387,873,-77.01789093017578
1769721209.2104542,874,-77.59134674072266
1769721210.825133,875,-76.86141967773438
1769721234.0264304,876,-77.23169708251953
1769721246.9088893,877,-78.26744842529297
1769721253.2181964,878,-77.59900665283203
1769721262.9110072,879,-76.82180786132812
1769721268.440431,880,-77.64289093017578
1769721277.7523522,881,-77.91946411132812
1769721286.287317,882,-78.36964416503906
1769721298.0933435,883,-77.10147094726562
1769721314.8213103,884,-78.14300537109375
1769721314.9514017,885,-81.05583953857422
1769721336.3471222,886,-77.31815338134766
1769721338.381088,887,-78.06422424316406
1769721366.5359204,888,-76.6968002319336
1769721366.6910307,889,-85.7313461303711
1769721366.811474,890,-81.19622039794922
1769721379.1751096,891,-76.49000549316406
1769721418.4954944,892,-76.13658905029297
1769721430.429227,893,-77.1443862915039
1769721432.8572178,894,-76.20755767822266
1769721453.3585815,895,-76.70986938476562
1769721459.1312118,896,-77.3360366821289
1769721459.831081,897,-82.01007080078125
1769721475.6717744,898,-77.34449768066406
1769721557.1000116,899,-77.08843231201172
1769721580.2385666,900,-76.90884399414062
1769721584.248603,901,-78.27499389648438
1769721584.8329682,902,-79.44969940185547
1769721594.3335679,903,-76.46649932861328
1769721594.4596019,904,-65.46062469482422
1769721594.5825171,905,-83.20479583740234
1769721600.9746146,906,-76.76419830322266
1769721605.4159226,907,-76.91543579101562
1769721606.5574055,908,-76.95809173583984
1769721631.0495496,909,-77.2718505859375
1769721645.4460874,910,-77.16116333007812
1769721664.094524,911,-76.50838470458984
1769721668.3867545,912,-75.77775573730469
1769721672.1560657,913,-75.18693542480469
1769721676.367539,914,-78.0162124633789
1769721679.659285,915,-78.38900756835938
1769721680.4730852,916,-73.01156616210938
1769721685.1261232,917,-77.59732055664062
1769721696.4811122,918,-78.14253997802734
1769721724.9844291,919,-77.31600189208984
1769721747.2724786,920,-76.88927459716797
1769721747.4114914,921,-79.7056655883789
1769721765.420051,922,-76.9734878540039
1769721766.22476,923,-74.59806060791016
1769721772.255271,924,-75.84461212158203
1769721780.9171412,925,-76.3516616821289
1769721784.781302,926,-78.00191497802734
1769721784.9020317,927,-93.86701965332031
1769721815.144329,928,-77.06094360351562
1769721820.0654967,929,-77.22943878173828
1769721835.190551,930,-77.79377746582031
1769721843.2104335,931,-77.46061706542969
1769721855.3742387,932,-77.07127380371094
1769721864.8923447,933,-76.8609390258789
1769721876.7757554,934,-76.69893646240234
1769721877.7761347,935,-73.42564392089844
1769721880.150453,936,-77.48278045654297
1769721890.9874182,937,-78.28889465332031
1769721920.2970808,938,-77.77693939208984
1769721930.1889863,939,-76.5382080078125
1769721941.579994,940,-76.9139175415039
1769721947.9626043,941,-77.31957244873047
1769721969.1249776,942,-76.82141876220703
1769721979.750244,943,-77.25834655761719
1769721984.708616,944,-75.37689971923828
1769721988.7203026,945,-76.98188018798828
1769721989.8206556,946,-72.59249114990234
1769721989.9437075,947,-74.61251068115234
1769721999.245761,948,-76.30054473876953
1769722030.373172,949,-76.18043518066406
1769722067.194852,950,-76.28611755371094
1769722085.0288353,951,-76.30353546142578
1769722100.5804374,952,-75.99127960205078
1769722106.4679048,953,-75.40165710449219
1769722106.589958,954,-72.89578247070312
1769722113.0522006,955,-75.8949966430664
1769722124.9883704,956,-76.4390869140625
1769722125.9571586,957,-79.79573059082031
1769722130.2564383,958,-73.79705810546875
1769722138.0803301,959,-77.25980377197266
1769722158.447181,960,-75.32005310058594
1769722162.882573,961,-74.50434112548828
1769722168.238704,962,-76.90225219726562
1769722170.7301958,963,-74.97621154785156
1769722199.8031487,964,-75.94058227539062
1769722248.3271935,965,-75.13491821289062
1769722272.0738578,966,-76.13999938964844
1769722276.9412756,967,-73.77666473388672
1769722277.1811826,968,-71.88661193847656
1769722278.9190843,969,-78.23863220214844
1769722318.7963312,970,-76.00645446777344
1769722323.654245,971,-74.33100128173828
1769722333.8711078,972,-75.08911895751953
1769722361.4976647,973,-75.80868530273438
1769722363.9838212,974,-76.64785766601562
1769722366.2195065,975,-76.22395324707031
1769722398.2090733,976,-76.03610229492188
1769722404.707252,977,-75.26768493652344
1769722409.0055213,978,-75.15760803222656
1769722410.0488596,979,-76.27693939208984
1769722419.5506501,980,-75.41034698486328
1769722421.3708415,981,-77.0656509399414
1769722424.5506158,982,-75.9521255493164
1769722427.0643413,983,-76.61097717285156
1769722432.398634,984,-75.65220642089844
1769722438.5628111,985,-74.86021423339844
1769722446.6073153,986,-76.63426208496094
1769722452.9651868,987,-74.97843933105469
1769722456.1698947,988,-76.02294158935547
1769722461.1680367,989,-77.3748550415039
1769722462.7261164,990,-75.42984008789062
1769722464.3419385,991,-73.69522857666016
1769722522.177535,992,-74.88871002197266
1769722526.4747987,993,-73.9240951538086
1769722528.8290706,994,-74.82201385498047
1769722530.768231,995,-75.55750274658203
1769722539.8545177,996,-74.41596984863281
1769722540.011238,997,-90.2198715209961
1769722548.5201485,998,-74.11665344238281
1769722548.6450834,999,-73.04228973388672
1769722564.813278,1000,-75.07905578613281
1769722570.0426514,1001,-75.11426544189453
1769722572.445343,1002,-75.07784271240234
1769722577.9917345,1003,-75.91875457763672
1769722593.1881523,1004,-75.00855255126953
1769722602.798495,1005,-73.96833038330078
1769722606.9980345,1006,-74.7542724609375
1769722610.3163168,1007,-75.66507720947266
1769722618.7616858,1008,-73.41918182373047
1769722620.5543592,1009,-75.19651794433594
1769722627.4590735,1010,-73.52769470214844
1769722629.0203054,1011,-76.12673950195312
1769722634.3453538,1012,-74.4681625366211
1769722671.5249085,1013,-75.68074035644531
1769722676.3882208,1014,-75.5893783569336
1769722676.508367,1015,-76.93379211425781
1769722683.6514356,1016,-72.54023742675781
1769722683.7752912,1017,-78.14250946044922
1769722698.659809,1018,-74.38727569580078
1769722712.5531082,1019,-75.1209945678711
1769722720.9256213,1020,-74.4043960571289
1769722731.3106885,1021,-75.95965576171875
1769722740.9676023,1022,-74.88044738769531
1769722742.0194654,1023,-72.03553771972656
1769722754.0400307,1024,-74.73629760742188
1769722768.0474994,1025,-74.61903381347656
1769722768.1827593,1026,-78.39897918701172
1769722769.2814775,1027,-78.38321685791016
1769722776.9837768,1028,-74.32122039794922
1769722786.2829022,1029,-74.38912200927734
1769722788.906187,1030,-75.06022644042969
1769722813.3274617,1031,-75.03890228271484
1769722841.7300873,1032,-75.2367935180664
1769722853.056291,1033,-73.66392517089844
1769722854.5756965,1034,-74.32353973388672
1769722886.5005393,1035,-74.42079162597656
1769722888.3655734,1036,-73.87017059326172
1769722896.4931169,1037,-75.43830108642578
1769722900.4911315,1038,-75.0576171875
1769722902.053881,1039,-76.5642318725586
1769722905.931887,1040,-74.24524688720703
1769722918.681946,1041,-74.99783325195312
1769722918.8108287,1042,-72.68386840820312
1769722919.9659905,1043,-74.84248352050781
1769722944.9132395,1044,-75.30351257324219
1769722964.7205544,1045,-72.98908233642578
1769722987.8888967,1046,-74.68159484863281
1769722990.575782,1047,-75.39415740966797
1769722998.2721913,1048,-74.39398193359375
1769723001.151217,1049,-75.57508850097656
1769723001.2755046,1050,-71.15119934082031
1769723006.047148,1051,-73.28104400634766
1769723021.914415,1052,-73.04962158203125
1769723026.9870062,1053,-73.30020141601562
1769723032.7325716,1054,-72.30171203613281
1769723035.1455157,1055,-72.45445251464844
1769723035.262148,1056,-74.60749816894531
1769723044.334878,1057,-72.59418487548828
1769723047.8584075,1058,-70.3593978881836
1769723050.1100836,1059,-72.84041595458984
1769723066.2462978,1060,-73.19437408447266
1769723070.623653,1061,-74.56031799316406
1769723078.422889,1062,-75.46054077148438
1769723081.9600143,1063,-74.39598083496094
1769723107.6156158,1064,-74.55680847167969
1769723122.15849,1065,-72.70987701416016
1769723127.2795637,1066,-72.94684600830078
1769723144.8305216,1067,-73.21286010742188
1769723152.3969843,1068,-72.76033020019531
1769723161.830979,1069,-73.94599151611328
1769723165.9154077,1070,-72.75090789794922
1769723173.7750113,1071,-73.74298858642578
1769723185.8251493,1072,-75.1529541015625
1769723196.9956384,1073,-73.10440826416016
1769723199.7121484,1074,-71.62692260742188
1769723201.766827,1075,-71.17637634277344
1769723223.0293703,1076,-74.33856201171875
1769723291.3319337,1077,-74.3387451171875
1769723334.9068842,1078,-72.96673583984375
1769723346.1904743,1079,-72.87434387207031
1769723349.3720818,1080,-77.75008392333984
1769723354.792972,1081,-74.33460235595703
1769723378.051714,1082,-72.93357849121094
1769723381.3899314,1083,-71.20150756835938
1769723386.2808595,1084,-72.9891128540039
1769723387.097313,1085,-75.81106567382812
1769723394.345955,1086,-73.81095886230469
1769723397.5462527,1087,-74.06583404541016
1769723407.7451437,1088,-74.2066879272461
1769723410.3999393,1089,-72.9720458984375
1769723431.0833735,1090,-74.13693237304688
1769723433.7007277,1091,-74.1558837890625
1769723448.6716073,1092,-74.38882446289062
1769723451.8862338,1093,-74.82403564453125
1769723470.3133268,1094,-73.43083953857422
1769723481.2777677,1095,-74.55245208740234
1769723485.9663208,1096,-76.25891876220703
1769723491.0715332,1097,-75.44502258300781
1769723495.2263672,1098,-72.92544555664062
1769723498.2782855,1099,-73.08149719238281
1769723509.925826,1100,-74.25447082519531
1769723510.053779,1101,-92.97265625
1769723517.6986125,1102,-71.93663787841797
1769723548.2850296,1103,-72.97206115722656
1769723550.1071198,1104,-71.84323120117188
1769723573.7234921,1105,-73.06185150146484
1769723619.151999,1106,-74.15169525146484
1769723619.2761467,1107,-49.86464309692383
1769723626.7830036,1108,-72.7685546875
1769723629.2769973,1109,-74.20197296142578
1769723631.6201415,1110,-74.3138198852539
1769723636.029421,1111,-73.13666534423828
1769723638.9458447,1112,-75.19374084472656
1769723640.4222002,1113,-70.99803161621094
1769723649.6292095,1114,-73.1707534790039
1769723659.4409275,1115,-72.030029296875
1769723661.5132377,1116,-77.33418273925781
1769723661.632934,1117,-85.6816635131836
1769723661.7559774,1118,-82.37928009033203
1769723680.389676,1119,-74.69391632080078
1769723683.456715,1120,-72.094482421875
1769723697.3603413,1121,-71.8028335571289
1769723727.3565648,1122,-73.24024963378906
1769723729.1222138,1123,-73.28474426269531
1769723735.0766964,1124,-73.41702270507812
1769723738.3646288,1125,-74.99810791015625
1769723740.2696657,1126,-74.6926040649414
1769723746.4467776,1127,-72.91236114501953
1769723749.5729802,1128,-71.33465576171875
1769723777.5918736,1129,-72.2051010131836
1769723778.4253628,1130,-71.33189392089844
1769723782.4124687,1131,-73.40717315673828
1769723790.0182385,1132,-72.55216979980469
1769723798.23019,1133,-71.86371612548828
1769723798.3581383,1134,-50.80900573730469
1769723799.9147243,1135,-74.3112564086914
1769723811.4323823,1136,-72.70414733886719
1769723819.350136,1137,-72.16771697998047
1769723829.6806498,1138,-73.88137817382812
1769723842.862875,1139,-73.9544448852539
1769723868.8975093,1140,-72.80667114257812
1769723873.8143432,1141,-70.40889739990234
1769723875.9073982,1142,-70.57659912109375
1769723885.0232718,1143,-72.0623550415039
1769723936.8021262,1144,-73.0576400756836
1769723962.5234573,1145,-71.75321197509766
1769723977.2774186,1146,-72.29518127441406
1769723977.8709855,1147,-72.47627258300781
1769724010.117649,1148,-72.49556732177734
1769724027.9601767,1149,-71.66820526123047
1769724033.1765618,1150,-70.77163696289062
1769724035.4225628,1151,-72.67135620117188
1769724035.5428767,1152,-86.87590789794922
1769724040.426669,1153,-74.03998565673828
1769724041.5302742,1154,-72.02167510986328
1769724049.057846,1155,-72.44563293457031
1769724050.857641,1156,-74.59931182861328
1769724094.5295663,1157,-71.998779296875
1769724105.4861233,1158,-72.20991516113281
1769724123.3422441,1159,-71.5495834350586
1769724125.2926826,1160,-73.85809326171875
1769724141.7673438,1161,-70.62673950195312
1769724146.776719,1162,-74.08153533935547
1769724171.4614356,1163,-72.67205810546875
1769724186.956028,1164,-70.14715576171875
1769724200.1663735,1165,-72.24440002441406
1769724249.48794,1166,-70.97870635986328
1769724282.630516,1167,-70.92911529541016
1769724284.1324477,1168,-69.7393569946289
1769724286.538808,1169,-69.99209594726562
1769724301.4504397,1170,-71.9993896484375
1769724343.8360834,1171,-70.9297103881836
1769724350.7765453,1172,-71.32984161376953
1769724356.4436724,1173,-70.92423248291016
1769724356.570062,1174,-66.64924621582031
1769724364.3899822,1175,-70.33638763427734
1769724365.4990454,1176,-69.61212921142578
1769724367.867192,1177,-71.95912170410156
1769724369.025207,1178,-75.43646240234375
1769724371.048036,1179,-75.3323974609375
1769724422.2884955,1180,-69.48104858398438
1769724422.4594483,1181,-85.58287048339844
1769724427.4039037,1182,-71.48120880126953
1769724443.7773452,1183,-69.6697769165039
1769724461.1242387,1184,-70.68294525146484
1769724468.8393538,1185,-69.50177001953125
1769724503.7862759,1186,-69.61798858642578
1769724508.9371538,1187,-70.30449676513672
1769724509.0575745,1188,-76.27730560302734
1769724530.0848398,1189,-67.9082260131836
1769724571.715223,1190,-68.35059356689453
1769724671.0323493,1191,-67.50609588623047
1769724686.6014156,1192,-67.02496337890625
1769724695.471245,1193,-67.54569244384766
1769724703.35249,1194,-66.98753356933594
1769724707.2000365,1195,-68.29685974121094
1769724715.179031,1196,-66.84673309326172
1769724716.8881683,1197,-68.65740966796875
1769724718.561954,1198,-66.28270721435547
1769724721.1938443,1199,-67.18080139160156
1769724758.3691413,1200,-67.90858459472656
1769724763.7142375,1201,-66.98014831542969
1769724766.1398833,1202,-68.02167510986328
1769724775.4703481,1203,-67.66183471679688
1769724789.980364,1204,-66.159423828125
1769724795.6522295,1205,-68.67080688476562
1769724828.18687,1206,-65.67513275146484
1769724835.883678,1207,-66.33039855957031
1769724842.1211424,1208,-66.92194366455078
1769724845.993403,1209,-66.88373565673828
1769724879.0730464,1210,-66.3626708984375
1769724883.8774717,1211,-65.96461486816406
1769724886.6270342,1212,-65.93667602539062
1769724910.90649,1213,-65.89747619628906
1769724975.4803817,1214,-64.70741271972656
1769724995.5936806,1215,-65.8546371459961
1769724997.3494322,1216,-60.60945510864258
1769725000.6512525,1217,-65.05736541748047
1769725011.2618318,1218,-66.2649917602539
1769725012.366566,1219,-64.44866943359375
1769725012.4862006,1220,-66.56463623046875
1769725024.8912723,1221,-65.56790924072266
1769725047.5121608,1222,-65.31761932373047
1769725091.9795847,1223,-63.542903900146484
1769725100.581623,1224,-62.9066047668457
1769725100.7073808,1225,-73.20537567138672
1769725101.0639555,1226,-66.607177734375
1769725101.1835248,1227,-67.03527069091797
1769725113.7109132,1228,-64.30023956298828
1769725117.1485548,1229,-63.89441680908203
1769725131.0200906,1230,-62.505943298339844
1769725134.888274,1231,-61.86381530761719
1769725147.9280171,1232,-64.16773223876953
1769725151.031484,1233,-61.430152893066406
1769725165.6089904,1234,-62.43826675415039
1769725168.8038042,1235,-63.161373138427734
1769725205.4692886,1236,-63.020362854003906
1769725213.0872414,1237,-64.00702667236328
1769725218.2715123,1238,-61.76422119140625
1769725221.3821197,1239,-63.53679656982422
1769725226.718148,1240,-63.20177459716797
1769725236.923417,1241,-62.8349494934082
1769725254.0578992,1242,-61.71623611450195
1769725316.5776927,1243,-61.307533264160156
1769725336.1762471,1244,-62.164024353027344
1769725371.2543752,1245,-60.136634826660156
1769725376.1908448,1246,-60.095787048339844
1769725386.8651874,1247,-60.23743438720703
1769725405.9540608,1248,-60.522579193115234
1769725418.0000463,1249,-59.20344161987305
1769725423.7486763,1250,-60.4328498840332
1769725428.4778533,1251,-60.56966018676758
1769725436.107399,1252,-60.50163650512695
1769725462.5863833,1253,-59.616024017333984
1769725466.6186366,1254,-60.56117248535156
1769725479.3695543,1255,-60.87958526611328
1769725479.4974775,1256,-75.95885467529297
1769725489.0365222,1257,-57.87400436401367
1769725508.730496,1258,-59.654781341552734
1769725523.0489407,1259,-60.912384033203125
1769725523.1786413,1260,-66.64837646484375
1769725525.3671181,1261,-58.32438659667969
1769725539.167535,1262,-57.51815414428711
1769725547.5603383,1263,-59.31820297241211
1769725577.3597198,1264,-58.41425323486328
1769725616.838247,1265,-58.67765426635742
1769725651.5524905,1266,-58.91426086425781
1769725659.8457708,1267,-59.825523376464844
1769725664.9554334,1268,-59.14168930053711
1769725669.6020482,1269,-61.87883377075195
1769725685.9794018,1270,-57.57899475097656
1769725690.7894,1271,-57.176029205322266
1769725690.910227,1272,-55.542999267578125
1769725691.238622,1273,-53.75680160522461
1769725694.860089,1274,-57.83582305908203
1769725703.0831006,1275,-57.66956329345703
1769725713.2527761,1276,-57.615272521972656
1769725722.8166842,1277,-55.18770217895508
1769725751.5840213,1278,-56.9370231628418
1769725751.7617168,1279,-71.61971282958984
1769725777.4176922,1280,-57.25550842285156
1769725793.3168964,1281,-56.41850662231445
1769725803.9745467,1282,-56.75926971435547
1769725811.752974,1283,-56.3154296875
1769725812.1078022,1284,-67.70140075683594
1769725816.3839874,1285,-56.82752990722656
1769725825.0555928,1286,-57.27316665649414
1769725830.7648623,1287,-57.70530319213867
1769725838.298308,1288,-55.23007583618164
1769725880.5824914,1289,-55.17794418334961
1769725884.662623,1290,-54.8834114074707
1769725886.3118203,1291,-51.07586669921875
1769725890.69247,1292,-55.80451965332031
1769725890.8457153,1293,-31.03704261779785
1769725892.9823601,1294,-51.859161376953125
1769725924.578156,1295,-54.278507232666016
1769726006.8501134,1296,-54.95201873779297
1769726016.0031404,1297,-56.89266586303711
1769726047.373739,1298,-54.16556167602539
1769726081.5324059,1299,-53.85144805908203
1769726090.0583134,1300,-53.76532745361328
1769726104.7657084,1301,-52.357479095458984
1769726133.2768579,1302,-53.94639205932617
1769726155.364825,1303,-53.345252990722656
1769726155.518905,1304,-59.73186111450195
1769726155.6386867,1305,-80.22032928466797
1769726190.7833054,1306,-52.39740753173828
1769726202.3518958,1307,-52.523468017578125
1769726225.016812,1308,-52.54582214355469
1769726229.3436694,1309,-53.28456497192383
1769726246.7102675,1310,-51.08173751831055
1769726246.8439505,1311,-61.540748596191406
1769726259.8720284,1312,-50.54482650756836
1769726342.555666,1313,-50.73249435424805
1769726411.0099347,1314,-50.903255462646484
1769726443.5140276,1315,-50.02798843383789
1769726444.4702742,1316,-52.526206970214844
1769726445.6954434,1317,-57.14997100830078
1769726445.8187351,1318,-67.70173645019531
1769726448.203058,1319,-49.17729949951172
1769726484.6625044,1320,-50.43528747558594
1769726496.4811318,1321,-49.66697311401367
1769726528.6810572,1322,-48.90481185913086
1769726540.3248231,1323,-49.60782241821289
1769726556.1221654,1324,-48.97945022583008
1769726556.252523,1325,-59.02787399291992
1769726562.7480896,1326,-46.28096389770508
1769726565.6055927,1327,-49.49343490600586
1769726586.5960019,1328,-48.002464294433594
1769726591.3016307,1329,-49.71145248413086
1769726602.4400852,1330,-50.17293930053711
1769726633.725348,1331,-43.412776947021484
1769726646.904204,1332,-48.676170349121094
1769726648.7794037,1333,-49.44869613647461
1769726653.6462684,1334,-51.0068473815918
1769726658.1689432,1335,-47.90203857421875
1769726664.536622,1336,-49.353492736816406
1769726668.5389872,1337,-50.643741607666016
1769726671.4855294,1338,-48.21364212036133
1769726680.6556096,1339,-47.82516098022461
1769726690.8387291,1340,-45.565608978271484
1769726717.73193,1341,-49.221946716308594
1769726736.1820438,1342,-46.90312576293945
1769726747.9180903,1343,-49.69863510131836
1769726765.0727222,1344,-48.65055465698242
1769726774.9562201,1345,-47.956398010253906
1769726791.4868605,1346,-48.63289260864258
1769726795.3206382,1347,-46.383155822753906
1769726801.5518901,1348,-47.8806037902832
1769726802.9067683,1349,-42.98891067504883
1769726834.8321266,1350,-48.283668518066406
1769726848.2891684,1351,-48.72731018066406
1769726874.7515354,1352,-46.56177520751953
1769726875.0110614,1353,-61.64727020263672
1769726876.4924917,1354,-50.875526428222656
1769726918.4688656,1355,-47.53678894042969
1769726949.7677245,1356,-53.517391204833984
1769726994.070244,1357,-46.79862594604492
1769727008.4964197,1358,-45.42050552368164
1769727011.5991466,1359,-45.29376220703125
1769727025.2127566,1360,-45.800331115722656
1769727040.9336398,1361,-46.75078582763672
1769727055.3251255,1362,-46.14283752441406
1769727058.629838,1363,-47.51475524902344
1769727058.7507124,1364,-65.23179626464844
1769727061.513867,1365,-51.557952880859375
1769727065.2927895,1366,-45.42510223388672
1769727074.6573799,1367,-46.53866195678711
1769727124.098668,1368,-46.15181350708008
1769727128.7150242,1369,-47.95738220214844
1769727147.1085165,1370,-46.8690071105957
1769727165.4876018,1371,-46.94487762451172
1769727178.820131,1372,-47.485198974609375
1769727182.2805977,1373,-47.86931228637695
1769727185.2422354,1374,-43.75194549560547
1769727198.8205547,1375,-45.853759765625
1769727206.0055604,1376,-46.61772155761719
1769727206.1602788,1377,-46.090972900390625
1769727209.4097338,1378,-45.874542236328125
1769727216.73119,1379,-46.39425277709961
1769727218.2402039,1380,-42.66804122924805
1769727232.731597,1381,-45.092037200927734
1769727232.973684,1382,-41.72027587890625
1769727249.7397468,1383,-46.369285583496094
1769727292.5388305,1384,-44.31253433227539
1769727348.1229103,1385,-44.15317153930664
1769727354.093374,1386,-41.350685119628906
1769727354.7337563,1387,-45.01227951049805
1769727360.406515,1388,-42.74757385253906
1769727366.5626934,1389,-44.496517181396484
1769727368.1299863,1390,-46.503334045410156
1769727371.1290326,1391,-41.94144058227539
1769727407.9067395,1392,-44.578208923339844
1769727410.1251116,1393,-47.17230224609375
1769727414.9024432,1394,-43.00522994995117
1769727420.3997252,1395,-42.8141975402832
1769727436.5881717,1396,-43.48986053466797
1769727440.6557596,1397,-46.056884765625
1769727447.5489583,1398,-44.81331253051758
1769727454.9877005,1399,-47.83562469482422
1769727457.1847425,1400,-47.93281173706055
1769727469.033721,1401,-44.993648529052734
1769727481.4453547,1402,-43.36682891845703
1769727497.1045547,1403,-44.627357482910156
1769727505.6381752,1404,-46.4012451171875
1769727522.3194702,1405,-42.98149490356445
1769727534.7015934,1406,-42.31865310668945
1769727540.4087124,1407,-44.709381103515625
1769727577.8284082,1408,-43.50425338745117
1769727657.6390955,1409,-43.356136322021484
1769727674.5671482,1410,-44.82048034667969
1769727682.3147104,1411,-43.04005432128906
1769727685.2725794,1412,-43.39319610595703
1769727686.9911397,1413,-47.31636047363281
1769727694.7526891,1414,-43.08942794799805
1769727716.8336895,1415,-43.11796569824219
1769727731.832302,1416,-43.1780891418457
1769727738.0536199,1417,-42.36747741699219
1769727746.296906,1418,-44.03152084350586
1769727749.0186415,1419,-45.09977340698242
1769727753.5681887,1420,-44.77259063720703
1769727784.5785463,1421,-43.45956802368164
1769727794.0183089,1422,-41.8509635925293
1769727845.5783157,1423,-42.55790328979492
1769727846.3209126,1424,-42.145957946777344
1769727888.67536,1425,-42.324119567871094
1769727892.0934975,1426,-44.42765426635742
1769727931.5026946,1427,-42.242271423339844
1769727954.9759672,1428,-41.71937942504883
1769728049.9294913,1429,-41.118717193603516
1769728054.359031,1430,-44.9013671875
1769728059.912137,1431,-42.91562271118164
1769728064.5419688,1432,-41.82686233520508
1769728093.9330008,1433,-41.718353271484375
1769728127.4932017,1434,-40.88078689575195
1769728144.5079708,1435,-41.214420318603516
1769728157.9107072,1436,-41.0411262512207
1769728191.7362654,1437,-40.88835144042969
1769728200.219932,1438,-41.686431884765625
1769728230.2363923,1439,-40.96040725708008
1769728234.2843502,1440,-40.39970779418945
1769728250.2398448,1441,-40.48945236206055
1769728264.5557666,1442,-40.728424072265625
1769728277.7892814,1443,-38.98149871826172
1769728278.1516998,1444,-33.86353302001953
1769728289.5384746,1445,-40.860809326171875
1769728318.9850655,1446,-40.525142669677734
1769728419.3435533,1447,-40.56917953491211
1769728419.950887,1448,-44.81617736816406
1769728422.8143673,1449,-41.13335037231445
1769728426.3742115,1450,-43.13020324707031
1769728427.0718653,1451,-43.527828216552734
1769728446.9073832,1452,-41.01656723022461
1769728456.653108,1453,-41.249664306640625
1769728457.5897143,1454,-43.76316452026367
1769728468.0368657,1455,-40.94511032104492
1769728478.0767827,1456,-42.117244720458984
1769728500.08631,1457,-39.16748809814453
1769728512.7360866,1458,-38.58907699584961
1769728514.4793642,1459,-40.99418640136719
1769728514.5984147,1460,-55.60819625854492
1769728522.773346,1461,-40.650306701660156
1769728559.3573165,1462,-39.71320724487305
1769728562.4741063,1463,-40.80985641479492
1769728603.7985442,1464,-39.61151123046875
1769728620.3308086,1465,-40.48967742919922
1769728623.5307941,1466,-41.825469970703125
1769728634.1540148,1467,-39.10074996948242
1769728636.4207118,1468,-39.4069938659668
1769728649.4634814,1469,-39.714900970458984
1769728665.505803,1470,-40.503360748291016
1769728686.0610018,1471,-39.26460266113281
1769728747.4656718,1472,-38.75878143310547
1769728806.8818345,1473,-38.398319244384766
1769728841.1789014,1474,-38.079017639160156
1769728852.8878438,1475,-38.09953689575195
1769728853.0202858,1476,-61.22481918334961
1769728853.1372054,1477,-41.21257400512695
1769728889.0598185,1478,-37.89687728881836
1769728902.9356358,1479,-36.38459014892578
1769728904.9898667,1480,-36.38093948364258
1769728910.1868634,1481,-38.5750617980957
1769728919.745268,1482,-40.070621490478516
1769728928.1771717,1483,-38.51004409790039
1769728931.2708373,1484,-38.85929489135742
1769728945.9584172,1485,-37.91094970703125
1769728972.4228523,1486,-38.19856262207031
1769729026.4688334,1487,-37.025699615478516
1769729113.7826867,1488,-39.16311264038086
1769729174.1417496,1489,-37.07902908325195
1769729180.2589164,1490,-36.53437042236328
1769729200.8116846,1491,-37.95378875732422
1769729210.37595,1492,-39.076358795166016
1769729218.0080462,1493,-39.29710006713867
1769729220.2713661,1494,-37.2462272644043
1769729225.5812726,1495,-37.52461624145508
1769729281.410563,1496,-37.0858154296875
1769729310.1106255,1497,-37.03129959106445
1769729322.6471715,1498,-37.46813201904297
1769729322.777827,1499,-50.23830795288086
1769729323.588615,1500,-37.67577362060547
1769729338.7360039,1501,-38.419979095458984
1769729338.8708909,1502,-29.84088134765625
1769729353.7008567,1503,-37.78303146362305
1769729353.8317804,1504,-60.11125564575195
1769729353.94905,1505,-42.041656494140625
1769729362.5734594,1506,-36.42979431152344
1769729409.9239864,1507,-35.28915023803711
1769729497.0080092,1508,-34.91682815551758
1769729513.0347605,1509,-35.9801025390625
1769729543.4329994,1510,-35.25091552734375
1769729544.1554787,1511,-36.95063018798828
1769729544.278635,1512,-23.803627014160156
1769729555.5838413,1513,-33.990657806396484
1769729568.5833323,1514,-35.71334457397461
1769729568.7114017,1515,-50.420127868652344
1769729570.332404,1516,-33.23854446411133
1769729577.405402,1517,-35.416831970214844
1769729580.7147734,1518,-33.924041748046875
1769729587.27971,1519,-36.26089859008789
1769729593.6295247,1520,-37.155216217041016
1769729605.0346413,1521,-35.55288314819336
1769729606.3611484,1522,-37.80184555053711
1769729622.246878,1523,-35.68964767456055
1769729622.3795054,1524,-51.096580505371094
1769729624.2333124,1525,-37.92605209350586
1769729624.3502293,1526,4.208910942077637
1769729626.6147509,1527,-34.90046310424805
1769729627.4279778,1528,-42.15745162963867
1769729656.8713021,1529,-34.87615966796875
1769729662.4872348,1530,-34.0976448059082
1769729714.7997491,1531,-34.74375915527344
1769729719.255944,1532,-36.753108978271484
1769729721.672559,1533,-36.0040283203125
1769729764.4585857,1534,-34.21738052368164
1769729922.1084304,1535,-34.28800964355469
1769729924.320347,1536,-36.40377426147461
1769729945.8826191,1537,-34.737396240234375
1769729959.3865857,1538,-33.04594421386719
1769729979.1969528,1539,-33.00666809082031
1769729992.5909529,1540,-34.00823211669922
1769730007.3614047,1541,-33.07099151611328
1769730016.1994865,1542,-32.669925689697266
1769730041.5206544,1543,-33.12075424194336
1769730074.307095,1544,-32.7293586730957
1769730074.4594638,1545,-15.902609825134277
1769730099.0487278,1546,-32.493431091308594
1769730149.7851036,1547,-32.95032501220703
1769730220.778404,1548,-32.692893981933594
1769730230.7018716,1549,-30.58051109313965
1769730232.47885,1550,-31.149478912353516
1769730269.7680137,1551,-32.701786041259766
1769730304.715108,1552,-32.774532318115234
1769730309.4802744,1553,-31.854007720947266
1769730346.423851,1554,-31.91219711303711
1769730352.293702,1555,-30.007308959960938
1769730352.4157553,1556,-16.11172866821289
1769730369.8165088,1557,-32.55543899536133
1769730385.6390197,1558,-31.751022338867188
1769730394.7126915,1559,-30.690813064575195
1769730422.4332066,1560,-30.5181827545166
1769730440.1522698,1561,-30.89519691467285
1769730630.9707637,1562,-30.462373733520508
1769730636.5269487,1563,-29.751544952392578
1769730649.9331043,1564,-30.106870651245117
1769730666.4743724,1565,-29.564504623413086
1769730675.5679803,1566,-32.04957580566406
1769730689.4774055,1567,-31.70990753173828
1769730729.656497,1568,-31.23025131225586
1769730743.1788468,1569,-28.545778274536133
1769730746.6566372,1570,-32.1882438659668
1769730789.117786,1571,-28.43380355834961
1769730797.5256214,1572,-28.650331497192383
1769730799.9688241,1573,-29.15744972229004
1769730830.727722,1574,-29.34688949584961
1769730853.2558448,1575,-29.198442459106445
1769730874.0831277,1576,-29.082996368408203
1769730874.220672,1577,-37.0200080871582
1769730880.772871,1578,-29.644386291503906
1769730898.0245824,1579,-28.232412338256836
1769730912.5517044,1580,-27.057706832885742
1769730992.490581,1581,-28.115983963012695
1769731012.761333,1582,-29.965063095092773
1769731028.2560866,1583,-27.39376449584961
1769731028.3862255,1584,-23.297704696655273
1769731064.2711675,1585,-27.94688606262207
1769731112.344993,1586,-28.026639938354492
1769731124.514921,1587,-27.841337203979492
1769731164.0915267,1588,-27.788192749023438
1769731169.743577,1589,-25.58498764038086
1769731244.616769,1590,-26.930177688598633
1769731275.6735516,1591,-26.471696853637695
1769731349.2310193,1592,-26.60267448425293
1769731362.3185718,1593,-27.644615173339844
1769731371.0430064,1594,-26.34079360961914
1769731386.1885433,1595,-27.523618698120117
1769731386.3281522,1596,-21.47162437438965
1769731389.8689923,1597,-27.05434799194336
1769731427.978666,1598,-26.28899383544922
1769731441.030529,1599,-27.075857162475586
1769731454.7701118,1600,-27.35552215576172
1769731456.6471114,1601,-24.518596649169922
1769731511.150736,1602,-25.990863800048828
1769731555.5225604,1603,-25.798377990722656
1769731573.2218468,1604,-26.34003257751465
1769731579.9049838,1605,-29.563478469848633
1769731613.7694595,1606,-25.900314331054688
1769731624.899515,1607,-26.765480041503906
1769731627.9009526,1608,-27.561622619628906
1769731709.1820686,1609,-25.68773651123047
1769731723.451147,1610,-26.09739112854004
1769731736.258691,1611,-25.417631149291992
1769731742.4795873,1612,-24.70692253112793
1769731751.0320377,1613,-26.874454498291016
1769731751.4493492,1614,-31.0091609954834
1769731773.9007905,1615,-26.010862350463867
1769731804.6058142,1616,-25.799829483032227
1769731806.0634816,1617,-25.749420166015625
1769731820.8147583,1618,-25.006938934326172
1769731829.8696315,1619,-26.578813552856445
1769731841.379395,1620,-25.939868927001953
1769731877.1043365,1621,-25.59736442565918
1769731953.343585,1622,-25.337745666503906
1769732131.4934433,1623,-25.094573974609375
1769732145.7888882,1624,-26.623319625854492
1769732221.7012987,1625,-25.35489273071289
1769732245.0936444,1626,-25.10198402404785
1769732250.5014849,1627,-28.036115646362305
1769732253.6759362,1628,-25.178972244262695
1769732265.8324087,1629,-24.91758918762207
1769732286.5427353,1630,-25.638395309448242
1769732340.1372116,1631,-25.347314834594727
1769732376.3766897,1632,-25.808786392211914
1769732467.1175544,1633,-25.98945426940918
1769732470.7117846,1634,-23.273523330688477
1769732543.8991885,1635,-26.1063289642334
1769732550.822261,1636,-25.28290367126465
1769732560.7182066,1637,-25.896141052246094
1769732564.8443444,1638,-24.336898803710938
1769732652.4249365,1639,-26.086456298828125
1769732681.1822953,1640,-26.66768455505371
1769732709.854133,1641,-26.475675582885742
1769732890.2333567,1642,-27.064205169677734
1769732890.379814,1643,-28.370038986206055
1769732978.5395887,1644,-25.713438034057617
1769732986.5948782,1645,-26.046104431152344
1769733023.0959508,1646,-26.295114517211914
1769733050.6966186,1647,-26.395343780517578
1769733106.0001743,1648,-26.536361694335938
1769733169.7299998,1649,-28.04340362548828
1769733239.6460202,1650,-27.082033157348633
1769733245.773019,1651,-27.79096221923828
1769733250.8152866,1652,-27.02539825439453
1769733272.6737294,1653,-27.706315994262695
1769733351.4201415,1654,-28.00400733947754
1769733364.6365638,1655,-28.826841354370117
1769733382.6836612,1656,-27.603992462158203
1769733416.19911,1657,-27.7562198638916
1769733426.9197721,1658,-30.17523765563965
1769733430.2837007,1659,-32.364906311035156
1769733481.389967,1660,-29.114452362060547
1769733525.1420012,1661,-29.909709930419922
1769733692.709784,1662,-30.322965621948242
1769733713.547519,1663,-29.37156105041504
1769733830.4752054,1664,-29.707000732421875
1769733874.5228612,1665,-30.377197265625
1769733905.802513,1666,-30.95485496520996
1769733916.1889646,1667,-31.945789337158203
1769733919.0303762,1668,-30.83767318725586
1769734146.8606045,1669,-31.77008056640625
1769734147.43168,1670,-31.477792739868164
1769734163.6731162,1671,-32.158939361572266
1769734175.1368465,1672,-31.857744216918945
1769734175.264669,1673,-34.72674560546875
1769734283.758996,1674,-33.3113899230957
1769734317.9242904,1675,-33.241485595703125
1769734333.858153,1676,-34.70573806762695
1769734360.8252144,1677,-34.516029357910156
1769734497.158013,1678,-33.00270080566406
1769734519.0784912,1679,-34.25820541381836
1769734566.0192993,1680,-35.4088134765625
1769734582.0634732,1681,-34.16118240356445
1769734582.1986594,1682,-35.603450775146484
1769734622.0116255,1683,-35.495479583740234
1769734688.9575331,1684,-35.150062561035156
1769734707.278952,1685,-35.922542572021484
1769734849.0918512,1686,-36.27513122558594
1769734928.0355802,1687,-38.679443359375
1769734953.7728214,1688,-37.48040771484375
1769734966.8697348,1689,-37.742488861083984
1769734969.1438916,1690,-35.36052703857422
1769734971.4595542,1691,-34.80177307128906
1769735003.5783648,1692,-36.962486267089844
1769735008.8378437,1693,-37.05622863769531
1769735090.2178962,1694,-37.30581283569336
1769735095.6893435,1695,-37.170833587646484
1769735105.993145,1696,-36.331199645996094
1769735106.149298,1697,-40.975276947021484
1769735132.4770567,1698,-38.32086181640625
1769735254.3431454,1699,-38.21538543701172
1769735256.770874,1700,-41.12900161743164
1769735260.1994362,1701,-37.713314056396484
1769735305.9255416,1702,-37.87542724609375
1769735307.7074056,1703,-39.7490348815918
1769735373.1841896,1704,-38.38945388793945
1769735395.7888262,1705,-38.356693267822266
1769735414.095672,1706,-39.0306282043457
1769735458.8871858,1707,-38.860107421875
1769735497.3518856,1708,-39.102699279785156
1769735614.979929,1709,-40.29448699951172
1769735773.008379,1710,-39.62095642089844
1769735827.2617192,1711,-39.750823974609375
1769735873.6441267,1712,-40.07118225097656
1769735904.3760786,1713,-39.74119186401367
1769736159.2713237,1714,-40.48392868041992
1769736227.4547164,1715,-40.42374801635742
1769736239.0125685,1716,-41.13005447387695
1769736259.8162882,1717,-41.69993591308594
1769736304.88872,1718,-41.87924575805664
1769736311.4302073,1719,-41.971275329589844
1769736342.5818799,1720,-41.225643157958984
1769736505.3752198,1721,-41.2097053527832
1769736611.4977608,1722,-41.310646057128906
1769736630.4387047,1723,-42.017330169677734
1769736658.6008723,1724,-42.41901779174805
1769736694.555107,1725,-42.01106262207031
1769736703.2772098,1726,-40.75859451293945
1769736707.5756156,1727,-42.69039535522461
1769736719.4205077,1728,-43.510318756103516
1769736816.7902277,1729,-42.65659713745117
1769736911.943372,1730,-44.4237060546875
1769736912.415907,1731,-48.32107925415039
1769736914.2953014,1732,-44.47205352783203
1769736933.008849,1733,-43.716461181640625
1769736934.9876952,1734,-46.036766052246094
1769736939.9281945,1735,-44.13838195800781
1769736946.1730888,1736,-44.09843826293945
1769736947.8201017,1737,-42.55978775024414
1769737005.0899916,1738,-44.428619384765625
1769737005.274856,1739,-31.14165687561035
1769737082.3975954,1740,-44.09477615356445
1769737092.8865118,1741,-44.28962707519531
1769737100.4402633,1742,-44.4246711730957
1769737181.3861997,1743,-45.036067962646484
1769737348.6896727,1744,-44.870086669921875
1769737411.212933,1745,-45.869850158691406
1769737425.123117,1746,-46.31527328491211
1769737553.686346,1747,-46.78596496582031
1769737696.097406,1748,-46.920875549316406
1769737824.9339955,1749,-47.66786193847656
1769737903.1844137,1750,-48.180362701416016
1769737937.4301674,1751,-48.56229782104492
1769737942.6200783,1752,-49.51018142700195
1769737967.5443113,1753,-48.648033142089844
1769738001.6356704,1754,-50.21702194213867
1769738016.6883595,1755,-49.48640441894531
1769738055.1915934,1756,-50.575740814208984
1769738214.3759663,1757,-50.3428840637207
1769738251.1136782,1758,-50.436553955078125
1769738269.9327245,1759,-50.140560150146484
1769738271.640829,1760,-52.01963806152344
1769738349.1329472,1761,-50.75508499145508
1769738397.7836199,1762,-51.312843322753906
1769738477.8514585,1763,-51.93058395385742
1769738596.64328,1764,-52.505680084228516
1769738684.123205,1765,-52.26179885864258
1769738689.7236798,1766,-52.673004150390625
1769738718.6592884,1767,-52.539268493652344
1769738723.5475674,1768,-51.44114303588867
1769738742.7997377,1769,-52.70863723754883
1769738790.088008,1770,-52.79300308227539
1769738798.6480248,1771,-54.13969802856445
1769738798.7779953,1772,-55.4392204284668
1769738994.2669926,1773,-54.36415481567383
1769739121.5268037,1774,-55.9032096862793
1769739130.7542918,1775,-56.40302658081055
1769739133.3108528,1776,-56.391685485839844
1769739142.7832787,1777,-56.146514892578125
1769739150.974457,1778,-55.19954299926758
1769739222.718218,1779,-56.07878494262695
1769739227.4190242,1780,-58.1181755065918
1769739229.2412791,1781,-56.28157043457031
1769739235.3192813,1782,-56.37117385864258
1769739250.232466,1783,-57.10889434814453
1769739346.123127,1784,-57.85813522338867
1769739348.958557,1785,-58.53168869018555
1769739359.163338,1786,-58.39518356323242
1769739366.0485637,1787,-57.04990005493164
1769739366.1732233,1788,-51.66495895385742
1769739379.158306,1789,-56.44396209716797
1769739401.7347343,1790,-57.12610626220703
1769739414.7363126,1791,-57.07628631591797
1769739415.2799637,1792,-57.19816589355469
1769739438.1473227,1793,-58.76365280151367
1769739473.4947934,1794,-59.35503005981445
1769739555.805818,1795,-59.66353988647461
1769739666.220547,1796,-60.03456115722656
1769739797.454933,1797,-63.37367248535156
1769739803.493576,1798,-60.91670227050781
1769739845.0495775,1799,-60.81242370605469
1769739918.3184748,1800,-61.83566665649414
1769739925.9884923,1801,-62.03226089477539
1769739930.7558153,1802,-62.46856689453125
1769739930.878157,1803,-67.29991912841797
1769740013.3037095,1804,-62.645782470703125
1769740027.1716478,1805,-63.843379974365234
1769740036.0351071,1806,-63.681732177734375
1769740093.4642003,1807,-63.56725311279297
1769740215.4573908,1808,-58.480323791503906
1769740218.6686478,1809,-64.0087661743164
1769740224.4115026,1810,-64.30827331542969
1769740245.0318146,1811,-63.69033432006836
1769740249.2315276,1812,-63.202476501464844
1769740266.1454701,1813,-64.42996978759766
1769740268.8122756,1814,-66.01887512207031
1769740273.6549964,1815,-64.43240356445312
1769740286.9574928,1816,-65.02711486816406
1769740336.316346,1817,-64.7872543334961
1769740345.4802046,1818,-64.83612060546875
1769740351.3505316,1819,-65.58625030517578
1769740355.0825932,1820,-65.94603729248047
1769740364.8272624,1821,-64.26014709472656
1769740370.9591436,1822,-63.401878356933594
1769740390.9131625,1823,-65.47135162353516
1769740423.7496731,1824,-65.57605743408203
1769740434.8491886,1825,-64.83164978027344
1769740449.930018,1826,-66.84909057617188
1769740455.137931,1827,-65.1012954711914
1769740463.0995214,1828,-66.57112121582031
1769740496.004749,1829,-65.95539093017578
1769740512.7829046,1830,-66.15601348876953
1769740531.1758885,1831,-66.3302230834961
1769740541.4945767,1832,-66.70136260986328
1769740541.7362125,1833,-71.90205383300781
1769740546.8272653,1834,-66.47891235351562
1769740579.4552367,1835,-66.68287658691406
1769740587.8478734,1836,-67.4926528930664
1769740587.9729211,1837,-70.8316879272461
1769740592.0226197,1838,-68.05126190185547
1769740597.2807224,1839,-67.56163787841797
1769740613.9272068,1840,-65.73272705078125
1769740630.6012993,1841,-66.74261474609375
1769740652.0911472,1842,-67.20868682861328
1769740662.5737722,1843,-68.25205993652344
1769740666.520855,1844,-64.86071014404297
1769740695.2651637,1845,-67.55302429199219
1769740695.4688637,1846,-73.96466064453125
1769740710.2768452,1847,-67.44136810302734
1769740721.892103,1848,-67.35505676269531
1769740729.8263078,1849,-67.91654968261719
1769740735.3747466,1850,-66.44153594970703
1769740735.5004127,1851,-63.928279876708984
1769740736.8427138,1852,-65.5570297241211
1769740786.4774601,1853,-67.84368133544922
1769740826.7213469,1854,-68.75746154785156
1769740830.0583365,1855,-67.29473876953125
1769740831.938618,1856,-65.69136047363281
1769740838.4710412,1857,-67.8301010131836
1769740886.6488883,1858,-68.27488708496094
1769740889.7563965,1859,-65.89563751220703
1769740890.8198087,1860,-70.1796875
1769740895.9140365,1861,-69.19223022460938
1769740898.2557528,1862,-70.2740249633789
1769740900.0620184,1863,-67.84867858886719
1769740906.5239153,1864,-68.51663970947266
1769740911.111016,1865,-70.31444549560547
1769740928.668143,1866,-69.26126098632812
1769740955.523819,1867,-70.06169891357422
1769740972.2288232,1868,-70.00364685058594
1769741000.2143009,1869,-69.717041015625
1769741000.3577282,1870,-70.03840637207031
1769741033.7676904,1871,-70.48638916015625
1769741039.5538123,1872,-70.63442993164062
1769741041.6484156,1873,-70.33329010009766
1769741041.7689598,1874,-81.1816635131836
1769741047.3044221,1875,-69.92326354980469
1769741065.0524204,1876,-70.01185607910156
1769741085.4385698,1877,-70.3724136352539
1769741096.033264,1878,-70.54383850097656
1769741097.9124851,1879,-70.33706665039062
1769741103.2146504,1880,-71.08849334716797
1769741171.2134376,1881,-69.24711608886719
1769741195.2806036,1882,-71.06739807128906
1769741200.1118536,1883,-69.63594818115234
1769741203.321409,1884,-70.79701232910156
1769741223.9352038,1885,-71.2079086303711
1769741234.4423993,1886,-71.0639419555664
1769741244.9829862,1887,-72.28524017333984
1769741270.8776782,1888,-71.17871856689453
1769741307.021149,1889,-71.24697875976562
1769741323.9050407,1890,-71.69078826904297
1769741351.4780855,1891,-72.43050384521484
1769741360.1841466,1892,-70.5046615600586
1769741361.0032315,1893,-70.52425384521484
1769741367.72576,1894,-72.8638916015625
1769741393.3484647,1895,-72.0233383178711
1769741396.9036324,1896,-71.82428741455078
1769741402.2682455,1897,-71.94343566894531
1769741423.7753808,1898,-71.5640640258789
1769741440.7424653,1899,-71.18556213378906
1769741440.874886,1900,-85.39525604248047
1769741459.2867615,1901,-72.05046844482422
1769741549.217503,1902,-72.14944458007812
1769741551.2969453,1903,-74.34749603271484
1769741587.2298825,1904,-72.47795104980469
1769741591.5416727,1905,-71.73421478271484
1769741594.56982,1906,-76.41778564453125
1769741601.0296605,1907,-72.11380767822266
1769741632.2541213,1908,-72.14214324951172
1769741643.5421677,1909,-73.64671325683594
1769741650.722242,1910,-72.42579650878906
1769741654.9665647,1911,-73.36492156982422
1769741667.22904,1912,-73.02223205566406
1769741692.6427302,1913,-73.5470199584961
1769741712.2916956,1914,-73.83350372314453
1769741730.2714796,1915,-73.29469299316406
1769741745.3393126,1916,-72.64143371582031
1769741766.8304527,1917,-73.48844909667969
1769741817.1921332,1918,-73.54325103759766
1769741897.0086393,1919,-73.32471466064453
1769741897.1432898,1920,-74.3353500366211
1769741902.8087263,1921,-73.6441421508789
1769741902.9354706,1922,-77.44698333740234
1769741911.4570115,1923,-73.8139419555664
1769741944.416858,1924,-73.61945343017578
1769741947.3579988,1925,-73.65794372558594
1769741977.5768967,1926,-74.30194091796875
1769742000.4558675,1927,-73.61209869384766
1769742000.5995135,1928,-61.31511306762695
1769742026.9921696,1929,-75.25343322753906
1769742045.6434584,1930,-74.86825561523438
1769742054.6582158,1931,-73.65648651123047
1769742060.7817013,1932,-73.95347595214844
1769742064.247468,1933,-75.10009002685547
1769742071.0465806,1934,-75.00311279296875
1769742078.3493278,1935,-74.87680053710938
1769742086.554557,1936,-74.5600814819336
1769742089.4669118,1937,-75.62760925292969
1769742099.2369373,1938,-73.86714172363281
1769742107.7996385,1939,-75.45856475830078
1769742109.6353354,1940,-75.94038391113281
1769742113.7259972,1941,-73.7830810546875
1769742120.1841257,1942,-72.93829345703125
1769742120.892674,1943,-76.84059143066406
1769742124.3886495,1944,-74.37760925292969
1769742163.8013918,1945,-75.09221649169922
1769742176.5075953,1946,-75.75513458251953
1769742218.6780639,1947,-75.1854476928711
1769742268.174385,1948,-75.48297119140625
1769742290.1257854,1949,-75.0137939453125
1769742290.269242,1950,-76.80116271972656
1769742294.951843,1951,-75.41670989990234
1769742309.002929,1952,-75.22972106933594
1769742309.9597538,1953,-76.98652648925781
1769742328.6396115,1954,-75.39884185791016
1769742328.7736373,1955,-77.568603515625
1769742335.5817282,1956,-74.65323638916016
1769742335.943146,1957,-77.65990447998047
1769742339.504275,1958,-76.67871856689453
1769742345.643861,1959,-74.25341033935547
1769742351.4493322,1960,-78.09524536132812
1769742351.577608,1961,-70.51090240478516
1769742370.300868,1962,-75.89000701904297
1769742370.907564,1963,-72.71076202392578
1769742382.72139,1964,-76.6156005859375
1769742401.4735026,1965,-76.55400848388672
1769742407.1795735,1966,-77.81391906738281
1769742411.4636757,1967,-74.74816131591797
1769742474.743826,1968,-76.40164184570312
1769742484.7175715,1969,-74.7729263305664
1769742515.6242425,1970,-76.86495971679688
1769742562.7809858,1971,-74.9271011352539
1769742570.221713,1972,-76.36370086669922
1769742570.8539782,1973,-73.60028076171875
1769742572.3832252,1974,-76.74077606201172
1769742573.1249483,1975,-79.77544403076172
1769742573.5524244,1976,-77.5863037109375
1769742576.7716079,1977,-75.9562759399414
1769742593.8050234,1978,-75.59587097167969
1769742642.6714108,1979,-76.76453399658203
1769742644.6759906,1980,-77.92440032958984
1769747465.1146638,1,0.09294071048498154
1769749051.2857974,1,-0.140466570854187
1769749076.0599816,2,-0.688451886177063
1769749081.2958946,3,-0.9509834051132202
1769749081.8283248,4,-1.1257342100143433
1769749087.4959097,5,-1.3401405811309814
1769749126.86931,6,-1.9051549434661865
1769751491.028114,1,-0.4771270453929901
1769751503.8851728,2,-1.3301658630371094
1769751518.2036307,3,-1.1533517837524414
1769751530.4854782,4,-1.221584439277649
1769751603.2665517,5,-1.180974006652832
1769751835.2608361,1,-0.14220327138900757
1769751860.3327644,2,-0.6067568063735962
1769751865.653948,3,-0.6244895458221436
1769751866.1881862,4,-0.8213030099868774
1769751871.9142778,5,-1.1151050329208374
1769751902.1887283,6,-1.7875006198883057
1769751943.587288,7,-1.25110924243927
1769751974.5869496,1,-0.10429754853248596
1769751981.3316705,2,-0.3549085259437561
1769751992.7640533,3,-1.3533051013946533
1769752044.5563872,4,-2.2908029556274414
1769752051.3483474,5,-1.9866715669631958
1769752051.4696474,6,-1.6060638427734375
1769752063.9602776,7,-1.944671392440796
1769752077.2172189,8,-1.9741851091384888
1769752081.0105145,9,-1.8844956159591675
1769752082.4760685,10,-2.0095841884613037
1769752101.5734131,11,-2.0870614051818848
1769752109.797013,12,-2.0777857303619385
1769752130.3538835,13,-2.4658122062683105
1769752142.8386116,14,-2.3776662349700928
1769752156.8315027,15,-2.48166561126709
1769752158.3103988,16,-2.6591482162475586
1769752167.3072708,17,-2.4047203063964844
1769752180.8479457,18,-2.3884992599487305
1769752185.2798858,19,-2.353719472885132
1769752185.402265,20,-4.063626766204834
1769752235.5711966,21,-3.5153980255126953
1769752239.3870356,22,-3.4185678958892822
1769752239.50757,23,-2.773829221725464
1769752254.8028386,24,-3.6600918769836426
1769752262.1945567,25,-3.5771288871765137
1769752328.0250676,26,-3.480332612991333
1769752335.7654548,27,-3.4131875038146973
1769752361.969771,28,-3.448667049407959
1769752362.108064,29,-2.0950844287872314
1769752392.120678,30,-3.3035335540771484
1769752405.9821417,31,-2.973362922668457
1769752406.5903718,32,-3.325465679168701
1769752415.9206016,33,-2.8748056888580322
1769752417.1440566,34,-3.1827456951141357
1769752417.261709,35,-3.4018845558166504
1769752418.4230673,36,-2.7634100914001465
1769752419.70566,37,-3.0025625228881836
1769752427.255542,38,-2.88769793510437
1769752473.3850982,39,-2.2756025791168213
1769752696.2240195,1,-0.10289110988378525
1769752765.656262,1,-0.1398095339536667
1769752790.458652,2,-0.6016475558280945
1769752795.4706686,3,-0.7533094882965088
1769752813.090969,4,-1.548963189125061
1769752832.027797,5,-1.9868427515029907
1769752858.2674491,6,-1.7767058610916138
1769752868.1714604,7,-1.8538753986358643
1769752879.5906532,8,-2.04970121383667
1769752879.7152126,9,-2.173187494277954
1769752891.6293132,10,-1.8460663557052612
1769752897.075647,11,-1.7233824729919434
1769752914.9322035,12,-2.10392427444458
1769752961.6971576,1,-0.4764816164970398
1769752974.6564019,2,-1.24675714969635
1769753019.8988724,1,-0.1442802995443344
1769753044.9106908,2,-0.5787837505340576
1769753050.2649074,3,-0.5777116417884827
1769753051.845041,4,-0.8330385088920593
1769753051.9628572,5,-1.0640687942504883
1769755820.1535256,1,-0.13379667699337006
1769755823.3822768,2,-0.21363501250743866
1769755825.6941984,3,-0.2939525246620178
1769755841.586491,4,-0.8244310617446899
1769755841.7158659,5,-1.0093506574630737
1769755842.1003983,6,-1.0115851163864136
1769755843.5400317,7,-1.057845115661621
1769755847.495963,8,-1.1793153285980225
1769755847.627216,9,-1.1569013595581055
1769757932.521064,1,-0.4250575304031372
1769758316.4874961,1,-0.47223129868507385
1769758436.2553277,2,0.13079212605953217
1769758436.4765236,3,1.9962905645370483
1769758437.8887665,4,1.5917551517486572
1769758451.4234524,5,1.5953326225280762
1769758451.5540776,6,2.07928729057312
1769758489.6030722,7,1.884889841079712
1769758508.801925,8,2.3994803428649902
1769758514.7465813,9,2.9761219024658203
1769758514.927755,10,2.4299144744873047
1769758526.933324,11,2.840040445327759
1769758534.5563686,12,2.9963090419769287
1769758537.8022182,13,2.9787216186523438
1769758563.0879521,14,2.9237678050994873
1769758572.0686052,15,3.357515573501587
1769758574.3520687,16,3.257925033569336
1769758578.2605476,17,3.551363468170166
1769758606.30016,18,3.5854759216308594
1769758700.5950396,19,4.303576469421387
1769758705.3136728,20,3.691551923751831
1769758705.4399738,21,3.9326894283294678
1769758709.8606796,22,3.6837356090545654
1769758716.3229594,23,3.82495379447937
1769758716.4494016,24,3.8745579719543457
1769758725.4050477,25,3.783360242843628
1769758726.1293933,26,3.8803539276123047
1769758731.4432657,27,3.915437936782837
1769758760.4228475,28,4.014479160308838
1769758769.7456253,29,4.063877105712891
1769758770.939974,30,4.047654628753662
1769758783.5282023,31,4.03242301940918
1769758785.5501738,32,4.245570659637451
1769758789.1311586,33,3.6605894565582275
1769758789.2558272,34,3.128636121749878
1769758789.3786376,35,4.05702543258667
1769758834.9402528,36,3.003598213195801
1769758844.3198304,37,3.0915963649749756
1769758862.0520363,38,2.9023640155792236
1769758884.0624716,39,2.8697359561920166
1769758918.073949,40,2.985846996307373
1769758973.71118,41,2.6676876544952393
1769758983.535107,42,2.8953306674957275
1769758983.6609983,43,-0.674608051776886
1769759011.2281883,44,2.9149422645568848
1769759161.5643375,45,3.239659547805786
1769759282.1813273,46,3.4039676189422607
1769759285.5651455,47,3.4923312664031982
1769759285.9304054,48,2.4288079738616943
1769759302.2929938,49,3.836960792541504
1769759310.1321466,50,3.6952998638153076
1769759312.7582057,51,4.157365322113037
1769759321.4716654,52,4.242525100708008
1769759335.2080011,53,4.146171569824219
1769759338.9285629,54,4.1653876304626465
1769759376.9634926,55,4.234100818634033
1769759388.7803586,56,4.537010669708252
1769759388.91013,57,5.399029731750488
1769759410.9772115,58,4.272378444671631
1769759419.8827648,59,3.965507745742798
1769759427.2475066,60,4.006139755249023
1769759445.8589082,61,4.324675559997559
1769759555.003361,62,4.596512794494629
1769759570.1962223,63,4.929800510406494
1769759592.8004036,64,5.628441333770752
1769759622.8474615,65,5.0508503913879395
1769759648.2270567,66,5.159101486206055
1769759732.882536,67,4.976539611816406
1769759733.5367951,68,5.380814552307129
1769759741.1553526,69,5.58095645904541
1769759760.6054916,70,4.890894889831543
1769759762.8209603,71,4.711616039276123
1769759791.1877918,72,4.901730060577393
1769759797.3011692,73,5.097149848937988
1769759812.2611012,74,4.94761323928833
1769759816.8332858,75,4.928459167480469
1769759818.0310428,76,5.119267463684082
1769759821.4234617,77,4.656764030456543
1769759859.0052733,78,4.440617084503174
1769760032.794401,79,4.414657115936279
1769760032.9308834,80,3.9576518535614014
1769760052.6733105,81,4.3402323722839355
1769760053.282013,82,3.0692248344421387
1769760056.1158652,83,4.840917587280273
1769760056.2400634,84,3.665475845336914
1769760064.1498659,85,4.454875469207764
1769760108.1803646,86,4.001175880432129
1769760125.7443485,87,4.378718852996826
1769760128.5826988,88,4.073147773742676
1769760128.8234322,89,2.3055148124694824
1769760133.028168,90,3.8677725791931152
1769760134.217553,91,3.5597662925720215
1769760148.0065076,92,4.108742713928223
1769760148.1400476,93,3.2406280040740967
1769760282.8617806,94,2.1013097763061523
1769760352.978604,95,1.9844132661819458
1769760354.503297,96,2.7997941970825195
1769760360.4635367,97,1.8824716806411743
1769760399.4721174,98,1.5518876314163208
1769760402.1417577,99,2.0166351795196533
1769760430.765103,100,2.137521266937256
1769760466.784848,101,1.4256287813186646
1769760475.905314,102,1.70166015625
1769760542.4486938,103,1.4793837070465088
1769761064.9418263,104,-5.057847499847412
1769761171.9203794,105,-4.322929859161377
1769761172.0489123,106,-1.4874409437179565
1769761188.1796405,107,-4.486261367797852
1769761209.548664,108,-4.731697082519531
1769761230.1703684,109,-4.057300567626953
1769761237.8373458,110,-3.674262285232544
1769761237.9672668,111,-3.8334801197052
1769761258.7074146,112,-3.242525100708008
1769761347.8228037,113,-3.54408597946167
1769761450.6863096,114,-5.5182318687438965
1769761451.2399213,115,-3.363741874694824
1769761451.3625495,116,-5.356187343597412
1769761452.2000532,117,-3.0230703353881836
1769761453.0948741,118,-3.6053919792175293
1769761453.8822396,119,-3.3664450645446777
1769761454.7368262,120,-2.7768380641937256
1769761454.8660972,121,-5.367936611175537
1769761455.2359753,122,-5.522729396820068
1769761456.1708224,123,-2.89113187789917
1769761457.6050205,124,-2.6363792419433594
1769761457.7295363,125,-6.183300495147705
1769761458.5044196,126,-3.2120521068573
1769761458.866941,127,-6.943044185638428
1769761459.3480203,128,-5.289759635925293
1769761459.8862255,129,-2.099332571029663
1769761460.364207,130,-3.976950168609619
1769761460.6113014,131,-2.0797853469848633
1769761461.707174,132,-2.541203260421753
1769761462.1263776,133,0.3505716323852539
1769761462.9074311,134,-4.979374408721924
1769761463.7449992,135,-3.503645181655884
1769761464.4063418,136,-3.6738803386688232
1769761465.0018308,137,-3.118363857269287
1769761465.1253936,138,-10.071870803833008
1769761465.780497,139,-3.233227252960205
1769761467.2521322,140,-3.5665841102600098
1769761468.2016652,141,-2.0431101322174072
1769761468.7442305,142,-2.3561761379241943
1769761468.866431,143,-3.128350257873535
1769761468.9945421,144,-1.273637294769287
1769761469.7671766,145,-3.6025550365448
1769761470.1843286,146,-4.072140693664551
1769761470.54209,147,-4.378415107727051
1769761471.0520825,148,-3.5350801944732666
1769761471.4708226,149,-4.358025550842285
1769761472.0748308,150,-5.125951766967773
1769761472.1982722,151,-1.0962151288986206
1769761473.5184302,152,-2.163475751876831
1769761475.1884434,153,-2.545261859893799
1769761477.4782903,154,-4.569747447967529
1769761477.9590032,155,-4.456060886383057
1769761479.794981,156,-2.97619366645813
1769761481.3191,157,-3.0940942764282227
1769761481.9792628,158,-2.1428346633911133
1769761483.0512662,159,-3.339526653289795
1769761483.172838,160,1.571919322013855
1769761484.2583091,161,-4.933231353759766
1769761485.5068574,162,-3.1789615154266357
1769761485.9877684,163,-2.8749334812164307
1769761487.5206141,164,-4.704733848571777
1769761487.765823,165,-3.897531509399414
1769761489.9145973,166,-2.9101481437683105
1769761490.866871,167,-2.5301384925842285
1769761491.3758783,168,-5.083433151245117
1769761492.336093,169,-4.416773319244385
1769761492.6388836,170,-2.1930205821990967
1769761494.4649813,171,-2.8820788860321045
1769761494.878597,172,-3.4238898754119873
1769761496.9736557,173,-4.198979377746582
1769761498.6957295,174,-2.7906219959259033
1769761502.0749345,175,-3.2982592582702637
1769761503.0922384,176,-4.083375453948975
1769761504.1633222,177,-4.1877665519714355
1769761507.050577,178,-3.3909976482391357
1769761510.1964738,179,-2.9591081142425537
1769761511.4252434,180,-2.2858071327209473
1769761512.3924253,181,-3.1135196685791016
1769761516.719328,182,-3.412761926651001
1769761519.5695987,183,-3.4736328125
1769761521.9878504,184,-3.7089831829071045
1769761525.4805653,185,-4.115461826324463
1769761526.6233888,186,-2.36674165725708
1769761528.1680405,187,-3.239090919494629
1769761530.0216727,188,-3.3342018127441406
1769761531.0157483,189,-3.8968114852905273
1769761533.4119067,190,-2.425279378890991
1769761534.3175807,191,-2.492108106613159
1769761535.4878416,192,-2.527843713760376
1769761535.8497791,193,-2.575287103652954
1769761535.9719942,194,-2.215550184249878
1769761537.2787797,195,-3.197434663772583
1769761538.704566,196,-4.232906341552734
1769761540.9113002,197,-4.122014999389648
1769761542.9857435,198,-3.772697925567627
1769761543.877139,199,-3.0771944522857666
1769761544.001077,200,-5.389400005340576
1769761545.3756242,201,-4.1401472091674805
1769761547.9951067,202,-3.3395838737487793
1769761549.0038612,203,-3.6833088397979736
1769761549.9594424,204,-3.3898892402648926
1769761550.561346,205,-3.7900707721710205
1769761551.93101,206,-3.8348045349121094
1769761553.124731,207,-2.2817580699920654
1769761553.423294,208,1.2242770195007324
1769761554.3763163,209,-4.359982013702393
1769761555.2714167,210,-3.389112949371338
1769761556.2302282,211,-4.953563690185547
1769761557.1862085,212,-3.7893450260162354
1769761558.6765335,213,-3.5081124305725098
1769761560.6031501,214,-3.6371796131134033
1769761562.4510279,215,-3.1474640369415283
1769761565.0042748,216,-4.240281105041504
1769761565.7927291,217,-3.2225100994110107
1769761568.5311196,218,-3.3777666091918945
1769761569.736656,219,-2.1282262802124023
1769761571.634091,220,-4.326233386993408
1769761573.1245456,221,-3.893052101135254
1769761574.129874,222,-2.108306407928467
1769761574.6067047,223,-4.079281806945801
1769761577.3194652,224,-3.82474946975708
1769761578.6887746,225,-5.2669501304626465
1769761581.1814969,226,-3.799114465713501
1769761582.9900413,227,-4.804081916809082
1769761586.5694604,228,-3.1562256813049316
1769761586.6922774,229,-4.759306907653809
1769761588.2583947,230,-3.491219997406006
1769761590.6388052,231,-3.7144086360931396
1769761591.6597457,232,-3.4642693996429443
1769761592.233134,233,-4.086391925811768
1769761593.357377,234,-4.662335395812988
1769761594.7985542,235,-2.483828544616699
1769761596.1695952,236,-4.36868143081665
1769761596.476278,237,-4.459292888641357
1769761596.779099,238,-4.081667423248291
1769761598.656442,239,-3.9648542404174805
1769761599.725556,240,-4.798017978668213
1769761600.8465874,241,-3.146263599395752
1769761602.2669156,242,-3.8539698123931885
1769761602.6308956,243,-3.8861336708068848
1769761603.279367,244,-2.2754480838775635
1769761605.809877,245,-3.3954334259033203
1769761607.6857243,246,-3.720505952835083
1769761608.9160187,247,-4.380288600921631
1769761609.5642915,248,-4.911136627197266
1769761610.5893605,249,-3.730546474456787
1769761613.5808072,250,-3.760140895843506
1769761613.8266623,251,-5.218513488769531
1769761615.023013,252,-2.7123591899871826
1769761616.1613495,253,-3.0308690071105957
1769761617.9618933,254,-3.835664987564087
1769761620.415375,255,-3.798896074295044
1769761620.540288,256,-11.054049491882324
1769761620.6678686,257,-0.53060382604599
1769761622.3938198,258,-2.439805030822754
1769761623.698714,259,-5.3907246589660645
1769761624.6543946,260,-3.64290189743042
1769761626.6229792,261,-4.378489017486572
1769761626.8614624,262,-5.577165603637695
1769761628.4541533,263,-3.051924228668213
1769761628.8716736,264,-4.404123306274414
1769761631.4071472,265,-3.580915689468384
1769761632.7719955,266,-5.634251117706299
1769761633.1310248,267,-9.664287567138672
1769761633.8460257,268,-3.2442245483398438
1769761634.261301,269,-4.097731590270996
1769761635.2108777,270,-4.557071685791016
1769761635.87318,271,-4.985366344451904
1769761638.367558,272,-4.866364479064941
1769761638.9621184,273,-3.522244453430176
1769761639.267491,274,-3.8465394973754883
1769761641.301211,275,-3.674412727355957
1769761643.6803684,276,-4.542453765869141
1769761644.3478806,277,-4.246628761291504
1769761644.8324068,278,-6.36757755279541
1769761646.0956588,279,-4.785770416259766
1769761647.1098464,280,-5.88831090927124
1769761648.2374382,281,-2.998863935470581
1769761649.5960987,282,-4.675705909729004
1769761651.866069,283,-3.2191598415374756
1769761653.1939852,284,-4.323770999908447
1769761656.2389905,285,-4.671870708465576
1769761657.7970994,286,-3.3275606632232666
1769761658.5130775,287,-7.750308036804199
1769761659.410433,288,-3.559353828430176
1769761659.9503303,289,-3.03828763961792
1769761660.668371,290,-3.8829894065856934
1769761662.4673223,291,-4.5531697273254395
1769761664.581808,292,-3.1013901233673096
1769761665.3067377,293,-5.118664264678955
1769761665.4372404,294,-3.317701816558838
1769761668.1790876,295,-4.026037216186523
1769761669.1285388,296,-6.056499481201172
1769761670.4729316,297,-3.811690330505371
1769761670.8372374,298,-2.4755518436431885
1769761671.7895083,299,-4.564555644989014
1769761674.2265007,300,-5.364838600158691
1769761679.5856884,301,-4.536352634429932
1769761681.261824,302,-4.5609612464904785
1769761682.339737,303,-3.1566550731658936
1769761683.9474328,304,-4.320789813995361
1769761685.8280592,305,-2.9124550819396973
1769761685.9553323,306,-5.5904765129089355
1769761687.5162232,307,-5.126043796539307
1769761689.1913795,308,-5.494027137756348
1769761691.153004,309,-5.386203765869141
1769761693.479281,310,-5.086023330688477
1769761694.4990065,311,-6.030269145965576
1769761695.4319496,312,-4.264525890350342
1769761696.7498243,313,-4.25058126449585
1769761697.883009,314,-4.0238356590271
1769761698.9577913,315,-4.485490798950195
1769761699.0803268,316,-5.439036846160889
1769761700.3090315,317,-5.100915431976318
1769761701.386795,318,-7.601696968078613
1769761702.173182,319,-7.4084625244140625
1769761704.9238534,320,-3.785048246383667
1769761710.52911,321,-4.383697986602783
1769761711.4235418,322,-5.2630510330200195
1769761711.7833729,323,-2.919346570968628
1769761712.5521994,324,-3.483189105987549
1769761714.0273094,325,-4.075692176818848
1769761716.139304,326,-5.579721450805664
1769761717.8031824,327,-6.178001403808594
1769761720.7346144,328,-4.635578155517578
1769761721.5765886,329,-3.5817089080810547
1769761725.9240751,330,-4.384397029876709
1769761727.6004345,331,-6.159468650817871
1769761739.0759313,332,-5.478224277496338
1769761739.8663766,333,-5.431769847869873
1769761740.4060977,334,-7.520566940307617
1769761740.5282867,335,-8.222596168518066
1769761741.883676,336,-6.225405693054199
1769761743.0125582,337,-3.977231740951538
1769761746.3957322,338,-5.5072922706604
1769761756.2617202,339,-5.915761470794678
1769761756.3853674,340,2.9929652214050293
1769761758.788824,341,-6.107440948486328
1769761761.9930809,342,-6.567903995513916
1769761764.0750291,343,-3.911334753036499
1769761764.1977682,344,-1.3553295135498047
1769761764.6770291,345,-5.985478401184082
1769761765.6833746,346,-5.367944717407227
1769761766.1603107,347,-6.05012321472168
1769761768.483001,348,-5.01260232925415
1769761769.2518911,349,-6.841823577880859
1769761769.9059746,350,-5.946291446685791
1769761772.8628695,351,-6.679159164428711
1769761773.3730884,352,-4.194180965423584
1769761774.5647876,353,-4.450582027435303
1769761775.4561625,354,-4.735739231109619
1769761777.829042,355,-5.945390224456787
1769761781.021533,356,-5.399653911590576
1769761781.5003865,357,-5.838831424713135
1769761783.445522,358,-6.418789386749268
1769761784.0414016,359,-6.420440196990967
1769761784.989937,360,-6.876173973083496
1769761785.9367642,361,-5.847646713256836
1769761787.738511,362,-6.2137131690979
1769761791.2432215,363,-5.460542678833008
1769761792.0787444,364,-5.958095073699951
1769761792.7380817,365,-4.187669277191162
1769761792.8637571,366,-6.186524391174316
1769761794.2027857,367,-5.171731948852539
1769761795.75458,368,-5.171794891357422
1769761796.1165588,369,-6.5844316482543945
1769761797.675738,370,-6.143080711364746
1769761799.2711601,371,-5.092103481292725
1769761800.4766183,372,-5.348792552947998
1769761801.3104198,373,-5.110292434692383
1769761802.3156228,374,-5.831430435180664
1769761802.49462,375,-7.324418067932129
1769761803.2672231,376,-6.529705047607422
1769761803.8685713,377,-5.731518745422363
1769761806.074409,378,-6.412991046905518
1769761808.4190757,379,-5.965823173522949
1769761809.375874,380,-7.750075340270996
1769761810.5468326,381,-3.542663097381592
1769761812.2828283,382,-5.379652500152588
1769761813.3147035,383,-4.69365930557251
1769761815.3999512,384,-5.442399978637695
1769761817.311704,385,-7.629367828369141
1769761817.4402084,386,3.5782768726348877
1769761821.3590782,387,-5.443492889404297
1769761822.4961855,388,-4.120640754699707
1769761823.9783328,389,-6.234900951385498
1769761825.5207639,390,-4.898699760437012
1769761827.1324286,391,-6.518892765045166
1769761827.9741008,392,-6.0713090896606445
1769761828.4524763,393,-4.224109649658203
1769761829.2249072,394,-5.902996063232422
1769761829.5774446,395,-9.262855529785156
1769761830.641476,396,-5.881239891052246
1769761832.8031604,397,-7.417675018310547
1769761833.589529,398,-6.514993667602539
1769761833.9527273,399,-8.400179862976074
1769761834.1926167,400,-9.919820785522461
1769761835.0298023,401,-6.101525783538818
1769761835.151735,402,1.4788318872451782
1769761836.393524,403,-7.102166175842285
1769761836.7539477,404,-7.605983734130859
1769761837.7062366,405,-6.129454135894775
1769761838.303503,406,-4.450720310211182
1769761839.3070776,407,-4.69816780090332
1769761839.9630706,408,-6.621879577636719
1769761840.388275,409,-3.85882830619812
1769761841.297904,410,-6.977809906005859
1769761842.7799044,411,-7.996356964111328
1769761843.7274976,412,-6.563858509063721
1769761844.8034112,413,-6.964018821716309
1769761844.9285605,414,-7.542300701141357
1769761847.075063,415,-7.0409464836120605
1769761848.9120514,416,-6.0896100997924805
1769761850.0326104,417,-7.4820733070373535
1769761850.3311481,418,-5.029211521148682
1769761850.806712,419,-9.250714302062988
1769761858.373099,420,-6.887758731842041
1769761859.5653975,421,-7.4961371421813965
1769761860.2588882,422,-7.298951625823975
1769761861.9144254,423,-6.682559013366699
1769761862.0344157,424,-1.0059658288955688
1769761863.58712,425,-8.252212524414062
1769761864.3633482,426,-7.301636695861816
1769761867.3864684,427,-7.145592212677002
1769761868.227855,428,-6.475912094116211
1769761869.0038729,429,-7.001481056213379
1769761870.8345947,430,-6.804357051849365
1769761872.030161,431,-7.392358303070068
1769761872.3905575,432,-5.048917293548584
1769761873.288442,433,-7.737428188323975
1769761876.0054662,434,-8.823854446411133
1769761877.803314,435,-6.865159511566162
1769761880.1326847,436,-7.931154727935791
1769761881.3059878,437,-4.915157318115234
1769761884.845689,438,-6.9907450675964355
1769761886.3786108,439,-6.473238945007324
1769761891.4278274,440,-7.946911334991455
1769761893.3725073,441,-7.343512058258057
1769761893.7341623,442,-7.281104564666748
1769761896.114861,443,-7.719284534454346
1769761897.1191046,444,-6.768017292022705
1769761899.4904196,445,-7.760041236877441
1769761899.8498545,446,-5.730529308319092
1769761901.0644534,447,-7.7845330238342285
1769761902.420483,448,-8.20329761505127
1769761905.0123668,449,-8.18447208404541
1769761906.4419703,450,-8.414840698242188
1769761907.8111603,451,-7.757691860198975
1769761908.0531027,452,-6.071647644042969
1769761908.234039,453,-7.958678245544434
1769761909.779835,454,-8.093210220336914
1769761913.283394,455,-8.126029014587402
1769761913.4083214,456,-4.960580348968506
1769761913.5318737,457,-4.021629333496094
1769761915.7892065,458,-7.830460071563721
1769761917.5486026,459,-8.905915260314941
1769761918.5028095,460,-9.472979545593262
1769761918.6244934,461,-13.03764820098877
1769761918.920647,462,-9.396760940551758
1769761921.6690361,463,-7.8373637199401855
1769761923.2741416,464,-6.982604503631592
1769761924.714133,465,-8.798552513122559
1769761925.0212445,466,-7.854546070098877
1769761925.1496756,467,-6.0104899406433105
1769761926.3390453,468,-8.673274993896484
1769761926.4656968,469,-4.298922538757324
1769761927.904793,470,-8.711231231689453
1769761930.2377837,471,-7.682026386260986
1769761931.0165114,472,-8.105684280395508
1769761934.2921221,473,-7.852813720703125
1769761935.9575384,474,-8.590490341186523
1769761936.0807986,475,-10.700383186340332
1769761938.507727,476,-9.561813354492188
1769761939.6940324,477,-6.878988265991211
1769761940.4061275,478,-8.473675727844238
1769761941.8928907,479,-8.839455604553223
1769761945.8326378,480,-8.574230194091797
1769761947.6260006,481,-7.752328872680664
1769761948.9743679,482,-8.74553394317627
1769761949.984679,483,-8.65483570098877
1769761952.1161597,484,-8.135580062866211
1769761954.138533,485,-8.741332054138184
1769761956.5264146,486,-8.358867645263672
1769761958.3622537,487,-8.965559959411621
1769761959.6826859,488,-9.45904541015625
1769761961.2289076,489,-9.688733100891113
1769761961.6479106,490,-10.105417251586914
1769761962.6621637,491,-7.7684197425842285
1769761963.5883198,492,-8.614837646484375
1769761964.4306314,493,-7.968301296234131
1769761965.0286748,494,-6.102224349975586
1769761967.0997612,495,-7.586223125457764
1769761967.2234716,496,-9.776656150817871
1769761968.3297148,497,-8.95423698425293
1769761971.2953227,498,-8.183701515197754
1769761972.430022,499,-6.2856926918029785
1769761974.1903937,500,-8.051509857177734
1769761975.2103326,501,-8.964741706848145
1769761977.661848,502,-9.164113998413086
1769761978.9702673,503,-10.532914161682129
1769761979.39359,504,-9.001303672790527
1769761980.4446971,505,-9.29041576385498
1769761981.2174697,506,-8.74776554107666
1769761985.3744984,507,-8.875414848327637
1769761986.107482,508,-10.230672836303711
1769761987.5974157,509,-10.224157333374023
1769761988.4257362,510,-8.058316230773926
1769761988.546907,511,-6.916545391082764
1769761989.4389634,512,-8.88840103149414
1769761989.5632188,513,-2.7556397914886475
1769761989.9845827,514,-8.959355354309082
1769761991.0532832,515,-10.183395385742188
1769761991.957866,516,-9.952478408813477
1769761992.732747,517,-9.468306541442871
1769762000.0441535,518,-9.546832084655762
1769762000.9383636,519,-8.67963695526123
1769762001.763475,520,-9.585600852966309
1769762001.8876615,521,-11.34212589263916
1769762004.8591614,522,-9.308043479919434
1769762007.5263908,523,-9.392919540405273
1769762009.0725734,524,-10.0391845703125
1769762010.3214967,525,-11.203198432922363
1769762011.5803783,526,-10.394488334655762
1769762012.542903,527,-10.185218811035156
1769762017.4531915,528,-9.808738708496094
1769762017.8144526,529,-8.325148582458496
1769762018.7623887,530,-8.31942081451416
1769762019.7251556,531,-10.55347728729248
1769762020.634712,532,-10.616262435913086
1769762022.4208071,533,-9.936031341552734
1769762025.3913062,534,-9.945351600646973
1769762026.5927267,535,-10.69814395904541
1769762027.070901,536,-8.856278419494629
1769762027.1970868,537,-15.4960298538208
1769762032.3287435,538,-10.10235595703125
1769762032.5776875,539,-9.081639289855957
1769762034.8947113,540,-10.58138656616211
1769762035.438254,541,-12.334160804748535
1769762036.5737174,542,-10.946596145629883
1769762037.3477402,543,-8.881153106689453
1769762037.7075148,544,-10.52995491027832
1769762038.9075937,545,-9.191017150878906
1769762039.208156,546,-5.959448337554932
1769762041.3772638,547,-9.425882339477539
1769762042.2788074,548,-11.466772079467773
1769762045.4449596,549,-10.098896026611328
1769762045.8683074,550,-9.383374214172363
1769762047.7261353,551,-8.81409740447998
1769762048.8647604,552,-8.165018081665039
1769762049.5744584,553,-8.617578506469727
1769762050.6404383,554,-11.503705024719238
1769762051.7781157,555,-9.324987411499023
1769762052.5493,556,-9.725007057189941
1769762053.0313184,557,-9.726597785949707
1769762053.2157397,558,-10.33737850189209
1769762053.3406708,559,-5.770495414733887
1769762053.4679952,560,-5.627743721008301
1769762053.8324003,561,-13.349087715148926
1769762053.9567235,562,-14.088714599609375
1769762055.1550725,563,-9.676006317138672
1769762055.633596,564,-9.33399772644043
1769762056.1249218,565,-11.290262222290039
1769762056.370791,566,-10.328039169311523
1769762059.1700783,567,-9.817424774169922
1769762061.6000226,568,-11.13310432434082
1769762063.2020695,569,-10.687735557556152
1769762064.395298,570,-9.981667518615723
1769762065.710152,571,-10.364489555358887
1769762066.305492,572,-11.562102317810059
1769762068.3310711,573,-9.80450439453125
1769762069.992542,574,-9.459790229797363
1769762079.7637537,575,-8.979513168334961
1769762081.5548868,576,-11.072479248046875
1769762081.6774812,577,-15.653353691101074
1769762082.5660725,578,-11.967838287353516
1769762086.68841,579,-10.264979362487793
1769762088.3877337,580,-11.353787422180176
1769762091.266805,581,-10.667071342468262
1769762091.627393,582,-11.672874450683594
1769762091.7501395,583,-15.816110610961914
1769762093.050945,584,-12.0169038772583
1769762093.891462,585,-11.133584022521973
1769762094.0221922,586,-12.95219898223877
1769762094.6764395,587,-10.966338157653809
1769762096.7803764,588,-11.474400520324707
1769762097.0857592,589,-13.168718338012695
1769762099.8764617,590,-11.006494522094727
1769762100.3983848,591,-10.802461624145508
1769762100.5209424,592,-11.423965454101562
1769762101.2465482,593,-12.23720645904541
1769762101.4276485,594,-12.861598014831543
1769762102.1456923,595,-10.530837059020996
1769762103.7442396,596,-11.64763355255127
1769762104.9355958,597,-12.049799919128418
1769762106.285663,598,-9.616737365722656
1769762106.7633824,599,-9.642166137695312
1769762107.1312368,600,-11.16131591796875
1769762110.748672,601,-11.854501724243164
1769762111.1675024,602,-9.772209167480469
1769762111.890641,603,-9.730324745178223
1769762114.3090832,604,-11.384394645690918
1769762114.6665723,605,-11.32635498046875
1769762115.6370049,606,-10.301037788391113
1769762120.6367426,607,-10.815460205078125
1769762122.77752,608,-11.146164894104004
1769762125.7684336,609,-12.511536598205566
1769762127.557068,610,-11.117659568786621
1769762129.397926,611,-11.91454792022705
1769762130.9152248,612,-11.56916618347168
1769762131.9810898,613,-10.923178672790527
1769762134.8333986,614,-13.396902084350586
1769762135.3120048,615,-12.097826957702637
1769762136.201918,616,-9.30329704284668
1769762136.6237721,617,-12.41299057006836
1769762136.7479515,618,-12.201716423034668
1769762138.9507966,619,-12.11414623260498
1769762139.4285839,620,-8.96576976776123
1769762143.3967412,621,-12.681733131408691
1769762146.1078327,622,-12.068072319030762
1769762148.2365835,623,-12.667732238769531
1769762148.3590093,624,-12.142021179199219
1769762148.4808533,625,-0.07723617553710938
1769762149.6089203,626,-10.733542442321777
1769762151.1814516,627,-11.459038734436035
1769762153.249767,628,-12.666313171386719
1769762153.7961454,629,-12.434492111206055
1769762155.2324033,630,-12.566819190979004
1769762156.3043604,631,-11.700615882873535
1769762158.0231717,632,-12.277535438537598
1769762158.500166,633,-10.332846641540527
1769762163.69336,634,-12.778114318847656
1769762164.2305973,635,-13.997228622436523
1769762164.648815,636,-11.021039962768555
1769762166.2507286,637,-13.31628131866455
1769762167.5089414,638,-13.277559280395508
1769762168.988384,639,-11.927000045776367
1769762176.0778084,640,-12.978917121887207
1769762178.1594398,641,-12.814142227172852
1769762179.0481706,642,-13.659041404724121
1769762180.0055296,643,-12.522212028503418
1769762182.6068666,644,-13.730425834655762
1769762183.1394365,645,-13.563860893249512
1769762187.2197225,646,-12.809332847595215
1769762188.1251218,647,-12.299081802368164
1769762188.546843,648,-9.868386268615723
1769762189.501922,649,-14.354736328125
1769762189.6280186,650,-7.318306922912598
1769762192.1659214,651,-14.142510414123535
1769762192.7106802,652,-10.551867485046387
1769762192.83308,653,-16.267499923706055
1769762194.73269,654,-13.384773254394531
1769762195.1501517,655,-14.191125869750977
1769762199.1240835,656,-13.220731735229492
1769762201.8687797,657,-13.985774993896484
1769762202.1139605,658,-16.241426467895508
1769762203.8025858,659,-12.743171691894531
1769762204.693159,660,-12.693990707397461
1769762204.8165052,661,-10.444058418273926
1769762205.8932033,662,-12.591686248779297
1769762207.2019506,663,-13.144575119018555
1769762208.6406603,664,-13.823129653930664
1769762209.9519103,665,-14.407427787780762
1769762211.2085512,666,-12.637852668762207
1769762214.3326333,667,-13.892068862915039
1769762216.5285664,668,-13.165852546691895
1769762217.6589763,669,-13.509880065917969
1769762218.7990127,670,-13.604399681091309
1769762220.9173312,671,-13.36909008026123
1769762222.8768046,672,-13.691328048706055
1769762223.6577773,673,-12.533218383789062
1769762227.6904364,674,-13.518850326538086
1769762229.9353757,675,-13.699506759643555
1769762231.311442,676,-13.351683616638184
1769762231.9053802,677,-12.498185157775879
1769762238.0990062,678,-14.192181587219238
1769762240.7249842,679,-12.494107246398926
1769762241.737037,680,-15.143985748291016
1769762242.3950925,681,-13.350982666015625
1769762243.1093752,682,-13.806411743164062
1769762244.4104834,683,-14.417146682739258
1769762247.2742534,684,-13.980167388916016
1769762248.2930298,685,-15.377981185913086
1769762250.1275237,686,-14.0647611618042
1769762250.4820743,687,-15.685394287109375
1769762251.264372,688,-14.88764476776123
1769762252.3504303,689,-11.958076477050781
1769762254.6043813,690,-14.853055953979492
1769762257.468695,691,-15.085396766662598
1769762259.8123095,692,-14.50698184967041
1769762261.085276,693,-15.739514350891113
1769762261.2694385,694,-19.664194107055664
1769762264.5231054,695,-14.873188972473145
1769762266.2030566,696,-14.410239219665527
1769762267.522054,697,-14.368524551391602
1769762267.6476676,698,-13.474777221679688
1769762269.3746367,699,-14.264599800109863
1769762270.9166772,700,-15.657797813415527
1769762271.0417614,701,-13.654825210571289
1769762271.6323478,702,-17.90982437133789
1769762272.5341594,703,-15.731257438659668
1769762274.6240864,704,-15.921455383300781
1769762275.698333,705,-14.703386306762695
1769762275.942415,706,-11.769866943359375
1769762279.0208106,707,-15.528459548950195
1769762280.476567,708,-14.24786376953125
1769762280.6042788,709,-15.151201248168945
1769762280.9589732,710,-18.792724609375
1769762283.3716547,711,-14.566302299499512
1769762284.4319873,712,-14.44859504699707
1769762287.4706907,713,-14.644564628601074
1769762288.7713885,714,-15.289828300476074
1769762289.1912327,715,-14.940603256225586
1769762289.486627,716,-17.47627830505371
1769762293.6454196,717,-15.369026184082031
1769762294.2403824,718,-15.069098472595215
1769762295.4073012,719,-17.07389259338379
1769762297.7683492,720,-14.717912673950195
1769762298.0175712,721,-14.755755424499512
1769762298.4398713,722,-14.027338027954102
1769762299.580751,723,-16.711820602416992
1769762301.2877526,724,-13.79420280456543
1769762302.784006,725,-15.374403953552246
1769762303.8037803,726,-14.460809707641602
1769762305.780374,727,-15.770853042602539
1769762309.2487342,728,-15.041849136352539
1769762311.649828,729,-16.963340759277344
1769762312.7200983,730,-16.047441482543945
1769762314.1946785,731,-15.35218334197998
1769762314.5474186,732,-14.813026428222656
1769762315.839424,733,-15.3539400100708
1769762316.9725387,734,-14.690006256103516
1769762317.0958016,735,-15.081872940063477
1769762318.586991,736,-16.183679580688477
1769762321.062117,737,-16.087980270385742
1769762322.3661356,738,-17.243967056274414
1769762323.0813258,739,-15.154302597045898
1769762323.203216,740,-16.359634399414062
1769762327.0037704,741,-16.345544815063477
1769762327.712524,742,-15.623186111450195
1769762327.8361456,743,-16.075241088867188
1769762328.6112356,744,-16.275375366210938
1769762328.9133976,745,-21.818910598754883
1769762329.9867492,746,-17.126556396484375
1769762330.8825529,747,-15.850327491760254
1769762332.543675,748,-16.69577980041504
1769762334.0959563,749,-14.345354080200195
1769762334.9243028,750,-16.51403045654297
1769762337.6422946,751,-17.8542537689209
1769762338.127365,752,-11.33508586883545
1769762340.7254548,753,-16.79449462890625
1769762341.8973746,754,-15.427224159240723
1769762345.514586,755,-15.85310173034668
1769762346.2116659,756,-13.021880149841309
1769762347.2813237,757,-17.273815155029297
1769762348.5389638,758,-18.03121566772461
1769762352.2584465,759,-17.06307601928711
1769762352.919711,760,-17.630781173706055
1769762354.1118376,761,-16.550565719604492
1769762355.5607545,762,-16.892168045043945
1769762359.7904038,763,-17.253395080566406
1769762360.033305,764,-17.930692672729492
1769762363.65132,765,-17.00288963317871
1769762363.7766643,766,-19.624258041381836
1769762364.7823286,767,-16.809724807739258
1769762366.6072721,768,-18.44369125366211
1769762367.1385043,769,-18.824478149414062
1769762368.0090945,770,-16.337705612182617
1769762370.0993414,771,-18.621305465698242
1769762370.637,772,-16.262399673461914
1769762372.5959446,773,-15.436784744262695
1769762373.0045671,774,-18.597740173339844
1769762373.8883646,775,-16.647380828857422
1769762374.430458,776,-18.987829208374023
1769762376.5798402,777,-17.123462677001953
1769762378.9575348,778,-16.94744873046875
1769762379.376052,779,-16.07997703552246
1769762381.3024929,780,-17.324481964111328
1769762381.4359891,781,-19.761905670166016
1769762382.3858016,782,-19.574243545532227
1769762382.9205265,783,-17.657184600830078
1769762384.1725185,784,-17.914306640625
1769762389.6439552,785,-17.46088981628418
1769762399.96939,786,-17.236186981201172
1769762401.3544104,787,-16.29776954650879
1769762401.4784546,788,-22.87921714782715
1769762406.1278636,789,-18.10788917541504
1769762407.172588,790,-17.145488739013672
1769762408.5405235,791,-20.050811767578125
1769762412.4794724,792,-18.395559310913086
1769762413.9195023,793,-17.174659729003906
1769762414.2192006,794,-19.746286392211914
1769762415.7624257,795,-18.59613037109375
1769762418.2579703,796,-18.57571792602539
1769762420.046262,797,-16.674747467041016
1769762420.350034,798,-15.2260160446167
1769762420.8335872,799,-14.95291519165039
1769762420.9611127,800,-18.569421768188477
1769762423.9341605,801,-17.999591827392578
1769762425.2444968,802,-17.109895706176758
1769762425.6655264,803,-16.199295043945312
1769762427.3360202,804,-19.752498626708984
1769762427.69938,805,-17.428964614868164
1769762428.6548045,806,-18.60542869567871
1769762429.1348588,807,-17.904399871826172
1769762429.9416454,808,-17.318309783935547
1769762432.3288934,809,-18.67778205871582
1769762433.4684176,810,-18.420875549316406
1769762433.948848,811,-14.62370777130127
1769762436.8019836,812,-18.37419319152832
1769762437.758218,813,-19.28095054626465
1769762439.0029747,814,-18.237398147583008
1769762439.4261878,815,-21.491180419921875
1769762440.129727,816,-18.890073776245117
1769762440.2562113,817,-18.855466842651367
1769762441.3950443,818,-16.645532608032227
1769762441.9344215,819,-15.63411808013916
1769762442.7695005,820,-17.125164031982422
1769762444.2594175,821,-18.495851516723633
1769762445.8360178,822,-18.915538787841797
1769762446.1978827,823,-17.29413414001465
1769762447.679307,824,-19.33002281188965
1769762448.6906197,825,-19.69088363647461
1769762451.979049,826,-19.079593658447266
1769762453.572293,827,-17.75798988342285
1769762455.3151536,828,-17.407283782958984
1769762456.9224422,829,-19.519113540649414
1769762460.3361566,830,-19.682519912719727
1769762461.2202466,831,-17.400836944580078
1769762466.980235,832,-18.329513549804688
1769762468.236466,833,-18.655805587768555
1769762472.0767572,834,-19.945711135864258
1769762472.200356,835,-23.740726470947266
1769762473.3282244,836,-19.188100814819336
1769762475.116653,837,-19.572982788085938
1769762475.950838,838,-19.119443893432617
1769762476.9038062,839,-21.334436416625977
1769762478.440348,840,-19.741716384887695
1769762478.9281886,841,-19.32452964782715
1769762481.9921253,842,-19.314205169677734
1769762483.118892,843,-19.030025482177734
1769762483.4764278,844,-18.873661041259766
1769762483.7180798,845,-17.252357482910156
1769762485.490711,846,-20.434473037719727
1769762485.9164293,847,-25.128507614135742
1769762487.649096,848,-20.520889282226562
1769762489.3547153,849,-19.508384704589844
1769762489.6547236,850,-15.830259323120117
1769762490.604948,851,-19.573335647583008
1769762493.692067,852,-19.454439163208008
1769762493.8517303,853,-22.921171188354492
1769762495.4568608,854,-20.05078125
1769762497.1884148,855,-18.816694259643555
1769762497.7917368,856,-21.38898468017578
1769762500.078034,857,-19.79035758972168
1769762502.5787132,858,-19.376840591430664
1769762503.6503983,859,-18.49992561340332
1769762507.7798448,860,-19.44462013244629
1769762509.593752,861,-19.13097381591797
1769762510.8509815,862,-19.154409408569336
1769762514.5141711,863,-20.143877029418945
1769762516.0628092,864,-20.16261863708496
1769762522.3116639,865,-20.474523544311523
1769762522.8547075,866,-20.435256958007812
1769762523.682899,867,-21.180091857910156
1769762524.1659265,868,-17.509172439575195
1769762525.755482,869,-21.645666122436523
1769762528.6136696,870,-20.85163116455078
1769762529.984025,871,-20.354007720947266
1769762532.3639631,872,-19.3986873626709
1769762534.5063252,873,-20.511228561401367
1769762535.5205293,874,-21.487714767456055
1769762536.2205884,875,-21.910194396972656
1769762538.37608,876,-19.662425994873047
1769762540.7690263,877,-21.29109764099121
1769762541.7010257,878,-21.113935470581055
1769762542.237862,879,-21.65797996520996
1769762543.3670452,880,-19.890888214111328
1769762543.9016657,881,-20.60116958618164
1769762544.0287936,882,-25.481321334838867
1769762544.391031,883,-18.143970489501953
1769762546.2290027,884,-20.091121673583984
1769762546.885292,885,-20.085847854614258
1769762547.5397563,886,-20.89919662475586
1769762548.9602969,887,-21.774059295654297
1769762550.8689382,888,-20.24859046936035
1769762552.3924508,889,-20.84270477294922
1769762552.5179553,890,-13.307652473449707
1769762556.075367,891,-22.500150680541992
1769762557.1247685,892,-22.652732849121094
1769762558.441328,893,-23.048107147216797
1769762559.4586024,894,-21.420589447021484
1769762559.8208866,895,-21.744220733642578
1769762561.0136013,896,-22.392562866210938
1769762562.6005552,897,-20.39226531982422
1769762563.0769634,898,-22.76594352722168
1769762563.9686275,899,-21.708799362182617
1769762566.2278328,900,-20.70966339111328
1769762567.060977,901,-21.34882354736328
1769762567.8394508,902,-22.54327964782715
1769762568.8506167,903,-20.496173858642578
1769762570.0458794,904,-19.951034545898438
1769762570.6060488,905,-19.415264129638672
1769762574.8973048,906,-21.21432876586914
1769762578.927475,907,-20.773155212402344
1769762579.4073238,908,-21.589784622192383
1769762579.5281565,909,-20.879924774169922
1769762581.0876422,910,-22.93467903137207
1769762581.5135717,911,-22.977710723876953
1769762583.0086625,912,-22.290973663330078
1769762586.9634922,913,-20.72191619873047
1769762587.0874474,914,-13.295262336730957
1769762588.4593606,915,-22.368114471435547
1769762588.8236747,916,-23.784276962280273
1769762591.413748,917,-20.970090866088867
1769762591.9518762,918,-21.918447494506836
1769762592.7821112,919,-21.248502731323242
1769762594.0857766,920,-23.43992805480957
1769762594.9875958,921,-23.349750518798828
1769762596.4120355,922,-22.988985061645508
1769762600.9921477,923,-23.00179672241211
1769762603.534083,924,-22.623380661010742
1769762604.5493245,925,-21.847644805908203
1769762606.9273016,926,-23.166492462158203
1769762607.1105213,927,-19.64438819885254
1769762608.0048852,928,-21.337085723876953
1769762608.1286387,929,-25.97701072692871
1769762609.7344484,930,-20.99190330505371
1769762611.1369789,931,-22.441680908203125
1769762614.096402,932,-21.956762313842773
1769762614.9274454,933,-24.087854385375977
1769762616.6508644,934,-22.791419982910156
1769762617.607668,935,-21.842592239379883
1769762618.4351544,936,-21.52729606628418
1769762619.5188754,937,-23.548810958862305
1769762621.9048395,938,-23.27249526977539
1769762624.4649,939,-23.40351676940918
1769762624.9387996,940,-25.35150909423828
1769762625.233015,941,-20.714202880859375
1769762627.668858,942,-22.037260055541992
1769762628.678053,943,-23.815940856933594
1769762628.80079,944,-32.03156280517578
1769762631.6584203,945,-22.46738052368164
1769762633.673863,946,-22.158605575561523
1769762636.7040284,947,-23.219120025634766
1769762637.068687,948,-21.482616424560547
1769762637.7250085,949,-20.877553939819336
1769762638.7340286,950,-25.04971694946289
1769762643.0585952,951,-22.692968368530273
1769762643.7796583,952,-24.676799774169922
1769762644.6150281,953,-24.395069122314453
1769762645.09807,954,-24.680843353271484
1769762647.3129122,955,-23.166339874267578
1769762647.741049,956,-18.766752243041992
1769762651.8869207,957,-22.37879180908203
1769762652.5499432,958,-22.660146713256836
1769762655.3411138,959,-23.17051124572754
1769762657.9657073,960,-22.665679931640625
1769762658.7947135,961,-24.142147064208984
1769762659.154719,962,-20.239826202392578
1769762660.7121475,963,-23.39090347290039
1769762662.8619187,964,-23.130481719970703
1769762663.7006228,965,-23.512468338012695
1769762665.6141233,966,-23.107572555541992
1769762667.5281243,967,-23.12957000732422
1769762668.5387657,968,-22.58427619934082
1769762670.8545907,969,-23.104618072509766
1769762673.1137857,970,-24.189586639404297
1769762675.6371088,971,-23.13115119934082
1769762678.0159528,972,-25.934900283813477
1769762678.43367,973,-23.57707977294922
1769762681.5311787,974,-23.98885154724121
1769762682.3796556,975,-23.996601104736328
1769762685.0380116,976,-24.459545135498047
1769762686.5867584,977,-23.65877342224121
1769762686.836724,978,-24.710216522216797
1769762687.4361684,979,-24.106552124023438
1769762689.041222,980,-25.2004337310791
1769762690.5689285,981,-24.32838249206543
1769762690.8620636,982,-21.886919021606445
1769762691.1046846,983,-25.07516098022461
1769762692.1712859,984,-22.719829559326172
1769762693.1281738,985,-24.843488693237305
1769762695.1495495,986,-25.10589027404785
1769762697.8982668,987,-24.634885787963867
1769762698.8545885,988,-23.34031105041504
1769762699.7514994,989,-23.90612030029297
1769762700.268122,990,-23.93027687072754
1769762700.7503943,991,-24.774690628051758
1769762701.1647346,992,-22.646682739257812
1769762701.935956,993,-26.444473266601562
1769762704.4137847,994,-23.210660934448242
1769762704.8328757,995,-22.924957275390625
1769762706.2715456,996,-23.691030502319336
1769762706.4519184,997,-26.846881866455078
1769762708.525714,998,-24.420263290405273
1769762710.1845338,999,-24.842649459838867
1769762721.0596182,1000,-24.673198699951172
1769762722.4269795,1001,-23.924428939819336
1769762724.265416,1002,-24.88257598876953
1769762726.959244,1003,-24.959135055541992
1769762729.226588,1004,-24.785545349121094
1769762734.1378157,1005,-24.41522979736328
1769762735.450544,1006,-25.2119083404541
1769762736.4609752,1007,-25.389726638793945
1769762737.6598892,1008,-25.632244110107422
1769762737.7890294,1009,-28.295087814331055
1769762738.6291857,1010,-26.107826232910156
1769762739.1687434,1011,-25.19463539123535
1769762742.1224785,1012,-25.6162109375
1769762742.369614,1013,-25.091947555541992
1769762742.727614,1014,-25.191129684448242
1769762743.9253135,1015,-24.0142765045166
1769762744.8340123,1016,-23.595762252807617
1769762745.7306535,1017,-22.47516441345215
1769762746.09074,1018,-25.52509117126465
1769762746.8692036,1019,-25.30950927734375
1769762746.9926066,1020,-26.210779190063477
1769762747.8928301,1021,-23.87326431274414
1769762749.2115796,1022,-25.589780807495117
1769762750.9410896,1023,-25.296430587768555
1769762751.8368323,1024,-24.06151008605957
1769762753.096007,1025,-26.032562255859375
1769762754.1801023,1026,-24.129981994628906
1769762754.71763,1027,-26.3406982421875
1769762755.7896976,1028,-25.901302337646484
1769762756.5597918,1029,-25.988479614257812
1769762757.1529877,1030,-25.64151954650879
1769762758.1616259,1031,-25.506793975830078
1769762758.640778,1032,-25.140291213989258
1769762759.0540667,1033,-26.7672119140625
1769762759.709634,1034,-26.87589454650879
1769762759.892144,1035,-28.38916015625
1769762762.2516778,1036,-24.974443435668945
1769762765.6308513,1037,-25.0773868560791
1769762767.4667802,1038,-25.144514083862305
1769762770.498594,1039,-26.359848022460938
1769762771.396251,1040,-25.868104934692383
1769762772.2890441,1041,-26.553829193115234
1769762774.895712,1042,-25.166032791137695
1769762775.0798724,1043,-24.04901885986328
1769762776.6089869,1044,-25.886737823486328
1769762777.150671,1045,-25.103879928588867
1769762779.6659765,1046,-25.372114181518555
1769762781.7391586,1047,-25.318523406982422
1769762783.698735,1048,-26.330514907836914
1769762784.7103841,1049,-27.41292381286621
1769762785.371798,1050,-25.529170989990234
1769762787.0880497,1051,-24.08829116821289
1769762788.9283202,1052,-26.458087921142578
1769762789.5777364,1053,-24.56955337524414
1769762790.5020614,1054,-25.37795066833496
1769762791.037892,1055,-26.329673767089844
1769762792.4152758,1056,-25.296520233154297
1769762793.4255357,1057,-25.4432430267334
1769762794.2572386,1058,-25.07146453857422
1769762795.741214,1059,-25.172439575195312
1769762798.9520497,1060,-25.905290603637695
1769762800.9916081,1061,-27.29901695251465
1769762801.5345416,1062,-26.527267456054688
1769762806.5140104,1063,-26.751054763793945
1769762807.6756158,1064,-26.869342803955078
1769762809.421385,1065,-26.707670211791992
1769762809.544433,1066,-21.53389549255371
1769762810.324159,1067,-25.826629638671875
1769762812.909518,1068,-26.04119873046875
1769762814.6744838,1069,-26.35344123840332
1769762815.9653516,1070,-26.98126220703125
1769762818.8808746,1071,-25.14370346069336
1769762824.2831175,1072,-27.28253936767578
1769762824.9417412,1073,-24.367372512817383
1769762826.0514994,1074,-29.434892654418945
1769762826.3535771,1075,-25.086910247802734
1769762826.8317308,1076,-27.34547233581543
1769762827.8487966,1077,-27.535640716552734
1769762829.5067477,1078,-28.24329948425293
1769762831.0625355,1079,-27.360984802246094
1769762831.8417068,1080,-26.760692596435547
1769762833.312286,1081,-27.51422119140625
1769762834.8579886,1082,-26.511985778808594
1769762835.4581954,1083,-27.719654083251953
1769762838.3431559,1084,-27.27412223815918
1769762840.4802248,1085,-27.30862045288086
1769762840.6081028,1086,-18.329896926879883
1769762841.5580406,1087,-28.725440979003906
1769762841.919047,1088,-24.27599334716797
1769762843.4979815,1089,-27.598838806152344
1769762844.2742865,1090,-27.27442169189453
1769762844.630615,1091,-30.5997371673584
1769762846.0558865,1092,-27.35344886779785
1769762848.5527108,1093,-28.167051315307617
1769762848.9742985,1094,-27.0081844329834
1769762849.635164,1095,-27.256885528564453
1769762849.7612314,1096,-31.83597755432129
1769762849.8843007,1097,-27.90883445739746
1769762850.9009461,1098,-28.928272247314453
1769762852.6557689,1099,-28.69947052001953
1769762853.140226,1100,-27.37102508544922
1769762853.262768,1101,-28.519424438476562
1769762853.682809,1102,-27.927963256835938
1769762854.2804894,1103,-28.652090072631836
1769762854.8769894,1104,-28.36899185180664
1769762856.7330208,1105,-27.367895126342773
1769762857.2125065,1106,-29.08429718017578
1769762858.5586796,1107,-27.42876625061035
1769762859.5098636,1108,-28.939355850219727
1769762861.1828792,1109,-27.847976684570312
1769762862.4938257,1110,-27.874666213989258
1769762864.7632444,1111,-28.11668586730957
1769762865.4218574,1112,-26.621179580688477
1769762865.9006486,1113,-26.990558624267578
1769762867.6328566,1114,-28.01663589477539
1769762869.7646372,1115,-27.818422317504883
1769762871.4504426,1116,-29.69217872619629
1769762872.4003909,1117,-27.6605224609375
1769762873.312269,1118,-29.89487075805664
1769762874.67678,1119,-28.48091697692871
1769762876.1644742,1120,-27.795364379882812
1769762877.2290804,1121,-29.840452194213867
1769762878.7366517,1122,-28.601215362548828
1769762880.448757,1123,-28.638412475585938
1769762883.5627615,1124,-28.457122802734375
1769762884.2192543,1125,-30.567663192749023
1769762886.5179796,1126,-28.89700698852539
1769762887.8412025,1127,-27.62664794921875
1769762889.8687968,1128,-29.121490478515625
1769762890.391507,1129,-26.254966735839844
1769762893.2276185,1130,-29.130924224853516
1769762895.8564,1131,-29.08470344543457
1769762899.117485,1132,-28.757654190063477
1769762900.3625674,1133,-29.313663482666016
1769762903.133283,1134,-28.261276245117188
1769762904.5817997,1135,-28.292701721191406
1769762905.9348392,1136,-28.611845016479492
1769762910.460617,1137,-29.098552703857422
1769762912.5296426,1138,-28.278705596923828
1769762913.4908106,1139,-29.414106369018555
1769762913.7347648,1140,-30.873046875
1769762916.2082155,1141,-29.874698638916016
1769762917.055886,1142,-29.130586624145508
1769762917.29757,1143,-27.48818588256836
1769762917.6597486,1144,-27.070798873901367
1769762919.4922805,1145,-29.7157039642334
1769762920.1017199,1146,-28.439903259277344
1769762921.8972504,1147,-30.742509841918945
1769762922.0204675,1148,-29.30987548828125
1769762923.451296,1149,-30.065982818603516
1769762923.580234,1150,-26.963464736938477
1769762923.9791763,1151,-26.03517723083496
1769762924.7676237,1152,-30.954662322998047
1769762925.1847017,1153,-30.589237213134766
1769762928.4874158,1154,-28.985565185546875
1769762935.527911,1155,-29.426679611206055
1769762935.9499505,1156,-27.666465759277344
1769762936.72286,1157,-31.427968978881836
1769762937.5003633,1158,-28.692251205444336
1769762940.3492885,1159,-29.491670608520508
1769762941.1352465,1160,-29.778392791748047
1769762943.8503027,1161,-29.7900447845459
1769762945.8565888,1162,-29.207853317260742
1769762946.4929564,1163,-30.288726806640625
1769762948.1100662,1164,-30.139968872070312
1769762948.7100737,1165,-25.336320877075195
1769762949.2496862,1166,-31.61511993408203
1769762951.2028012,1167,-28.95362663269043
1769762952.6394398,1168,-29.612552642822266
1769762953.6574516,1169,-28.956541061401367
1769762959.3242376,1170,-29.88457679748535
1769762959.7585597,1171,-27.737056732177734
1769762960.715329,1172,-31.109771728515625
1769762960.8422124,1173,-25.336254119873047
1769762963.4887393,1174,-31.07345199584961
1769762966.4374206,1175,-30.813167572021484
1769762968.101314,1176,-29.988765716552734
1769762969.2784317,1177,-30.361425399780273
1769762970.8144772,1178,-29.5900936126709
1769762972.8696094,1179,-30.234050750732422
1769762974.3064342,1180,-30.11271095275879
1769762976.9065506,1181,-29.384368896484375
1769762977.2605295,1182,-31.17193603515625
1769762979.6742063,1183,-28.745471954345703
1769762979.9772015,1184,-33.00030517578125
1769762981.2280433,1185,-31.308612823486328
1769762984.0378149,1186,-30.150936126708984
1769762986.2260492,1187,-29.800825119018555
1769762988.0446663,1188,-31.242094039916992
1769762989.3559484,1189,-30.74663543701172
1769762990.2502513,1190,-31.02897834777832
1769762991.7267783,1191,-31.067977905273438
1769762992.772483,1192,-29.868844985961914
1769762992.9576974,1193,-29.706707000732422
1769762993.197611,1194,-34.08528137207031
1769762994.5740721,1195,-31.01535415649414
1769762995.301004,1196,-28.743688583374023
1769762995.426047,1197,-33.520843505859375
1769762997.2183578,1198,-31.22406005859375
1769762998.1196418,1199,-33.22890853881836
1769763002.8487282,1200,-31.147064208984375
1769763005.5977058,1201,-31.23751449584961
1769763007.486503,1202,-31.818593978881836
1769763011.3061132,1203,-31.716650009155273
1769763011.9657402,1204,-31.1049747467041
1769763012.8503664,1205,-32.08831787109375
1769763014.3158865,1206,-31.043439865112305
1769763014.6716754,1207,-33.25507736206055
1769763016.6847217,1208,-31.970985412597656
1769763019.3724782,1209,-31.066373825073242
1769763021.8217576,1210,-31.755435943603516
1769763022.1811926,1211,-31.815221786499023
1769763026.7719305,1212,-31.352815628051758
1769763026.8978388,1213,-36.74245834350586
1769763030.3892202,1214,-30.77280616760254
1769763030.512533,1215,-28.451932907104492
1769763033.3317435,1216,-31.882648468017578
1769763041.8237002,1217,-31.972475051879883
1769763045.8616524,1218,-32.0325927734375
1769763045.9869468,1219,-35.11267852783203
1769763048.3416657,1220,-32.30132293701172
1769763049.6011658,1221,-30.813196182250977
1769763049.7262332,1222,-29.22499656677246
1769763049.8519242,1223,-35.53855514526367
1769763052.4988632,1224,-32.63360595703125
1769763053.568552,1225,-30.747480392456055
1769763056.5434,1226,-32.86012649536133
1769763056.6703875,1227,-33.100257873535156
1769763057.6217015,1228,-30.618389129638672
1769763058.812753,1229,-32.178619384765625
1769763059.5860686,1230,-32.611602783203125
1769763061.26735,1231,-32.5142707824707
1769763062.2172437,1232,-32.73677062988281
1769763064.2276452,1233,-32.316123962402344
1769763065.2757711,1234,-33.84029769897461
1769763065.4033937,1235,-36.64925003051758
1769763066.5432775,1236,-31.859127044677734
1769763066.9613512,1237,-32.21305847167969
1769763067.4406395,1238,-32.975276947021484
1769763067.563463,1239,-31.338422775268555
1769763067.9233913,1240,-34.50019454956055
1769763068.8807626,1241,-32.92008590698242
1769763070.635181,1242,-33.80321502685547
1769763073.776611,1243,-31.74943733215332
1769763075.418735,1244,-33.32156753540039
1769763075.547861,1245,-37.24216842651367
1769763078.1805873,1246,-31.740097045898438
1769763078.8945189,1247,-32.668373107910156
1769763079.8813667,1248,-33.62549591064453
1769763081.1300042,1249,-32.19868087768555
1769763082.1460443,1250,-31.518348693847656
1769763083.0484018,1251,-33.80613327026367
1769763084.0649605,1252,-33.09844970703125
1769763085.8987968,1253,-31.99636459350586
1769763086.907268,1254,-33.11134719848633
1769763088.0941827,1255,-33.30295944213867
1769763089.9640186,1256,-33.14946365356445
1769763090.918331,1257,-34.77832794189453
1769763091.0421052,1258,-36.47135543823242
1769763091.1679478,1259,-32.07691192626953
1769763092.8849764,1260,-33.20204162597656
1769763093.00673,1261,-34.5455207824707
1769763093.7756588,1262,-34.62982940673828
1769763095.372558,1263,-32.32535934448242
1769763096.0989587,1264,-32.7027473449707
1769763096.5816553,1265,-31.620323181152344
1769763098.609691,1266,-32.88978576660156
1769763099.9670014,1267,-32.361976623535156
1769763103.07115,1268,-32.5130615234375
1769763103.434855,1269,-35.2996826171875
1769763104.674938,1270,-33.13642501831055
1769763105.4469678,1271,-34.62702178955078
1769763105.6838646,1272,-34.32987976074219
1769763106.8035998,1273,-33.58958053588867
1769763109.2294848,1274,-32.84942626953125
1769763110.3382156,1275,-33.66489028930664
1769763111.4088445,1276,-33.10326385498047
1769763113.7320766,1277,-33.26845169067383
1769763116.1952732,1278,-33.2457275390625
1769763116.9736655,1279,-32.42787170410156
1769763118.5750613,1280,-33.72528839111328
1769763119.1121662,1281,-33.87160873413086
1769763120.2380748,1282,-32.95991897583008
1769763121.7467275,1283,-33.92292022705078
1769763125.0004618,1284,-32.93878173828125
1769763125.8180802,1285,-33.232112884521484
1769763125.9488263,1286,-34.609371185302734
1769763126.5487404,1287,-34.77969741821289
1769763127.922697,1288,-35.13888168334961
1769763130.0958219,1289,-33.95552444458008
1769763130.2211573,1290,-31.8974609375
1769763131.1752079,1291,-33.930965423583984
1769763131.3005836,1292,-35.578853607177734
1769763134.1761105,1293,-34.38192367553711
1769763134.481232,1294,-35.190223693847656
1769763137.5549715,1295,-32.015586853027344
1769763140.0116687,1296,-34.152069091796875
1769763140.135366,1297,-28.147741317749023
1769763141.390956,1298,-35.121524810791016
1769763142.3435268,1299,-33.731170654296875
1769763144.0081575,1300,-33.691566467285156
1769763146.031053,1301,-32.664981842041016
1769763146.8144624,1302,-35.09276580810547
1769763148.3657413,1303,-33.91302490234375
1769763149.6780362,1304,-34.55455780029297
1769763150.0968983,1305,-34.12608337402344
1769763150.9470904,1306,-33.29552459716797
1769763151.906278,1307,-35.337825775146484
1769763153.0733755,1308,-33.4666633605957
1769763153.1973064,1309,-32.81162643432617
1769763155.8197477,1310,-33.48594665527344
1769763156.469744,1311,-35.424903869628906
1769763156.5911787,1312,-34.4343376159668
1769763156.8344538,1313,-32.108821868896484
1769763157.6186264,1314,-34.22030258178711
1769763157.9862888,1315,-34.03266525268555
1769763158.28942,1316,-34.438228607177734
1769763159.2471051,1317,-33.32060623168945
1769763159.727693,1318,-33.46013259887695
1769763160.1558151,1319,-36.55807876586914
1769763162.7901957,1320,-33.930335998535156
1769763163.3332636,1321,-35.378761291503906
1769763164.7667887,1322,-34.36374282836914
1769763165.1274686,1323,-33.00471878051758
1769763165.6725123,1324,-35.92110824584961
1769763165.9208581,1325,-33.6945686340332
1769763167.8536987,1326,-34.22970199584961
1769763168.6807683,1327,-33.49535369873047
1769763170.5131054,1328,-35.14621353149414
1769763173.1509187,1329,-34.32977294921875
1769763173.9335592,1330,-35.08153533935547
1769763175.1271393,1331,-33.19934844970703
1769763175.265413,1332,-29.31768798828125
1769763176.3395722,1333,-36.05015182495117
1769763177.0595555,1334,-35.23126220703125
1769763178.3168268,1335,-34.73419952392578
1769763179.6979754,1336,-32.94022750854492
1769763180.8086338,1337,-35.10102844238281
1769763181.8861256,1338,-35.93379592895508
1769763182.725341,1339,-34.78379440307617
1769763183.5684657,1340,-33.937198638916016
1769763184.3370645,1341,-35.930274963378906
1769763186.1588807,1342,-36.249698638916016
1769763186.345758,1343,-33.10724639892578
1769763186.827451,1344,-33.8226318359375
1769763189.3851998,1345,-36.344791412353516
1769763190.791551,1346,-34.5201416015625
1769763192.8735569,1347,-34.811241149902344
1769763192.998164,1348,-40.612300872802734
1769763195.8881943,1349,-34.8924560546875
1769763196.8369308,1350,-34.928794860839844
1769763199.084633,1351,-36.12152099609375
1769763199.208622,1352,-38.83694076538086
1769763200.272416,1353,-35.67091369628906
1769763202.32293,1354,-34.84059143066406
1769763203.3369365,1355,-34.489585876464844
1769763204.645691,1356,-34.361759185791016
1769763206.3509417,1357,-35.82244873046875
1769763207.7200208,1358,-34.7082405090332
1769763208.3799813,1359,-34.98373031616211
1769763210.2806067,1360,-33.63043212890625
1769763213.1619313,1361,-35.58894348144531
1769763215.8269324,1362,-35.28288650512695
1769763217.131058,1363,-33.7811164855957
1769763217.2538238,1364,-39.04586410522461
1769763218.028146,1365,-36.13313293457031
1769763221.3303075,1366,-35.32667541503906
1769763223.2213092,1367,-37.8602180480957
1769763224.106716,1368,-35.88353729248047
1769763225.4114382,1369,-34.52113342285156
1769763225.8922973,1370,-35.53660202026367
1769763229.6446862,1371,-36.45866012573242
1769763230.768688,1372,-35.87315368652344
1769763233.0214808,1373,-34.6202278137207
1769763233.49335,1374,-35.652259826660156
1769763235.2472503,1375,-35.07027816772461
1769763240.0165412,1376,-35.89472961425781
1769763240.8330927,1377,-36.65425491333008
1769763242.9074163,1378,-35.44500732421875
1769763243.2088401,1379,-36.49165344238281
1769763243.5048666,1380,-34.96321105957031
1769763244.3403692,1381,-34.56485366821289
1769763244.4609964,1382,-36.42022705078125
1769763246.6950853,1383,-36.313568115234375
1769763248.5314717,1384,-36.80757141113281
1769763249.3605552,1385,-36.968780517578125
1769763249.4807348,1386,-35.90948486328125
1769763250.1929395,1387,-36.50297164916992
1769763250.7383275,1388,-37.42050552368164
1769763251.700973,1389,-37.609092712402344
1769763254.3370075,1390,-36.68162155151367
1769763255.3623016,1391,-36.78169250488281
1769763256.7355275,1392,-36.63282012939453
1769763261.3486757,1393,-37.10890197753906
1769763261.939099,1394,-36.458465576171875
1769763263.369058,1395,-37.18359375
1769763267.943184,1396,-36.99087905883789
1769763268.2994754,1397,-35.43000411987305
1769763269.9049728,1398,-36.12900161743164
1769763271.7471416,1399,-37.180946350097656
1769763272.939874,1400,-36.93729019165039
1769763275.9048913,1401,-36.107852935791016
1769763276.3291242,1402,-39.26261901855469
1769763277.5847306,1403,-35.916500091552734
1769763278.5988395,1404,-37.56208419799805
1769763280.1429572,1405,-37.42898941040039
1769763281.150785,1406,-38.693904876708984
1769763282.40123,1407,-36.18287658691406
1769763284.933525,1408,-37.480892181396484
1769763285.4162424,1409,-38.29131317138672
1769763285.5423112,1410,-37.83480453491211
1769763287.386722,1411,-37.72941970825195
1769763288.5177116,1412,-38.080623626708984
1769763289.5367107,1413,-37.69095230102539
1769763290.1436353,1414,-36.95479202270508
1769763292.1924036,1415,-38.029258728027344
1769763293.8405383,1416,-37.37541961669922
1769763296.2845933,1417,-38.77953338623047
1769763297.9400158,1418,-37.56147766113281
1769763299.1211343,1419,-36.81032180786133
1769763300.7489986,1420,-38.928565979003906
1769763301.4731994,1421,-39.0960578918457
1769763303.4969952,1422,-38.13786315917969
1769763306.5434098,1423,-38.16596984863281
1769763307.6859221,1424,-39.28409194946289
1769763308.2949193,1425,-37.19752883911133
1769763310.6241987,1426,-38.08232116699219
1769763312.064786,1427,-39.19755172729492
1769763313.7791944,1428,-38.104515075683594
1769763315.4249263,1429,-37.236061096191406
1769763317.2748199,1430,-38.077117919921875
1769763318.1758664,1431,-39.748329162597656
1769763319.4824615,1432,-38.908992767333984
1769763320.4180117,1433,-38.70564270019531
1769763321.3312995,1434,-39.08966064453125
1769763322.2822814,1435,-39.1933708190918
1769763324.591265,1436,-37.7926139831543
1769763327.2616858,1437,-39.13294219970703
1769763327.9231544,1438,-38.637813568115234
1769763328.2888277,1439,-37.42816925048828
1769763330.8059266,1440,-38.903629302978516
1769763331.822562,1441,-40.36344909667969
1769763332.3000238,1442,-38.40729904174805
1769763332.781918,1443,-39.54403305053711
1769763335.3698504,1444,-38.20954132080078
1769763335.9731529,1445,-40.30595016479492
1769763337.3485472,1446,-39.1220703125
1769763338.8301606,1447,-40.88250732421875
1769763340.2341235,1448,-38.00216293334961
1769763341.360336,1449,-38.2297248840332
1769763342.8432732,1450,-39.24696350097656
1769763343.323638,1451,-39.120723724365234
1769763345.161112,1452,-39.849971771240234
1769763346.912216,1453,-39.954315185546875
1769763348.104404,1454,-39.20133972167969
1769763348.3484197,1455,-35.92393112182617
1769763349.0646477,1456,-40.3354377746582
1769763350.3555858,1457,-40.11855697631836
1769763352.0826154,1458,-39.4519157409668
1769763360.435616,1459,-40.137847900390625
1769763362.022837,1460,-38.79939270019531
1769763362.4405956,1461,-38.49558639526367
1769763363.031547,1462,-38.895263671875
1769763363.8036783,1463,-43.479488372802734
1769763365.7809918,1464,-39.39202880859375
1769763366.2568977,1465,-43.31863021850586
1769763368.322196,1466,-39.10392761230469
1769763369.2865689,1467,-41.010711669921875
1769763369.4095871,1468,-44.4899787902832
1769763370.3094997,1469,-40.354087829589844
1769763371.6038103,1470,-39.48262405395508
1769763372.5081673,1471,-39.83976745605469
1769763374.5916526,1472,-40.70062255859375
1769763375.5885653,1473,-40.14226150512695
1769763376.899976,1474,-40.70529556274414
1769763379.5903344,1475,-41.136940002441406
1769763380.9026213,1476,-40.327293395996094
1769763381.27583,1477,-39.507442474365234
1769763384.6570485,1478,-40.27417755126953
1769763385.1365604,1479,-40.8126220703125
1769763386.0612178,1480,-39.89670944213867
1769763386.8917186,1481,-40.54001998901367
1769763387.9669712,1482,-40.00599670410156
1769763389.3930027,1483,-40.64401626586914
1769763389.7593868,1484,-39.46305465698242
1769763390.5287342,1485,-41.3477668762207
1769763391.9838896,1486,-39.4764518737793
1769763392.4051938,1487,-41.08723449707031
1769763393.8931549,1488,-40.312767028808594
1769763395.1403315,1489,-40.869537353515625
1769763396.1555855,1490,-41.18375015258789
1769763396.316939,1491,-38.83293533325195
1769763397.0940444,1492,-38.28615188598633
1769763397.2176385,1493,-44.603450775146484
1769763398.1132333,1494,-40.79871368408203
1769763399.6607153,1495,-40.681068420410156
1769763400.256938,1496,-42.281593322753906
1769763400.6819096,1497,-39.56366729736328
1769763400.930129,1498,-33.19395065307617
1769763402.883171,1499,-41.19110107421875
1769763404.5478685,1500,-41.20549392700195
1769763404.9161556,1501,-41.93857955932617
1769763409.7348754,1502,-40.993160247802734
1769763411.8081589,1503,-41.276424407958984
1769763412.9014535,1504,-41.41961669921875
1769763414.7685645,1505,-39.95958709716797
1769763415.1917408,1506,-41.114227294921875
1769763417.8117383,1507,-40.10184860229492
1769763419.538002,1508,-40.52984619140625
1769763420.0162961,1509,-40.62635803222656
1769763420.4954445,1510,-39.836708068847656
1769763423.3914604,1511,-41.7611198425293
1769763428.3332367,1512,-41.57170867919922
1769763429.2219293,1513,-40.94076156616211
1769763430.0520067,1514,-41.681396484375
1769763433.7549121,1515,-41.0747184753418
1769763433.8840759,1516,-41.84871292114258
1769763436.8026977,1517,-41.84790802001953
1769763437.7014205,1518,-42.943214416503906
1769763438.4753704,1519,-39.97598648071289
1769763438.5972214,1520,-42.029571533203125
1769763440.3266413,1521,-41.81769561767578
1769763440.6853075,1522,-38.576324462890625
1769763441.6377094,1523,-41.222286224365234
1769763444.6223202,1524,-41.87836837768555
1769763446.8268142,1525,-42.77625274658203
1769763447.7206023,1526,-41.18046188354492
1769763451.8413537,1527,-42.03148651123047
1769763451.9694118,1528,-44.833377838134766
1769763453.7636251,1529,-42.55888366699219
1769763454.1238072,1530,-41.45783233642578
1769763455.551548,1531,-41.34923553466797
1769763457.439997,1532,-41.6886100769043
1769763458.2724915,1533,-41.57167434692383
1769763459.1030982,1534,-40.997108459472656
1769763460.654989,1535,-42.64517593383789
1769763463.0243075,1536,-42.552677154541016
1769763463.3311322,1537,-43.430091857910156
1769763465.011308,1538,-42.11481475830078
1769763465.9073577,1539,-42.23750305175781
1769763466.2732153,1540,-43.04865264892578
1769763468.0526185,1541,-43.050148010253906
1769763468.467864,1542,-44.728206634521484
1769763471.003928,1543,-42.68589782714844
1769763471.7188375,1544,-44.198768615722656
1769763472.5527031,1545,-41.9498405456543
1769763474.1214244,1546,-41.93465805053711
1769763478.0846605,1547,-42.23344802856445
1769763480.9961202,1548,-42.85502624511719
1769763482.9481454,1549,-41.92902374267578
1769763485.0946972,1550,-42.20245361328125
1769763485.2170157,1551,-42.867095947265625
1769763486.052959,1552,-42.183013916015625
1769763488.1391766,1553,-42.29298400878906
1769763488.2636812,1554,-45.62133026123047
1769763490.1315181,1555,-42.3354377746582
1769763490.5777414,1556,-42.844295501708984
1769763493.0057478,1557,-42.534996032714844
1769763493.1871753,1558,-43.936912536621094
1769763495.4385667,1559,-42.83526611328125
1769763496.6716185,1560,-43.027896881103516
1769763497.2052135,1561,-45.08028793334961
1769763498.761506,1562,-43.75800323486328
1769763499.12456,1563,-40.932472229003906
1769763501.1950216,1564,-43.390316009521484
1769763502.0894132,1565,-41.2057991027832
1769763502.3852868,1566,-42.574005126953125
1769763505.0052996,1567,-43.45065689086914
1769763505.6993747,1568,-42.37980651855469
1769763506.6606874,1569,-41.82099914550781
1769763507.4314878,1570,-42.897613525390625
1769763507.5548155,1571,-44.291969299316406
1769763508.7436676,1572,-43.976524353027344
1769763511.0485394,1573,-42.615577697753906
1769763511.9687648,1574,-41.94789505004883
1769763515.6746972,1575,-43.516231536865234
1769763516.0967069,1576,-41.335609436035156
1769763516.688389,1577,-45.56140899658203
1769763517.7030473,1578,-43.810096740722656
1769763518.1208453,1579,-43.264366149902344
1769763522.4005475,1580,-43.678733825683594
1769763523.7702272,1581,-44.7883186340332
1769763525.5434773,1582,-44.06016540527344
1769763527.7205226,1583,-44.38858413696289
1769763530.5240796,1584,-44.80075454711914
1769763530.686988,1585,-42.32863235473633
1769763532.7058604,1586,-45.53805923461914
1769763533.779577,1587,-42.77894592285156
1769763536.9382715,1588,-44.2651481628418
1769763537.4203193,1589,-42.21287155151367
1769763538.9693766,1590,-45.555843353271484
1769763539.3819382,1591,-42.05997085571289
1769763541.0589905,1592,-42.421871185302734
1769763542.7390952,1593,-44.959903717041016
1769763544.4184687,1594,-44.02021408081055
1769763545.197372,1595,-44.284706115722656
1769763547.277784,1596,-44.669891357421875
1769763548.172898,1597,-44.118839263916016
1769763551.0558777,1598,-44.23287582397461
1769763553.9721549,1599,-44.588069915771484
1769763555.0380075,1600,-46.03096389770508
1769763555.556238,1601,-46.267208099365234
1769763557.2815711,1602,-43.3046989440918
1769763557.406227,1603,-41.38438415527344
1769763557.938419,1604,-44.266563415527344
1769763559.2402983,1605,-46.454368591308594
1769763559.655941,1606,-46.577606201171875
1769763561.684293,1607,-44.80031967163086
1769763562.4116402,1608,-45.61677932739258
1769763563.6693766,1609,-44.85284423828125
1769763566.3215394,1610,-44.319149017333984
1769763567.9947438,1611,-45.1248779296875
1769763569.7367136,1612,-45.6045036315918
1769763570.9740613,1613,-44.861846923828125
1769763572.112799,1614,-44.97674560546875
1769763574.0187576,1615,-45.673797607421875
1769763575.4246092,1616,-44.575599670410156
1769763576.548618,1617,-43.83061599731445
1769763577.9780312,1618,-46.68393325805664
1769763580.672475,1619,-45.68589782714844
1769763583.552143,1620,-45.64910125732422
1769763584.3871448,1621,-44.46908187866211
1769763586.0137298,1622,-46.209266662597656
1769763587.3689656,1623,-45.60353469848633
1769763589.0226264,1624,-46.85414123535156
1769763589.9091089,1625,-45.426090240478516
1769763590.3239477,1626,-49.300621032714844
1769763590.481786,1627,-46.10007858276367
1769763592.3687956,1628,-46.95330810546875
1769763593.3815258,1629,-46.77377700805664
1769763594.1530123,1630,-46.753353118896484
1769763595.046081,1631,-47.870018005371094
1769763597.0776427,1632,-45.36308670043945
1769763599.1538916,1633,-45.89606475830078
1769763599.9312103,1634,-46.86991882324219
1769763602.0531402,1635,-45.706886291503906
1769763602.9523726,1636,-47.14411163330078
1769763605.6104882,1637,-45.63717269897461
1769763607.5060518,1638,-45.741878509521484
1769763607.8576796,1639,-47.928218841552734
1769763609.4128797,1640,-46.80072021484375
1769763611.5641744,1641,-45.54439926147461
1769763613.2352228,1642,-45.75547409057617
1769763614.1328828,1643,-48.51842498779297
1769763615.2097378,1644,-47.003353118896484
1769763616.338773,1645,-46.676517486572266
1769763617.4182518,1646,-46.9363899230957
1769763618.4844563,1647,-47.04198455810547
1769763619.3726494,1648,-46.07200241088867
1769763620.443177,1649,-45.46146011352539
1769763621.283704,1650,-47.78657531738281
1769763621.9981165,1651,-48.15879440307617
1769763624.6187325,1652,-47.3454475402832
1769763626.2834651,1653,-46.855934143066406
1769763627.0661588,1654,-46.169952392578125
1769763627.607356,1655,-45.46291732788086
1769763630.2989628,1656,-46.46003341674805
1769763632.1568153,1657,-47.213016510009766
1769763634.8834198,1658,-48.01992416381836
1769763636.9054544,1659,-47.629188537597656
1769763638.6401775,1660,-47.041324615478516
1769763639.4243178,1661,-47.7309684753418
1769763641.0986938,1662,-46.41402053833008
1769763648.0606508,1663,-47.905941009521484
1769763651.9735065,1664,-47.747100830078125
1769763654.152056,1665,-48.361572265625
1769763654.7516127,1666,-46.959224700927734
1769763655.6483283,1667,-46.91759490966797
1769763656.4888182,1668,-47.666236877441406
1769763656.974611,1669,-46.43305206298828
1769763658.7053394,1670,-46.74408721923828
1769763661.4727848,1671,-47.6668815612793
1769763661.8309672,1672,-47.813148498535156
1769763663.195033,1673,-47.273712158203125
1769763663.5589387,1674,-47.18301773071289
1769763664.5771272,1675,-48.61025619506836
1769763664.756691,1676,-51.90027618408203
1769763665.599357,1677,-46.76838302612305
1769763666.1324244,1678,-48.32399368286133
1769763668.6390233,1679,-47.9001579284668
1769763670.2019565,1680,-48.35011672973633
1769763671.3385568,1681,-48.3129768371582
1769763672.7659185,1682,-46.98625564575195
1769763679.980958,1683,-48.51420593261719
1769763681.5203438,1684,-48.17387771606445
1769763681.6426263,1685,-48.39743423461914
1769763683.2455065,1686,-48.91524887084961
1769763687.147696,1687,-47.87099075317383
1769763687.271419,1688,-45.41255569458008
1769763688.276734,1689,-48.17544937133789
1769763689.2334247,1690,-47.594398498535156
1769763689.5996053,1691,-49.04775619506836
1769763690.4326203,1692,-47.738258361816406
1769763690.8287416,1693,-48.88740539550781
1769763692.1479237,1694,-48.40878677368164
1769763692.3915615,1695,-49.48461151123047
1769763693.3488586,1696,-49.45198440551758
1769763695.312834,1697,-48.639217376708984
1769763696.3105264,1698,-48.452301025390625
1769763700.4916108,1699,-49.17363739013672
1769763701.960677,1700,-49.00049591064453
1769763702.319325,1701,-46.92450714111328
1769763703.6953475,1702,-49.18840026855469
1769763703.8762164,1703,-45.88312911987305
1769763704.8826284,1704,-50.336952209472656
1769763706.8305838,1705,-48.369712829589844
1769763708.6224847,1706,-49.47428894042969
1769763711.4588368,1707,-48.76140594482422
1769763712.2936223,1708,-47.25077819824219
1769763714.4341593,1709,-48.386356353759766
1769763715.5669904,1710,-49.50653076171875
1769763717.1219282,1711,-48.69547653198242
1769763719.3317823,1712,-48.1672248840332
1769763721.5554821,1713,-49.928367614746094
1769763723.0462081,1714,-49.01609420776367
1769763723.9974604,1715,-48.69472885131836
1769763724.542421,1716,-48.66263198852539
1769763726.2519448,1717,-50.169952392578125
1769763728.8664281,1718,-50.05895233154297
1769763730.355085,1719,-49.65513610839844
1769763731.4136033,1720,-48.906986236572266
1769763733.5003304,1721,-48.78015899658203
1769763735.1155818,1722,-49.22480392456055
1769763736.0276723,1723,-48.710792541503906
1769763736.431795,1724,-51.442867279052734
1769763739.1420012,1725,-49.045555114746094
1769763740.2839303,1726,-50.449607849121094
1769763742.6563642,1727,-48.69049835205078
1769763743.5655649,1728,-49.58380889892578
1769763744.8151226,1729,-50.40776062011719
1769763747.7934647,1730,-49.67500686645508
1769763748.2656217,1731,-49.99448013305664
1769763748.6786218,1732,-48.493797302246094
1769763749.2679312,1733,-49.9557991027832
1769763749.97958,1734,-49.236717224121094
1769763752.8919575,1735,-49.79248809814453
1769763754.8008158,1736,-49.95869064331055
1769763754.9236362,1737,-51.902156829833984
1769763756.103492,1738,-49.9925537109375
1769763757.2035666,1739,-51.02656936645508
1769763759.08408,1740,-50.346839904785156
1769763759.327986,1741,-54.06057357788086
1769763760.634877,1742,-51.69189453125
1769763762.2022502,1743,-50.69118118286133
1769763764.9549456,1744,-50.59465026855469
1769763768.4889057,1745,-49.968048095703125
1769763768.613558,1746,-57.223995208740234
1769763769.5098665,1747,-49.79923629760742
1769763771.233921,1748,-51.629886627197266
1769763772.168136,1749,-51.25666427612305
1769763773.360171,1750,-50.64392852783203
1769763775.3371162,1751,-50.29241943359375
1769763776.3590136,1752,-49.927040100097656
1769763776.6563444,1753,-50.92305374145508
1769763779.521461,1754,-51.026268005371094
1769763781.092993,1755,-50.58841323852539
1769763783.6231797,1756,-51.41661071777344
1769763784.7551458,1757,-50.042755126953125
1769763784.8793504,1758,-47.76030349731445
1769763787.3006442,1759,-50.264217376708984
1769763788.9031937,1760,-52.282039642333984
1769763790.0964944,1761,-51.71829605102539
1769763790.971002,1762,-51.41205596923828
1769763791.8137252,1763,-51.69908142089844
1769763792.0547445,1764,-50.32759094238281
1769763794.3735008,1765,-51.79783248901367
1769763796.2622797,1766,-50.78908920288086
1769763797.2821357,1767,-50.39550018310547
1769763798.4340332,1768,-51.823970794677734
1769763798.5612917,1769,-51.93203353881836
1769763799.6921723,1770,-51.43894577026367
1769763806.5576146,1771,-50.77547836303711
1769763807.6054347,1772,-51.489036560058594
1769763810.9494963,1773,-51.48612594604492
1769763813.0070243,1774,-51.79927444458008
1769763813.7241604,1775,-51.835384368896484
1769763814.094862,1776,-51.11363220214844
1769763814.217137,1777,-48.541011810302734
1769763815.10642,1778,-49.70854568481445
1769763815.646228,1779,-51.655609130859375
1769763816.7815857,1780,-50.80012893676758
1769763819.0347998,1781,-52.59950637817383
1769763820.5273283,1782,-50.693450927734375
1769763822.4742985,1783,-52.04848861694336
1769763823.1865964,1784,-51.89118576049805
1769763823.307448,1785,-58.08303451538086
1769763824.0831664,1786,-51.346107482910156
1769763824.3268206,1787,-51.499366760253906
1769763825.1606207,1788,-50.35564422607422
1769763827.2838953,1789,-51.6723518371582
1769763828.46977,1790,-51.67928695678711
1769763831.2818522,1791,-52.320579528808594
1769763834.0692856,1792,-51.925113677978516
1769763835.1503966,1793,-50.2931022644043
1769763835.2732975,1794,-50.533199310302734
1769763836.713314,1795,-51.13957977294922
1769763838.0314302,1796,-52.36129379272461
1769763839.8125796,1797,-52.003231048583984
1769763841.445694,1798,-51.0785026550293
1769763842.1655335,1799,-53.81465530395508
1769763842.937589,1800,-51.4900016784668
1769763845.600467,1801,-52.03557205200195
1769763847.2011626,1802,-52.24158477783203
1769763848.6250489,1803,-52.3188362121582
1769763848.7470784,1804,-54.65667724609375
1769763850.1709158,1805,-53.012962341308594
1769763851.8353586,1806,-54.55266571044922
1769763853.5073445,1807,-53.14885330200195
1769763856.590587,1808,-52.651573181152344
1769763858.589929,1809,-52.5324592590332
1769763860.420579,1810,-52.84352493286133
1769763861.083166,1811,-52.55064010620117
1769763862.2116368,1812,-52.830406188964844
1769763863.560807,1813,-51.79240798950195
1769763867.365008,1814,-52.74555206298828
1769763867.6064003,1815,-56.48802185058594
1769763869.7884846,1816,-52.12165832519531
1769763870.8555562,1817,-53.37187194824219
1769763872.51979,1818,-54.16413116455078
1769763872.9413989,1819,-55.490596771240234
1769763873.9628,1820,-52.78229522705078
1769763875.3334646,1821,-52.03544616699219
1769763875.8152027,1822,-56.27082061767578
1769763876.6594167,1823,-53.15507507324219
1769763877.442533,1824,-50.45227813720703
1769763878.5101464,1825,-54.25753402709961
1769763879.80677,1826,-52.368003845214844
1769763879.932548,1827,-50.48435592651367
1769763880.6433506,1828,-54.47484588623047
1769763881.882279,1829,-52.57284164428711
1769763884.496291,1830,-53.1169319152832
1769763884.9239728,1831,-53.27576446533203
1769763886.949779,1832,-53.20508575439453
1769763888.1965592,1833,-53.345672607421875
1769763888.616452,1834,-53.61228561401367
1769763889.2211661,1835,-52.33038330078125
1769763889.6172771,1836,-52.0379638671875
1769763890.8770928,1837,-52.55835723876953
1769763891.951141,1838,-52.2694206237793
1769763893.0942822,1839,-53.3416862487793
1769763893.7470057,1840,-51.88322830200195
1769763897.296549,1841,-54.72096633911133
1769763899.2134693,1842,-54.401878356933594
1769763899.8097615,1843,-54.52278518676758
1769763900.6219103,1844,-53.650047302246094
1769763901.6331718,1845,-51.79606246948242
1769763902.1143734,1846,-54.511966705322266
1769763903.0778036,1847,-52.759559631347656
1769763903.972096,1848,-52.319332122802734
1769763905.4918094,1849,-53.094295501708984
1769763906.859504,1850,-53.22690963745117
1769763907.6989253,1851,-55.36444854736328
1769763908.1158667,1852,-52.14636993408203
1769763909.534515,1853,-52.79566192626953
1769763909.9503922,1854,-54.74883270263672
1769763910.5237694,1855,-54.009864807128906
1769763912.0072217,1856,-54.17424774169922
1769763912.1287599,1857,-57.09486770629883
1769763912.897215,1858,-55.23609161376953
1769763914.2011013,1859,-53.58322525024414
1769763915.6181111,1860,-54.63711929321289
1769763916.6922708,1861,-52.99283218383789
1769763917.1084678,1862,-54.29058837890625
1769763921.7862384,1863,-54.78477096557617
1769763922.2698514,1864,-53.955055236816406
1769763923.17316,1865,-56.22808837890625
1769763923.5953567,1866,-54.36150360107422
1769763924.7817895,1867,-55.36626434326172
1769763926.4140725,1868,-55.6916389465332
1769763927.068678,1869,-56.39692306518555
1769763928.8540483,1870,-54.783016204833984
1769763932.2104323,1871,-54.61186981201172
1769763936.9767292,1872,-54.173892974853516
1769763937.5240135,1873,-53.142974853515625
1769763940.033725,1874,-53.94634246826172
1769763941.6465216,1875,-54.19206237792969
1769763942.002368,1876,-51.625732421875
1769763943.2064955,1877,-54.7740592956543
1769763944.5277877,1878,-56.3971061706543
1769763944.9490163,1879,-52.49967956542969
1769763948.011678,1880,-54.66212463378906
1769763948.6683097,1881,-53.9857177734375
1769763949.0900905,1882,-54.35988998413086
1769763950.5707784,1883,-54.58561706542969
1769763951.0195847,1884,-56.03186798095703
1769763951.4329047,1885,-57.7718620300293
1769763957.3800852,1886,-55.020198822021484
1769763957.8008091,1887,-55.338497161865234
1769763958.5658305,1888,-55.272850036621094
1769763960.1051896,1889,-55.37862777709961
1769763961.5050614,1890,-55.716064453125
1769763962.8772137,1891,-55.935630798339844
1769763963.8233783,1892,-54.95656204223633
1769763965.4171646,1893,-54.315277099609375
1769763965.5389066,1894,-54.8828010559082
1769763966.4949572,1895,-53.72484588623047
1769763967.3750262,1896,-55.032440185546875
1769763967.7910888,1897,-56.50796127319336
1769763968.8112998,1898,-53.95148849487305
1769763971.1543941,1899,-55.85615158081055
1769763971.4609795,1900,-53.155696868896484
1769763972.3922484,1901,-55.09820556640625
1769763973.1705747,1902,-55.49397277832031
1769763974.427965,1903,-56.013545989990234
1769763974.5567536,1904,-55.71957015991211
1769763975.0410364,1905,-52.972293853759766
1769763976.1706958,1906,-55.4069938659668
1769763976.6471763,1907,-56.312957763671875
1769763978.9756982,1908,-55.53830337524414
1769763979.3426816,1909,-54.52619171142578
1769763981.0755148,1910,-55.94432830810547
1769763982.956737,1911,-57.751861572265625
1769763983.4356408,1912,-56.1361198425293
1769763984.5754626,1913,-56.92239761352539
1769763985.8858562,1914,-55.757713317871094
1769763988.7066061,1915,-55.9320182800293
1769763990.0678954,1916,-54.848934173583984
1769763990.4316287,1917,-54.27602767944336
1769763993.1890647,1918,-56.25109100341797
1769764003.2739382,1919,-53.7299919128418
1769764003.9315755,1920,-53.66257858276367
1769764005.2957177,1921,-55.80548858642578
1769764006.5948317,1922,-57.13984298706055
1769764007.6378176,1923,-55.528926849365234
1769764009.1825714,1924,-55.973777770996094
1769764009.6041005,1925,-55.72663879394531
1769764010.9898493,1926,-56.99005889892578
1769764011.11365,1927,-53.6519889831543
1769764011.5963926,1928,-54.556373596191406
1769764014.3731828,1929,-55.78396224975586
1769764015.987655,1930,-56.46104431152344
1769764016.9375393,1931,-55.50529098510742
1769764019.6218667,1932,-55.454193115234375
1769764020.6110408,1933,-56.181453704833984
1769764021.7432775,1934,-55.59451675415039
1769764022.1582391,1935,-54.88691711425781
1769764022.7559264,1936,-56.73722457885742
1769764024.3567014,1937,-57.470123291015625
1769764024.7159054,1938,-58.24347686767578
1769764026.0663898,1939,-56.61259078979492
1769764027.792096,1940,-55.72230911254883
1769764028.2699895,1941,-56.58131790161133
1769764029.6381683,1942,-56.18857955932617
1769764029.936648,1943,-54.6549186706543
1769764030.472505,1944,-56.22757339477539
1769764032.9730349,1945,-56.06132507324219
1769764036.4765635,1946,-56.10270309448242
1769764041.3276615,1947,-56.325469970703125
1769764041.4529703,1948,-60.988037109375
1769764042.173495,1949,-58.03871536254883
1769764043.3339984,1950,-55.48722839355469
1769764043.6908157,1951,-57.763038635253906
1769764044.941795,1952,-56.71342086791992
1769764045.5961173,1953,-55.8570442199707
1769764050.2715888,1954,-55.687721252441406
1769764050.5260863,1955,-58.265464782714844
1769764052.3196776,1956,-56.57527160644531
1769764054.4699533,1957,-57.50376510620117
1769764055.2439191,1958,-56.83321762084961
1769764057.027836,1959,-57.83710479736328
1769764057.798081,1960,-58.109031677246094
1769764057.9215138,1961,-59.58745193481445
1769764059.8776371,1962,-56.39957809448242
1769764061.3164246,1963,-56.13285446166992
1769764063.8936965,1964,-56.938472747802734
1769764064.0269947,1965,-58.7900505065918
1769764065.1200628,1966,-56.97690963745117
1769764066.3177645,1967,-58.161190032958984
1769764066.4405835,1968,-58.731136322021484
1769764066.5624845,1969,-60.2127685546875
1769764067.163834,1970,-56.426055908203125
1769764068.0689955,1971,-57.151126861572266
1769764070.3240507,1972,-56.89777755737305
1769764071.0407867,1973,-58.3280029296875
1769764071.6395621,1974,-57.01993942260742
1769764072.5380058,1975,-57.60774612426758
1769764072.964122,1976,-58.969444274902344
1769764075.0047865,1977,-56.47038269042969
1769764075.1321895,1978,-47.93817901611328
1769764076.160488,1979,-56.29611587524414
1769764077.6446688,1980,-56.56476974487305
1769764078.4796536,1981,-56.43274688720703
1769764078.6023037,1982,-64.40917205810547
1769764079.5620759,1983,-58.445526123046875
1769764080.7964673,1984,-58.06491470336914
1769764081.2747402,1985,-59.3192024230957
1769764082.2869813,1986,-56.27337646484375
1769764082.5301256,1987,-58.260765075683594
1769764082.656999,1988,-60.701087951660156
1769764083.6115332,1989,-57.52224349975586
1769764084.0327637,1990,-55.68769073486328
1769764084.8068326,1991,-58.73570251464844
1769764086.043482,1992,-57.436458587646484
1769764087.3641963,1993,-57.50040054321289
1769764088.6618705,1994,-56.962974548339844
1769764089.4896896,1995,-57.11164093017578
1769764089.9012282,1996,-55.48531723022461
1769764090.8562486,1997,-57.296451568603516
1769764091.6350338,1998,-56.70798873901367
1769764091.7570002,1999,-61.49276351928711
1769764093.2947683,2000,-57.50436782836914
1769764096.0145967,2001,-57.26327133178711
1769764096.1376708,2002,-62.75175857543945
1769764097.6133244,2003,-57.93346405029297
1769764098.2703438,2004,-56.25788497924805
1769764099.4132862,2005,-58.17464828491211
1769764100.557499,2006,-57.95991897583008
1769764102.0666716,2007,-58.00883483886719
1769764103.681219,2008,-56.975250244140625
1769764107.9546065,2009,-57.32342529296875
1769764108.385628,2010,-58.803627014160156
1769764108.8094516,2011,-59.414913177490234
1769764109.1742513,2012,-59.60364532470703
1769764111.8480444,2013,-57.396575927734375
1769764112.927149,2014,-59.187591552734375
1769764114.123996,2015,-58.79731369018555
1769764115.9516163,2016,-57.59339904785156
1769764116.8426197,2017,-57.25324630737305
1769764118.0999012,2018,-57.88239669799805
1769764118.87842,2019,-57.88794708251953
1769764120.5496907,2020,-57.92259979248047
1769764122.5065246,2021,-57.7090950012207
1769764123.5176103,2022,-57.971588134765625
1769764125.7956986,2023,-58.2015495300293
1769764128.1358855,2024,-58.520328521728516
1769764128.684976,2025,-59.91326141357422
1769764129.3430393,2026,-56.897560119628906
1769764132.0977623,2027,-58.786746978759766
1769764132.2259288,2028,-54.640472412109375
1769764134.3224688,2029,-59.13540267944336
1769764135.2171469,2030,-59.20216369628906
1769764136.3608074,2031,-57.8260383605957
1769764136.845613,2032,-55.448673248291016
1769764137.8060524,2033,-57.22232437133789
1769764138.7574797,2034,-60.98365020751953
1769764139.2943327,2035,-59.81644821166992
1769764144.5831232,2036,-58.26016616821289
1769764146.7501173,2037,-58.694435119628906
1769764147.6471453,2038,-57.4913215637207
1769764148.4844332,2039,-58.655879974365234
1769764148.9674911,2040,-59.23045349121094
1769764150.2123396,2041,-59.4547233581543
1769764151.0279102,2042,-58.83440399169922
1769764151.3918014,2043,-55.57106399536133
1769764151.9888265,2044,-58.4378547668457
1769764153.428954,2045,-59.59107208251953
1769764155.0424252,2046,-59.05646896362305
1769764156.1033888,2047,-58.868160247802734
1769764158.173373,2048,-58.596038818359375
1769764159.4291308,2049,-58.691497802734375
1769764159.9101746,2050,-59.429874420166016
1769764161.0278995,2051,-58.425697326660156
1769764162.8289707,2052,-59.777809143066406
1769764163.2497072,2053,-59.02971649169922
1769764165.9988697,2054,-58.9134635925293
1769764168.1307297,2055,-58.1654052734375
1769764168.4302218,2056,-61.428977966308594
1769764169.0852702,2057,-59.45892333984375
1769764173.712562,2058,-59.301063537597656
1769764174.9721987,2059,-58.90147018432617
1769764175.336718,2060,-61.461299896240234
1769764176.7364204,2061,-59.68606948852539
1769764177.15421,2062,-58.43770980834961
1769764178.9976866,2063,-59.57252502441406
1769764180.0106037,2064,-59.20170593261719
1769764180.134319,2065,-59.0739860534668
1769764181.423926,2066,-59.31109619140625
1769764184.4910893,2067,-59.841434478759766
1769764185.0145574,2068,-61.33384704589844
1769764185.134871,2069,-59.0649299621582
1769764186.479819,2070,-58.842041015625
1769764187.7803042,2071,-58.43837356567383
1769764191.4113364,2072,-59.487789154052734
1769764193.741017,2073,-59.81863021850586
1769764195.819635,2074,-60.83265686035156
1769764197.7385657,2075,-59.778018951416016
1769764197.862796,2076,-62.9620475769043
1769764199.5348554,2077,-60.465431213378906
1769764201.365518,2078,-59.95516586303711
1769764203.272153,2079,-58.8838005065918
1769764205.4848273,2080,-60.70641326904297
1769764208.619562,2081,-60.09754180908203
1769764209.8191876,2082,-59.82312774658203
1769764213.2350192,2083,-59.637760162353516
1769764214.3732188,2084,-58.92572784423828
1769764216.443218,2085,-60.46892166137695
1769764217.5705132,2086,-59.62113571166992
1769764217.871398,2087,-59.184173583984375
1769764219.2409816,2088,-59.93086624145508
1769764220.1363335,2089,-61.60544204711914
1769764221.7255466,2090,-60.0013313293457
1769764222.0241764,2091,-61.39997482299805
1769764225.2303104,2092,-61.24553298950195
1769764226.128745,2093,-59.2994499206543
1769764227.147861,2094,-60.96027374267578
1769764228.7994235,2095,-59.191200256347656
1769764230.406327,2096,-60.503814697265625
1769764231.1851401,2097,-59.811981201171875
1769764232.2598822,2098,-61.08553695678711
1769764233.491783,2099,-60.42963790893555
1769764234.3252625,2100,-59.923973083496094
1769764234.8016534,2101,-59.178836822509766
1769764235.6887374,2102,-59.39458465576172
1769764237.286463,2103,-59.97873306274414
1769764238.1818578,2104,-61.12379837036133
1769764242.2866302,2105,-59.839027404785156
1769764244.0511446,2106,-60.46104431152344
1769764244.233036,2107,-61.293800354003906
1769764245.247385,2108,-61.07582473754883
1769764245.7303479,2109,-59.81943893432617
1769764248.7964537,2110,-60.07518005371094
1769764249.6303415,2111,-59.24199295043945
1769764251.167344,2112,-60.59752655029297
1769764251.7668006,2113,-60.3646125793457
1769764252.067726,2114,-59.96052551269531
1769764252.8405762,2115,-62.30708312988281
1769764254.1203163,2116,-60.748268127441406
1769764254.538437,2117,-58.19557189941406
1769764255.9703343,2118,-60.561832427978516
1769764256.8034801,2119,-61.533836364746094
1769764257.3417137,2120,-59.10655975341797
1769764258.6701598,2121,-60.550926208496094
1769764259.7443974,2122,-61.44544219970703
1769764262.3218398,2123,-60.71282958984375
1769764263.400766,2124,-60.70531463623047
1769764264.1134202,2125,-60.97419357299805
1769764264.4787397,2126,-63.01899337768555
1769764265.9787261,2127,-61.466522216796875
1769764269.03004,2128,-61.14761734008789
1769764270.2281163,2129,-61.45029067993164
1769764270.657984,2130,-60.01498031616211
1769764272.6191766,2131,-60.323760986328125
1769764272.7435946,2132,-66.22003936767578
1769764273.8221123,2133,-61.0262451171875
1769764274.5383537,2134,-63.09651565551758
1769764274.8910959,2135,-59.81087112426758
1769764275.0132246,2136,-64.41452026367188
1769764275.9786108,2137,-61.15869140625
1769764277.1140697,2138,-61.4993896484375
1769764277.2991908,2139,-62.215789794921875
1769764278.195342,2140,-61.49577331542969
1769764280.1142519,2141,-62.4259033203125
1769764284.1814508,2142,-60.676666259765625
1769764286.5165706,2143,-61.4886589050293
1769764289.2247097,2144,-61.2456169128418
1769764290.9071646,2145,-62.04499435424805
1769764291.9839544,2146,-62.51403045654297
1769764294.827638,2147,-61.229488372802734
1769764297.3640404,2148,-61.7891845703125
1769764298.0114884,2149,-61.70161056518555
1769764299.0695639,2150,-61.132354736328125
1769764299.7859297,2151,-59.83997344970703
1769764301.5746355,2152,-61.885128021240234
1769764302.9922788,2153,-61.38418197631836
1769764305.4621274,2154,-62.32649612426758
1769764306.4105573,2155,-62.517181396484375
1769764306.770517,2156,-61.56242752075195
1769764309.0496,2157,-61.992835998535156
1769764309.9470227,2158,-62.35125732421875
1769764311.186302,2159,-61.44289779663086
1769764312.078523,2160,-61.374244689941406
1769764313.4458606,2161,-61.467647552490234
1769764314.895115,2162,-62.1877555847168
1769764315.2466307,2163,-62.60554885864258
1769764319.7450907,2164,-62.34247589111328
1769764328.2845523,2165,-62.52667999267578
1769764328.6497447,2166,-61.99530029296875
1769764330.6736608,2167,-62.23191833496094
1769764331.4558692,2168,-60.44609069824219
1769764331.7617893,2169,-62.01443099975586
1769764331.8863986,2170,-61.937599182128906
1769764332.0091305,2171,-54.394683837890625
1769764333.0864463,2172,-62.22615432739258
1769764333.3841324,2173,-63.04801940917969
1769764334.5985148,2174,-62.557796478271484
1769764335.9036453,2175,-62.164424896240234
1769764338.811955,2176,-62.60114288330078
1769764341.4066048,2177,-60.8398551940918
1769764342.651639,2178,-62.18836212158203
1769764344.1393054,2179,-61.2650146484375
1769764344.5661185,2180,-63.76444625854492
1769764345.5124075,2181,-60.719703674316406
1769764345.9286106,2182,-62.33994674682617
1769764348.1893752,2183,-63.06005859375
1769764350.6050365,2184,-61.88610076904297
1769764350.7873447,2185,-59.59553527832031
1769764352.7961779,2186,-61.71434020996094
1769764355.1513453,2187,-62.48649597167969
1769764355.6884828,2188,-62.381038665771484
1769764356.0520625,2189,-61.58718490600586
1769764357.8980823,2190,-63.6479606628418
1769764359.54768,2191,-62.028831481933594
1769764360.2662792,2192,-63.44281768798828
1769764360.8049197,2193,-63.692161560058594
1769764361.1655717,2194,-61.542110443115234
1769764362.0567155,2195,-62.42695236206055
1769764363.7259302,2196,-61.17985153198242
1769764364.2645686,2197,-60.72440719604492
1769764365.3225582,2198,-63.64133071899414
1769764366.5088246,2199,-63.633827209472656
1769764367.6351826,2200,-61.95361328125
1769764369.055135,2201,-63.09475326538086
1769764369.4169822,2202,-60.59474563598633
1769764372.177035,2203,-62.43464660644531
1769764373.424888,2204,-63.83259963989258
1769764374.2040484,2205,-62.5361442565918
1769764376.3999639,2206,-63.19215393066406
1769764377.8312767,2207,-62.65237808227539
1769764378.3097448,2208,-62.412742614746094
1769764379.2599235,2209,-62.56206130981445
1769764379.3875902,2210,-71.69361114501953
1769764381.13131,2211,-61.976966857910156
1769764381.2555976,2212,-56.77594757080078
1769764381.7117136,2213,-62.338111877441406
1769764382.7304513,2214,-63.38591003417969
1769764383.627418,2215,-61.202030181884766
1769764386.2619615,2216,-61.96874237060547
1769764388.2692935,2217,-63.812252044677734
1769764389.763084,2218,-61.37578582763672
1769764390.6622162,2219,-64.34323120117188
1769764391.888056,2220,-63.23353958129883
1769764396.1567178,2221,-62.57241439819336
1769764396.3973758,2222,-60.40800476074219
1769764397.7972076,2223,-62.36602020263672
1769764398.800742,2224,-63.41999816894531
1769764399.1552126,2225,-64.6655044555664
1769764400.690405,2226,-62.3699836730957
1769764402.221451,2227,-63.05622863769531
1769764402.581539,2228,-62.883392333984375
1769764403.0574188,2229,-64.14144134521484
1769764404.1915784,2230,-63.86602020263672
1769764405.0946453,2231,-63.65361022949219
1769764405.9412763,2232,-62.79798889160156
1769764406.3623345,2233,-64.55833435058594
1769764412.5058413,2234,-63.583030700683594
1769764412.9929056,2235,-61.93207931518555
1769764414.131569,2236,-64.16365814208984
1769764414.6701477,2237,-63.258243560791016
1769764414.7931302,2238,-59.1093635559082
1769764416.9018476,2239,-63.100772857666016
1769764417.0248384,2240,-65.3266830444336
1769764417.6826477,2241,-63.962642669677734
1769764418.98852,2242,-64.6089096069336
1769764419.8299696,2243,-62.83030700683594
1769764421.0237706,2244,-63.34745788574219
1769764421.6199083,2245,-62.95732879638672
1769764423.8777766,2246,-63.96644973754883
1769764424.8893752,2247,-63.83982849121094
1769764426.0243194,2248,-62.7794189453125
1769764427.1359236,2249,-62.94374084472656
1769764428.2116992,2250,-63.29606246948242
1769764430.1830554,2251,-63.89552688598633
1769764431.0781908,2252,-64.51431274414062
1769764432.1788955,2253,-64.97795104980469
1769764432.6584537,2254,-63.9942512512207
1769764434.5079222,2255,-64.9110336303711
1769764435.4015508,2256,-62.47020721435547
1769764436.6506844,2257,-62.9194450378418
1769764438.3227413,2258,-64.26171112060547
1769764444.9025564,2259,-64.33558654785156
1769764446.5620725,2260,-64.64253234863281
1769764449.0408914,2261,-64.0298843383789
1769764450.7526677,2262,-64.35690307617188
1769764453.1218174,2263,-64.0774154663086
1769764453.6143482,2264,-63.38005065917969
1769764453.7367716,2265,-64.43309783935547
1769764454.4515746,2266,-64.08992004394531
1769764456.9975872,2267,-64.06163024902344
1769764457.3584635,2268,-62.900245666503906
1769764461.034239,2269,-65.02214050292969
1769764461.9307044,2270,-65.25991821289062
1769764462.6548908,2271,-64.78942108154297
1769764463.550418,2272,-64.57462310791016
1769764465.0932407,2273,-63.915828704833984
1769764467.4210682,2274,-64.18169403076172
1769764469.9992702,2275,-64.72323608398438
1769764471.8218088,2276,-63.67573547363281
1769764476.3961203,2277,-64.29560852050781
1769764476.8210049,2278,-67.00928497314453
1769764478.0057821,2279,-63.58848190307617
1769764479.08307,2280,-64.63275146484375
1769764481.7398927,2281,-65.00068664550781
1769780598.060864,1,-0.14130723476409912
1769780623.1261225,2,-0.6281598806381226
1769780628.507109,3,-0.872486412525177
1769781303.614794,1,-0.47788751125335693
1769781316.3829339,2,-1.253482460975647
1769781324.6965191,3,-1.0872279405593872
1769781329.2513306,4,-1.1566261053085327
1769781339.9603126,5,-1.1607531309127808
1769781364.172858,6,-1.0225868225097656
1769781369.40392,7,-0.8792416453361511
1769781383.266798,8,-0.7028369307518005
1769781383.634826,9,-0.5427610278129578
1769781425.8002467,10,-0.46077343821525574
1769781449.3005652,11,1.0483356714248657
1769781449.4328558,12,1.5255613327026367
1769781464.5114205,13,1.489487886428833
1769781468.8949919,14,1.5538270473480225
1769781478.579779,15,1.4421675205230713
1769781483.1830456,16,1.5454591512680054
1769781499.1299906,17,1.600914716720581
1769781503.8663826,18,1.8229901790618896
1769781511.1307178,19,1.8797296285629272
1769781521.222694,20,2.033372640609741
1769781553.786498,21,2.6514625549316406
1769781568.9948435,22,2.7100348472595215
1769781573.7969754,23,2.7160677909851074
1769781575.260218,24,2.661844253540039
1769781608.6791253,25,2.8912570476531982
1769781683.1873186,26,2.949855089187622
1769781706.130826,27,2.7244603633880615
1769781710.3896728,28,2.826514720916748
1769781725.4260619,29,2.690211772918701
1769781733.7828512,30,2.511855125427246
1769781739.1047754,31,2.83345627784729
1769781746.53732,32,3.1239800453186035
1769781802.245545,33,3.086339235305786
1769781810.5100915,34,3.071408987045288
1769781822.1771517,35,3.353196620941162
1769781822.3651607,36,4.859555721282959
1769782062.202253,37,7.226970672607422
1769782331.8357933,38,8.240668296813965
1769782352.9142919,39,8.514137268066406
1769782356.9796603,40,8.70780086517334
1769782395.1599536,41,8.573294639587402
1769782420.8833237,42,8.68271255493164
1769782495.72135,43,9.134825706481934
1769782641.3168526,44,9.5687894821167
1769782679.4121325,45,9.542692184448242
1769782701.117598,46,9.727566719055176
1769782714.6699946,47,9.716618537902832
1769782730.4259257,48,9.710087776184082
1769782734.6533265,49,9.767755508422852
1769782804.3554037,50,9.871010780334473
1769782813.896182,51,10.156664848327637
1769782821.5890987,52,9.757856369018555
1769782855.3557818,53,10.295513153076172
1769782934.628326,54,9.383810997009277
1769782985.2385283,55,10.253579139709473
1769782993.1473482,56,10.699054718017578
1769782993.2737274,57,13.002089500427246
1769783002.5890534,58,10.552131652832031
1769783014.7018332,59,10.64323616027832
1769783031.7033622,60,10.884916305541992
1769783043.8219059,61,10.87307071685791
1769783054.8332324,62,10.931177139282227
1769783076.146773,63,10.85477066040039
1769783089.9437065,64,11.049829483032227
1769783160.7491412,65,11.254715919494629
1769783168.5943255,66,11.341657638549805
1769783168.723209,67,12.072396278381348
1769783205.3269513,68,11.341276168823242
1769783263.6981664,69,11.469688415527344
1769783265.6950324,70,11.1478271484375
1769783302.2955155,71,11.362119674682617
1769783333.6933603,72,11.251742362976074
1769783339.3104527,73,11.36266803741455
1769783469.8483207,74,11.560864448547363
1769783471.2920694,75,11.726832389831543
1769783483.9355154,76,11.825900077819824
1769783506.225086,77,11.578021049499512
1769783506.361413,78,9.634323120117188
1769783536.1482406,79,11.7282075881958
1769783574.819807,80,11.829355239868164
1769783633.1804702,81,11.65152359008789
1769783652.315304,82,11.684003829956055
1769783657.091342,83,11.791594505310059
1769783660.316694,84,11.803417205810547
1769783665.1768882,85,11.978569984436035
1769783677.779834,86,11.671588897705078
1769783690.084867,87,11.967967987060547
1769783701.4673076,88,11.971139907836914
1769783760.5713918,89,11.804815292358398
1769783780.9048615,90,11.884456634521484
1769783783.9191034,91,11.638527870178223
1769783785.3350227,92,11.645452499389648
1769783794.6740627,93,11.661474227905273
1769783811.2854238,94,11.7195463180542
1769783811.4176438,95,12.96252155303955
1769783814.064961,96,11.879290580749512
1769783820.2214174,97,11.775279998779297
1769783842.1378608,98,11.813727378845215
1769783875.7657151,99,11.8974609375
1769784672.9233544,1,-0.14232616126537323
1769784697.7208452,2,-0.39286500215530396
1769784699.1314533,3,-0.40283194184303284
1769784699.2525718,4,-0.4043489396572113
1769784704.9933457,5,-0.4549522399902344
1769784713.3720753,6,-0.5927836298942566
1769784734.4081147,7,-0.6146759390830994
1769784740.680691,8,-0.4943179190158844
1769784828.335556,9,-1.0848711729049683
1769784828.5268831,10,-1.5380667448043823
1769784832.4007633,11,-1.3086053133010864
1769784846.6559644,12,-1.2314937114715576
1769784889.5601387,13,-1.1069074869155884
1769784915.600661,14,-1.081308126449585
1769784919.4189134,15,-1.0117255449295044
1769785057.04333,16,-0.5648954510688782
1769785197.170987,17,-0.7547993063926697
1769785220.6950817,18,-0.9134411215782166
1769785234.0381486,19,-0.8755381107330322
1769785532.2863955,20,0.5456348657608032
1769785625.363744,21,0.8221626281738281
1769785628.5483358,22,1.2972465753555298
1769785654.1525362,23,0.6938348412513733
1769785793.283767,24,-0.2896960973739624
1769785986.3744595,25,-0.7157883048057556
1769786016.2701457,26,-0.5464699268341064
1769786025.4696536,27,-0.6685419678688049
1769786059.0005293,28,-0.6119320392608643
1769786079.2270916,29,-0.522243082523346
1769786096.782441,30,-0.6595370769500732
1769786112.9793248,31,-0.49031567573547363
1769786115.2343028,32,-0.582490861415863
1769786151.092436,33,-1.0291904211044312
1769786177.6980948,34,-1.9248570203781128
1769786182.109972,35,-1.1378504037857056
1769786194.0068586,36,-1.0714236497879028
1769786213.7347322,37,-1.0771139860153198
1769786220.0559523,38,-1.3022685050964355
1769786232.7390273,39,-1.4433640241622925
1769786232.868782,40,-0.19517479836940765
1769786266.0561318,41,-1.791069746017456
1769786302.8482165,42,-1.8635057210922241
1769786317.232188,43,-1.9553065299987793
1769786327.833635,44,-2.0841257572174072
1769786329.2540119,45,-2.3223912715911865
1769786329.3738616,46,-1.570631742477417
1769786338.9193273,47,-2.1347498893737793
1769786343.6203775,48,-2.0012171268463135
1769786347.0770264,49,-2.2689461708068848
1769786349.3042932,50,-2.4126620292663574
1769786355.456682,51,-2.4379308223724365
1769786358.402122,52,-2.7401063442230225
1769786366.3705113,53,-2.5818114280700684
1769786377.2226589,54,-2.3023438453674316
1769786377.3554435,55,-3.8928279876708984
1769786391.9078417,56,-2.530319929122925
1769786440.2441387,57,-3.037198543548584
1769786449.1347415,58,-3.2119226455688477
1769786449.5637813,59,-3.7250125408172607
1769786458.8929608,60,-3.0970499515533447
1769786505.0817826,61,-3.5676984786987305
1769786585.6495414,62,-3.727107286453247
1769786617.6799283,63,-3.9063491821289062
1769786638.4966247,64,-4.171914100646973
1769786683.1294646,65,-4.4136505126953125
1769786687.18779,66,-4.384952545166016
1769786691.8947895,67,-4.63851261138916
1769786693.0743644,68,-4.5850934982299805
1769786746.1277514,69,-4.728000164031982
1769786758.6122298,70,-5.279193878173828
1769786764.2324452,71,-5.354289531707764
1769786765.4604137,72,-4.639499664306641
1769786774.595245,73,-4.975339889526367
1769786792.0065417,74,-5.17656135559082
1769786793.3682003,75,-5.152587890625
1769786803.640296,76,-5.284611225128174
1769786803.7684069,77,-5.745101451873779
1769786864.0953095,78,-5.8256001472473145
1769786989.4311886,79,-6.047941207885742
1769787022.8041866,80,-6.371744632720947
1769787045.852972,81,-6.519739627838135
1769787060.9486105,82,-6.432814598083496
1769787088.0166707,83,-6.492505073547363
1769787105.7217348,84,-6.661839485168457
1769787109.0746799,85,-6.5790839195251465
1769787109.1989791,86,-7.329777717590332
1769787116.0960138,87,-6.978677272796631
1769787116.342905,88,-6.001302242279053
1769787129.7333288,89,-6.837474822998047
1769787172.4316351,90,-7.110783100128174
1769787189.8588464,91,-7.233468532562256
1769787229.5888112,92,-7.240533828735352
1769787294.9532208,93,-7.442033767700195
1769787310.9930003,94,-7.497476577758789
1769787314.6158473,95,-7.4928107261657715
1769787314.7401702,96,-7.635493755340576
1769787339.812505,97,-7.463046073913574
1769787342.185186,98,-7.3659162521362305
1769787349.1508315,99,-7.3098835945129395
1769787358.2431602,100,-7.461883068084717
1769787358.3729048,101,-11.131354331970215
1769787376.366729,102,-7.294342041015625
1769787439.4447708,103,-7.576775074005127
1769787479.6752071,104,-7.642286777496338
1769787483.6045144,105,-7.593480110168457
1769787509.6971276,106,-7.781881809234619
1769787568.5001779,107,-7.736753463745117
1769787662.1152906,108,-7.802825927734375
1769787767.5402868,109,-7.9564361572265625
1769787777.6803794,110,-7.891320705413818
1769787786.5902913,111,-7.679529190063477
1769787788.7113469,112,-7.999911785125732
1769787788.8352673,113,-7.916383266448975
1769787825.3417687,114,-7.8163652420043945
1769787825.4958806,115,-9.014735221862793
1769787856.7522254,116,-7.698214054107666
1769787856.897845,117,-8.901020050048828
1769787881.69695,118,-7.691851615905762
1769787881.8421474,119,-9.181702613830566
1769788033.0143857,120,-7.5458855628967285
1769788186.6245778,121,-7.536350250244141
1769788194.2350786,122,-7.522054672241211
1769788303.2022378,123,-7.3533806800842285
1769788305.306986,124,-7.310776710510254
1769788310.9750695,125,-7.265501499176025
1769788324.3403215,126,-7.420228004455566
1769788328.83417,127,-7.472180366516113
1769788334.6314936,128,-7.540535926818848
1769788334.7567773,129,-7.788344860076904
1769788343.588213,130,-7.552587032318115
1769788354.0798748,131,-7.39100980758667
1769788371.1521778,132,-7.233199119567871
1769788386.0109818,133,-7.372564792633057
1769788393.753767,134,-7.223686695098877
1769788516.1933026,135,-7.4124274253845215
1769788546.6453109,136,-7.4898786544799805
1769788546.7993193,137,-5.291438579559326
1769788553.0483522,138,-7.289911270141602
1769788563.6878943,139,-7.308700084686279
1769788580.1830144,140,-7.245850563049316
1769788588.3562167,141,-7.237349033355713
1769788595.761476,142,-7.15887975692749
1769788598.6753511,143,-7.141684532165527
1769788604.369266,144,-7.264136791229248
1769788617.0515034,145,-7.245797157287598
1769788643.9992943,146,-7.076441287994385
1769788726.2566264,147,-6.860090732574463
1769788727.4525406,148,-6.177735328674316
1769788731.0916736,149,-7.019802570343018
1769788760.5081644,150,-6.534923076629639
1769788863.6953828,151,-6.177462100982666
1769788926.9099238,152,-5.728918552398682
1769788951.129957,153,-5.695133686065674
1769789008.6307757,154,-5.370688438415527
1769789012.1763647,155,-5.351964950561523
1769789071.092517,156,-5.0629401206970215
1769789109.912051,157,-4.808221817016602
1769789378.3754458,158,-3.7240452766418457
1769789519.0949347,159,-2.9286866188049316
1769789550.5285354,160,-2.6407554149627686
1769789687.2889736,161,-2.7764415740966797
1769789712.448551,162,-2.5023179054260254
1769789793.2878115,163,-2.2159030437469482
1769789827.1310225,164,-2.1255972385406494
1769789830.0448596,165,-2.211825370788574
1769789849.6095736,166,-1.8377388715744019
1769789866.1324182,167,-1.6792160272598267
1769789879.476424,168,-1.6343646049499512
1769789906.139674,169,-1.5306355953216553
1769789914.8942113,170,-1.4850258827209473
1769789939.3425047,171,-1.3563096523284912
1769789952.7110856,172,-1.5043725967407227
1769789955.899271,173,-1.2327715158462524
1769790086.2132697,174,-0.6445302367210388
1769790186.0006554,175,-0.2791895270347595
1769790194.8675275,176,-0.29239991307258606
1769790227.3634546,177,-0.17275108397006989
1769790249.0611103,178,-0.10933545231819153
1769790280.4227285,179,-0.25372588634490967
1769790349.7378042,180,-0.08054568618535995
1769790360.6661468,181,-0.19421826303005219
1769790423.513043,182,0.11787836253643036
1769790432.7767582,183,0.15625682473182678
1769790451.8793073,184,0.2201075702905655
1769790453.1357,185,0.12172534316778183
1769790510.9838035,186,0.366119921207428
1769790538.8377829,187,0.5145207643508911
1769790562.742569,188,0.5259098410606384
1769790577.492758,189,0.4773302674293518
1769790598.150162,190,0.6201980113983154
1769790664.3540983,191,0.7812191247940063
1769790704.3057213,192,1.1037589311599731
1769790773.097025,193,1.2137377262115479
1769790776.8382094,194,1.6094211339950562
1769790803.701736,195,1.2184511423110962
1769790806.4982789,196,1.899224042892456
1769790889.317318,197,1.5753473043441772
1769790889.6914582,198,2.895233631134033
1769790912.7180417,199,1.6551647186279297
1769790923.8077116,200,2.0030112266540527
1769790923.9378014,201,3.1782333850860596
1769790964.8696222,202,1.918962836265564
1769790967.758381,203,2.2005560398101807
1769790978.3726823,204,1.96877121925354
1769791036.7954273,205,2.33852219581604
1769791037.1498199,206,2.674980640411377
1769791044.0833514,207,2.721276044845581
1769791053.4344754,208,2.5289995670318604
1769791056.8779185,209,2.9910175800323486
1769791143.0386908,210,2.346372365951538
1769791194.5745292,211,2.566854953765869
1769791206.470735,212,2.2776942253112793
1769791218.418901,213,2.668518304824829
1769791221.0886366,214,2.3774571418762207
1769791228.121717,215,2.674708843231201
1769791229.8630335,216,2.325922966003418
1769791243.6040428,217,2.473181962966919
1769791256.9002326,218,2.713670253753662
1769791271.856776,219,2.4988837242126465
1769791288.066134,220,2.5833704471588135
1769791353.1399572,221,2.7229175567626953
1769791359.6494572,222,2.678217887878418
1769791363.105321,223,3.01127290725708
1769791394.0392377,224,2.8700788021087646
1769791400.360225,225,3.0221927165985107
1769791412.5785532,226,3.0629830360412598
1769791418.2604735,227,2.842994213104248
1769791428.9546936,228,2.647705078125
1769791526.9361415,229,2.8388872146606445
1769791553.7652986,230,2.895585298538208
1769791556.5701694,231,3.162114143371582
1769791690.6834903,232,3.1344082355499268
1769791710.1161032,233,3.6515069007873535
1769791743.1888056,234,3.651930093765259
1769791754.908808,235,3.45932936668396
1769791756.8050413,236,3.557682514190674
1769791761.6706123,237,3.500310182571411
1769791768.1991107,238,3.5015854835510254
1769791787.153706,239,3.6071720123291016
1769791802.88767,240,3.6970388889312744
1769791803.0284197,241,2.5938377380371094
1769791875.4068718,242,4.009768962860107
1769791970.031335,243,3.9316840171813965
1769791974.3962848,244,4.070614814758301
1769791987.0998657,245,3.897127866744995
1769791993.8298578,246,3.764749765396118
1769792029.3157141,247,4.371832370758057
1769792046.3004458,248,4.408018589019775
1769792117.3363078,249,4.573756694793701
1769792124.6903372,250,4.836972713470459
1769792167.254412,251,4.87912130355835
1769792172.3264506,252,4.68332576751709
1769792172.4488533,253,2.834296464920044
1769792190.7706125,254,4.885495662689209
1769792249.9152458,255,5.092409610748291
1769792388.504389,256,5.40477180480957
1769792404.8460047,257,5.228572368621826
1769792438.145038,258,5.595585346221924
1769792441.6621647,259,6.040645122528076
1769792706.0937052,260,6.404114723205566
1769828431.2059608,1,-0.49193787574768066
1769828471.359083,2,-0.7288808226585388
1769828471.505266,3,-1.246588945388794
1769828481.9165308,4,-0.7496086955070496
1769828482.043154,5,-0.7888794541358948
1769828489.5603669,6,-1.089018702507019
1769828498.7668107,7,-1.1508444547653198
1769829010.292547,1,-0.114271380007267
1769829017.2354581,2,-0.4357149600982666
1769829041.0265388,3,-0.8132105469703674
1769829060.8175726,4,-1.2402065992355347
1769829319.33225,1,-0.11489839851856232
1769829326.3698368,2,-0.24076199531555176
1769829329.7328353,3,-0.13398978114128113
1769829332.2876058,4,-0.14486056566238403
1769829338.0873308,5,-0.6087714433670044
1769829340.0391529,6,-0.8011937141418457
1769829346.9905372,7,-1.327683925628662
1769829359.278388,8,-1.8826756477355957
1769829359.4097047,9,-2.2487146854400635
1769829369.077596,10,-1.7230331897735596
1769829388.0872054,11,-2.3347878456115723
1769844656.6541069,1,-0.11446413397789001
1769844663.7396207,2,-0.24129065871238708
1769844664.585171,3,-0.35610175132751465
1769844668.1952565,4,-0.42138954997062683
1769844672.8893726,5,-0.5052608847618103
1769844676.818094,6,-0.5137660503387451
1769844678.6365566,7,-0.5885173082351685
1769849468.810104,1,-0.11649159342050552
1769849475.8844995,2,-0.26171839237213135
1769849478.8642364,3,-0.3965899348258972
1769849484.3290868,4,-0.47978970408439636
1769849487.8817706,5,-0.669545590877533
1769849718.2176461,1,-0.10528995841741562
1769849725.1839871,2,-0.3648407757282257
1769849731.1012495,3,-1.0575928688049316
1769849734.763763,4,-1.7486125230789185
1769849743.7720842,5,-2.618813991546631
1769849829.2569375,6,-4.107100963592529
1769849875.502528,7,-4.6073174476623535
1769849878.3952243,8,-4.346260070800781
1769849903.2887683,9,-3.9295599460601807
1769853109.1425772,1,-0.11837919056415558
1769853116.065526,2,-0.4381427466869354
1769853139.0036356,3,-0.9239434599876404
1769853164.6421793,4,-1.285270094871521
1769853169.3749294,5,-1.1606274843215942
1769853200.9036682,6,-1.0852221250534058
1769854292.4844291,1,-0.1067969873547554
1769864272.2410622,1,-0.07001418620347977
1769864278.3382232,2,-0.3695119023323059
1769864309.0309124,3,-0.7069199681282043
1769864310.9743767,4,-0.7165860533714294
1769864324.0461013,5,-0.9998456835746765
1769867392.075104,1,-0.10939177870750427
1769867398.940486,2,-0.12469733506441116
1769867402.1466331,3,-0.16094158589839935
1769867405.082318,4,-0.1756286770105362
1769867408.0476654,5,-0.31740379333496094
1769867410.613832,6,-0.6475709080696106
1769867424.682676,7,-1.5018291473388672
1769867463.5220935,8,-3.280385732650757
1769867469.7463655,9,-3.679875373840332
1769867500.3640816,10,-3.327974319458008
1769867500.502179,11,-3.5046157836914062
1769946723.2019665,1,-0.10884848982095718
1769946730.1190345,2,-0.39515814185142517
1769946735.9159925,3,-1.139196515083313
1769946741.7133555,4,-2.0709168910980225
1769946747.668139,5,-2.66642689704895
1769946747.793197,6,-2.7347252368927
1769946755.549063,7,-2.879892349243164
1769946784.8976328,8,-2.8459384441375732
1769946789.0325737,9,-2.782214403152466
1769946790.8000145,10,-2.9001662731170654
1769946830.350108,11,-3.3239829540252686
1769946832.292082,12,-3.7425014972686768
1769946832.4143617,13,-4.542863368988037
1769946851.0362794,14,-3.818328857421875
1769946864.5931547,15,-4.355910301208496
1769946895.0361736,16,-4.805376052856445
1769946939.341005,17,-5.591771602630615
1769946958.3656862,18,-6.1062211990356445
1769947053.8662477,19,-6.584235191345215
1769947359.294734,20,-7.516517639160156
1769947380.5517204,21,-7.723804473876953
1769947385.2561965,22,-7.521651268005371
1769947385.8463593,23,-7.048677444458008
1769947387.7678573,24,-7.299478530883789
1769947396.5602887,25,-7.117354869842529
1769947412.1249306,26,-6.689480304718018
1769947415.4895298,27,-6.574639797210693
1769947423.2139447,28,-6.52337121963501
1769947423.4591377,29,-6.061004638671875
1769947453.5701005,30,-6.418996334075928
1769947485.1074612,31,-5.843562126159668
1769947504.2745616,32,-5.425624847412109
1769947510.894206,33,-5.2383246421813965
1769947514.8341913,34,-5.113772392272949
1769947648.1736002,35,-2.9623355865478516
1769947807.4655933,36,-1.8154442310333252
1769947840.1505327,37,-1.083976149559021
1769947843.8002517,38,-0.5041658282279968
1769947860.020064,39,-0.30396369099617004
1769947860.6847305,40,-0.6462303996086121
1769947862.853706,41,-0.43507063388824463
1769947864.6779695,42,-0.12725023925304413
1769947868.213669,43,-0.1300046741962433
1769947907.84562,44,-0.05606316402554512
1769947988.68616,45,0.9074172973632812
1769947990.6951358,46,1.3419097661972046
1769947996.8294177,47,1.8322557210922241
1769948003.9803624,48,1.3996002674102783
1769948052.2069662,49,1.802358627319336
1769948204.3617475,50,2.4312615394592285
1769948208.6204891,51,2.8110344409942627
1769948221.979878,52,2.9562013149261475
1769948229.9594672,53,3.0256104469299316
1769948280.3811562,54,3.266206979751587
1769948286.1712108,55,3.2345340251922607
1769948348.9498672,56,3.77154541015625
1769948370.6685364,57,4.209411144256592
1769948376.2941685,58,4.279618740081787
1769948383.7774327,59,4.891793251037598
1769948391.8401294,60,4.927145957946777
1769948395.968728,61,5.278048992156982
1769948407.3475628,62,4.905811309814453
1769948519.351323,63,5.092976093292236
1769948527.4758217,64,5.206029891967773
1769948534.1244903,65,5.208662509918213
1769948550.6804252,66,5.187665939331055
1769948552.3149111,67,5.7172112464904785
1769948594.460807,68,5.429287910461426
1769948603.7153907,69,5.481825351715088
1769948613.9759462,70,5.685384750366211
1769948623.611208,71,6.250655174255371
1769948648.9709456,72,6.398604393005371
1769948660.0858965,73,6.279725551605225
1769948673.8474438,74,6.606186389923096
1769948676.5154784,75,6.986666679382324
1769948679.5445762,76,7.060549736022949
1769948723.111174,77,6.689969539642334
1769948729.3061836,78,7.056483268737793
1769948779.6517096,79,6.9585676193237305
1769948783.816761,80,6.922213554382324
1769948811.895564,81,7.098810195922852
1769948907.2321143,82,6.895357131958008
1769948919.9561684,83,7.1947855949401855
1769948937.6551902,84,7.210011005401611
1769948945.1389232,85,7.174534797668457
1769948971.1047795,86,7.462692737579346
1769949017.5410278,87,7.322407245635986
1769949019.016475,88,6.954160690307617
1769949024.5251596,89,7.083306789398193
1769949081.9956412,90,7.286537170410156
1769949085.3614283,91,7.4234490394592285
1769949089.0246098,92,7.107099533081055
1769949094.425947,93,7.7062883377075195
1769949095.6947079,94,7.583691120147705
1769949101.1473029,95,7.480786323547363
1769949105.855778,96,7.830695152282715
1769949121.907137,97,7.569127082824707
1769949190.870649,98,6.701374530792236
1769949403.354344,99,6.544898986816406
1769949417.6245244,100,6.164494037628174
1769949418.0549989,101,6.338104248046875
1769949434.7575521,102,6.6998982429504395
1769949465.5844183,103,6.114487171173096
1769949478.2126448,104,6.162485599517822
1769949481.3628144,105,6.459061622619629
1769949484.1271524,106,6.634672164916992
1769949498.9772818,107,6.149364948272705
1769949547.411207,108,5.6795430183410645
1769949555.9515579,109,5.684839248657227
1769949563.300187,110,6.088558673858643
1769949578.6352952,111,5.6630964279174805
1769949581.296005,112,5.37760066986084
1769949593.6345606,113,5.212761878967285
1769949600.9240358,114,5.523323059082031
1769949619.8119023,115,5.164363384246826
1769949650.507734,116,5.556878566741943
1769949650.8886223,117,5.122165679931641
1769949663.9623716,118,5.426135540008545
1769949674.09412,119,5.556807518005371
1769949855.1839147,120,5.337393760681152
1769949861.4165761,121,5.486855983734131
1769949912.1890159,122,5.268612384796143
1769950093.4352124,123,5.457557201385498
1769950188.4834857,124,4.82308292388916
1769950409.8819246,125,4.547664642333984
1769950466.724745,126,4.825878620147705
1769950486.899725,127,4.7057390213012695
1769950505.0932593,128,4.835371971130371
1769950505.2255723,129,8.091696739196777
1769950639.4311585,130,3.7675564289093018
1769950764.6994584,131,3.5036802291870117
1769950768.9030633,132,3.8579907417297363
1769950838.8332846,133,3.1154675483703613
1769950862.8581831,134,2.727126359939575
1769950866.2146893,135,2.6876020431518555
1769950904.8044434,136,2.4796175956726074
1769950909.9870918,137,2.4684131145477295
1769950929.471107,138,2.621691942214966
1769950952.392452,139,2.4814958572387695
1769950989.6622312,140,2.551467180252075
1769950997.3768926,141,2.6404242515563965
1769950997.502119,142,6.4217987060546875
1769951005.5293453,143,2.4707372188568115
1769951020.7474675,144,2.70540452003479
1769951060.8469682,145,2.066734552383423
1769951304.9704754,146,1.9396976232528687
1769951349.2117488,147,1.39631986618042
1769951353.36127,148,1.1535102128982544
1769951361.435908,149,1.4919841289520264
1769951373.505313,150,1.6777980327606201
1769951382.9426384,151,1.553587794303894
1769951406.1752634,152,1.2285521030426025
1769951410.1408448,153,1.8226768970489502
1769951422.7075632,154,1.1912437677383423
1769951423.9505274,155,0.766028106212616
1769951465.761916,156,0.9894394278526306
1769951473.6800327,157,0.4651888310909271
1769951533.7155046,158,0.5299038290977478
1769951542.701022,159,-0.2573741376399994
1769951579.710501,160,-0.4270780384540558
1769951611.196359,161,-0.5904769897460938
1769951670.6346786,162,-0.42018526792526245
1769951705.3930457,163,-0.8359872102737427
1769951707.7516086,164,-1.5471781492233276
1769951717.3466609,165,-1.1965080499649048
1769951717.4729912,166,6.388751983642578
1769951722.4429178,167,-1.3995884656906128
1769951752.3906791,168,-1.1801494359970093
1769951773.0376434,169,-1.434101939201355
1769951774.609225,170,-1.7494672536849976
1769951812.2840266,171,-1.3940341472625732
1769951842.3216722,172,-1.9839874505996704
1769951906.491077,173,-1.9522970914840698
1769952028.9786081,174,-1.4280749559402466
1769952038.882393,175,-1.9031991958618164
1769952087.4843147,176,-2.3742330074310303
1769952142.586041,177,-2.685596227645874
1769952142.7498062,178,1.0684397220611572
1769952192.396595,179,-2.963453769683838
1769952203.5133007,180,-3.0898566246032715
1769952203.8799024,181,-4.428215980529785
1769952208.6802433,182,-2.6396358013153076
1769952292.977078,183,-2.9695851802825928
1769952398.3809826,184,-3.3181493282318115
1769952452.402608,185,-3.2170968055725098
1769952473.2275994,186,-3.626055955886841
1769952474.888986,187,-3.9400012493133545
1769952492.7647953,188,-3.7050352096557617
1769952525.1020586,189,-3.975776195526123
1769952534.6707165,190,-3.9588277339935303
1769952538.58005,191,-4.091050624847412
1769952548.5095098,192,-3.97558856010437
1769952556.6473649,193,-3.6255064010620117
1769952642.6406043,194,-4.663189888000488
1769952644.423728,195,-4.859587669372559
1769952739.8354309,196,-4.841063976287842
1769952818.5597172,197,-5.037060260772705
1769952829.3565156,198,-4.740123748779297
1769952863.084694,199,-5.324246883392334
1769952865.5504308,200,-5.157597541809082
1769952865.6728885,201,-12.866534233093262
1769952877.005043,202,-4.967010498046875
1769952930.2524884,203,-5.67030143737793
1769952964.6543658,204,-6.12971830368042
1769952982.6100864,205,-5.846462726593018
1769952998.912353,206,-5.672290802001953
1769953011.5950065,207,-5.916518211364746
1769953035.1135979,208,-5.404651641845703
1769953115.0114899,209,-5.7122578620910645
1769953139.5203807,210,-5.8005523681640625
1769953155.3876858,211,-6.009846210479736
1769953200.0900526,212,-5.57236385345459
1769953220.8248968,213,-6.141932010650635
1769953227.170722,214,-5.832714557647705
1769953247.243371,215,-5.943168640136719
1769953248.4963536,216,-5.856533527374268
1769953292.1648097,217,-5.475459098815918
1769953435.8695273,218,-5.210880279541016
1769953544.679419,219,-5.190001010894775
1769953617.6979551,220,-6.462337017059326
1769953618.409685,221,-6.260556697845459
1769953635.0147605,222,-6.505109786987305
1769953654.4985094,223,-5.9997758865356445
1769953666.5205252,224,-5.997580051422119
1769953692.7319767,225,-6.271753787994385
1769953713.3191614,226,-6.231838703155518
1769953720.6841307,227,-6.517238616943359
1769953737.5605073,228,-6.702305793762207
1769953774.236389,229,-6.345564842224121
1769953790.9241068,230,-6.5659379959106445
1769953943.9474165,231,-6.909493446350098
1769953987.936721,232,-6.758159160614014
1769954012.7943368,233,-7.048410415649414
1769954021.4776485,234,-7.092061996459961
1769954054.0526576,235,-6.932672023773193
1769954058.7219927,236,-5.986231803894043
1769954064.233299,237,-6.915497779846191
1769954147.5368342,238,-6.5705108642578125
1769954200.9704845,239,-6.854674339294434
1769954201.2511246,240,-5.09052038192749
1769954228.3639655,241,-6.5954155921936035
1769954298.2514238,242,-6.19283390045166
1769954304.542986,243,-6.98772668838501
1769954340.360824,244,-6.883563041687012
1769954341.8549807,245,-6.605947017669678
1769954383.4726994,246,-7.042613506317139
1769954481.537891,247,-6.495344638824463
1769954505.7776678,248,-6.996747016906738
1769954508.7610192,249,-6.993138790130615
1769954529.8820248,250,-6.915367603302002
1769954550.178586,251,-7.439401149749756
1769954557.0198536,252,-6.92087459564209
1769954572.6560252,253,-6.650252342224121
1769954710.1585188,254,-7.110548496246338
1769954719.298713,255,-6.398586750030518
1769954720.124869,256,-6.402900218963623
1769954727.162436,257,-7.059864044189453
1769954732.5495038,258,-7.9144697189331055
1769954738.9528952,259,-6.867327690124512
1769954773.9502053,260,-6.935424327850342
1769954781.505903,261,-7.486334323883057
1769954796.910813,262,-6.806795597076416
1769954843.783693,263,-6.576048851013184
1769954851.6148853,264,-7.266993999481201
1769954859.2424629,265,-7.054320812225342
1769954869.67099,266,-6.934287071228027
1769954880.2265227,267,-6.21096134185791
1769954899.94169,268,-6.49293851852417
1769954919.014547,269,-6.902103424072266
1769954928.0787072,270,-7.471280574798584
1769954941.0353892,271,-7.313067436218262
1769954941.1672866,272,-9.621228218078613
1769954943.996514,273,-6.605311393737793
1769954954.47137,274,-7.471254348754883
1769955036.4189327,275,-6.346198558807373
1769955134.4125278,276,-6.379055023193359
1769955137.0378504,277,-7.468124866485596
1769955166.12149,278,-6.8982696533203125
1769955186.8401506,279,-6.648993015289307
1769955189.6701314,280,-6.359769821166992
1769955204.647013,281,-6.85889196395874
1769955228.4925814,282,-7.074326515197754
1769955270.350899,283,-6.622801303863525
1769955279.0252652,284,-6.395895957946777
1769955279.214307,285,-7.887895584106445
1769955367.8085606,286,-6.020829677581787
1769955458.4179432,287,-5.80851936340332
1769955486.429227,288,-6.160378456115723
1769955502.5938427,289,-6.201247215270996
1769955532.7525275,290,-6.148962020874023
1769955541.1917322,291,-5.784984588623047
1769955550.5383782,292,-5.835371494293213
1769955617.1359258,293,-5.845464706420898
1769955651.508062,294,-5.938563823699951
1769955707.3429897,295,-5.560288429260254
1769955752.4500415,296,-5.219629287719727
1769955850.442687,297,-5.338949203491211
1769955864.8712225,298,-5.172043323516846
1769955872.4886134,299,-4.762646675109863
1769955875.1360364,300,-4.783365249633789
1769955954.9204202,301,-4.444871425628662
1769955959.1946418,302,-6.091297626495361
1769955966.6720967,303,-4.426966667175293
1769956004.9231806,304,-4.2318902015686035
1769956007.5379052,305,-3.947061538696289
1769956038.0345309,306,-3.889162302017212
1769956091.667589,307,-4.006918907165527
1769956172.7438302,308,-3.517667055130005
1769956197.8061821,309,-3.7268309593200684
1769956231.6296864,310,-3.1223976612091064
1769956238.4401746,311,-3.1943485736846924
1769956250.3478007,312,-3.2058372497558594
1769956282.3212316,313,-3.0001964569091797
1769956284.6448889,314,-2.787544012069702
1769956287.584696,315,-3.849015712738037
1769956300.3570588,316,-4.259007453918457
1769956309.6750774,317,-3.823528289794922
1769956321.2795486,318,-2.999732732772827
1769956321.411367,319,-0.45307618379592896
1769956327.6091125,320,-3.782801389694214
1769956338.169881,321,-3.1451101303100586
1769956352.9559636,322,-3.271385669708252
1769956362.2037187,323,-3.284008741378784
1769956375.9530478,324,-2.8657772541046143
1769956404.9292753,325,-2.3734662532806396
1769956415.823058,326,-3.2186405658721924
1769956437.1859994,327,-2.3384604454040527
1769956479.4861786,328,-2.4081950187683105
1769956580.3920753,329,-2.839714288711548
1769956601.0531814,330,-2.155808210372925
1769956664.6281707,331,-2.325899839401245
1769956749.388969,332,-2.515812873840332
1769956749.596047,333,-9.931225776672363
1769956758.891232,334,-1.7734240293502808
1769956760.2031038,335,-1.8287811279296875
1769956773.7848222,336,-2.348384141921997
1769956777.989148,337,-3.1886022090911865
1769956795.4552279,338,-1.4446226358413696
1769956803.2579718,339,-2.392505407333374
1769956821.4153671,340,-2.189403772354126
1769956824.2196093,341,-1.7467502355575562
1769956838.3829515,342,-1.4332841634750366
1769956883.4809458,343,-1.4113410711288452
1769956966.1604497,344,-2.2182374000549316
1769956976.3311768,345,-2.0625033378601074
1769957042.0385191,346,-1.1281388998031616
1769957059.1707845,347,-1.7810838222503662
1769957099.9621847,348,-0.8786004185676575
1769957105.0120094,349,-0.31188035011291504
1769957105.1365228,350,-5.094094276428223
1769957121.9246678,351,-0.6186061501502991
1769957138.4932585,352,-0.48319903016090393
1769957143.0557907,353,-1.6416053771972656
1769957144.9904575,354,0.041749581694602966
1769957167.194747,355,-0.4756263792514801
1769957168.2210932,356,-1.010352373123169
1769957168.3461385,357,0.8935409784317017
1769957175.7783186,358,-1.114372968673706
1769957187.2998188,359,-0.8626640439033508
1769957222.0409858,360,-0.17350995540618896
1769957335.5282543,361,0.3374421000480652
1769957355.5897837,362,-0.4415740966796875
1769957372.492948,363,0.4267962872982025
1769957407.1816738,364,0.4654960036277771
1769957448.4839897,365,0.8466807007789612
1769957454.0118108,366,0.8839062452316284
1769957496.9382856,367,0.773103654384613
1769957500.2555444,368,1.7750568389892578
1769957529.6620274,369,0.721613347530365
1769957564.7428696,370,1.071966290473938
1769957564.8987992,371,0.4258497357368469
1769957578.6392133,372,0.9595292806625366
1769957686.6225464,373,1.6232820749282837
1769957712.2928486,374,1.861270546913147
1769957782.1135132,375,1.722733736038208
1769957798.2414017,376,2.5323708057403564
1769957811.3655102,377,1.106999158859253
1769957821.6782463,378,1.4636445045471191
1769957825.531972,379,2.364300012588501
1769957874.0768445,380,2.3467633724212646
1769957878.476589,381,1.1774464845657349
1769957886.3550549,382,1.999682903289795
1769957917.887875,383,2.964465618133545
1769957923.192275,384,4.0627360343933105
1769957930.2753823,385,2.9681344032287598
1769957974.2910042,386,2.50874662399292
1769958059.4171777,387,3.8685009479522705
1769958063.8387048,388,4.336025238037109
1769958075.8156962,389,2.972327947616577
1769958109.851679,390,4.002102375030518
1769958119.23982,391,3.4043123722076416
1769958125.0917082,392,4.316843509674072
1769958155.452641,393,3.2151906490325928
1769958200.6547773,394,4.092031955718994
1769958216.189592,395,4.575692653656006
1769958239.9862206,396,4.182262897491455
1769958240.8961093,397,4.035815715789795
1769958256.1951866,398,4.475391387939453
1769958256.449079,399,11.929823875427246
1769958326.9233327,400,5.579446792602539
1769958336.5571897,401,5.0066914558410645
1769958415.8489168,402,5.064674377441406
1769958426.3183172,403,5.179176330566406
1769958497.4481215,404,6.289957046508789
1769958507.837032,405,5.724052906036377
1769958516.5688941,406,5.333978652954102
1769958587.8893857,407,6.723635196685791
1769958599.6662898,408,6.4861955642700195
1769958602.6311665,409,6.637552738189697
1769958607.7123735,410,7.450657844543457
1769958625.5020587,411,7.1395158767700195
1769958631.9837565,412,6.322145938873291
1769958669.8810747,413,7.679082870483398
1769958675.3318198,414,6.077985763549805
1769958727.2498312,415,7.419322967529297
1769958836.0584576,416,6.700350284576416
1769958848.136945,417,7.191851615905762
1769958860.6007986,418,7.44475793838501
1769958867.3852096,419,8.205336570739746
1769958888.6901474,420,7.857885837554932
1769958894.6691098,421,8.928688049316406
1769958903.9982784,422,7.747296333312988
1769958914.3039815,423,8.133861541748047
1769958919.5293865,424,9.548544883728027
1769958933.3696911,425,9.569117546081543
1769958936.1633775,426,7.002525806427002
1769958982.5963895,427,8.436973571777344
1769959020.3305228,428,8.243012428283691
1769959061.7029474,429,8.517346382141113
1769959077.994213,430,9.411609649658203
1769959088.582991,431,9.582426071166992
1769959099.0831492,432,9.855895042419434
1769959115.7312202,433,9.668137550354004
1769959195.1561282,434,9.76097583770752
1769959206.6089861,435,9.48394775390625
1769959209.4755535,436,10.698131561279297
1769959242.4353006,437,9.465723037719727
1769959275.0859778,438,9.30645751953125
1769959283.9379663,439,10.44878101348877
1769959340.0389478,440,10.162049293518066
1769959365.6507792,441,10.274540901184082
1769959367.7073815,442,10.431666374206543
1769959372.1551201,443,10.708020210266113
1769959455.6828191,444,9.961169242858887
1769959464.317549,445,10.959102630615234
1769959464.4472773,446,5.983987331390381
1769959467.545841,447,9.950753211975098
1769959477.0399568,448,10.570916175842285
1769959486.6212485,449,10.129971504211426
1769959630.3487544,450,10.293597221374512
1769959656.8250315,451,10.59266185760498
1769959702.0033867,452,10.993962287902832
1769959724.0451283,453,10.730655670166016
1769959742.9452314,454,10.510773658752441
1769959771.278272,455,11.14505672454834
1769959794.6868017,456,11.09506893157959
1769959849.2795224,457,11.368927955627441
1769959887.9067526,458,11.9077730178833
1769959919.3074694,459,12.281957626342773
1769960037.9541059,460,13.51783275604248
1769960040.823641,461,12.04800033569336
1769960048.8056316,462,13.123337745666504
1769960060.497546,463,12.054061889648438
1769960095.9296618,464,12.976518630981445
1769960121.2031171,465,13.219261169433594
1769960132.9618738,466,13.300105094909668
1769960154.232909,467,13.724658966064453
1769960157.153932,468,14.869471549987793
1769960162.1881707,469,13.769269943237305
1769960191.155243,470,13.969313621520996
1769960222.4342535,471,14.190936088562012
1769960261.2302494,472,14.202651977539062
1769960262.486251,473,12.751169204711914
1769960284.402146,474,14.949621200561523
1769960297.4416552,475,14.403679847717285
1769960304.2526157,476,14.122206687927246
1769960310.8934703,477,14.4844331741333
1769960363.159119,478,17.20030975341797
1769960370.5679505,479,13.864829063415527
1769960414.5283911,480,15.719748497009277
1769960422.8656,481,14.587811470031738
1769960433.8073726,482,15.517963409423828
1769960478.6416748,483,15.700263977050781
1769960494.3239038,484,16.029104232788086
1769960517.6388316,485,16.313636779785156
1769960517.7801733,486,11.818629264831543
1769960517.9023023,487,17.490135192871094
1769960540.668561,488,17.152416229248047
1769960578.5154765,489,16.945510864257812
1769960598.8703988,490,17.302865982055664
1769960623.2061493,491,17.372665405273438
1769960634.957939,492,17.236953735351562
1769960643.2502272,493,17.71166229248047
1769960654.7421288,494,17.967079162597656
1769960666.3567653,495,17.627525329589844
1769960909.1402194,496,18.082536697387695
1769960919.0285387,497,18.93514060974121
1769960919.248277,498,22.303190231323242
1769960969.596495,499,18.401742935180664
1769961003.4002428,500,19.0047607421875
1769961013.8209407,501,19.256229400634766
1769961017.5529687,502,16.467288970947266
1769964383.0926564,1,-0.15001843869686127
1769964388.7683213,2,-0.2733217775821686
1769964391.6893225,3,-0.3371107280254364
1769964394.79991,4,-0.3361717760562897
1769964397.9941113,5,-0.4367158114910126
1769964400.6097038,6,-0.6282697319984436
1769964406.9921236,7,-0.7607223391532898
1769964418.9507084,8,-1.124385952949524
1769964423.4678223,9,-1.5946826934814453
1769964474.9246986,1,-0.06887984275817871
1769964477.9656568,2,-0.23764503002166748
1769964480.898379,3,-0.39789247512817383
1769964509.8820987,1,-0.3414393961429596
1769964516.9332066,2,-1.335469365119934
1769964523.0012279,3,-2.336819648742676
1769964523.9492557,4,-2.908773422241211
1769964524.070703,5,-2.975883960723877
1769964526.9259408,6,-3.324786424636841
1769964529.821742,7,-4.07557487487793
1769964533.4497259,8,-4.823451995849609
1769964550.9273186,9,-4.403006076812744
1769964560.6699507,10,-3.501417398452759
1769964568.2295747,11,-3.0444602966308594
1769964575.4166272,12,-2.918621778488159
1769964609.352874,1,-0.10463282465934753
1769964616.0181394,2,-0.3549448251724243
1769964619.0820403,3,-0.8886740207672119
1769964621.593812,4,-1.2866593599319458
1769964625.052876,5,-1.8471999168395996
1769964628.811467,6,-2.4183342456817627
1769964632.2489476,7,-2.632255792617798
1769964635.2537746,8,-2.6139771938323975
1769964644.2856925,9,-2.724323272705078
1769964648.218864,10,-2.9509050846099854
1769964651.4083717,11,-2.921175241470337
1769964651.8095453,12,-2.8913543224334717
1769964659.7913234,13,-2.9123647212982178
1769964662.7645562,14,-2.8824613094329834
1769964662.8820248,15,-2.6950509548187256
1769964671.2326808,16,-2.9314141273498535
1769964676.972289,17,-3.1836953163146973
1769964686.242251,18,-3.461202383041382
1769964697.9979024,19,-3.6043083667755127
1769964701.8121603,20,-3.6375036239624023
1769964708.6607375,21,-3.856736898422241
1769964712.3136256,22,-4.073951721191406
1769964726.616926,23,-3.905890464782715
1769964743.2847214,24,-3.8580615520477295
1769964764.6945107,25,-3.602379083633423
1769964777.1562257,26,-3.4119203090667725
1769964777.2772255,27,-3.382521390914917
1769964777.3924463,28,-2.0770351886749268
1769964782.2524521,29,-3.2972054481506348
1769964827.8153684,30,-2.9012162685394287
1769964850.2143688,31,-2.899212598800659
1769964865.1349404,32,-2.631373405456543
1769964876.920435,33,-2.6889126300811768
1769964882.9917722,34,-2.545003890991211
1769964883.9033985,35,-2.7385787963867188
1769964884.021888,36,-3.9659676551818848
1769964889.8106306,37,-2.4247195720672607
1769965008.20077,38,-2.335691213607788
1769965008.4362667,39,-2.3031649589538574
1769965011.4449787,40,-2.2982547283172607
1769965035.794988,41,-2.5601651668548584
1769965049.0393133,42,-2.176483392715454
1769965051.90242,43,-2.0642566680908203
1769965056.1705163,44,-1.8285456895828247
1769965077.4675274,45,-2.2367517948150635
1769965093.7184992,46,-1.8963310718536377
1769965095.7995346,47,-1.859106183052063
1769965101.6060982,48,-1.8765860795974731
1769965105.3641732,49,-1.869446873664856
1769965115.1441715,50,-1.8949931859970093
1769965118.085518,51,-1.945023536682129
1769965121.0117047,52,-2.0003490447998047
1769965128.5663881,53,-1.8384721279144287
1769965152.7960858,54,-2.155191421508789
1769965166.093189,55,-2.0004005432128906
1769965174.3612275,56,-2.1727607250213623
1769965174.520721,57,-2.560173749923706
1769965183.5569735,58,-2.03216290473938
1769965194.2556946,59,-1.8056449890136719
1769965197.7852838,60,-1.5096901655197144
1769965198.2441993,61,-1.7666401863098145
1769965198.980273,62,-1.7392314672470093
1769965209.5390992,63,-1.4981902837753296
1769965226.772082,64,-1.6541274785995483
1769965230.347644,65,-1.4228438138961792
1769965233.565975,66,-1.417304277420044
1769965234.9235606,67,-1.4196823835372925
1769965242.9462974,68,-1.6152831315994263
1769965251.968186,69,-1.322433352470398
1769965264.653376,70,-1.6327152252197266
1769965271.2296798,71,-1.4594546556472778
1769965274.1720545,72,-1.3186291456222534
1769965304.9177356,73,-1.5543649196624756
1769965373.3282847,74,-1.277254343032837
1769965380.056339,75,-0.9031714797019958
1769965384.9170523,76,-0.9235076904296875
1769965395.0021288,77,-0.8130199909210205
1769965397.8430684,78,-0.9244469404220581
1769965407.8768494,79,-0.8258220553398132
1769965410.8119047,80,-0.9654974341392517
1769965417.96064,81,-1.140150547027588
1769965430.2700248,82,-1.0673420429229736
1769965432.3692818,83,-1.349805474281311
1769965441.7200797,84,-0.9993035197257996
1769965447.3705869,85,-0.8612018823623657
1769965463.4957242,86,-0.9377135634422302
1769965467.0460863,87,-0.8410844206809998
1769965474.1298785,88,-0.6694428324699402
1769965477.1054673,89,-0.6639813780784607
1769965496.6876574,90,-0.6554091572761536
1769965497.4430556,91,-1.5198090076446533
1769965505.320979,92,-0.7856640219688416
1769965516.9431021,93,-0.7753157019615173
1769965552.0571449,94,-0.5975279808044434
1769965574.4537284,95,-0.4211239516735077
1769965578.352573,96,-0.6780897378921509
1769965592.3102012,97,-0.4064618647098541
1769965598.01239,98,-0.8035374879837036
1769965605.5208058,99,-0.2302756905555725
1769965727.1544225,100,-0.13646240532398224
1769965745.8350158,101,-0.4433732330799103
1769965748.785472,102,-0.4850369095802307
1769965753.1897495,103,-0.6455686092376709
1769965759.6797233,104,-0.7640057802200317
1769965762.843001,105,-0.7233040928840637
1769965772.8961132,106,-0.25368183851242065
1769965785.804463,107,-0.1689186841249466
1769965785.9310935,108,1.2809358835220337
1769965792.451144,109,-0.5561103224754333
1769965809.6461482,110,-0.5808035135269165
1769965809.7742226,111,0.5272182822227478
1769965818.5653443,112,-0.5165320634841919
1769965826.3291645,113,-0.4267914891242981
1769965837.149969,114,-0.5904063582420349
1769965861.5975986,115,-0.8367366194725037
1769965885.6624408,116,-0.7233753800392151
1769965903.7076952,117,-0.45749589800834656
1769965903.8350859,118,-3.6854827404022217
1769965907.4868968,119,0.10232213884592056
1769965916.2505732,120,-0.4013006091117859
1769965917.7323413,121,-1.0469568967819214
1769965923.0981424,122,-0.5348373651504517
1769965929.4592643,123,-0.2595489025115967
1769965935.9666195,124,-0.7329415082931519
1769965948.69217,125,-0.38885214924812317
1769965957.7297618,126,-0.4245983064174652
1769965968.560697,127,-0.62640780210495
1769965975.500118,128,-0.6388488411903381
1769965978.8931463,129,-0.5317857265472412
1769965989.106488,130,-0.4932333528995514
1769965992.0748827,131,-0.4901750683784485
1769966007.332642,132,-0.25187230110168457
1769966108.6656086,133,-0.6706465482711792
1769966124.0875666,134,-0.24849244952201843
1769966124.2145855,135,-1.1380900144577026
1769966141.7110436,136,-0.31967148184776306
1769966146.6099555,137,-0.2832700312137604
1769966152.2223766,138,-0.3706526458263397
1769966158.4806623,139,-0.21115164458751678
1769966169.2060966,140,-0.171161949634552
1769966175.7626758,141,-0.37164005637168884
1769966180.8687274,142,0.06992340087890625
1769966192.1749127,143,0.12083382904529572
1769966195.7899532,144,0.2600570023059845
1769966202.1031923,145,0.2780279219150543
1769966207.8673558,146,0.037194497883319855
1769966207.9880393,147,4.304619789123535
1769966222.0254006,148,0.3628077805042267
1769966258.089812,149,0.33408477902412415
1769966271.2270133,150,0.3211855888366699
1769966274.855855,151,0.3797684609889984
1769966275.2563505,152,1.0587284564971924
1769966281.9005508,153,0.8181528449058533
1769966287.1984189,154,0.6993837952613831
1769966287.3192542,155,-0.3799857199192047
1769966295.0204756,156,1.0546246767044067
1769966297.9734695,157,0.567986249923706
1769966303.497731,158,0.3605501651763916
1769966309.0038638,159,0.7707711458206177
1769966314.5005035,160,1.0723881721496582
1769966337.5821755,161,0.9801133871078491
1769966348.5391912,162,1.2419970035552979
1769966351.6249778,163,1.6446990966796875
1769966355.200623,164,0.8785199522972107
1769966355.3181174,165,-0.8518128395080566
1769966360.349919,166,1.2999311685562134
1769966371.8317003,167,1.3911405801773071
1769966374.1595125,168,1.315542221069336
1769966384.21913,169,1.4621162414550781
1769966405.3748984,170,1.7326852083206177
1769966431.7086208,171,2.1915459632873535
1769966449.5963545,172,2.432807207107544
1769966452.6093385,173,2.590135335922241
1769966460.0770516,174,2.538069486618042
1769966464.1547382,175,2.3992362022399902
1769966468.7415166,176,2.442549467086792
1769966472.7345774,177,2.2551004886627197
1769966472.8541057,178,3.1732335090637207
1769966472.9714572,179,2.191875457763672
1769966474.04752,180,1.7449146509170532
1769966475.7223086,181,2.348088502883911
1769966482.5415697,182,2.3714094161987305
1769966485.4849558,183,2.680576801300049
1769966504.1674929,184,3.1851227283477783
1769966509.8439586,185,3.3379366397857666
1769966512.392786,186,3.5266647338867188
1769966513.30179,187,4.167141437530518
1769966517.24827,188,3.303119421005249
1769966520.3964927,189,3.154383659362793
1769966523.334563,190,3.1439197063446045
1769966529.5816696,191,2.88871169090271
1769966536.9099326,192,3.0590243339538574
1769966539.8680177,193,3.0616133213043213
1769966544.1597176,194,3.1936352252960205
1769966554.156769,195,3.1825923919677734
1769966561.1173432,196,3.1769800186157227
1769966576.4220178,197,3.38592791557312
1769966603.341471,198,3.3414013385772705
1769966604.3835316,199,3.1235668659210205
1769966604.5404232,200,5.704387187957764
1769966633.9879744,201,3.518113613128662
1769966646.444574,202,3.758016347885132
1769966653.25482,203,4.109428882598877
1769966662.102155,204,4.0268330574035645
1769966673.5680232,205,4.153583526611328
1769966676.4593575,206,4.6089324951171875
1769966692.9341211,207,4.441931247711182
1769966693.9622757,208,4.381450653076172
1769966697.1848505,209,4.112644195556641
1769966741.970768,210,4.60205078125
1769966760.4298112,211,4.5679450035095215
1769966766.234023,212,4.581028461456299
1769966773.4677851,213,4.385726451873779
1769966788.5963342,214,4.5045552253723145
1769966795.0026178,215,4.63115930557251
1769966800.9101224,216,4.708730697631836
1769966803.8668232,217,3.907362937927246
1769966809.1029208,218,4.068051815032959
1769966823.4810472,219,4.567323684692383
1769966843.946551,220,4.537856101989746
1769966869.706259,221,4.846508979797363
1769966881.5976532,222,4.641567230224609
1769966898.6111178,223,4.602162837982178
1769966907.067806,224,4.78865909576416
1769966908.2038517,225,3.9971683025360107
1769966911.2900038,226,4.56780481338501
1769966916.0229485,227,5.206092357635498
1769966916.5976691,228,4.600651264190674
1769966917.7872045,229,4.454484462738037
1769966922.40529,230,4.995522975921631
1769966925.3759189,231,4.785393238067627
1769966928.556402,232,4.7421464920043945
1769966946.0772922,233,4.596124649047852
1769966947.9028695,234,4.5372748374938965
1769966968.3867033,235,4.968766212463379
1769966972.1659918,236,4.965244293212891
1769966977.905534,237,4.994047164916992
1769966987.7974474,238,4.963469982147217
1769966991.7975855,239,4.8686747550964355
1769966991.917674,240,1.1035898923873901
1769966997.2654245,241,4.281738758087158
1769967007.3114426,242,4.646701335906982
1769967016.1990082,243,4.472810745239258
1769967016.833733,244,3.7486798763275146
1769967017.235885,245,4.822732448577881
1769967050.2889428,246,4.729715347290039
1769967127.1802242,247,4.72936487197876
1769967141.2773697,248,4.747853755950928
1769967153.5257583,249,4.680504322052002
1769967153.6500497,250,4.300466060638428
1769967160.8741944,251,4.8463358879089355
1769967164.6624136,252,5.19467306137085
1769967167.6361318,253,4.582233428955078
1769967172.3649826,254,4.812685489654541
1769967184.9717202,255,4.634237766265869
1769967190.2056887,256,4.381765365600586
1769967197.157136,257,4.1972784996032715
1769967202.0000114,258,4.4048237800598145
1769967207.2435358,259,4.616628170013428
1769967210.6347635,260,4.360805034637451
1769967215.8381279,261,4.57532262802124
1769967238.0198085,262,4.519457817077637
1769967253.8214705,263,4.363847255706787
1769967257.5674818,264,4.570383071899414
1769967282.161598,265,4.471210479736328
1769967292.322623,266,4.549628734588623
1769967299.5271792,267,4.424833297729492
1769967303.7474632,268,4.686512470245361
1769967323.6193073,269,4.1331658363342285
1769967326.621705,270,3.84712553024292
1769967329.9463825,271,4.016083717346191
1769967334.9985223,272,4.301461219787598
1769967341.468054,273,3.7380857467651367
1769967350.140732,274,3.96718168258667
1769967353.3771377,275,3.6201999187469482
1769967380.2719002,276,4.217598915100098
1769967487.819374,277,4.101856708526611
1769967490.8093822,278,3.9766037464141846
1769967496.4044142,279,3.7310140132904053
1769967499.3540251,280,3.758392095565796
1769967507.0698957,281,3.7792065143585205
1769967510.0611541,282,4.064279556274414
1769967514.4729278,283,4.183040618896484
1769967523.5412807,284,3.7898223400115967
1769967526.5191522,285,4.172818183898926
1769967534.4097536,286,3.9487826824188232
1769967541.1482475,287,3.842782735824585
1769967549.803293,288,3.502140760421753
1769967564.4549673,289,3.6427958011627197
1769967572.209682,290,3.4150307178497314
1769967596.7389622,291,3.3792006969451904
1769967626.7054605,292,3.49955153465271
1769967629.668006,293,3.4272067546844482
1769967632.6746128,294,3.8855340480804443
1769967637.5386426,295,3.2135677337646484
1769967638.4014413,296,4.9431867599487305
1769967642.665118,297,3.1435835361480713
1769967664.642032,298,3.2591984272003174
1769967676.6781948,299,3.2763137817382812
1769967680.8616257,300,2.9208037853240967
1769967682.78549,301,3.6424310207366943
1769967689.9763548,302,3.031184196472168
1769967696.8070412,303,2.808504343032837
1769967711.4097247,304,2.5004570484161377
1769967725.229174,305,2.5708746910095215
1769967730.9981878,306,2.675896167755127
1769967732.0260904,307,1.8414286375045776
1769967735.3462303,308,2.423813819885254
1769967748.5916462,309,2.538928508758545
1769967755.3917618,310,2.1120972633361816
1769967763.4996178,311,2.2948005199432373
1769967812.6387827,312,2.290454864501953
1769967819.710863,313,2.0381622314453125
1769967826.7275743,314,2.2867751121520996
1769967851.749939,315,2.058619260787964
1769967857.3137515,316,2.159428834915161
1769967863.4991791,317,2.0748722553253174
1769967868.5177155,318,1.9344507455825806
1769967882.0155902,319,1.9555729627609253
1769967895.9931347,320,1.9351071119308472
1769967927.5656104,321,1.6207973957061768
1769967934.262984,322,1.0285301208496094
1769967935.001364,323,0.44843265414237976
1769967938.5152504,324,1.9776787757873535
1769967959.263103,325,1.348778247833252
1769967973.832214,326,1.3151284456253052
1769967978.2342649,327,0.706146240234375
1769967981.0541048,328,0.710750162601471
1769967986.1678212,329,0.7557562589645386
1769967989.9907012,330,0.7439572811126709
1769967997.379626,331,0.5743682384490967
1769968013.1943502,332,0.5476834177970886
1769968019.9744346,333,0.4281668961048126
1769968024.8111184,334,0.7288744449615479
1769968032.2711937,335,0.9623026251792908
1769968035.4380178,336,0.29186639189720154
1769968044.1820893,337,0.41114160418510437
1769968060.65907,338,0.5895711183547974
1769968070.9994233,339,0.4727422297000885
1769968092.2813249,340,0.3725692629814148
1769968237.050065,341,0.3042210042476654
1769968240.9579003,342,0.36238306760787964
1769968244.5722966,343,-0.13343006372451782
1769968251.927999,344,0.21037977933883667
1769968261.8537574,345,-0.09169046580791473
1769968278.7579694,346,0.12892694771289825
1769968283.9117706,347,0.3233245015144348
1769968286.8989778,348,-0.06676433980464935
1769968298.7912583,349,-0.09799464792013168
1769968310.6378605,350,-0.16616156697273254
1769968313.8106236,351,-0.44903284311294556
1769968328.956749,352,-0.6828579902648926
1769968337.3856857,353,-0.3778848648071289
1769968367.064596,354,-0.39136794209480286
1769968374.5392184,355,-1.0815788507461548
1769968380.9868677,356,-0.8674417734146118
1769968392.7549934,357,-1.241929054260254
1769968395.699906,358,-0.6185201406478882
1769968421.8763077,359,-1.5891475677490234
1769968438.4768677,360,-1.9025089740753174
1769968452.3008,361,-1.5995843410491943
1769968453.8482726,362,-1.128896713256836
1769968459.1816823,363,-2.066011428833008
1769968467.1619937,364,-1.729527235031128
1769968481.0544734,365,-2.076141834259033
1769968484.2377796,366,-1.6585825681686401
1769968491.7739823,367,-1.731548547744751
1769968494.9515634,368,-2.3728928565979004
1769968497.949859,369,-1.867600917816162
1769968498.0708308,370,-1.2161842584609985
1769968499.2598736,371,-1.8889646530151367
1769968511.5587437,372,-2.1935343742370605
1769968528.6545453,373,-1.9128161668777466
1769968621.945128,374,-2.342417001724243
1769968628.103089,375,-2.606560707092285
1769968636.6622968,376,-2.0134637355804443
1769968640.218225,377,-2.4459176063537598
1769968643.1638122,378,-1.9910051822662354
1769968644.5835238,379,-2.6162452697753906
1769968648.6967654,380,-2.3789448738098145
1769968648.8167422,381,-1.9389724731445312
1769968654.0815609,382,-2.106506824493408
1769968657.0295417,383,-2.260589838027954
1769968669.3161469,384,-2.2399027347564697
1769968687.7940817,385,-2.370757579803467
1769968687.9234183,386,-5.8347039222717285
1769968690.8728073,387,-2.8098554611206055
1769968700.7143092,388,-2.9325881004333496
1769968711.1012337,389,-2.624346971511841
1769968712.9191477,390,-2.430819272994995
1769968716.7660394,391,-3.070765256881714
1769968719.865286,392,-3.378662347793579
1769968729.1119378,393,-3.107221841812134
1769968745.0424361,394,-2.7638564109802246
1769968747.9942293,395,-2.175563097000122
1769968753.4060254,396,-2.933183431625366
1769968768.2121205,397,-3.5140295028686523
1769968771.2300425,398,-3.811549663543701
1769968787.4095914,399,-3.31673526763916
1769968790.364137,400,-3.738323211669922
1769968790.6318986,401,-5.4554572105407715
1769968796.3036134,402,-2.5365381240844727
1769968830.4078922,403,-3.2096357345581055
1769968837.2148714,404,-3.6530354022979736
1769968837.5032973,405,-5.003599166870117
1769968857.9229026,406,-3.217170476913452
1769968864.9570503,407,-3.1821866035461426
1769968884.6982994,408,-3.126936674118042
1769968889.603965,409,-3.085219144821167
1769968986.9421504,410,-3.4240167140960693
1769968994.177927,411,-3.1101250648498535
1769969001.421618,412,-3.6994729042053223
1769969014.6136665,413,-3.6472418308258057
1769969062.0271318,414,-3.556788921356201
1769969066.1892054,415,-3.787238359451294
1769969070.590158,416,-3.983842611312866
1769969079.6214976,417,-3.2572343349456787
1769969085.437965,418,-3.8417208194732666
1769969113.2930348,419,-3.8261494636535645
1769969141.3521886,420,-3.824324131011963
1769969147.6417437,421,-3.681914806365967
1769969151.4361582,422,-4.073941707611084
1769969157.0986402,423,-3.790283441543579
1769969159.2936678,424,-3.6036925315856934
1769969163.4825828,425,-4.03014612197876
1769969164.608444,426,-4.8655877113342285
1769969164.7264996,427,-6.652531623840332
1769969169.59038,428,-4.483007431030273
1769969172.5382516,429,-3.8136706352233887
1769969177.3267436,430,-3.752098321914673
1769969181.8683727,431,-3.6342248916625977
1769969182.379522,432,-5.363377571105957
1769969190.4471924,433,-3.8520519733428955
1769969193.9021907,434,-4.592563629150391
1769969195.1870935,435,-3.8208258152008057
1769969216.4148169,436,-4.183248996734619
1769969227.8779428,437,-3.967564821243286
1769969229.6957347,438,-4.903909683227539
1769969241.7847235,439,-3.847991943359375
1769969250.889926,440,-4.088081359863281
1769969266.396319,441,-3.70770263671875
1769969391.3373854,442,-3.7994840145111084
1769969396.3598125,443,-4.441278457641602
1769969399.3199682,444,-3.857675790786743
1769969402.2904177,445,-3.649836540222168
1769969407.1327708,446,-4.149757385253906
1769969413.9597776,447,-4.568199634552002
1769969424.029618,448,-4.2127580642700195
1769969427.0234241,449,-4.391068935394287
1769969446.3746498,450,-4.056308269500732
1769969446.504568,451,-1.4052594900131226
1769969459.496552,452,-4.337100982666016
1769969463.7239015,453,-4.3663105964660645
1769969467.9912598,454,-4.040879726409912
1769969474.2747324,455,-4.373651027679443
1769969491.3292844,456,-4.293149471282959
1769969491.458781,457,-5.085141658782959
1769969494.3946772,458,-4.691370964050293
1769969504.8173742,459,-4.294561386108398
1769969507.75851,460,-3.924165725708008
1769969515.070442,461,-3.88114333152771
1769969517.0559943,462,-5.2439961433410645
1769969517.1740978,463,-6.303065776824951
1769969521.6442647,464,-4.280082702636719
1769969527.0196316,465,-4.531429767608643
1769969527.139263,466,-3.4957492351531982
1769969542.6508827,467,-4.563185214996338
1769969557.3916328,468,-3.9796226024627686
1769969566.0379038,469,-4.328819751739502
1769969566.2168593,470,-5.724802017211914
1769969580.2431147,471,-4.236900806427002
1769969583.0255828,472,-4.394742488861084
1769969586.6817882,473,-4.474256992340088
1769969603.4774415,474,-4.170201778411865
1769969609.3883715,475,-4.698643207550049
1769969639.6112697,476,-4.431250095367432
1769969651.0685956,477,-4.698362827301025
1769969651.477819,478,-4.74766731262207
1769969653.181846,479,-4.46586799621582
1769969669.9199562,480,-4.209532737731934
1769969673.745141,481,-3.9604299068450928
1769969768.106089,482,-4.090356826782227
1769969773.907829,483,-4.637453556060791
1769969783.8939579,484,-4.2676191329956055
1769969785.5127177,485,-3.9080445766448975
1769969789.7442503,486,-4.468689918518066
1769969804.379535,487,-5.068934440612793
1769969817.5455768,488,-3.9722020626068115
1769969869.1569142,489,-4.656354904174805
1769969874.6100314,490,-5.335418224334717
1769969875.7989647,491,-4.767370223999023
1769969876.143597,492,-5.76730489730835
1769969888.841679,493,-4.834985256195068
1769969904.2026215,494,-4.861600399017334
1769969919.47393,495,-4.657264232635498
1769969925.9740632,496,-4.38746976852417
1769969929.5737524,497,-4.575396537780762
1769969934.3045442,498,-5.219529151916504
1769969937.2818515,499,-5.190739631652832
1769969958.6846263,500,-4.612480163574219
1769969963.5578773,501,-5.418920040130615
1769969966.5406568,502,-4.81766414642334
1769969985.856477,503,-4.794778823852539
1769969985.9873996,504,-11.079320907592773
1769970003.5388129,505,-4.733750343322754
1769970003.6687858,506,-3.8298919200897217
1769970011.5329635,507,-5.008366107940674
1769970014.6048927,508,-5.163168430328369
1769970020.881861,509,-4.813819885253906
1769970024.6189947,510,-4.692749977111816
1769970030.3961213,511,-4.612475872039795
1769970038.2808006,512,-4.704901218414307
1769970062.0866988,513,-4.694478988647461
1769970205.9390876,514,-5.359416484832764
1769970213.8947623,515,-5.576318740844727
1769970220.7659953,516,-5.214222431182861
1769970227.0362978,517,-4.355997085571289
1769970234.3715484,518,-4.629134178161621
1769970237.3193312,519,-4.3646321296691895
1769970246.585482,520,-4.988182067871094
1769970251.5123541,521,-5.585851669311523
1769970254.4683647,522,-4.633915424346924
1769970261.1957355,523,-4.808837890625
1769970265.5517461,524,-4.451033115386963
1769970268.0017495,525,-5.529787540435791
1769970273.0095963,526,-4.8831048011779785
1769970283.1629038,527,-5.046503067016602
1769970284.708402,528,-5.13778018951416
1769970292.4505856,529,-4.740898132324219
1769970295.4351914,530,-5.044137001037598
1769970297.2448277,531,-4.745134353637695
1769970300.4611247,532,-4.639711380004883
1769970313.041323,533,-4.666045665740967
1769970332.1551383,534,-4.435154914855957
1769970342.2601264,535,-5.414235591888428
1769970356.8301742,536,-5.182486057281494
1769970375.274843,537,-5.3125505447387695
1769970380.4417448,538,-5.506246566772461
1769970383.393132,539,-4.3043694496154785
1769970385.5246372,540,-6.207423210144043
1769970390.4050772,541,-5.6742753982543945
1769970402.1031048,542,-5.4678497314453125
1769970428.8576798,543,-5.293862819671631
1769970429.7238004,544,-5.1431427001953125
1769970446.126575,545,-4.978090286254883
1769970455.0449252,546,-4.950357913970947
1769970458.4394832,547,-5.442924976348877
1769970462.7442644,548,-4.864180088043213
1769970491.2787833,549,-5.223754405975342
1769970641.0800521,550,-5.723687171936035
1769970643.7425907,551,-5.04210090637207
1769970647.982845,552,-5.001281261444092
1769970653.9877307,553,-5.023709297180176
1769970655.068817,554,-6.2780680656433105
1769970677.0230956,555,-5.654659748077393
1769970687.694047,556,-5.47175931930542
1769970696.450726,557,-5.196319580078125
1769970702.200762,558,-5.703898906707764
1769970712.853906,559,-5.194536209106445
1769970725.8509157,560,-5.759850025177002
1769970766.7757173,561,-5.213826656341553
1769970770.8326588,562,-4.416415214538574
1769970773.773917,563,-5.082695007324219
1769970775.5278254,564,-5.658407688140869
1769970775.6465745,565,-1.4152733087539673
1769970780.8489428,566,-5.203906536102295
1769970786.418729,567,-5.972487449645996
1769970791.3225517,568,-5.359804630279541
1769970807.4993737,569,-5.324058532714844
1769970821.0892935,570,-5.244222640991211
1769970840.9514537,571,-5.272592544555664
1769970843.900998,572,-5.410071849822998
1769970853.5658004,573,-5.855293273925781
1769970864.4169042,574,-5.683492660522461
1769970874.9933476,575,-5.724132537841797
1769970889.4915817,576,-5.101020812988281
1769970892.5731053,577,-6.634279727935791
1769970895.531747,578,-6.1178297996521
1769970898.4822984,579,-4.719588756561279
1769971046.8038533,580,-5.716965675354004
1769971056.8580413,581,-5.885462760925293
1769971063.116555,582,-6.079657554626465
1769971074.5739155,583,-5.6309638023376465
1769971081.2973895,584,-5.8978962898254395
1769971085.3060026,585,-5.6638503074646
1769971091.108424,586,-5.476320266723633
1769971094.669049,587,-6.368838787078857
1769971126.0127707,588,-6.074615955352783
1769971137.3052785,589,-6.363014221191406
1769971141.5529299,590,-5.433513641357422
1769971147.3977027,591,-6.225219249725342
1769971154.6646578,592,-5.884924411773682
1769971154.9558833,593,-3.8771495819091797
1769971172.2730064,594,-5.660614967346191
1769971176.502822,595,-5.980390548706055
1769971192.526991,596,-5.641416549682617
1769971197.29475,597,-5.730776309967041
1769971201.714127,598,-6.0220160484313965
1769971202.7373781,599,-5.099766731262207
1769971210.6001787,600,-6.114760875701904
1769971211.1731503,601,-5.315378665924072
1769971231.0624156,602,-6.1756911277771
1769971231.1947274,603,-10.171318054199219
1769971243.1576793,604,-6.141944885253906
1769971246.7268116,605,-6.0596537590026855
1769971249.6059759,606,-6.8507256507873535
1769971263.361534,607,-6.1486897468566895
1769971274.7240078,608,-6.10603141784668
1769971280.028669,609,-5.784411430358887
1769971290.6863678,610,-6.0939836502075195
1769971296.4860048,611,-5.859898090362549
1769971302.331522,612,-6.281124114990234
1769971304.0969357,613,-5.224727630615234
1769971322.114283,614,-5.528916358947754
1769971330.323951,615,-5.1778717041015625
1769971525.941733,616,-5.770379543304443
1769971533.406103,617,-5.839526653289795
1769971547.8981,618,-5.695868492126465
1769971550.8537045,619,-4.8846659660339355
1769971556.2695966,620,-6.020834445953369
1769971561.0834486,621,-5.265108108520508
1769971561.2030444,622,-9.49543571472168
1769971565.6609297,623,-5.574931621551514
1769971589.9452174,624,-5.814329147338867
1769971593.1653445,625,-5.045624732971191
1769971597.6679904,626,-6.186474800109863
1769971603.261745,627,-5.50776481628418
1769971606.8946884,628,-5.25499153137207
1769971622.8380344,629,-5.579744815826416
1769971625.7926784,630,-5.26631498336792
1769971631.7739685,631,-6.152522087097168
1769971637.765036,632,-5.808627128601074
1769971642.193652,633,-5.795201778411865
1769971645.2381032,634,-6.268064498901367
1769971656.813523,635,-5.905644416809082
1769971664.1865325,636,-5.637033462524414
1769971667.5836885,637,-6.131895065307617
1769971675.7318668,638,-5.265411853790283
1769971688.947574,639,-5.720767974853516
1769971694.8765986,640,-5.0961594581604
1769971700.9811187,641,-4.823483943939209
1769971703.9393828,642,-4.920608043670654
1769971704.2270346,643,-8.081993103027344
1769971704.3442414,644,-6.8786444664001465
1769971710.720456,645,-5.38814115524292
1769971713.6692133,646,-4.440942287445068
1769971716.5997062,647,-5.829265594482422
1769971716.7193196,648,-14.324454307556152
1769971733.9871547,649,-5.246072292327881
1769971734.408567,650,-6.452078819274902
1769971751.6682453,651,-5.4411940574646
1769971761.0076501,652,-5.330615997314453
1769971776.0500822,653,-5.341638088226318
1769971784.331253,654,-5.191984176635742
1769971805.5518737,655,-5.32236385345459
1769971988.0695498,656,-4.85251522064209
1769971994.1038442,657,-5.4074554443359375
1769971998.6963317,658,-5.24355411529541
1769972012.6558733,659,-5.050559043884277
1769972012.781876,660,-7.230445861816406
1769972017.9842727,661,-4.910603046417236
1769972027.816035,662,-4.922070503234863
1769972034.316344,663,-4.513791084289551
1769972034.8931327,664,-5.588036060333252
1769972036.2553215,665,-5.454043388366699
1769972058.091827,666,-5.035295009613037
1769972060.492266,667,-4.4424662590026855
1769972077.5818546,668,-4.881104946136475
1769972077.9398308,669,-2.4688680171966553
1769972086.0394435,670,-4.5365729331970215
1769972088.9875998,671,-4.273393154144287
1769972097.5038397,672,-4.916812896728516
1769972107.2970538,673,-4.828954696655273
1769972107.4784837,674,-7.746134281158447
1769972111.489571,675,-4.081235408782959
1769972114.4955795,676,-4.735540390014648
1769972129.2254727,677,-4.763400077819824
1769972135.6129847,678,-4.3449177742004395
1769972144.5350971,679,-4.902003765106201
1769972155.3670645,680,-4.7630228996276855
1769972179.7739968,681,-4.789391040802002
1769972189.4125037,682,-4.900169372558594
1769972196.7851975,683,-4.903099060058594
1769972217.3792124,684,-4.428502082824707
1769972221.7815065,685,-4.749743938446045
1769972227.539945,686,-4.740645885467529
1769972243.9381828,687,-4.370710849761963
1769972254.1541734,688,-4.243330955505371
1769972351.0292637,689,-4.466372966766357
1769972357.4112556,690,-4.8690643310546875
1769972360.3554583,691,-3.82549786567688
1769972364.3076751,692,-4.410170078277588
1769972374.053292,693,-4.366647720336914
1769972379.0019288,694,-4.178843975067139
1769972388.754616,695,-4.4488677978515625
1769972397.2874904,696,-4.369857311248779
1769972414.3910086,697,-4.190178871154785
1769972417.2559853,698,-4.053871154785156
1769972435.3523126,699,-4.010197162628174
1769972436.0464234,700,-4.982116222381592
1769972439.0967627,701,-4.434993743896484
1769972444.064793,702,-3.619021415710449
1769972448.6878195,703,-3.5697572231292725
1769972469.9110265,704,-4.1294779777526855
1769972473.5723202,705,-4.0568156242370605
1769972478.5937243,706,-4.117203712463379
1769972491.8717473,707,-4.015064716339111
1769972504.8699753,708,-3.965304374694824
1769972511.21664,709,-3.8974878787994385
1769972518.4835134,710,-4.267786026000977
1769972518.6055799,711,-2.830172300338745
1769972522.672236,712,-4.510000705718994
1769972524.9967296,713,-4.463397979736328
1769972528.1301343,714,-3.9302661418914795
1769972531.0827847,715,-4.7771406173706055
1769972532.11003,716,-4.284460544586182
1769972547.4483478,717,-3.938786745071411
1769972558.6325097,718,-3.8547372817993164
1769972561.9689429,719,-3.713648796081543
1769972579.8948026,720,-3.9078667163848877
1769972580.0265353,721,-7.232078552246094
1769972588.503653,722,-3.9883081912994385
1769972614.198251,723,-4.033222675323486
1769972617.1725926,724,-4.1559367179870605
1769972631.4886951,725,-3.8601832389831543
1769972782.6844938,726,-3.85333514213562
1769972786.7374365,727,-3.493422269821167
1769972792.9832246,728,-3.3698878288269043
1769972798.1260786,729,-3.252204418182373
1769972804.782187,730,-3.908045768737793
1769972810.238486,731,-3.597334146499634
1769972813.23892,732,-3.360252618789673
1769972816.2091212,733,-3.7667949199676514
1769972825.1269984,734,-3.8935680389404297
1769972829.0140045,735,-3.364724636077881
1769972835.1726546,736,-3.4597008228302
1769972838.8916757,737,-3.0992789268493652
1769972841.8316813,738,-3.684082508087158
1769972846.2309551,739,-3.3876235485076904
1769972851.292642,740,-3.3929545879364014
1769972889.4638073,741,-3.9063961505889893
1769972899.5170798,742,-3.153822183609009
1769972902.8716953,743,-3.5917937755584717
1769972906.0773966,744,-3.1639902591705322
1769972913.7171924,745,-3.5066089630126953
1769972925.3364704,746,-3.501143455505371
1769972927.382039,747,-4.584464073181152
1769972943.9050732,748,-3.732103109359741
1769972947.6214516,749,-4.214085578918457
1769972954.0812268,750,-3.3891189098358154
1769972967.1661596,751,-3.9352126121520996
1769972969.172757,752,-3.749791145324707
1769972972.6743276,753,-3.8010413646698
1769972981.2923453,754,-3.779020071029663
1769972984.2565458,755,-3.1260995864868164
1769972992.626428,756,-3.2991762161254883
1769973006.8161173,757,-3.597522258758545
1769973014.4568496,758,-3.2083258628845215
1769973018.707575,759,-3.2260591983795166
1769973030.3074925,760,-3.5661795139312744
1769973037.9467552,761,-4.221461296081543
1769973051.6683896,762,-3.664098024368286
1769973193.9996133,763,-3.135967493057251
1769973199.2457979,764,-4.004123687744141
1769973211.091498,765,-3.576868772506714
1769973212.8009534,766,-3.6358590126037598
1769973216.3162007,767,-3.7161686420440674
1769973221.03407,768,-3.3226194381713867
1769973223.9774806,769,-2.886990785598755
1769973235.0330563,770,-3.135087490081787
1769973243.635044,771,-3.885450601577759
1769973249.0758772,772,-3.3212482929229736
1769973253.2697244,773,-3.2315866947174072
1769973254.0089958,774,-3.1895804405212402
1769973261.6518073,775,-4.226016521453857
1769973290.4939947,776,-3.7547779083251953
1769973319.5397413,777,-3.390575885772705
1769973329.4511106,778,-3.0295896530151367
1769973332.593678,779,-4.556655406951904
1769973337.136605,780,-3.691602945327759
1769973344.5137193,781,-3.0365169048309326
1769973350.861773,782,-2.6661133766174316
1769973355.7120018,783,-3.453650712966919
1769973356.6825762,784,-3.7483162879943848
1769973361.5957706,785,-3.4273509979248047
1769973372.2079117,786,-3.142915725708008
1769973393.937776,787,-2.9997198581695557
1769973396.9473226,788,-3.6301701068878174
1769973412.736667,789,-3.1493897438049316
1769973415.3315098,790,-3.284213066101074
1769973418.7956834,791,-3.653904438018799
1769973418.9164987,792,-2.236037015914917
1769973428.1741033,793,-3.151684522628784
1769973429.5987945,794,-3.627774715423584
1769973437.779692,795,-3.378422737121582
1769973439.9526486,796,-2.8384644985198975
1769973440.0725257,797,2.3452682495117188
1769973465.285999,798,-2.9790635108947754
1769973471.0150707,799,-2.6528866291046143
1769973566.039826,800,-2.8147966861724854
1769973572.463634,801,-2.7697746753692627
1769973579.0506988,802,-2.941709518432617
1769973587.8012064,803,-2.3218209743499756
1769973590.8157978,804,-3.2379441261291504
1769973603.5685532,805,-2.926921844482422
1769973603.6947126,806,0.704511821269989
1769973607.5817873,807,-2.159775972366333
1769973610.7563753,808,-2.1062936782836914
1769973647.7413259,809,-2.6261632442474365
1769973661.4456625,810,-2.4478092193603516
1769973663.5540886,811,-3.400440216064453
1769973666.497254,812,-2.4748411178588867
1769973679.6561277,813,-2.7915754318237305
1769973689.7091508,814,-2.6307384967803955
1769973698.8331683,815,-1.9246114492416382
1769973702.2339087,816,-2.1943345069885254
1769973707.7255113,817,-2.6609857082366943
1769973710.680128,818,-3.3071746826171875
1769973717.9569929,819,-2.342017650604248
1769973725.9698398,820,-2.7369937896728516
1769973729.3189273,821,-1.90430748462677
1769973732.406122,822,-2.8635597229003906
1769973732.6403778,823,0.5648579597473145
1769973738.2655427,824,-2.569964647293091
1769973741.654988,825,-1.7254695892333984
1769973770.8426566,826,-2.752087354660034
1769973781.1108851,827,-2.4126367568969727
1769973806.8236725,828,-2.5222926139831543
1769973811.5782418,829,-2.75669527053833
1769973822.4988914,830,-2.593787670135498
1769973830.2292278,831,-2.0825741291046143
1769973844.1675982,832,-2.767285108566284
1769974019.050715,833,-2.503358840942383
1769974024.4314485,834,-1.954429268836975
1769974033.8611472,835,-2.517901659011841
1769974042.8460472,836,-2.630354642868042
1769974062.6802082,837,-3.117513656616211
1769974064.632493,838,-1.5693597793579102
1769974085.053788,839,-2.243152141571045
1769974088.9458497,840,-1.9549291133880615
1769974091.157925,841,-3.4028537273406982
1769974104.7988708,842,-2.475548505783081
1769974109.5770092,843,-2.387582540512085
1769974113.434458,844,-2.5292530059814453
1769974125.0537028,845,-2.5846807956695557
1769974159.1624591,846,-2.6353752613067627
1769974175.7170415,847,-2.4046592712402344
1769974179.3898394,848,-1.977281093597412
1769974184.7032404,849,-2.2093307971954346
1769974188.8757455,850,-3.065582275390625
1769974192.8784125,851,-3.1806817054748535
1769974206.4580135,852,-2.875335216522217
1769974214.3374684,853,-2.3618526458740234
1769974218.453658,854,-2.068067789077759
1769974230.7181153,855,-2.7245795726776123
1769974233.67296,856,-2.4950737953186035
1769974234.0732474,857,0.3859397768974304
1769974238.5748332,858,-2.367760419845581
1769974241.5259435,859,-1.7762655019760132
1769974258.8017218,860,-2.9139959812164307
1769974280.1305532,861,-3.006298065185547
1769974288.5358791,862,-2.6223371028900146
1769974364.1094263,863,-3.349003791809082
1769974368.1076572,864,-1.8654818534851074
1769974390.5009215,865,-2.6692147254943848
1769974400.7017155,866,-2.8044111728668213
1769974404.9077313,867,-2.384021043777466
1769974408.1306808,868,-3.4884557723999023
1769974430.1332023,869,-2.738736867904663
1769974430.271977,870,-2.4291980266571045
1769974433.2321417,871,-2.108285903930664
1769974438.4854765,872,-3.2137367725372314
1769974442.920238,873,-2.363507032394409
1769974447.0048606,874,-2.936365842819214
1769974452.0858498,875,-3.1240389347076416
1769974472.2100227,876,-2.724722146987915
1769974484.8846874,877,-2.91688871383667
1769974491.243394,878,-2.518528938293457
1769974498.798971,879,-3.105882167816162
1769974502.7552128,880,-3.5394985675811768
1769974511.4340541,881,-2.9524285793304443
1769974516.3283808,882,-2.7762107849121094
1769974530.8456323,883,-2.7457292079925537
1769974534.877367,884,-3.7779204845428467
1769974540.100696,885,-2.483578681945801
1769974542.2712698,886,-3.8292465209960938
1769974545.2161245,887,-3.7249391078948975
1769974548.1642547,888,-2.9732940196990967
1769974551.5157726,889,-1.831714391708374
1769974557.6459353,890,-2.52097487449646
1769974561.5594647,891,-1.6725056171417236
1769974564.9572093,892,-2.9302141666412354
1769974573.27191,893,-2.665743350982666
1769974575.2647097,894,-2.791016101837158
1769974599.6596985,895,-2.771564483642578
1769974602.6712933,896,-2.1052005290985107
1769974629.6253986,897,-2.62648868560791
1769974636.3962975,898,-2.335268259048462
1769974644.8939962,899,-2.6101691722869873
1769974730.0146604,900,-5.291885852813721
1769974733.494496,901,-3.2464921474456787
1769974735.983416,902,-2.6592578887939453
1769974743.452471,903,-2.677039384841919
1769974745.3246694,904,-2.912665367126465
1769974752.7029781,905,-3.116978645324707
1769974752.8249354,906,-0.35941097140312195
1769974755.8209724,907,-2.637848377227783
1769974765.2877998,908,-3.357933282852173
1769974770.6795247,909,-2.7835805416107178
1769974775.815002,910,-2.6016244888305664
1769974778.7686555,911,-1.9158179759979248
1769974819.5528898,912,-2.447683572769165
1769974820.0560713,913,-2.0842981338500977
1769974820.6264117,914,-1.6379603147506714
1769974821.0258276,915,-4.244999885559082
1769974821.8220997,916,-2.116762638092041
1769974822.5120895,917,-2.732273578643799
1769974823.1953793,918,-4.744462966918945
1769974823.5389583,919,-1.3127150535583496
1769974823.9991932,920,-5.677117347717285
1769974824.681,921,-2.54618239402771
1769974828.8693972,922,-2.516172170639038
1769974830.8884494,923,-2.3861160278320312
1769974838.3942816,924,-2.812887668609619
1769974847.386941,925,-2.37373423576355
1769974858.5261464,926,-2.3908777236938477
1769974871.1954193,927,-2.2262160778045654
1769974881.1163442,928,-2.448321580886841
1769974881.242245,929,7.334936618804932
1769974891.8754714,930,-2.745279312133789
1769974892.0005667,931,-3.5737922191619873
1769974892.1185706,932,-4.645732402801514
1769974898.2367554,933,-2.657268762588501
1769974898.642292,934,0.05165477842092514
1769974915.0506842,935,-2.203871965408325
1769974918.8132617,936,-1.8965158462524414
1769974925.1013777,937,-1.6448758840560913
1769974926.531235,938,-1.939698576927185
1769974939.3132827,939,-2.497197151184082
1769974941.2515204,940,-1.1365903615951538
1769974948.9105544,941,-2.707838296890259
1769974952.3594842,942,-3.4238483905792236
1769974956.0051472,943,-3.0088157653808594
1769974959.288639,944,-2.9391331672668457
1769974966.4066386,945,-2.057368278503418
1769974977.7863688,946,-2.557373285293579
1769974986.3323,947,-2.3127622604370117
1769975006.4049175,948,-1.98777174949646
1769975010.496163,949,-3.1707706451416016
1769975117.276964,950,-1.3364319801330566
1769975124.8079066,951,-2.5889601707458496
1769975128.004005,952,-2.9142959117889404
1769975134.6072423,953,-2.3634390830993652
1769975140.3719878,954,-2.2549638748168945
1769975152.5690186,955,-2.222078800201416
1769975163.8206077,956,-3.012859344482422
1769975165.2419853,957,-1.9742769002914429
1769975187.3068397,958,-2.365131378173828
1769975192.5289922,959,-1.7963407039642334
1769975195.530383,960,-2.556518316268921
1769975200.905876,961,-2.78814435005188
1769975208.3755507,962,-1.8857735395431519
1769975238.6050315,963,-2.534961462020874
1769975248.8916993,964,-2.563311815261841
1769975251.868282,965,-3.0325393676757812
1769975258.6208065,966,-2.5748300552368164
1769975261.612098,967,-1.787596344947815
1769975267.1398485,968,-2.3416943550109863
1769975270.1199794,969,-1.4175949096679688
1769975270.2383816,970,-3.9550864696502686
1769975284.2448459,971,-2.115354299545288
1769975287.9626393,972,-2.1828737258911133
1769975310.6357405,973,-2.353997230529785
1769975315.6969786,974,-1.7149755954742432
1769975315.8181877,975,3.1176605224609375
1769975330.5127585,976,-2.025153398513794
1769975338.6794593,977,-2.513200521469116
1769975344.9209552,978,-1.9829157590866089
1769975346.1154964,979,-3.0009851455688477
1769975353.231512,980,-1.931143879890442
1769975358.344523,981,-2.6183419227600098
1769975400.4367332,982,-2.3222200870513916
1769975520.2573514,983,-2.2316665649414062
1769975522.2250988,984,-2.3094048500061035
1769975539.959933,985,-1.8542344570159912
1769975563.9092114,986,-2.2193896770477295
1769975574.183524,987,-2.0376102924346924
1769975586.7317028,988,-2.1542623043060303
1769975618.7813454,989,-1.8481838703155518
1769975625.0312414,990,-1.7839655876159668
1769975632.2203648,991,-2.0671606063842773
1769975645.519311,992,-1.4470149278640747
1769975655.1225271,993,-2.010761260986328
1769975682.6527863,994,-1.672453761100769
1769975685.631066,995,-2.3024203777313232
1769975696.4956634,996,-1.6867862939834595
1769975706.795749,997,-1.7452871799468994
1769975715.643171,998,-1.233106255531311
1769975719.7749798,999,-1.3796014785766602
1769975724.0321367,1000,-1.7439478635787964
1769975727.5958076,1001,-1.7851805686950684
1769975731.9622629,1002,-1.8431727886199951
1769975757.0901687,1003,-1.575182557106018
1769975760.0762017,1004,-1.2076592445373535
1769975760.7111228,1005,-0.8702757954597473
1769975765.6295946,1006,-1.3382574319839478
1769975777.6447086,1007,-1.864464282989502
1769975791.0202851,1008,-1.4206005334854126
1769975791.5482373,1009,0.202142596244812
1769975805.5790794,1010,-1.6362931728363037
1769975883.9386802,1011,-3.739794969558716
1769975892.503119,1012,-1.3433239459991455
1769975916.1902492,1013,-2.07609486579895
1769975916.7821786,1014,-2.525345802307129
1769975950.334861,1015,-1.8872387409210205
1769975963.7221813,1016,-1.882017970085144
1769975966.421549,1017,-2.3278605937957764
1769975966.5413775,1018,-0.2743549346923828
1769975974.2435892,1019,-1.8702452182769775
1769975977.2059982,1020,-2.0414252281188965
1769975983.710648,1021,-2.2234628200531006
1769975988.7395627,1022,-1.653782606124878
1769976000.7457635,1023,-1.7057223320007324
1769976007.1899734,1024,-1.8467966318130493
1769976038.7195556,1025,-1.6566336154937744
1769976043.882498,1026,-1.554909348487854
1769976049.4025118,1027,-1.5790226459503174
1769976049.5237045,1028,-0.6743932366371155
1769976052.5213637,1029,-3.139913558959961
1769976066.038062,1030,-1.828578233718872
1769976066.1673853,1031,-0.4146122932434082
1769976070.9761698,1032,-1.9872913360595703
1769976076.7309868,1033,-1.6183691024780273
1769976077.3139865,1034,-2.6111862659454346
1769976095.5201442,1035,-1.9709434509277344
1769976100.4461565,1036,-2.1149203777313232
1769976104.577842,1037,-2.19006609916687
1769976105.4330914,1038,-3.334537982940674
1769976128.786755,1039,-1.765453577041626
1769976160.983259,1040,-2.0120246410369873
1769976246.781423,1041,-2.240679979324341
1769976256.739042,1042,-2.0243747234344482
1769976284.7383993,1043,-2.3662052154541016
1769976285.6563675,1044,-2.390286684036255
1769976298.2285469,1045,-1.4781168699264526
1769976305.3097777,1046,-1.2718359231948853
1769976309.7601879,1047,-1.2943328619003296
1769976316.5334866,1048,-1.735408902168274
1769976326.706748,1049,-2.1906635761260986
1769976332.922909,1050,-2.445669651031494
1769976341.9829683,1051,-1.3143812417984009
1769976342.3882127,1052,-5.843910217285156
1769976346.8652806,1053,-1.1736177206039429
1769976352.0786242,1054,-1.657701849937439
1769976373.3112085,1055,-1.8441407680511475
1769976374.8280268,1056,-1.501628041267395
1769976384.1759434,1057,-1.8759411573410034
1769976392.9949033,1058,-1.9420725107192993
1769976396.5245814,1059,-1.405373215675354
1769976402.4852479,1060,-1.8481694459915161
1769976438.139495,1061,-1.5526217222213745
1769976441.11964,1062,-1.4662208557128906
1769976445.693518,1063,-1.9358632564544678
1769976458.0587792,1064,-1.675581693649292
1769976468.5242953,1065,-1.6579641103744507
1769976474.467919,1066,-1.705769419670105
1769976474.5881917,1067,-0.8974399566650391
1769976479.4368222,1068,-1.9428284168243408
1769976504.95632,1069,-1.437386155128479
1769976505.110737,1070,4.134368896484375
1769976513.4069026,1071,-1.5195914506912231
1769976514.2119074,1072,-1.5190887451171875
1769976524.7361684,1073,-1.9041107892990112
1769976536.8310795,1074,-1.5109764337539673
1769976612.3967462,1075,-2.2843515872955322
1769976643.694311,1076,-1.6298490762710571
1769976647.4544606,1077,-1.7699270248413086
1769976658.6475513,1078,-1.3659358024597168
1769976667.2875922,1079,-1.6495165824890137
1769976678.938258,1080,-1.2349404096603394
1769976681.8936355,1081,-0.7149114012718201
1769976704.0290723,1082,-0.9434288144111633
1769976704.2209032,1083,-0.07463157176971436
1769976729.9760754,1084,-1.1415483951568604
1769976744.3518465,1085,-1.4207357168197632
1769976772.056695,1086,-1.3987957239151
1769976779.95571,1087,-1.6057978868484497
1769976783.3651912,1088,-1.0919066667556763
1769976786.3436372,1089,-2.1753602027893066
1769976794.2221696,1090,-1.0930145978927612
1769976808.9321623,1091,-1.6745779514312744
1769976816.7431629,1092,-1.24232017993927
1769976816.8665507,1093,-3.924421787261963
1769976820.2113853,1094,-2.126472234725952
1769976825.7539334,1095,-1.7527579069137573
1769976831.1910856,1096,-1.3069002628326416
1769976841.0751219,1097,-1.5714242458343506
1769976846.5067866,1098,-1.3632625341415405
1769976854.4700494,1099,-1.5473121404647827
1769976861.2527382,1100,-0.6876815557479858
1769976879.2404895,1101,-1.0520694255828857
1769976886.1991124,1102,-1.672749400138855
1769977001.6794202,1103,-1.3289991617202759
1769977013.4963346,1104,-1.381946086883545
1769977023.5923266,1105,-1.3603665828704834
1769977037.2158844,1106,-0.987166702747345
1769977049.817629,1107,-1.0126436948776245
1769977061.9386008,1108,-1.558645248413086
1769977066.2844856,1109,-1.1715190410614014
1769977096.3290079,1110,-1.3303842544555664
1769977113.093202,1111,-1.4342758655548096
1769977114.1326125,1112,-0.48465460538864136
1769977120.938517,1113,-1.3384969234466553
1769977146.6625996,1114,-1.6310323476791382
1769977155.4493546,1115,-1.3146507740020752
1769977162.7400324,1116,-0.9983652830123901
1769977184.8158019,1117,-1.3928850889205933
1769977203.963002,1118,-1.600427269935608
1769977230.132396,1119,-1.5829147100448608
1769977239.776975,1120,-0.7112674117088318
1769977242.7830997,1121,-1.5374665260314941
1769977247.1935117,1122,-1.4718741178512573
1769977259.3584042,1123,-1.255216121673584
1769977268.5312488,1124,-1.3008582592010498
1769977277.588828,1125,-1.2139421701431274
1769977289.2896674,1126,-2.0521860122680664
1769977402.6153893,1127,-1.66858971118927
1769977417.5922441,1128,-2.1044387817382812
1769977425.5319219,1129,-1.1971758604049683
1769977439.2815511,1130,-1.5567718744277954
1769977451.9397762,1131,-1.6048829555511475
1769977455.242423,1132,-2.228987693786621
1769977459.7263298,1133,-2.179762840270996
1769977459.965728,1134,-1.75881028175354
1769977469.3276002,1135,-2.1138932704925537
1769977482.4591494,1136,-2.0943350791931152
1769977504.374889,1137,-1.8918942213058472
1769977512.0189066,1138,-2.1114063262939453
1769977530.4434824,1139,-1.7512680292129517
1769977547.7293706,1140,-1.5668103694915771
1769977553.3189018,1141,-1.7165038585662842
1769977558.5376408,1142,-1.649868130683899
1769977569.1978195,1143,-1.4472256898880005
1769977572.1540413,1144,-1.589254379272461
1769977578.4214623,1145,-1.8563714027404785
1769977591.6686912,1146,-1.3645950555801392
1769977608.4817972,1147,-2.592205286026001
1769977613.916671,1148,-2.230010509490967
1769977662.0402596,1149,-1.863466501235962
1769977666.9417183,1150,-1.9836552143096924
1769977682.7750633,1151,-2.463284730911255
1769977822.0079556,1152,-1.8760863542556763
1769977829.5965931,1153,-2.233220100402832
1769977834.7261386,1154,-1.8312853574752808
1769977836.100736,1155,-2.0558629035949707
1769977846.5510178,1156,-2.1740126609802246
1769977855.5750554,1157,-2.460155963897705
1769977858.5281475,1158,-1.159584879875183
1769977867.4465625,1159,-2.050902843475342
1769977870.416068,1160,-1.6413038969039917
1769977882.9985225,1161,-1.7692959308624268
1769977885.9996119,1162,-1.5191078186035156
1769977896.4493878,1163,-2.1485931873321533
1769977902.6168,1164,-2.1301486492156982
1769977907.3155787,1165,-2.0013558864593506
1769977912.8010654,1166,-2.4725234508514404
1769977918.0945253,1167,-2.3458986282348633
1769977926.4178376,1168,-2.275808095932007
1769977934.2833676,1169,-2.5981605052948
1769977938.7731564,1170,-1.6479613780975342
1769977950.935285,1171,-2.277373790740967
1769977957.669926,1172,-2.383507490158081
1769977965.2043817,1173,-1.7095298767089844
1769977987.302932,1174,-2.089508295059204
1769977992.9642673,1175,-2.2438974380493164
1769977997.1189637,1176,-1.9764989614486694
1769978011.8700519,1177,-2.3016788959503174
1769978017.6661055,1178,-2.253852605819702
1769978022.6533895,1179,-1.8271291255950928
1769978022.774435,1180,-2.2881758213043213
1769978025.7314403,1181,-1.8294159173965454
1769978035.7645974,1182,-2.7081711292266846
1769978047.129902,1183,-2.5980355739593506
1769978063.1592925,1184,-2.5105810165405273
1769978072.2960737,1185,-2.3859362602233887
1769978127.4686599,1186,-2.6288814544677734
1769978243.6595216,1187,-3.0468719005584717
1769978252.3381019,1188,-2.9578697681427
1769978271.284647,1189,-2.714139461517334
1769978277.8170977,1190,-3.481920003890991
1769978301.3801084,1191,-3.0350329875946045
1769978312.917254,1192,-2.789238929748535
1769978323.6879275,1193,-2.351130962371826
1769978333.8375304,1194,-2.9881598949432373
1769978337.9691064,1195,-2.4951910972595215
1769978340.9208474,1196,-1.116271734237671
1769978347.5331059,1197,-2.7311549186706543
1769978351.6067445,1198,-2.8442087173461914
1769978355.01132,1199,-3.129728078842163
1769978377.0820467,1200,-3.1042978763580322
1769978386.3455253,1201,-2.7464561462402344
1769978392.711879,1202,-2.0220155715942383
1769978397.0874326,1203,-3.2338321208953857
1769978424.8394225,1204,-2.76914381980896
1769978427.861482,1205,-2.6702191829681396
1769978435.7242103,1206,-2.7076501846313477
1769978447.5254238,1207,-2.0547778606414795
1769978451.6178174,1208,-2.5202131271362305
1769978460.92539,1209,-2.44775128364563
1769978473.9378395,1210,-2.7690610885620117
1769978474.0664983,1211,-4.798542022705078
1769978477.0505247,1212,-2.5016391277313232
1769978483.5240574,1213,-2.8952372074127197
1769978494.1093698,1214,-3.3901526927948
1769978611.235594,1215,-2.822655439376831
1769978616.184993,1216,-3.0428712368011475
1769978620.8137734,1217,-2.465670347213745
1769978624.516684,1218,-2.38915753364563
1769978632.5394633,1219,-2.7383127212524414
1769978636.2791758,1220,-3.233552932739258
1769978640.5636659,1221,-3.5532779693603516
1769978645.1775503,1222,-2.7220895290374756
1769978690.6635149,1223,-3.359534502029419
1769978697.8196368,1224,-3.302199602127075
1769978714.8717961,1225,-3.1246378421783447
1769978718.5286047,1226,-3.0328149795532227
1769978723.7156007,1227,-2.4447274208068848
1769978732.0311906,1228,-2.6709046363830566
1769978739.372348,1229,-3.0027072429656982
1769978752.3692772,1230,-2.7990105152130127
1769978752.4956524,1231,-3.4752445220947266
1769978756.7833734,1232,-2.8026280403137207
1769978759.7322922,1233,-3.528489589691162
1769978761.2970672,1234,-2.939222574234009
1769978768.4355397,1235,-3.5350873470306396
1769978771.9465983,1236,-3.8218233585357666
1769978776.16273,1237,-3.2143261432647705
1769978783.83687,1238,-3.464649200439453
1769978787.0522504,1239,-2.266648054122925
1769978813.107241,1240,-3.369133472442627
1769978820.7823114,1241,-3.3136136531829834
1769978834.9825215,1242,-3.485215663909912
1769978851.6260765,1243,-3.5757133960723877
1769978863.5920584,1244,-3.3522138595581055
1769978998.7224624,1245,-3.5573203563690186
1769978998.8581107,1246,0.2849980294704437
1769979001.8506749,1247,-2.9056217670440674
1769979010.6294835,1248,-3.263512134552002
1769979018.3183746,1249,-3.8250067234039307
1769979021.2717907,1250,-3.3626232147216797
1769979024.7294617,1251,-3.9135079383850098
1769979035.852834,1252,-3.6981184482574463
1769979038.8060164,1253,-3.32376766204834
1769979051.7873845,1254,-4.118097305297852
1769979096.0958328,1255,-4.0632643699646
1769979099.0942886,1256,-4.717447280883789
1769979109.254385,1257,-4.773836135864258
1769979117.3239658,1258,-4.743307590484619
1769979132.8811104,1259,-4.282492637634277
1769979145.6100044,1260,-4.548282146453857
1769979151.6580918,1261,-4.314133167266846
1769979158.9296196,1262,-4.875300407409668
1769979182.0102139,1263,-4.631256103515625
1769979197.0811346,1264,-4.7312541007995605
1769979213.6250978,1265,-4.999419689178467
1769979226.5378153,1266,-5.051390171051025
1769979248.9106863,1267,-4.849218845367432
1769979254.6428683,1268,-4.303762912750244
1769979262.2478673,1269,-4.643196105957031
1769979324.617249,1270,-5.1102190017700195
1769979328.292773,1271,-5.403037071228027
1769979335.757789,1272,-4.673252582550049
1769979343.6670241,1273,-4.192150115966797
1769979352.9794707,1274,-4.258408546447754
1769979355.9480124,1275,-5.6210432052612305
1769979375.734067,1276,-5.092243194580078
1769979385.987675,1277,-4.817281723022461
1769979405.17252,1278,-5.5984883308410645
1769979413.8069463,1279,-5.597806930541992
1769979424.4796996,1280,-5.021840572357178
1769979438.111817,1281,-5.578883171081543
1769979460.881188,1282,-5.594590187072754
1769979463.8608305,1283,-5.7617363929748535
1769979472.8767087,1284,-4.941421031951904
1769979473.0039828,1285,-7.332806587219238
1769979477.4910753,1286,-4.969736099243164
1769979486.888022,1287,-5.8693156242370605
1769979498.2925029,1288,-5.442012786865234
1769979502.2890387,1289,-6.0293402671813965
1769979528.623119,1290,-5.547653675079346
1769979535.7056665,1291,-5.215675354003906
1769979548.4448786,1292,-5.022726058959961
1769979567.2848883,1293,-5.796349048614502
1769979579.2241511,1294,-5.529903888702393
1769979586.5997941,1295,-5.734715461730957
1769979600.601585,1296,-5.80406379699707
1769979702.7588072,1297,-5.2674360275268555
1769979714.3661633,1298,-5.657692909240723
1769979728.67996,1299,-6.061629772186279
1769979734.8023078,1300,-5.608858585357666
1769979740.59323,1301,-5.149065971374512
1769979768.1528404,1302,-6.105576038360596
1769979771.1724508,1303,-5.9617180824279785
1769979774.1445138,1304,-6.4366230964660645
1769979777.148544,1305,-6.034160137176514
1769979787.1992888,1306,-6.018590450286865
1769979796.865333,1307,-6.163482189178467
1769979801.5246594,1308,-5.616962432861328
1769979804.9714925,1309,-6.546262741088867
1769979811.772806,1310,-6.0846991539001465
1769979811.8963838,1311,-11.006662368774414
1769979814.8403811,1312,-5.862367630004883
1769979817.7837775,1313,-6.670899868011475
1769979823.5859115,1314,-5.932044982910156
1769979827.9022098,1315,-6.9210028648376465
1769979835.3043764,1316,-5.473739147186279
1769979840.173183,1317,-5.627317905426025
1769979876.075124,1318,-6.082746982574463
1769979876.2239656,1319,-5.535228252410889
1769979884.382341,1320,-6.430792808532715
1769979889.092482,1321,-6.032231330871582
1769979900.5282927,1322,-6.408239364624023
1769979920.1240883,1323,-5.884092330932617
1769979923.5551517,1324,-5.300238609313965
1769979933.3760026,1325,-6.170956134796143
1769979939.9486284,1326,-6.289760589599609
1769979948.4131727,1327,-5.76693058013916
1769979954.9172657,1328,-5.541927814483643
1769979966.6637785,1329,-6.124945640563965
1769979971.7643347,1330,-6.372137546539307
1769979974.7272067,1331,-6.456523418426514
1769980189.4196088,1332,-5.372175216674805
1769980201.8067014,1333,-6.2998247146606445
1769980208.8363125,1334,-6.469257354736328
1769980225.8723402,1335,-6.426098823547363
1769980228.8510842,1336,-6.3948235511779785
1769980230.3932068,1337,-5.058967113494873
1769980246.9898665,1338,-6.35643196105957
1769980266.2397227,1339,-6.150142669677734
1769980275.450488,1340,-6.157548427581787
1769980291.985438,1341,-5.914777755737305
1769980296.2936213,1342,-6.278450012207031
1769980306.9131784,1343,-6.489276885986328
1769980311.3337822,1344,-6.402495861053467
1769980345.0432625,1345,-6.0166497230529785
1769980354.0929554,1346,-6.102787017822266
1769980357.0561173,1347,-5.740110874176025
1769980363.691267,1348,-6.513250827789307
1769980367.379614,1349,-6.52040958404541
1769980374.6568408,1350,-6.596006393432617
1769980378.233972,1351,-6.87604284286499
1769980381.1730418,1352,-7.31959342956543
1769980392.3724644,1353,-5.905787467956543
1769980404.280959,1354,-6.7768659591674805
1769980414.811128,1355,-6.698231220245361
1769980417.1297052,1356,-6.966859340667725
1769980417.2498353,1357,2.0414700508117676
1769980421.4425757,1358,-6.49875020980835
1769980442.7707598,1359,-6.53184175491333
1769980447.4902,1360,-7.192715167999268
1769980463.780097,1361,-6.494399070739746
1769980467.3091955,1362,-5.905460834503174
1769980525.3677726,1363,-6.87980842590332
1769980531.8483033,1364,-6.828232288360596
1769980533.5529954,1365,-6.6499128341674805
1769980542.3358288,1366,-6.687686920166016
1769980545.3002572,1367,-6.7117109298706055
1769980548.2515295,1368,-7.127607345581055
1769980549.3341496,1369,-6.811195373535156
1769980552.7921317,1370,-6.557668209075928
1769980558.1921675,1371,-6.829040050506592
1769980568.4616022,1372,-6.850411891937256
1769980568.8463159,1373,-7.822362422943115
1769980571.8080668,1374,-7.652716636657715
1769980574.7975595,1375,-7.283233165740967
1769980580.5414546,1376,-7.231327533721924
1769980586.5929208,1377,-6.791667938232422
1769980596.580396,1378,-7.191835403442383
1769980619.2577527,1379,-7.229517459869385
1769980624.4457648,1380,-7.393886566162109
1769980633.6874654,1381,-7.642306804656982
1769980642.2246807,1382,-8.320757865905762
1769980653.5222142,1383,-7.975688457489014
1769980659.5072207,1384,-6.657889366149902
1769980674.3902287,1385,-7.604404449462891
1769980691.106958,1386,-7.563843727111816
1769980708.7473865,1387,-7.665917873382568
1769980717.6896393,1388,-7.873925685882568
1769980722.1314368,1389,-7.627530097961426
1769980727.7339678,1390,-7.3700079917907715
1769980741.3317761,1391,-7.345008850097656
1769980747.899691,1392,-7.850377082824707
1769980761.7861378,1393,-8.21120548248291
1769980772.2582223,1394,-8.017520904541016
1769980778.7831347,1395,-8.0261869430542
1769980778.9058568,1396,-8.762340545654297
1769980782.821723,1397,-8.210437774658203
1769980787.8020062,1398,-8.007506370544434
1769980792.8413918,1399,-7.995751857757568
1769980810.527361,1400,-8.307412147521973
1769980878.919658,1401,-7.900353908538818
1769980891.3774278,1402,-7.859908103942871
1769980910.307203,1403,-8.483241081237793
1769980915.4116547,1404,-7.181003093719482
1769980918.3911624,1405,-7.5247111320495605
1769980922.5745952,1406,-8.091377258300781
1769980925.5277267,1407,-8.298944473266602
1769980935.6594462,1408,-8.305027961730957
1769980943.302844,1409,-8.18254566192627
1769980946.9825568,1410,-8.591776847839355
1769980949.948985,1411,-8.38795280456543
1769980953.1151073,1412,-7.652965068817139
1769980953.2349858,1413,-10.517010688781738
1769980963.9866827,1414,-8.302865982055664
1769980972.6488779,1415,-8.329099655151367
1769980980.0935194,1416,-7.940249443054199
1769980980.2159016,1417,-17.627586364746094
1769980983.174947,1418,-8.133000373840332
1769980985.1055422,1419,-8.442688941955566
1769981000.932395,1420,-8.098644256591797
1769981019.2661529,1421,-8.78392219543457
1769981023.1760492,1422,-8.58311653137207
1769981026.1662736,1423,-9.346766471862793
1769981033.0706549,1424,-7.742081642150879
1769981052.5854604,1425,-8.598817825317383
1769981052.7195725,1426,-8.054099082946777
1769981052.8363056,1427,-6.57845401763916
1769981061.721939,1428,-8.509405136108398
1769981064.6800227,1429,-8.455843925476074
1769981069.0139217,1430,-8.35546588897705
1769981075.109689,1431,-8.351819038391113
1769981080.9165995,1432,-8.663243293762207
1769981093.0027175,1433,-8.465263366699219
1769981093.1308987,1434,-8.218928337097168
1769981108.6390634,1435,-8.819881439208984
1769981112.5526628,1436,-8.91629695892334
1769981116.2820065,1437,-8.565473556518555
1769981125.522959,1438,-8.651089668273926
1769981128.7155433,1439,-8.565962791442871
1769981142.3348873,1440,-9.162100791931152
1769981152.2078269,1441,-8.190224647521973
1769981340.935788,1442,-8.935641288757324
1769981348.700984,1443,-8.446261405944824
1769981353.178496,1444,-8.988779067993164
1769981358.507281,1445,-8.47892951965332
1769981364.0636222,1446,-8.479785919189453
1769981379.4147534,1447,-8.924066543579102
1769981383.5010383,1448,-8.92181396484375
1769981390.1857133,1449,-8.890974998474121
1769981390.3070452,1450,-1.50187087059021
1769981399.6553595,1451,-8.897459983825684
1769981406.4029016,1452,-8.69960880279541
1769981423.6335123,1453,-8.90831184387207
1769981427.263683,1454,-7.960191249847412
1769981442.2686534,1455,-8.97017765045166
1769981446.236734,1456,-9.198494911193848
1769981454.5027294,1457,-8.826892852783203
1769981476.0743964,1458,-9.476845741271973
1769981499.5767307,1459,-9.039591789245605
1769981502.4032347,1460,-9.05085563659668
1769981506.8464108,1461,-8.727056503295898
1769981511.597495,1462,-9.214445114135742
1769981526.6078367,1463,-9.352635383605957
1769981529.5695667,1464,-9.024480819702148
1769981552.3640587,1465,-8.815605163574219
1769981558.8749669,1466,-8.760968208312988
1769981568.27612,1467,-9.30846881866455
1769981571.238375,1468,-9.878142356872559
1769981625.3090172,1469,-9.208560943603516
1769981812.630915,1470,-8.691727638244629
1769981818.878828,1471,-9.399198532104492
1769981822.8751109,1472,-9.281843185424805
1769981851.4662528,1473,-9.290292739868164
1769981857.9726586,1474,-9.263564109802246
1769981876.5569174,1475,-8.984027862548828
1769981884.4897254,1476,-9.730899810791016
1769981891.867931,1477,-9.641249656677246
1769981909.3752973,1478,-9.49042797088623
1769981909.5067363,1479,-6.666512966156006
1769981918.5223997,1480,-9.59326457977295
1769981931.8401055,1481,-9.743561744689941
1769981950.5771124,1482,-9.55849838256836
1769981965.1373968,1483,-9.468437194824219
1769981968.6818056,1484,-9.672383308410645
1769981971.5465877,1485,-9.321063995361328
1769981987.1008923,1486,-9.6129150390625
1769981987.7417262,1487,-10.31135082244873
1769981998.3296258,1488,-9.607025146484375
1769982005.096792,1489,-10.519492149353027
1769982018.3594477,1490,-10.2196044921875
1769982022.2873473,1491,-9.021265029907227
1769982025.2851214,1492,-10.235654830932617
1769982031.9949002,1493,-9.544480323791504
1769982043.67411,1494,-10.248608589172363
1769982070.262531,1495,-9.814827919006348
1769982087.1805396,1496,-9.928499221801758
1769982170.7983751,1497,-8.965928077697754
1769982182.3680174,1498,-10.031365394592285
1769982188.2903275,1499,-10.316805839538574
1769982195.1059268,1500,-9.854679107666016
1769982204.1942394,1501,-9.556777954101562
1769982208.9492729,1502,-10.884164810180664
1769982220.5305223,1503,-10.22519302368164
1769982249.6223793,1504,-10.027003288269043
1769982262.1623552,1505,-9.955177307128906
1769982269.465627,1506,-10.531365394592285
1769982270.5859597,1507,-9.489569664001465
1769982277.3761737,1508,-10.555374145507812
1769982277.4978867,1509,-12.464630126953125
1769982318.2543297,1510,-10.058588981628418
1769982326.020821,1511,-10.01898193359375
1769982332.5604408,1512,-9.918617248535156
1769982338.7640853,1513,-10.577502250671387
1769982340.2419693,1514,-10.705192565917969
1769982343.1932163,1515,-10.823075294494629
1769982349.1997547,1516,-10.149884223937988
1769982367.1265552,1517,-10.142977714538574
1769982379.9416802,1518,-10.441182136535645
1769982388.6541085,1519,-10.578768730163574
1769982399.9633667,1520,-10.109102249145508
1769982416.0599651,1521,-10.58277702331543
1769982417.9558837,1522,-9.778749465942383
1769982418.0752609,1523,-11.502219200134277
1769982425.0902207,1524,-10.414159774780273
1769982439.4803085,1525,-10.371947288513184
1769982448.319943,1526,-10.801085472106934
1769982453.2024548,1527,-11.382587432861328
1769982587.6308844,1528,-10.144257545471191
1769982593.9003806,1529,-10.457145690917969
1769982596.8726916,1530,-10.663254737854004
1769982601.0919034,1531,-10.76323127746582
1769982604.3229637,1532,-10.8549165725708
1769982622.8530443,1533,-10.121277809143066
1769982645.121245,1534,-10.572525978088379
1769982659.0358787,1535,-10.369561195373535
1769982684.642948,1536,-10.360097885131836
1769982709.7417457,1537,-10.684078216552734
1769982731.8385577,1538,-10.707545280456543
1769982735.042824,1539,-10.38617992401123
1769982735.1630418,1540,-10.272263526916504
1769982764.6273534,1541,-10.6727876663208
1769982765.9252014,1542,-10.735382080078125
1769982779.7891667,1543,-10.923418998718262
1769982782.7067187,1544,-10.782283782958984
1769982802.4939914,1545,-10.760163307189941
1769982811.6794703,1546,-11.335415840148926
1769982822.6066737,1547,-10.341912269592285
1769982829.3816938,1548,-10.847175598144531
1769982849.1917295,1549,-9.815613746643066
1769982852.1954205,1550,-11.541338920593262
1769982852.3130465,1551,-9.577402114868164
1769982855.2641284,1552,-10.433633804321289
1769982862.628987,1553,-10.340035438537598
1769982869.811814,1554,-10.205728530883789
1769982912.0121722,1555,-10.995589256286621
1769982914.9914482,1556,-10.476491928100586
1769982918.1762931,1557,-10.181884765625
1769982931.4308696,1558,-10.49533462524414
1769982942.2456021,1559,-11.02868938446045
1769982944.7015252,1560,-12.857585906982422
1769982957.1290042,1561,-10.830368995666504
1769982965.59968,1562,-10.673674583435059
1769982968.6820455,1563,-11.010647773742676
1769982986.75504,1564,-10.519315719604492
1769982991.539452,1565,-10.679099082946777
1769983001.8694282,1566,-10.596250534057617
1769983007.5683277,1567,-10.670867919921875
1769983010.5642722,1568,-11.950672149658203
1769983022.350432,1569,-10.480660438537598
1769983034.1245675,1570,-11.29342269897461
1769983037.128275,1571,-11.19687557220459
1769983040.4671206,1572,-11.552094459533691
1769983040.586779,1573,-8.295454025268555
1769983044.0436285,1574,-11.02441120147705
1769983047.6032825,1575,-11.3771390914917
1769983053.6450257,1576,-11.212505340576172
1769983056.6484852,1577,-10.301775932312012
1769983059.4303772,1578,-9.69786262512207
1769983064.924402,1579,-10.778706550598145
1769983080.3580031,1580,-10.676250457763672
1769983084.205575,1581,-10.653011322021484
1769983104.8301854,1582,-10.760603904724121
1769983110.7838645,1583,-10.477651596069336
1769983116.963632,1584,-11.298462867736816
1769983119.9185252,1585,-9.606663703918457
1769983122.0237088,1586,-10.084217071533203
1769983141.111004,1587,-11.28742790222168
1769983216.181682,1588,-10.635855674743652
1769983229.1712725,1589,-11.031492233276367
1769983277.2802274,1590,-10.745373725891113
1769983281.2382882,1591,-10.087396621704102
1769983285.7065816,1592,-10.532224655151367
1769983285.826777,1593,-11.1156005859375
1769983297.5985928,1594,-11.05369758605957
1769983307.172931,1595,-10.520736694335938
1769983310.1311965,1596,-10.543728828430176
1769983316.27531,1597,-10.5153169631958
1769983337.633905,1598,-10.959149360656738
1769983340.783449,1599,-10.487781524658203
1769983340.9043612,1600,-7.628047466278076
1769983346.378038,1601,-9.934395790100098
1769983346.501028,1602,-6.161632061004639
1769983356.9759824,1603,-10.640839576721191
1769983365.883099,1604,-11.25556468963623
1769983377.8191156,1605,-10.98591423034668
1769983405.8057675,1606,-11.167980194091797
1769983408.5655282,1607,-10.16942310333252
1769983409.9285657,1608,-10.70058536529541
1769983419.683053,1609,-10.64572525024414
1769983425.4790769,1610,-11.276318550109863
1769983433.4889798,1611,-11.024419784545898
1769983450.1990147,1612,-10.918828010559082
1769983457.5170305,1613,-10.896450996398926
1769983466.7884793,1614,-10.907670021057129
1769983473.2367995,1615,-11.410371780395508
1769983562.281098,1616,-10.600333213806152
1769983562.4026575,1617,-9.864619255065918
1769983568.6215138,1618,-10.89284610748291
1769983576.9232097,1619,-11.003621101379395
1769983581.4329226,1620,-10.91928482055664
1769983590.3606238,1621,-11.409568786621094
1769983618.4633236,1622,-11.4055757522583
1769983626.8565533,1623,-10.768691062927246
1769983627.3764222,1624,-12.012136459350586
1769983631.7630155,1625,-11.19702434539795
1769983635.94711,1626,-11.854899406433105
1769983641.439426,1627,-11.779743194580078
1769983646.132242,1628,-11.245244026184082
1769983652.2194855,1629,-12.143658638000488
1769983667.8326516,1630,-11.43288516998291
1769983671.2825382,1631,-12.460994720458984
1769983674.2496717,1632,-10.527298927307129
1769983687.5707147,1633,-11.47254753112793
1769983687.6979997,1634,-11.770974159240723
1769983690.734865,1635,-11.610700607299805
1769983698.4669292,1636,-10.843717575073242
1769983713.2955606,1637,-11.271739959716797
1769983720.1438158,1638,-11.18053913116455
1769983731.6909723,1639,-11.465302467346191
1769983739.5980003,1640,-11.522956848144531
1769983757.3289452,1641,-11.560251235961914
1769983762.8667116,1642,-11.112907409667969
1769983765.8543546,1643,-11.543478965759277
1769983769.1986406,1644,-10.66834831237793
1769983776.0074494,1645,-11.797062873840332
1769983778.952387,1646,-12.266115188598633
1769983781.9221466,1647,-11.257966041564941
1769983793.1715665,1648,-11.771281242370605
1769983807.623333,1649,-11.772537231445312
1769983825.9961858,1650,-11.838254928588867
1769983831.1079097,1651,-12.39606761932373
1769983839.5083947,1652,-11.322612762451172
1769983845.4791772,1653,-11.17806339263916
1769983980.080044,1654,-11.186104774475098
1769983980.200555,1655,-3.4112801551818848
1769983992.4850802,1656,-12.09789752960205
1769984022.1676712,1657,-11.499123573303223
1769984027.8464775,1658,-11.627864837646484
1769984030.7968519,1659,-11.479833602905273
1769984047.3360088,1660,-11.647761344909668
1769984061.7579353,1661,-11.90700626373291
1769984068.4209445,1662,-11.557408332824707
1769984072.2780612,1663,-12.065207481384277
1769984083.1729646,1664,-11.709996223449707
1769984094.4319305,1665,-11.81517505645752
1769984096.7171717,1666,-11.28415298461914
1769984101.9212296,1667,-11.640222549438477
1769984107.895055,1668,-12.44995403289795
1769984112.215992,1669,-11.521700859069824
1769984123.4268947,1670,-11.146875381469727
1769984128.2658427,1671,-13.049920082092285
1769984135.863541,1672,-11.148951530456543
1769984139.0492682,1673,-12.054154396057129
1769984148.326942,1674,-12.005901336669922
1769984159.3860772,1675,-11.795184135437012
1769984165.1146417,1676,-11.557671546936035
1769984168.954364,1677,-11.777233123779297
1769984186.143028,1678,-11.78607177734375
1769984189.5680382,1679,-11.043514251708984
1769984208.6313214,1680,-12.001561164855957
1769984211.6408463,1681,-12.26798152923584
1769984220.0411558,1682,-11.712590217590332
1769984220.1646197,1683,-8.570630073547363
1769984223.0543082,1684,-11.702412605285645
1769984226.2830684,1685,-11.726667404174805
1769984226.402979,1686,-4.74701452255249
1769984236.9977806,1687,-12.324922561645508
1769984239.9649258,1688,-12.082592964172363
1769984246.4159884,1689,-12.116012573242188
1769984258.0226927,1690,-11.937137603759766
1769984274.792205,1691,-11.933213233947754
1769984373.6619723,1692,-12.300277709960938
1769984377.1280122,1693,-12.182332992553711
1769984380.0824249,1694,-12.352617263793945
1769984383.03387,1695,-10.685834884643555
1769984390.5755734,1696,-11.409322738647461
1769984405.0156682,1697,-12.248383522033691
1769984420.2457485,1698,-12.22077465057373
1769984423.223785,1699,-12.319278717041016
1769984423.4018807,1700,-5.99385929107666
1769984436.182036,1701,-12.054593086242676
1769984444.3902118,1702,-12.283403396606445
1769984454.1320899,1703,-11.622857093811035
1769984460.197874,1704,-12.36130428314209
1769984487.121184,1705,-12.035221099853516
1769984489.0277574,1706,-12.131370544433594
1769984499.4808543,1707,-12.167672157287598
1769984512.5002177,1708,-11.523947715759277
1769984517.2231,1709,-11.150348663330078
1769984517.459165,1710,-12.854113578796387
1769984520.293254,1711,-12.37924861907959
1769984520.8692105,1712,-11.80380630493164
1769984523.8552363,1713,-10.969381332397461
1769984531.247117,1714,-12.189094543457031
1769984550.6612396,1715,-11.748395919799805
1769984557.3732908,1716,-11.064528465270996
1769984581.528568,1717,-11.585055351257324
1769984587.5622828,1718,-12.26379680633545
1769984594.8431416,1719,-11.723584175109863
1769984608.801327,1720,-11.976430892944336
1769984618.8439827,1721,-11.259986877441406
1769984649.090087,1722,-11.907374382019043
1769984792.0540907,1723,-11.879040718078613
1769984795.0178936,1724,-12.765674591064453
1769984803.6596763,1725,-12.085026741027832
1769984822.7958796,1726,-12.109046936035156
1769984825.0260353,1727,-12.106483459472656
1769984829.1059535,1728,-11.72983455657959
1769984846.5233204,1729,-12.09105110168457
1769984851.3263211,1730,-12.060334205627441
1769984861.640551,1731,-13.0327730178833
1769984875.082426,1732,-12.032186508178711
1769984884.489591,1733,-12.572104454040527
1769984887.501512,1734,-11.657815933227539
1769984889.9035122,1735,-11.894369125366211
1769984907.829986,1736,-12.232004165649414
1769984912.8808768,1737,-12.831435203552246
1769984934.000988,1738,-12.153735160827637
1769984939.9614441,1739,-12.83261775970459
1769984940.0841532,1740,-5.4620795249938965
1769984951.9306555,1741,-12.1265287399292
1769984955.7469237,1742,-13.117948532104492
1769984966.425108,1743,-12.575977325439453
1769984972.7637951,1744,-12.567156791687012
1769984975.7601316,1745,-12.715950012207031
1769984978.716318,1746,-12.785150527954102
1769984984.393608,1747,-12.658791542053223
1769985002.250584,1748,-12.299005508422852
1769985008.2976177,1749,-12.929431915283203
1769985019.5329587,1750,-12.632829666137695
1769985043.5964248,1751,-12.251279830932617
1769985054.3455796,1752,-12.290799140930176
1769985079.3287413,1753,-12.70528507232666
1769985167.6390328,1754,-15.619546890258789
1769985185.8365455,1755,-12.509759902954102
1769985187.605108,1756,-12.211387634277344
1769985210.82335,1757,-12.381510734558105
1769985225.8791327,1758,-12.012604713439941
1769985229.7619781,1759,-13.074848175048828
1769985243.2550335,1760,-12.69304370880127
1769985246.634635,1761,-12.42598819732666
1769985252.8843198,1762,-12.73920726776123
1769985253.004165,1763,-14.47101879119873
1769985255.9497151,1764,-12.910416603088379
1769985259.2353168,1765,-12.528002738952637
1769985269.5644321,1766,-12.100968360900879
1769985273.6715589,1767,-12.425131797790527
1769985290.6920433,1768,-12.419447898864746
1769985296.3572705,1769,-13.21407413482666
1769985300.7211325,1770,-12.061844825744629
1769985306.5244634,1771,-13.13205337524414
1769985317.8620975,1772,-12.314106941223145
1769985321.3313637,1773,-11.845847129821777
1769985331.5632412,1774,-12.532003402709961
1769985338.3818479,1775,-12.598615646362305
1769985347.7508903,1776,-12.163663864135742
1769985351.731768,1777,-13.428132057189941
1769985360.0638518,1778,-12.387441635131836
1769985361.8374517,1779,-12.485025405883789
1769985379.725661,1780,-12.915489196777344
1769985383.433487,1781,-12.09225845336914
1769985386.6926353,1782,-11.731614112854004
1769985393.4586036,1783,-13.022096633911133
1769985402.1583822,1784,-12.778910636901855
1769985406.384474,1785,-12.698968887329102
1769985414.1667082,1786,-12.599876403808594
1769985418.4638054,1787,-12.374066352844238
1769985423.5760422,1788,-13.458921432495117
1769985428.225686,1789,-12.797158241271973
1769985443.967836,1790,-12.794041633605957
1769985558.5341442,1791,-13.024868965148926
1769985566.934543,1792,-12.644240379333496
1769985571.0068955,1793,-12.77775764465332
1769985574.764837,1794,-11.698990821838379
1769985589.3801782,1795,-12.442826271057129
1769985611.5985131,1796,-12.576191902160645
1769985617.0089393,1797,-11.513123512268066
1769985619.9793472,1798,-14.002241134643555
1769985626.0754242,1799,-13.179591178894043
1769985633.884246,1800,-11.789586067199707
1769985638.8265972,1801,-11.773317337036133
1769985644.624076,1802,-12.488845825195312
1769985651.4450758,1803,-12.299917221069336
1769985658.0194209,1804,-11.990859031677246
1769985658.1432116,1805,-12.204970359802246
1769985672.9409835,1806,-12.259026527404785
1769985684.0262682,1807,-12.43548583984375
1769985691.541345,1808,-12.499751091003418
1769985697.1309853,1809,-11.075087547302246
1769985711.734072,1810,-12.472034454345703
1769985712.3153872,1811,-13.336817741394043
1769985722.7718892,1812,-11.899640083312988
1769985729.7356117,1813,-12.276071548461914
1769985759.6654785,1814,-12.005772590637207
1769985765.3147266,1815,-12.508702278137207
1769985768.3136919,1816,-12.402066230773926
1769985769.6192446,1817,-12.134157180786133
1769985773.8243568,1818,-12.809528350830078
1769985781.1300993,1819,-11.789377212524414
1769985784.1028936,1820,-12.76964282989502
1769985805.694328,1821,-12.075848579406738
1769985817.717022,1822,-12.25616455078125
1769985827.263264,1823,-12.042611122131348
1769985836.5753448,1824,-12.312601089477539
1769985952.7128892,1825,-12.474324226379395
1769985966.0369053,1826,-12.52619457244873
1769985975.973561,1827,-12.150134086608887
1769985994.0760007,1828,-11.766775131225586
1769986000.0010028,1829,-11.307537078857422
1769986024.417071,1830,-11.583497047424316
1769986036.8450274,1831,-12.034356117248535
1769986056.05589,1832,-11.206788063049316
1769986059.0667367,1833,-11.652705192565918
1769986072.5841641,1834,-11.876742362976074
1769986079.9636483,1835,-11.803400039672852
1769986089.428001,1836,-11.663721084594727
1769986104.009872,1837,-12.06960391998291
1769986107.0220935,1838,-11.635933876037598
1769986130.9482856,1839,-11.438157081604004
1769986141.3928661,1840,-12.07641315460205
1769986157.7673638,1841,-11.437785148620605
1769986168.7490115,1842,-11.515756607055664
1769986174.3017383,1843,-10.377033233642578
1769986182.368665,1844,-11.920231819152832
1769986204.6898534,1845,-11.444785118103027
1769986209.4101248,1846,-11.224299430847168
1769986212.6225748,1847,-11.738767623901367
1769986232.4693654,1848,-11.528982162475586
1769986314.5953956,1849,-11.393430709838867
1769986345.0437634,1850,-11.255672454833984
1769986361.8632748,1851,-11.575257301330566
1769986365.6697905,1852,-11.591482162475586
1769986368.8960028,1853,-10.964217185974121
1769986374.556242,1854,-11.495203971862793
1769986393.8120825,1855,-11.696435928344727
1769986412.0339067,1856,-11.79709529876709
1769986425.3546138,1857,-11.21617317199707
1769986437.073936,1858,-11.28011703491211
1769986442.8105812,1859,-11.929401397705078
1769986447.132473,1860,-11.161108016967773
1769986454.6456013,1861,-11.230447769165039
1769986457.738928,1862,-12.243730545043945
1769986462.5172436,1863,-11.60833740234375
1769986472.8545644,1864,-11.338216781616211
1769986488.7690113,1865,-11.13111400604248
1769986493.7094507,1866,-10.922325134277344
1769986509.2748678,1867,-10.801464080810547
1769986516.770171,1868,-10.656445503234863
1769986522.5225632,1869,-11.983762741088867
1769986525.5533879,1870,-11.18620777130127
1769986526.2438323,1871,-13.649908065795898
1769986550.8424313,1872,-11.029143333435059
1769986555.0288756,1873,-11.662854194641113
1769986555.1489758,1874,-7.8410186767578125
1769986559.4696696,1875,-11.403732299804688
1769986564.269751,1876,-11.562410354614258
1769986580.1827185,1877,-11.103065490722656
1769986589.2289586,1878,-11.965490341186523
1769986733.7393935,1879,-11.153488159179688
1769986757.909319,1880,-11.36181926727295
1769986783.809149,1881,-11.497520446777344
1769986786.7971563,1882,-10.871468544006348
1769986789.7570791,1883,-10.840566635131836
1769986793.055094,1884,-11.699837684631348
1769986805.1803875,1885,-11.4939603805542
1769986844.7287338,1886,-11.270247459411621
1769986863.4937348,1887,-11.619415283203125
1769986870.9715323,1888,-11.166515350341797
1769986895.4269235,1889,-11.515471458435059
1769986907.475274,1890,-11.453317642211914
1769986926.4576108,1891,-11.414109230041504
1769986938.086329,1892,-11.490222930908203
1769986964.0623276,1893,-11.458629608154297
1769986967.6230369,1894,-11.072765350341797
1769986971.479866,1895,-9.388822555541992
1769986987.3946846,1896,-11.299256324768066
1769987000.0700724,1897,-11.160162925720215
1769987012.1340718,1898,-11.85086727142334
1769987089.8680139,1899,-12.10010814666748
1769987094.7291217,1900,-12.155028343200684
1769987101.376399,1901,-11.167797088623047
1769987106.0470061,1902,-11.789200782775879
1769987110.4246933,1903,-11.783913612365723
1769987119.158144,1904,-11.539200782775879
1769987125.9017575,1905,-11.89611530303955
1769987126.0244224,1906,-5.628809928894043
1769987126.141126,1907,-17.654098510742188
1769987136.8841374,1908,-11.258123397827148
1769987143.042278,1909,-12.199918746948242
1769987143.165829,1910,-8.27396297454834
1769987146.18066,1911,-12.156747817993164
1769987150.7222786,1912,-11.660207748413086
1769987155.9763422,1913,-10.571512222290039
1769987156.0992246,1914,-14.055499076843262
1769987162.4384627,1915,-11.340353012084961
1769987167.2955303,1916,-10.818460464477539
1769987173.9650147,1917,-11.599822044372559
1769987181.6096404,1918,-11.037908554077148
1769987192.8791227,1919,-11.133620262145996
1769987196.3726397,1920,-10.38638687133789
1769987199.33301,1921,-13.178513526916504
1769987202.5181425,1922,-11.4204683303833
1769987252.2608888,1923,-11.595709800720215
1769987258.0557077,1924,-11.729372024536133
1769987261.0084615,1925,-12.476566314697266
1769987263.9525797,1926,-11.781497955322266
1769987265.1474974,1927,-11.729121208190918
1769987272.9927328,1928,-11.47010612487793
1769987284.242826,1929,-11.337078094482422
1769987288.866133,1930,-11.720932006835938
1769987292.9971664,1931,-11.193070411682129
1769987301.2770677,1932,-11.424389839172363
1769987308.6898217,1933,-11.59984302520752
1769987327.0567617,1934,-11.843106269836426
1769987344.9818704,1935,-11.691272735595703
1769987360.7032528,1936,-11.605705261230469
1769987408.2670333,1937,-12.238717079162598
1769987410.2026484,1938,-11.879860877990723
1769987417.9501498,1939,-10.791648864746094
1769987421.4790466,1940,-12.01769733428955
1769987424.5498774,1941,-11.247498512268066
1769987428.095475,1942,-10.16786003112793
1769987431.6466112,1943,-11.984697341918945
1769987446.61872,1944,-11.753425598144531
1769987451.0257077,1945,-11.178647994995117
1769987460.4834118,1946,-11.362357139587402
1769987471.3842626,1947,-11.48572063446045
1769987474.3480215,1948,-11.187309265136719
1769987478.2381632,1949,-11.605792045593262
1769987486.3005395,1950,-11.433587074279785
1769987494.2473006,1951,-10.970237731933594
1769987499.4860492,1952,-10.598248481750488
1769987502.4926763,1953,-10.80129337310791
1769987511.4676173,1954,-11.150229454040527
1769987530.360122,1955,-11.231350898742676
1769987548.2353902,1956,-10.599373817443848
1769987572.7717302,1957,-11.23966121673584
1769987573.0210507,1958,-12.3704833984375
1769987577.60449,1959,-10.706579208374023
1769987578.4047644,1960,-15.070215225219727
1769987586.197941,1961,-11.318528175354004
1769987593.0083573,1962,-10.860967636108398
1769987597.4923804,1963,-10.595830917358398
1769987608.7880487,1964,-11.266886711120605
1769987612.9020846,1965,-11.250527381896973
1769987615.8690956,1966,-12.212000846862793
1769987620.2409139,1967,-10.4241361618042
1769987625.9229298,1968,-10.815190315246582
1769987645.2907126,1969,-10.721193313598633
1769987645.4251816,1970,-2.8649051189422607
1769987648.377267,1971,-12.414273262023926
1769987657.5008678,1972,-10.786213874816895
1769987669.7725809,1973,-11.169778823852539
1769987698.6262355,1974,-11.241644859313965
1769987867.849863,1975,-10.246106147766113
1769987871.8697283,1976,-11.202298164367676
1769987879.1996315,1977,-11.572197914123535
1769987882.17907,1978,-8.917194366455078
1769987898.6867702,1979,-10.912727355957031
1769987898.8199108,1980,-5.121065616607666
1769987907.1531,1981,-10.721165657043457
1769987913.5950065,1982,-11.570855140686035
1769987913.77532,1983,-9.707207679748535
1769987914.2981172,1984,-7.830941200256348
1769987922.5952845,1985,-11.189931869506836
1769987930.8006406,1986,-10.727222442626953
1769987934.7218602,1987,-11.046122550964355
1769987941.115895,1988,-10.661247253417969
1769987960.411634,1989,-10.559045791625977
1769987988.8247142,1990,-10.993727684020996
1769987998.6191583,1991,-11.254137992858887
1769988008.5913754,1992,-11.276981353759766
1769988011.567006,1993,-9.929743766784668
1769988014.5358074,1994,-10.232148170471191
1769988017.492566,1995,-10.067146301269531
1769988025.800393,1996,-11.354960441589355
1769988045.7388062,1997,-10.84488582611084
1769988046.3280773,1998,-14.816506385803223
1769988049.3272526,1999,-11.433555603027344
1769988050.415985,2000,-11.87045669555664
1769988058.9369576,2001,-11.132844924926758
1769988061.888656,2002,-11.386305809020996
1769988070.6455789,2003,-10.573472023010254
1769988074.824544,2004,-11.29254150390625
1769988078.6862626,2005,-11.613648414611816
1769988087.374309,2006,-9.913122177124023
1769988090.339151,2007,-11.024759292602539
1769988097.402673,2008,-11.296431541442871
1769988118.7947323,2009,-10.788925170898438
1769988132.0779097,2010,-10.23183822631836
1769988142.930438,2011,-10.741331100463867
1769988151.4166818,2012,-10.919194221496582
1769988314.6133006,2013,-12.638321876525879
1769988324.2123756,2014,-10.682530403137207
1769988347.4746242,2015,-11.528362274169922
1769988355.4583194,2016,-10.735846519470215
1769988366.336304,2017,-11.974515914916992
1769988372.097537,2018,-11.056790351867676
1769988375.0568295,2019,-11.539933204650879
1769988378.0127842,2020,-11.341354370117188
1769988390.4008882,2021,-10.376004219055176
1769988391.3549032,2022,-10.115972518920898
1769988417.0029218,2023,-11.12822437286377
1769988420.2035332,2024,-11.111235618591309
1769988434.222788,2025,-10.381043434143066
1769988443.478974,2026,-11.493765830993652
1769988446.7045608,2027,-9.725296020507812
1769988449.1558216,2028,-11.147231101989746
1769988460.932239,2029,-10.90943717956543
1769988468.2397258,2030,-10.925898551940918
1769988477.2718048,2031,-11.260133743286133
1769988486.211814,2032,-11.126739501953125
1769988510.2338688,2033,-11.118407249450684
1769988518.4242408,2034,-11.358426094055176
1769988521.4355824,2035,-11.095602035522461
1769988524.4021008,2036,-11.641129493713379
1769988527.4131684,2037,-11.425962448120117
1769988534.4385192,2038,-11.255988121032715
1769988538.867381,2039,-10.858271598815918
1769988542.9911137,2040,-10.057726860046387
1769988549.282585,2041,-10.779569625854492
1769988558.0718298,2042,-10.8971586227417
1769988579.9666288,2043,-10.510786056518555
1769988585.6483526,2044,-10.515830039978027
1769988592.0324185,2045,-9.947110176086426
1769988600.6113937,2046,-10.3867826461792
1769988738.0666943,2047,-10.379549980163574
1769988741.0327814,2048,-10.244339942932129
1769988755.1067002,2049,-10.443598747253418
1769988764.537712,2050,-11.083523750305176
1769988769.6197367,2051,-10.442146301269531
1769988807.3637347,2052,-10.457192420959473
1769988808.887043,2053,-9.332839012145996
1769988812.355648,2054,-11.279684066772461
1769988815.3097968,2055,-10.338261604309082
1769988823.594742,2056,-11.421634674072266
1769988826.609661,2057,-10.25357723236084
1769988841.4245057,2058,-11.127970695495605
1769988845.8122623,2059,-10.905550956726074
1769988863.773659,2060,-10.827256202697754
1769988875.0237558,2061,-10.396061897277832
1769988898.0609503,2062,-10.707324028015137
1769988901.0803645,2063,-11.033339500427246
1769988905.8432043,2064,-11.4948091506958
1769988912.8114696,2065,-10.64597225189209
1769988923.5681472,2066,-10.502999305725098
1769988931.8522956,2067,-9.7249116897583
1769988934.136232,2068,-10.452454566955566
1769988944.223641,2069,-11.112479209899902
1769988950.489959,2070,-11.305628776550293
1769988950.6122487,2071,-17.670263290405273
1769988960.1676614,2072,-10.652474403381348
1769988965.961832,2073,-10.609563827514648
1769988988.6496618,2074,-10.573086738586426
1769989041.9463701,2075,-10.792348861694336
1769989147.326188,2076,-10.426254272460938
1769989152.3696046,2077,-10.213966369628906
1769989159.3040311,2078,-10.133886337280273
1769989163.1824648,2079,-10.110176086425781
1769989177.198007,2080,-10.321014404296875
1769989177.3274863,2081,-14.293904304504395
1769989185.9313676,2082,-10.01572322845459
1769989189.0687475,2083,-11.877374649047852
1769989198.7094889,2084,-10.144050598144531
1769989201.7229097,2085,-9.464132308959961
1769989218.378155,2086,-11.000123977661133
1769989228.4685938,2087,-9.847304344177246
1769989239.8851094,2088,-9.776347160339355
1769989246.5302908,2089,-10.250679969787598
1769989254.7086046,2090,-10.013195991516113
1769989257.688632,2091,-9.71510124206543
1769989267.975688,2092,-10.781444549560547
1769989272.530886,2093,-10.841464042663574
1769989274.9103189,2094,-11.508074760437012
1769989284.0996423,2095,-10.240992546081543
1769989295.5287182,2096,-10.161707878112793
1769989309.502872,2097,-10.287785530090332
1769989319.6311617,2098,-9.801959037780762
1769989335.595276,2099,-10.4525785446167
1769989351.2170134,2100,-10.007205963134766
1769989355.5546238,2101,-10.535706520080566
1769989359.4998012,2102,-10.351888656616211
1769989367.3605845,2103,-10.994440078735352
1769989371.6151366,2104,-10.587732315063477
1769989376.992351,2105,-10.309036254882812
1769989382.3665009,2106,-9.376628875732422
1769989388.3675537,2107,-10.47630500793457
1769989390.6399102,2108,-10.54367733001709
1769989510.082598,2109,-11.00322151184082
1769989522.549522,2110,-9.90012264251709
1769989527.2568266,2111,-10.62777042388916
1769989549.1941242,2112,-10.220198631286621
1769989552.2050004,2113,-10.295459747314453
1769989564.4699316,2114,-9.931008338928223
1769989567.4879007,2115,-10.46521282196045
1769989576.4641783,2116,-10.590629577636719
1769989581.5862334,2117,-9.918524742126465
1769989581.876946,2118,-9.576749801635742
1769989581.9955218,2119,-10.239151000976562
1769989590.764072,2120,-10.015580177307129
1769989616.1415513,2121,-10.661338806152344
1769989622.0056026,2122,-10.079432487487793
1769989634.9068222,2123,-10.535661697387695
1769989658.6247547,2124,-9.629887580871582
1769989686.4091048,2125,-10.281458854675293
1769989706.1486712,2126,-10.269404411315918
1769989709.1669993,2127,-10.196868896484375
1769989712.2889986,2128,-11.040454864501953
1769989726.0650442,2129,-9.788178443908691
1769989735.2829084,2130,-9.983552932739258
1769989749.808243,2131,-10.413799285888672
1769989756.7937906,2132,-11.12744140625
1769989762.6173055,2133,-10.847687721252441
1769989772.0620844,2134,-10.779784202575684
1769989777.1062799,2135,-10.358857154846191
1769989789.4343903,2136,-10.793330192565918
1769989791.7627816,2137,-10.974496841430664
1769989810.304688,2138,-10.384405136108398
1769989946.4522307,2139,-10.023488998413086
1769989951.3387175,2140,-11.154308319091797
1769989963.1851523,2141,-10.632085800170898
1769989991.6085315,2142,-10.519071578979492
1769990017.301441,2143,-10.71969985961914
1769990020.6808596,2144,-11.425614356994629
1769990024.8184743,2145,-10.369036674499512
1769990035.0998845,2146,-10.784012794494629
1769990043.0630844,2147,-10.528748512268066
1769990051.8255374,2148,-10.742227554321289
1769990053.8636117,2149,-10.020940780639648
1769990056.844189,2150,-10.103303909301758
1769990059.8409717,2151,-10.380899429321289
1769990062.807489,2152,-10.537304878234863
1769990068.3737655,2153,-11.147650718688965
1769990087.9804227,2154,-10.172950744628906
1769990095.863748,2155,-11.57498550415039
1769990103.8445868,2156,-8.815986633300781
1769990109.4236753,2157,-11.014389991760254
1769990111.9308693,2158,-10.005498886108398
1769990115.5636442,2159,-10.878677368164062
1769990126.1717093,2160,-10.31394100189209
1769990130.5610049,2161,-10.154143333435059
1769990133.5199125,2162,-10.397671699523926
1769990159.2365088,2163,-10.821576118469238
1769990164.0919356,2164,-10.457655906677246
1769990182.4020188,2165,-10.188618659973145
1769990186.7279403,2166,-10.733543395996094
1769990196.3867776,2167,-10.19918441772461
1769990214.8080802,2168,-10.542688369750977
1769990338.1240745,2169,-9.436102867126465
1769990341.1285372,2170,-10.455901145935059
1769990350.183528,2171,-10.361932754516602
1769990361.6952279,2172,-10.00446605682373
1769990373.479647,2173,-10.447074890136719
1769990373.7726963,2174,-14.756693840026855
1769990383.3900654,2175,-10.124332427978516
1769990386.5758665,2176,-9.85470962524414
1769990393.993494,2177,-9.690070152282715
1769990396.5909822,2178,-9.033280372619629
1769990403.87567,2179,-9.826983451843262
1769990407.68319,2180,-8.864171028137207
1769990422.1222723,2181,-10.153694152832031
1769990425.043049,2182,-9.813364028930664
1769990426.6331866,2183,-9.652670860290527
1769990433.196929,2184,-9.785802841186523
1769990443.2262797,2185,-10.01633358001709
1769990450.909146,2186,-9.512110710144043
1769990458.6569483,2187,-9.967143058776855
1769990461.183708,2188,-9.94131851196289
1769990465.4567845,2189,-9.827808380126953
1769990465.7481549,2190,-14.877729415893555
1769990465.864514,2191,-10.070602416992188
1769990475.0219736,2192,-10.111055374145508
1769990496.2111745,2193,-10.217942237854004
1769990509.580114,2194,-9.807835578918457
1769990514.9861586,2195,-9.639204978942871
1769990525.1099744,2196,-10.577391624450684
1769990544.261464,2197,-9.768253326416016
1769990547.2618337,2198,-11.312958717346191
1769990556.6923306,2199,-10.522762298583984
1769990561.165916,2200,-10.315811157226562
1769990572.6352098,2201,-10.389457702636719
1769990575.6057959,2202,-9.830066680908203
1769990584.834423,2203,-10.893661499023438
1769990584.9608862,2204,-6.245912075042725
1769990600.0981598,2205,-10.108041763305664
1769990603.06737,2206,-9.716459274291992
1769990608.819031,2207,-9.537450790405273
1769990614.404283,2208,-9.866414070129395
1769990703.9079893,2209,-9.562935829162598
1769990726.3935635,2210,-10.169332504272461
1769990726.8746336,2211,-6.607679843902588
1769990726.994164,2212,-7.316079139709473
1769990731.9979181,2213,-10.466093063354492
1769990739.9043846,2214,-9.526497840881348
1769990746.799948,2215,-10.159833908081055
1769990756.5763056,2216,-9.647738456726074
1769990767.9487705,2217,-9.302619934082031
1769990781.4985604,2218,-9.73055648803711
1769990783.2898066,2219,-8.871103286743164
1769990792.125896,2220,-9.780919075012207
1769990812.0223646,2221,-9.525633811950684
1769990816.5505118,2222,-8.797566413879395
1769990819.904617,2223,-8.219611167907715
1769990823.772926,2224,-8.8280029296875
1769990826.7441165,2225,-9.811079025268555
1769990832.1912544,2226,-10.278371810913086
1769990837.2866561,2227,-7.736614227294922
1769990845.773852,2228,-9.58403491973877
1769990851.6228006,2229,-9.527682304382324
1769990857.8987014,2230,-9.580883979797363
1769990874.5051718,2231,-8.927980422973633
1769990894.1823924,2232,-9.37526798248291
1769990897.2946868,2233,-9.513667106628418
1769990907.527862,2234,-9.148225784301758
1769990920.484755,2235,-9.178962707519531
1769990925.7392437,2236,-9.042016983032227
1769990936.340059,2237,-9.868391036987305
1769990943.3410182,2238,-9.141730308532715
1769990958.8884852,2239,-9.155301094055176
1769990962.36635,2240,-9.980302810668945
1769990970.358765,2241,-8.114958763122559
1769990984.626388,2242,-9.435832977294922
1769991044.763444,2243,-10.022767066955566
1769991050.8342206,2244,-9.552196502685547
1769991065.0019186,2245,-9.213513374328613
1769991075.1619875,2246,-9.493124008178711
1769991099.153635,2247,-8.809633255004883
1769991103.6683884,2248,-9.556894302368164
1769991130.1883774,2249,-9.119588851928711
1769991131.2756577,2250,-9.160966873168945
1769991134.237663,2251,-8.376441955566406
1769991137.2923725,2252,-9.495177268981934
1769991143.6731913,2253,-9.307888984680176
1769991158.7441716,2254,-9.330233573913574
1769991168.2679365,2255,-9.050029754638672
1769991190.9651685,2256,-8.865143775939941
1769991201.7213085,2257,-9.49055290222168
1769991208.067606,2258,-8.696218490600586
1769991212.4992437,2259,-8.035571098327637
1769991215.5912645,2260,-8.238675117492676
1769991223.7662847,2261,-8.726493835449219
1769991232.215078,2262,-7.986626625061035
1769991235.1951745,2263,-9.527528762817383
1769991239.979271,2264,-8.771344184875488
1769991250.5422916,2265,-8.718644142150879
1769991283.3163087,2266,-8.78636646270752
1769991289.9906328,2267,-8.209785461425781
1769991300.7913778,2268,-9.3322172164917
1769991303.2592182,2269,-8.714448928833008
1769991309.069472,2270,-7.907495498657227
1769991323.156949,2271,-8.557735443115234
1769991336.86243,2272,-9.014854431152344
1769991456.3828254,2273,-8.746589660644531
1769991462.2127378,2274,-8.414504051208496
1769991470.8392813,2275,-9.310483932495117
1769991473.8076425,2276,-9.462923049926758
1769991493.4337633,2277,-8.17477035522461
1769991497.4901884,2278,-8.037923812866211
1769991511.5551715,2279,-7.970647811889648
1769991514.318653,2280,-7.217745780944824
1769991517.273924,2281,-8.651176452636719
1769991536.8159466,2282,-8.41684627532959
1769991546.1243694,2283,-8.20849323272705
1769991555.1475272,2284,-8.567005157470703
1769991555.2738762,2285,-13.59844970703125
1769991555.3926647,2286,-5.192210674285889
1769991565.7935054,2287,-8.237648963928223
1769991568.2352583,2288,-7.459577560424805
1769991590.1300194,2289,-8.647780418395996
1769991595.5033476,2290,-6.585615158081055
1769991596.6276128,2291,-7.639939308166504
1769991600.6674736,2292,-7.446301460266113
1769991605.4146304,2293,-7.978388786315918
1769991608.9266424,2294,-8.800646781921387
1769991613.9741266,2295,-8.456533432006836
1769991614.093707,2296,-13.456358909606934
1769991621.344699,2297,-7.545774459838867
1769991626.954311,2298,-7.7789130210876465
1769991643.4881058,2299,-8.279998779296875
1769991643.617782,2300,-8.99084186553955
1769991647.4720643,2301,-8.199760437011719
1769991666.5147438,2302,-8.071782112121582
1769991673.722192,2303,-7.902071952819824
1769991683.5995023,2304,-8.136133193969727
1769991713.6560829,2305,-8.03295612335205
1769991716.767431,2306,-7.459825038909912
1769991716.8925264,2307,-11.563789367675781
1769991723.062642,2308,-8.333080291748047
1769991728.8829017,2309,-8.661164283752441
1769991735.8803496,2310,-8.702242851257324
1769991842.209683,2311,-7.532827854156494
1769991845.9564195,2312,-8.68852424621582
1769991848.9349642,2313,-9.394869804382324
1769991850.139874,2314,-10.469919204711914
1769991857.3558235,2315,-8.024462699890137
1769991861.642464,2316,-7.568805694580078
1769991877.789007,2317,-8.518506050109863
1769991880.759162,2318,-7.0519537925720215
1769991895.1390007,2319,-8.11491870880127
1769991901.2808442,2320,-7.7944655418396
1769991913.8049893,2321,-8.563581466674805
1769991926.4442177,2322,-7.819034576416016
1769991929.4267087,2323,-8.101490020751953
1769991930.341925,2324,-9.714869499206543
1769991937.6547854,2325,-8.1321439743042
1769991940.8471248,2326,-7.047242641448975
1769991953.6431282,2327,-8.531455993652344
1769991958.2123468,2328,-7.676083564758301
1769991971.411333,2329,-7.926586151123047
1769991999.9821315,2330,-7.43828821182251
1769992004.399013,2331,-8.118669509887695
1769992004.5213716,2332,-9.816906929016113
1769992011.7342117,2333,-8.012577056884766
1769992014.7045863,2334,-8.097526550292969
1769992019.3756325,2335,-8.780203819274902
1769992019.4995408,2336,-15.08472728729248
1769992022.8563695,2337,-7.441192150115967
1769992057.8284929,2338,-7.487752914428711
1769992078.0644598,2339,-7.372989177703857
1769992085.30161,2340,-7.691859722137451
1769992114.2187228,2341,-7.610065460205078
1769992117.2041075,2342,-7.318813800811768
1769992123.2276092,2343,-7.458772659301758
1769992123.350889,2344,-8.801348686218262
1769992126.3380108,2345,-6.565377712249756
1769992212.2039897,2346,-6.971611499786377
1769992215.1872077,2347,-6.057519435882568
1769992223.4117777,2348,-6.800172328948975
1769992226.429613,2349,-8.257526397705078
1769992246.0761938,2350,-6.860089302062988
1769992264.5989106,2351,-6.4900431632995605
1769992268.3049486,2352,-6.700253009796143
1769992272.4025378,2353,-5.984092712402344
1769992275.39531,2354,-5.032351970672607
1769992286.818226,2355,-6.756594181060791
1769992293.157032,2356,-6.777710914611816
1769992297.9060173,2357,-7.254511833190918
1769992317.1550367,2358,-6.894674777984619
1769992324.7138455,2359,-6.29632568359375
1769992327.6953323,2360,-6.140781879425049
1769992338.6717842,2361,-5.670764446258545
1769992347.8722458,2362,-6.905619144439697
1769992362.6320012,2363,-6.428219795227051
1769992376.816495,2364,-5.66971492767334
1769992380.409485,2365,-6.246832370758057
1769992386.5154667,2366,-6.300218105316162
1769992389.4973228,2367,-6.4832353591918945
1769992390.929359,2368,-4.627971649169922
1769992394.679414,2369,-5.547262668609619
1769992402.3747046,2370,-6.220489978790283
1769992415.3910654,2371,-6.364559173583984
1769992415.5201917,2372,-7.586569309234619
1769992423.0433788,2373,-6.887602806091309
1769992426.0426908,2374,-7.714546203613281
1769992426.1627877,2375,0.5304115414619446
1769992448.0583534,2376,-6.0780181884765625
1769992452.006582,2377,-6.566606521606445
1769992463.677995,2378,-6.961798191070557
1769992466.6920094,2379,-6.358579158782959
1769992482.2804613,2380,-6.544290065765381
1769992485.2516885,2381,-6.550106048583984
1769992603.4189174,2382,-7.401578903198242
1769992610.2592967,2383,-6.280155181884766
1769992616.651711,2384,-6.630002498626709
1769992621.3874483,2385,-6.648447513580322
1769992624.6275294,2386,-5.959244728088379
1769992633.7793245,2387,-6.340450763702393
1769992636.7470074,2388,-6.758305072784424
1769992646.033173,2389,-6.432080268859863
1769992651.0478625,2390,-6.92110538482666
1769992654.9219718,2391,-5.483188152313232
1769992659.8738892,2392,-5.7368621826171875
1769992663.449978,2393,-5.952958583831787
1769992668.5799377,2394,-6.083320617675781
1769992672.1462717,2395,-5.85552978515625
1769992672.2679572,2396,-7.527596473693848
1769992675.226829,2397,-7.005273818969727
1769992698.1040924,2398,-6.007510185241699
1769992703.2562253,2399,-6.860686779022217
1769992706.7675533,2400,-6.803047180175781
1769992716.577018,2401,-6.478517055511475
1769992726.7361846,2402,-6.277972221374512
1769992731.18461,2403,-5.933888912200928
1769992738.004483,2404,-5.693687915802002
1769992751.7689095,2405,-5.998192310333252
1769992754.75717,2406,-5.390264511108398
1769992761.1309767,2407,-5.849806308746338
1769992764.105691,2408,-6.261152744293213
1769992768.3189683,2409,-5.647000789642334
1769992776.1889665,2410,-6.025139808654785
1769992781.8091648,2411,-6.155088901519775
1769992784.8130026,2412,-6.565727233886719
1769992795.8496714,2413,-5.555228233337402
1769992798.822505,2414,-3.890429973602295
1769992815.4429002,2415,-6.218173980712891
1769992818.823067,2416,-5.761922359466553
1769992826.6347024,2417,-5.99902868270874
1769992830.0585907,2418,-4.55830717086792
1769992839.2491074,2419,-5.871263027191162
1769992844.2220864,2420,-5.674198627471924
1769992847.1898928,2421,-6.353826522827148
1769992850.2628124,2422,-4.331140995025635
1769992854.3323085,2423,-5.835747241973877
1769992862.0255854,2424,-5.470372200012207
1769992865.407919,2425,-5.798208236694336
1769992870.4398541,2426,-6.265419960021973
1769992870.5613496,2427,3.51910138130188
1769992876.1247432,2428,-6.143247127532959
1769992879.1584005,2429,-4.948651313781738
1769992891.7004254,2430,-5.589696407318115
1769993018.064362,2431,-5.990871906280518
1769993026.785067,2432,-5.5216546058654785
1769993035.1875005,2433,-5.825432300567627
1769993043.6500928,2434,-5.560860633850098
1769993055.8489652,2435,-6.076808452606201
1769993058.8586113,2436,-5.0401387214660645
1769993066.3919466,2437,-6.07901668548584
1769993070.1522708,2438,-6.08809232711792
1769993073.1561787,2439,-5.656857013702393
1769993090.32901,2440,-5.8442511558532715
1769993096.7115028,2441,-5.373657703399658
1769993097.0054448,2442,-0.597374439239502
1769993098.555551,2443,-7.882023811340332
1769993098.6755424,2444,-6.54468297958374
1769993105.980183,2445,-5.005066394805908
1769993110.4003153,2446,-6.63178825378418
1769993114.2295644,2447,-5.424169540405273
1769993118.952703,2448,-6.176823616027832
1769993130.9280293,2449,-5.895839214324951
1769993133.9147327,2450,-6.9953083992004395
1769993135.400921,2451,-5.889858245849609
1769993141.3896365,2452,-6.216402053833008
1769993144.3667648,2453,-6.077621936798096
1769993147.352452,2454,-6.968458652496338
1769993151.0798168,2455,-4.975616455078125
1769993166.3879747,2456,-5.740302562713623
1769993166.518369,2457,-9.668341636657715
1769993171.100595,2458,-5.418761730194092
1769993179.4452038,2459,-5.622333526611328
1769993183.2618082,2460,-5.851790428161621
1769993193.8714416,2461,-6.9150261878967285
1769993202.0636778,2462,-6.339025020599365
1769993214.0073798,2463,-6.090314865112305
1769993220.5742283,2464,-6.1630425453186035
1769993224.381525,2465,-6.202221393585205
1769993232.0460167,2466,-6.445289134979248
1769993241.0372477,2467,-6.241362571716309
1769993250.1182013,2468,-5.6430583000183105
1769993256.010786,2469,-6.074300289154053
1769993281.4285629,2470,-5.615544319152832
1769993309.2620406,2471,-6.034503936767578
1769993381.5319955,2472,-5.178299427032471
1769993384.278811,2473,-6.262203693389893
1769993387.4026804,2474,-5.9731764793396
1769993390.8428466,2475,-6.382240295410156
1769993393.812054,2476,-5.1684956550598145
1769993396.7849302,2477,-6.084089279174805
1769993396.9063902,2478,1.390238642692566
1769993406.0139291,2479,-6.038582801818848
1769993409.0029008,2480,-4.402135372161865
1769993427.035005,2481,-6.122232913970947
1769993435.7248101,2482,-5.557056427001953
1769993441.7035737,2483,-5.366041660308838
1769993460.125692,2484,-5.213353633880615
1769993467.5687792,2485,-4.9564361572265625
1769993484.6529343,2486,-5.762293338775635
1769993493.0779827,2487,-5.174392223358154
1769993501.5262868,2488,-5.314355850219727
1769993504.4999778,2489,-6.050942420959473
1769993507.5079072,2490,-4.851679801940918
1769993517.6485958,2491,-5.621528148651123
1769993526.663777,2492,-5.105441093444824
1769993540.6326067,2493,-5.427195072174072
1769993561.7102928,2494,-5.092456817626953
1769993570.6145754,2495,-5.523788928985596
1769993582.303139,2496,-5.315932750701904
1769993589.8270538,2497,-4.663940906524658
1769993594.0239856,2498,-5.791004180908203
1769993594.9473786,2499,-6.578727722167969
1769993597.9416292,2500,-5.0660481452941895
1769993602.2270954,2501,-6.844094753265381
1769993613.0343869,2502,-5.493957996368408
1769993619.2554967,2503,-4.707168102264404
1769993622.2246673,2504,-6.6741766929626465
1769993655.8769941,2505,-5.080602645874023
1769993724.0610335,2506,-5.287021160125732
1769993748.0930974,2507,-4.924021244049072
1769993758.1733623,2508,-5.390567779541016
1769993765.782536,2509,-5.390307426452637
1769993778.2996404,2510,-5.312540054321289
1769993781.8495572,2511,-4.441195964813232
1769993790.8735864,2512,-5.068643569946289
1769993797.3907292,2513,-4.59468936920166
1769993807.8949661,2514,-5.095743179321289
1769993817.883042,2515,-5.339808940887451
1769993828.9514585,2516,-5.035113334655762
1769993832.096075,2517,-6.715111255645752
1769993837.3664515,2518,-5.775496959686279
1769993837.488314,2519,-14.044751167297363
1769993846.1964366,2520,-5.564363956451416
1769993859.487011,2521,-5.24692440032959
1769993866.8237007,2522,-5.48487663269043
1769993871.899328,2523,-5.823418617248535
1769993886.422827,2524,-5.959956169128418
1769993898.6748757,2525,-4.5478315353393555
1769993898.8011453,2526,-2.611518621444702
1769993913.9809735,2527,-5.690536975860596
1769993923.3143575,2528,-4.780032634735107
1769993926.3137429,2529,-5.578518867492676
1769993926.4323485,2530,-6.430656433105469
1769993926.7212884,2531,-2.7574732303619385
1769993934.2091103,2532,-3.8332533836364746
1769993939.9578316,2533,-6.250308990478516
1769993950.5580962,2534,-4.807361125946045
1769993953.567981,2535,-4.2729997634887695
1769993959.7598934,2536,-5.376992702484131
1769993971.009006,2537,-4.904862403869629
1769993974.1294894,2538,-4.861593723297119
1769993988.813366,2539,-5.572155952453613
1769993994.4007301,2540,-3.6015372276306152
1769994018.713436,2541,-4.8051886558532715
1769994121.5293882,2542,-5.730964660644531
1769994124.5020545,2543,-5.066136360168457
1769994133.7267575,2544,-4.899878025054932
1769994133.9072778,2545,-8.709268569946289
1769994137.628289,2546,-4.134002208709717
1769994144.798349,2547,-4.636606216430664
1769994147.3423436,2548,-5.047119140625
1769994160.7146788,2549,-4.656448841094971
1769994180.307759,2550,-5.081386089324951
1769994184.5894508,2551,-4.482860088348389
1769994187.838583,2552,-5.632546424865723
1769994198.818072,2553,-4.676299571990967
1769994201.7918875,2554,-5.64739990234375
1769994204.7482448,2555,-5.7011613845825195
1769994205.8142912,2556,-3.967329263687134
1769994215.0220644,2557,-4.564640045166016
1769994231.8507512,2558,-4.70846700668335
1769994233.2972205,2559,-7.2401556968688965
1769994238.9897187,2560,-4.089785099029541
1769994241.9781406,2561,-4.659409046173096
1769994246.4900656,2562,-4.6254472732543945
1769994247.1865513,2563,-3.4532573223114014
1769994259.8750885,2564,-3.53246808052063
1769994266.2477472,2565,-4.325450420379639
1769994269.8197193,2566,-4.146027088165283
1769994275.182965,2567,-5.512382984161377
1769994278.1543157,2568,-3.538970470428467
1769994284.0302508,2569,-3.7001829147338867
1769994289.677249,2570,-4.776681900024414
1769994300.8021863,2571,-3.4574992656707764
1769994313.2826433,2572,-4.948230266571045
1769994320.23873,2573,-4.388399600982666
1769994326.9655929,2574,-3.4445364475250244
1769994329.9433846,2575,-5.288486480712891
1769994360.0233839,2576,-3.785966396331787
1769994361.3157206,2577,-5.54186487197876
1769994367.551453,2578,-3.518861770629883
1769994370.5431495,2579,-2.581491231918335
1769994373.5520155,2580,-3.5809357166290283
1769994383.5210173,2581,-3.5932905673980713
1769994491.5551946,2582,-3.578463554382324
1769994494.521296,2583,-3.7825045585632324
1769994501.4174247,2584,-3.613684892654419
1769994521.1295807,2585,-3.379112720489502
1769994528.7944467,2586,-3.0472538471221924
1769994535.9809518,2587,-2.9704768657684326
1769994539.6468918,2588,-3.473682403564453
1769994546.317933,2589,-3.8250887393951416
1769994549.678947,2590,-5.207675933837891
1769994552.649216,2591,-3.3197028636932373
1769994557.7880723,2592,-3.7447633743286133
1769994569.7996092,2593,-3.6262247562408447
1769994577.567377,2594,-4.265676975250244
1769994584.5593278,2595,-4.316407203674316
1769994591.19133,2596,-4.5236406326293945
1769994598.7802043,2597,-4.253091812133789
1769994629.1417284,2598,-3.8046035766601562
1769994632.1421247,2599,-4.896256446838379
1769994635.1250455,2600,-4.546505928039551
1769994638.7971356,2601,-3.443478584289551
1769994648.5577936,2602,-3.363682270050049
1769994651.5419374,2603,-3.7834622859954834
1769994654.512172,2604,-1.473117470741272
1769994659.5934803,2605,-4.171935558319092
1769994662.5643263,2606,-4.3207292556762695
1769994674.3107002,2607,-3.926145315170288
1769994677.434995,2608,-3.5093393325805664
1769994686.2350836,2609,-3.6761913299560547
1769994689.1467657,2610,-4.79737663269043
1769994695.8127275,2611,-3.3389651775360107
1769994702.431387,2612,-3.5960516929626465
1769994716.9647276,2613,-3.306760787963867
1769994731.1588929,2614,-3.617396354675293
1769994741.6274772,2615,-3.2196202278137207
1769994749.3019197,2616,-2.709150791168213
1769994753.9206233,2617,-3.4983127117156982
1769994769.2162611,2618,-2.8250274658203125
1769994775.5561213,2619,-2.316591739654541
1769994786.769454,2620,-2.8849151134490967
1769994916.6733282,2621,-2.6207151412963867
1769994920.5692103,2622,-4.024005889892578
1769994927.2709877,2623,-2.939318895339966
1769994927.3938544,2624,-9.902734756469727
1769994941.2075841,2625,-3.0264389514923096
1769994948.6336598,2626,-2.440622091293335
1769994954.0062344,2627,-2.765377998352051
1769994963.0355244,2628,-2.595000982284546
1769994966.6857574,2629,-2.446958065032959
1769994971.1669464,2630,-2.6950700283050537
1769994979.2674434,2631,-4.205297470092773
1769994982.2486324,2632,-4.090290069580078
1769994985.2331777,2633,-3.113316774368286
1769994997.130154,2634,-2.2300782203674316
1769995000.1238983,2635,-2.3468263149261475
1769995000.24663,2636,0.2312137633562088
1769995004.6169453,2637,-2.0381064414978027
1769995008.18352,2638,-2.913165807723999
1769995011.1866207,2639,-2.579960346221924
1769995014.1544375,2640,-2.6814117431640625
1769995023.625068,2641,-2.5209596157073975
1769995035.8274903,2642,-1.7786972522735596
1769995035.9561987,2643,-9.144808769226074
1769995045.7428303,2644,-2.473870038986206
1769995054.9615362,2645,-3.397846221923828
1769995060.8950253,2646,-2.471400737762451
1769995078.332563,2647,-2.9136130809783936
1769995090.6933637,2648,-3.055856943130493
1769995095.1837614,2649,-2.9827733039855957
1769995118.98075,2650,-2.290900230407715
1769995132.2506652,2651,-3.1372625827789307
1769995136.537727,2652,-2.623497724533081
1769995150.105766,2653,-2.4185996055603027
1769995153.1043727,2654,-1.8260374069213867
1769995166.3121698,2655,-2.249394416809082
1769995177.9586396,2656,-2.150453567504883
1769995179.055701,2657,-1.7482495307922363
1769995179.1743362,2658,0.5313064455986023
1769995183.4849901,2659,-1.462393045425415
1769995186.654691,2660,-3.1414575576782227
1769995204.065182,2661,-2.423888921737671
1769995283.117243,2662,-2.3626348972320557
1769995286.1391675,2663,-2.445504903793335
1769995300.2764297,2664,-1.738943099975586
1769995318.2204676,2665,-2.6304800510406494
1769995334.616763,2666,-2.6628222465515137
1769995338.1650927,2667,-2.192915201187134
1769995344.0477476,2668,-2.003490447998047
1769995352.445952,2669,-2.2149460315704346
1769995358.2473083,2670,-2.880258321762085
1769995363.8227782,2671,-2.6803786754608154
1769995371.6434622,2672,-2.659355401992798
1769995379.7139382,2673,-2.590665817260742
1769995385.0567644,2674,-2.5784027576446533
1769995390.2321675,2675,-0.9523078799247742
1769995393.2341127,2676,-1.442233920097351
1769995409.6536574,2677,-2.4715969562530518
1769995412.677994,2678,-1.4785096645355225
1769995421.0992098,2679,-3.153872489929199
1769995424.078956,2680,-2.225071430206299
1769995444.847724,2681,-2.0237693786621094
1769995447.4325886,2682,-0.20203302800655365
1769995453.0616179,2683,-2.8482189178466797
1769995456.5047338,2684,-1.1599477529525757
1769995464.7555354,2685,-1.802399754524231
1769995470.0403743,2686,-3.0519537925720215
1769995475.9767756,2687,-2.1715309619903564
1769995482.2852776,2688,-2.5206716060638428
1769995495.4427423,2689,-1.909710168838501
1769995504.453135,2690,-1.2574470043182373
1769995519.5516775,2691,-2.1821107864379883
1769995528.7472224,2692,-1.9018875360488892
1769995552.5339742,2693,-2.129495143890381
1769995618.4689894,2694,-2.7916996479034424
1769995624.9459155,2695,-1.8076817989349365
1769995633.5152059,2696,-2.129352569580078
1769995636.518912,2697,-1.3419135808944702
1769995639.4876719,2698,-2.215702533721924
1769995644.1757884,2699,-1.756810188293457
1769995652.5322146,2700,-2.339207172393799
1769995662.6485462,2701,-1.8461363315582275
1769995666.9797504,2702,-2.2632932662963867
1769995674.0632443,2703,-1.6274912357330322
1769995688.5366397,2704,-1.5862197875976562
1769995698.907984,2705,-2.4469265937805176
1769995701.878538,2706,-1.4837696552276611
1769995705.066361,2707,-1.7146354913711548
1769995710.7999618,2708,-2.757913589477539
1769995721.1011515,2709,-2.1856331825256348
1769995725.247576,2710,-1.2477928400039673
1769995725.3687449,2711,-9.286787033081055
1769995732.575862,2712,-2.4733431339263916
1769995746.9798484,2713,-2.1882195472717285
1769995747.110403,2714,9.8070650100708
1769995773.338746,2715,-2.345945358276367
1769995785.3595808,2716,-2.824479818344116
1769995793.5899334,2717,-2.0415639877319336
1769995800.6520352,2718,-2.066635847091675
1769995818.5451648,2719,-2.3887009620666504
1769995830.689335,2720,-1.9845600128173828
1769995833.7125845,2721,-0.8728498816490173
1769995836.713307,2722,-3.3490383625030518
1769995839.806572,2723,-3.3031625747680664
1769995843.5651617,2724,-1.0729552507400513
1769995848.9678726,2725,-1.835224986076355
1769995849.259915,2726,-1.316075086593628
1769995857.8059256,2727,-1.860884189605713
1769995866.6753807,2728,-1.518121361732483
1769995879.5517702,2729,-2.37797474861145
1769995882.5271206,2730,-1.6510086059570312
1769995887.6266937,2731,-2.3951916694641113
1769995887.917993,2732,-0.24082684516906738
1769995904.1866167,2733,-2.0301527976989746
1769996029.8371923,2734,-1.985687255859375
1769996029.957688,2735,5.555057525634766
1769996032.9666076,2736,-1.8437680006027222
1769996038.250846,2737,-2.308485984802246
1769996053.1836843,2738,-1.7851545810699463
1769996061.061685,2739,-2.293107509613037
1769996080.1235669,2740,-1.1788592338562012
1769996084.6531641,2741,-1.8464610576629639
1769996087.7354276,2742,-1.0836766958236694
1769996094.8462663,2743,-2.4016025066375732
1769996100.50093,2744,-0.8844121098518372
1769996114.7712817,2745,-1.6810194253921509
1769996120.612844,2746,-3.225766658782959
1769996125.5111887,2747,-2.036323070526123
1769996128.9074943,2748,-1.2861469984054565
1769996146.4121644,2749,-1.7632859945297241
1769996155.2922912,2750,-1.7056005001068115
1769996158.2879648,2751,-2.936863422393799
1769996171.5055788,2752,-1.7008594274520874
1769996180.2354364,2753,-1.523097276687622
1769996189.6923819,2754,-2.3451030254364014
1769996194.968038,2755,-1.5562235116958618
1769996202.4399204,2756,-1.262345314025879
1769996222.174031,2757,-1.5490063428878784
