wall_time,step,value
1769529731.413305,1,0.07009337097406387
1769529732.8084261,2,-0.4035087525844574
1769529732.9321918,3,-0.48640117049217224
1769529738.2248456,4,-0.4105232059955597
1769529740.3267503,5,-0.4956081211566925
1769529740.4531777,6,-0.550146222114563
1769529745.9849384,7,3.079768657684326
1769529791.2141135,8,3.4890878200531006
1769529793.5809393,9,-0.993752658367157
1769529902.5943918,10,0.2144235223531723
1769529927.0443988,11,-1.1530463695526123
1769529933.9398541,12,-1.660360336303711
1769529939.156501,13,-1.7299537658691406
1769529940.006657,14,-2.183567523956299
1769529952.4256914,15,-1.862897515296936
1769529960.425096,16,-2.166088581085205
1769529972.6489983,17,-1.3153886795043945
1769529989.358143,18,0.6688185334205627
1769529994.7392344,19,0.6488631367683411
1769529994.8630078,20,-1.662521481513977
1769530000.9367182,21,1.751697301864624
1769530018.694692,22,2.931772470474243
1769530096.8731494,23,2.9578590393066406
1769530101.8908956,24,3.123831272125244
1769530106.5515711,25,3.0304503440856934
1769530120.59533,26,7.251092910766602
1769530147.944224,27,10.797534942626953
1769530148.2058306,28,0.5182331204414368
1769530171.9037738,29,11.316279411315918
1769530204.9179332,30,13.83740520477295
1769530238.3206182,31,8.191866874694824
1769530240.4187996,32,4.926705837249756
1769530252.9844155,33,9.86983585357666
1769530258.0403116,34,8.331770896911621
1769530258.1667907,35,1.8657931089401245
1769530291.4794238,36,10.434524536132812
1769530294.1042097,37,9.520941734313965
1769530299.635871,38,8.983710289001465
1769530300.5742636,39,6.769606113433838
1769530313.9256635,40,10.938292503356934
1769530315.0922146,41,7.540019512176514
1769530335.8896554,42,12.403287887573242
1769530342.5380824,43,13.096176147460938
1769530362.7531466,44,13.530752182006836
1769530398.964737,45,16.194334030151367
1769530445.9549534,46,12.76142406463623
1769530446.0838318,47,1.2254189252853394
1769530453.445464,48,16.579994201660156
1769530464.575832,49,16.36235809326172
1769530499.057952,50,18.711807250976562
1769530505.3556774,51,19.624223709106445
1769530511.9567795,52,13.862879753112793
1769530544.4837947,53,20.506935119628906
1769530553.2218432,54,19.232715606689453
1769530559.3809922,55,19.004446029663086
1769530563.7205234,56,19.508886337280273
1769530566.7000244,57,18.562896728515625
1769530570.4312944,58,20.416738510131836
1769530579.19941,59,20.34128189086914
1769530635.269279,60,23.730844497680664
1769530639.714066,61,22.953510284423828
1769530647.7510178,62,24.615070343017578
1769530675.7664173,63,26.19305992126465
1769530689.3532405,64,27.41335678100586
1769530700.1944828,65,27.463380813598633
1769530706.807057,66,26.488597869873047
1769530714.802758,67,28.771257400512695
1769530728.9719026,68,27.75373649597168
1769530731.433575,69,25.97882652282715
1769530752.1384761,70,29.128793716430664
1769530772.9828598,71,28.000465393066406
1769530776.2565773,72,28.529199600219727
1769530792.740791,73,31.618947982788086
1769530797.7305496,74,30.765520095825195
1769530810.2501204,75,31.04144287109375
1769530829.8475347,76,31.74024200439453
1769530863.1277225,77,32.52020263671875
1769530878.7025063,78,33.15996170043945
1769530884.972203,79,31.59610366821289
1769530893.000385,80,30.26082420349121
1769531018.4560905,81,32.97935104370117
1769531018.9451537,82,27.196334838867188
1769531020.1226556,83,19.815746307373047
1769531026.3477879,84,32.8121337890625
1769531079.5712302,85,34.91071701049805
1769531354.4198613,86,33.44502639770508
1769531354.6952055,87,5.848848342895508
1769531354.8236763,88,-8.077138900756836
1769531410.2192307,89,36.872291564941406
1769531426.6741104,90,32.092166900634766
1769531427.673111,91,21.742631912231445
1769531452.0091586,92,33.20332336425781
1769531452.1656892,93,6.365273475646973
1769531642.0156538,94,46.88279342651367
1769531938.1942399,95,49.69943618774414
1769531954.1157384,96,45.97663879394531
1769532053.5787456,97,56.13168716430664
1769532088.913345,98,56.12392807006836
1769532306.2164154,1,0.07144107669591904
1769532314.580887,2,-0.2787739336490631
1769532447.2414594,1,0.07714260369539261
1769532477.8151171,2,-0.20714829862117767
1769532546.8277948,3,-0.5609524846076965
1769532652.8210168,4,-1.219673991203308
1769532653.0241675,5,-2.174546957015991
1769532653.1467438,6,-1.9610886573791504
1769532711.6743984,7,-1.979780673980713
1769532785.4473968,8,-2.9210333824157715
1769532990.6132526,1,-0.0604327917098999
1769533001.3009708,2,-0.09295620024204254
1769533011.0048034,3,-0.3929273188114166
1769533013.058998,4,-0.6260390281677246
1769533023.674432,5,-0.5218745470046997
1769533033.8409982,6,-1.1775412559509277
1769533055.011814,7,-1.4825036525726318
1769533095.7857664,8,-1.8299916982650757
1769533101.820991,9,-2.839094638824463
1769533141.7430372,10,-2.3767452239990234
1769533141.892043,11,-2.640624523162842
1769533151.7617428,12,-2.6657729148864746
1769533182.93712,13,-2.627821922302246
1769533257.8507953,14,-3.0493063926696777
1769533260.368125,15,-3.7405381202697754
1769533309.3679693,16,-3.5657660961151123
1769533338.2504628,17,-4.123416900634766
1769533377.892951,18,-4.685158729553223
1769533408.6695201,19,-4.305017471313477
1769533410.5236008,20,-5.013980388641357
1769533428.8602312,21,-4.331687927246094
1769533477.979743,22,-4.725888252258301
1769533484.6508324,23,-5.618811130523682
1769533484.7809725,24,-5.070169925689697
1769533498.0223567,25,-5.566041946411133
1769533676.7373924,26,-6.942076683044434
1769533756.44233,27,-7.562922954559326
1769533761.4439068,28,-7.129983425140381
1769534069.326439,29,-7.440093040466309
1769534116.3254437,30,-8.250658988952637
1769534140.0840878,31,-8.688665390014648
1769534167.026421,32,-8.532973289489746
1769534179.5328405,33,-8.556290626525879
1769534179.66939,34,-8.383666038513184
1769534193.7549736,35,-8.088395118713379
1769534198.0566833,36,-9.523659706115723
1769534206.0949256,37,-7.974940299987793
1769534232.3018267,38,-9.039812088012695
1769534279.9016411,39,-8.61788558959961
1769534285.932911,40,-8.561275482177734
1769534311.3359263,41,-8.648140907287598
1769534319.430476,42,-8.22168254852295
1769534325.33383,43,-9.911127090454102
1769534344.7358837,44,-8.866015434265137
1769534380.8821933,45,-8.415192604064941
1769534444.3674927,46,-9.058894157409668
1769534460.288199,47,-9.91646671295166
1769534484.8082976,48,-10.000258445739746
1769534492.3978574,49,-10.22938346862793
1769534532.1400406,50,-10.190977096557617
1769534541.0079453,51,-11.011685371398926
1769534541.1394296,52,-10.153022766113281
1769534549.3488963,53,-9.670119285583496
1769534558.4676611,54,-9.190040588378906
1769534562.715757,55,-9.758989334106445
1769534566.2261915,56,-11.286860466003418
1769534595.2480443,57,-9.50479507446289
1769534688.6599698,58,-11.174212455749512
1769534713.5510197,59,-10.5333251953125
1769534728.0584378,60,-11.256731033325195
1769534729.5097258,61,-12.090972900390625
1769534732.8970563,62,-12.154719352722168
1769534734.834323,63,-10.855657577514648
1769534734.9592462,64,-11.118544578552246
1769534742.8850825,65,-12.193751335144043
1769534750.4402332,66,-10.959009170532227
1769534762.9208794,67,-11.604351997375488
1769534792.6627817,68,-12.102720260620117
1769534804.5725372,69,-13.258225440979004
1769534813.2096848,70,-11.834953308105469
1769534830.570186,71,-12.229818344116211
1769534844.5345895,72,-12.771584510803223
1769534851.1975362,73,-11.463146209716797
1769534870.0652244,74,-12.921109199523926
1769534883.8182971,75,-13.867498397827148
1769534890.7482934,76,-13.131829261779785
1769534903.3293643,77,-14.973137855529785
1769534907.5757475,78,-14.347193717956543
1769534928.9434574,79,-13.321002006530762
1769534939.9932382,80,-14.673147201538086
1769534941.7519696,81,-13.37767505645752
1769534956.3495693,82,-12.491929054260254
1769534959.0510218,83,-12.334046363830566
1769535035.385121,84,-15.644282341003418
1769535077.8064418,85,-16.4525146484375
1769535085.4839878,86,-15.468509674072266
1769535086.9063952,87,-16.086963653564453
1769535087.0349505,88,-14.089149475097656
1769535090.288327,89,-14.562485694885254
1769535090.418112,90,-16.584741592407227
1769535098.7427144,91,-13.83816146850586
1769535103.6381402,92,-14.24846363067627
1769535106.5714996,93,-12.686756134033203
1769535112.155995,94,-13.973170280456543
1769535122.8110318,95,-15.189715385437012
1769535135.5330346,96,-16.084735870361328
1769535141.2212508,97,-16.54218292236328
1769535147.204053,98,-15.198986053466797
1769535155.6227732,99,-14.266143798828125
1769535183.251114,100,-16.844411849975586
1769535189.5246646,101,-13.639213562011719
1769535218.280518,102,-15.335823059082031
1769535221.1821072,103,-17.56443214416504
1769535227.001714,104,-15.37304973602295
1769535232.5599456,105,-12.829806327819824
1769535246.4562676,106,-14.732746124267578
1769535259.8565834,107,-14.381267547607422
1769535274.6843576,108,-17.29514503479004
1769535279.7075193,109,-15.522245407104492
1769535292.0466368,110,-16.83279800415039
1769535296.5689828,111,-15.925556182861328
1769535298.386218,112,-16.01934051513672
1769535298.5141418,113,-15.90526008605957
1769535300.145246,114,-16.83941650390625
1769535300.27205,115,-15.649296760559082
1769535304.286296,116,-14.996768951416016
1769535312.7373075,117,-15.545756340026855
1769535355.5119457,118,-16.554386138916016
1769535356.5539532,119,-15.580289840698242
1769535372.2067254,120,-15.658225059509277
1769535376.3987007,121,-15.338432312011719
1769535377.1256816,122,-18.3075008392334
1769535381.174158,123,-16.63759994506836
1769535384.233978,124,-16.350107192993164
1769535384.9671757,125,-18.672433853149414
1769535393.2471452,126,-20.337427139282227
1769535400.204344,127,-17.185232162475586
1769535409.1728475,128,-20.189720153808594
1769535413.4690092,129,-16.198625564575195
1769535441.4343219,130,-15.921568870544434
1769535453.3865664,131,-17.410676956176758
1769535463.5951006,132,-17.805986404418945
1769535478.0851068,133,-16.92940902709961
1769535480.8772187,134,-15.910571098327637
1769535484.3772938,135,-17.930404663085938
1769535490.0671024,136,-20.278066635131836
1769535491.3482325,137,-16.8918514251709
1769535498.0738482,138,-18.902002334594727
1769535505.1589777,139,-19.303001403808594
1769535530.9208467,140,-19.150917053222656
1769535547.6834426,141,-15.633563995361328
1769535549.2068036,142,-18.64128303527832
1769535555.0162945,143,-17.971651077270508
1769535574.4606628,144,-18.590084075927734
1769535613.4103165,145,-19.469167709350586
1769535631.1365259,146,-21.784786224365234
1769535636.3788617,147,-21.0159854888916
1769535641.2821617,148,-19.79859733581543
1769535649.8926463,149,-19.061443328857422
1769535710.386537,150,-22.924272537231445
1769535744.8898597,151,-20.70441246032715
1769535756.4958127,152,-18.880586624145508
1769535774.428266,153,-26.4374942779541
1769535777.795818,154,-20.660274505615234
1769535785.2993119,155,-19.885744094848633
1769535787.9249308,156,-21.348682403564453
1769535789.8347871,157,-22.4351863861084
1769535789.961471,158,-17.545345306396484
1769535816.8622746,159,-23.717336654663086
1769535834.6793842,160,-23.963743209838867
1769535838.0720613,161,-19.87269401550293
1769535841.0013514,162,-19.63672637939453
1769535845.0351644,163,-17.512466430664062
1769535848.5278237,164,-21.487964630126953
1769535869.1497645,165,-25.84894371032715
1769535870.9467182,166,-18.631380081176758
1769535871.0725887,167,-18.674983978271484
1769535879.109361,168,-22.789133071899414
1769535879.240768,169,-21.3414363861084
1769535879.3673413,170,-20.84701156616211
1769535883.9718678,171,-23.486804962158203
1769535890.006783,172,-20.079971313476562
1769535913.8542018,173,-18.899991989135742
1769535918.3039558,174,-21.088106155395508
1769535922.3174536,175,-23.184667587280273
1769535929.927238,176,-19.03563690185547
1769535930.6778214,177,-20.4834041595459
1769535930.8035781,178,-17.95724105834961
1769535948.822996,179,-22.240291595458984
1769536004.4051776,180,-23.22671890258789
1769536076.1440492,181,-21.844284057617188
1769536092.0443592,182,-20.802095413208008
1769536092.1864653,183,-23.989280700683594
1769536092.3112566,184,-23.375802993774414
1769536095.234804,185,-22.051692962646484
1769536099.512853,186,-23.361726760864258
1769536101.0759013,187,-20.66229820251465
1769536119.309054,188,-27.320613861083984
1769536142.5692675,189,-22.767902374267578
1769536152.0708592,190,-21.6457462310791
1769536152.206264,191,-22.326995849609375
1769536180.6931415,192,-26.78862762451172
1769536180.838324,193,-19.791210174560547
1769536184.0941083,194,-20.24010467529297
1769536208.5756035,195,-20.406259536743164
1769536224.7040744,196,-21.80453109741211
1769536226.8618832,197,-24.37590789794922
1769536231.054351,198,-24.98029899597168
1769536234.7173758,199,-24.86241912841797
1769536237.0592113,200,-24.476675033569336
1769536244.1226363,201,-24.554283142089844
1769536256.0285916,202,-23.696008682250977
1769536256.1618354,203,-22.62869644165039
1769536256.287039,204,-22.991531372070312
1769536266.1255636,205,-25.757938385009766
1769536269.8515854,206,-21.579275131225586
1769536282.8078904,207,-22.19247817993164
1769536298.067556,208,-23.929813385009766
1769536308.877751,209,-27.886947631835938
1769536310.1839726,210,-29.31053924560547
1769536315.0006552,211,-23.539432525634766
1769536325.338091,212,-22.566566467285156
1769536334.1523218,213,-24.170055389404297
1769536338.8654704,214,-26.763479232788086
1769536400.3905542,215,-21.801286697387695
1769536405.0449731,216,-26.52911376953125
1769536410.8303328,217,-25.179349899291992
1769536412.3460646,218,-25.385860443115234
1769536415.5883682,219,-25.090932846069336
1769536420.1570008,220,-25.770919799804688
1769536447.4536235,221,-26.6398983001709
1769536449.5091763,222,-28.80763816833496
1769536452.9672036,223,-29.201217651367188
1769536455.890176,224,-26.41080665588379
1769536458.4921627,225,-25.156259536743164
1769536464.752167,226,-25.96717071533203
1769536471.1579082,227,-26.75892448425293
1769536476.147618,228,-24.868459701538086
1769536477.3405273,229,-27.780336380004883
1769536498.9057856,230,-25.468589782714844
1769536501.956112,231,-23.74089813232422
1769536502.687183,232,-22.868682861328125
1769536507.1089993,233,-22.66646385192871
1769536603.838285,234,-25.922327041625977
1769536607.0817354,235,-28.9947566986084
1769536607.2126937,236,-24.17166519165039
1769536613.8548253,237,-24.839189529418945
1769536645.0965097,238,-29.644027709960938
1769536657.2209995,239,-27.02965545654297
1769536659.109289,240,-24.767833709716797
1769536673.105531,241,-23.970138549804688
1769536726.7703083,242,-38.27922821044922
1769536733.5089219,243,-28.855396270751953
1769536851.9449463,244,-30.913330078125
1769536896.6560962,245,-34.49388885498047
1769536899.5845363,246,-30.51189613342285
1769536932.9716694,247,-27.69451332092285
1769536957.9812033,248,-30.975749969482422
1769536966.181254,249,-27.5738525390625
1769536971.6599216,250,-27.935317993164062
1769536976.3382318,251,-36.021488189697266
1769536978.0006247,252,-32.00688171386719
1769536984.1666453,253,-29.02747917175293
1769536985.8339832,254,-28.840391159057617
1769536996.110063,255,-27.94032096862793
1769536998.4370224,256,-29.253694534301758
1769537018.4590693,257,-29.936010360717773
1769537092.5270028,258,-36.697540283203125
1769537103.2604055,259,-33.330535888671875
1769537112.0802927,260,-31.0404109954834
1769537118.773188,261,-31.61517906188965
1769537171.374066,262,-38.5890007019043
1769537182.3755963,263,-24.826007843017578
1769537182.8794396,264,-27.48847007751465
1769537237.8746448,265,-34.7954216003418
1769537253.7349393,266,-31.27989387512207
1769537262.6880505,267,-27.666038513183594
1769537263.790672,268,-25.95596694946289
1769537272.3571591,269,-32.58273696899414
1769537274.5256252,270,-33.86617660522461
1769537300.6834989,271,-28.016027450561523
1769537311.9130936,272,-34.150390625
1769537332.8025947,273,-28.916057586669922
1769537332.9457598,274,-31.170522689819336
1769537359.1725287,275,-27.161006927490234
1769537373.670389,276,-27.749561309814453
1769537375.0603337,277,-30.137813568115234
1769537377.440362,278,-29.471040725708008
1769537409.965493,279,-38.721614837646484
1769537437.5609915,280,-34.97657775878906
1769537448.1762626,281,-34.56947708129883
1769537468.2601366,282,-30.535179138183594
1769537498.927028,283,-33.54008865356445
1769537499.077804,284,-30.062274932861328
1769537516.4891326,285,-31.008481979370117
1769537530.7338493,286,-30.21639060974121
1769537531.6111631,287,-26.55009651184082
1769537560.164969,288,-34.33949279785156
1769537562.802187,289,-31.200267791748047
1769537582.2630067,290,-33.64067077636719
1769537589.6349142,291,-32.50209045410156
1769537596.4597998,292,-35.83385467529297
1769537600.1077561,293,-29.39328384399414
1769537606.2586832,294,-36.476173400878906
1769537611.0713928,295,-32.044620513916016
1769537615.116351,296,-35.55440139770508
1769537618.417141,297,-36.105003356933594
1769537618.546197,298,-31.869226455688477
1769537627.0481343,299,-30.84449577331543
1769537627.1813686,300,-26.794883728027344
1769537636.6300664,301,-41.87900924682617
1769537654.440839,302,-33.17790222167969
1769537662.628875,303,-34.0099983215332
1769537673.8776345,304,-28.802574157714844
1769537687.4384966,305,-28.484994888305664
1769537715.1328971,306,-39.51017761230469
1769537721.8121893,307,-27.404247283935547
1769537733.7435842,308,-36.81217575073242
1769537738.936931,309,-27.58088493347168
1769537757.192055,310,-36.98616027832031
1769537767.458065,311,-36.06450653076172
1769537774.5241652,312,-34.97284698486328
1769537775.0775058,313,-37.301483154296875
1769537791.2265387,314,-42.308528900146484
1769537791.3677306,315,-37.14982223510742
1769537804.1273756,316,-37.818695068359375
1769537807.839825,317,-34.326072692871094
1769537812.5286133,318,-39.86393356323242
1769537825.1692827,319,-37.200260162353516
1769537852.8690152,320,-36.351478576660156
1769537871.413819,321,-38.9451904296875
1769537876.884699,322,-34.391746520996094
1769537878.6909125,323,-34.964805603027344
1769537880.462379,324,-31.525863647460938
1769537889.7825642,325,-36.46833419799805
1769537895.266506,326,-30.067066192626953
1769537905.0378828,327,-38.045936584472656
1769537905.415878,328,-40.96565628051758
1769537913.2605317,329,-28.56304931640625
1769537914.1236951,330,-33.1273193359375
1769537921.053577,331,-29.672344207763672
1769537921.6117842,332,-27.384937286376953
1769537935.7918596,333,-33.512237548828125
1769537980.4996328,334,-32.41436004638672
1769537982.7295833,335,-36.380706787109375
1769537989.5511672,336,-35.477420806884766
1769538000.095632,337,-27.937274932861328
1769538003.8199809,338,-34.235103607177734
1769538038.554353,339,-29.791093826293945
1769538050.069352,340,-39.6502571105957
1769538052.313536,341,-37.92921447753906
1769538062.4805875,342,-30.47498893737793
1769538062.614622,343,-30.30906105041504
1769538080.6854415,344,-42.365760803222656
1769538085.4678838,345,-32.01642990112305
1769538092.829218,346,-39.90727996826172
1769538099.9531868,347,-32.930538177490234
1769538102.0776672,348,-34.930198669433594
1769538103.2252991,349,-31.385438919067383
1769538114.210975,350,-34.74542999267578
1769538136.4592059,351,-40.25593566894531
1769538137.672314,352,-37.106544494628906
1769538138.6095486,353,-29.85594940185547
1769538143.2774174,354,-38.07829284667969
1769538155.8771157,355,-43.72944259643555
1769538166.6922703,356,-30.79461669921875
1769538170.917005,357,-37.12617111206055
1769538176.9483745,358,-33.835243225097656
1769538187.1472843,359,-38.44819259643555
1769538197.8285182,360,-47.29735565185547
1769538208.9745173,361,-37.950660705566406
1769538213.566376,362,-29.97096061706543
1769538217.7962246,363,-37.73798370361328
1769538223.6483033,364,-33.32681655883789
1769538224.9324691,365,-39.97274398803711
1769538225.060673,366,-37.44330596923828
1769538236.395009,367,-33.778446197509766
1769538237.6200306,368,-32.08333969116211
1769538246.5117521,369,-38.51571273803711
1769538248.7731998,370,-33.37692642211914
1769538270.1893172,371,-40.542110443115234
1769538295.9280236,372,-37.506893157958984
1769538327.946863,373,-33.602210998535156
1769538333.6783772,374,-46.85979461669922
1769538334.1784034,375,-37.81804275512695
1769538348.2387466,376,-42.85434341430664
1769538378.11299,377,-37.533172607421875
1769538378.8539503,378,-38.311302185058594
1769538384.5803795,379,-41.79307174682617
1769538394.4195368,380,-42.900115966796875
1769538406.4239948,381,-28.809118270874023
1769538419.751239,382,-31.821367263793945
1769538421.761689,383,-30.110984802246094
1769538428.035243,384,-41.135902404785156
1769538429.5795054,385,-31.645099639892578
1769538468.7873077,386,-29.73622703552246
1769538468.942883,387,-34.83380889892578
1769538484.7302678,388,-44.10892105102539
1769538488.1412482,389,-40.166561126708984
1769538512.813849,390,-39.88276290893555
1769538520.2911336,391,-45.154747009277344
1769538528.6763523,392,-42.96577453613281
1769538538.3967738,393,-44.76797866821289
1769538557.148254,394,-40.58566665649414
1769538560.0948305,395,-32.104820251464844
1769538589.3063107,396,-54.86226272583008
1769538603.3580163,397,-38.86652755737305
1769538608.4137545,398,-37.09626007080078
1769538629.1037443,399,-43.924068450927734
1769538633.6223335,400,-29.4287166595459
1769538654.638516,401,-41.23866653442383
1769538698.684426,402,-39.92656326293945
1769538699.6067405,403,-39.08599853515625
1769538707.4155548,404,-37.58616638183594
1769538710.0278306,405,-45.33456039428711
1769538717.9908936,406,-30.75924301147461
1769538724.0256934,407,-44.87807846069336
1769538726.273824,408,-42.200721740722656
1769538730.2459543,409,-44.658565521240234
1769538752.577882,410,-33.68855667114258
1769538754.0988786,411,-43.19709777832031
1769538765.3198977,412,-48.50593566894531
1769538766.735625,413,-41.3169059753418
1769538773.9859076,414,-40.09953689575195
1769538782.2561681,415,-32.531803131103516
1769538785.6879766,416,-44.05893325805664
1769538795.8335507,417,-40.92096710205078
1769538798.197443,418,-41.977149963378906
1769538819.1152472,419,-40.57643127441406
1769538821.562572,420,-32.744529724121094
1769538828.7144632,421,-34.96089553833008
1769538835.0071535,422,-34.26947784423828
1769538837.3123991,423,-40.433387756347656
1769538844.9493814,424,-42.131290435791016
1769538848.548187,425,-41.469825744628906
1769538848.677025,426,-40.21392822265625
1769538857.1234393,427,-48.78023910522461
1769538864.4423256,428,-36.64673614501953
1769538866.1001625,429,-40.078895568847656
1769538878.2231655,430,-35.5410270690918
1769538882.1119692,431,-44.07035827636719
1769538887.3913171,432,-39.84852600097656
1769538887.5225523,433,-41.18114471435547
1769538888.6674013,434,-40.07706069946289
1769538895.6438537,435,-33.82911682128906
1769538906.0118618,436,-43.8558464050293
1769538909.5665646,437,-39.58989715576172
1769538912.26007,438,-38.549007415771484
1769538924.0976784,439,-40.1213493347168
1769538942.7266243,440,-34.8025016784668
1769538950.278055,441,-52.36051940917969
1769538963.0921972,442,-50.531986236572266
1769538968.1199427,443,-37.48094177246094
1769538971.9287221,444,-38.09141159057617
1769538972.0617762,445,-39.93448257446289
1769538976.0996804,446,-48.4534912109375
1769538986.156978,447,-41.30256271362305
1769539002.2645032,448,-48.46797561645508
1769539023.2273464,449,-41.69010925292969
1769539025.3591454,450,-32.57251739501953
1769539032.1019928,451,-41.94194412231445
1769539045.1721148,452,-43.19191360473633
1769539047.774675,453,-47.98012924194336
1769539051.5180862,454,-44.00738525390625
1769539059.8202028,455,-41.81117248535156
1769539072.9618134,456,-41.47829055786133
1769539077.7752554,457,-48.65128707885742
1769539102.872447,458,-39.401649475097656
1769539116.348533,459,-58.94789505004883
1769539127.8368993,460,-49.58660125732422
1769539136.4124753,461,-44.152313232421875
1769539145.8783774,462,-37.02786636352539
1769539149.9062264,463,-48.87176513671875
1769539156.578047,464,-41.61119842529297
1769539156.7099123,465,-30.762725830078125
1769539167.6834586,466,-40.025413513183594
1769539168.0006213,467,-41.576499938964844
1769539194.121805,468,-57.995487213134766
1769539194.283173,469,-29.489458084106445
1769539210.7381084,470,-41.22466278076172
1769539212.046569,471,-47.47910690307617
1769539223.133664,472,-42.40737533569336
1769539256.173297,473,-47.51487731933594
1769539256.326951,474,-37.18363952636719
1769539287.0358226,475,-36.683204650878906
1769539302.274775,476,-37.51353454589844
1769539309.7904317,477,-44.24971389770508
1769539313.6857812,478,-44.90690612792969
1769539326.498824,479,-51.22555923461914
1769539355.4980686,480,-35.58979415893555
1769539376.312666,481,-37.94557189941406
1769539380.1371927,482,-52.86860656738281
1769539391.296643,483,-36.225242614746094
1769539455.185893,484,-47.89988327026367
1769539466.5717993,485,-48.2323112487793
1769539486.8348002,486,-36.892303466796875
1769539495.2802896,487,-41.58992004394531
1769539496.5754383,488,-56.109092712402344
1769539502.890995,489,-42.75119400024414
1769539509.3093004,490,-32.437339782714844
1769539518.6060562,491,-47.18592834472656
1769539520.4061954,492,-50.11827850341797
1769539520.5349665,493,-37.08015823364258
1769539531.0382087,494,-61.150611877441406
1769539533.2880423,495,-47.54883575439453
1769539551.5615613,496,-44.51369857788086
1769539555.2991712,497,-39.364768981933594
1769539556.816802,498,-35.170005798339844
1769539561.0700254,499,-42.12519836425781
1769539574.095769,500,-52.89957046508789
1769539577.6913357,501,-44.372135162353516
1769539596.1627996,502,-50.381980895996094
1769539616.1717858,503,-37.45467758178711
1769539630.0398395,504,-37.89869689941406
1769539672.7891035,505,-46.92708206176758
1769539716.362505,506,-58.5982551574707
1769539718.4706857,507,-37.213741302490234
1769539733.5823476,508,-58.7702522277832
1769539737.234545,509,-43.78941345214844
1769539749.8759265,510,-45.28512191772461
1769539770.2498653,511,-64.01708221435547
1769539770.8840911,512,-81.9205551147461
1769539779.6941462,513,-46.51819610595703
1769539783.5169156,514,-54.834712982177734
1769539802.5785236,515,-39.90872573852539
1769539807.083428,516,-38.589317321777344
1769539808.1337395,517,-52.537506103515625
1769539808.5411959,518,-41.75983810424805
1769539822.1306868,519,-36.36330032348633
1769539830.714059,520,-55.36044692993164
1769539843.2250297,521,-57.244319915771484
1769539844.5149837,522,-47.35042190551758
1769539846.9890265,523,-55.836856842041016
1769539854.3773131,524,-54.63276290893555
1769539860.472335,525,-49.255767822265625
1769540000.041004,526,-72.64482879638672
1769540040.63943,527,-55.715999603271484
1769540043.36802,528,-62.32049560546875
1769540061.0263853,529,-49.04621505737305
1769540067.2709997,530,-43.191402435302734
1769540072.4350371,531,-52.00293731689453
1769540072.5651062,532,-47.732730865478516
1769540072.6888943,533,-32.649959564208984
1769540075.4693558,534,-47.17055892944336
1769540080.9055743,535,-33.91158676147461
1769540104.7103944,536,-49.06481170654297
1769540109.4222503,537,-63.50226974487305
1769540122.5850296,538,-48.05308532714844
1769540137.363957,539,-45.6026496887207
1769540152.49916,540,-57.20158767700195
1769540156.5504634,541,-47.71625518798828
1769540156.6795042,542,-42.43941879272461
1769540175.1968737,543,-47.27446746826172
1769540185.6865733,544,-41.110435485839844
1769540195.6654491,545,-59.16413879394531
1769540213.9501045,546,-42.99346923828125
1769540223.2276862,547,-54.412353515625
1769540227.9137652,548,-48.627803802490234
1769540232.3689344,549,-43.69145202636719
1769540236.9142287,550,-55.541282653808594
1769540241.6788695,551,-55.645442962646484
1769540266.3216152,552,-51.917823791503906
1769540266.9635906,553,-59.56368637084961
1769540287.702991,554,-63.0623779296875
1769540295.096103,555,-52.236515045166016
1769540308.3867989,556,-49.45500946044922
1769540313.2852795,557,-55.58938217163086
1769540321.1214411,558,-49.792606353759766
1769540324.283383,559,-43.9359130859375
1769540336.7729378,560,-56.363338470458984
1769540368.0549166,561,-32.16387939453125
1769540372.2556424,562,-53.0608024597168
1769540376.124182,563,-42.5704460144043
1769540385.9972947,564,-46.43985366821289
1769540393.7127995,565,-44.483009338378906
1769540393.8461182,566,-52.25194549560547
1769540407.9303324,567,-54.16498565673828
1769540413.5313907,568,-53.974395751953125
1769540417.8269777,569,-57.688255310058594
1769540418.0804965,570,-56.1759147644043
1769540432.6544511,571,-36.62240219116211
1769540433.3968222,572,-42.57080078125
1769540463.123924,573,-54.532875061035156
1769540467.5688848,574,-49.848331451416016
1769540473.4844794,575,-54.57955551147461
1769540485.6018426,576,-47.955970764160156
1769540485.7987723,577,-33.044525146484375
1769540489.774279,578,-50.08852767944336
1769540496.9233532,579,-37.99085235595703
1769540507.9003923,580,-54.333091735839844
1769540508.0374,581,-34.6962890625
1769540541.8414025,582,-43.019981384277344
1769540541.994471,583,-62.97273254394531
1769540553.336779,584,-33.31380081176758
1769540573.899026,585,-62.806724548339844
1769540596.4069436,586,-71.83838653564453
1769540597.697908,587,-41.421974182128906
1769540600.0200615,588,-44.19502258300781
1769540604.711159,589,-36.495262145996094
1769540620.31095,590,-62.594635009765625
1769540623.6140718,591,-42.48979568481445
1769540653.794005,592,-69.6218490600586
1769540661.8740928,593,-53.7649040222168
1769540665.3772395,594,-41.04256820678711
1769540684.963568,595,-60.258785247802734
1769540751.2903802,596,-69.37831115722656
1769540751.9201026,597,-57.4811897277832
1769540764.9967406,598,-56.033653259277344
1769540778.5228534,599,-54.92821502685547
1769540779.689018,600,-67.90872192382812
1769540796.5663204,601,-50.28211212158203
1769540801.806471,602,-49.797584533691406
1769540816.166215,603,-48.32396697998047
1769540820.0924313,604,-57.71738815307617
1769540824.0311527,605,-41.66019821166992
1769540826.3181431,606,-61.01182556152344
1769540835.3599093,607,-53.462440490722656
1769540835.4948046,608,-44.962162017822266
1769540838.1807137,609,-61.132022857666016
1769540846.751459,610,-40.7596435546875
1769540856.27044,611,-49.3841438293457
1769540860.7905765,612,-52.93309783935547
1769540874.4396613,613,-64.18871307373047
1769540881.356492,614,-48.47651290893555
1769540889.3833,615,-48.948917388916016
1769540898.1849594,616,-60.67197036743164
1769540904.4185033,617,-65.49475860595703
1769540922.3254278,618,-63.39634704589844
1769540923.5511024,619,-49.59360885620117
1769540932.3241224,620,-61.96331787109375
1769540935.9036367,621,-50.17165756225586
1769540936.0346744,622,-51.39403533935547
1769540937.5745058,623,-41.669227600097656
1769540943.4268851,624,-47.84531784057617
1769540953.037372,625,-47.892398834228516
1769540954.608962,626,-56.074275970458984
1769540954.7372181,627,-62.8430290222168
1769540962.3840218,628,-63.39546585083008
1769540964.7122147,629,-71.11482238769531
1769540965.3311787,630,-40.119972229003906
1769540974.102774,631,-55.22126388549805
1769540975.8491995,632,-64.4735107421875
1769540993.434762,633,-39.43855667114258
1769541000.9617386,634,-65.48963928222656
1769541003.8907616,635,-58.81930160522461
1769541015.5843024,636,-43.55093765258789
1769541034.346535,637,-57.024600982666016
1769541079.7265725,638,-45.76967239379883
1769541089.6356003,639,-54.46382141113281
1769541091.0738418,640,-64.54181671142578
1769541104.1675062,641,-53.54475784301758
1769541114.2855506,642,-46.308837890625
1769541116.0547802,643,-59.047454833984375
1769541117.9571228,644,-46.54032897949219
1769541125.3325255,645,-54.068233489990234
1769541179.9060252,646,-85.6404800415039
1769541187.649603,647,-59.256919860839844
1769541198.8462732,648,-44.1800422668457
1769541211.943711,649,-67.50989532470703
1769541218.9509683,650,-50.60038375854492
1769541223.823392,651,-54.738685607910156
1769541231.986767,652,-54.42625045776367
1769541233.20156,653,-56.08644104003906
1769541251.842865,654,-52.81206512451172
1769541257.017629,655,-40.63752365112305
1769541271.6329155,656,-61.77717590332031
1769541284.574752,657,-65.45118713378906
1769541290.9806285,658,-43.96546173095703
1769541293.1216614,659,-44.08018493652344
1769541310.028573,660,-47.629791259765625
1769541312.9018664,661,-65.88021087646484
1769541324.0934422,662,-63.64207077026367
1769541328.8313777,663,-55.005985260009766
1769541332.354444,664,-67.8180160522461
1769541338.0039723,665,-61.870460510253906
1769541346.8913982,666,-46.271976470947266
1769541348.4485347,667,-41.17776870727539
1769541364.7227151,668,-41.491031646728516
1769541395.5205672,669,-71.87431335449219
1769541407.7690063,670,-60.18964385986328
1769541409.8631933,671,-60.423255920410156
1769541411.5194156,672,-52.70710754394531
1769541411.7077029,673,-50.77839279174805
1769541420.6836195,674,-50.02029037475586
1769541426.661504,675,-52.598262786865234
1769541429.6402261,676,-54.76592254638672
1769541434.5682306,677,-60.33535385131836
1769541445.547312,678,-67.02790069580078
1769541448.5945842,679,-49.10519790649414
1769541455.4368858,680,-49.53118133544922
1769541459.743307,681,-54.99737548828125
1769541460.305017,682,-58.85038375854492
1769541465.652184,683,-63.817474365234375
1769541494.018787,684,-66.38777160644531
1769541497.9066987,685,-54.90923309326172
1769541500.8491125,686,-45.391605377197266
1769541507.3039472,687,-67.88722229003906
1769541526.8200407,688,-39.07533264160156
1769541526.963283,689,-64.45344543457031
1769541527.0888093,690,-37.990928649902344
1769541535.2181702,691,-50.75830078125
1769541536.8911538,692,-66.32740020751953
1769541539.6058483,693,-74.74319458007812
1769541555.6267846,694,-58.91135787963867
1769541555.8943646,695,-39.63666915893555
1769541562.2708275,696,-73.7929916381836
1769541564.1621425,697,-51.42306900024414
1769541572.6944182,698,-50.23963928222656
1769541583.3581877,699,-53.2166633605957
1769541623.4952295,700,-62.11086654663086
1769541626.2296798,701,-42.542781829833984
1769541640.46079,702,-53.74976348876953
1769541664.4269934,703,-62.437313079833984
1769541664.6912572,704,-49.722957611083984
1769541664.8188293,705,-57.85430145263672
1769541670.0237205,706,-60.74013900756836
1769541673.1949768,707,-56.277626037597656
1769541674.363071,708,-50.85171127319336
1769541719.6699371,709,-52.252933502197266
1769541761.573431,710,-54.65385437011719
1769541761.7189105,711,-64.52137756347656
1769541763.9807596,712,-48.169925689697266
1769541775.6732826,713,-53.84416961669922
1769541782.642427,714,-49.339683532714844
1769541786.3349578,715,-55.96687316894531
1769541795.0498297,716,-55.13880920410156
1769541798.22833,717,-62.094451904296875
1769541806.198918,718,-55.63323211669922
1769541807.4825485,719,-52.220428466796875
1769541808.8767998,720,-51.61903762817383
1769541824.741872,721,-51.315673828125
1769541843.0561333,722,-45.75882339477539
1769541853.0326667,723,-77.01277923583984
1769541856.5143487,724,-64.11314392089844
1769541862.8523426,725,-67.01360321044922
1769541868.2608287,726,-53.073577880859375
1769541875.7614098,727,-64.0050277709961
1769541882.0713115,728,-49.43904113769531
1769541886.6664853,729,-56.519325256347656
1769541890.525199,730,-53.78255844116211
1769541905.354591,731,-50.16220474243164
1769541918.773036,732,-60.08231735229492
1769541943.1246877,733,-47.96487045288086
1769541976.7212825,734,-66.69766235351562
1769541997.2878265,735,-54.285030364990234
1769541998.1728542,736,-39.74818801879883
1769542003.2611642,737,-60.60395812988281
1769542004.5412388,738,-61.969181060791016
1769542013.450262,739,-41.59849548339844
1769542026.2805717,740,-53.92683792114258
1769542064.719672,741,-72.45732879638672
1769542070.1264486,742,-67.03253936767578
1769542072.3259227,743,-57.91009521484375
1769542072.4540505,744,-49.38824462890625
1769542074.8947353,745,-48.985774993896484
1769542094.0104084,746,-48.30548858642578
1769542107.4662528,747,-74.83721160888672
1769542137.199252,748,-63.88703155517578
1769542148.1338742,749,-66.73085021972656
1769542153.6497765,750,-55.8587760925293
1769542155.9075518,751,-65.49627685546875
1769542171.206837,752,-63.610477447509766
1769542227.7495196,753,-58.83787155151367
1769542233.381567,754,-61.635005950927734
1769542238.401701,755,-70.663818359375
1769542238.9020038,756,-48.223941802978516
1769542253.9760594,757,-52.32771301269531
1769542273.1359234,758,-59.56793975830078
1769542275.1798024,759,-69.62849426269531
1769542277.3123732,760,-70.15386199951172
1769542278.9579513,761,-51.16681671142578
1769542291.315694,762,-79.83036041259766
1769542298.9868925,763,-64.12680053710938
1769542344.389932,764,-61.02803421020508
1769542345.8371305,765,-67.65306854248047
1769542407.6557915,766,-63.44939422607422
1769542438.0058315,767,-43.829978942871094
1769542493.931527,768,-45.07475280761719
1769542513.1073735,769,-65.31744384765625
1769542515.8781466,770,-75.23825073242188
1769542522.6814682,771,-68.7137680053711
1769542524.1743596,772,-58.49971389770508
1769542539.8799627,773,-51.818634033203125
1769542544.8938856,774,-53.01566696166992
1769542552.6974185,775,-54.70439147949219
1769542554.3863397,776,-75.15238952636719
1769542560.6955526,777,-46.940372467041016
1769542578.0328321,778,-67.66133117675781
1769542591.0359478,779,-69.8655014038086
1769542603.1105375,780,-50.846961975097656
1769542605.1504223,781,-52.162166595458984
1769542619.9742887,782,-60.25796127319336
1769542626.8522892,783,-84.24030303955078
1769542628.6254168,784,-78.35256958007812
1769542640.4797354,785,-51.14221954345703
1769542651.4954774,786,-70.42692565917969
1769542662.0676808,787,-48.20613479614258
1769542679.3124287,788,-58.54383087158203
1769542688.0547159,789,-56.83497619628906
1769542701.256232,790,-69.64324188232422
1769542737.4483793,791,-68.89486694335938
1769542740.4090033,792,-64.82381439208984
1769542744.694326,793,-74.1462173461914
1769542752.4884007,794,-67.97075653076172
1769542766.6022801,795,-62.53356170654297
1769542766.7398746,796,-72.65033721923828
1769542773.2942615,797,-53.360595703125
1769542775.4349096,798,-61.19317626953125
1769542794.7742555,799,-80.75792694091797
1769542819.3825366,800,-68.74668884277344
1769542819.902359,801,-63.10045623779297
1769542822.0876424,802,-64.30960845947266
1769542829.526694,803,-76.41300201416016
1769542847.6072814,804,-48.350746154785156
1769542869.5761197,805,-85.96817779541016
1769542885.4130213,806,-62.322940826416016
1769542906.2882946,807,-64.77721405029297
1769542910.312203,808,-66.07279968261719
1769542912.808152,809,-47.83164978027344
1769543042.526461,810,-72.56537628173828
1769543062.2733724,811,-58.564170837402344
1769543071.6170847,812,-66.23991394042969
1769543087.0328238,813,-57.374961853027344
1769543088.3375695,814,-51.09490203857422
1769543096.332891,815,-60.668827056884766
1769543102.6179583,816,-80.5867691040039
1769543105.9434376,817,-51.1959228515625
1769543115.9196775,818,-54.8848876953125
1769543119.8579073,819,-74.89032745361328
1769543123.3322709,820,-64.37895202636719
1769543130.3526742,821,-54.351524353027344
1769543137.9586294,822,-75.75495147705078
1769543151.926923,823,-80.1751480102539
1769543184.6227236,824,-64.11399841308594
1769543220.073806,825,-52.687103271484375
1769543237.3323057,826,-54.20901870727539
1769543267.0090587,827,-88.18535614013672
1769543276.3764522,828,-50.302947998046875
1769543285.724677,829,-57.51365280151367
1769543291.4023428,830,-64.33769989013672
1769543292.142465,831,-54.879554748535156
1769543293.1686537,832,-51.46091079711914
1769543315.5849087,833,-63.982276916503906
1769543325.118892,834,-49.15520095825195
1769543350.6491387,835,-55.098941802978516
1769543364.620759,836,-68.3766860961914
1769543405.8941221,837,-72.03645324707031
1769543406.90954,838,-78.63851928710938
1769543407.039451,839,-68.33647155761719
1769543416.817536,840,-53.779117584228516
1769543422.8829033,841,-64.2569808959961
1769543432.4233823,842,-60.34617233276367
1769543449.1565444,843,-51.739078521728516
1769543449.298374,844,-56.12334442138672
1769543449.4239523,845,-103.2768783569336
1769543452.474301,846,-76.46844482421875
1769543463.8163617,847,-68.15084075927734
1769543493.872717,848,-53.70777130126953
1769543498.6134305,849,-65.11695861816406
1769543507.4956498,850,-53.80106735229492
1769543527.433344,851,-62.209468841552734
1769543610.337727,852,-107.48229217529297
1769543615.794441,853,-55.67580795288086
1769543636.9308414,854,-64.57093048095703
1769543651.856276,855,-52.42099380493164
1769543654.8635333,856,-51.28312301635742
1769543670.2566776,857,-57.19628143310547
1769543677.023255,858,-49.41553497314453
1769543683.4174068,859,-63.8105583190918
1769543699.6061509,860,-60.44404220581055
1769543728.2373607,861,-77.10200500488281
1769543739.1363287,862,-71.79093933105469
1769543743.891264,863,-76.5358657836914
1769543744.0245008,864,-75.18449401855469
1769543747.7826931,865,-64.24883270263672
1769543768.9122257,866,-53.5344352722168
1769543771.188856,867,-77.39646911621094
1769543780.580511,868,-71.61786651611328
1769543797.2043643,869,-76.30884552001953
1769543803.7094727,870,-51.051429748535156
1769543809.1894655,871,-56.5679931640625
1769543816.741624,872,-55.2674674987793
1769543817.6122544,873,-73.14375305175781
1769543819.4987094,874,-80.93499755859375
1769543844.807924,875,-76.12944793701172
1769543850.227082,876,-69.6076889038086
1769543858.4807603,877,-66.01469421386719
1769543859.6589503,878,-79.70954132080078
1769543863.182461,879,-51.486793518066406
1769543865.4823172,880,-60.43629455566406
1769543870.229104,881,-50.349403381347656
1769543879.9074934,882,-60.89369583129883
1769543883.310747,883,-47.30412673950195
1769543887.2743661,884,-64.71177673339844
1769543887.4047475,885,-75.88544464111328
1769543891.0280788,886,-62.844207763671875
1769543892.9486184,887,-73.3578872680664
1769543900.7162812,888,-66.79642486572266
1769543931.0203202,889,-53.866336822509766
1769543934.947851,890,-59.529640197753906
1769543941.230011,891,-76.45221710205078
1769543946.7159212,892,-49.182525634765625
1769543959.2510338,893,-67.98967742919922
1769543961.0324202,894,-47.371726989746094
1769544013.386635,895,-47.24858093261719
1769544021.4172058,896,-58.491024017333984
1769544041.806823,897,-66.028076171875
1769544052.160303,898,-67.62115478515625
1769544063.992705,899,-80.54940032958984
1769544068.0428815,900,-72.11723327636719
1769544083.4745002,901,-59.685707092285156
1769544094.0361586,902,-52.01891326904297
1769544103.930593,903,-75.60623931884766
1769544108.3997266,904,-78.63088989257812
1769544142.590797,905,-63.7492561340332
1769544165.202405,906,-50.90438461303711
1769544177.6171772,907,-55.81711196899414
1769544188.752166,908,-72.2826156616211
1769544201.389632,909,-81.4224624633789
1769544218.7764943,910,-82.67060089111328
1769544232.2802463,911,-75.91423034667969
1769544237.4864194,912,-74.98359680175781
1769544244.4522655,913,-50.173885345458984
1769544253.952702,914,-76.34614562988281
1769544265.5032246,915,-64.71932983398438
1769544275.5535607,916,-49.46940994262695
1769544277.6608841,917,-79.13489532470703
1769544277.789733,918,-45.74816131591797
1769544282.0710576,919,-68.04801940917969
1769544292.355672,920,-78.8958969116211
1769544292.4912655,921,-62.95549774169922
1769544295.9402952,922,-87.66118621826172
1769544300.6295302,923,-78.0390853881836
1769544306.4283764,924,-74.20185089111328
1769544317.1374128,925,-66.17584991455078
1769544322.9121196,926,-81.29325866699219
1769544333.207275,927,-60.703224182128906
1769544337.4057224,928,-84.2069320678711
1769544337.5375495,929,-56.8668098449707
1769544342.9865713,930,-77.19862365722656
1769544347.1980493,931,-80.24201202392578
1769544371.8765252,932,-87.36913299560547
1769544374.8503366,933,-88.49652862548828
1769544383.243289,934,-83.87733459472656
1769544390.3543556,935,-82.77790832519531
1769544399.5830064,936,-89.10894775390625
1769544411.4339387,937,-53.73350524902344
1769544413.239733,938,-57.88291931152344
1769544413.3697581,939,-95.98821258544922
1769544458.1833942,940,-61.7061767578125
1769544469.4629638,941,-79.26131439208984
1769544491.9593108,942,-86.62602233886719
1769544496.603684,943,-72.22688293457031
1769544513.5598752,944,-66.17765808105469
1769544521.6185012,945,-80.409912109375
1769544525.5514095,946,-89.85794067382812
1769544530.539629,947,-77.24162292480469
1769544539.623233,948,-65.84829711914062
1769544540.189431,949,-47.13291931152344
1769544546.5054889,950,-60.9813232421875
1769544552.3640103,951,-82.05084991455078
1769544554.0125232,952,-81.02230834960938
1769544555.0661938,953,-74.38123321533203
1769544573.2503088,954,-77.6052474975586
1769544580.8863566,955,-79.66429138183594
1769544585.774675,956,-56.891357421875
1769544590.5099413,957,-58.8599739074707
1769544610.0129976,958,-83.38524627685547
1769544612.7390513,959,-72.8687744140625
1769544615.5950398,960,-47.97290802001953
1769544616.635042,961,-61.02497482299805
1769544649.449936,962,-95.13050079345703
1769544659.4147432,963,-58.865936279296875
1769544670.3022654,964,-56.6906852722168
1769544680.0559247,965,-66.80135345458984
1769544701.4374158,966,-63.94096755981445
1769544752.3820384,967,-65.77837371826172
1769544773.9572165,968,-87.19996643066406
1769544833.0705118,969,-81.6923599243164
1769544904.3900392,970,-95.85429382324219
1769544905.838904,971,-67.29224395751953
1769544923.1865122,972,-80.02404022216797
1769544929.533983,973,-47.711944580078125
1769544940.616623,974,-60.46761703491211
1769544953.2445343,975,-86.11711883544922
1769544959.4016235,976,-74.33915710449219
1769544963.2710812,977,-51.22760772705078
1769544970.0629923,978,-60.3997688293457
1769544975.4431586,979,-50.39059829711914
1769544987.4981754,980,-80.2526626586914
1769544991.4906907,981,-84.4807357788086
1769544991.6231701,982,-78.61841583251953
1769545028.6442254,983,-72.5146255493164
1769545050.8670154,984,-61.530303955078125
1769545052.9793684,985,-50.85717010498047
1769545056.8745658,986,-60.80440902709961
1769545067.4519258,987,-66.6669921875
1769545082.099262,988,-79.09009552001953
1769545096.770013,989,-77.31938171386719
1769545132.5745268,990,-64.09215545654297
1769545138.459777,991,-80.70596313476562
1769545151.7336154,992,-54.63665008544922
1769545158.059973,993,-80.28839111328125
1769545172.068491,994,-74.353271484375
1769545176.6429412,995,-87.94474029541016
1769545182.1617181,996,-81.7594985961914
1769545201.2050865,997,-62.94735336303711
1769545294.574075,998,-52.64628601074219
1769545312.0642998,999,-61.97043228149414
1769545318.8255968,1000,-82.03217315673828
1769545324.0865474,1001,-67.41082763671875
1769545338.807246,1002,-64.64381408691406
1769545374.0279462,1003,-55.39459228515625
1769545376.4525,1004,-83.7741470336914
1769545381.3155892,1005,-84.66038513183594
1769545392.9311213,1006,-57.91685485839844
1769545402.6448963,1007,-96.47151947021484
1769545402.781366,1008,-59.54592514038086
1769545405.2889402,1009,-49.84994888305664
1769545407.3914871,1010,-66.34619140625
1769545411.1121433,1011,-68.976318359375
1769545416.7103093,1012,-68.9937744140625
1769545467.0863268,1013,-69.12874603271484
1769545469.0716326,1014,-67.92790222167969
1769545479.078178,1015,-81.81666564941406
1769545483.4920878,1016,-72.31546020507812
1769545487.253398,1017,-91.23257446289062
1769545492.431249,1018,-59.14069747924805
1769545511.924321,1019,-65.82568359375
1769545521.5335462,1020,-65.38626098632812
1769545536.933463,1021,-68.53094482421875
1769545547.4023595,1022,-83.52860260009766
1769545554.0497296,1023,-80.72811889648438
1769545561.6918588,1024,-69.37353515625
1769545605.2388754,1025,-85.94452667236328
1769545627.9785645,1026,-55.369102478027344
1769545637.715054,1027,-84.16840362548828
1769545638.527071,1028,-72.9312744140625
1769545643.058804,1029,-77.99443054199219
1769545670.1368368,1030,-62.39826583862305
1769545676.0554154,1031,-77.6863021850586
1769545700.7292619,1032,-75.48202514648438
1769545708.690774,1033,-78.05233764648438
1769545714.1455884,1034,-54.7598991394043
1769545732.9348776,1035,-62.55306625366211
1769545748.400347,1036,-89.34899139404297
1769545779.5339887,1037,-58.65498352050781
1769545787.8947659,1038,-51.29305648803711
1769545788.467124,1039,-55.42454528808594
1769545788.9632318,1040,-79.60682678222656
1769545796.016657,1041,-59.40390396118164
1769545796.9447007,1042,-70.37498474121094
1769545800.2943537,1043,-73.86528015136719
1769545807.141124,1044,-79.25741577148438
1769545813.5803063,1045,-62.5849494934082
1769545813.7147162,1046,-58.31928634643555
1769545832.1551766,1047,-67.96833038330078
1769545863.979264,1048,-64.89300537109375
1769545864.141183,1049,-49.171627044677734
1769545866.0242257,1050,-53.44618225097656
1769545910.5273235,1051,-75.17558288574219
1769545911.373857,1052,-57.34323501586914
1769545925.5684273,1053,-59.44938659667969
1769545932.9867423,1054,-74.6283950805664
1769545935.6967978,1055,-60.57215881347656
1769545957.7710693,1056,-76.51214599609375
1769545960.2441895,1057,-68.10126495361328
1769545969.444291,1058,-65.34170532226562
1769545973.8200557,1059,-60.512962341308594
1769545989.4878402,1060,-68.40158081054688
1769545989.629292,1061,-87.14772033691406
1769545997.0390275,1062,-61.72882080078125
1769546002.7700646,1063,-75.41083526611328
1769546007.1008096,1064,-66.1925048828125
1769546039.1832075,1065,-64.1469497680664
1769546039.3258371,1066,-44.45575714111328
1769546040.2678792,1067,-66.78032684326172
1769546050.8215399,1068,-46.13077163696289
1769546073.5889485,1069,-49.08127975463867
1769546093.0928752,1070,-68.99089813232422
1769546094.2276626,1071,-58.55089569091797
1769546094.6600804,1072,-44.331268310546875
1769546096.312919,1073,-74.46492767333984
1769546105.835812,1074,-51.03279495239258
1769546109.7719498,1075,-65.156494140625
1769546109.9051285,1076,-47.371360778808594
1769546110.6524768,1077,-76.20097351074219
1769546112.4312937,1078,-71.532958984375
1769546114.423955,1079,-61.00328063964844
1769546161.5825424,1080,-56.694149017333984
1769546207.566941,1081,-68.5925064086914
1769546207.7318354,1082,-65.26445007324219
1769546207.8578758,1083,-55.28324890136719
1769546223.065263,1084,-65.91169738769531
1769546234.797722,1085,-58.42185592651367
1769546248.7892778,1086,-68.67758178710938
1769546248.929256,1087,-70.4525146484375
1769546249.0548015,1088,-87.54714965820312
1769546249.1791782,1089,-71.47636413574219
1769546251.5880098,1090,-62.45071792602539
1769546266.5723062,1091,-78.80767822265625
1769546276.5067701,1092,-79.32101440429688
1769546282.1682384,1093,-58.44952392578125
1769546285.2850938,1094,-77.0810317993164
1769546318.3279448,1095,-73.51210021972656
1769546325.5165005,1096,-82.9728012084961
1769546329.276798,1097,-54.90713882446289
1769546340.01338,1098,-67.78722381591797
1769546382.310023,1099,-70.53514099121094
1769546386.003936,1100,-69.16129302978516
1769546400.6423175,1101,-59.48493194580078
1769546409.4757318,1102,-68.8982162475586
1769546413.8504493,1103,-62.062904357910156
1769546419.1154747,1104,-62.15692901611328
1769546421.166176,1105,-79.69847869873047
1769546422.7615397,1106,-65.3895263671875
1769546427.2463386,1107,-51.47304153442383
1769546438.5185075,1108,-92.02462005615234
1769546438.6577296,1109,-64.39781188964844
1769546442.2716784,1110,-64.66412353515625
1769546447.906789,1111,-85.88703918457031
1769546452.1430707,1112,-54.236637115478516
1769546496.529459,1113,-55.862186431884766
1769546507.0378196,1114,-79.69615936279297
1769546512.8787403,1115,-71.19224548339844
1769546514.6871347,1116,-93.783447265625
1769546521.4842274,1117,-59.086448669433594
1769546528.1767585,1118,-55.736480712890625
1769546535.0532618,1119,-57.24094772338867
1769546547.5999937,1120,-84.6707992553711
1769546554.3363378,1121,-70.17241668701172
1769546568.238146,1122,-76.80059814453125
1769546570.9510787,1123,-69.77105712890625
1769546593.9504642,1124,-55.60218811035156
1769546596.7105217,1125,-72.14531707763672
1769546609.816901,1126,-67.8814468383789
1769546614.9880552,1127,-54.96416091918945
1769546622.7962615,1128,-81.83023834228516
1769546623.4328763,1129,-76.81128692626953
1769546627.7253253,1130,-55.848262786865234
1769546658.896307,1131,-65.61599731445312
1769546661.4406693,1132,-69.80963134765625
1769546667.414932,1133,-75.03268432617188
1769546670.5195487,1134,-65.70589447021484
1769546679.6061027,1135,-66.50045013427734
1769546707.3762841,1136,-69.72012329101562
1769546710.7471642,1137,-91.09332275390625
1769546720.3521588,1138,-47.54671859741211
1769546728.9147668,1139,-64.0003662109375
1769546751.1022613,1140,-62.7251091003418
1769546751.2494338,1141,-74.40270233154297
1769546755.4395506,1142,-64.54560089111328
1769546765.2862823,1143,-87.03607940673828
1769546779.3945234,1144,-81.99330139160156
1769546795.9552789,1145,-58.449119567871094
1769546803.9928796,1146,-71.53970336914062
1769546804.9793975,1147,-67.5121078491211
1769546813.8035092,1148,-82.91997528076172
1769546819.854503,1149,-64.85804748535156
1769546821.7823682,1150,-46.93612289428711
1769546826.0881772,1151,-90.94312286376953
1769546831.9887106,1152,-50.29631805419922
1769546836.7772164,1153,-57.91944122314453
1769546836.9088874,1154,-56.854366302490234
1769546854.9458632,1155,-48.39106750488281
1769546864.2485852,1156,-67.6618423461914
1769546869.2415257,1157,-67.389404296875
1769546870.4300575,1158,-79.87922668457031
1769546872.3321319,1159,-57.664634704589844
1769546873.8658934,1160,-76.0745620727539
1769546876.4660017,1161,-83.09358978271484
1769546900.3323333,1162,-52.00835037231445
1769546916.992189,1163,-96.05628967285156
1769546939.1726449,1164,-46.01375198364258
1769546939.318408,1165,-55.05307388305664
1769546942.3065052,1166,-73.29253387451172
1769546951.5326805,1167,-61.148719787597656
1769546951.6712449,1168,-47.59536361694336
1769546967.574841,1169,-90.47686004638672
1769546971.3112745,1170,-87.36039733886719
1769546974.972333,1171,-47.81555938720703
1769546990.256563,1172,-82.79143524169922
1769547003.728759,1173,-93.66024017333984
1769547004.5478537,1174,-73.72953033447266
1769547027.9714952,1175,-86.6570816040039
1769547051.7912707,1176,-57.4487190246582
1769547054.6124232,1177,-69.50105285644531
1769547071.4400568,1178,-68.46977233886719
1769547075.5229123,1179,-44.344329833984375
1769547084.8908398,1180,-76.79072570800781
1769547085.03102,1181,-77.97603607177734
1769547085.5848343,1182,-56.75688171386719
1769547098.7394795,1183,-56.001670837402344
1769547101.5193973,1184,-80.20185852050781
1769547106.0765069,1185,-58.2081298828125
1769547107.8638904,1186,-60.11238098144531
1769547116.4759734,1187,-54.37320327758789
1769547118.1680992,1188,-81.49088287353516
1769547118.2982466,1189,-79.03577423095703
1769547126.1736197,1190,-56.2265739440918
1769547126.9049747,1191,-107.57923126220703
1769547140.7754138,1192,-84.58020782470703
1769547141.6470106,1193,-56.753150939941406
1769547143.632484,1194,-53.35013198852539
1769547146.1345072,1195,-71.57138061523438
1769547151.9498384,1196,-62.401458740234375
1769547168.1092377,1197,-86.29718780517578
1769547175.8729525,1198,-75.8405532836914
1769547179.7165515,1199,-67.20053100585938
1769547186.3376198,1200,-91.19131469726562
1769547189.3133368,1201,-76.69977569580078
1769547191.1870377,1202,-69.9581069946289
1769547196.0923028,1203,-94.35098266601562
1769547206.911246,1204,-84.35440826416016
1769547212.928497,1205,-89.0862808227539
1769547219.2574184,1206,-66.32113647460938
1769547235.550144,1207,-66.4898452758789
1769547239.0483205,1208,-49.33817672729492
1769547242.952549,1209,-83.32301330566406
1769547244.2767334,1210,-71.59310150146484
1769547248.848579,1211,-62.72251892089844
1769547276.4297547,1212,-74.77534484863281
1769547286.899658,1213,-56.95977020263672
1769547298.9574058,1214,-61.65707778930664
1769547305.229746,1215,-64.6438980102539
1769547308.5617628,1216,-66.99132537841797
1769547314.3240254,1217,-82.90283203125
1769547334.5389347,1218,-54.272010803222656
1769547339.1558416,1219,-80.69796752929688
1769547350.1098454,1220,-72.30442810058594
1769547390.9537096,1221,-68.75037384033203
1769547392.7673945,1222,-80.31393432617188
1769547404.1111257,1223,-61.555877685546875
1769547409.4468246,1224,-78.86486053466797
1769547440.4023805,1225,-79.09271240234375
1769547445.1282609,1226,-60.65691375732422
1769547450.1209521,1227,-49.086944580078125
1769547454.4130247,1228,-64.4786605834961
1769547455.4755979,1229,-89.5026626586914
1769547457.9109056,1230,-77.456298828125
1769547469.582273,1231,-76.5055923461914
1769547469.7189448,1232,-73.08761596679688
1769547471.4879675,1233,-67.5389175415039
1769547473.5368094,1234,-55.51615905761719
1769547474.0213363,1235,-61.62929153442383
1769547496.7069917,1236,-58.41075897216797
1769547497.282749,1237,-75.11380767822266
1769547513.8498755,1238,-72.9734115600586
1769547518.7929022,1239,-50.48912048339844
1769547531.4981344,1240,-80.27053833007812
1769547552.4614346,1241,-59.41971969604492
1769547557.4646754,1242,-57.831024169921875
1769547569.4550612,1243,-56.0790901184082
1769547576.524411,1244,-89.24866485595703
1769547581.8913279,1245,-50.39743423461914
1769547582.0222802,1246,-47.13669967651367
1769547596.2552533,1247,-69.30419158935547
1769547605.5456438,1248,-60.82626724243164
1769547605.6858869,1249,-54.69389343261719
1769547605.8152778,1250,-79.28411865234375
1769547626.5127516,1251,-71.30361938476562
1769547630.5613751,1252,-58.878231048583984
1769547637.0442877,1253,-82.3404312133789
1769547647.1847239,1254,-81.0074234008789
1769547801.502318,1255,-67.1183853149414
1769547835.456904,1256,-78.0364990234375
1769547842.4292803,1257,-76.21074676513672
1769547858.6741233,1258,-63.85267639160156
1769547877.2907603,1259,-73.67683410644531
1769547887.0235336,1260,-59.41753387451172
1769547887.166072,1261,-76.77352142333984
1769547891.2558408,1262,-77.30303955078125
1769547915.197924,1263,-91.78556823730469
1769547922.349922,1264,-56.45108413696289
1769547928.8969834,1265,-68.63078308105469
1769547929.031905,1266,-90.0913314819336
1769547935.4003901,1267,-68.39070892333984
1769547938.9729764,1268,-68.03902435302734
1769547940.0308278,1269,-69.16888427734375
1769547947.6005573,1270,-84.37626647949219
1769547955.7657313,1271,-77.38285064697266
1769547958.705076,1272,-92.11162567138672
1769547980.4895108,1273,-85.25878143310547
1769548000.5781732,1274,-58.96976852416992
1769548009.1232898,1275,-60.540035247802734
1769548025.6658316,1276,-82.33614349365234
1769548032.2270153,1277,-72.15065002441406
1769548092.6363485,1278,-88.22348022460938
1769548123.7645211,1279,-83.22502899169922
1769548123.9186254,1280,-80.8585205078125
1769548131.4942026,1281,-66.2313003540039
1769548138.1102262,1282,-75.64134216308594
1769548142.5498984,1283,-70.76512908935547
1769548149.1421409,1284,-61.621456146240234
1769548163.3753812,1285,-71.77986907958984
1769548163.5181854,1286,-77.69425201416016
1769548168.389214,1287,-67.67760467529297
1769548168.9527228,1288,-80.13992309570312
1769548171.7387993,1289,-86.6783218383789
1769548174.950396,1290,-101.50614929199219
1769548175.5819397,1291,-72.05677795410156
1769548183.814201,1292,-57.687103271484375
1769548183.948205,1293,-61.505184173583984
1769548202.561649,1294,-79.6026382446289
1769548221.4273465,1295,-86.28241729736328
1769548227.9166718,1296,-79.1480484008789
1769548245.6398318,1297,-91.5327377319336
1769548256.0208452,1298,-57.66495895385742
1769548272.1283252,1299,-55.12248992919922
1769548273.3206825,1300,-71.27706146240234
1769548273.4506779,1301,-59.3456916809082
1769548276.2813964,1302,-61.46718215942383
1769548298.5955024,1303,-73.44406127929688
1769548307.1845536,1304,-83.76754760742188
1769548308.947483,1305,-62.11585998535156
1769548315.6144094,1306,-68.3436050415039
1769548326.19848,1307,-66.22366333007812
1769548338.0891402,1308,-90.68788146972656
1769548348.9355652,1309,-80.09497833251953
1769548357.1371274,1310,-61.535804748535156
1769548363.1338212,1311,-82.6990966796875
1769548365.1375792,1312,-73.78231048583984
1769548370.5720737,1313,-80.06898498535156
1769548397.5016925,1314,-52.59010314941406
1769548400.7897294,1315,-63.10078811645508
1769548484.6074908,1316,-106.16380310058594
1769548484.8020577,1317,-76.4915542602539
1769548490.0768855,1318,-73.92584228515625
1769548499.165869,1319,-62.19843292236328
1769548511.5342908,1320,-93.69371032714844
1769548516.3742397,1321,-68.94039154052734
1769548521.7193146,1322,-75.48889923095703
1769548525.4415772,1323,-78.109130859375
1769548534.1605003,1324,-70.63687133789062
1769548539.738191,1325,-56.206932067871094
1769548540.3757389,1326,-71.42803955078125
1769548540.8161306,1327,-84.57208251953125
1769548540.9424608,1328,-78.89769744873047
1769548541.069115,1329,-62.161624908447266
1769548547.350092,1330,-87.42363739013672
1769548555.5186453,1331,-73.95294189453125
1769548558.163956,1332,-88.54786682128906
1769548558.2945724,1333,-47.03082275390625
1769548561.7741091,1334,-71.01911163330078
1769548561.9046187,1335,-89.30545043945312
1769548572.7586474,1336,-74.32098388671875
1769548573.1469061,1337,-45.274593353271484
1769548573.8932507,1338,-66.46226501464844
1769548584.771417,1339,-67.67157745361328
1769548593.9667287,1340,-59.968772888183594
1769548602.7802851,1341,-73.90762329101562
1769548610.0406528,1342,-78.31443786621094
1769548626.8491814,1343,-81.83392333984375
1769548648.7617533,1344,-53.30604553222656
1769548659.7775254,1345,-76.81262969970703
1769548681.1939917,1346,-92.35380554199219
1769548695.5845237,1347,-59.731651306152344
1769548709.2756212,1348,-60.34375762939453
1769548752.3172698,1349,-64.60050201416016
1769548764.8061645,1350,-71.69429016113281
1769548793.7314615,1351,-69.14077758789062
1769548793.9233687,1352,-79.13224792480469
1769548795.3575995,1353,-69.74059295654297
1769548811.206377,1354,-78.7369384765625
1769548823.931883,1355,-79.40725708007812
1769548839.8761036,1356,-69.71340942382812
1769548851.315398,1357,-78.39582061767578
1769548857.576517,1358,-70.95418548583984
1769548865.075798,1359,-59.35307693481445
1769548880.054951,1360,-54.668792724609375
1769548887.0329268,1361,-76.791015625
1769548895.0795715,1362,-57.12606430053711
1769548896.5093887,1363,-72.45674896240234
1769548900.3017676,1364,-53.151580810546875
1769548936.5641797,1365,-65.28216552734375
1769548957.3418858,1366,-58.97270202636719
1769548960.088574,1367,-55.97336196899414
1769548960.2209368,1368,-80.39740753173828
1769548979.5169463,1369,-62.839881896972656
1769548987.4253721,1370,-80.16284942626953
1769548995.7728658,1371,-82.502197265625
1769549021.3651514,1372,-85.8364028930664
1769549055.7083693,1373,-75.99073028564453
1769549093.7647414,1374,-70.80850219726562
1769549111.3788018,1375,-88.6777572631836
1769549115.5938966,1376,-58.6255989074707
1769549116.5550723,1377,-47.92070770263672
1769549140.9678867,1378,-56.74064254760742
1769549152.2630599,1379,-92.0543212890625
1769549153.9142668,1380,-70.35383605957031
1769549173.8244724,1381,-58.8421516418457
1769549177.6058254,1382,-64.20831298828125
1769549180.8988538,1383,-62.80684280395508
1769549196.9246817,1384,-66.35529327392578
1769549200.1569428,1385,-46.404571533203125
1769549202.3811347,1386,-65.8872299194336
1769549206.0727158,1387,-90.78202056884766
1769549218.9442956,1388,-57.20228958129883
1769549220.0353303,1389,-73.09700775146484
1769549237.1515672,1390,-88.39991760253906
1769549250.6527743,1391,-78.10575103759766
1769549254.2255683,1392,-60.67677688598633
1769549254.3596542,1393,-49.75437927246094
1769549257.7590287,1394,-84.27003479003906
1769549261.9069054,1395,-59.06869888305664
1769549262.4734538,1396,-86.5029525756836
1769549273.0901935,1397,-78.2788314819336
1769549296.1947496,1398,-74.79987335205078
1769549304.147477,1399,-59.077110290527344
1769549311.2117949,1400,-73.27516174316406
1769549315.6368313,1401,-78.04576873779297
1769549324.175997,1402,-58.98997497558594
1769549325.8413248,1403,-85.57550811767578
1769549330.9172416,1404,-62.22853469848633
1769549333.0806792,1405,-73.16364288330078
1769549334.7761142,1406,-76.41535186767578
1769549379.6808727,1407,-81.86312103271484
1769549395.6295567,1408,-67.37857818603516
1769549438.459826,1409,-85.30441284179688
1769549439.3352234,1410,-81.31222534179688
1769549472.0310822,1411,-85.35520935058594
1769549482.8887134,1412,-72.74640655517578
1769549485.7714796,1413,-67.22123718261719
1769549489.6949725,1414,-81.08114624023438
1769549495.970026,1415,-61.79279327392578
1769549505.5890002,1416,-59.22014236450195
1769549507.121324,1417,-76.219970703125
1769549517.516832,1418,-66.93212127685547
1769549521.9157743,1419,-65.89566040039062
1769549522.048262,1420,-56.38718795776367
1769549542.3719423,1421,-59.96086502075195
1769549542.8929403,1422,-81.66825103759766
1769549543.0211308,1423,-71.04684448242188
1769549545.5221937,1424,-86.37041473388672
1769549551.229388,1425,-76.08943176269531
1769549562.3184762,1426,-66.51244354248047
1769549567.0668113,1427,-77.20905303955078
1769549568.20539,1428,-77.31153869628906
1769549574.8739846,1429,-83.48670959472656
1769549593.1207857,1430,-68.41401672363281
1769549608.5198596,1431,-67.22942352294922
1769549616.0271194,1432,-69.45853424072266
1769549616.1633055,1433,-76.47789764404297
1769549622.2600951,1434,-56.631690979003906
1769549624.3453822,1435,-58.89027404785156
1769549629.6919198,1436,-68.48596954345703
1769549632.6004674,1437,-82.03840637207031
1769549637.3224013,1438,-57.593292236328125
1769549642.0770934,1439,-64.00685119628906
1769549644.6388083,1440,-73.7529067993164
1769549644.7686434,1441,-53.885555267333984
1769549660.2902682,1442,-65.86546325683594
1769549661.6077125,1443,-74.86056518554688
1769549680.5354369,1444,-84.26258087158203
1769549683.751467,1445,-70.87422943115234
1769549687.5102909,1446,-85.13099670410156
1769549693.2504728,1447,-57.55916213989258
1769549695.4007788,1448,-57.4189338684082
1769549702.7574418,1449,-73.9603500366211
1769549709.6707773,1450,-74.98884582519531
1769549712.1511617,1451,-70.1131362915039
1769549713.4712265,1452,-67.5430679321289
1769549713.5986273,1453,-68.86134338378906
1769549718.457272,1454,-52.65987014770508
1769549720.89788,1455,-51.24149703979492
1769549725.8160107,1456,-87.77873992919922
1769549729.227243,1457,-72.84962463378906
1769549732.5602534,1458,-52.479244232177734
1769549749.9226913,1459,-93.83995819091797
1769549823.656728,1460,-77.78456115722656
1769549846.5296266,1461,-77.80766296386719
1769549852.4495826,1462,-69.76154327392578
1769549861.4975321,1463,-60.125465393066406
1769549870.0338838,1464,-69.00741577148438
1769549877.3174152,1465,-67.8525161743164
1769549883.9193377,1466,-70.16728973388672
1769549897.3450646,1467,-87.5768814086914
1769549900.4671147,1468,-74.68964385986328
1769549923.9457684,1469,-76.4912109375
1769549936.131462,1470,-64.46036529541016
1769549944.982329,1471,-81.74829864501953
1769549946.840927,1472,-59.38814163208008
1769549963.4952426,1473,-69.8189468383789
1769549974.201106,1474,-82.50090789794922
1769549975.5360198,1475,-67.55635833740234
1769549983.7385979,1476,-75.71688842773438
1769550073.895213,1477,-91.85787963867188
1769550075.3415365,1478,-70.03994750976562
1769550080.8657095,1479,-60.42195129394531
1769550093.1783545,1480,-75.22219848632812
1769550106.386783,1481,-63.63680648803711
1769550117.6427376,1482,-81.08712768554688
1769550122.9896517,1483,-88.71070098876953
1769550133.433884,1484,-66.24488830566406
1769550134.9748657,1485,-71.24151611328125
1769550137.780304,1486,-63.185543060302734
1769550142.9368482,1487,-90.5926742553711
1769550146.993283,1488,-88.18663024902344
1769550163.2400422,1489,-69.65280151367188
1769550171.427018,1490,-59.23535919189453
1769550185.9861703,1491,-69.15351104736328
1769550188.9647064,1492,-73.84735870361328
1769550193.2669458,1493,-74.22229766845703
1769550194.4305687,1494,-72.91030883789062
1769550211.4962301,1495,-78.72025299072266
1769550218.378003,1496,-79.4228744506836
1769550220.6682422,1497,-73.22989654541016
1769550232.0043283,1498,-78.2845230102539
1769550272.833626,1499,-94.91776275634766
1769550280.524406,1500,-61.15266799926758
1769550282.9072387,1501,-56.65515899658203
1769550290.309677,1502,-86.18509674072266
1769550301.8210592,1503,-57.660335540771484
1769550301.9582047,1504,-76.23169708251953
1769550312.9808574,1505,-65.87298583984375
1769550318.4298027,1506,-54.39583969116211
1769550318.5642388,1507,-51.69565200805664
1769550325.5938988,1508,-81.80184173583984
1769550331.3209927,1509,-59.118011474609375
1769550341.3078213,1510,-57.018672943115234
1769550342.381262,1511,-78.56128692626953
1769550348.7893946,1512,-75.91168212890625
1769550358.5520172,1513,-70.88699340820312
1769550444.5575793,1514,-102.9623031616211
1769550513.2884037,1515,-63.04283142089844
1769550519.7778492,1516,-78.7340316772461
1769550537.885986,1517,-76.33187866210938
1769550554.000812,1518,-83.1517562866211
1769550562.5396156,1519,-54.719627380371094
1769550567.3514905,1520,-55.65917205810547
1769550578.2734854,1521,-90.04430389404297
1769550578.413769,1522,-47.91960906982422
1769550584.8675349,1523,-87.2916259765625
1769550593.9395468,1524,-68.8215560913086
1769550594.0775626,1525,-52.922542572021484
1769550604.2758324,1526,-67.79669952392578
1769550628.363543,1527,-60.54386901855469
1769550651.7525241,1528,-55.97172927856445
1769550653.0931282,1529,-72.97225189208984
1769550657.7611325,1530,-64.06206512451172
1769550664.7644768,1531,-63.60376739501953
1769550680.3698647,1532,-68.67611694335938
1769550685.2211277,1533,-64.5654067993164
1769550695.9098501,1534,-68.24539947509766
1769550700.994883,1535,-66.94474029541016
1769550722.3147879,1536,-78.9578628540039
1769550737.132047,1537,-73.6917724609375
1769550742.2467582,1538,-65.5910873413086
1769550754.8220603,1539,-69.94827270507812
1769550779.3284118,1540,-74.43888092041016
1769550800.6245596,1541,-51.91021728515625
1769550802.583312,1542,-54.80499267578125
1769550808.9012175,1543,-76.05805969238281
1769550814.605205,1544,-54.6400260925293
1769550818.1896665,1545,-86.24807739257812
1769550835.0895374,1546,-70.90022277832031
1769550837.6415484,1547,-79.86918640136719
1769550837.7735896,1548,-72.78064727783203
1769550841.696194,1549,-70.57914733886719
1769550842.3893943,1550,-67.65534973144531
1769550850.7323785,1551,-89.72920989990234
1769550862.1679454,1552,-63.5390625
1769550863.2271633,1553,-52.17701721191406
1769550863.3555846,1554,-118.46385192871094
1769550887.8120124,1555,-92.07968139648438
1769550904.410639,1556,-66.99383544921875
1769550911.2178087,1557,-59.11900329589844
1769550922.324189,1558,-78.6042251586914
1769550927.507327,1559,-71.83296966552734
1769550939.4800086,1560,-65.96542358398438
1769550941.519357,1561,-66.39533996582031
1769550959.3974187,1562,-74.67105102539062
1769550961.2351484,1563,-52.220603942871094
1769551015.7648714,1564,-92.3848648071289
1769551018.4602065,1565,-53.443878173828125
1769551024.6453776,1566,-61.052337646484375
1769551029.9603143,1567,-56.56985092163086
1769551039.711395,1568,-78.35707092285156
1769551044.6754503,1569,-69.50572967529297
1769551050.020797,1570,-61.07744216918945
1769551055.8260005,1571,-96.07069396972656
1769551062.670465,1572,-58.149559020996094
1769551071.862563,1573,-77.98863983154297
1769551073.4141712,1574,-70.81014251708984
1769551081.3504055,1575,-80.17852020263672
1769551123.1290557,1576,-58.646575927734375
1769551126.588269,1577,-58.687374114990234
1769551217.3197317,1578,-77.63782501220703
1769551231.793862,1579,-61.29335021972656
1769551250.175706,1580,-54.93017578125
1769551254.2984505,1581,-74.39225769042969
1769551260.5123045,1582,-72.4923324584961
1769551262.0909579,1583,-66.7033920288086
1769551263.2044888,1584,-66.43799591064453
1769551271.6911213,1585,-63.420379638671875
1769551315.0793083,1586,-68.4263687133789
1769551326.7505214,1587,-69.62545013427734
1769551329.331541,1588,-61.415409088134766
1769551332.4205942,1589,-81.35676574707031
1769551356.2777834,1590,-82.8307113647461
1769551357.9790907,1591,-78.98184204101562
1769551377.7484949,1592,-68.07496643066406
1769551379.9625483,1593,-78.56800842285156
1769551391.9654973,1594,-57.1732177734375
1769551425.1740308,1595,-69.11478424072266
1769551450.3247147,1596,-75.8276138305664
1769551492.1440027,1597,-82.119140625
1769551493.2765615,1598,-85.84292602539062
1769551514.9108481,1599,-72.37825012207031
1769551522.9600575,1600,-85.61449432373047
1769551543.391339,1601,-87.39960479736328
1769551550.9914784,1602,-61.620643615722656
1769551551.1257117,1603,-56.3880615234375
1769551551.5595825,1604,-88.60055541992188
1769551571.3770695,1605,-57.90161895751953
1769551581.3443277,1606,-79.9012451171875
1769551609.9265127,1607,-90.72896575927734
1769551610.0830934,1608,-53.057701110839844
1769551625.9379003,1609,-67.58132934570312
1769551637.1669018,1610,-78.05201721191406
1769551639.4503803,1611,-50.53498077392578
1769551640.2634041,1612,-85.65093231201172
1769551646.0085537,1613,-64.16819763183594
1769551646.172211,1614,-72.15071105957031
1769551669.1826422,1615,-77.62444305419922
1769551675.128884,1616,-73.32081604003906
1769551683.9681616,1617,-78.08292388916016
1769551684.1057248,1618,-69.62154388427734
1769551695.5030067,1619,-78.29893493652344
1769551704.190361,1620,-64.52690887451172
1769551718.9097657,1621,-63.718467712402344
1769551725.6405702,1622,-66.59107971191406
1769551727.6317613,1623,-65.69530487060547
1769551742.7989068,1624,-69.83464050292969
1769551742.9452424,1625,-75.80069732666016
1769551750.642289,1626,-56.68373489379883
1769551765.3040984,1627,-60.77416229248047
1769551765.4471045,1628,-47.75931167602539
1769551775.2294035,1629,-68.31861114501953
1769551775.3675582,1630,-105.12543487548828
1769551782.6730192,1631,-85.36876678466797
1769551819.1552966,1632,-64.62593078613281
1769551833.2333927,1633,-58.58873748779297
1769551840.1993868,1634,-77.94352722167969
1769551847.5324652,1635,-58.18036651611328
1769551861.1137075,1636,-72.99687957763672
1769551863.2760186,1637,-65.12992095947266
1769551875.9379194,1638,-75.37738800048828
1769551880.1509209,1639,-91.21472930908203
1769551896.78021,1640,-70.45053100585938
1769551934.5059328,1641,-75.05268096923828
1769551962.27254,1642,-68.75407409667969
1769551962.427017,1643,-71.42650604248047
1769551966.3067057,1644,-81.75230407714844
1769551968.557091,1645,-74.78713989257812
1769551971.2056813,1646,-79.60540771484375
1769551974.8260264,1647,-60.201416015625
1769551975.6320415,1648,-73.16481018066406
1769551979.444839,1649,-76.18899536132812
1769551987.63325,1650,-47.05247497558594
1769551991.1066945,1651,-64.10089111328125
1769551994.0460155,1652,-85.25707244873047
1769552005.7029686,1653,-57.57505798339844
1769552018.2452953,1654,-83.51797485351562
1769552050.0866714,1655,-73.81892395019531
1769552060.7139437,1656,-62.96645736694336
1769552060.8741007,1657,-60.78173065185547
1769552064.167731,1658,-78.16619110107422
1769552068.0244675,1659,-58.16642379760742
1769552195.5764844,1660,-79.81458282470703
1769552222.7777367,1661,-78.71578979492188
1769552224.106679,1662,-77.27967071533203
1769552231.8930018,1663,-79.35787963867188
1769552240.4706306,1664,-73.57550811767578
1769552240.6070652,1665,-61.763275146484375
1769552256.814203,1666,-67.54132080078125
1769552264.42008,1667,-63.717041015625
1769552270.8580463,1668,-99.14849090576172
1769552278.7127137,1669,-76.79890441894531
1769552304.077244,1670,-74.42171478271484
1769552313.4008014,1671,-70.25874328613281
1769552313.5397017,1672,-62.343257904052734
1769552314.167947,1673,-62.88938903808594
1769552314.2949386,1674,-101.622314453125
1769552331.5450058,1675,-70.54281616210938
1769552333.4090052,1676,-60.65977096557617
1769552341.9981773,1677,-68.2534408569336
1769552346.014305,1678,-68.69170379638672
1769552357.4856212,1679,-49.43815231323242
1769552360.6296523,1680,-57.85694122314453
1769552361.071363,1681,-48.49222946166992
1769552368.6933434,1682,-77.32783508300781
1769552391.8293068,1683,-84.05075073242188
1769552395.5647988,1684,-88.28811645507812
1769552397.492366,1685,-74.58856964111328
1769552403.4993503,1686,-56.42231369018555
1769552414.8123655,1687,-81.18061828613281
1769552418.9453294,1688,-56.22283935546875
1769552441.0852702,1689,-64.96463012695312
1769552442.7798276,1690,-63.862144470214844
1769552471.8740857,1691,-53.348533630371094
1769552485.1522126,1692,-57.66099166870117
1769552489.0684223,1693,-77.06383514404297
1769552504.8756804,1694,-59.13533020019531
1769552525.6347632,1695,-86.26687622070312
1769552527.567575,1696,-78.51238250732422
1769552527.6969364,1697,-70.03627014160156
1769552531.0722454,1698,-62.106754302978516
1769552538.6271002,1699,-82.59732055664062
1769552549.986967,1700,-90.19225311279297
1769552556.137291,1701,-80.15338897705078
1769552556.272423,1702,-92.64160919189453
1769552559.7498877,1703,-66.62850952148438
1769552566.7953591,1704,-90.75004577636719
1769552568.6015892,1705,-61.560829162597656
1769552574.6847868,1706,-62.27614212036133
1769552603.108635,1707,-94.5374755859375
1769552603.2624042,1708,-53.404998779296875
1769552610.6851537,1709,-62.69332504272461
1769552611.931514,1710,-53.010494232177734
1769552618.0340912,1711,-76.5836181640625
1769552620.5846238,1712,-62.966896057128906
1769552624.7825274,1713,-75.59088897705078
1769552626.2274654,1714,-77.43968963623047
1769552629.6967163,1715,-63.55593490600586
1769552655.578043,1716,-75.03883361816406
1769552657.370336,1717,-53.34196090698242
1769552661.198832,1718,-51.951438903808594
1769552672.3979092,1719,-64.11772918701172
1769552678.3043344,1720,-81.23241424560547
1769552685.1221128,1721,-74.20088195800781
1769552690.7726812,1722,-66.97832489013672
1769552690.908465,1723,-123.67536163330078
1769552699.728378,1724,-72.87751007080078
1769552726.9669468,1725,-87.20833587646484
1769552727.5000386,1726,-75.12858581542969
1769552741.1582935,1727,-67.43087005615234
1769552741.2999175,1728,-87.91384887695312
1769552750.2342758,1729,-77.30170440673828
1769552755.7424262,1730,-83.95018768310547
1769552756.5003426,1731,-81.08167266845703
1769552768.3668525,1732,-78.22451782226562
1769552769.8261287,1733,-79.58815002441406
1769552770.117124,1734,-61.93901824951172
1769552776.8967383,1735,-63.974491119384766
1769552817.095307,1736,-67.8375244140625
1769552829.1952438,1737,-67.05473327636719
1769552835.6758757,1738,-87.66143798828125
1769552837.7539885,1739,-60.390262603759766
1769552840.05131,1740,-95.96273040771484
1769552843.9179869,1741,-69.41349792480469
1769552854.8355422,1742,-59.21080780029297
1769552864.0042143,1743,-77.76223754882812
1769552865.1482723,1744,-60.00270462036133
1769552868.2704828,1745,-65.34166717529297
1769552871.5715623,1746,-90.11460876464844
1769552874.2700107,1747,-69.97148132324219
1769552876.0817997,1748,-85.7296371459961
1769552885.6505525,1749,-68.19712829589844
1769552890.5914633,1750,-56.114864349365234
1769552891.7808914,1751,-68.71993255615234
1769552905.8834321,1752,-74.44854736328125
1769552909.0600302,1753,-74.47809600830078
1769552915.0393465,1754,-61.64762878417969
1769552935.3617363,1755,-68.77798461914062
1769552943.3809204,1756,-85.33695983886719
1769552944.3225398,1757,-70.51106262207031
1769552946.2854908,1758,-64.98564910888672
1769552946.4179568,1759,-51.9477653503418
1769552948.520233,1760,-74.77685546875
1769552951.9889557,1761,-54.222450256347656
1769553003.8870015,1762,-66.07255554199219
1769553009.919396,1763,-58.15152359008789
1769553013.1874228,1764,-85.22825622558594
1769553019.1356192,1765,-76.61427307128906
1769553020.0085196,1766,-81.95388793945312
1769553027.5072331,1767,-82.14844512939453
1769553027.6377819,1768,-134.27073669433594
1769553030.7870073,1769,-90.34955596923828
1769553046.75106,1770,-59.26026916503906
1769553056.2377899,1771,-69.18441009521484
1769553061.4499629,1772,-72.78118896484375
1769553064.744981,1773,-81.23072814941406
1769553070.0507684,1774,-83.92333984375
1769553081.8157053,1775,-73.04647064208984
1769553096.0994768,1776,-73.27178192138672
1769553098.3036385,1777,-73.5833969116211
1769553099.3547103,1778,-80.82688903808594
1769553116.095376,1779,-86.16702270507812
1769553126.301107,1780,-72.89778900146484
1769553155.4406185,1781,-73.32749938964844
1769553160.119481,1782,-80.6457290649414
1769553171.5841744,1783,-76.6109619140625
1769553255.4864807,1784,-74.9135513305664
1769553257.4078763,1785,-68.03665924072266
1769553265.2934735,1786,-56.19047927856445
1769553284.0410142,1787,-74.47737121582031
1769553286.665072,1788,-70.02386474609375
1769553293.7685466,1789,-72.45386505126953
1769553299.875703,1790,-58.611000061035156
1769553313.5545363,1791,-63.4007682800293
1769553326.316581,1792,-71.10588836669922
1769553339.391545,1793,-56.3688850402832
1769553347.0161684,1794,-57.20430374145508
1769553356.5840151,1795,-67.43092346191406
1769553356.7235863,1796,-62.921043395996094
1769553363.5700552,1797,-97.45561981201172
1769553370.4428384,1798,-75.76250457763672
1769553374.5001001,1799,-84.85716247558594
1769553383.6134605,1800,-77.15581512451172
1769553387.9413297,1801,-90.24919128417969
1769553536.4683385,1802,-77.92305755615234
1769553555.3207839,1803,-78.8767318725586
1769553560.073512,1804,-64.77592468261719
1769553577.6694126,1805,-96.89251708984375
1769553588.4082434,1806,-58.909759521484375
1769553594.3225725,1807,-85.13529968261719
1769553614.6915624,1808,-81.6838607788086
1769553619.0111833,1809,-77.98538208007812
1769553619.1439974,1810,-79.54006958007812
1769553623.728832,1811,-79.40501403808594
1769553628.2719727,1812,-56.60940933227539
1769553636.0784311,1813,-66.95539093017578
1769553648.1630456,1814,-84.85237121582031
1769553652.9099262,1815,-67.28255462646484
1769553654.6652758,1816,-60.686912536621094
1769553664.5865107,1817,-64.34564971923828
1769553670.308358,1818,-56.24898147583008
1769553671.2922127,1819,-73.98838806152344
1769553675.3262346,1820,-58.83051300048828
1769553686.7080586,1821,-72.12950897216797
1769553690.93549,1822,-81.44157409667969
1769553698.4026632,1823,-73.33668518066406
1769553699.946439,1824,-82.41264343261719
1769553706.7012484,1825,-66.44817352294922
1769553713.4188082,1826,-64.20742797851562
1769553715.959852,1827,-78.6717758178711
1769553718.817294,1828,-71.09966278076172
1769553720.9683905,1829,-70.23782348632812
1769553754.769452,1830,-75.58342742919922
1769553762.3949018,1831,-77.95352172851562
1769553767.121485,1832,-79.72584533691406
1769553772.3035972,1833,-75.0794906616211
1769553774.0031927,1834,-84.57495880126953
1769553775.1802704,1835,-82.7376480102539
1769553779.6075244,1836,-82.1858139038086
1769553784.878661,1837,-74.45622253417969
1769553785.7167788,1838,-77.99681091308594
1769553785.847191,1839,-79.61302947998047
1769553792.2485306,1840,-82.90907287597656
1769553800.5917025,1841,-62.93966293334961
1769553833.3299284,1842,-82.54948425292969
1769553844.0415995,1843,-71.37586975097656
1769553858.1636398,1844,-66.33250427246094
1769553887.1250968,1845,-67.2334213256836
1769553889.685984,1846,-54.34791564941406
1769553911.1386817,1847,-68.67799377441406
1769553918.1987405,1848,-58.57988357543945
1769553933.0412774,1849,-87.54674530029297
1769553936.15627,1850,-80.46768188476562
1769553942.6707878,1851,-52.001712799072266
1769553943.5453424,1852,-72.5970458984375
1769553952.4463975,1853,-57.286624908447266
1769553958.662758,1854,-75.17105102539062
1769553983.7183065,1855,-90.9791488647461
1769553984.249836,1856,-76.44532012939453
1769554000.0805175,1857,-79.68294525146484
1769554005.1652396,1858,-83.73698425292969
1769554009.7488585,1859,-80.08674621582031
1769554013.4665558,1860,-76.96044921875
1769554030.9720888,1861,-60.01262283325195
1769554033.9572678,1862,-66.9480209350586
1769554044.9710262,1863,-76.46488952636719
1769554048.7855427,1864,-58.381839752197266
1769554050.4372768,1865,-62.75890350341797
1769554052.121071,1866,-96.02738952636719
1769554066.2187915,1867,-59.83335876464844
1769554078.9249156,1868,-60.647945404052734
1769554088.9090369,1869,-86.27581787109375
1769554095.6109776,1870,-67.84422302246094
1769554098.2517943,1871,-74.10753631591797
1769554103.7626016,1872,-55.05057144165039
1769554106.1090572,1873,-90.30186462402344
1769554129.5676262,1874,-72.42443084716797
1769554155.0407174,1875,-71.61383056640625
1769554160.9694202,1876,-63.067867279052734
1769554161.1065774,1877,-67.18666076660156
1769554168.2599874,1878,-53.20048141479492
1769554171.0067503,1879,-81.34850311279297
1769554179.846377,1880,-86.86962890625
1769554182.7381349,1881,-75.6739273071289
1769554190.1714053,1882,-60.45823287963867
1769554190.3083274,1883,-77.56859588623047
1769554190.4368043,1884,-77.05258178710938
1769554195.1295655,1885,-74.6377182006836
1769554200.4638891,1886,-70.59193420410156
1769554208.8488653,1887,-56.2848014831543
1769554215.1522343,1888,-82.9290542602539
1769554242.9576967,1889,-94.14247131347656
1769554247.7874787,1890,-79.05988311767578
1769554249.8551993,1891,-66.9322509765625
1769554261.6795914,1892,-69.02297973632812
1769554261.821244,1893,-76.94043731689453
1769554273.8643792,1894,-69.62945556640625
1769554283.4373431,1895,-81.37600708007812
1769554298.5492606,1896,-76.47209930419922
1769554298.6926773,1897,-93.7497329711914
1769554303.5679245,1898,-84.74576568603516
1769554309.3224123,1899,-78.43330383300781
1769554318.1667404,1900,-82.30440521240234
1769554326.289648,1901,-75.67096710205078
1769554336.824631,1902,-69.50739288330078
1769554343.5628016,1903,-69.38688659667969
1769554345.6723907,1904,-79.55098724365234
1769554360.0019395,1905,-70.1116714477539
1769554360.143844,1906,-69.60169982910156
1769554361.8092847,1907,-84.48649597167969
1769554369.8330493,1908,-69.65664672851562
1769554372.1089113,1909,-60.61458206176758
1769554377.3700376,1910,-63.65438461303711
1769554387.0225132,1911,-77.87570190429688
1769554394.8120701,1912,-63.08556365966797
1769554401.6313696,1913,-84.27496337890625
1769554414.5087993,1914,-73.47633361816406
1769554417.3836818,1915,-63.50371551513672
1769554429.268358,1916,-70.94355010986328
1769554434.8470933,1917,-69.45074462890625
1769554456.0773182,1918,-77.8494644165039
1769554461.3743622,1919,-57.540252685546875
1769554464.097221,1920,-70.42898559570312
1769554512.2432973,1921,-93.87003326416016
1769554519.091407,1922,-65.3466567993164
1769554525.369732,1923,-65.18421173095703
1769554528.1222389,1924,-74.37643432617188
1769554536.0006554,1925,-70.08477020263672
1769554546.4543633,1926,-67.64563751220703
1769554552.966172,1927,-58.629947662353516
1769554581.365964,1928,-94.2070541381836
1769554590.4898748,1929,-80.88497161865234
1769554593.607691,1930,-56.78544998168945
1769554593.7373362,1931,-82.54045104980469
1769554627.8174546,1932,-96.28730010986328
1769554635.517271,1933,-57.50027084350586
1769554636.9832509,1934,-65.11964416503906
1769554640.1766365,1935,-80.06986236572266
1769554650.483133,1936,-76.53250885009766
1769554650.6212025,1937,-89.39815521240234
1769554654.6018836,1938,-70.35780334472656
1769554660.871408,1939,-67.58377075195312
1769554664.141667,1940,-79.81550598144531
1769554673.6527834,1941,-86.55679321289062
1769554674.476695,1942,-72.761962890625
1769554686.5315394,1943,-77.05350494384766
1769554686.6713102,1944,-54.83525466918945
1769554689.8336735,1945,-64.02611541748047
1769554696.1285057,1946,-84.31834411621094
1769554699.2585664,1947,-63.42743682861328
1769554699.3922603,1948,-71.0129623413086
1769554702.9422693,1949,-76.61717224121094
1769554722.2008464,1950,-80.86446380615234
1769554735.3410501,1951,-71.56037902832031
1769554743.4301264,1952,-80.03658294677734
1769554753.7517576,1953,-63.3626708984375
1769554761.783359,1954,-70.50951385498047
1769554764.2248714,1955,-62.85725021362305
1769554771.1530259,1956,-69.25531005859375
1769554841.5035696,1957,-69.1802749633789
1769554874.5388641,1958,-82.75907135009766
1769554895.7271707,1959,-59.88963317871094
1769554899.1498904,1960,-86.5379638671875
1769554905.977324,1961,-67.3978042602539
1769554908.832873,1962,-74.03919219970703
1769554908.9645534,1963,-59.59852600097656
1769554918.6797163,1964,-77.95574951171875
1769554919.4117446,1965,-55.37877655029297
1769554925.8860347,1966,-79.96107482910156
1769554929.0945182,1967,-65.53802490234375
1769554934.9266644,1968,-71.37313079833984
1769554936.1790242,1969,-84.56298065185547
1769554937.896941,1970,-79.90326690673828
1769554965.194292,1971,-78.58380126953125
1769554968.2135231,1972,-65.13658905029297
1769554974.0440357,1973,-59.92064666748047
1769554975.7530284,1974,-66.18424224853516
1769554987.3565378,1975,-59.46461486816406
1769554993.1461089,1976,-79.79524230957031
1769554993.2815647,1977,-59.93940353393555
1769554993.4104,1978,-72.2724380493164
1769555009.1092553,1979,-56.42782974243164
1769555018.8606296,1980,-84.49300384521484
1769555034.473931,1981,-69.74925994873047
1769555038.580965,1982,-80.10184478759766
1769555064.8235612,1983,-63.82380294799805
1769555077.542488,1984,-62.392295837402344
1769555089.583435,1985,-73.29363250732422
1769555095.764139,1986,-79.21881866455078
1769555103.0745525,1987,-88.38996124267578
1769555106.8985949,1988,-73.03192138671875
1769555125.5015576,1989,-65.56450653076172
1769555125.6506,1990,-71.47013092041016
1769555130.7898355,1991,-70.01813507080078
1769555142.2154362,1992,-61.12489318847656
1769555151.6796463,1993,-67.66822052001953
1769555158.4790187,1994,-65.1874008178711
1769555168.0555556,1995,-66.48448944091797
1769555186.2461948,1996,-77.29253387451172
1769555193.8003209,1997,-67.66571807861328
1769555208.3740892,1998,-67.84963989257812
1769555209.7527235,1999,-68.1192626953125
1769555209.886618,2000,-49.66604995727539
1769555223.6536329,2001,-74.5455322265625
1769555241.033801,2002,-82.1534194946289
1769555262.492461,2003,-57.878013610839844
1769555266.439141,2004,-83.2551040649414
1769555268.6005793,2005,-69.69426727294922
1769555277.6882818,2006,-80.44497680664062
1769555350.4793787,2007,-85.61814880371094
1769555354.2423146,2008,-63.01143264770508
1769555356.100592,2009,-76.22750091552734
1769555359.4726415,2010,-67.86245727539062
1769555364.8944862,2011,-85.91986083984375
1769555366.5056496,2012,-64.8367919921875
1769555378.6938558,2013,-77.49217987060547
1769555381.6990006,2014,-78.48065185546875
1769555388.8236582,2015,-78.85065460205078
1769555392.7651947,2016,-69.0013427734375
1769555405.2366738,2017,-80.82219696044922
1769555410.9531696,2018,-80.44778442382812
1769555418.398349,2019,-95.61579895019531
1769555448.2513263,2020,-80.40477752685547
1769555480.460484,2021,-62.82975387573242
1769555497.594989,2022,-71.01323699951172
1769555520.4622254,2023,-68.21194458007812
1769555539.491746,2024,-67.8963394165039
1769555541.7816932,2025,-76.94842529296875
1769555545.0652087,2026,-52.81297302246094
1769555558.4169853,2027,-68.83831787109375
1769555559.1175518,2028,-75.29898071289062
1769555599.1343374,2029,-77.6484375
1769555609.6210227,2030,-52.694889068603516
1769555613.8591337,2031,-70.13040924072266
1769555621.163969,2032,-58.08966827392578
1769555632.908908,2033,-54.71342468261719
1769555647.8957117,2034,-74.12052917480469
1769555659.1115978,2035,-73.3466567993164
1769555663.0149524,2036,-95.24366760253906
1769555673.9057562,2037,-78.43803405761719
1769555701.0928605,2038,-64.9928970336914
1769555721.5559657,2039,-85.0152587890625
1769555726.0486617,2040,-78.45165252685547
1769555736.4495173,2041,-68.486083984375
1769555742.1004326,2042,-69.45355224609375
1769555747.7389748,2043,-63.98203659057617
1769555754.217872,2044,-97.81272888183594
1769555783.512733,2045,-65.56423950195312
1769555792.4856687,2046,-68.76421356201172
1769555800.3018546,2047,-76.6989974975586
1769555809.3683705,2048,-73.20811462402344
1769555829.0827518,2049,-81.93866729736328
1769555880.2100782,2050,-79.26822662353516
1769555895.953596,2051,-75.77432250976562
1769555908.4815478,2052,-57.002010345458984
1769555908.6843703,2053,-87.83840942382812
1769555922.0316896,2054,-71.62027740478516
1769555928.722829,2055,-83.51821899414062
1769555928.858069,2056,-78.03237915039062
1769555934.604832,2057,-59.12366485595703
1769555937.500622,2058,-68.98572540283203
1769555942.9230464,2059,-88.85945129394531
1769555964.0711334,2060,-94.37371063232422
1769555969.35437,2061,-50.2852897644043
1769555979.6327686,2062,-60.80105972290039
1769555986.0038824,2063,-65.01773071289062
1769555988.7847395,2064,-93.92057037353516
1769555988.917461,2065,-77.65239715576172
1769555999.0309985,2066,-70.02530670166016
1769556009.2086754,2067,-82.1852798461914
1769556017.1567721,2068,-74.25700378417969
1769556018.597564,2069,-80.8956527709961
1769556023.0997417,2070,-53.78840255737305
1769556028.8217847,2071,-66.90328979492188
1769556038.6987965,2072,-50.07966995239258
1769556055.4442925,2073,-74.48925018310547
1769556086.5073192,2074,-87.1591567993164
1769556110.5747244,2075,-55.8067512512207
1769556117.4374428,2076,-78.43727111816406
1769556117.5741491,2077,-77.34504699707031
1769556125.636927,2078,-80.48624420166016
1769556134.1210673,2079,-84.57797241210938
1769556143.1239734,2080,-83.2928237915039
1769556146.3358445,2081,-71.6246566772461
1769556152.5075667,2082,-74.0921859741211
1769556163.504516,2083,-63.53221893310547
1769556191.8282385,2084,-58.444156646728516
1769556191.9574952,2085,-56.919090270996094
1769556192.0855446,2086,-78.81392669677734
1769556203.6603851,2087,-58.896583557128906
1769556207.359008,2088,-70.91720581054688
1769556207.987715,2089,-66.56934356689453
1769556208.1168177,2090,-72.89716339111328
1769556208.558476,2091,-81.24502563476562
1769556209.4724107,2092,-71.2144546508789
1769556210.5490704,2093,-85.58216857910156
1769556214.1845217,2094,-65.9244613647461
1769556221.3287976,2095,-76.10585021972656
1769556243.2433474,2096,-76.76922607421875
1769556248.4549646,2097,-73.02183532714844
1769556249.7699428,2098,-56.76326370239258
1769556251.7244282,2099,-76.44034576416016
1769556278.8917933,2100,-71.48123931884766
1769556283.599846,2101,-66.53324890136719
1769556293.676163,2102,-80.78025817871094
1769556303.2080567,2103,-58.759437561035156
1769556308.7246592,2104,-59.22816848754883
1769556317.3124685,2105,-64.96438598632812
1769556339.2564998,2106,-69.10005950927734
1769556343.5399451,2107,-74.0432357788086
1769556347.5903118,2108,-65.36566162109375
1769556375.4996426,2109,-62.26046371459961
1769556385.257921,2110,-69.17119598388672
1769556386.5573428,2111,-72.96180725097656
1769556389.9891646,2112,-89.79539489746094
1769556409.2604978,2113,-54.3314094543457
1769556410.8269942,2114,-84.83206176757812
1769556422.10666,2115,-76.45275115966797
1769556445.8445349,2116,-96.05998992919922
1769556451.9694738,2117,-67.066162109375
1769556452.1035228,2118,-73.1446533203125
1769556452.9171784,2119,-72.8117446899414
1769556458.5778868,2120,-78.72965240478516
1769556466.891317,2121,-86.1754379272461
1769556481.0241346,2122,-89.70781707763672
1769556493.9315941,2123,-90.3702392578125
1769556499.4884093,2124,-79.59886932373047
1769556519.274347,2125,-82.4299545288086
1769556521.7431126,2126,-70.43016052246094
1769556539.5857232,2127,-84.41556549072266
1769556549.3937824,2128,-74.122802734375
1769556552.6325333,2129,-68.55658721923828
1769556559.0987544,2130,-80.31678771972656
1769556570.326402,2131,-74.15851593017578
1769556580.2316473,2132,-83.3878173828125
1769556597.327899,2133,-66.35409545898438
1769556599.5056167,2134,-77.20193481445312
1769556609.7232113,2135,-82.64527130126953
1769556660.4609447,2136,-60.03424072265625
1769556667.0081768,2137,-68.29267120361328
1769556674.5776894,2138,-73.14632415771484
1769556674.7136867,2139,-75.77549743652344
1769556678.816697,2140,-69.03107452392578
1769556685.5023472,2141,-95.00452423095703
1769556688.2560253,2142,-60.31600570678711
1769556690.901899,2143,-73.16148376464844
1769556725.82507,2144,-75.56194305419922
1769556758.3920896,2145,-75.74038696289062
1769556768.9887326,2146,-68.80120849609375
1769556779.8939567,2147,-70.40404510498047
1769556782.1837232,2148,-57.09718322753906
1769556784.8512836,2149,-68.52283477783203
1769556787.7895844,2150,-65.74589538574219
1769556791.9326143,2151,-72.74762725830078
1769556829.072199,2152,-96.2018051147461
1769556853.4514928,2153,-81.1242446899414
1769556855.0135887,2154,-77.64869689941406
1769556858.5442245,2155,-60.268585205078125
1769556865.768451,2156,-88.15457153320312
1769556867.0068219,2157,-89.74595642089844
1769556872.1804008,2158,-88.33983612060547
1769556880.011394,2159,-64.68777465820312
1769556882.6788938,2160,-68.91393280029297
1769556888.9015875,2161,-82.74761962890625
1769556895.3796854,2162,-71.40770721435547
1769556895.940911,2163,-54.498077392578125
1769556909.973971,2164,-71.0458984375
1769556912.71742,2165,-67.42619323730469
1769556933.2559717,2166,-68.80770111083984
1769556934.716416,2167,-66.87789916992188
1769556942.6160352,2168,-71.76429748535156
1769556943.1231701,2169,-68.28984069824219
1769556945.2564368,2170,-86.843994140625
1769556948.3489568,2171,-64.4974594116211
1769556952.927842,2172,-83.17696380615234
1769556965.8915536,2173,-60.567649841308594
1769556986.1663566,2174,-66.07373046875
1769556989.3171825,2175,-70.4637680053711
1769556995.174754,2176,-79.98180389404297
1769556999.2664583,2177,-75.16539001464844
1769557012.1514823,2178,-66.12181091308594
1769557012.2925043,2179,-85.41954040527344
1769557018.3162513,2180,-69.99591827392578
1769557026.3516343,2181,-55.48455047607422
1769557030.037466,2182,-92.97314453125
1769557052.6134355,2183,-77.19927978515625
1769557054.9066534,2184,-63.68841552734375
1769557066.481938,2185,-85.40632629394531
1769557074.7497954,2186,-71.43547821044922
1769557075.014,2187,-76.04987335205078
1769557082.9379487,2188,-56.046592712402344
1769557090.1679137,2189,-73.57479095458984
1769557095.9650207,2190,-79.95431518554688
1769557099.1136465,2191,-56.96451950073242
1769557100.5399306,2192,-85.50830841064453
1769557111.8975155,2193,-81.51106262207031
1769557112.0383642,2194,-64.4234619140625
1769557112.1665514,2195,-52.659542083740234
1769557138.4330826,2196,-60.600135803222656
1769557149.4672153,2197,-94.6370620727539
1769557152.564587,2198,-72.51054382324219
1769557167.1233735,2199,-66.51957702636719
1769557199.7273252,2200,-60.3988151550293
1769557202.6028593,2201,-76.15037536621094
1769557207.5660777,2202,-58.563133239746094
1769557207.826884,2203,-67.593994140625
1769557218.594528,2204,-86.92073059082031
1769557218.7338545,2205,-65.42314147949219
1769557228.5729017,2206,-71.58488464355469
1769557236.2188005,2207,-62.71942138671875
1769557315.8898406,2208,-102.2918701171875
1769557318.2863514,2209,-76.41460418701172
1769557333.7615054,2210,-63.18958282470703
1769557337.916518,2211,-81.10877227783203
1769557341.5235116,2212,-80.48009490966797
1769557365.5559273,2213,-88.07451629638672
1769557386.7253506,2214,-74.69861602783203
1769557405.0011652,2215,-72.7192611694336
1769557410.3007002,2216,-82.67512512207031
1769557450.3057668,2217,-87.10132598876953
1769557530.07126,2218,-96.57347869873047
1769557570.9973247,2219,-76.72921752929688
1769557586.8229558,2220,-63.18592071533203
1769557590.2813306,2221,-67.29373931884766
1769557595.70844,2222,-56.7288818359375
1769557602.1614997,2223,-74.75452423095703
1769557638.0591953,2224,-83.16162109375
1769557649.500146,2225,-69.05780029296875
1769557658.4784317,2226,-80.18435668945312
1769557873.2874408,2227,-62.50790786743164
1769557908.3070202,2228,-75.56124877929688
1769557911.9071023,2229,-73.55459594726562
1769557928.0967312,2230,-80.44035339355469
1769557942.5760515,2231,-81.14451599121094
1769557967.0387347,2232,-81.32437896728516
1769557967.1936746,2233,-91.1285629272461
1769557969.3177428,2234,-85.460693359375
1769557971.3904178,2235,-86.80291748046875
1769557978.7392912,2236,-72.12100219726562
1769557993.4172816,2237,-67.74732971191406
1769557994.7803547,2238,-75.5815658569336
1769558022.0803308,2239,-70.38470458984375
1769558023.5317087,2240,-70.83406066894531
1769558023.6603932,2241,-84.86924743652344
1769558055.0807595,2242,-74.77301025390625
1769558057.1327064,2243,-71.21553802490234
1769558065.5257847,2244,-64.3957748413086
1769558067.115391,2245,-59.80177688598633
1769558079.795559,2246,-71.07058715820312
1769558085.6188726,2247,-51.237457275390625
1769558096.526039,2248,-72.68006896972656
1769558103.1691785,2249,-87.92445373535156
1769558109.4972863,2250,-68.06768035888672
1769558124.5631945,2251,-72.27241516113281
1769558125.0847235,2252,-78.0715103149414
1769558150.024687,2253,-69.5066146850586
1769558158.1750195,2254,-80.04991912841797
1769558159.4796658,2255,-50.823238372802734
1769558200.5766554,2256,-76.9878158569336
1769558239.9698193,2257,-60.82849884033203
1769558246.3167727,2258,-65.17852020263672
1769558246.5798123,2259,-91.4815673828125
1769558254.0970364,2260,-67.0403060913086
1769558254.6142454,2261,-76.31121063232422
1769558254.7457547,2262,-82.75318145751953
1769558265.7309291,2263,-84.1587142944336
1769558273.2225866,2264,-85.63873291015625
1769558292.4470065,2265,-82.77559661865234
1769558297.7107399,2266,-85.52813720703125
1769558311.1886818,2267,-84.71269989013672
1769558315.544142,2268,-69.53404998779297
1769558321.2910774,2269,-78.66883087158203
1769558336.7426286,2270,-93.35028839111328
1769558340.0364122,2271,-56.468326568603516
1769558340.1694744,2272,-64.6178207397461
1769558350.6045833,2273,-83.47920989990234
1769558358.7525373,2274,-77.12883758544922
1769558359.0696492,2275,-62.08211135864258
1769558360.9266348,2276,-92.0272445678711
1769558377.4572275,2277,-62.632930755615234
1769558381.7712417,2278,-74.3083267211914
1769558386.2880383,2279,-66.07357788085938
1769558386.4222913,2280,-83.03524017333984
1769558394.1928046,2281,-57.5186653137207
1769558403.1777513,2282,-68.20516204833984
1769558411.8018022,2283,-87.19432830810547
1769558440.353205,2284,-72.69929504394531
1769558441.07949,2285,-64.88280487060547
1769558451.1536238,2286,-78.64210510253906
1769558451.2948442,2287,-53.0535774230957
1769558460.6947296,2288,-55.232540130615234
1769558465.626043,2289,-80.3998031616211
1769558480.988411,2290,-80.86991119384766
1769558490.3876257,2291,-88.74259948730469
1769558493.676991,2292,-63.26959228515625
1769558532.6970575,2293,-71.3901596069336
1769558577.8523595,2294,-57.09674072265625
1769558589.5121894,2295,-68.12418365478516
1769558596.299398,2296,-78.3580322265625
1769558601.9341404,2297,-65.28652954101562
1769558606.300986,2298,-80.53660583496094
1769558607.0481265,2299,-73.18925476074219
1769558613.028751,2300,-69.1075668334961
1769558619.8111174,2301,-58.199581146240234
1769558646.4947307,2302,-92.21497344970703
1769558660.1774087,2303,-67.8201904296875
1769558662.4140332,2304,-80.9406509399414
1769558666.748188,2305,-80.28521728515625
1769558684.3133519,2306,-79.19952392578125
1769558689.2957027,2307,-59.219661712646484
1769558703.6240418,2308,-62.65986633300781
1769558706.0552568,2309,-71.00161743164062
1769558707.602566,2310,-82.89208984375
1769558710.1954823,2311,-86.4588851928711
1769558714.7996967,2312,-77.60307312011719
1769558714.9328277,2313,-55.206932067871094
1769558717.6728098,2314,-76.58769989013672
1769558731.914631,2315,-70.89112091064453
1769558735.6303074,2316,-66.63392639160156
1769558753.2829523,2317,-69.06747436523438
1769558762.0585177,2318,-68.32286834716797
1769558773.504075,2319,-65.70578002929688
1769558793.703123,2320,-68.68280792236328
1769558798.936624,2321,-70.44096374511719
1769558807.275506,2322,-97.49249267578125
1769558821.7603402,2323,-67.73332977294922
1769558832.4822674,2324,-67.3492202758789
1769558843.7224236,2325,-77.63361358642578
1769558855.3114297,2326,-75.77144622802734
1769558856.760527,2327,-68.54289245605469
1769558864.2881327,2328,-86.0461196899414
1769558901.100619,2329,-62.81769561767578
1769558905.7994866,2330,-58.170433044433594
1769558909.1746385,2331,-67.92765808105469
1769558929.8434777,2332,-74.20252990722656
1769558939.4895468,2333,-105.56011962890625
1769558947.6906931,2334,-74.47489929199219
1769558954.1770155,2335,-74.96516418457031
1769558960.6577554,2336,-83.76826477050781
1769558964.0628052,2337,-74.86585998535156
1769558975.6791983,2338,-62.9818229675293
1769558978.5738342,2339,-79.42514038085938
1769558987.7910676,2340,-86.15162658691406
1769558990.100563,2341,-62.46572494506836
1769558990.849506,2342,-83.8394775390625
1769558992.9174397,2343,-87.35540771484375
1769559007.129453,2344,-80.83074951171875
1769559023.3619537,2345,-80.49906158447266
1769559038.063142,2346,-83.83370208740234
1769559039.8323002,2347,-75.89080810546875
1769559051.6012385,2348,-74.67549133300781
1769559065.218331,2349,-83.68688201904297
1769559069.7643213,2350,-65.02224731445312
1769559076.1268282,2351,-68.01732635498047
1769559100.9619954,2352,-77.72870635986328
1769559103.853817,2353,-85.58970642089844
1769559127.5662029,2354,-67.84941864013672
1769559167.9067328,2355,-97.12293243408203
1769559175.5870867,2356,-79.69402313232422
1769559187.315631,2357,-81.03632354736328
1769559188.397946,2358,-69.42518615722656
1769559193.7204401,2359,-70.82940673828125
1769559201.8655636,2360,-59.83037185668945
1769559209.7450545,2361,-84.885498046875
1769559211.1005573,2362,-73.15371704101562
1769559257.896475,2363,-80.93791961669922
1769559268.496114,2364,-80.5035629272461
1769559281.2553267,2365,-58.256813049316406
1769559295.168437,2366,-93.7083969116211
1769559297.68335,2367,-78.08445739746094
1769559305.300814,2368,-80.4085464477539
1769559310.9188175,2369,-91.60362243652344
1769559322.5851781,2370,-69.856689453125
1769559345.2243593,2371,-85.3232650756836
1769559349.8264883,2372,-57.55341720581055
1769559351.9933965,2373,-84.06804656982422
1769559354.8593516,2374,-83.83429718017578
1769559354.989989,2375,-76.96778106689453
1769559360.382811,2376,-79.91040802001953
1769559368.0103633,2377,-90.94892120361328
1769559368.3909068,2378,-82.0511703491211
1769559379.8173804,2379,-84.08712005615234
1769559389.5113957,2380,-60.397918701171875
1769559389.7781792,2381,-79.89800262451172
1769559401.8195357,2382,-71.95683288574219
1769559403.6023078,2383,-92.12905883789062
1769559407.1275733,2384,-71.63617706298828
1769559415.0765545,2385,-80.27610778808594
1769559416.3767684,2386,-67.1051254272461
1769559435.6207101,2387,-75.85901641845703
1769559440.0491755,2388,-92.21919250488281
1769559450.780092,2389,-65.25029754638672
1769559453.2691188,2390,-84.93374633789062
1769559468.3328934,2391,-78.85295104980469
1769559478.4348688,2392,-65.13490295410156
1769559486.9064057,2393,-93.27839660644531
1769559487.0410304,2394,-85.43990325927734
1769559518.6124456,2395,-71.15253448486328
1769559533.7413914,2396,-60.911956787109375
1769559538.8404858,2397,-72.56430053710938
1769559544.1645603,2398,-78.86026000976562
1769559549.0088634,2399,-87.07051849365234
1769559554.4841971,2400,-67.84622192382812
1769559581.0279698,2401,-72.33257293701172
1769559600.7771716,2402,-88.1549072265625
1769559615.160168,2403,-82.8447036743164
1769559627.7171865,2404,-87.4640121459961
1769559637.6709268,2405,-77.70420837402344
1769559642.4204683,2406,-85.42100524902344
1769559642.5527267,2407,-112.02440643310547
1769559648.7223816,2408,-81.61099243164062
1769559650.7603192,2409,-58.64457321166992
1769559653.0354474,2410,-73.84779357910156
1769559659.0685635,2411,-64.14839935302734
1769559663.8768678,2412,-60.0329704284668
1769559664.0104322,2413,-88.81816101074219
1769559669.0627284,2414,-76.40301513671875
1769559677.1796567,2415,-83.00035858154297
1769559682.3582804,2416,-81.81893157958984
1769559689.2815573,2417,-76.63321685791016
1769559694.330841,2418,-69.8761215209961
1769559705.927482,2419,-55.941585540771484
1769559714.3768752,2420,-63.690879821777344
1769559723.134111,2421,-62.43686294555664
1769559729.2765522,2422,-67.2367935180664
1769559733.3999214,2423,-81.10761260986328
1769559744.8510425,2424,-72.34745788574219
1769559756.4879847,2425,-72.04033660888672
1769559762.8876195,2426,-76.22307586669922
1769559764.0872266,2427,-89.86957550048828
1769559764.2535717,2428,-86.46981048583984
1769559764.383078,2429,-69.63230895996094
1769559767.918818,2430,-71.89061737060547
1769559780.5148413,2431,-97.65038299560547
1769559792.5341935,2432,-63.65695571899414
1769559793.991279,2433,-86.29749298095703
1769559802.5288787,2434,-81.53929901123047
1769559807.9332933,2435,-69.7461166381836
1769559816.1607697,2436,-85.50862884521484
1769559820.633894,2437,-83.37335968017578
1769559822.5020216,2438,-73.01811218261719
1769559826.2972453,2439,-71.2203140258789
1769559826.4315329,2440,-60.898094177246094
1769559839.7323601,2441,-89.81685638427734
1769559854.1395895,2442,-71.90882110595703
1769559860.9271874,2443,-61.45326232910156
1769559869.1336637,2444,-75.01959228515625
1769559876.354617,2445,-72.47871398925781
1769559884.2117624,2446,-65.93352508544922
1769559887.1301708,2447,-75.4719009399414
1769559924.717258,2448,-80.62896728515625
1769559929.1153893,2449,-59.84954833984375
1769559933.7647943,2450,-76.18795013427734
1769559938.8984256,2451,-65.73868560791016
1769559946.459317,2452,-92.06328582763672
1769559960.3927875,2453,-67.81940460205078
1769559960.5374868,2454,-83.49739837646484
1769559964.2973104,2455,-73.60846710205078
1769559982.3903637,2456,-67.97534942626953
1769559986.872717,2457,-88.88187408447266
1769559989.5088034,2458,-81.06705474853516
1769559998.3191442,2459,-60.93449783325195
1769560016.7165527,2460,-85.26546478271484
1769560060.6603801,2461,-91.5631332397461
1769560060.8287332,2462,-78.72852325439453
1769560065.6476119,2463,-69.04981231689453
1769560094.2618492,2464,-71.4217758178711
1769560094.4551704,2465,-77.8542709350586
1769560101.8033643,2466,-84.5522232055664
1769560104.9975266,2467,-72.3216552734375
1769560105.9326427,2468,-73.58606719970703
1769560109.5569832,2469,-84.04779052734375
1769560121.8082125,2470,-64.58612823486328
1769560131.7817135,2471,-92.29094696044922
1769560185.9273322,2472,-83.65103149414062
1769560190.30453,2473,-69.77677917480469
1769560204.1339815,2474,-74.05865478515625
1769560206.0109096,2475,-75.90621948242188
1769560207.4364455,2476,-79.0528564453125
1769560209.4730031,2477,-80.17985534667969
1769560346.1120112,2478,-112.43553924560547
1769560386.24229,2479,-81.03740692138672
1769560395.3269267,2480,-87.16876220703125
1769560412.1636627,2481,-70.76667022705078
1769560455.1400607,2482,-78.9165267944336
1769560455.3062932,2483,-88.48532104492188
1769560464.5748143,2484,-77.97515869140625
1769560485.674621,2485,-72.59229278564453
1769560494.4746919,2486,-73.35894012451172
1769560494.6381226,2487,-53.8443603515625
1769560497.300628,2488,-73.9365234375
1769560500.6984448,2489,-82.1650161743164
1769560509.6099317,2490,-79.63912963867188
1769560515.1017976,2491,-61.33637619018555
1769560524.1491299,2492,-67.88202667236328
1769560527.0372746,2493,-70.6738510131836
1769560534.4801424,2494,-60.07443618774414
1769560549.7418525,2495,-75.8763656616211
1769560551.7508156,2496,-78.8611831665039
1769560554.8339736,2497,-84.90779876708984
1769560559.2243888,2498,-81.51992797851562
1769560579.9936602,2499,-80.1941909790039
1769560676.8398733,2500,-95.94866180419922
1769560684.392089,2501,-60.241512298583984
1769560684.5283034,2502,-80.44279479980469
1769560685.72932,2503,-89.55184173583984
1769560693.630053,2504,-88.41497039794922
1769560697.0303905,2505,-77.08116149902344
1769560698.008076,2506,-67.42979431152344
1769560698.6466725,2507,-72.32935333251953
1769560698.7780368,2508,-83.98831939697266
1769560714.9086688,2509,-94.86499786376953
1769560725.374426,2510,-67.55726623535156
1769560727.1593208,2511,-70.71886444091797
1769560742.2304509,2512,-86.94419860839844
1769560751.2724247,2513,-63.7713508605957
1769560759.2756395,2514,-67.65924072265625
1769560762.5982025,2515,-81.07646179199219
1769560771.4683206,2516,-67.79386901855469
1769560792.3505976,2517,-74.49649047851562
1769560798.1647952,2518,-84.167236328125
1769560798.3011415,2519,-60.399131774902344
1769560804.5248504,2520,-66.49618530273438
1769560819.9744911,2521,-68.62364959716797
1769560835.1717353,2522,-78.06938171386719
1769560846.6213343,2523,-77.49951171875
1769560846.764946,2524,-90.65515899658203
1769560855.1725204,2525,-90.12975311279297
1769560860.007166,2526,-72.09972381591797
1769560871.677644,2527,-75.09848022460938
1769560886.9312005,2528,-67.81089782714844
1769560893.8664064,2529,-71.27473449707031
1769560893.9996421,2530,-73.54542541503906
1769560895.7187083,2531,-74.80584716796875
1769560911.4287875,2532,-97.93505096435547
1769560934.4420395,2533,-76.52509307861328
1769560959.3598099,2534,-93.27265930175781
1769560960.306599,2535,-67.28388977050781
1769560968.3994884,2536,-66.3800277709961
1769560974.5629966,2537,-80.29661560058594
1769560984.844802,2538,-83.29398345947266
1769560991.713325,2539,-60.29598617553711
1769561008.1552067,2540,-91.63269805908203
1769561008.3005164,2541,-81.38182830810547
1769561009.981702,2542,-71.42749786376953
1769561023.616803,2543,-82.4408187866211
1769561030.9458597,2544,-81.1019515991211
1769561037.5713067,2545,-86.11013793945312
1769561038.272278,2546,-85.5581283569336
1769561041.163054,2547,-81.03527069091797
1769561043.3309867,2548,-67.51933288574219
1769561053.7364483,2549,-70.5985336303711
1769561059.8023024,2550,-65.80787658691406
1769561068.9589243,2551,-75.27278900146484
1769561082.1947207,2552,-80.10897064208984
1769561088.3241715,2553,-81.53691864013672
1769561089.692064,2554,-73.34846496582031
1769561089.8217342,2555,-74.2243881225586
1769561094.0775647,2556,-87.59407043457031
1769561112.7399766,2557,-71.07909393310547
1769561133.6936142,2558,-86.56365203857422
1769561138.5485606,2559,-71.09246063232422
1769561144.9821234,2560,-83.67792510986328
1769561149.566762,2561,-75.00881958007812
1769561152.3137803,2562,-61.11464309692383
1769561173.8896697,2563,-68.2480697631836
1769561177.8376997,2564,-64.69873809814453
1769561195.0940204,2565,-76.47986602783203
1769561207.5537188,2566,-65.18526458740234
1769561215.4257734,2567,-72.54385375976562
1769561234.6235142,2568,-88.40717315673828
1769561246.5752623,2569,-74.09928131103516
1769561251.2721577,2570,-86.93787384033203
1769561252.22393,2571,-74.53072357177734
1769561253.6099267,2572,-58.36250686645508
1769561257.5428147,2573,-81.92828369140625
1769561273.4175,2574,-74.59149932861328
1769561303.4531016,2575,-65.08222198486328
1769561311.438294,2576,-70.28173828125
1769561313.9971807,2577,-57.749149322509766
1769561339.4781995,2578,-75.38509368896484
1769561343.851497,2579,-83.73605346679688
1769561346.8838851,2580,-65.4013671875
1769561347.0160618,2581,-64.1052474975586
1769561354.281048,2582,-68.19622039794922
1769561357.5851207,2583,-63.122798919677734
1769561367.224993,2584,-63.72838592529297
1769561368.1658015,2585,-82.53990173339844
1769561370.9532506,2586,-89.90880584716797
1769561371.0846717,2587,-53.63477325439453
1769561373.3240294,2588,-77.88443756103516
1769561384.2045107,2589,-62.42603302001953
1769561408.9950578,2590,-82.39140319824219
1769561414.0439582,2591,-77.77281188964844
1769561417.5090594,2592,-67.41566467285156
1769561427.6078813,2593,-75.7162094116211
1769561430.5679457,2594,-80.80127716064453
1769561436.413498,2595,-71.26011657714844
1769561443.0189328,2596,-82.80655670166016
1769561443.9539387,2597,-73.65792846679688
1769561463.7632773,2598,-65.86550903320312
1769561470.2560647,2599,-80.7908935546875
1769561479.9028804,2600,-84.2084732055664
1769561490.00551,2601,-84.11387634277344
1769561494.7983165,2602,-74.38548278808594
1769561498.453398,2603,-76.37394714355469
1769561499.2804286,2604,-69.4153060913086
1769561505.7751136,2605,-83.91161346435547
1769561509.833879,2606,-78.9380111694336
1769561548.8486145,2607,-73.66322326660156
1769561577.8147674,2608,-94.43463897705078
1769561581.9235349,2609,-81.8096923828125
1769561593.17624,2610,-80.46086883544922
1769561594.3915088,2611,-64.02140808105469
1769561602.8157332,2612,-71.9737548828125
1769561609.2631423,2613,-73.08159637451172
1769561636.8124506,2614,-58.77695083618164
1769561644.8987756,2615,-61.69140625
1769561658.3110654,2616,-58.788414001464844
1769561661.2551746,2617,-79.09835052490234
1769561684.6865065,2618,-66.34230041503906
1769561684.839733,2619,-114.54879760742188
1769561688.0131335,2620,-75.5067138671875
1769561695.918579,2621,-77.12657165527344
1769561712.8110838,2622,-84.31272888183594
1769561735.6828556,2623,-81.04348754882812
1769561735.8354933,2624,-65.00149536132812
1769561741.4131494,2625,-64.8159408569336
1769561748.017947,2626,-64.42843627929688
1769561782.0719087,2627,-77.16715240478516
1769561782.2335937,2628,-56.63325119018555
1769561816.7891963,2629,-71.55583953857422
1769561822.7749727,2630,-65.16896057128906
1769561829.1152196,2631,-80.46320343017578
1769561848.9410279,2632,-77.9859619140625
1769561863.464722,2633,-77.59600067138672
1769561873.158836,2634,-63.422889709472656
1769561882.3568325,2635,-62.59478759765625
1769561884.9796698,2636,-76.50296783447266
1769561891.763658,2637,-76.6872329711914
1769561923.7515152,2638,-72.1142349243164
1769561939.834901,2639,-64.53681945800781
1769561946.6005986,2640,-75.76666259765625
1769561969.8857446,2641,-79.22052001953125
1769561977.3431156,2642,-68.31635284423828
1769561977.933808,2643,-58.53235626220703
1769561983.6451807,2644,-71.87860870361328
1769561985.3527002,2645,-62.54386520385742
1769561985.483225,2646,-77.89530181884766
1769561990.3520045,2647,-81.03237915039062
1769562005.2110384,2648,-83.81571960449219
1769562010.5890033,2649,-86.17033386230469
1769562016.8283753,2650,-82.56455993652344
1769562038.1341593,2651,-79.42815399169922
1769562039.4687274,2652,-60.94685363769531
1769562049.739008,2653,-88.26863098144531
1769562075.1378465,2654,-84.49845886230469
1769562077.9235048,2655,-64.81539154052734
1769562082.2594585,2656,-64.35916137695312
1769562084.5583582,2657,-83.48690795898438
1769562087.322265,2658,-66.35836791992188
1769562093.8110213,2659,-84.3554458618164
1769562095.6564913,2660,-70.26191711425781
1769562103.8289223,2661,-63.644737243652344
1769562117.9639232,2662,-72.0858154296875
1769562131.7532682,2663,-85.34661865234375
1769562149.3768117,2664,-72.5835189819336
1769562162.7775228,2665,-72.83123779296875
1769562165.7022858,2666,-78.549072265625
1769562175.0846477,2667,-62.671424865722656
1769562180.6486673,2668,-67.5828628540039
1769562195.258806,2669,-75.23230743408203
1769562210.2965522,2670,-75.44569396972656
1769562231.6998484,2671,-63.8829345703125
1769562238.5772543,2672,-65.82859802246094
1769562241.669075,2673,-94.76718139648438
1769562252.5365932,2674,-64.68070983886719
1769562254.6130664,2675,-86.5885009765625
1769562257.8411613,2676,-70.04289245605469
1769562270.977872,2677,-79.52645111083984
1769562278.543802,2678,-86.66521453857422
1769562291.9098625,2679,-70.478515625
1769562328.224044,2680,-66.18255615234375
1769562332.7912328,2681,-82.42842102050781
1769562334.2779894,2682,-73.78104400634766
1769562335.2235067,2683,-83.83666229248047
1769562338.452068,2684,-99.69532012939453
1769562343.1446419,2685,-74.51830291748047
1769562343.9016643,2686,-88.40950775146484
1769562365.0346508,2687,-84.88477325439453
1769562390.7214606,2688,-74.6501693725586
1769562409.8659627,2689,-72.7833480834961
1769562433.948168,2690,-74.1993408203125
1769562439.5162756,2691,-81.11570739746094
1769562446.9576259,2692,-82.13714599609375
1769562460.7940743,2693,-65.23685455322266
1769562461.6934924,2694,-62.3929328918457
1769562483.0838509,2695,-78.54549407958984
1769562484.415887,2696,-75.85295104980469
1769562492.4352946,2697,-85.35225677490234
1769562506.560538,2698,-71.37854766845703
1769562514.7169867,2699,-73.2249755859375
1769562520.3497608,2700,-63.25362777709961
1769562526.9755652,2701,-77.6465072631836
1769562538.204093,2702,-72.66758728027344
1769562540.3916523,2703,-84.75482940673828
1769562542.7305267,2704,-75.88621520996094
1769562561.4507933,2705,-70.98356628417969
1769562572.6852098,2706,-69.37796783447266
1769562578.9864144,2707,-59.95553970336914
1769562581.0232677,2708,-67.46063995361328
1769562582.4402382,2709,-63.88274383544922
1769562594.5237594,2710,-70.07330322265625
1769562642.4994833,2711,-99.62332153320312
1769562664.7777214,2712,-71.94297790527344
1769562690.351893,2713,-65.9981460571289
1769562693.790213,2714,-59.81343078613281
1769562703.224467,2715,-62.45347213745117
1769562704.1126363,2716,-60.85927200317383
1769562716.0630357,2717,-79.50106048583984
1769562716.607831,2718,-72.61405944824219
1769562720.487198,2719,-73.91363525390625
1769562726.4544842,2720,-71.79500579833984
1769562726.7173436,2721,-66.594970703125
1769562729.483042,2722,-62.99677276611328
1769562757.8128614,2723,-84.80511474609375
1769562762.8608737,2724,-71.49710845947266
1769562784.716322,2725,-86.07190704345703
1769562816.515452,2726,-59.243736267089844
1769562845.2979314,2727,-98.6877212524414
1769562852.8516135,2728,-86.37006378173828
1769562862.6791115,2729,-90.20814514160156
1769562870.9324274,2730,-68.24287414550781
1769562913.5584676,2731,-55.886009216308594
1769562926.8086486,2732,-62.892127990722656
1769562974.5680482,2733,-116.51734924316406
1769563024.628044,2734,-59.56597900390625
1769563071.2831988,2735,-69.55348205566406
1769563071.4566324,2736,-62.614139556884766
1769563080.3358073,2737,-79.07390594482422
1769563086.3638048,2738,-93.23417663574219
1769563086.5274193,2739,-75.78128051757812
1769563091.14368,2740,-66.6067886352539
1769563095.097522,2741,-62.41142272949219
1769563095.3605416,2742,-62.35816192626953
1769563095.4906971,2743,-80.83605194091797
1769563095.6185806,2744,-69.13141632080078
1769563097.9909158,2745,-78.34196472167969
1769563111.3935385,2746,-71.7853775024414
1769563116.1198225,2747,-75.27620697021484
1769563116.7320926,2748,-75.9842300415039
1769563128.4946024,2749,-68.28680419921875
1769563184.5765417,2750,-96.46925354003906
1769563186.6235538,2751,-58.123348236083984
1769563186.7538009,2752,-91.99625396728516
1769563189.0510967,2753,-68.44429779052734
1769563201.5630562,2754,-64.78433990478516
1769563205.9577494,2755,-87.45396423339844
1769563211.4652143,2756,-66.5822982788086
1769563213.3172252,2757,-74.44329833984375
1769563236.7979352,2758,-79.88410949707031
1769563240.4065094,2759,-65.8817138671875
1769563246.2514296,2760,-70.83108520507812
1769563246.386363,2761,-85.63743591308594
1769563250.3852332,2762,-84.14385986328125
1769563258.2957914,2763,-57.41264343261719
1769563266.131959,2764,-58.1608772277832
1769563269.335101,2765,-87.34395599365234
1769563288.8290744,2766,-70.99453735351562
1769563312.9401302,2767,-67.00458526611328
1769563316.4535558,2768,-71.95887756347656
1769563316.5862784,2769,-75.3468017578125
1769563319.9672265,2770,-65.5147476196289
1769563320.0972743,2771,-86.85538482666016
1769563320.537153,2772,-78.57091522216797
1769563328.930457,2773,-66.69682312011719
1769563363.9802432,2774,-59.02052307128906
1769563369.9089544,2775,-58.804847717285156
1769563381.5749145,2776,-82.26646423339844
1769563385.4086668,2777,-78.33145904541016
1769563388.5878036,2778,-65.05850982666016
1769563427.9629679,2779,-92.36197662353516
1769563433.416601,2780,-70.45452880859375
1769563438.1966789,2781,-82.45220947265625
1769563441.6223683,2782,-83.64794921875
1769563462.9920967,2783,-76.055908203125
1769563465.866682,2784,-74.36602783203125
1769563472.4932053,2785,-79.69786071777344
1769563480.1014125,2786,-82.88017272949219
1769563491.7954817,2787,-81.44476318359375
1769563495.060965,2788,-77.50601196289062
1769563514.0233083,2789,-70.06037902832031
1769563517.2027738,2790,-71.03532409667969
1769563519.5649254,2791,-75.33338928222656
1769563525.6082492,2792,-63.08698272705078
1769563533.9847775,2793,-62.47857666015625
1769563544.7740057,2794,-69.2381591796875
1769563548.1989052,2795,-65.85662078857422
1769563556.9596472,2796,-67.6937484741211
1769579378.9707694,1,0.07353678345680237
1769579400.1463537,2,0.16634786128997803
1769579402.054417,3,0.19891303777694702
1769579404.7525015,4,0.2639300525188446
1769579410.586374,5,0.23693469166755676
1769579426.4396985,6,0.8052377700805664
1769579431.4177215,7,1.1214674711227417
1769579442.066984,8,2.013669729232788
1769579445.420797,9,2.1941986083984375
1769579456.139554,10,3.903327465057373
1769579456.6438468,11,2.7917940616607666
1769579457.7787185,12,4.000844478607178
1769579465.213268,13,4.177111625671387
1769579472.7344227,14,4.516109943389893
1769579477.5623705,15,4.700716018676758
1769579479.186697,16,3.772881031036377
1769579486.0343554,17,4.637087345123291
1769579488.7111619,18,3.4437789916992188
1769579490.9261522,19,5.137840747833252
1769579499.56688,20,5.56119966506958
1769579543.4590979,21,10.609843254089355
1769579549.9906585,22,10.813807487487793
1769579565.145854,23,10.483885765075684
1769579576.0577874,24,9.378999710083008
1769579585.0713925,25,10.262751579284668
1769579586.685219,26,5.919256687164307
1769579590.8353724,27,9.66543960571289
1769579597.7802835,28,9.120094299316406
1769579599.8767648,29,6.9135918617248535
1769579602.545673,30,9.775436401367188
1769579602.6689575,31,4.006557941436768
1769579603.9362783,32,10.271636009216309
1769579616.2373261,33,9.598118782043457
1769579624.073091,34,9.66067886352539
1769579626.0667446,35,10.446883201599121
1769579647.4409134,36,10.393102645874023
1769579653.5158255,37,7.553727626800537
1769579673.770181,38,10.253002166748047
1769579700.0649974,39,8.129383087158203
1769579703.9702466,40,9.530829429626465
1769579704.094198,41,3.092789888381958
1769579705.2880719,42,6.950463771820068
1769579714.033927,43,8.35110092163086
1769579715.8802733,44,4.680845260620117
1769579747.469005,45,7.3724775314331055
1769579754.9494877,46,7.864835739135742
1769579770.6083367,47,8.684139251708984
1769579774.2217152,48,7.649221420288086
1769579785.1664386,49,7.943325996398926
1769579786.7526433,50,6.3133087158203125
1769579790.3324254,51,5.9898552894592285
1769579799.3670933,52,6.065796375274658
1769579808.5739622,53,6.242024898529053
1769579815.0502427,54,4.746995449066162
1769579815.8898032,55,6.375544548034668
1769579820.105976,56,6.898623943328857
1769579823.5615163,57,6.631283760070801
1769579824.5177705,58,1.5711033344268799
1769579828.1963544,59,6.567395210266113
1769579829.2261982,60,6.319880962371826
1769579830.643532,61,6.931179046630859
1769579834.6994033,62,5.947275638580322
1769579837.252269,63,5.929307460784912
1769579837.7311747,64,4.857310771942139
1769579839.4884884,65,3.960251808166504
1769579862.3981938,66,7.829897403717041
1769579862.5396209,67,0.8976096510887146
1769579862.6610734,68,-2.253873348236084
1769579873.6601934,69,14.104692459106445
1769579873.7898304,70,-6.892669677734375
1769579881.1779418,71,6.700194358825684
1769579890.5602808,72,8.410381317138672
1769579893.300127,73,6.071988582611084
1769579895.9837358,74,7.918447494506836
1769579902.6893914,75,7.688180446624756
1769579917.0683308,76,8.157219886779785
1769579918.980862,77,1.2618027925491333
1769579919.104452,78,-6.349679946899414
1769579921.9857495,79,7.381354331970215
1769579922.895599,80,7.453979969024658
1769579924.2003422,81,6.914135456085205
1769579926.237612,82,6.087149620056152
1769579928.9339392,83,3.025855779647827
1769579930.18753,84,0.5469393730163574
1769579938.343926,85,7.357603549957275
1769579949.6719582,86,8.346070289611816
1769579964.0014863,87,7.307161331176758
1769579964.133642,88,2.1546974182128906
1769579967.0119956,89,2.4928653240203857
1769579971.6248646,90,8.072657585144043
1769579978.608321,91,6.8042311668396
1769579989.100213,92,7.303142547607422
1769579990.6940248,93,1.7486999034881592
1769579992.5591717,94,1.3307228088378906
1769579994.6194868,95,3.355803966522217
1769579996.5222983,96,4.30220365524292
1769579996.6462634,97,5.049890995025635
1769580002.6234558,98,6.397716999053955
1769580029.8230126,99,6.5963921546936035
1769580039.9372394,100,4.3719916343688965
1769580041.98432,101,1.311694622039795
1769580044.7345397,102,0.99284827709198
1769580065.8750088,103,4.9287614822387695
1769580066.016599,104,-7.608663082122803
1769580078.9180715,105,5.709461688995361
1769580081.2246363,106,2.765991687774658
1769580082.9882758,107,2.787555456161499
1769580084.7407515,108,4.9257283210754395
1769580084.864433,109,-0.05356353521347046
1769580085.9008455,110,6.041611671447754
1769580086.024718,111,-9.26048469543457
1769580090.6271894,112,4.091928005218506
1769580094.0770838,113,4.634903430938721
1769580103.686799,114,5.501092910766602
1769580110.8105083,115,3.2968368530273438
1769580126.4104137,116,5.686153888702393
1769580127.7245848,117,1.4119436740875244
1769580141.773047,118,5.482441425323486
1769580166.6237545,119,5.30996036529541
1769580170.3149154,120,2.256848096847534
1769580178.1112688,121,4.529034614562988
1769580184.0653822,122,6.38598108291626
1769580184.1940434,123,-13.117341041564941
1769580200.0715096,124,4.880116939544678
1769580213.9181888,125,7.03662109375
1769580214.051868,126,-6.265681266784668
1769580223.0723782,127,4.8422675132751465
1769580231.9809716,128,4.978590965270996
1769580238.4063952,129,5.56842041015625
1769580238.5318296,130,-5.097321510314941
1769580241.0241773,131,4.693097114562988
1769580246.5426307,132,7.229483127593994
1769580246.6663792,133,-4.93162727355957
1769580254.432878,134,6.223714828491211
1769580260.901939,135,7.1454057693481445
1769580262.339833,136,6.293952941894531
1769580271.0507848,137,5.871842861175537
1769580276.2502553,138,4.229980945587158
1769580307.1008594,139,7.593132495880127
1769580308.3687165,140,5.349485397338867
1769580315.48823,141,6.043088912963867
1769580317.2450755,142,4.727286338806152
1769580325.1895535,143,8.113012313842773
1769580348.1633906,144,3.5679116249084473
1769580359.5656903,145,5.742472171783447
1769580376.130042,146,9.01490592956543
1769580381.892013,147,6.648204803466797
1769580384.545422,148,4.93283748626709
1769580385.9599824,149,1.258950114250183
1769580395.249938,150,6.386578559875488
1769580401.6135561,151,8.348005294799805
1769580421.2269316,152,9.946617126464844
1769580423.1648374,153,5.286068916320801
1769580426.2240193,154,10.525028228759766
1769580431.4594412,155,8.776752471923828
1769580431.8284528,156,4.474132061004639
1769580434.9455564,157,7.931485652923584
1769580437.0290394,158,8.8334379196167
1769580450.2799785,159,6.372206687927246
1769580452.9721487,160,11.249627113342285
1769580456.8635488,161,5.937998294830322
1769580466.6949813,162,9.586466789245605
1769580469.9820182,163,8.03980827331543
1769580599.933595,164,11.65347957611084
1769580600.3973992,165,0.7959111928939819
1769580613.2591548,166,11.187670707702637
1769580614.5077975,167,12.335722923278809
1769580623.9789715,168,6.809216022491455
1769580626.3533213,169,11.132251739501953
1769580626.4769692,170,-26.61707878112793
1769580629.1455426,171,6.37753438949585
1769580630.4158618,172,1.209490418434143
1769580630.5381312,173,-5.8008599281311035
1769580633.3410254,174,-1.7343709468841553
1769580640.2002532,175,10.394265174865723
1769580647.1876101,176,10.203861236572266
1769580660.1751318,177,-0.38271647691726685
1769580663.069909,178,9.750181198120117
1769580663.1953676,179,-13.762595176696777
1769580671.2712898,180,11.225995063781738
1769580680.0896318,181,10.606880187988281
1769580683.015886,182,9.858040809631348
1769580703.3649528,183,11.418802261352539
1769580710.029158,184,11.19015884399414
1769580767.4441488,185,11.495135307312012
1769580769.021193,186,8.991352081298828
1769580772.359987,187,7.598835468292236
1769580784.2357738,188,9.670989990234375
1769580788.7288334,189,4.56406831741333
1769580799.964496,190,10.405487060546875
1769580803.8976843,191,0.38301923871040344
1769580809.9489896,192,9.010897636413574
1769580818.536256,193,8.881091117858887
1769580820.0403893,194,3.7261011600494385
1769580826.0941565,195,8.654390335083008
1769580827.3983946,196,3.36776065826416
1769580836.5058048,197,7.870396614074707
1769580843.123189,198,6.232685089111328
1769580847.739334,199,7.112574577331543
1769580852.89483,200,8.512214660644531
1769580886.343893,201,9.755082130432129
1769580889.2631507,202,2.9107542037963867
1769580889.3863373,203,-17.58393096923828
1769580904.5722039,204,7.394104957580566
1769580913.4898086,205,4.036360740661621
1769580916.9083297,206,2.8410744667053223
1769580921.246889,207,8.279967308044434
1769580922.5927675,208,1.9527411460876465
1769580924.2400572,209,-4.12831449508667
1769580927.4667256,210,3.9864087104797363
1769580934.286125,211,9.60538387298584
1769580940.1074684,212,4.213303089141846
1769580949.3534272,213,7.7660040855407715
1769580955.5601413,214,9.502171516418457
1769580955.6858237,215,3.9878602027893066
1769580956.9598708,216,9.61292552947998
1769580973.4155996,217,8.158599853515625
1769580993.4776402,218,6.332879543304443
1769581000.0266223,219,8.001960754394531
1769581043.4049826,220,10.19482707977295
1769581048.2868764,221,3.091728687286377
1769581050.1907701,222,-0.58114093542099
1769581051.9375403,223,-5.8056864738464355
1769581060.3925714,224,7.414726257324219
1769581060.521666,225,-30.417802810668945
1769581069.871187,226,1.4952236413955688
1769581071.150903,227,-1.6161562204360962
1769581071.2721465,228,-15.021368026733398
1769581076.5733368,229,7.597428798675537
1769581080.1692681,230,0.40814998745918274
1769581080.837122,231,-12.34542465209961
1769581082.2162418,232,-0.10093212127685547
1769581085.7279181,233,2.9162793159484863
1769581089.3473744,234,7.63069486618042
1769581094.2502344,235,4.888692855834961
1769581097.9605,236,0.11398226022720337
1769581100.3965104,237,7.141870975494385
1769581180.3994186,238,7.136427402496338
1769581180.5764623,239,-14.2554292678833
1769581191.7926145,240,4.933852195739746
1769581195.7178667,241,0.23623988032341003
1769581202.174442,242,4.73777437210083
1769581202.3049648,243,-28.118295669555664
1769581215.9567237,244,6.802320957183838
1769581238.9476607,245,6.803091049194336
1769581241.2793372,246,4.024842739105225
1769581242.9269164,247,-0.03684130311012268
1769581243.8761618,248,0.5686359405517578
1769581249.7032006,249,8.28250789642334
1769581249.8295517,250,-36.23781967163086
1769581256.8835597,251,3.5664069652557373
1769581261.0734136,252,10.221050262451172
1769581267.833246,253,8.94912338256836
1769581290.5236294,254,7.735127925872803
1769581316.8047426,255,7.123847007751465
1769581334.601202,256,3.476048707962036
1769581354.6263258,257,9.784937858581543
1769581359.6885357,258,3.2418253421783447
1769581391.7738137,259,9.480330467224121
1769581397.3111463,260,3.663010358810425
1769581397.5960314,261,0.5959157943725586
1769581408.6166842,262,9.210634231567383
1769581417.0182052,263,10.189326286315918
1769581419.8908231,264,3.617600202560425
1769581424.0635855,265,6.805408000946045
1769581425.314987,266,8.263903617858887
1769581438.2794225,267,8.276409149169922
1769581440.002858,268,3.3341283798217773
1769581459.4686244,269,6.649662971496582
1769581461.1201427,270,-1.4991447925567627
1769581461.3645816,271,4.927889823913574
1769581464.9000118,272,0.02164521813392639
1769581468.7221074,273,9.11090087890625
1769581469.7908041,274,-0.41767290234565735
1769581469.9194775,275,-40.68919372558594
1769581470.462458,276,-16.721603393554688
1769581480.4891486,277,8.04788589477539
1769581484.8039334,278,8.812402725219727
1769581510.1215396,279,8.295598983764648
1769581514.3160996,280,4.6833343505859375
1769581514.7325556,281,-7.9394850730896
1769581523.707782,282,7.60298490524292
1769581539.7508235,283,5.261200428009033
1769581581.4187064,284,12.846938133239746
1769581588.111716,285,12.310742378234863
1769581600.864885,286,13.129511833190918
1769581608.4298792,287,6.874124050140381
1769581633.9825587,288,0.9533171653747559
1769581635.4577515,289,10.794732093811035
1769581642.251686,290,11.707237243652344
1769581652.4144616,291,6.508020877838135
1769581654.7379427,292,-1.8037161827087402
1769581685.3452837,293,14.289724349975586
1769581687.4890888,294,-6.050312519073486
1769581692.7092307,295,11.392315864562988
1769581700.2059019,296,11.325178146362305
1769581704.6271222,297,4.814828395843506
1769581710.732766,298,3.8663113117218018
1769581714.604579,299,11.732117652893066
1769581719.5141833,300,15.026101112365723
1769581724.526055,301,3.958329200744629
1769581727.6894162,302,12.134668350219727
1769581727.8104565,303,-32.372520446777344
1769581729.2825854,304,-3.516714334487915
1769581730.7796428,305,9.98206901550293
1769581741.3796756,306,16.591489791870117
1769581744.3679307,307,-0.6723623275756836
1769581746.7923472,308,-2.0261242389678955
1769581753.2944,309,0.9073391556739807
1769581755.587639,310,1.6189066171646118
1769581760.1304626,311,14.835533142089844
1769581769.3868446,312,14.558202743530273
1769581773.1316917,313,-1.187547206878662
1769581786.378997,314,3.8976595401763916
1769581791.248523,315,12.468719482421875
1769581792.3347595,316,8.57309627532959
1769581794.1709404,317,11.297969818115234
1769581809.3137093,318,15.14113712310791
1769581814.630076,319,2.6642627716064453
1769581823.7223136,320,4.987210273742676
1769581825.8342407,321,13.150667190551758
1769581825.9573367,322,-32.92496109008789
1769581826.8549604,323,-1.6972782611846924
1769581828.354351,324,1.5823293924331665
1769581836.403916,325,2.7486724853515625
1769581838.28148,326,14.957058906555176
1769581840.9947634,327,0.2591050863265991
1769581848.6666243,328,12.064661979675293
1769581853.0620883,329,-10.054530143737793
1769581856.8513722,330,6.67729377746582
1769581861.2287128,331,15.13085651397705
1769581909.9810867,332,19.06043243408203
1769581928.2094195,333,16.659603118896484
1769581928.9371827,334,-0.7184449434280396
1769581931.338811,335,13.530389785766602
1769581949.5538416,336,-3.737471342086792
1769581953.19297,337,13.810893058776855
1769581961.135181,338,18.416851043701172
1769581971.8851533,339,19.283370971679688
1769581999.4916017,340,16.195131301879883
1769582001.2866952,341,-9.235901832580566
1769582010.6984766,342,7.9920525550842285
1769582015.8411415,343,4.684404373168945
1769582018.432984,344,21.504587173461914
1769582019.3019605,345,-29.07233428955078
1769582021.5083098,346,15.36970043182373
1769582022.6346781,347,-12.693315505981445
1769582022.7550642,348,-4.789347171783447
1769582031.7601078,349,6.086772441864014
1769582049.4797106,350,18.243593215942383
1769582050.565477,351,-17.880891799926758
1769582053.582401,352,5.026066780090332
1769582055.1755059,353,16.53145980834961
1769582056.2407732,354,12.320290565490723
1769582077.8445916,355,19.937183380126953
1769582087.9437027,356,16.890413284301758
1769582093.2480805,357,15.878125190734863
1769582123.495516,358,23.91278648376465
1769582125.5037477,359,13.244765281677246
1769582134.8782372,360,7.744375228881836
1769582141.7038002,361,7.830915451049805
1769582145.61316,362,0.8504449725151062
1769582154.5887032,363,21.54599380493164
1769582165.6908648,364,17.660486221313477
1769582182.2487798,365,23.409265518188477
1769582187.7139597,366,23.0786190032959
1769582187.8739555,367,-64.94307708740234
1769582192.846914,368,17.55862808227539
1769582193.4598162,369,6.877771377563477
1769582196.4746993,370,8.013954162597656
1769582226.6966984,371,22.720468521118164
1769582228.2938414,372,1.2373796701431274
1769582234.0421317,373,24.896255493164062
1769582234.1732512,374,-58.102359771728516
1769582243.8395445,375,24.815526962280273
1769582262.3745465,376,26.007675170898438
1769582281.5758133,377,15.053407669067383
1769582290.8034146,378,28.85959243774414
1769582293.7756047,379,13.149389266967773
1769582295.7792022,380,-10.509556770324707
1769582297.288503,381,10.786396980285645
1769582297.777254,382,-4.059502601623535
1769582298.4471629,383,0.4708668887615204
1769582301.2906961,384,15.451681137084961
1769582311.7227452,385,15.304969787597656
1769582314.394397,386,11.732794761657715
1769582316.4870594,387,-0.11415794491767883
1769582318.1379952,388,7.368807792663574
1769582332.787713,389,29.506351470947266
1769582340.0680382,390,26.495601654052734
1769582357.393606,391,24.680795669555664
1769582358.152359,392,-1.9733402729034424
1769582366.5680864,393,31.91277313232422
1769582421.2485094,394,28.804567337036133
1769582428.3174787,395,24.721004486083984
1769582440.0281522,396,25.151729583740234
1769582441.3497596,397,4.098453044891357
1769582446.736885,398,22.1828556060791
1769582446.8632693,399,-64.91098022460938
1769582456.7134383,400,22.83034896850586
1769582472.387238,401,29.98675537109375
1769582476.54275,402,27.68567657470703
1769582476.6727293,403,-36.86573028564453
1769582490.918428,404,28.105709075927734
1769582498.5044978,405,30.322261810302734
1769582506.8442118,406,24.609600067138672
1769582510.8487117,407,15.620943069458008
1769582514.1487713,408,22.399658203125
1769582521.9644346,409,28.86065673828125
1769582533.9610934,410,32.84729766845703
1769582542.3563726,411,11.57052993774414
1769582543.8692672,412,1.2357856035232544
1769582545.924656,413,17.72478485107422
1769582547.2019184,414,3.9388246536254883
1769582548.999833,415,24.10500144958496
1769582554.6430767,416,13.349781036376953
1769582556.9662757,417,33.871280670166016
1769582566.4669704,418,17.555633544921875
1769582569.6623285,419,29.068565368652344
1769582573.4194963,420,26.028520584106445
1769582574.8228526,421,6.496741771697998
1769582592.8034859,422,30.040082931518555
1769582597.1632159,423,34.28982925415039
1769582625.5250537,424,32.25288391113281
1769582627.0773654,425,36.23611068725586
1769582636.475192,426,24.759906768798828
1769582639.334717,427,21.970022201538086
1769582642.3672702,428,32.37636947631836
1769582646.9612677,429,33.579345703125
1769582650.779983,430,20.475751876831055
1769582653.9837604,431,11.391621589660645
1769582655.8278406,432,7.547779083251953
1769582666.192739,433,37.4831428527832
1769582681.9026816,434,20.68730354309082
1769582685.7298431,435,19.380170822143555
1769582703.7253947,436,38.036991119384766
1769582706.0474024,437,-7.416069030761719
1769582712.6397939,438,28.955270767211914
1769582721.7065814,439,39.19966125488281
1769582730.7310512,440,13.727368354797363
1769582732.7381809,441,-6.583372592926025
1769582735.5010622,442,15.071019172668457
1769582737.279656,443,22.482702255249023
1769582739.6503322,444,10.512406349182129
1769582740.4541523,445,14.059269905090332
1769582746.2133255,446,35.11432647705078
1769582756.8784409,447,39.71302032470703
1769582762.688961,448,10.341174125671387
1769582764.753117,449,16.741981506347656
1769582769.4537463,450,14.937792778015137
1769582773.3304026,451,36.1586799621582
1769582776.638456,452,36.831565856933594
1769582778.0189233,453,40.84097671508789
1769582780.0996716,454,37.170799255371094
1769582788.4316444,455,39.627620697021484
1769582795.8519955,456,31.548206329345703
1769582817.5230975,457,42.82604217529297
1769582826.5886772,458,41.61545181274414
1769582828.2361848,459,9.029250144958496
1769582837.1229737,460,41.75555419921875
1769582837.2516694,461,-49.78703689575195
1769582838.6636941,462,15.419646263122559
1769582838.7890778,463,-1.261672854423523
1769582846.1487668,464,39.94245529174805
1769582852.807022,465,45.14525604248047
1769582854.9840496,466,21.436912536621094
1769582857.3910356,467,26.65558624267578
1769582865.4145246,468,33.46180725097656
1769582870.0975204,469,45.74789047241211
1769582881.5538635,470,47.29436492919922
1769582881.6939552,471,-4.249054908752441
1769582889.4425938,472,38.88591384887695
1769582902.31,473,43.74269485473633
1769582917.9150257,474,14.876702308654785
1769582918.046605,475,-73.41331481933594
1769582918.817178,476,14.650215148925781
1769582922.4141972,477,12.806090354919434
1769582924.7720335,478,9.875853538513184
1769582932.198808,479,16.320253372192383
1769582937.7959795,480,43.514625549316406
1769582944.5804842,481,27.618757247924805
1769582946.3336291,482,18.844417572021484
1769582948.8475559,483,14.751633644104004
1769582952.5778956,484,-0.7428267002105713
1769582958.1929095,485,46.853736877441406
1769582988.6420226,486,46.4980354309082
1769582995.0880325,487,42.8845329284668
1769583001.91922,488,19.29542350769043
1769583009.2528696,489,27.616044998168945
1769583014.4180079,490,37.139991760253906
1769583014.5788236,491,-70.5958023071289
1769583046.8436503,492,44.84415817260742
1769583060.047821,493,40.90958786010742
1769583065.7600005,494,18.94031524658203
1769583065.8888311,495,-58.21136474609375
1769583075.473691,496,18.887733459472656
1769583075.6128304,497,34.68098831176758
1769583077.101771,498,26.460411071777344
1769583085.6155355,499,28.641555786132812
1769583091.0129538,500,15.358745574951172
1769583098.6365154,501,26.286958694458008
1769583104.5514145,502,40.90811538696289
1769583120.7399812,503,34.33008575439453
1769583123.45524,504,12.97790813446045
1769583127.1713352,505,8.82681655883789
1769583129.6351597,506,-4.26237154006958
1769583135.7137136,507,7.867492198944092
1769583138.6292467,508,35.7724494934082
1769583168.6086984,509,36.474395751953125
1769583174.617119,510,13.795947074890137
1769583181.359991,511,23.731731414794922
1769583184.7468054,512,24.777252197265625
1769583188.9797494,513,10.17027473449707
1769583198.517841,514,40.02857971191406
1769583201.7867558,515,32.40288543701172
1769583206.598263,516,19.73927116394043
1769583208.5088365,517,40.90558624267578
1769583211.0423205,518,41.769012451171875
1769583212.4566464,519,11.213827133178711
1769583232.034301,520,8.82264232635498
1769583234.0419912,521,6.900900840759277
1769583239.537256,522,35.87212371826172
1769583262.956229,523,41.223018646240234
1769583270.7707384,524,23.44338035583496
1769583272.4614515,525,10.754780769348145
1769583287.6796155,526,36.46195983886719
1769583287.841125,527,-57.82673645019531
1769583305.6385887,528,43.35722732543945
1769583313.9662712,529,24.44179344177246
1769583315.2647238,530,-16.241600036621094
1769583318.2354126,531,43.99183654785156
1769583326.3503764,532,40.506591796875
1769583344.1227932,533,34.786319732666016
1769583355.240772,534,40.94765853881836
1769583355.3742418,535,-101.41930389404297
1769583357.5176992,536,1.0466138124465942
1769583363.2479403,537,12.75119686126709
1769583367.8382292,538,8.00478744506836
1769583372.159688,539,18.279653549194336
1769583396.435314,540,45.04469680786133
1769583397.0559833,541,-14.258238792419434
1769583406.3665366,542,44.744808197021484
1769583409.4025052,543,31.464330673217773
1769583411.3608458,544,6.079034328460693
1769583411.4891818,545,-41.55530548095703
1769583425.737305,546,43.89594268798828
1769583426.6254675,547,8.348692893981934
1769583446.8353336,548,28.93628692626953
1769583455.2017565,549,50.81978988647461
1769583459.0663304,550,30.23335838317871
1769583465.2265666,551,4.980278491973877
1769583467.2089808,552,19.884885787963867
1769583468.3207312,553,30.4985294342041
1769583474.851949,554,29.018993377685547
1769583476.5927958,555,28.328895568847656
1769583478.6436794,556,21.003158569335938
1769583480.5297663,557,16.365026473999023
1769583487.6562097,558,21.203685760498047
1769583487.7854812,559,-59.430938720703125
1769583488.775271,560,-19.993675231933594
1769583490.9257054,561,15.309991836547852
1769583493.3317342,562,20.992591857910156
1769583497.275577,563,19.28470802307129
1769583503.29591,564,34.023719787597656
1769583503.8912203,565,23.596765518188477
1769583511.1139886,566,51.03739929199219
1769583512.3292227,567,-16.04312515258789
1769583517.0658844,568,39.2243537902832
1769583522.406544,569,19.865476608276367
1769583524.7194238,570,23.14570426940918
1769583536.103498,571,47.39005661010742
1769583536.7240808,572,-64.19107818603516
1769583539.598961,573,4.825038909912109
1769583558.6982865,574,5.084638595581055
1769583558.822408,575,-97.13056182861328
1769583559.9343607,576,17.57662582397461
1769583564.3088822,577,28.275535583496094
1769583570.0594134,578,32.19353485107422
1769583570.1861608,579,-42.625144958496094
1769583583.0441005,580,29.182388305664062
1769583607.8998473,581,55.01853561401367
1769583610.2705286,582,3.099592924118042
1769583630.8497968,583,42.26885986328125
1769583633.3729324,584,24.212932586669922
1769583635.4397004,585,27.48453140258789
1769583640.1543393,586,35.65158462524414
1769583645.6154573,587,44.320831298828125
1769583647.8748994,588,27.701007843017578
1769583653.6544156,589,18.791122436523438
1769583656.6141453,590,20.80948257446289
1769583669.7948916,591,42.624359130859375
1769583671.4736648,592,37.013267517089844
1769583679.7522504,593,20.267642974853516
1769583690.112504,594,18.531749725341797
1769583694.6341405,595,50.288761138916016
1769583698.0367923,596,8.395346641540527
1769583714.123576,597,29.303665161132812
1769583735.1759863,598,23.04381561279297
1769583747.4561076,599,43.29803466796875
1769583750.5230372,600,0.5236549973487854
1769583758.208184,601,12.46676254272461
1769583759.373131,602,7.550074577331543
1769583760.2685783,603,-70.49226379394531
1769583789.6395688,604,43.213600158691406
1769583793.6579142,605,28.8114070892334
1769583824.6956577,606,45.30038070678711
1769583873.1778638,607,62.457393646240234
1769583894.675592,608,24.06512451171875
1769583902.1517646,609,19.17592430114746
1769583923.2292202,610,67.91590118408203
1769583924.0348628,611,-33.01092529296875
1769583925.2578473,612,-0.3972824215888977
1769583949.2517269,613,53.2681999206543
1769583954.8190584,614,56.67646789550781
1769583954.946778,615,-30.25450897216797
1769583955.4999452,616,-63.2292594909668
1769583955.8749807,617,-57.40536880493164
1769583958.0247936,618,-11.546991348266602
1769583963.7706475,619,35.515689849853516
1769583968.9076538,620,30.28809356689453
1769583981.3157666,621,28.12691307067871
1769584001.1306865,622,46.82404327392578
1769584004.15379,623,14.799382209777832
1769584004.9548545,624,-34.71723175048828
1769584008.0310657,625,3.7570290565490723
1769584008.6603734,626,-27.874309539794922
1769584015.7083046,627,31.315460205078125
1769584015.842336,628,-79.07335662841797
1769584024.1754296,629,73.75326538085938
1769584030.0555203,630,42.44205093383789
1769584031.0076106,631,1.089437484741211
1769584035.4868782,632,31.53563117980957
1769584052.9087944,633,74.2295150756836
1769584054.3129354,634,11.202868461608887
1769584055.1633368,635,72.34192657470703
1769584056.4341242,636,32.573341369628906
1769584060.2307587,637,20.413719177246094
1769584061.050998,638,50.349056243896484
1769584073.7594159,639,36.158233642578125
1769584076.008838,640,26.50261688232422
1769584080.5949206,641,24.988962173461914
1769584091.1514237,642,40.531558990478516
1769584093.3892624,643,70.0558090209961
1769584102.1142352,644,75.35682678222656
1769584106.3481426,645,12.21230411529541
1769584109.5038939,646,35.41769027709961
1769584110.3012345,647,1.5674563646316528
1769584112.99323,648,30.01434326171875
1769584113.1219394,649,-107.3600845336914
1769584118.952942,650,39.6534423828125
1769584127.5073638,651,40.94155502319336
1769584128.8976161,652,-31.406349182128906
1769584134.0032878,653,50.351436614990234
1769584139.3031468,654,33.684661865234375
1769584144.196929,655,47.43034362792969
1769584146.8527555,656,46.647621154785156
1769584149.526979,657,48.32085418701172
1769584171.7137368,658,64.27230834960938
1769584184.6835308,659,65.11217498779297
1769584206.362131,660,22.97892189025879
1769584208.1756642,661,25.928241729736328
1769584211.7858768,662,43.99644088745117
1769584213.8188818,663,35.94404983520508
1769584215.4564664,664,44.084144592285156
1769584217.5673952,665,41.70392990112305
1769584240.0836444,666,63.29271697998047
1769584250.151287,667,44.44371795654297
1769584250.4028597,668,8.619629859924316
1769584251.4234447,669,-51.652870178222656
1769584256.5899227,670,40.26877212524414
1769584258.7883868,671,28.72144317626953
1769584272.349917,672,58.91522216796875
1769584288.5767634,673,67.32501220703125
1769584294.1723223,674,47.19813919067383
1769584302.4987743,675,78.93291473388672
1769584306.822641,676,26.92285919189453
1769584308.6183472,677,31.86791229248047
1769584309.5304089,678,65.35076904296875
1769584311.0588534,679,-5.245992660522461
1769584315.8429923,680,50.1131477355957
1769584318.9935853,681,89.41831970214844
1769584324.8167393,682,58.36487579345703
1769584351.3741856,683,71.2685317993164
1769584368.5130565,684,51.59745407104492
1769584370.6275032,685,66.56126403808594
1769584372.842153,686,41.89524459838867
1769584373.995409,687,29.923145294189453
1769584382.1560857,688,45.19740295410156
1769584396.9956248,689,49.840858459472656
1769584398.9824562,690,27.390512466430664
1769584414.7504804,691,64.3125228881836
1769584418.6668534,692,60.40601348876953
1769584421.5724363,693,39.01640319824219
1769584424.042811,694,5.172369956970215
1769584425.5646856,695,71.2332763671875
1769584438.9437106,696,69.54954528808594
1769584442.848406,697,41.96232604980469
1769584448.5567112,698,54.89344024658203
1769584459.8696272,699,89.55615997314453
1769584460.2373612,700,-23.148662567138672
1769584491.9183838,701,79.54204559326172
1769584512.5189254,702,79.70531463623047
1769584539.0360882,703,53.088016510009766
1769584540.3168457,704,25.217876434326172
1769584540.445148,705,-47.92325210571289
1769584541.9562833,706,51.716796875
1769584543.978702,707,7.3675994873046875
1769584547.4271579,708,65.59806823730469
1769584552.2428534,709,69.73639678955078
1769584558.6657267,710,44.478179931640625
1769584559.7087033,711,44.62910079956055
1769584561.5004182,712,44.65693664550781
1769584566.5969956,713,47.68718338012695
1769584566.727086,714,26.028234481811523
1769584574.8741958,715,70.20677947998047
1769584576.8709204,716,29.91608238220215
1769584577.233882,717,-2.56158185005188
1769584580.9335291,718,63.258506774902344
1769584586.8215196,719,71.02352905273438
1769584588.0924265,720,1.0110200643539429
1769584590.461923,721,47.82011413574219
1769584597.017432,722,39.46012496948242
1769584598.7044122,723,41.614009857177734
1769584601.5824165,724,35.63713455200195
1769584601.7058687,725,-59.167293548583984
1769584604.3870296,726,36.61710739135742
1769584614.713927,727,95.37177276611328
1769584614.8494196,728,14.831716537475586
1769584615.469718,729,16.683088302612305
1769584619.662546,730,95.72540283203125
1769584632.5248544,731,96.03324890136719
1769584634.7351503,732,61.520118713378906
1769584641.8552756,733,87.52615356445312
1769584655.6312892,734,87.35991668701172
1769584664.9695685,735,99.59759521484375
1769584667.8717577,736,57.276611328125
1769584728.870344,737,79.82968139648438
1769584739.4282682,738,85.31657409667969
1769584741.3123403,739,59.428855895996094
1769584751.5244045,740,74.0298843383789
1769584761.5137086,741,79.45764923095703
1769584763.557269,742,49.93317794799805
1769584768.1355152,743,72.040283203125
1769584768.2592342,744,-34.69475555419922
1769584771.5151887,745,39.24508285522461
1769584786.9444385,746,75.02144622802734
1769584788.1311965,747,59.21064758300781
1769584834.6953478,748,84.65809631347656
1769584845.3962097,749,55.19642639160156
1769584867.6003156,750,17.721071243286133
1769584876.5778086,751,73.1261978149414
1769584877.6033475,752,17.85135841369629
1769584883.4218674,753,62.09474182128906
1769584891.1710794,754,77.54196166992188
1769584894.066417,755,61.267608642578125
1769584901.6717522,756,61.9410285949707
1769584906.4339771,757,68.76518249511719
1769584906.5637197,758,-106.06373596191406
1769584915.9393582,759,71.1126937866211
1769584917.766014,760,24.34701156616211
1769584921.7442482,761,87.8709716796875
1769584921.8670826,762,-103.74964904785156
1769584923.3685155,763,109.86974334716797
1769584931.040753,764,77.51002502441406
1769584934.0029993,765,28.437562942504883
1769584940.2567074,766,59.94382858276367
1769584942.618228,767,85.6124496459961
1769584950.4285722,768,79.29788208007812
1769584956.17383,769,78.21917724609375
1769584970.375412,770,90.65798950195312
1769584976.5188684,771,91.2677230834961
1769584991.445804,772,115.65472412109375
1769584991.712372,773,32.59013748168945
1769584999.8668594,774,88.28486633300781
1769585002.6649745,775,44.098487854003906
1769585008.8710163,776,81.29729461669922
1769585011.5006225,777,42.9272346496582
1769585014.1934903,778,77.68540954589844
1769585014.3172314,779,-52.081974029541016
1769585017.6332116,780,37.70773696899414
1769585028.6412594,781,78.07383728027344
1769585040.9043257,782,65.9487075805664
1769585041.0375116,783,-109.2214584350586
1769585043.4415805,784,32.75321578979492
1769585055.2974825,785,90.7184829711914
1769585057.604957,786,33.697486877441406
1769585057.7295613,787,-26.873247146606445
1769585064.7415493,788,67.90665435791016
1769585069.1804051,789,86.12580108642578
1769585083.3624785,790,117.4876480102539
1769585085.3729124,791,51.99242401123047
1769585086.9886534,792,54.66998291015625
1769585097.843941,793,116.02213287353516
1769585110.7022607,794,104.0391616821289
1769585111.4879794,795,7.805542469024658
1769585114.1209612,796,54.3110237121582
1769585118.6297123,797,39.87677001953125
1769585120.7199028,798,37.26415252685547
1769585124.1957307,799,45.799285888671875
1769585126.2768385,800,102.00267791748047
1769585126.401566,801,-68.09109497070312
1769585128.3817918,802,32.44967269897461
1769585137.1202168,803,65.39646911621094
1769585146.6558685,804,73.9433364868164
1769585164.0466175,805,79.69522857666016
1769585166.3562064,806,88.2999038696289
1769585175.1722162,807,80.01644897460938
1769585191.1119134,808,17.821496963500977
1769585192.8454406,809,40.423641204833984
1769585192.9668727,810,-103.38644409179688
1769585209.2830467,811,66.2900390625
1769585212.8439975,812,70.48945617675781
1769585216.19493,813,72.92774963378906
1769585218.751461,814,54.4031982421875
1769585219.2483943,815,-44.91678237915039
1769585221.5572035,816,80.87138366699219
1769585223.5484369,817,42.39414978027344
1769585225.2089057,818,27.1960391998291
1769585263.164319,819,101.7246322631836
1769585266.6664307,820,81.6258544921875
1769585275.78928,821,76.89702606201172
1769585281.8852115,822,65.03052520751953
1769585284.7645977,823,47.15520095825195
1769585290.2458837,824,61.1317138671875
1769585292.0165796,825,54.420684814453125
1769585308.1115255,826,67.78964233398438
1769585309.195998,827,62.50087356567383
1769585309.556838,828,-72.29052734375
1769585311.7631266,829,43.40336227416992
1769585318.835582,830,79.12161254882812
1769585330.2041414,831,72.0623550415039
1769585334.4123027,832,76.00477600097656
1769585347.7861736,833,74.85562896728516
1769585360.4290395,834,75.52742004394531
1769585360.5608318,835,-106.26652526855469
1769585365.9276228,836,84.875244140625
1769585371.3136425,837,59.55573654174805
1769585374.4915323,838,39.16313934326172
1769585380.6847541,839,42.57205581665039
1769585386.4824705,840,48.94035720825195
1769585386.620135,841,-104.52754211425781
1769585386.7497308,842,37.58091735839844
1769585395.9626231,843,87.56936645507812
1769585407.2985303,844,60.27019500732422
1769585410.092402,845,80.014892578125
1769585413.6191351,846,64.25170135498047
1769585415.2678902,847,37.20750427246094
1769585426.8091981,848,64.27944946289062
1769585427.8080742,849,15.41999340057373
1769585430.8546622,850,34.98121643066406
1769585432.6335618,851,75.66997528076172
1769585435.8047488,852,31.32375717163086
1769585435.9324777,853,-105.08251953125
1769585446.3681548,854,78.84867858886719
1769585446.499321,855,-110.3987808227539
1769585450.010105,856,43.878387451171875
1769585458.7178974,857,53.989471435546875
1769585459.8941052,858,42.5613899230957
1769585462.0295184,859,18.83664894104004
1769585637.949743,860,125.84161376953125
1769585659.887357,861,29.486591339111328
1769585681.8620756,862,113.94296264648438
1769585685.42225,863,66.0479965209961
1769585691.1026778,864,47.33262252807617
1769585692.5792215,865,50.62237548828125
1769585705.3128853,866,81.60602569580078
1769585710.4387047,867,36.78639602661133
1769585720.3894265,868,77.01470947265625
1769585738.1165166,869,112.00051879882812
1769585740.2057502,870,59.99152755737305
1769585745.3857093,871,69.75188446044922
1769585746.1159508,872,-10.95974349975586
1769585747.8774054,873,31.272296905517578
1769585752.4453583,874,40.116241455078125
1769585758.3783596,875,80.22856140136719
1769585758.5333655,876,-74.94967651367188
1769585775.977167,877,60.28114318847656
1769585780.908149,878,80.4974365234375
1769585784.4586003,879,80.58935546875
1769585786.3326,880,56.9953498840332
1769585791.280621,881,38.465065002441406
1769585792.9377367,882,24.988433837890625
1769585796.8976064,883,60.21586227416992
1769585802.747236,884,78.58421325683594
1769585806.5772884,885,74.80145263671875
1769585808.0632207,886,81.46956634521484
1769585813.0549183,887,52.716651916503906
1769585817.9826431,888,117.76973724365234
1769585819.9348109,889,27.73688507080078
1769585822.4044127,890,31.431791305541992
1769585824.16496,891,86.40337371826172
1769585829.0696964,892,68.86917114257812
1769585873.6088305,893,119.94719696044922
1769585874.6707046,894,72.56127166748047
1769585874.7915606,895,-106.57274627685547
1769585876.990841,896,32.79019546508789
1769585884.2552145,897,86.28902435302734
1769585894.9499736,898,87.78793334960938
1769585895.0808752,899,-111.1441650390625
1769585895.202698,900,-107.2332534790039
1769585896.619755,901,37.77301025390625
1769585903.6860683,902,79.89347839355469
1769585905.3710308,903,27.812959671020508
1769585905.5021262,904,-54.175750732421875
1769585908.803867,905,41.4937629699707
1769585926.5257902,906,134.72938537597656
1769585934.777798,907,94.03266906738281
1769585939.1684744,908,80.80699920654297
1769585941.3239174,909,42.322547912597656
1769585943.9035895,910,74.05450439453125
1769585949.10775,911,71.55911254882812
1769585950.1609087,912,57.28848648071289
1769585968.480296,913,96.18708038330078
1769585973.0999374,914,83.08521270751953
1769585982.1072583,915,93.08995056152344
1769585987.7468903,916,80.53623962402344
1769586003.9824688,917,90.21891021728516
1769586016.1256473,918,88.810302734375
1769586028.8411038,919,95.40681457519531
1769586029.5742455,920,27.5006160736084
1769586037.5772297,921,136.07858276367188
1769586054.8474345,922,88.34213256835938
1769586066.0318036,923,76.72467803955078
1769586070.214043,924,120.41898345947266
1769586071.411264,925,-6.013082027435303
1769586072.6130636,926,29.5743465423584
1769586079.0988975,927,30.077655792236328
1769586083.4514842,928,88.42916107177734
1769586091.1811764,929,121.46387481689453
1769586097.4864697,930,78.59695434570312
1769586100.899593,931,68.44739532470703
1769586102.993004,932,36.41123962402344
1769586112.2272677,933,94.18006134033203
1769586117.6058493,934,48.03574752807617
1769586119.6804042,935,34.27937698364258
1769586124.3631854,936,59.049129486083984
1769586125.0978498,937,51.06382751464844
1769586134.5806813,938,106.7948226928711
1769586140.8786068,939,94.28600311279297
1769586148.54234,940,61.85022735595703
1769586155.0584822,941,89.97551727294922
1769586155.364878,942,16.955320358276367
1769586158.0915828,943,75.03101348876953
1769586160.2054455,944,85.89169311523438
1769586163.8141716,945,85.86099243164062
1769586168.7662222,946,42.22098159790039
1769586177.0612297,947,109.48995208740234
1769586198.7665238,948,76.37528228759766
1769586201.3874576,949,79.92670440673828
1769586206.3106415,950,92.13554382324219
1769586211.0033443,951,76.0248794555664
1769586225.9383523,952,93.03732299804688
1769586228.348677,953,-40.87122344970703
1769586228.4802804,954,-112.15110778808594
1769586237.832241,955,68.34920501708984
1769586245.9058352,956,96.39775848388672
1769586246.6545537,957,-44.29384231567383
1769586249.040951,958,26.2346134185791
1769586250.7677312,959,21.386516571044922
1769586257.4104753,960,94.42005920410156
1769586260.1623526,961,111.65589904785156
1769586263.6927724,962,68.05154418945312
1769586327.424366,963,98.82390594482422
1769586328.6143565,964,17.170595169067383
1769586339.687597,965,101.67376708984375
1769586371.1264586,966,105.40137481689453
1769586372.912085,967,51.6522331237793
1769586390.5661645,968,108.56678771972656
1769586395.0377717,969,74.44407653808594
1769586395.170275,970,42.595855712890625
1769586405.2283902,971,136.2735137939453
1769586413.289356,972,137.04417419433594
1769586414.337729,973,49.60316467285156
1769586419.5606637,974,92.85607147216797
1769586419.6862736,975,-104.7501449584961
1769586423.7564535,976,35.12260437011719
1769586427.093168,977,100.10385131835938
1769586435.6064937,978,96.11277770996094
1769586440.8164403,979,101.76412963867188
1769586446.266165,980,44.958580017089844
1769586447.341339,981,79.27119445800781
1769586458.0239465,982,75.1827163696289
1769586465.1954727,983,85.28629302978516
1769586472.3071926,984,79.31221771240234
1769586475.234685,985,41.80250549316406
1769586505.443327,986,106.74252319335938
1769586528.6141858,987,35.36789321899414
1769586532.0343971,988,38.96047592163086
1769586540.6466181,989,80.6595230102539
1769586542.9537675,990,36.89118957519531
1769586545.1612473,991,17.36392593383789
1769586556.3859925,992,89.18621826171875
1769586559.3456287,993,83.29417419433594
1769586560.2031555,994,61.35831832885742
1769586561.4765873,995,21.809310913085938
1769586570.1167154,996,87.42339324951172
1769586573.6381288,997,140.94329833984375
1769586573.761891,998,-108.6297836303711
1769586597.3946466,999,113.1116943359375
1769586602.6498039,1000,62.207908630371094
1769586603.4784064,1001,22.12958526611328
1769586617.0356317,1002,144.75076293945312
1769586617.9983332,1003,83.43586730957031
1769586618.711169,1004,71.79255676269531
1769586624.8273354,1005,105.5575942993164
1769586648.6489582,1006,99.92295837402344
1769586667.007971,1007,112.28050994873047
1769586668.3199413,1008,84.54212951660156
1769586674.3703122,1009,127.11447143554688
1769586677.0129106,1010,23.634109497070312
1769586678.6373315,1011,101.03704833984375
1769586682.5030549,1012,100.21817016601562
1769586686.707829,1013,75.14579772949219
1769586686.8325624,1014,-108.0847396850586
1769586710.7204683,1015,101.46871948242188
1769586717.4836943,1016,109.17832946777344
1769586718.9889872,1017,110.72117614746094
1769586722.5404112,1018,61.632240295410156
1769586727.5988362,1019,99.86544799804688
1769586730.8051648,1020,92.3340072631836
1769586739.6853845,1021,146.78109741210938
1769586740.4834063,1022,91.27216339111328
1769586745.5713565,1023,56.18830490112305
1769586758.8664951,1024,98.09074401855469
1769586762.6252944,1025,32.3715934753418
1769586763.716899,1026,51.8465690612793
1769586766.0490603,1027,129.21365356445312
1769586773.2094383,1028,85.58849334716797
1769586784.0408366,1029,149.51953125
1769586791.104282,1030,56.56047058105469
1769586797.2835069,1031,63.724449157714844
1769586799.2704864,1032,18.176725387573242
1769586810.4918709,1033,80.52757263183594
1769586816.9905124,1034,85.17083740234375
1769586823.292486,1035,87.15463256835938
1769586823.4223604,1036,-56.0113639831543
1769586825.547576,1037,30.34382438659668
1769586828.1983333,1038,33.01625061035156
1769586934.3668172,1,0.05123036727309227
1769586944.287283,2,-0.030547788366675377
1769586950.1063612,3,0.0390172116458416
1769586951.367326,4,-0.09498035907745361
1769586956.5832288,5,0.2430923581123352
1769586960.5740151,6,0.43775343894958496
1769586968.8545544,7,0.7556125521659851
1769586970.8262963,8,0.8320258259773254
1769586971.5532055,9,0.821424126625061
1769586977.158603,10,1.0179476737976074
1769586981.0054924,11,1.4952707290649414
1769586985.4117806,12,1.5504153966903687
1769586999.524865,13,2.7748970985412598
1769587094.4616678,14,9.105584144592285
1769587096.669498,15,8.22193717956543
1769587111.8814054,16,10.18781852722168
1769587140.2924464,17,11.572847366333008
1769587145.4209929,18,11.614534378051758
1769587153.5387945,19,12.083464622497559
1769587161.7857816,20,12.481829643249512
1769587161.917542,21,9.187451362609863
1769587171.2254448,22,12.774518013000488
1769587187.978441,23,12.826115608215332
1769587199.4037623,24,14.21869945526123
1769587199.9097805,25,13.02979564666748
1769587206.5700862,26,14.278098106384277
1769587219.1606746,27,14.886476516723633
1769587249.6067715,28,16.590192794799805
1769587282.4757142,29,14.641374588012695
1769587318.817414,30,18.820327758789062
1769587319.8673856,31,13.101325988769531
1769587322.5536492,32,16.81719970703125
1769587326.4275873,33,19.3719539642334
1769587331.2333899,34,19.764612197875977
1769587394.4649718,35,21.243732452392578
1769587399.4796412,36,15.718754768371582
1769587403.320121,37,18.129098892211914
1769587433.659856,38,22.583818435668945
1769587436.8300533,39,16.819570541381836
1769587446.2793605,40,18.538206100463867
1769587453.113894,41,22.90526580810547
1769587465.3258595,42,22.914878845214844
1769587465.4674063,43,12.6482572555542
1769587468.566795,44,17.519655227661133
1769587480.1245196,45,19.83238410949707
1769587496.3136876,46,23.449209213256836
1769587499.2415445,47,18.510053634643555
1769587514.8611057,48,21.313093185424805
1769587534.9777517,49,21.48003387451172
1769587564.3164375,50,24.490779876708984
1769587629.5417166,51,18.286418914794922
1769587647.0534804,52,22.504709243774414
1769587654.9282486,53,25.109432220458984
1769587680.773788,54,25.347450256347656
1769587680.9208167,55,13.709601402282715
1769587689.7647705,56,23.049055099487305
1769587690.9824681,57,19.5073184967041
1769587693.879267,58,20.0203914642334
1769587707.3445654,59,26.393463134765625
1769587720.1686227,60,23.521400451660156
1769587720.3132355,61,16.67690658569336
1769587730.9720283,62,20.960161209106445
1769587731.1041052,63,16.47089958190918
1769587735.3853781,64,20.10936737060547
1769587742.4867637,65,27.272729873657227
1769587803.589054,66,27.81191635131836
1769587816.822196,67,28.256168365478516
1769587834.1682048,68,27.754613876342773
1769587865.1021643,69,27.75972557067871
1769587869.9356291,70,28.369707107543945
1769587872.1626475,71,23.868209838867188
1769587874.7958891,72,22.314960479736328
1769587885.9135988,73,23.17243003845215
1769587904.787866,74,25.56231117248535
1769587906.9521775,75,27.464122772216797
1769587943.4040234,76,24.76026153564453
1769588037.0493624,77,24.64366912841797
1769588055.3274837,78,27.92491340637207
1769588059.3197234,79,23.947507858276367
1769588070.217,80,24.086551666259766
1769588076.3939319,81,24.53557777404785
1769588079.586568,82,24.259981155395508
1769588086.89316,83,23.820894241333008
1769588123.2961237,84,26.044448852539062
1769588151.8661847,85,25.481197357177734
1769588155.1941726,86,24.2862606048584
1769588203.625198,87,27.22807502746582
1769588253.9543223,88,27.38360595703125
1769588271.7537026,89,27.146392822265625
1769588359.493758,90,26.504301071166992
1769588389.513976,91,23.54920196533203
1769588416.8974245,92,25.463857650756836
1769588439.7010434,93,24.262842178344727
1769588439.839295,94,15.704828262329102
1769588457.0373032,95,25.03376007080078
1769588504.3318832,96,24.11547088623047
1769588508.9327488,97,23.234413146972656
1769588512.0359805,98,24.15586280822754
1769588520.265857,99,23.980785369873047
1769588525.7624295,100,23.41099739074707
1769588544.2988782,101,23.73297882080078
1769588550.0492108,102,22.69856071472168
1769588558.905217,103,24.177066802978516
1769588576.536947,104,23.781835556030273
1769588579.5772529,105,22.763790130615234
1769588580.232128,106,20.400754928588867
1769588589.1770535,107,24.387723922729492
1769588593.734623,108,24.763151168823242
1769588594.999588,109,20.541763305664062
1769588607.5417488,110,25.77994155883789
1769588610.4263701,111,23.315210342407227
1769588627.3907404,112,26.146764755249023
1769588632.5105681,113,22.786285400390625
1769588646.5677907,114,25.67555809020996
1769588682.2061975,115,23.514507293701172
1769588724.4764082,116,26.76074981689453
1769588734.2319157,117,26.09068489074707
1769588801.0330431,118,28.90618896484375
1769588802.6263452,119,21.975860595703125
1769588811.8495307,120,28.450414657592773
1769588815.3533459,121,24.417516708374023
1769588816.619433,122,25.691131591796875
1769588834.0492878,123,28.20351219177246
1769588850.5549304,124,29.291961669921875
1769588877.7305415,125,29.533388137817383
1769588880.657946,126,27.229747772216797
1769588896.7490878,127,29.176671981811523
1769588900.4545596,128,28.751455307006836
1769588900.5764358,129,26.363483428955078
1769588905.2787464,130,29.669414520263672
1769588965.51432,131,29.88216209411621
1769588966.301586,132,28.776655197143555
1769588969.669388,133,30.545316696166992
1769588986.15964,134,30.046213150024414
1769589017.636494,135,29.45806884765625
1769589031.8707519,136,29.396297454833984
1769589056.319468,137,30.61619758605957
1769589062.3522005,138,28.75600242614746
1769589069.787622,139,30.459672927856445
1769589071.4488971,140,23.75831413269043
1769589086.5738862,141,29.434547424316406
1769589116.219382,142,31.98867416381836
1769589123.5944257,143,31.992469787597656
1769589125.5196111,144,27.21737289428711
1769589152.4474258,145,32.84317398071289
1769589157.2716317,146,31.451963424682617
1769589175.13917,147,32.2732048034668
1769589179.6183953,148,31.503854751586914
1769589181.6663287,149,29.426876068115234
1769589192.8123817,150,33.10636901855469
1769589202.7298355,151,32.63258361816406
1769589231.061982,152,32.39152526855469
1769589257.7106206,153,32.865230560302734
1769589259.7146857,154,24.993043899536133
1769589259.8406684,155,16.033973693847656
1769589270.3098035,156,32.36578369140625
1769589282.022128,157,28.54810333251953
1769589306.4756055,158,31.214418411254883
1769589331.398786,159,31.687198638916016
1769589369.2299116,160,31.653656005859375
1769589371.5222578,161,28.34089469909668
1769589381.1332817,162,31.59711265563965
1769589382.6591926,163,27.449817657470703
1769589451.1685855,164,32.451324462890625
1769589460.877175,165,30.22219467163086
1769589476.2203596,166,29.706329345703125
1769589486.6010363,167,30.20924949645996
1769589491.916555,168,27.721525192260742
1769589504.9518695,169,29.340822219848633
1769589508.1100302,170,25.76986312866211
1769589514.5191758,171,29.46700096130371
1769589522.8464143,172,25.74688148498535
1769589523.0046833,173,13.765024185180664
1769589524.3837168,174,26.455604553222656
1769589526.476103,175,30.195140838623047
1769589531.8437436,176,29.12697410583496
1769589531.9697876,177,10.925335884094238
1769589549.5301018,178,30.439207077026367
1769589555.3030906,179,29.306554794311523
1769589566.2792373,180,29.776639938354492
1769589590.7623563,181,28.669639587402344
1769589599.532764,182,29.778976440429688
1769589602.9692597,183,28.451202392578125
1769589630.8854473,184,28.739173889160156
1769589637.2584963,185,25.040916442871094
1769589640.840914,186,27.875715255737305
1769589661.965409,187,26.091215133666992
1769589666.6807475,188,23.647207260131836
1769589666.8117719,189,15.846159934997559
1769589690.2053702,190,28.787353515625
1769589696.410167,191,24.964317321777344
1769589726.1492155,192,28.189828872680664
1769589733.1843534,193,24.15947723388672
1769589734.1116817,194,20.595840454101562
1769589752.2058206,195,27.671428680419922
1769589763.3908222,196,26.920087814331055
1769589766.1406596,197,26.270233154296875
1769589768.482206,198,24.96135902404785
1769589791.2254474,199,27.842601776123047
1769589794.7534723,200,24.19057273864746
1769589801.6262922,201,23.97548484802246
1769589869.826552,202,27.890390396118164
1769589893.5440962,203,28.411563873291016
1769589900.636553,204,28.22615623474121
1769589904.7097785,205,25.075504302978516
1769589907.1178606,206,24.95607566833496
1769589931.8037844,207,28.271289825439453
1769589931.9465923,208,15.600849151611328
1769589936.4686608,209,26.883386611938477
1769589956.0552568,210,27.106515884399414
1769589980.21496,211,27.137670516967773
1769590067.140806,212,26.776782989501953
1769590072.645423,213,24.08908462524414
1769590126.760835,214,26.682971954345703
1769590132.4419403,215,25.87152862548828
1769590136.407041,216,24.17746925354004
1769590162.5995874,217,28.062416076660156
1769590165.2870793,218,27.104265213012695
1769590173.3543117,219,26.870038986206055
1769590190.7254088,220,29.3378963470459
1769590192.7271578,221,28.088470458984375
1769590211.5393744,222,29.845928192138672
1769590221.5063596,223,28.369598388671875
1769590223.6447377,224,25.555612564086914
1769590271.7814047,225,28.490266799926758
1769590271.9598522,226,13.42098331451416
1769590286.8802366,227,27.826080322265625
1769590291.7183723,228,28.44471549987793
1769590316.6053097,229,28.593347549438477
1769590348.9510121,230,28.938133239746094
1769590395.1318152,231,28.107494354248047
1769590407.5028474,232,28.83599090576172
1769590413.0167928,233,26.98053550720215
1769590417.2384863,234,28.043134689331055
1769590417.3743012,235,22.71796417236328
1769590425.7289407,236,29.409921646118164
1769590435.7867663,237,30.05244255065918
1769590457.6747742,238,30.84032440185547
1769590466.5301335,239,31.183813095092773
1769590474.9095645,240,29.760469436645508
1769590475.0380716,241,25.95581817626953
1769590521.500663,242,30.990402221679688
1769590536.5848906,243,31.256671905517578
1769590553.9322727,244,29.828651428222656
1769590575.9433663,245,29.81220817565918
1769590578.6294968,246,24.992660522460938
1769590593.1449172,247,31.107206344604492
1769590597.577056,248,29.584741592407227
1769590620.6151807,249,30.932172775268555
1769590641.528893,250,30.62028694152832
1769590765.6054447,251,38.7108039855957
1769590803.299704,252,38.973758697509766
1769590806.7225845,253,37.72330093383789
1769590806.8459916,254,22.743112564086914
1769590815.4548795,255,39.32872009277344
1769590822.4354079,256,38.7387809753418
1769590828.2984314,257,36.04338455200195
1769590835.0807507,258,39.50095748901367
1769590856.6527574,259,40.41318893432617
1769590917.57378,260,39.76631546020508
1769590923.2135098,261,39.72361755371094
1769590929.4450006,262,39.215702056884766
1769590929.6004107,263,12.116846084594727
1769590943.5937362,264,39.286800384521484
1769590950.5100322,265,39.629825592041016
1769590950.637295,266,34.87785339355469
1769590960.5488553,267,38.964962005615234
1769590966.267898,268,39.35219192504883
1769590973.7216132,269,38.70380783081055
1769590974.9923446,270,36.99751281738281
1769590984.9325135,271,39.530399322509766
1769590990.556694,272,38.278961181640625
1769591009.721484,273,40.520484924316406
1769591074.8862247,274,39.568363189697266
1769591082.768287,275,40.06031036376953
1769591094.315563,276,40.11931610107422
1769591096.6486282,277,39.39130783081055
1769591108.0476499,278,39.91964340209961
1769591108.1888368,279,34.00297927856445
1769591118.410188,280,39.38093566894531
1769591123.8832376,281,40.806968688964844
1769591155.5031676,282,40.27974319458008
1769591161.8664343,283,41.74481201171875
1769591166.649181,284,41.38358688354492
1769591168.2974129,285,40.419212341308594
1769591172.5541055,286,40.98307418823242
1769591245.5035033,287,43.131046295166016
1769591245.7000608,288,12.274006843566895
1769591258.3022277,289,41.97700500488281
1769591273.536743,290,41.305152893066406
1769591328.0349011,291,43.883880615234375
1769591337.2771523,292,43.31658172607422
1769591342.664022,293,42.04899597167969
1769591354.6567936,294,43.119449615478516
1769591363.6636906,295,44.5026741027832
1769591364.163609,296,43.592979431152344
1769591370.4108784,297,43.51840591430664
1769591409.4861658,298,44.996944427490234
1769591410.0602305,299,38.423770904541016
1769591414.4606814,300,38.314231872558594
1769591424.842998,301,43.703243255615234
1769591430.2082086,302,43.564456939697266
1769591453.9585087,303,43.60843276977539
1769591471.5548694,304,42.793251037597656
1769591492.95088,305,42.74138259887695
1769591520.1579845,306,41.380828857421875
1769591539.8838723,307,42.37285232543945
1769591540.029478,308,33.20002746582031
1769591540.1576953,309,20.146240234375
1769591544.618156,310,39.9948616027832
1769591547.7149255,311,42.614627838134766
1769591626.7975388,312,42.749412536621094
1769591636.8975668,313,42.297462463378906
1769591642.0783613,314,42.78025436401367
1769591642.2056522,315,37.72563552856445
1769591645.8461785,316,40.774932861328125
1769591647.6631467,317,34.2723388671875
1769591684.4845262,318,44.17483139038086
1769591697.3267872,319,43.25567626953125
1769591780.4228885,320,41.8780632019043
1769591780.5469663,321,19.575716018676758
1769591789.0036006,322,45.66571044921875
1769591795.223099,323,44.841712951660156
1769591906.999253,324,51.52385330200195
1769591917.4799488,325,49.94805145263672
1769591922.0765445,326,46.988365173339844
1769591952.9200134,327,52.5372428894043
1769591953.0834553,328,13.942975997924805
1769591959.3647676,329,49.46402359008789
1769591966.0066307,330,49.111671447753906
1769591969.6756892,331,37.085845947265625
1769591983.071867,332,50.113067626953125
1769591997.3991861,333,45.59505844116211
1769592004.0431526,334,43.50943374633789
1769592043.8970132,335,48.751346588134766
1769592048.9199047,336,48.1580810546875
1769592050.7474167,337,40.801063537597656
1769592053.8252187,338,45.689292907714844
1769592064.478597,339,49.163787841796875
1769592070.8992844,340,52.824241638183594
1769592097.5697763,341,51.71705627441406
1769592131.0164375,342,18.885822296142578
1769592170.33516,343,51.87226867675781
1769592186.350539,344,52.79853057861328
1769592193.868969,345,49.77840042114258
1769592201.8175938,346,52.967281341552734
1769592212.0041547,347,51.9027099609375
1769592219.82999,348,47.817806243896484
1769592220.7399876,349,36.54230880737305
1769592252.7013488,350,52.89999008178711
1769592363.2550752,351,55.48622512817383
1769592381.034329,352,49.82512664794922
1769592383.1636276,353,45.44074249267578
1769592386.798586,354,41.15181350708008
1769592394.374292,355,48.61888122558594
1769592395.2946408,356,32.22991943359375
1769592420.5343006,357,49.23872756958008
1769592478.3293955,358,51.484397888183594
1769592480.7806308,359,42.17599868774414
1769592511.8382852,360,47.90546417236328
1769592544.931699,361,47.227073669433594
1769592547.350594,362,46.93703079223633
1769592550.779638,363,47.201202392578125
1769592570.40701,364,47.240394592285156
1769592572.8896935,365,42.90049362182617
1769592577.1451628,366,40.723140716552734
1769592597.37593,367,46.338035583496094
1769592619.2411373,368,48.254493713378906
1769592633.417752,369,44.13869094848633
1769592647.079559,370,46.393619537353516
1769592685.3502004,371,47.04084014892578
1769592685.5122602,372,20.640071868896484
1769592704.3735282,373,46.1890983581543
1769592717.135483,374,43.90951156616211
1769592729.6413257,375,43.089698791503906
1769592733.7877257,376,44.27476119995117
1769592742.5179965,377,46.158973693847656
1769592742.652969,378,18.686189651489258
1769592832.4087617,379,43.57648849487305
1769592905.879417,380,42.282684326171875
1769592956.6952064,381,46.70219421386719
1769592956.8620095,382,20.23516845703125
1769592992.032887,383,42.83649826049805
1769593012.8271394,384,41.60326385498047
1769593019.9192793,385,39.73414993286133
1769593035.8382568,386,41.774356842041016
1769593061.4550626,387,42.08354949951172
1769593079.9799476,388,43.11627197265625
1769593098.1089244,389,41.685646057128906
1769593098.4024997,390,27.845916748046875
1769593103.3051057,391,40.197872161865234
1769593108.8927565,392,41.4292106628418
1769593118.6180334,393,42.6300163269043
1769593183.1711483,394,37.4152717590332
1769593184.76765,395,36.936519622802734
1769593198.6013622,396,42.636077880859375
1769593211.1980612,397,40.68097686767578
1769593223.7232153,398,41.670406341552734
1769593226.4058936,399,38.96644592285156
1769593238.1245053,400,40.68827438354492
1769593245.2520869,401,38.753997802734375
1769593266.9832473,402,40.82908248901367
1769593282.2650797,403,42.0490837097168
1769593282.4044058,404,18.93526840209961
1769593282.5264301,405,27.052637100219727
1769593300.904386,406,42.458824157714844
1769593306.652722,407,35.81254959106445
1769593310.3045225,408,40.71670913696289
1769593362.3612554,409,46.20107650756836
1769593367.599459,410,46.61850357055664
1769593379.8945856,411,40.28313446044922
1769593382.6704779,412,43.446014404296875
1769593391.8530226,413,40.37111282348633
1769593391.9967294,414,20.65906524658203
1769593412.1858132,415,43.346649169921875
1769593412.3306293,416,14.263525009155273
1769593445.9500308,417,41.9002571105957
1769593454.936986,418,40.9564094543457
1769593460.9027462,419,39.77311706542969
1769593477.505949,420,41.379390716552734
1769593502.3996193,421,46.95013427734375
1769593560.8641577,422,40.7227668762207
1769593575.6080525,423,46.82091522216797
1769593584.649126,424,40.6620979309082
1769593591.1201565,425,41.24764633178711
1769593592.6736887,426,41.12929916381836
1769593594.2969522,427,39.27167892456055
1769593632.7449536,428,42.70700454711914
1769593632.906032,429,20.046173095703125
1769593850.41037,430,46.259002685546875
1769593986.2634852,431,46.851993560791016
1769594013.864958,432,40.36454391479492
1769594014.01901,433,13.633807182312012
1769594026.4909232,434,38.72397994995117
1769594034.5759733,435,37.13499069213867
1769594061.515309,436,40.45419692993164
1769594083.650133,437,36.707759857177734
1769594089.6976311,438,35.72004699707031
1769594089.8269207,439,34.83720016479492
1769594114.8274121,440,35.05946350097656
1769594187.2758703,441,43.0877685546875
1769594277.0556984,442,43.57813262939453
1769594285.606189,443,36.87099838256836
1769594292.3742795,444,33.81433868408203
1769594302.9745498,445,36.606101989746094
1769594317.9879618,446,35.26288986206055
1769594342.1192832,447,44.322898864746094
1769594351.0874891,448,45.825679779052734
1769594365.0691328,449,43.19637680053711
1769594383.4619782,450,37.376712799072266
1769594410.8473759,451,38.12143325805664
1769594449.221965,452,39.64069747924805
1769594453.1983154,453,36.820316314697266
1769594455.271068,454,38.93098068237305
1769594461.3592772,455,35.7662239074707
1769594524.1752822,456,47.44545364379883
1769594585.0846772,457,41.68551254272461
1769594629.6368527,458,17.808917999267578
1769594629.7589996,459,9.13456916809082
1769594637.5757077,460,36.2874755859375
1769594658.5864656,461,34.3310546875
1769594661.7589145,462,29.723365783691406
1769594690.27473,463,35.23802185058594
1769594726.4270666,464,39.043846130371094
1769594762.6826227,465,37.04574966430664
1769594778.3171666,466,34.930755615234375
1769594780.4172213,467,29.61551856994629
1769594805.8930736,468,41.31355667114258
1769594825.1159692,469,38.71654510498047
1769594832.7609272,470,33.620887756347656
1769594832.8936136,471,-2.3442986011505127
1769594837.0647318,472,25.45181655883789
1769594912.2483397,473,43.38041305541992
1769594977.9812834,474,25.421947479248047
1769594983.4957767,475,32.47221755981445
1769594983.653215,476,-7.100487232208252
1769594989.5523324,477,31.981903076171875
1769594992.4002554,478,33.812278747558594
1769595023.3520193,479,37.60040283203125
1769595028.2769299,480,31.59006118774414
1769595035.957609,481,33.98023986816406
1769595049.8996224,482,35.45094299316406
1769595072.4240453,483,44.92829895019531
1769595094.4749506,484,43.7650032043457
1769595098.8597603,485,32.864891052246094
1769595154.7105923,486,43.1377067565918
1769595159.2295463,487,31.42266845703125
1769595195.9061155,488,38.388092041015625
1769595205.4447398,489,44.09346008300781
1769595214.8424993,490,31.901153564453125
1769595250.773188,491,35.2276611328125
1769595260.7151837,492,32.453617095947266
1769595261.3290272,493,19.766103744506836
1769595263.7700467,494,31.657882690429688
1769595273.4158292,495,31.083295822143555
1769595351.5353775,496,43.55906677246094
1769595372.4259284,497,44.048160552978516
1769595412.6676,498,38.95918273925781
1769595419.1778302,499,32.11128616333008
1769595419.426402,500,19.975202560424805
1769595434.2525632,501,40.571258544921875
1769595437.9941242,502,33.28752136230469
1769595445.4095592,503,28.534740447998047
1769595479.8722856,504,46.793846130371094
1769595495.3349783,505,35.42723083496094
1769595513.3697677,506,40.09938049316406
1769595521.2825005,507,34.29567337036133
1769595524.4747245,508,31.31462860107422
1769595531.9606805,509,33.923030853271484
1769595532.0934331,510,-8.345033645629883
1769595534.2476306,511,31.33965492248535
1769595541.7861311,512,40.20671463012695
1769595543.6597743,513,30.819549560546875
1769595558.7137504,514,31.679487228393555
1769595592.719386,515,47.24688720703125
1769595601.1887348,516,35.115333557128906
1769595631.3262353,517,44.819522857666016
1769595740.6419618,518,48.323631286621094
1769595761.4738557,519,48.65357971191406
1769595769.3732734,520,32.155487060546875
1769595797.5970511,521,37.60493087768555
1769595848.6683462,522,41.27754211425781
1769595851.2552571,523,28.023380279541016
1769595853.2539952,524,27.854419708251953
1769595855.9782023,525,26.903039932250977
1769595880.0948284,526,46.82344055175781
1769595885.4322486,527,29.88385009765625
1769595897.915355,528,34.49653625488281
1769595898.0457454,529,-6.409993648529053
1769595975.0030422,530,40.65585708618164
1769596008.1313477,531,45.76913833618164
1769596011.3328645,532,29.76226234436035
1769596052.0038793,533,40.39863967895508
1769596118.1861835,534,41.66436767578125
1769596195.8491826,535,48.44631576538086
1769596199.0464017,536,37.751461029052734
1769596199.2953222,537,19.23736000061035
1769596200.9416559,538,17.34023094177246
1769596233.2575166,539,42.49147033691406
1769596271.5001326,540,39.097137451171875
1769596277.7350225,541,30.06542205810547
1769596297.76069,542,39.21193313598633
1769596306.7822313,543,39.09456253051758
1769596329.11587,544,39.498531341552734
1769596329.5905347,545,20.8750057220459
1769596340.9028034,546,36.09968185424805
1769596353.6722744,547,31.125247955322266
1769596367.772962,548,49.23560333251953
1769596379.6942294,549,31.071605682373047
1769596532.7391944,550,47.55037307739258
1769596539.9955378,551,38.75559616088867
1769596540.6022341,552,27.361339569091797
1769596605.4333677,553,50.59394073486328
1769596609.804267,554,40.27239227294922
1769596621.8523433,555,41.01272964477539
1769596628.9844232,556,52.1628303527832
1769596643.7814758,557,47.6053466796875
1769596666.0783398,558,43.800994873046875
1769596673.366148,559,51.954002380371094
1769596682.575501,560,41.69486618041992
1769596731.3034573,561,53.106266021728516
1769596733.0023634,562,29.253040313720703
1769596744.5367632,563,48.30012893676758
1769596744.6696057,564,8.816009521484375
1769596752.01624,565,44.12906265258789
1769596787.6470184,566,61.606788635253906
1769596854.5663455,567,33.983585357666016
1769596896.1312146,568,51.37204360961914
1769596914.029608,569,50.9494743347168
1769596916.6857948,570,31.423442840576172
1769596946.7591958,571,51.95492935180664
1769596990.3667207,572,68.38014221191406
1769597105.1332507,573,71.43501281738281
1769597114.2107222,574,44.54743576049805
1769597121.4183724,575,49.94744873046875
1769597124.203713,576,43.8035774230957
1769597156.702404,577,59.026344299316406
1769597274.359171,578,48.48015213012695
1769597298.8068674,579,74.34605407714844
1769597321.8733454,580,45.18190383911133
1769597364.5366259,581,60.79619216918945
1769597371.1778445,582,43.48640441894531
1769597373.2544982,583,40.835140228271484
1769597373.3809843,584,8.530412673950195
1769597385.2561622,585,70.13214874267578
1769597391.0353005,586,57.17107391357422
1769597400.544158,587,46.163028717041016
1769597411.0436249,588,54.540584564208984
1769597427.6507227,589,47.52003860473633
1769597439.8159125,590,53.558189392089844
1769597454.722073,591,69.9559097290039
1769597503.9414685,592,79.82101440429688
1769597517.443964,593,57.272193908691406
1769597531.569057,594,52.32817840576172
1769597536.773757,595,43.988346099853516
1769597584.4920468,596,73.1878662109375
1769597673.9006178,597,63.35368347167969
1769597695.7135031,598,53.74896240234375
1769597714.0157647,599,52.80677032470703
1769597742.1786103,600,83.91337585449219
1769597890.7418287,601,86.19853973388672
1769597957.352874,602,71.5671157836914
1769598069.4362528,603,88.14917755126953
1769598173.2185998,604,80.93416595458984
1769598190.4266326,605,75.4091567993164
1769598219.79747,606,75.2439956665039
1769598220.4218917,607,49.135223388671875
1769598249.605415,608,88.11051940917969
1769598261.6559348,609,76.45756530761719
1769598281.4175844,610,58.6991081237793
1769598312.8039982,611,77.31314086914062
1769598371.6518416,612,52.125614166259766
1769598383.0695548,613,52.1003532409668
1769598390.7124918,614,58.08445358276367
1769598427.19537,615,60.084869384765625
1769598443.294317,616,57.81033706665039
1769598480.4697223,617,80.75496673583984
1769598484.2506297,618,52.83954620361328
1769598485.7833402,619,50.792728424072266
1769598507.887741,620,81.8965072631836
1769598510.230209,621,50.687538146972656
1769598547.786086,622,82.15179443359375
1769598553.9281075,623,75.30379486083984
1769598554.0532823,624,18.46042823791504
1769598582.2976534,625,57.719573974609375
1769598603.381009,626,59.62895584106445
1769598669.3817155,627,91.2568359375
1769598744.2562065,628,51.25679397583008
1769598745.4672391,629,53.17728805541992
1769598745.593048,630,49.28639602661133
1769598795.2741594,631,65.74967956542969
1769598825.494536,632,84.26364135742188
1769598862.7001753,633,77.701904296875
1769598870.3756647,634,59.32380676269531
1769598893.5995586,635,80.31886291503906
1769598912.4218826,636,73.38766479492188
1769598921.4722166,637,73.00448608398438
1769598945.667163,638,55.05064392089844
1769598996.4166472,639,87.71341705322266
1769599004.868317,640,55.67995834350586
1769599155.7631192,641,97.98316192626953
1769599292.0983922,642,59.47862243652344
1769599313.8317702,643,90.48920440673828
1769599316.6041417,644,57.249305725097656
1769599319.1838534,645,49.561893463134766
1769599332.0950663,646,84.7146987915039
1769599336.5999708,647,85.3453140258789
1769599336.7314157,648,33.61003494262695
1769599349.96783,649,62.097328186035156
1769599356.9663897,650,92.58744049072266
1769599364.9286304,651,62.331233978271484
1769599459.0086122,652,92.81610870361328
1769599512.0472786,653,78.98646545410156
1769599676.3533568,654,71.4015121459961
1769599686.589181,655,60.363555908203125
1769599688.4788826,656,54.7596549987793
1769599704.0683825,657,60.709266662597656
1769599707.803355,658,51.97639846801758
1769599743.0787134,659,61.227115631103516
1769599783.0127864,660,78.86090087890625
1769599791.8838437,661,54.25349044799805
1769599797.663148,662,63.56049728393555
1769599809.763544,663,68.07609558105469
1769599827.844449,664,98.00629425048828
1769599827.9957,665,29.47625732421875
1769599838.5391076,666,60.47892761230469
1769599895.5679193,667,78.36255645751953
1769600013.6797142,668,96.84202575683594
1769600024.5038574,669,59.949127197265625
1769600079.8429945,670,78.13594055175781
1769600127.9476023,671,77.8402099609375
1769600136.9507353,672,58.039127349853516
1769600206.3536782,673,98.45650482177734
1769600273.4632926,674,96.15166473388672
1769600287.6442704,675,53.53425979614258
1769600408.6193607,676,55.237159729003906
1769600417.533468,677,69.07714080810547
1769600428.0483706,678,80.59186553955078
1769600432.5694625,679,65.55791473388672
1769600467.2324574,680,73.36122131347656
1769600472.2715697,681,93.40855407714844
1769600484.4859993,682,72.97438049316406
1769600506.0840213,683,81.25678253173828
1769600511.0972397,684,50.108558654785156
1769600769.0512218,685,90.37319946289062
1769600873.4086773,686,83.30119323730469
1769600947.2429233,687,84.14631652832031
1769600960.2777257,688,81.56340026855469
1769600963.3332813,689,66.51313781738281
1769600968.802436,690,79.64982604980469
1769600979.1580837,691,79.80699157714844
1769600985.3395727,692,80.98892974853516
1769600989.864955,693,80.0444564819336
1769601011.549134,694,83.0825424194336
1769601017.685705,695,80.30183410644531
1769601182.5904515,696,82.42997741699219
1769601256.9189537,697,77.78163146972656
1769601267.2642817,698,80.14326477050781
1769601267.873433,699,65.3415756225586
1769601271.136053,700,75.13351440429688
1769601289.6458933,701,79.42870330810547
1769601302.2367702,702,75.42549133300781
1769601307.9789517,703,78.87252807617188
1769601333.0686638,704,78.71025848388672
1769601347.7507405,705,79.05488586425781
1769601381.339464,706,78.58071899414062
1769601410.078733,707,78.41368865966797
1769601450.3827524,708,78.5918960571289
1769601591.5021496,709,48.77327346801758
1769601607.0146258,710,78.35321044921875
1769601610.1888227,711,74.43016052246094
1769601622.562157,712,72.00477600097656
1769601636.545134,713,77.05074310302734
1769601653.399728,714,75.50344848632812
1769601688.9640334,715,74.76023864746094
1769601714.177705,716,76.56645202636719
1769601720.922974,717,73.59903717041016
1769601732.656372,718,74.48896789550781
1769601745.1021914,719,74.97440338134766
1769601770.8120189,720,73.68675994873047
1769601803.480462,721,75.06065368652344
1769601824.6222897,722,76.99703216552734
1769601830.23738,723,66.82942199707031
1769601843.206873,724,70.38101196289062
1769601851.560102,725,69.93926239013672
1769601894.704036,726,73.42369842529297
1769601977.2878096,727,70.5552749633789
1769601981.5159895,728,63.269798278808594
1769602008.2980428,729,70.44454956054688
1769602095.6135335,730,74.04466247558594
1769602095.831514,731,60.57490921020508
1769602103.8735175,732,69.39686584472656
1769602108.3515534,733,69.70587158203125
1769602115.2688093,734,68.824462890625
1769602115.3978007,735,18.182437896728516
1769602116.5240462,736,53.91692352294922
1769602160.8074582,737,76.8322982788086
1769602164.1981676,738,66.20559692382812
1769602189.7641928,739,72.90145111083984
1769602194.684936,740,68.53240966796875
1769602203.777612,741,76.866943359375
1769602230.6306589,742,84.11518859863281
1769602240.6734817,743,83.7083740234375
1769602254.0398688,744,70.05865478515625
1769602265.0480728,745,77.06291198730469
1769602361.9947178,746,58.171939849853516
1769602372.9727411,747,69.56745147705078
1769602413.4676874,748,71.10992431640625
1769602437.2517042,749,71.3249282836914
1769602439.402988,750,68.52579498291016
1769602442.1849897,751,63.22017288208008
1769602442.3108683,752,52.98283004760742
1769602463.3914466,753,71.46562194824219
1769602520.6373324,754,79.62266540527344
1769602535.7803526,755,71.36610412597656
1769602535.9311433,756,52.865474700927734
1769602536.9682436,757,67.84883117675781
1769602552.8695197,758,70.25076293945312
1769602567.7981234,759,69.77344512939453
1769602593.7322176,760,83.90638732910156
1769602605.0996,761,71.88717651367188
1769602634.8455772,762,71.39009094238281
1769602636.9181566,763,68.38506317138672
1769602637.7672894,764,56.08126449584961
1769602644.8882086,765,73.18159484863281
1769602745.4966125,766,86.27003479003906
1769602881.1001942,767,43.791778564453125
1769602894.7846487,768,88.19963836669922
1769602917.67957,769,73.94015502929688
1769602960.9581487,770,76.31043243408203
1769603083.0552242,771,89.99715423583984
1769603122.486003,772,74.39154815673828
1769603200.77423,773,71.26368713378906
1769603227.7507675,774,95.66029357910156
1769603272.7372415,775,86.52145385742188
1769603273.0309823,776,64.25393676757812
1769603277.2086585,777,71.46675872802734
1769603281.9189239,778,71.55986785888672
1769603282.7210503,779,62.97294998168945
1769603284.2039452,780,67.11957550048828
1769603284.328838,781,-0.1896238923072815
1769603298.6958513,782,72.42681121826172
1769603312.0517423,783,96.4410629272461
1769603313.3520923,784,61.89543533325195
1769603336.6588342,785,94.38694763183594
1769603392.9507935,786,87.01396179199219
1769603398.0645688,787,72.5749282836914
1769603404.673647,788,76.51524353027344
1769603444.013367,789,75.86666107177734
1769603449.5628014,790,71.44637298583984
1769603469.9795547,791,80.29817962646484
1769603473.2917142,792,71.28142547607422
1769603493.8860788,793,92.20040130615234
1769603578.5405953,794,80.21054077148438
1769603578.6936245,795,42.82773208618164
1769603590.457655,796,82.73931121826172
1769603653.9345827,797,91.46231842041016
1769603654.1353543,798,67.72795867919922
1769603684.928913,799,74.51974487304688
1769603685.0886915,800,48.11345672607422
1769603701.845355,801,75.38545227050781
1769603707.2994766,802,72.73400115966797
1769603710.7331958,803,70.95789337158203
1769603792.775323,804,100.30962371826172
1769603792.9892976,805,42.61582565307617
1769603805.191636,806,81.69416809082031
1769603826.9158373,807,79.09524536132812
1769603845.0804775,808,74.65545654296875
1769603971.3524468,809,75.55240631103516
1769604017.0264711,810,96.66773986816406
1769604077.7910182,811,103.21722412109375
1769604092.2320487,812,91.83882141113281
1769604092.3769119,813,60.79212188720703
1769604095.3545728,814,77.3569564819336
1769604109.1443138,815,79.4268798828125
1769604149.8866172,816,87.2718734741211
1769604177.0334518,817,88.43592834472656
1769604196.5492384,818,89.63602447509766
1769604246.1704497,819,92.44384002685547
1769604250.1857994,820,74.06356048583984
1769604275.3297539,821,89.829833984375
1769604339.7639802,822,89.36274719238281
1769604349.3377035,823,95.15270233154297
1769604373.441087,824,84.50232696533203
1769604386.3681056,825,82.54902648925781
1769604389.5263536,826,77.7583236694336
1769604389.6556637,827,23.512704849243164
1769604393.8185198,828,84.68413543701172
1769604400.2520764,829,89.34407806396484
1769604680.4759972,830,111.5936279296875
1769604742.3162131,831,82.61363220214844
1769604742.4411814,832,46.03908157348633
1769604757.5449505,833,84.35246276855469
1769604814.89548,834,90.39302062988281
1769604940.7420337,835,101.97764587402344
1769604940.9912958,836,50.39527893066406
1769604948.8243651,837,89.44304656982422
1769604951.910185,838,104.18251037597656
1769604986.4446898,839,97.78927612304688
1769604996.8790433,840,86.93400573730469
1769605113.7928972,841,75.59658813476562
1769605139.6545753,842,87.2471694946289
1769605139.811063,843,52.07545852661133
1769605141.578684,844,74.55602264404297
1769605145.2249165,845,76.92821502685547
1769605162.1526296,846,76.64340209960938
1769605183.1901028,847,92.91754913330078
1769605188.0258272,848,89.66574096679688
1769605210.9404998,849,88.54035186767578
1769605229.6514232,850,83.67163848876953
1769605240.5446966,851,85.51620483398438
1769605311.425827,852,93.21487426757812
1769605334.5330439,853,88.46329498291016
1769605396.424455,854,89.7317886352539
1769605429.3473732,855,91.3916244506836
1769605565.4434023,856,96.57864379882812
1769605611.244667,857,95.57864379882812
1769605700.3601267,858,107.6506118774414
1769605700.586081,859,38.42105484008789
1769605708.3539147,860,94.70912170410156
1769605874.5716023,861,110.23077392578125
1769605961.967708,862,90.96088409423828
1769605969.0396197,863,100.73515319824219
1769613168.813496,1,0.05735161527991295
1769613175.8515308,2,-0.06612885743379593
1769613183.3465157,3,-0.10332055389881134
1769613227.113866,4,0.24164338409900665
1769613227.2694328,5,-0.530677080154419
1769613250.0311408,6,0.6522485613822937
1769613266.0264275,7,1.7419928312301636
1769613268.1029923,8,1.6514710187911987
1769613268.2298856,9,1.0477086305618286
1769613274.7333384,10,2.2931365966796875
1769613291.6109326,11,3.3917036056518555
1769613292.2271736,12,3.3159046173095703
1769613321.4649506,13,5.791515350341797
1769613322.9968772,14,5.9676408767700195
1769613329.5272572,15,6.654544353485107
1769613329.6542568,16,3.646409511566162
1769613339.263139,17,7.187229156494141
1769613339.389177,18,5.683690071105957
1769613339.515295,19,6.473961353302002
1769613342.0533602,20,7.116493225097656
1769613367.9514062,21,8.986682891845703
1769613371.0454113,22,9.565863609313965
1769613376.605835,23,9.752026557922363
1769613384.4503994,24,13.148246765136719
1769613389.04729,25,13.699609756469727
1769613402.0390031,26,15.911818504333496
1769613416.3909729,27,16.238676071166992
1769613425.6105676,28,17.486536026000977
1769613432.2433357,29,17.947162628173828
1769613432.3680296,30,8.719969749450684
1769613435.1473055,31,13.742063522338867
1769613435.2746887,32,11.13783073425293
1769613438.3554285,33,16.4509220123291
1769613466.5798974,34,20.383880615234375
1769613498.541039,35,20.663387298583984
1769613504.1336339,36,20.937026977539062
1769613524.6360981,37,21.92339515686035
1769613548.4996989,38,23.368289947509766
1769613552.0825272,39,23.805736541748047
1769613562.3314319,40,23.915603637695312
1769613562.4600246,41,24.08725357055664
1769613563.412531,42,21.647720336914062
1769613573.1961682,43,23.64296531677246
1769613575.325894,44,23.815324783325195
1769613581.3750966,45,23.95818328857422
1769613587.6938412,46,24.61280632019043
1769613626.7039719,47,25.542945861816406
1769613643.7609863,48,25.826889038085938
1769613643.892901,49,18.910999298095703
1769613645.321036,50,23.186141967773438
1769613649.7773616,51,26.133132934570312
1769613662.6329072,52,25.286006927490234
1769613666.6845973,53,24.87567710876465
1769613683.3807096,54,26.10658836364746
1769613684.5904894,55,25.116111755371094
1769613689.9197025,56,26.88152503967285
1769613696.9538386,57,26.33684730529785
1769613703.9199708,58,26.41905975341797
1769613719.86468,59,27.408906936645508
1769613723.991889,60,26.277423858642578
1769613738.7420294,61,28.569141387939453
1769613741.7992575,62,26.811742782592773
1769613743.73904,63,28.265764236450195
1769613790.2458563,64,30.651155471801758
1769613875.215547,65,28.807287216186523
1769613889.1986756,66,30.996429443359375
1769613898.8442872,67,31.187469482421875
1769613937.436025,68,33.87197494506836
1769613956.4720943,69,38.12044143676758
1769613960.2587924,70,33.572914123535156
1769613963.4525356,71,37.6624641418457
1769613969.5330262,72,37.29994201660156
1769613976.236107,73,38.01503372192383
1769614013.2706828,74,39.44123458862305
1769614013.4195838,75,30.919004440307617
1769614013.7137415,76,32.91343307495117
1769614016.7843125,77,38.97609329223633
1769614021.8732557,78,38.916683197021484
1769614055.054996,79,39.69708251953125
1769614063.4294345,80,38.69514846801758
1769614067.0568957,81,39.741477966308594
1769614086.427127,82,39.52975845336914
1769614087.9837556,83,37.922882080078125
1769614090.0233984,84,34.20942687988281
1769614098.602241,85,39.48103332519531
1769614099.098426,86,31.91889762878418
1769614101.8729575,87,34.143306732177734
1769614126.9579315,88,39.64025115966797
1769614141.7435663,89,39.781593322753906
1769614141.8752153,90,28.148420333862305
1769614144.8069968,91,33.995704650878906
1769614144.93371,92,27.029155731201172
1769614152.539802,93,39.20046615600586
1769614167.7950337,94,38.842288970947266
1769614284.5265253,95,33.78459548950195
1769614298.020267,96,39.40752029418945
1769614338.5428636,97,38.68715286254883
1769614364.7563407,98,39.04469299316406
1769614370.0412533,99,33.59832000732422
1769614410.5286329,100,38.783599853515625
1769614416.8143053,101,37.96852111816406
1769614461.3558207,102,37.82746887207031
1769614467.0989642,103,31.20516014099121
1769614494.8694866,104,36.65189743041992
1769614514.027763,105,35.47239685058594
1769614519.9493046,106,35.61721420288086
1769614520.5629616,107,27.125715255737305
1769614531.8023744,108,33.674339294433594
1769614534.9513278,109,33.851890563964844
1769614580.7651043,110,34.69816970825195
1769614638.0652754,111,32.70294952392578
1769614641.7988653,112,33.961483001708984
1769614857.5362027,113,34.54054260253906
1769614862.726773,114,33.151145935058594
1769614862.88869,115,25.52353286743164
1769614863.0160558,116,24.31080436706543
1769614864.5433059,117,28.136030197143555
1769614883.893642,118,31.975292205810547
1769614884.0304542,119,15.933858871459961
1769614890.1723998,120,28.234880447387695
1769614906.3024948,121,33.44944763183594
1769614959.992741,122,33.21483612060547
1769615008.316068,123,30.3714542388916
1769615026.0315962,124,32.378379821777344
1769615043.9848201,125,32.92890548706055
1769615054.2991512,126,31.57845687866211
1769615072.230484,127,32.84074401855469
1769615079.252677,128,28.671310424804688
1769615084.4663177,129,29.531993865966797
1769615090.5708716,130,29.064186096191406
1769615090.9365249,131,29.313508987426758
1769615095.6980753,132,29.27172088623047
1769615098.4412239,133,29.86857795715332
1769615110.0895908,134,29.772661209106445
1769615137.717424,135,32.89040756225586
1769615184.9042544,136,33.603424072265625
1769615185.0698483,137,21.406694412231445
1769615207.495213,138,33.26683807373047
1769615231.800777,139,32.10323715209961
1769615241.3349583,140,31.29389762878418
1769615244.927257,141,28.339689254760742
1769615279.7920456,142,33.884361267089844
1769615349.7766147,143,33.54994201660156
1769615369.813544,144,33.396881103515625
1769615383.001028,145,29.52386474609375
1769615391.280644,146,30.998451232910156
1769615403.7226098,147,29.526376724243164
1769615474.6828754,148,33.40243148803711
1769615475.5304518,149,26.622516632080078
1769615479.7394762,150,29.394052505493164
1769615484.7452269,151,33.210205078125
1769615487.7992978,152,28.553951263427734
1769615487.9225423,153,25.854442596435547
1769615488.5749736,154,25.91384506225586
1769615514.1610646,155,30.01045799255371
1769615520.0429473,156,33.023651123046875
1769615548.5613747,157,32.5406494140625
1769615560.2804337,158,32.34146499633789
1769615583.7183485,159,32.88211441040039
1769615587.879745,160,28.431602478027344
1769615588.0085225,161,18.83929443359375
1769615588.6063929,162,27.99920654296875
1769615602.3194432,163,31.66224479675293
1769615620.9690633,164,31.107118606567383
1769615622.2783535,165,29.800321578979492
1769615624.8006387,166,28.942535400390625
1769615624.9237478,167,22.633745193481445
1769615626.4176989,168,28.339641571044922
1769615627.566896,169,21.980243682861328
1769615641.6917024,170,32.589385986328125
1769615689.2654238,171,29.33316421508789
1769615702.4104817,172,33.89615249633789
1769615727.5295253,173,33.23557662963867
1769615755.0510914,174,32.17034912109375
1769615850.3161073,175,35.043460845947266
1769615864.4341745,176,35.9435920715332
1769615870.7055173,177,32.48953628540039
1769615873.3374984,178,34.92020034790039
1769615951.7048523,179,36.902366638183594
1769615955.9316146,180,32.54090118408203
1769615963.5490801,181,34.31194305419922
1769615964.908304,182,28.125993728637695
1769615966.3789854,183,29.116413116455078
1769615978.9946918,184,37.25538635253906
1769616005.7301939,185,37.46653747558594
1769616009.3376462,186,29.88970375061035
1769616034.4667845,187,34.69942855834961
1769616035.5129726,188,28.122703552246094
1769616038.3357694,189,37.523765563964844
1769616044.2937102,190,37.52891540527344
1769616049.4954677,191,33.899749755859375
1769616078.2083976,192,34.413883209228516
1769616092.3717234,193,35.01752471923828
1769616096.431651,194,31.390779495239258
1769616097.914904,195,29.677326202392578
1769616105.2469945,196,33.15523147583008
1769616109.7528958,197,33.85551452636719
1769616126.472896,198,34.530174255371094
1769616133.9906552,199,36.40309143066406
1769616139.85559,200,34.44480514526367
1769616148.5112145,201,33.31083297729492
1769616158.0329158,202,36.256290435791016
1769616178.5160763,203,37.607994079589844
1769616184.5207996,204,33.79359817504883
1769616196.6913834,205,36.23250961303711
1769616196.8204494,206,23.48092269897461
1769616196.939759,207,25.998214721679688
1769616247.8020928,208,37.931819915771484
1769616250.060809,209,34.2282600402832
1769616296.7999358,210,40.04145812988281
1769616298.2178113,211,31.83332061767578
1769616312.3132188,212,38.584800720214844
1769616345.7485402,213,37.196285247802734
1769616358.4875095,214,37.708213806152344
1769616376.2995982,215,40.329139709472656
1769616379.7370248,216,36.741695404052734
1769616382.8132706,217,30.99065589904785
1769616383.2384925,218,34.80783462524414
1769616389.7347205,219,35.252342224121094
1769616400.6346836,220,40.57537078857422
1769616405.4190972,221,40.1630744934082
1769616420.1556902,222,36.10396194458008
1769616420.3134277,223,16.822572708129883
1769616435.5109167,224,40.570411682128906
1769616458.551493,225,38.273643493652344
1769616484.0168583,226,38.14952850341797
1769616490.4732864,227,35.25785827636719
1769616503.3680897,228,38.166385650634766
1769616503.4990551,229,17.11439323425293
1769616520.6556103,230,38.880611419677734
1769616527.946953,231,37.64641189575195
1769616561.4811912,232,38.19612503051758
1769616567.144965,233,38.9812126159668
1769616572.7250662,234,37.335479736328125
1769616576.592373,235,33.263328552246094
1769616576.717466,236,27.601804733276367
1769616583.2843218,237,35.917354583740234
1769616604.0476723,238,37.230655670166016
1769616608.2372797,239,33.717227935791016
1769616609.574241,240,36.514015197753906
1769616610.971789,241,37.31780242919922
1769616622.591779,242,37.694786071777344
1769616633.3117545,243,36.637393951416016
1769616666.4509952,244,38.22728729248047
1769616669.7787206,245,33.40019989013672
1769616669.9035394,246,26.053390502929688
1769616691.1353312,247,38.44481658935547
1769616706.118106,248,37.35713577270508
1769616714.7098641,249,34.05447006225586
1769616744.8400002,250,36.85195541381836
1769616751.0650942,251,34.88372802734375
1769616755.7992482,252,36.22141647338867
1769616762.4434168,253,34.17030715942383
1769616762.5727844,254,22.880964279174805
1769616780.9075756,255,36.81980514526367
1769616789.8476698,256,36.314796447753906
1769616790.004658,257,20.183216094970703
1769616794.769477,258,34.394039154052734
1769616802.0990567,259,36.7071418762207
1769616802.2259474,260,24.157135009765625
1769617073.7780638,261,39.993953704833984
1769617116.7308528,262,41.28516387939453
1769617119.6476943,263,38.54473876953125
1769617129.4862254,264,40.50328063964844
1769617392.596416,265,49.06687545776367
1769617423.4217937,266,48.94132995605469
1769617433.9398553,267,50.37889862060547
1769617440.6883974,268,46.867828369140625
1769617443.99389,269,45.21929931640625
1769617444.823503,270,42.60466384887695
1769617449.479211,271,45.29728317260742
1769617473.6186528,272,49.2446403503418
1769617486.569573,273,52.25244140625
1769617493.2364428,274,49.59812545776367
1769617497.7719293,275,50.538002014160156
1769617504.5281935,276,52.54735565185547
1769617510.8361928,277,46.82583999633789
1769617523.399784,278,49.93846130371094
1769617537.0831234,279,52.51285934448242
1769617547.0350287,280,50.91462707519531
1769617564.945384,281,52.12858581542969
1769617565.0813363,282,34.067874908447266
1769617575.9212945,283,52.619449615478516
1769617590.5828655,284,53.38338088989258
1769617611.3542738,285,50.41047286987305
1769617615.2318876,286,47.05335235595703
1769617646.694798,287,55.16611862182617
1769617649.695869,288,52.76948547363281
1769617714.5600073,289,54.73045349121094
1769617731.7186944,290,53.77777862548828
1769617739.859623,291,53.83150863647461
1769617751.8707254,292,55.9824104309082
1769617808.6815808,293,58.1876335144043
1769617823.735335,294,58.748023986816406
1769617825.2374938,295,52.22645568847656
1769617843.5997257,296,58.18616485595703
1769617843.737211,297,28.73891258239746
1769617844.4664543,298,46.7879753112793
1769617869.9776754,299,59.939674377441406
1769617880.5308435,300,59.67676544189453
1769617884.7149875,301,58.01312255859375
1769617893.3320522,302,60.21195602416992
1769617897.8036633,303,52.658973693847656
1769617900.659369,304,59.75075912475586
1769617906.7968328,305,53.66877746582031
1769617938.1575284,306,55.985225677490234
1769617952.2542777,307,58.46293258666992
1769617957.4154012,308,58.74430465698242
1769618008.275579,309,60.9744987487793
1769618008.4398794,310,33.02610778808594
1769618021.300441,311,61.127010345458984
1769618024.172756,312,54.848243713378906
1769618040.9029632,313,60.11788558959961
1769618051.8497145,314,58.86783218383789
1769618055.5605578,315,56.45378875732422
1769618062.7751558,316,61.7038459777832
1769618085.134544,317,61.580116271972656
1769618096.8446527,318,58.289695739746094
1769618121.91672,319,62.042236328125
1769618129.0297987,320,56.07661819458008
1769618139.7856874,321,60.5085563659668
1769618167.322773,322,63.28692626953125
1769618190.5872176,323,62.402008056640625
1769618226.1027842,324,63.04972839355469
1769618236.5384731,325,60.112342834472656
1769618277.2413294,326,64.01306915283203
1769618323.0805807,327,64.10880279541016
1769618353.9071906,328,64.30384826660156
1769618388.245725,329,64.19134521484375
1769618403.2442205,330,65.65625
1769618409.806393,331,64.64684295654297
1769618422.4959133,332,65.6389389038086
1769618424.5713992,333,62.4003791809082
1769618426.1208925,334,62.45490646362305
1769618437.1102028,335,64.4161376953125
1769618454.2312899,336,66.07890319824219
1769618533.3101957,337,66.66497802734375
1769618538.565922,338,65.941162109375
1769618538.8690937,339,58.6075553894043
1769618549.0353937,340,65.67501068115234
1769618599.1943512,341,67.5162582397461
1769618643.7721887,342,65.52488708496094
1769618659.3141553,343,65.58519744873047
1769618678.0597656,344,68.70521545410156
1769618692.782843,345,67.86711883544922
1769618701.101453,346,66.80048370361328
1769618729.5791967,347,68.31314849853516
1769618737.1892276,348,68.31790161132812
1769618753.6888366,349,69.39847564697266
1769618757.7830489,350,71.09725952148438
1769618760.114146,351,69.3283462524414
1769618763.1522982,352,66.42176055908203
1769618763.2776692,353,48.635047912597656
1769618770.332604,354,69.89064025878906
1769618774.8347194,355,64.53531646728516
1769618778.4093769,356,66.45075988769531
1769618850.3806918,357,72.1540298461914
1769618862.7829504,358,69.94197845458984
1769618897.3353713,359,74.31220245361328
1769618983.2493765,360,70.5145034790039
1769618999.9532018,361,71.0792236328125
1769619006.4887488,362,67.20124053955078
1769619010.732843,363,72.87320709228516
1769619035.1829967,364,74.71864318847656
1769619068.36576,365,72.26834106445312
1769619075.6406806,366,71.2760238647461
1769619137.9075718,367,74.52837371826172
1769619144.1715262,368,68.41383361816406
1769619144.3007011,369,54.469974517822266
1769619144.9070313,370,65.83985900878906
1769619151.4415157,371,72.1645278930664
1769619152.4760854,372,76.65216064453125
1769619165.4091694,373,70.28595733642578
1769619173.8014538,374,75.30046844482422
1769619182.8351295,375,75.73992919921875
1769619182.9606962,376,51.378536224365234
1769619189.5174572,377,73.7806396484375
1769619194.5388727,378,71.92195129394531
1769619236.048258,379,77.59638977050781
1769619241.0345066,380,73.05461883544922
1769619261.6274564,381,74.3384780883789
1769619309.3647363,382,77.77919006347656
1769619331.2472913,383,78.20850372314453
1769619334.425884,384,62.923946380615234
1769619335.4944677,385,66.29764556884766
1769619339.768835,386,71.6381607055664
1769619345.0339687,387,67.84808349609375
1769619351.34264,388,74.6089859008789
1769619354.2346296,389,75.40601348876953
1769619364.4630394,390,76.64956665039062
1769619369.064055,391,78.9354019165039
1769619378.0705721,392,74.22163391113281
1769619385.847409,393,73.46700286865234
1769619392.171521,394,77.2491683959961
1769619406.0258658,395,79.03166198730469
1769619430.4723363,396,77.80524444580078
1769619444.1493914,397,77.54660034179688
1769619471.601891,398,77.76461791992188
1769619483.2799125,399,75.01712036132812
1769619500.601182,400,72.83129119873047
1769619503.6437154,401,71.55603790283203
1769619525.1744356,402,76.70648956298828
1769619526.53421,403,69.8320541381836
1769619582.182835,404,80.55818939208984
1769619591.4523938,405,72.69988250732422
1769619597.579338,406,78.73387145996094
1769619616.2090366,407,76.64027404785156
1769619704.7465475,408,79.61914825439453
1769619733.2284775,409,80.55913543701172
1769619736.080893,410,80.8165054321289
1769619747.9924984,411,79.6826171875
1769619753.362948,412,77.83646392822266
1769619762.5044699,413,80.88298797607422
1769619953.2318625,414,81.52693176269531
1769619958.2287467,415,73.595703125
1769619964.8709815,416,76.26415252685547
1769619965.0051956,417,49.4094352722168
1769620012.7211545,418,79.31256866455078
1769620101.7470264,419,76.80046081542969
1769620107.2208376,420,70.04090881347656
1769620110.3547194,421,66.4315414428711
1769620115.8938746,422,76.1889877319336
1769620125.778674,423,76.30278015136719
1769620135.0578475,424,76.72067260742188
1769620138.8488858,425,72.52437591552734
1769620140.4773154,426,72.20111083984375
1769620140.5983906,427,64.71463775634766
1769620161.7484624,428,78.96691131591797
1769620169.5990384,429,73.98143005371094
1769620187.9941878,430,78.03175354003906
1769620189.153371,431,57.21240234375
1769620211.5028334,432,78.44367218017578
1769620245.0713828,433,78.43807983398438
1769620261.798623,434,75.01111602783203
1769620263.9164782,435,66.82156372070312
1769620282.2888012,436,76.0645523071289
1769620320.3308163,437,75.6649398803711
1769620332.0526578,438,73.64083862304688
1769620342.7200253,439,72.05985260009766
1769620348.7331023,440,74.18563079833984
1769620373.884987,441,74.15834045410156
1769620444.0529926,442,70.33708190917969
1769620450.9517763,443,74.35970306396484
1769620471.573198,444,75.77764129638672
1769620480.5321357,445,71.17471313476562
1769620486.1325197,446,72.25774383544922
1769620495.0062497,447,71.526123046875
1769620508.078505,448,75.44694519042969
1769620510.426824,449,66.47106170654297
1769620519.7987342,450,74.10530853271484
1769620529.4721472,451,74.62677764892578
1769620529.723197,452,45.63010787963867
1769620536.6726775,453,65.57624053955078
1769620564.9223201,454,74.20421600341797
1769620576.407254,455,70.01105499267578
1769620589.3213017,456,73.74644470214844
1769620590.3616302,457,56.2752799987793
1769620593.1681,458,71.08534240722656
1769620602.4860024,459,68.37109375
1769620609.3227274,460,72.55146789550781
1769620610.2676706,461,70.43131256103516
1769620630.012458,462,70.57318115234375
1769620704.7308176,463,72.37066650390625
1769620726.8951051,464,71.57758331298828
1769620792.313138,465,70.89746856689453
1769620792.4403327,466,35.303382873535156
1769620805.4595516,467,70.24812316894531
1769620830.150278,468,69.70228576660156
1769620857.8189063,469,68.74132537841797
1769620858.473477,470,51.23876953125
1769620872.507352,471,69.84542846679688
1769620903.344192,472,68.22722625732422
1769620909.7094874,473,67.99134826660156
1769620917.684917,474,66.19424438476562
1769620959.8249285,475,67.47211456298828
1769620984.2833683,476,66.6279296875
1769621014.455068,477,66.06421661376953
1769621014.606527,478,35.83335494995117
1769621032.1800907,479,63.5334358215332
1769621058.7295077,480,75.6502914428711
1769621063.517808,481,74.03504180908203
1769621084.6806777,482,74.77569580078125
1769621084.8444428,483,35.01687240600586
1769621096.4885983,484,73.73771667480469
1769621145.0410283,485,72.02753448486328
1769621156.0156105,486,74.25650787353516
1769621189.3119297,487,74.04302215576172
1769621189.479436,488,32.27651596069336
1769621193.4964833,489,70.7295150756836
1769621219.6896477,490,73.49446105957031
1769621227.0304165,491,72.4478530883789
1769621230.0536368,492,73.06596374511719
1769621237.3860435,493,69.37110137939453
1769621238.5025477,494,67.19432067871094
1769621264.7907338,495,73.06344604492188
1769621271.3197114,496,72.51653289794922
1769621280.2790635,497,72.6165542602539
1769621293.7525673,498,71.77776336669922
1769621323.5517895,499,72.61450958251953
1769621333.9495804,500,72.87077331542969
1769621344.776978,501,73.14895629882812
1769621348.2876222,502,71.24962615966797
1769621358.625456,503,71.68553161621094
1769621363.180457,504,69.20101165771484
1769621364.2187042,505,69.09188842773438
1769621372.0583417,506,70.64720153808594
1769621429.6539319,507,72.57740783691406
1769621442.9045348,508,71.19277954101562
1769621502.3245115,509,73.50836944580078
1769621522.1245294,510,72.31102752685547
1769621527.3098087,511,70.29203033447266
1769621534.4549556,512,72.83196258544922
1769621560.9076207,513,73.26274871826172
1769621566.430062,514,67.8103256225586
1769621570.4260798,515,68.9520034790039
1769621575.2907982,516,67.10157775878906
1769621591.8299425,517,72.57071685791016
1769621593.689623,518,68.44496154785156
1769621598.974028,519,69.59064483642578
1769621606.35977,520,68.9942398071289
1769621606.8457847,521,50.7223014831543
1769621637.1194367,522,70.52779388427734
1769621662.8184888,523,67.3890380859375
1769621670.3890235,524,70.47476959228516
1769621712.5083435,525,116.92438507080078
1769621712.6843026,526,36.89825439453125
1769621712.8125007,527,22.433761596679688
1769621713.4861846,528,69.9024429321289
1769621715.1634426,529,111.7070083618164
1769621718.0809681,530,111.08866119384766
1769621752.5658865,531,117.94647979736328
1769621778.793986,532,114.7652816772461
1769621782.8635628,533,94.24151611328125
1769621784.697779,534,110.67190551757812
1769621787.3901763,535,99.25202941894531
1769621793.6301398,536,114.45732879638672
1769621880.691009,537,113.55560302734375
1769621906.2716217,538,113.818115234375
1769621937.2039526,539,114.54988861083984
1769621948.6464365,540,113.05834197998047
1769621955.159561,541,100.81439971923828
1769622120.5764897,542,112.98501586914062
1769622120.849892,543,23.008270263671875
1769622159.186239,544,108.92730712890625
1769622195.4227364,545,108.94316864013672
1769622325.3590164,546,107.90086364746094
1769622346.8221724,547,109.17720031738281
1769622346.964452,548,18.19416046142578
1769622365.0413306,549,108.82595825195312
1769622374.4185858,550,104.40352630615234
1769622386.172417,551,106.95952606201172
1769622404.0461838,552,108.49931335449219
1769622416.6907952,553,109.30584716796875
1769622419.887131,554,77.06880950927734
1769622420.0133104,555,26.197830200195312
1769622455.1640518,556,106.40568542480469
1769622456.6152377,557,46.65916442871094
1769622471.1613648,558,109.03321838378906
1769622477.3499792,559,98.91160583496094
1769622495.3136425,560,107.70686340332031
1769622502.4215643,561,104.77986907958984
1769622502.5477037,562,36.05765914916992
1769622524.7513459,563,106.46272277832031
1769622565.738578,564,106.63253021240234
1769622571.2110255,565,107.46261596679688
1769622605.678869,566,103.8748550415039
1769622680.9129677,567,97.87834167480469
1769622682.8041701,568,97.28477478027344
1769622684.0572002,569,45.33230972290039
1769622688.6167843,570,91.84529876708984
1769622704.8240848,571,100.5472183227539
1769622713.47123,572,99.83806610107422
1769622713.608739,573,29.527055740356445
1769622718.1855476,574,99.43354034423828
1769622769.8744795,575,102.80517578125
1769622792.7915847,576,96.90935516357422
1769622804.3157463,577,101.36158752441406
1769622826.9048173,578,97.94104766845703
1769622827.0529587,579,38.49017333984375
1769622866.4770627,580,100.98654174804688
1769622873.894017,581,99.52062225341797
1769622876.2791014,582,52.98866271972656
1769622876.760165,583,43.193363189697266
1769622887.9260256,584,94.00224304199219
1769622888.0577333,585,37.24396896362305
1769622888.179863,586,16.183137893676758
1769622892.7204967,587,94.02977752685547
1769623124.1726177,588,98.28313446044922
1769623226.438535,589,93.1151351928711
1769623311.5716453,590,94.13885498046875
1769623325.8475773,591,80.08403778076172
1769623355.1982186,592,93.17384338378906
1769623366.5448208,593,92.86223602294922
1769623449.560908,594,73.46165466308594
1769623457.0983522,595,88.418212890625
1769623518.2895107,596,90.98173522949219
1769623534.0891485,597,87.20536041259766
1769623546.8275554,598,84.0892333984375
1769623548.3086605,599,64.95841979980469
1769623558.0425508,600,85.3553237915039
1769623571.0802052,601,84.09754943847656
1769623587.3545249,602,86.32518005371094
1769623591.9372296,603,82.18914794921875
1769623597.4632187,604,77.05294036865234
1769623610.834389,605,83.80885314941406
1769623617.149684,606,72.44305419921875
1769623620.671165,607,64.26972961425781
1769623624.6244404,608,69.83587646484375
1769623624.7493865,609,29.990354537963867
1769623627.2420275,610,72.9815444946289
1769623659.5165913,611,81.8145523071289
1769623659.9587939,612,75.8532485961914
1769623664.790574,613,61.7516975402832
1769623683.3907905,614,81.21533203125
1769623708.1820967,615,80.032470703125
1769623749.422935,616,81.87439727783203
1769623844.3932214,617,67.39300537109375
1769623856.0696645,618,76.9122085571289
1769623868.2028089,619,75.63225555419922
1769623873.1125088,620,63.12818145751953
1769623879.1740377,621,79.2024154663086
1769623903.2240696,622,74.60945892333984
1769623909.075621,623,78.18585205078125
1769623918.5033274,624,74.95013427734375
1769623922.3431194,625,73.34333801269531
1769623957.1281307,626,74.83097076416016
1769623986.5902927,627,73.4240951538086
1769623986.7366376,628,23.326335906982422
1769624152.342739,629,71.44789123535156
1769624298.671041,630,67.31878662109375
1769624311.6343873,631,67.8609848022461
1769624519.1194484,632,66.52503967285156
1769624519.4450114,633,44.605918884277344
1769624519.88005,634,60.96406555175781
1769624523.2490237,635,63.07331466674805
1769624528.5552907,636,59.8903694152832
1769624543.2447786,637,66.40884399414062
1769624574.9322782,638,65.54718780517578
1769624691.1650798,639,64.12885284423828
1769624714.617221,640,62.92184829711914
1769624723.1500363,641,65.59038543701172
1769624731.4304943,642,63.21628189086914
1769624737.3860245,643,56.59330749511719
1769624737.6474085,644,61.489742279052734
1769624750.6180315,645,63.413612365722656
1769624805.2980008,646,61.9782600402832
1769624810.8352292,647,59.279197692871094
1769624844.585478,648,60.24152374267578
1769624874.1947973,649,57.423213958740234
1769624893.1647522,650,57.60672378540039
1769624893.97017,651,48.19731903076172
1769624911.336028,652,58.886383056640625
1769624914.9084082,653,54.139522552490234
1769624915.0322917,654,22.569198608398438
1769624935.502239,655,57.014644622802734
1769624939.7833858,656,56.39894104003906
1769625096.6948092,657,54.883480072021484
1769625107.7867002,658,54.59658432006836
1769625115.2539456,659,51.767269134521484
1769625115.38129,660,45.43327331542969
1769625132.989535,661,51.56943130493164
1769625133.1318989,662,41.51723861694336
1769625193.821079,663,56.901756286621094
1769625223.7836368,664,54.18538284301758
1769625240.5210094,665,52.576210021972656
1769625241.9613125,666,54.06416320800781
1769625306.7619603,667,53.14750671386719
1769625316.4625726,668,48.782196044921875
1769625316.5921822,669,43.68265914916992
1769625319.0722294,670,48.45332336425781
1769701340.8429694,1,0.06612814962863922
1769701371.3687947,2,-0.07802581787109375
1769701407.8933985,3,-0.23192927241325378
1769701560.559898,4,-0.28124675154685974
1769701560.8135328,5,-2.6264495849609375
1769701608.4804122,6,-1.730078935623169
1769701663.2084613,7,-1.8032320737838745
1769701689.544731,8,-2.155416250228882
1769701712.586378,9,-1.0891903638839722
1769701715.2973187,10,-1.7659813165664673
1769701721.8313396,11,-1.15800142288208
1769701725.6057754,12,-1.548197865486145
1769701731.5647025,13,-0.8133692145347595
1769701742.1440687,14,-0.8943892121315002
1769701743.679899,15,-0.6725622415542603
1769701747.0781925,16,-0.5847344398498535
1769701757.8500874,17,-0.3814523220062256
1769701759.2673273,18,-0.3258432149887085
1769701763.7500076,19,-0.037351351231336594
1769701763.871631,20,-3.0184543132781982
1769701772.1052291,21,0.2572227716445923
1769701776.2656531,22,0.41792380809783936
1769701805.2325678,23,0.8744714260101318
1769701807.69557,24,0.07795713096857071
1769702040.6116118,25,4.846319675445557
1769702152.749396,26,5.195847511291504
1769702153.8108678,27,5.212533950805664
1769702160.9463897,28,4.554152488708496
1769702161.143122,29,1.8659827709197998
1769702175.4860299,30,5.215948104858398
1769702180.9282174,31,5.337801933288574
1769702187.3312166,32,5.620917797088623
1769702203.2897782,33,5.131497859954834
1769702206.3785295,34,4.905367851257324
1769702257.9467702,35,6.048402786254883
1769702263.0120642,36,5.896454811096191
1769702281.5119982,37,6.289961814880371
1769702292.5645194,38,6.093417167663574
1769702309.5681665,39,6.787439346313477
1769702414.867345,40,7.671907424926758
1769702463.685444,41,7.734126567840576
1769702468.6157365,42,7.245851993560791
1769702476.0173473,43,6.96360969543457
1769702500.2878697,44,7.6200032234191895
1769702510.728249,45,6.948724269866943
1769702510.8613582,46,4.43976354598999
1769702513.2151928,47,6.118609428405762
1769702521.6110554,48,7.994098663330078
1769702532.8674645,49,7.911995887756348
1769702535.9648645,50,5.440218925476074
1769702541.2291718,51,8.55968189239502
1769702543.5361185,52,5.7579240798950195
1769702551.311501,53,7.244637966156006
1769702587.2575948,54,8.991472244262695
1769702594.8904803,55,8.722121238708496
1769702597.0828617,56,8.725388526916504
1769702623.0802455,57,9.815217018127441
1769702623.232013,58,4.10552978515625
1769702646.1124713,59,10.123526573181152
1769702654.7183933,60,10.331094741821289
1769702654.849203,61,5.436954498291016
1769702659.696586,62,10.215509414672852
1769702688.8613255,63,10.235559463500977
1769702694.7585475,64,10.222987174987793
1769702710.5541701,65,10.559551239013672
1769702716.9320612,66,10.549951553344727
1769702839.3539867,67,11.022217750549316
1769702862.9849727,68,11.243212699890137
1769702863.139379,69,7.330224990844727
1769702881.4246614,70,10.708344459533691
1769702885.5111918,71,11.910781860351562
1769702885.6393895,72,5.85067081451416
1769702885.7618597,73,8.878238677978516
1769702932.3617034,74,11.688647270202637
1769702980.3919632,75,12.55815601348877
1769702983.6989524,76,11.318828582763672
1769702986.318149,77,10.688197135925293
1769703004.832617,78,12.411003112792969
1769703010.65372,79,10.620885848999023
1769703018.3939025,80,10.752616882324219
1769703034.1635425,81,11.874612808227539
1769703099.331145,82,13.526324272155762
1769703109.5849628,83,12.792197227478027
1769703202.1700487,84,13.06934642791748
1769703258.174005,85,12.587957382202148
1769703268.36631,86,12.457365989685059
1769703274.1782715,87,12.126585960388184
1769703279.337994,88,13.472513198852539
1769703279.4677393,89,12.529680252075195
1769703286.8577096,90,12.300823211669922
1769703293.2567818,91,12.997236251831055
1769703304.001539,92,13.213842391967773
1769703350.3557618,93,13.467900276184082
1769703357.3291416,94,13.311365127563477
1769703362.4815788,95,12.104262351989746
1769703382.947843,96,14.136344909667969
1769703465.4891388,97,14.292011260986328
1769703472.6736348,98,15.037946701049805
1769703544.7993624,99,14.526107788085938
1769703544.940198,100,12.195734977722168
1769703545.0675364,101,5.340786457061768
1769703554.950314,102,14.583773612976074
1769703678.3136597,103,14.967275619506836
1769703724.607129,104,15.024662017822266
1769703751.1690242,105,14.65337085723877
1769703769.132781,106,15.45965576171875
1769703771.8620913,107,13.792662620544434
1769703777.5853546,108,15.6904878616333
1769703782.759005,109,15.106391906738281
1769703789.602436,110,15.039220809936523
1769703792.8088892,111,15.245460510253906
1769704146.0148768,112,17.93733024597168
1769704243.7580972,113,14.854830741882324
1769704274.9406095,114,15.572446823120117
1769704348.6092544,115,18.672870635986328
1769704353.7982793,116,15.103761672973633
1769704353.9264514,117,10.727352142333984
1769704429.9393573,118,18.752349853515625
1769704586.6373587,119,21.24427032470703
1769704586.9157755,120,11.782310485839844
1769704638.9633462,121,21.422264099121094
1769704697.543686,122,14.011698722839355
1769704703.8587778,123,19.65190315246582
1769704728.7757907,124,21.478090286254883
1769704740.914874,125,22.155683517456055
1769704750.5640748,126,19.042016983032227
1769704761.7913046,127,22.206615447998047
1769704766.6336837,128,19.29415512084961
1769704770.1478355,129,22.123506546020508
1769704812.732188,130,22.0554141998291
1769704818.8946354,131,20.16058921813965
1769704836.012065,132,21.833105087280273
1769704845.7760158,133,22.413110733032227
1769704846.8441274,134,22.229738235473633
1769704849.9144633,135,19.548276901245117
1769704851.2765791,136,18.83443832397461
1769704886.297268,137,23.413612365722656
1769704899.694549,138,21.91917610168457
1769704908.7234576,139,23.36145782470703
1769704913.5331717,140,24.212873458862305
1769704927.8555202,141,23.72623062133789
1769704930.221271,142,19.205337524414062
1769704957.793838,143,25.098613739013672
1769705001.9301648,144,23.73175621032715
1769705012.4871192,145,23.118865966796875
1769705075.4300466,146,25.833925247192383
1769705099.5817258,147,26.253639221191406
1769705112.2720325,148,25.03106689453125
1769705115.8388402,149,26.922374725341797
1769705121.06158,150,24.94882583618164
1769705124.547036,151,27.08830451965332
1769705130.200894,152,25.649045944213867
1769705131.5835772,153,22.251052856445312
1769705163.5489924,154,26.22908592224121
1769705180.233398,155,25.390419006347656
1769705190.9260125,156,25.11685562133789
1769705209.3903806,157,26.363943099975586
1769705219.8971019,158,26.41303825378418
1769705272.5862398,159,28.81072235107422
1769705281.4758403,160,27.924203872680664
1769705289.4302244,161,25.91387176513672
1769705291.3327944,162,25.072370529174805
1769705303.1911526,163,26.504241943359375
1769705312.4535003,164,25.002864837646484
1769705379.5986588,165,28.16393280029297
1769705419.8663902,166,26.092666625976562
1769705427.114775,167,25.61610221862793
1769705427.2371547,168,12.645655632019043
1769705434.159683,169,27.963220596313477
1769705469.4849596,170,102.60476684570312
1769705488.967072,171,26.489459991455078
1769705495.7144473,172,25.88679313659668
1769705522.5987675,173,105.560791015625
1769705524.5880506,174,23.20581817626953
1769705564.3423417,175,28.627622604370117
1769705567.9711359,176,26.396968841552734
1769705587.7758052,177,29.24374771118164
1769705660.924578,178,29.136926651000977
1769705711.881302,179,88.74604034423828
1769705786.408105,180,23.000335693359375
1769705790.2761762,181,24.638120651245117
1769705806.6212697,182,76.09799194335938
1769705815.022658,183,28.613222122192383
1769705829.759093,184,74.08873748779297
1769705833.0277784,185,28.678131103515625
1769705835.5555077,186,22.354032516479492
1769705838.409114,187,24.202245712280273
1769705853.3187053,188,26.03702735900879
1769705870.9896953,189,24.975662231445312
1769705872.0965545,190,25.2217960357666
1769705880.0760756,191,25.259397506713867
1769705895.1763186,192,28.25139617919922
1769705911.6241677,193,28.97760772705078
1769705948.9872503,194,29.492521286010742
1769705951.312687,195,25.091567993164062
1769705967.941379,196,28.89278793334961
1769705971.6504636,197,29.65559959411621
1769706003.7837453,198,29.870084762573242
1769706031.3848488,199,60.32790756225586
1769706073.9314268,200,27.082754135131836
1769706120.4780366,201,47.97258758544922
1769706122.2373846,202,26.374176025390625
1769706158.1063135,203,29.48944854736328
1769706194.1229331,204,29.270694732666016
1769706220.9637501,205,28.99570655822754
1769706229.0338435,206,27.04977798461914
1769706253.5282023,207,30.297204971313477
1769706302.1783774,208,30.22077751159668
1769706326.310546,209,32.55510711669922
1769706334.9767244,210,31.373218536376953
1769706345.873198,211,31.42555046081543
1769706399.718834,212,34.965511322021484
1769706406.1822145,213,29.01590919494629
1769706406.3041122,214,21.66130828857422
1769706415.226838,215,31.2684268951416
1769706415.3513064,216,8.962702751159668
1769706456.0148568,217,35.63246154785156
1769706474.340682,218,32.420169830322266
1769706477.500566,219,26.957773208618164
1769706480.8224826,220,31.803014755249023
1769706503.696278,221,35.16625213623047
1769706503.8503342,222,14.335494995117188
1769706508.880657,223,31.224592208862305
1769706511.8228655,224,32.96488952636719
1769706523.236818,225,32.76817321777344
1769706523.3628597,226,21.61104965209961
1769706527.0229642,227,29.274452209472656
1769706552.9556522,228,33.7540283203125
1769706576.3785677,229,35.71656036376953
1769706606.2741797,230,33.92561340332031
1769706615.0191152,231,29.459251403808594
1769706617.0952854,232,29.07182502746582
1769706646.2125826,233,33.854698181152344
1769706762.2138875,234,36.923343658447266
1769706823.5271235,235,30.14990997314453
1769706831.0656152,236,32.178890228271484
1769706849.3016171,237,36.49313735961914
1769706854.2774422,238,34.68691635131836
1769706872.518805,239,37.05766677856445
1769706876.4478025,240,33.42025375366211
1769706881.409195,241,35.92728042602539
1769706892.3909607,242,41.5158576965332
1769706896.9706204,243,38.42790985107422
1769706906.6251771,244,41.480438232421875
1769706923.5833538,245,38.589393615722656
1769706924.1689942,246,30.16938591003418
1769706933.7092972,247,43.993778228759766
1769706937.7033083,248,43.601280212402344
1769707078.0548773,249,46.53017807006836
1769707153.0635092,250,39.9288444519043
1769707170.9668484,251,48.0181884765625
1769707183.882345,252,45.20136642456055
1769707199.5291705,253,41.53187561035156
1769707202.5921273,254,35.71427536010742
1769707245.4189281,255,44.7592887878418
1769707263.4065104,256,45.34343719482422
1769707278.774295,257,41.36529541015625
1769707281.8588693,258,43.25300979614258
1769707286.364017,259,35.032012939453125
1769707312.653861,260,44.005645751953125
1769707323.711297,261,40.09679412841797
1769707332.8299048,262,36.686031341552734
1769707334.383785,263,35.82112503051758
1769707343.1754994,264,34.12310791015625
1769707348.4516008,265,34.83533477783203
1769707375.7466104,266,46.88922882080078
1769707406.574764,267,38.6236572265625
1769707406.6951206,268,10.483092308044434
1769707416.6265976,269,43.92101287841797
1769707424.6709852,270,43.52875900268555
1769707432.0323205,271,39.77907943725586
1769707436.540395,272,38.01002502441406
1769707441.6095846,273,45.84699249267578
1769707448.5574896,274,44.220279693603516
1769707462.6958144,275,45.4095458984375
1769707467.5833285,276,42.470680236816406
1769707489.4297585,277,48.15262222290039
1769707508.7669415,278,37.83626174926758
1769707537.7649832,279,46.60230255126953
1769707563.1641407,280,50.231407165527344
1769707570.5657344,281,46.40355682373047
1769707576.5688279,282,43.0168342590332
1769707581.7402997,283,35.52823257446289
1769707588.4940414,284,36.93219757080078
1769707609.1648438,285,51.38896560668945
1769707611.5530384,286,35.94892883300781
1769707636.6020362,287,50.697731018066406
1769707725.8552842,288,47.04331588745117
1769707769.2166052,289,38.62691116333008
1769707779.097928,290,43.08333206176758
1769707780.591446,291,31.453384399414062
1769707786.4671776,292,42.526832580566406
1769707793.8983617,293,36.525875091552734
1769707804.48483,294,42.78617858886719
1769707805.6388211,295,36.361602783203125
1769707806.9553337,296,34.41036605834961
1769707888.219726,297,49.264617919921875
1769707913.2258775,298,50.2100944519043
1769707916.2068162,299,33.394466400146484
1769707936.2308865,300,44.8565673828125
1769707939.365697,301,44.150604248046875
1769708280.0809364,302,52.88422775268555
1769708361.1833558,303,54.887840270996094
1769708487.1165502,304,53.43091583251953
1769708487.2658415,305,20.576662063598633
1769708505.2167726,306,48.8592529296875
1769708508.3337903,307,37.40475845336914
1769708513.7839966,308,59.61771011352539
1769708534.4592147,309,48.54541015625
1769708535.7395558,310,29.41566276550293
1769708546.5067794,311,48.652706146240234
1769708558.475477,312,50.02774429321289
1769708576.9370604,313,52.481117248535156
1769708634.1056492,314,50.803016662597656
1769708636.3532052,315,36.459712982177734
1769708636.6433156,316,29.858610153198242
1769708638.9368396,317,41.967018127441406
1769708701.115916,318,54.284210205078125
1769708772.0960667,319,8.889874458312988
1769708781.764291,320,49.40789031982422
1769708795.0389426,321,49.11073303222656
1769708809.2851262,322,54.484859466552734
1769708812.3674233,323,41.96443557739258
1769708821.6560435,324,46.7042236328125
1769708875.8703973,325,52.124916076660156
1769708886.3598778,326,49.04876708984375
1769708907.1183085,327,52.58190155029297
1769708920.7729867,328,53.73584747314453
1769708958.4096127,329,49.93246078491211
1769708960.560745,330,45.260902404785156
1769708960.6782389,331,23.294668197631836
1769708960.794833,332,-6.232434272766113
1769708970.3806634,333,48.77802276611328
1769709004.5459435,334,51.002899169921875
1769709027.08595,335,52.519588470458984
1769709043.1203592,336,50.7977180480957
1769709125.90524,337,57.87101745605469
1769709214.2414064,338,49.30963897705078
1769709214.368753,339,11.437325477600098
1769709218.154075,340,47.954097747802734
1769709219.1957521,341,48.82781219482422
1769709232.4961352,342,50.321292877197266
1769709249.7850926,343,52.36763381958008
1769709302.38191,344,55.09687423706055
1769709357.7033432,345,50.894508361816406
1769709395.9031951,346,60.813621520996094
1769709421.1154878,347,55.25780487060547
1769709434.6978312,348,51.568359375
1769709511.303918,349,49.02253341674805
1769709529.0554295,350,56.52524185180664
1769709543.8643868,351,49.83632278442383
1769709578.1785772,352,55.8156623840332
1769709592.526605,353,52.222190856933594
1769709595.1202006,354,46.783912658691406
1769709608.1503205,355,49.92155838012695
1769709633.47913,356,60.371604919433594
1769709633.6220884,357,6.267859935760498
1769709638.0916586,358,52.34416961669922
1769709660.2179341,359,60.456024169921875
1769709662.8138015,360,50.167545318603516
1769709726.4879396,361,55.55686569213867
1769709732.516254,362,47.759239196777344
1769709733.7753532,363,50.36100769042969
1769709759.6241136,364,52.63309860229492
1769709770.2162635,365,56.27549362182617
1769709802.7999635,366,57.34408187866211
1769709892.320434,367,45.21935272216797
1769709894.179381,368,49.337860107421875
1769709906.4909256,369,54.14896011352539
1769709979.8145165,370,59.71049118041992
1769709995.0328271,371,53.67116928100586
1769710011.7664409,372,59.10744857788086
1769710027.5562854,373,51.523712158203125
1769710032.1370506,374,54.44053268432617
1769710051.0493364,375,54.794822692871094
1769710067.2780015,376,57.17620086669922
1769710075.3121312,377,52.23487091064453
1769710088.0246344,378,48.33353805541992
1769710097.1881797,379,53.79804611206055
1769710097.311076,380,16.18334197998047
1769710100.031821,381,55.476924896240234
1769710105.9786644,382,56.43198776245117
1769710109.0191703,383,48.00611114501953
1769710115.9306133,384,59.64686965942383
1769710150.430783,385,65.47830963134766
1769710164.7030518,386,53.88392639160156
1769710207.1306756,387,61.17259979248047
1769710222.2006338,388,56.855560302734375
1769710235.9438934,389,53.98341369628906
1769710236.072147,390,23.175067901611328
1769710248.3882487,391,63.302894592285156
1769710248.515501,392,3.9201252460479736
1769710253.201201,393,61.6215705871582
1769710254.6460204,394,59.9725456237793
1769710260.9988496,395,60.65561294555664
1769710366.476513,396,62.66899871826172
1769710366.6848161,397,9.267792701721191
1769710369.1541622,398,65.30681610107422
1769710374.6926239,399,50.09908676147461
1769710419.5760608,400,66.22505187988281
1769710433.1947904,401,65.35161590576172
1769710450.6395874,402,63.73862075805664
1769710527.3214896,403,80.41320037841797
1769710570.6521554,404,47.843406677246094
1769710614.6242414,405,68.71391296386719
1769710624.1919427,406,63.09316635131836
1769710624.651968,407,44.17546081542969
1769710653.0327256,408,62.893333435058594
1769710665.7282481,409,69.73645782470703
1769710753.7113993,410,86.45649719238281
1769710759.58729,411,66.86857604980469
1769710772.6758509,412,58.63188171386719
1769710788.3599544,413,58.73591613769531
1769710843.6185718,414,71.33750915527344
1769710933.124003,415,65.7959976196289
1769710934.790574,416,56.873382568359375
1769710963.9707265,417,71.90727233886719
1769710973.1111321,418,55.59246826171875
1769711015.6854944,419,74.90580749511719
1769711028.105049,420,85.49141693115234
1769711082.4760196,421,73.45125579833984
1769711082.6467955,422,19.694473266601562
1769711092.1194766,423,58.71986770629883
1769711098.6189067,424,54.36436462402344
1769711104.6098623,425,72.28609466552734
1769711104.7320058,426,-1.3319981098175049
1769711104.8493433,427,20.1064510345459
1769711106.0250916,428,33.05948257446289
1769711122.1345034,429,75.40255737304688
1769711130.1558275,430,79.60797882080078
1769711148.6655705,431,67.17276000976562
1769711171.7280467,432,69.63711547851562
1769711217.4043536,433,68.47203063964844
1769711218.1558506,434,58.47900390625
1769711227.9718595,435,67.5040054321289
1769711233.5585246,436,69.82212829589844
1769711264.8732307,437,70.23960876464844
1769711275.0088625,438,71.09929656982422
1769711282.486291,439,71.11674499511719
1769711286.9053159,440,61.953670501708984
1769711290.3048007,441,63.2310905456543
1769711329.3706558,442,72.85758972167969
1769711390.3959417,443,111.00360107421875
1769711394.7005012,444,53.98269271850586
1769711402.8318987,445,57.0155143737793
1769711406.8315272,446,56.1319580078125
1769711412.732983,447,59.16245651245117
1769711426.64865,448,76.75629425048828
1769711436.2642298,449,64.11113739013672
1769711459.0426283,450,67.77137756347656
1769711490.279892,451,113.13291931152344
1769711521.0641615,452,77.59666442871094
1769711565.4966588,453,85.32791137695312
1769711569.306456,454,76.82288360595703
1769711590.234295,455,112.59882354736328
1769711633.824089,456,78.68653106689453
1769711666.183899,457,81.20249938964844
1769711688.9893847,458,114.95105743408203
1769711689.122988,459,9.7359037399292
1769711689.242179,460,0.9470481872558594
1769711696.5430646,461,62.95513916015625
1769711804.9625244,462,89.27513885498047
1769711843.0066953,463,71.18579864501953
1769711973.3192296,464,79.32464599609375
1769711974.7327242,465,51.99458312988281
1769711976.168512,466,55.306034088134766
1769712009.5997293,467,80.40177917480469
1769712029.759862,468,112.42912292480469
1769712032.042913,469,83.5293197631836
1769712034.9610724,470,59.2111701965332
1769712035.3050604,471,10.020612716674805
1769712043.2312715,472,75.38397216796875
1769712086.797121,473,84.8879165649414
1769712086.9527574,474,8.630757331848145
1769712088.5707736,475,48.894535064697266
1769712098.24125,476,110.26908111572266
1769712118.0741203,477,76.54454040527344
1769712150.1398792,478,84.59330749511719
1769712152.7606528,479,52.84867858886719
1769712153.796402,480,55.35630416870117
1769712156.0219703,481,58.555442810058594
1769712227.7025697,482,117.64989471435547
1769712306.528294,483,63.35007095336914
1769712306.6583295,484,4.370048522949219
1769712333.9744854,485,81.09873962402344
1769712334.8585684,486,64.7184066772461
1769712393.8937216,487,86.2553939819336
1769712403.7917035,488,59.4905891418457
1769712442.1722705,489,83.44086456298828
1769712467.512046,490,80.02676391601562
1769712468.227563,491,45.6047477722168
1769712503.0762074,492,78.86451721191406
1769712510.094684,493,72.42501068115234
1769712533.1458578,494,68.35227966308594
1769712584.5816765,495,84.91973114013672
1769712648.3902922,496,85.52841186523438
1769712660.7507112,497,65.18368530273438
1769712672.0272417,498,65.47065734863281
1769712688.5779831,499,83.84010314941406
1769712730.118893,500,82.08271789550781
1769712812.6031106,501,82.61161804199219
1769712827.7598271,502,67.33313751220703
1769712895.5209477,503,67.87873840332031
1769712902.7915382,504,83.65901184082031
1769712903.4900134,505,32.62646484375
1769712922.8607512,506,76.96846771240234
1769713085.1308057,507,85.29289245605469
1769713085.3386707,508,2.4624080657958984
1769713095.4331162,509,87.19953155517578
1769713102.682279,510,66.40892791748047
1769713157.593053,511,88.06600952148438
1769713169.8013954,512,58.30471420288086
1769713214.8830597,513,117.7276382446289
1769713218.4660723,514,67.02323150634766
1769713221.5366707,515,51.99802780151367
1769713229.7988255,516,82.72403717041016
1769713265.5593588,517,86.24127197265625
1769713308.8244255,518,108.77922058105469
1769713310.9345932,519,51.705684661865234
1769713408.8766677,520,65.81298065185547
1769713410.8189163,521,33.383663177490234
1769713456.358972,522,82.63834381103516
1769713460.4767058,523,61.54019546508789
1769713487.5618286,524,81.67084503173828
1769713497.4543345,525,71.00821685791016
1769713526.2066982,526,78.9004135131836
1769713532.4383314,527,67.44651794433594
1769713541.7300792,528,73.65876770019531
1769713541.8531797,529,3.7603511810302734
1769713565.1002421,530,72.65343475341797
1769713576.5787177,531,86.62492370605469
1769713590.5955458,532,72.81917572021484
1769713595.5772107,533,63.41480255126953
1769713628.6875045,534,82.41952514648438
1769713633.808745,535,66.85259246826172
1769713661.0553064,536,77.66857147216797
1769713703.7601044,537,102.78607177734375
1769713816.9595225,538,87.30638122558594
1769713817.8943834,539,39.31459045410156
1769713818.0121562,540,15.664021492004395
1769713832.7193623,541,65.61910247802734
1769713963.0707803,542,104.16961669921875
1769714102.488417,543,105.37420654296875
1769714189.1664753,544,82.5421371459961
1769714193.1530976,545,67.17658233642578
1769714200.6300964,546,61.62370681762695
1769714228.0679362,547,87.90355682373047
1769714243.6288407,548,86.82996368408203
1769714248.2640655,549,90.52815246582031
1769714253.576133,550,85.67549133300781
1769714269.6366608,551,77.48302459716797
1769714374.6372006,552,93.922607421875
1769714396.136184,553,92.202392578125
1769714561.8043451,554,96.87126159667969
1769714593.665236,555,90.36309814453125
1769714595.078594,556,93.01874542236328
1769714610.413711,557,79.85362243652344
1769714622.2713833,558,69.09835052490234
1769714625.819825,559,88.17452239990234
1769714632.3505049,560,86.78704071044922
1769714675.2600977,561,97.75377655029297
1769714681.08736,562,68.20877838134766
1769714701.6869202,563,79.19152069091797
1769714704.2959807,564,82.77823638916016
1769714817.2417498,565,100.00778198242188
1769714965.0076275,566,99.72479248046875
1769714970.7649617,567,71.00935363769531
1769714972.8884332,568,58.046871185302734
1769714973.0090368,569,28.853952407836914
1769714984.6055622,570,79.43109893798828
1769714984.7317057,571,74.43299102783203
1769714990.1116884,572,70.96800231933594
1769714991.3905358,573,68.23119354248047
1769714993.4122763,574,101.75093078613281
1769715015.0113392,575,90.33049774169922
1769715033.6974635,576,82.25916290283203
1769715105.5475576,577,100.31117248535156
1769715128.4917214,578,90.3192367553711
1769715131.7748892,579,77.67543029785156
1769715198.4310653,580,102.57447814941406
1769715306.8729725,581,101.3072509765625
1769715312.6782777,582,77.85768127441406
1769715313.3139787,583,26.397871017456055
1769715364.7681165,584,106.87958526611328
1769715397.2221596,585,104.63186645507812
1769715436.969553,586,86.90152740478516
1769715475.786247,587,106.0269546508789
1769715482.4078786,588,91.95919036865234
1769715482.530958,589,-4.51447868347168
1769715489.3060272,590,98.76758575439453
1769715526.4098017,591,98.10042572021484
1769715541.4365456,592,104.97698211669922
1769715749.4713027,593,108.37767791748047
1769715752.7998388,594,72.92975616455078
1769715770.3256135,595,90.99781036376953
1769715770.4597824,596,-4.376283645629883
1769715778.5523734,597,109.99381256103516
1769715791.74409,598,88.41606140136719
1769715791.8688967,599,-2.8046774864196777
1769715808.3874657,600,91.00730895996094
1769715813.799823,601,111.3819580078125
1769715821.3562016,602,88.11348724365234
1769715836.5721223,603,100.39531707763672
1769715860.0405223,604,101.4267578125
1769715870.661855,605,109.60569763183594
1769715881.5130143,606,87.08089447021484
1769715881.638398,607,-8.290558815002441
1769715913.294114,608,111.21163177490234
1769715965.2080824,609,110.56877899169922
1769715981.6060405,610,98.87760925292969
1769716166.8749955,611,67.1453857421875
1769716184.7137172,612,100.47752380371094
1769716216.7984686,613,113.86984252929688
1769716245.4845731,614,108.36035919189453
1769716304.9560907,615,110.56768798828125
1769716312.3804808,616,87.83090209960938
1769716321.2247117,617,114.60844421386719
1769716341.3793979,618,112.75051879882812
1769716347.431911,619,111.4842529296875
1769716415.0942035,620,115.74658203125
1769716422.24978,621,90.30198669433594
1769716453.1505227,622,106.8587417602539
1769716591.9077826,623,107.14961242675781
1769716608.6297429,624,103.59256744384766
1769716698.2368994,625,118.24259185791016
1769716733.6908069,626,116.78479766845703
1769716735.8967965,627,99.51148986816406
1769716737.9202704,628,86.78185272216797
1769716740.2062395,629,81.59130096435547
1769716758.5676625,630,107.91934204101562
1769716762.9559515,631,101.16426086425781
1769716791.7660718,632,105.92005157470703
1769716792.9424164,633,67.94783020019531
1769716814.6057272,634,106.7695083618164
1769716817.0320585,635,113.10247802734375
1769716820.7439096,636,82.28855895996094
1769716826.6617637,637,99.83319854736328
1769716840.4579632,638,114.05464935302734
1769716848.0671654,639,84.53483581542969
1769716851.0463648,640,95.07072448730469
1769716867.649982,641,113.99907684326172
1769716907.8860455,642,88.51600646972656
1769716970.20616,643,114.5377426147461
1769717011.7879891,644,121.70757293701172
1769717092.2307265,645,118.54175567626953
1769717092.4277906,646,-17.663610458374023
1769717118.0858974,647,104.65009307861328
1769717697.6808584,648,132.6014862060547
1769717778.649512,649,116.52967834472656
1769717833.953424,650,123.0102767944336
1769717843.8773782,651,117.89308166503906
1769717851.0657115,652,118.65585327148438
1769717927.031172,653,114.2678451538086
1769717954.7990808,654,136.03237915039062
1769718035.343553,655,136.83335876464844
1769718053.1534436,656,134.7945098876953
1769718057.3370686,657,89.45508575439453
1769718062.8582428,658,115.34370422363281
1769718066.2635896,659,111.57658386230469
1769718100.9325476,660,138.72247314453125
1769718152.5678144,661,133.91342163085938
1769718178.630981,662,143.9579315185547
1769718208.410766,663,131.36529541015625
1769718220.2784612,664,136.8843536376953
1769718281.324068,665,135.59860229492188
1769718283.783576,666,111.17243194580078
1769718377.5711174,667,150.39651489257812
1769718388.191657,668,134.35482788085938
1769718392.0034893,669,117.36067962646484
1769718412.6318085,670,152.2242889404297
1769718426.3371825,671,152.29043579101562
1769718432.1033525,672,148.8508758544922
1769718471.7365038,673,150.65858459472656
1769718499.707405,674,153.77040100097656
1769718515.0331912,675,139.8608856201172
1769718577.0850065,676,155.80734252929688
1769718754.0228713,677,68.36259460449219
1769718761.1302097,678,159.034423828125
1769718770.6709251,679,148.34689331054688
1769718798.8768451,680,147.5634765625
1769718800.987351,681,148.9980926513672
1769718819.030667,682,137.722900390625
1769718835.2486846,683,164.20504760742188
1769718881.3088033,684,162.73582458496094
1769718934.7607782,685,163.07261657714844
1769718934.9347658,686,0.3881334066390991
1769718986.4590738,687,168.59268188476562
1769719010.183724,688,164.33982849121094
1769719028.1185293,689,154.20498657226562
1769719130.4560235,690,167.28207397460938
1769719136.7912533,691,125.85130310058594
1769719137.961425,692,108.80496215820312
1769719147.945473,693,155.4820098876953
1769719159.8941357,694,153.17770385742188
1769719161.2839496,695,114.00790405273438
1769719161.4036021,696,-8.748810768127441
1769719165.7676854,697,156.6269073486328
1769719191.1011205,698,171.6485137939453
1769719203.9439669,699,171.91030883789062
1769719224.9593916,700,158.86927795410156
1769719225.0943995,701,155.89950561523438
1769719229.7962646,702,174.23977661132812
1769719231.4537542,703,169.34381103515625
1769719268.197613,704,178.6497344970703
1769719278.4070044,705,162.93365478515625
1769719283.0045938,706,146.77430725097656
1769719311.3765013,707,182.39984130859375
1769719319.416162,708,186.29359436035156
1769719323.349453,709,180.75363159179688
1769719328.7943199,710,157.3595428466797
1769719338.3379285,711,155.6859130859375
1769719359.4783342,712,170.8114013671875
1769719452.8702455,713,168.91668701171875
1769719453.9767737,714,185.84703063964844
1769719496.453286,715,187.9082489013672
1769719498.748965,716,167.15721130371094
1769719498.8715289,717,-30.514039993286133
1769719499.3373268,718,149.99453735351562
1769719503.5667486,719,166.3015594482422
1769719527.18428,720,185.4207763671875
1769719536.8153908,721,165.8208770751953
1769719546.822792,722,186.83914184570312
1769719553.1788743,723,171.80662536621094
1769719563.5025373,724,170.2073516845703
1769719564.6088457,725,86.1693344116211
1769719565.9988697,726,157.03024291992188
1769719590.8497388,727,188.20303344726562
1769719596.6357646,728,174.367431640625
1769719605.2892537,729,160.76449584960938
1769719637.0257876,730,193.16195678710938
1769719651.9419656,731,191.74525451660156
1769719682.2099776,732,186.24044799804688
1769719686.4543917,733,159.8497314453125
1769719711.051227,734,193.0303497314453
1769719712.45749,735,143.7347869873047
1769719723.949235,736,196.92918395996094
1769719748.4719,737,185.18199157714844
1769719837.4331517,738,170.4180450439453
1769719850.9341228,739,195.038330078125
1769719856.9554949,740,197.08843994140625
1769719861.2554123,741,194.7767791748047
1769719863.8460052,742,201.9703369140625
1769719879.372612,743,181.86480712890625
1769719884.497069,744,200.07980346679688
1769719889.711525,745,174.14088439941406
1769719922.1399317,746,202.0881805419922
1769719930.8890305,747,190.94277954101562
1769719940.784031,748,185.94717407226562
1769719941.485844,749,113.47203826904297
1769719948.091574,750,196.19703674316406
1769719964.0320017,751,205.44720458984375
1769719966.981409,752,180.8911590576172
1769719969.946738,753,186.48422241210938
1769719972.9002295,754,192.74644470214844
1769719975.3051555,755,192.1737060546875
1769719984.0457401,756,207.35330200195312
1769720006.8201349,757,186.08033752441406
1769720012.535139,758,198.3428955078125
1769720012.6634436,759,178.63650512695312
1769720031.7755444,760,210.34400939941406
1769720040.3466768,761,190.50025939941406
1769720040.4742212,762,113.34513092041016
1769720040.5926178,763,37.2866096496582
1769720043.0396378,764,175.6814422607422
1769720043.163727,765,-49.23960494995117
1769720067.1011283,766,205.8197021484375
1769720093.5691433,767,213.907470703125
1769720094.175628,768,132.91732788085938
1769720098.6579168,769,216.10302734375
1769720125.7040384,770,217.50538635253906
1769720165.1266234,771,213.60888671875
1769720174.339917,772,210.80178833007812
1769720179.6475415,773,212.58956909179688
1769720188.217286,774,197.6249237060547
1769720200.8811655,775,195.7957305908203
1769720207.469365,776,200.10995483398438
1769720220.5584586,777,198.88002014160156
1769720236.7259705,778,236.14874267578125
1769720274.6674814,779,237.83189392089844
1769720283.597302,780,226.73037719726562
1769720288.7450857,781,224.93954467773438
1769720295.067457,782,202.0607452392578
1769720299.587516,783,195.322509765625
1769720315.9905014,784,217.4729461669922
1769720322.917631,785,205.4716796875
1769720345.8311124,786,242.52748107910156
1769720345.975372,787,4.541086673736572
1769720356.2304428,788,217.49685668945312
1769720375.6587353,789,206.71011352539062
1769720395.8349488,790,220.2884063720703
1769720412.6481087,791,249.1160888671875
1769720413.8690572,792,229.21563720703125
1769720418.6248844,793,204.8214111328125
1769720457.5150492,794,209.17845153808594
1769720478.0853944,795,231.7056427001953
1769720480.0175698,796,253.0985107421875
1769720506.29618,797,221.89256286621094
1769720514.2673533,798,225.5474853515625
1769720518.621044,799,216.2503204345703
1769720520.0651808,800,196.5841827392578
1769720570.655625,801,227.118896484375
1769720577.4201262,802,213.27857971191406
1769720582.3995812,803,231.87313842773438
1769720610.8604066,804,231.67977905273438
1769720615.327953,805,219.5653076171875
1769720624.9235756,806,210.0027313232422
1769720632.2281017,807,225.74505615234375
1769720637.3173711,808,214.1880645751953
1769720651.3919811,809,244.9578399658203
1769720655.6636143,810,234.313232421875
1769720661.0987558,811,217.0257110595703
1769720671.5423717,812,229.53819274902344
1769720672.708122,813,196.51087951660156
1769720675.9921277,814,229.9425506591797
1769720688.1733174,815,218.54501342773438
1769720705.8018842,816,229.14849853515625
1769720716.5584528,817,232.96713256835938
1769720718.8648298,818,212.70899963378906
1769720725.5587142,819,232.4022979736328
1769720728.2663977,820,223.66586303710938
1769720754.8806918,821,219.09178161621094
1769720787.6910484,822,204.1600341796875
1769720788.6738625,823,224.19410705566406
1769720791.5548887,824,220.22093200683594
1769720803.759542,825,224.03245544433594
1769720804.8681266,826,183.91790771484375
1769720806.3832636,827,204.41014099121094
1769720834.134474,828,233.26382446289062
1769720838.7551389,829,218.1746826171875
1769720845.571161,830,199.27151489257812
1769720854.4433153,831,215.56747436523438
1769720854.5661533,832,23.46712303161621
1769720861.612927,833,208.66725158691406
1769720866.4867113,834,211.78797912597656
1769720869.410128,835,198.7186737060547
1769720877.2446477,836,230.70327758789062
1769720891.4297786,837,233.66583251953125
1769720899.104296,838,225.6667938232422
1769720902.8838215,839,233.8043670654297
1769720906.2677598,840,211.4877166748047
1769720912.7776752,841,235.17977905273438
1769720919.2950954,842,234.31614685058594
1769720927.9439225,843,214.52798461914062
1769720933.3246603,844,211.7999725341797
1769720946.359724,845,236.2853240966797
1769720951.9672909,846,220.19964599609375
1769720954.4687526,847,218.84091186523438
1769720960.3890429,848,218.65802001953125
1769720974.8891747,849,238.7290802001953
1769720986.3329191,850,233.51669311523438
1769720986.4610825,851,162.70883178710938
1769720994.8106458,852,236.40573120117188
1769720996.5036466,853,199.52459716796875
1769721001.4399488,854,210.41119384765625
1769721006.8530731,855,213.442626953125
1769721010.8720536,856,215.83502197265625
1769721019.2384508,857,220.1270751953125
1769721020.7444415,858,217.43675231933594
1769721025.149341,859,231.61196899414062
1769721033.095094,860,234.43870544433594
1769721048.6165478,861,230.9784393310547
1769721075.0007102,862,231.80087280273438
1769721111.5478883,863,220.53167724609375
1769721130.68471,864,234.63046264648438
1769721137.65443,865,224.71926879882812
1769721137.8903024,866,210.13662719726562
1769721157.7010758,867,238.2227325439453
1769721177.0479033,868,235.9387969970703
1769721182.8539753,869,233.27981567382812
1769721184.8785129,870,191.71958923339844
1769721193.2879715,871,219.5791778564453
1769721208.088091,872,220.5279083251953
1769721209.0895183,873,184.3848876953125
1769721209.2105243,874,113.1020278930664
1769721210.825216,875,206.7627716064453
1769721234.0265124,876,231.05528259277344
1769721246.9089687,877,230.8305206298828
1769721253.2182915,878,228.6717987060547
1769721262.9110951,879,218.46002197265625
1769721268.4405131,880,218.39544677734375
1769721277.7524319,881,236.9329833984375
1769721286.287386,882,224.07789611816406
1769721298.0934255,883,235.77294921875
1769721314.8213637,884,230.91102600097656
1769721314.951481,885,23.67584228515625
1769721336.3471992,886,236.06761169433594
1769721338.3811855,887,208.18052673339844
1769721366.535994,888,233.35430908203125
1769721366.6910963,889,45.26953125
1769721366.8115263,890,-34.82066345214844
1769721379.1751466,891,214.86843872070312
1769721418.4956038,892,224.25697326660156
1769721430.4293103,893,227.2855682373047
1769721432.8572998,894,208.39305114746094
1769721453.3586907,895,231.3911895751953
1769721459.1313329,896,235.91184997558594
1769721459.8311262,897,183.11915588378906
1769721475.6718328,898,222.58029174804688
1769721557.1000507,899,227.09503173828125
1769721580.2386498,900,241.8342742919922
1769721584.248659,901,232.71005249023438
1769721584.8330135,902,186.7463836669922
1769721594.3336353,903,229.4064483642578
1769721594.4596791,904,167.68150329589844
1769721594.5825613,905,4.701699733734131
1769721600.9746952,906,236.15264892578125
1769721605.415981,907,239.4086456298828
1769721606.5574837,908,195.0223388671875
1769721631.0496256,909,231.46481323242188
1769721645.44615,910,225.2063751220703
1769721664.0945878,911,233.08946228027344
1769721668.386809,912,238.58541870117188
1769721672.1561158,913,237.0154571533203
1769721676.3675911,914,223.2739715576172
1769721679.6593716,915,224.671630859375
1769721680.4731789,916,222.4655303955078
1769721685.126198,917,224.42721557617188
1769721696.4811835,918,229.20310974121094
1769721724.9845276,919,224.7383270263672
1769721747.2725685,920,234.48638916015625
1769721747.4115517,921,163.87269592285156
1769721765.420095,922,228.1471710205078
1769721766.2248075,923,214.38397216796875
1769721772.255354,924,232.28465270996094
1769721780.9172006,925,233.1794891357422
1769721784.7813685,926,226.25927734375
1769721784.9020815,927,-6.036860942840576
1769721815.1444347,928,237.37916564941406
1769721820.0655975,929,233.8797149658203
1769721835.190596,930,233.5906219482422
1769721843.2104979,931,220.02052307128906
1769721855.3743548,932,236.52967834472656
1769721864.892428,933,235.51133728027344
1769721876.7758162,934,237.53143310546875
1769721877.7762153,935,216.77235412597656
1769721880.1505232,936,222.65170288085938
1769721890.9874952,937,232.99578857421875
1769721920.2971654,938,234.60614013671875
1769721930.1890728,939,236.75636291503906
1769721941.5800447,940,228.4154510498047
1769721947.9627063,941,223.13645935058594
1769721969.125055,942,232.8655548095703
1769721979.7503424,943,226.17918395996094
1769721984.7087097,944,228.2398681640625
1769721988.720395,945,217.47425842285156
1769721989.8207245,946,225.82803344726562
1769721989.9437857,947,191.6234130859375
1769721999.2458475,948,242.8288116455078
1769722030.3732395,949,233.5780487060547
1769722067.194889,950,228.49249267578125
1769722085.0288925,951,240.1476287841797
1769722100.5805314,952,229.9193878173828
1769722106.4679935,953,225.72085571289062
1769722106.5900352,954,160.4739532470703
1769722113.0522907,955,235.6836700439453
1769722124.9884677,956,228.01651000976562
1769722125.95725,957,233.994873046875
1769722130.2565274,958,240.9747772216797
1769722138.0804076,959,240.74630737304688
1769722158.447264,960,238.9188232421875
1769722162.8826501,961,218.8712921142578
1769722168.2387738,962,239.5408935546875
1769722170.7302728,963,236.13388061523438
1769722199.8032475,964,237.30001831054688
1769722248.3273182,965,240.0906524658203
1769722272.0739055,966,232.1094512939453
1769722276.9413435,967,227.21412658691406
1769722277.1812897,968,166.77745056152344
1769722278.9191613,969,198.55088806152344
1769722318.7964299,970,240.27542114257812
1769722323.6543636,971,233.9011688232422
1769722333.8711767,972,227.3633575439453
1769722361.497722,973,238.49192810058594
1769722363.983917,974,227.19407653808594
1769722366.2195718,975,227.34539794921875
1769722398.2091634,976,238.2183380126953
1769722404.7073627,977,230.7240447998047
1769722409.0056236,978,234.6994171142578
1769722410.048926,979,213.27418518066406
1769722419.5507083,980,238.66848754882812
1769722421.370919,981,232.28028869628906
1769722424.5506918,982,227.56138610839844
1769722427.0644186,983,229.13414001464844
1769722432.398717,984,233.8360137939453
1769722438.5628777,985,232.62257385253906
1769722446.60739,986,229.9124755859375
1769722452.9652712,987,238.07347106933594
1769722456.1699514,988,238.90760803222656
1769722461.1680937,989,231.0288848876953
1769722462.7261994,990,221.15652465820312
1769722464.3420002,991,235.67079162597656
1769722522.1776063,992,246.14231872558594
1769722526.4749043,993,231.96197509765625
1769722528.8291476,994,224.7042694091797
1769722530.7683272,995,241.6592254638672
1769722539.8545997,996,241.57315063476562
1769722540.011307,997,-20.983064651489258
1769722548.520216,998,236.5759735107422
1769722548.6451616,999,132.3447723388672
1769722564.813386,1000,242.24472045898438
1769722570.0427024,1001,237.6774139404297
1769722572.4453988,1002,233.44041442871094
1769722577.9918118,1003,234.05458068847656
1769722593.1882308,1004,244.0686492919922
1769722602.798539,1005,247.1519775390625
1769722606.9981234,1006,247.77305603027344
1769722610.3163798,1007,234.8087158203125
1769722618.7617402,1008,242.60403442382812
1769722620.5544436,1009,235.2102508544922
1769722627.4591293,1010,243.92811584472656
1769722629.0204086,1011,234.60302734375
1769722634.3454452,1012,232.3509063720703
1769722671.5249453,1013,244.58566284179688
1769722676.3882906,1014,242.13743591308594
1769722676.5084229,1015,129.6068572998047
1769722683.6515055,1016,245.06178283691406
1769722683.7753565,1017,180.49478149414062
1769722698.659884,1018,248.5616912841797
1769722712.5531995,1019,240.44859313964844
1769722720.9256806,1020,247.38670349121094
1769722731.3107276,1021,240.4857177734375
1769722740.96769,1022,249.2927703857422
1769722742.0195343,1023,229.0680389404297
1769722754.0401306,1024,244.69142150878906
1769722768.0475886,1025,240.2767791748047
1769722768.182808,1026,209.6302947998047
1769722769.2815473,1027,226.54954528808594
1769722776.9838538,1028,235.65237426757812
1769722786.2829676,1029,248.197265625
1769722788.9062414,1030,229.28387451171875
1769722813.3275495,1031,246.27220153808594
1769722841.7301452,1032,245.95310974121094
1769722853.0563552,1033,241.47772216796875
1769722854.575776,1034,239.3841094970703
1769722886.500632,1035,246.7784423828125
1769722888.3656256,1036,235.21832275390625
1769722896.4931831,1037,238.3416748046875
1769722900.4911957,1038,235.88035583496094
1769722902.0539641,1039,227.35545349121094
1769722905.931951,1040,240.07427978515625
1769722918.6819866,1041,243.35787963867188
1769722918.8109026,1042,82.68366241455078
1769722919.9660726,1043,252.81068420410156
1769722944.9133394,1044,242.87762451171875
1769722964.720637,1045,238.92642211914062
1769722987.88893,1046,242.08909606933594
1769722990.5758865,1047,223.8765106201172
1769722998.2722244,1048,234.53614807128906
1769723001.1513047,1049,234.77145385742188
1769723001.2755902,1050,177.89651489257812
1769723006.0472074,1051,247.8509521484375
1769723021.914511,1052,234.78524780273438
1769723026.9871023,1053,237.8638916015625
1769723032.7326522,1054,239.39527893066406
1769723035.1455693,1055,230.23252868652344
1769723035.262201,1056,176.68983459472656
1769723044.3349788,1057,234.183349609375
1769723047.8584962,1058,236.06170654296875
1769723050.1101632,1059,232.41404724121094
1769723066.2463808,1060,238.89688110351562
1769723070.623724,1061,238.89849853515625
1769723078.4229305,1062,230.08352661132812
1769723081.9600928,1063,233.69972229003906
1769723107.615693,1064,238.3454132080078
1769723122.1585705,1065,233.33546447753906
1769723127.2796254,1066,235.8379669189453
1769723144.8305657,1067,237.58074951171875
1769723152.3970518,1068,235.54962158203125
1769723161.831074,1069,231.15771484375
1769723165.9154775,1070,236.30320739746094
1769723173.7750921,1071,243.03451538085938
1769723185.8252537,1072,233.8223876953125
1769723196.995712,1073,233.7781982421875
1769723199.7122777,1074,233.46389770507812
1769723201.7669244,1075,228.79254150390625
1769723223.0294333,1076,241.5679931640625
1769723291.3320012,1077,239.6027374267578
1769723334.9069815,1078,234.99781799316406
1769723346.1905444,1079,236.5897979736328
1769723349.3721588,1080,233.68199157714844
1769723354.793041,1081,232.23423767089844
1769723378.0517972,1082,239.746337890625
1769723381.3900158,1083,233.7401885986328
1769723386.2809567,1084,236.3605499267578
1769723387.0974116,1085,221.38259887695312
1769723394.346038,1086,235.6097869873047
1769723397.5463393,1087,231.81719970703125
1769723407.7452219,1088,236.01104736328125
1769723410.4000118,1089,230.1038818359375
1769723431.0834816,1090,238.12371826171875
1769723433.7007978,1091,229.40179443359375
1769723448.6716738,1092,235.77906799316406
1769723451.8863132,1093,237.13101196289062
1769723470.3133886,1094,239.1913604736328
1769723481.2778366,1095,234.92576599121094
1769723485.966405,1096,235.30252075195312
1769723491.071576,1097,235.24314880371094
1769723495.2264183,1098,234.20802307128906
1769723498.2783413,1099,235.89451599121094
1769723509.9259067,1100,236.06239318847656
1769723510.0538752,1101,68.17562103271484
1769723517.6986825,1102,236.5104217529297
1769723548.2851117,1103,239.08152770996094
1769723550.1071746,1104,232.5067901611328
1769723573.7235563,1105,239.30540466308594
1769723619.152037,1106,243.43325805664062
1769723619.276251,1107,200.33119201660156
1769723626.7830703,1108,235.59588623046875
1769723629.277053,1109,237.1263885498047
1769723631.6201713,1110,237.261474609375
1769723636.0295196,1111,236.4812774658203
1769723638.9459088,1112,231.8966522216797
1769723640.4222467,1113,224.6298065185547
1769723649.629295,1114,237.8585968017578
1769723659.4410105,1115,238.6720428466797
1769723661.5133054,1116,230.1282196044922
1769723661.6329935,1117,212.86557006835938
1769723661.7560332,1118,150.15940856933594
1769723680.3897035,1119,237.2952117919922
1769723683.4567897,1120,233.6526641845703
1769723697.3603983,1121,240.08619689941406
1769723727.356642,1122,239.31362915039062
1769723729.1222708,1123,231.6361541748047
1769723735.0767796,1124,236.88267517089844
1769723738.3646977,1125,235.67678833007812
1769723740.269724,1126,227.31915283203125
1769723746.4468167,1127,239.79324340820312
1769723749.5730324,1128,236.2305908203125
1769723777.5919342,1129,239.1741485595703
1769723778.4254117,1130,216.3102264404297
1769723782.4125457,1131,235.58837890625
1769723790.0183582,1132,234.05007934570312
1769723798.2302327,1133,236.4154052734375
1769723798.358186,1134,212.5220184326172
1769723799.914765,1135,229.64161682128906
1769723811.4324572,1136,243.79165649414062
1769723819.3502166,1137,237.33392333984375
1769723829.6807506,1138,238.08575439453125
1769723842.862963,1139,239.2620086669922
1769723868.8975391,1140,240.98316955566406
1769723873.8143954,1141,235.78076171875
1769723875.907468,1142,229.71725463867188
1769723885.023337,1143,238.8526611328125
1769723936.802215,1144,240.2246551513672
1769723962.5235345,1145,232.3265838623047
1769723977.2774577,1146,238.50303649902344
1769723977.8710923,1147,210.1195526123047
1769724010.117743,1148,232.8883819580078
1769724027.9602132,1149,232.12205505371094
1769724033.176651,1150,230.3967742919922
1769724035.4226484,1151,227.16990661621094
1769724035.5430038,1152,34.36793518066406
1769724040.42672,1153,227.0006561279297
1769724041.5303168,1154,217.5443572998047
1769724049.0579243,1155,232.13101196289062
1769724050.8576908,1156,222.3405303955078
1769724094.5296388,1157,230.9196319580078
1769724105.4862137,1158,230.51763916015625
1769724123.3423533,1159,227.2091522216797
1769724125.2927303,1160,220.1016387939453
1769724141.767402,1161,229.0906982421875
1769724146.7768164,1162,227.00978088378906
1769724171.4614902,1163,228.03286743164062
1769724186.956067,1164,229.518798828125
1769724200.1664672,1165,225.8482208251953
1769724249.487977,1166,228.0887451171875
1769724282.6305683,1167,224.40586853027344
1769724284.1325366,1168,220.93006896972656
1769724286.5388818,1169,220.3976287841797
1769724301.4505334,1170,226.6298370361328
1769724343.836182,1171,229.525634765625
1769724350.7766058,1172,224.85916137695312
1769724356.4437637,1173,225.88392639160156
1769724356.5701091,1174,156.2563018798828
1769724364.3900187,1175,223.52020263671875
1769724365.49917,1176,225.8001708984375
1769724367.8672833,1177,229.61976623535156
1769724369.025296,1178,219.1171417236328
1769724371.0480943,1179,219.7286376953125
1769724422.2885892,1180,226.21188354492188
1769724422.4595265,1181,193.2998046875
1769724427.4039655,1182,222.06356811523438
1769724443.7774367,1183,225.3628387451172
1769724461.1243136,1184,223.16856384277344
1769724468.8394313,1185,223.0124053955078
1769724503.7863529,1186,222.68751525878906
1769724508.937206,1187,219.74034118652344
1769724509.0576324,1188,179.36520385742188
1769724530.0849304,1189,223.88600158691406
1769724571.7152991,1190,221.3506622314453
1769724671.0324337,1191,221.5602264404297
1769724686.601512,1192,223.17581176757812
1769724695.4712877,1193,224.61402893066406
1769724703.3525445,1194,222.2832794189453
1769724707.2001126,1195,221.49468994140625
1769724715.1791067,1196,220.52914428710938
1769724716.8882194,1197,213.66465759277344
1769724718.5619965,1198,216.8271026611328
1769724721.1939046,1199,214.34246826171875
1769724758.369221,1200,222.68235778808594
1769724763.7142978,1201,218.62889099121094
1769724766.1399508,1202,218.2976531982422
1769724775.470449,1203,219.20953369140625
1769724789.9804282,1204,218.86892700195312
1769724795.6522808,1205,217.56723022460938
1769724828.1869674,1206,219.9446258544922
1769724835.8837364,1207,219.59217834472656
1769724842.121225,1208,221.18589782714844
1769724845.9934719,1209,216.46827697753906
1769724879.0730965,1210,220.0076446533203
1769724883.877556,1211,221.6862030029297
1769724886.6271124,1212,216.22647094726562
1769724910.9065566,1213,219.82919311523438
1769724975.4804623,1214,222.07598876953125
1769724995.593777,1215,222.50840759277344
1769724997.349506,1216,217.60025024414062
1769725000.6513298,1217,218.31968688964844
1769725011.2618887,1218,221.5620574951172
1769725012.3666492,1219,219.9813995361328
1769725012.486285,1220,200.16038513183594
1769725024.8913198,1221,222.76095581054688
1769725047.5122118,1222,220.4358367919922
1769725091.9796193,1223,222.02891540527344
1769725100.581704,1224,222.36627197265625
1769725100.7074783,1225,132.941650390625
1769725101.064041,1226,203.5400390625
1769725101.1836152,1227,181.57823181152344
1769725113.7110083,1228,221.51144409179688
1769725117.1486096,1229,215.05545043945312
1769725131.020163,1230,213.84690856933594
1769725134.8883557,1231,219.4832763671875
1769725147.9280646,1232,219.02828979492188
1769725151.0315883,1233,214.7058563232422
1769725165.6090238,1234,217.90252685546875
1769725168.8038766,1235,212.62576293945312
1769725205.4693599,1236,218.9117431640625
1769725213.0873423,1237,213.3853759765625
1769725218.27156,1238,213.87380981445312
1769725221.3821898,1239,211.99032592773438
1769725226.718197,1240,214.4024200439453
1769725236.9234693,1241,218.05860900878906
1769725254.057947,1242,218.10598754882812
1769725316.5777805,1243,217.92625427246094
1769725336.176298,1244,217.51449584960938
1769725371.2544725,1245,218.93048095703125
1769725376.1909316,1246,215.019287109375
1769725386.865229,1247,214.29864501953125
1769725405.9540987,1248,215.9617462158203
1769725418.0001116,1249,219.7410125732422
1769725423.7487524,1250,219.66954040527344
1769725428.4779198,1251,213.9871063232422
1769725436.1074855,1252,213.8937530517578
1769725462.5864534,1253,218.133544921875
1769725466.6186688,1254,217.120849609375
1769725479.3695934,1255,216.93402099609375
1769725479.4975407,1256,192.32955932617188
1769725489.0365815,1257,218.06134033203125
1769725508.7306018,1258,217.54861450195312
1769725523.049018,1259,216.77618408203125
1769725523.1787293,1260,183.28355407714844
1769725525.3671918,1261,214.87879943847656
1769725539.1676278,1262,218.1068878173828
1769725547.5604057,1263,215.16795349121094
1769725577.3597932,1264,219.97340393066406
1769725616.8383338,1265,217.00257873535156
1769725651.5525546,1266,215.4134063720703
1769725659.8458266,1267,217.14166259765625
1769725664.9555154,1268,213.08241271972656
1769725669.602137,1269,214.40611267089844
1769725685.9794862,1270,219.2823944091797
1769725690.789494,1271,218.80230712890625
1769725690.9103134,1272,177.73728942871094
1769725691.2386894,1273,199.2779083251953
1769725694.8601317,1274,212.2146759033203
1769725703.0831435,1275,217.02450561523438
1769725713.2528179,1276,217.4373321533203
1769725722.816785,1277,217.9364013671875
1769725751.5840807,1278,218.11785888671875
1769725751.7617924,1279,197.02536010742188
1769725777.4177349,1280,214.8649444580078
1769725793.316988,1281,215.18524169921875
1769725803.974644,1282,215.5596923828125
1769725811.7530298,1283,214.53225708007812
1769725812.1078758,1284,201.16883850097656
1769725816.384067,1285,215.93849182128906
1769725825.0556724,1286,212.6992645263672
1769725830.7649477,1287,213.5575714111328
1769725838.298391,1288,213.16104125976562
1769725880.5825338,1289,213.63580322265625
1769725884.6626549,1290,208.3424072265625
1769725886.3119237,1291,209.39315795898438
1769725890.69252,1292,213.2870330810547
1769725890.845802,1293,190.60452270507812
1769725892.9823909,1294,212.460205078125
1769725924.5782154,1295,214.4585723876953
1769726006.8502393,1296,211.29147338867188
1769726016.0032115,1297,214.55633544921875
1769726047.3738043,1298,211.3388214111328
1769726081.5324936,1299,213.1412811279297
1769726090.0583966,1300,213.0717315673828
1769726104.765775,1301,211.4729461669922
1769726133.2769659,1302,213.69944763183594
1769726155.3648984,1303,209.6952667236328
1769726155.518976,1304,191.45712280273438
1769726155.6387424,1305,188.0745086669922
1769726190.783383,1306,212.1820068359375
1769726202.3519778,1307,209.21759033203125
1769726225.016887,1308,208.46383666992188
1769726229.343747,1309,212.71481323242188
1769726246.7103045,1310,207.30564880371094
1769726246.843985,1311,206.3777313232422
1769726259.8721318,1312,210.88009643554688
1769726342.5557122,1313,211.49880981445312
1769726411.010014,1314,212.24098205566406
1769726443.5141108,1315,211.0154266357422
1769726444.4703279,1316,201.34600830078125
1769726445.6955218,1317,212.78204345703125
1769726445.8188372,1318,178.59585571289062
1769726448.203123,1319,208.4480438232422
1769726484.6625698,1320,208.72418212890625
1769726496.4812186,1321,211.16014099121094
1769726528.6811285,1322,213.31570434570312
1769726540.324867,1323,205.47354125976562
1769726556.1222713,1324,210.81399536132812
1769726556.2526414,1325,151.52578735351562
1769726562.7481656,1326,207.3291015625
1769726565.6056771,1327,201.7569122314453
1769726586.5960684,1328,212.84776306152344
1769726591.301664,1329,200.1050567626953
1769726602.440128,1330,211.34893798828125
1769726633.725417,1331,172.738037109375
1769726646.9042456,1332,205.82962036132812
1769726648.7794726,1333,206.5056915283203
1769726653.6463788,1334,205.465087890625
1769726658.169031,1335,211.14907836914062
1769726664.5366898,1336,210.28475952148438
1769726668.5390656,1337,204.80760192871094
1769726671.485572,1338,202.97006225585938
1769726680.655688,1339,207.81883239746094
1769726690.8387733,1340,205.2466278076172
1769726717.7319942,1341,205.23556518554688
1769726736.182088,1342,206.67138671875
1769726747.9181626,1343,204.16529846191406
1769726765.0727828,1344,205.88009643554688
1769726774.9563186,1345,208.00869750976562
1769726791.4869568,1346,205.4130859375
1769726795.3207095,1347,206.2999725341797
1769726801.5519342,1348,201.87681579589844
1769726802.9068646,1349,190.1597442626953
1769726834.832224,1350,204.9971160888672
1769726848.2892692,1351,209.2130889892578
1769726874.7515972,1352,204.02279663085938
1769726875.0111504,1353,172.79457092285156
1769726876.4925284,1354,197.45556640625
1769726918.468956,1355,206.5508270263672
1769726949.7677636,1356,145.0461883544922
1769726994.0703557,1357,208.8516845703125
1769727008.4965014,1358,208.90884399414062
1769727011.5992355,1359,195.51988220214844
1769727025.2128482,1360,205.13815307617188
1769727040.9337075,1361,204.74147033691406
1769727055.3251932,1362,201.62667846679688
1769727058.6298926,1363,198.6071014404297
1769727058.7507906,1364,160.75436401367188
1769727061.5139465,1365,193.12646484375
1769727065.2928832,1366,208.06356811523438
1769727074.6574798,1367,202.1339569091797
1769727124.0987499,1368,208.62478637695312
1769727128.715106,1369,198.9691619873047
1769727147.108596,1370,206.5941925048828
1769727165.4876895,1371,203.5623321533203
1769727178.8201728,1372,201.67832946777344
1769727182.2806356,1373,201.7589874267578
1769727185.2422981,1374,201.237060546875
1769727198.8206735,1375,203.12913513183594
1769727206.0055864,1376,203.0236053466797
1769727206.160343,1377,168.7896270751953
1769727209.409791,1378,199.06993103027344
1769727216.731247,1379,204.78103637695312
1769727218.2402537,1380,199.04112243652344
1769727232.7316267,1381,207.11199951171875
1769727232.9737992,1382,175.15582275390625
1769727249.7398062,1383,201.62530517578125
1769727292.538908,1384,202.50323486328125
1769727348.123004,1385,204.7538604736328
1769727354.0934558,1386,198.73838806152344
1769727354.7338252,1387,188.5183868408203
1769727360.4065578,1388,201.89378356933594
1769727366.5627728,1389,203.85629272460938
1769727368.1300578,1390,196.98109436035156
1769727371.129099,1391,198.2030029296875
1769727407.9068105,1392,203.34275817871094
1769727410.125215,1393,201.3614044189453
1769727414.9025786,1394,193.6898193359375
1769727420.3997884,1395,201.2606964111328
1769727436.588217,1396,204.7052459716797
1769727440.6558366,1397,203.47836303710938
1769727447.549002,1398,202.35243225097656
1769727454.9877276,1399,198.26739501953125
1769727457.1848042,1400,199.2555389404297
1769727469.0337994,1401,200.24522399902344
1769727481.4454393,1402,202.46897888183594
1769727497.104608,1403,200.08358764648438
1769727505.638288,1404,202.3435516357422
1769727522.3195236,1405,202.58570861816406
1769727534.7016964,1406,201.2180633544922
1769727540.4087741,1407,202.97195434570312
1769727577.8284903,1408,203.82554626464844
1769727657.639155,1409,195.99179077148438
1769727674.5672338,1410,200.2087860107422
1769727682.3147733,1411,198.63612365722656
1769727685.2726588,1412,197.185791015625
1769727686.9912024,1413,191.8376922607422
1769727694.7527642,1414,193.11666870117188
1769727716.8337748,1415,201.2958984375
1769727731.8323958,1416,199.47132873535156
1769727738.053678,1417,201.728515625
1769727746.2969928,1418,194.4659423828125
1769727749.0186758,1419,191.9451141357422
1769727753.5682895,1420,199.4529571533203
1769727784.5786295,1421,201.32972717285156
1769727794.0184145,1422,200.7675323486328
1769727845.5783784,1423,200.44122314453125
1769727846.3209898,1424,185.0687255859375
1769727888.6754572,1425,196.889892578125
1769727892.0935855,1426,193.06027221679688
1769727931.502805,1427,196.79739379882812
1769727954.9760659,1428,196.23936462402344
1769728049.9295495,1429,193.26080322265625
1769728054.3590775,1430,194.03074645996094
1769728059.9122224,1431,190.68545532226562
1769728064.54202,1432,191.42303466796875
1769728093.9331195,1433,194.81509399414062
1769728127.4932506,1434,193.14517211914062
1769728144.508003,1435,193.2416534423828
1769728157.9108307,1436,191.94158935546875
1769728191.7363153,1437,194.69752502441406
1769728200.2200036,1438,193.9051513671875
1769728230.2364907,1439,193.28318786621094
1769728234.284425,1440,192.64833068847656
1769728250.2398958,1441,191.19564819335938
1769728264.5558329,1442,191.88229370117188
1769728277.7893345,1443,190.7873992919922
1769728278.1517675,1444,187.5398406982422
1769728289.53851,1445,189.06570434570312
1769728318.9851165,1446,188.4722442626953
1769728419.3435972,1447,190.10540771484375
1769728419.9509308,1448,180.6079559326172
1769728422.8144515,1449,176.8873291015625
1769728426.3742664,1450,184.9629669189453
1769728427.071926,1451,174.73472595214844
1769728446.9074545,1452,190.76380920410156
1769728456.6532006,1453,186.34080505371094
1769728457.5897865,1454,182.69430541992188
1769728468.0369072,1455,186.31150817871094
1769728478.0768645,1456,184.34646606445312
1769728500.0863788,1457,190.6695556640625
1769728512.7361612,1458,187.5087432861328
1769728514.4794438,1459,179.5673065185547
1769728514.5984988,1460,160.60748291015625
1769728522.773442,1461,188.0574188232422
1769728559.3573809,1462,188.15679931640625
1769728562.474162,1463,178.16494750976562
1769728603.7985964,1464,186.6501007080078
1769728620.330874,1465,184.80990600585938
1769728623.5308194,1466,177.65406799316406
1769728634.1540825,1467,183.67552185058594
1769728636.4207737,1468,171.0835418701172
1769728649.4635277,1469,185.56723022460938
1769728665.5058837,1470,186.3737335205078
1769728686.0610707,1471,184.08372497558594
1769728747.4657896,1472,183.55612182617188
1769728806.8818903,1473,184.49351501464844
1769728841.1789763,1474,183.79385375976562
1769728852.8879128,1475,184.21499633789062
1769728853.0203466,1476,105.33854675292969
1769728853.1372871,1477,160.42898559570312
1769728889.059904,1478,181.48265075683594
1769728902.9357164,1479,182.47494506835938
1769728904.9899628,1480,177.3870086669922
1769728910.1869097,1481,173.45384216308594
1769728919.7453156,1482,176.4413299560547
1769728928.1772144,1483,173.9221954345703
1769728931.270912,1484,176.8066864013672
1769728945.9585004,1485,177.83595275878906
1769728972.4229236,1486,180.95693969726562
1769729026.4688811,1487,181.65008544921875
1769729113.7827365,1488,164.41934204101562
1769729174.1417768,1489,180.24363708496094
1769729180.2589982,1490,176.5016326904297
1769729200.8117785,1491,176.19940185546875
1769729210.3760333,1492,177.92306518554688
1769729218.0081398,1493,178.99842834472656
1769729220.271422,1494,168.94969177246094
1769729225.5813215,1495,178.38336181640625
1769729281.4106474,1496,178.35081481933594
1769729310.1106908,1497,178.23236083984375
1769729322.6472795,1498,176.80465698242188
1769729322.777865,1499,125.95841979980469
1769729323.5886931,1500,168.83697509765625
1769729338.7360678,1501,173.03433227539062
1769729338.8709667,1502,142.64144897460938
1769729353.700935,1503,175.5066375732422
1769729353.831823,1504,125.31130981445312
1769729353.9490962,1505,159.91317749023438
1769729362.573539,1506,173.65049743652344
1769729409.9240756,1507,175.02000427246094
1769729497.0080876,1508,173.2286376953125
1769729513.0348387,1509,174.44796752929688
1769729543.4330435,1510,171.49842834472656
1769729544.155544,1511,167.5731201171875
1769729544.2787156,1512,119.69271087646484
1769729555.583923,1513,167.55410766601562
1769729568.5834296,1514,169.6501007080078
1769729568.711493,1515,137.9490509033203
1769729570.3324955,1516,162.15475463867188
1769729577.405435,1517,169.19337463378906
1769729580.7148411,1518,167.94981384277344
1769729587.2797694,1519,166.01698303222656
1769729593.629583,1520,167.45071411132812
1769729605.034724,1521,167.9539794921875
1769729606.3612068,1522,161.35252380371094
1769729622.246954,1523,168.43333435058594
1769729622.379599,1524,140.052734375
1769729624.2333562,1525,164.20867919921875
1769729624.3503277,1526,154.88377380371094
1769729626.6148126,1527,166.0346221923828
1769729627.4280205,1528,161.238037109375
1769729656.8713534,1529,172.1290740966797
1769729662.4872987,1530,164.48287963867188
1769729714.7997942,1531,170.01463317871094
1769729719.256021,1532,163.3898162841797
1769729721.67261,1533,162.74497985839844
1769729764.45868,1534,165.9235382080078
1769729922.108473,1535,168.58038330078125
1769729924.3204446,1536,159.90414428710938
1769729945.8827116,1537,162.9979705810547
1769729959.386646,1538,163.4688720703125
1769729979.19705,1539,164.96051025390625
1769729992.591055,1540,162.93980407714844
1769730007.3614843,1541,164.95831298828125
1769730016.1995838,1542,163.2914581298828
1769730041.5207114,1543,163.0958251953125
1769730074.3071914,1544,165.8279571533203
1769730074.4595354,1545,145.69984436035156
1769730099.048779,1546,162.42433166503906
1769730149.7851877,1547,165.13134765625
1769730220.7784574,1548,164.92263793945312
1769730230.701945,1549,155.7362823486328
1769730232.4789212,1550,154.6883087158203
1769730269.7681074,1551,164.5004119873047
1769730304.7151957,1552,162.08018493652344
1769730309.4803348,1553,161.8915252685547
1769730346.423902,1554,160.96731567382812
1769730352.2937958,1555,160.38955688476562
1769730352.4158552,1556,155.73976135253906
1769730369.8165774,1557,160.27001953125
1769730385.63904,1558,157.67324829101562
1769730394.712726,1559,160.11160278320312
1769730422.4332957,1560,158.38381958007812
1769730440.1523232,1561,158.55859375
1769730630.970852,1562,158.1967315673828
1769730636.5270185,1563,159.0411834716797
1769730649.9332016,1564,158.70237731933594
1769730666.4744103,1565,159.05587768554688
1769730675.5680823,1566,158.91334533691406
1769730689.47746,1567,159.79249572753906
1769730729.6565707,1568,158.57821655273438
1769730743.1789238,1569,156.36488342285156
1769730746.6567142,1570,159.466064453125
1769730789.1178367,1571,156.8277587890625
1769730797.5257485,1572,155.6121368408203
1769730799.9688916,1573,149.9200897216797
1769730830.727798,1574,157.8313446044922
1769730853.2558959,1575,156.29046630859375
1769730874.0831943,1576,157.37879943847656
1769730874.2207584,1577,132.70481872558594
1769730880.7729635,1578,154.83334350585938
1769730898.0246286,1579,157.48263549804688
1769730912.551777,1580,155.2840576171875
1769730992.49067,1581,152.2903289794922
1769731012.7613924,1582,155.26605224609375
1769731028.2561648,1583,151.8045654296875
1769731028.3862908,1584,155.64642333984375
1769731064.271271,1585,155.89691162109375
1769731112.3450773,1586,152.86183166503906
1769731124.5149696,1587,153.12734985351562
1769731164.0916286,1588,152.25466918945312
1769731169.743653,1589,149.32247924804688
1769731244.6168127,1590,156.82896423339844
1769731275.6736372,1591,153.40676879882812
1769731349.2311058,1592,147.2266082763672
1769731362.3186085,1593,150.57687377929688
1769731371.0431025,1594,153.95437622070312
1769731386.1886334,1595,149.8793182373047
1769731386.3282444,1596,111.72272491455078
1769731389.869053,1597,147.05014038085938
1769731427.9787455,1598,152.22695922851562
1769731441.030611,1599,149.99473571777344
1769731454.7701995,1600,150.07806396484375
1769731456.64716,1601,143.10220336914062
1769731511.150773,1602,150.82647705078125
1769731555.5226102,1603,149.67630004882812
1769731573.2219193,1604,150.31825256347656
1769731579.9050372,1605,148.55230712890625
1769731613.7695367,1606,149.4408721923828
1769731624.8995554,1607,143.74111938476562
1769731627.9010224,1608,151.09811401367188
1769731709.182148,1609,149.09437561035156
1769731723.4512537,1610,144.04527282714844
1769731736.2587445,1611,141.24234008789062
1769731742.479699,1612,141.64805603027344
1769731751.0321114,1613,143.0966033935547
1769731751.4494216,1614,140.075439453125
1769731773.9008534,1615,148.21957397460938
1769731804.6058984,1616,145.0375518798828
1769731806.0635707,1617,137.8053741455078
1769731820.8148,1618,143.4316864013672
1769731829.869704,1619,146.0349578857422
1769731841.3794973,1620,143.53379821777344
1769731877.104436,1621,145.3768768310547
1769731953.3436778,1622,145.7623748779297
1769732131.4935334,1623,146.23207092285156
1769732145.7889478,1624,141.5615997314453
1769732221.7014031,1625,142.67672729492188
1769732245.0937262,1626,139.74447631835938
1769732250.5015502,1627,139.86129760742188
1769732253.6759934,1628,133.8380126953125
1769732265.832482,1629,139.68417358398438
1769732286.5428257,1630,140.15306091308594
1769732340.1372876,1631,138.92955017089844
1769732376.3767917,1632,139.7775421142578
1769732467.1176329,1633,141.70838928222656
1769732470.711863,1634,133.0061798095703
1769732543.8992834,1635,137.22520446777344
1769732550.8223407,1636,136.4525604248047
1769732560.7182791,1637,134.33152770996094
1769732564.8444443,1638,133.09051513671875
1769732652.4249887,1639,138.63922119140625
1769732681.1823285,1640,134.503173828125
1769732709.8542078,1641,133.9565887451172
1769732890.233434,1642,133.264892578125
1769732890.379903,1643,80.7219467163086
1769732978.5396624,1644,136.44509887695312
1769732986.5949483,1645,131.58438110351562
1769733023.096021,1646,131.05621337890625
1769733050.696691,1647,131.71937561035156
1769733106.0002348,1648,131.58169555664062
1769733169.7300746,1649,129.70376586914062
1769733239.6460593,1650,121.54147338867188
1769733245.773057,1651,127.41559600830078
1769733250.8153338,1652,124.43433380126953
1769733272.6737654,1653,128.64065551757812
1769733351.4201984,1654,127.03804016113281
1769733364.6366742,1655,122.48072814941406
1769733382.6837265,1656,126.1051254272461
1769733416.1991804,1657,121.87075805664062
1769733426.9198375,1658,122.88236236572266
1769733430.2837732,1659,114.54852294921875
1769733481.3900263,1660,122.93177032470703
1769733525.1421103,1661,120.73023986816406
1769733692.7098386,1662,119.81958770751953
1769733713.547627,1663,120.29743957519531
1769733830.4752955,1664,119.83500671386719
1769733874.5229006,1665,116.53976440429688
1769733905.8025699,1666,114.10689544677734
1769733916.1890335,1667,112.77535247802734
1769733919.030438,1668,112.6432113647461
1769734146.8606827,1669,112.91168212890625
1769734147.431756,1670,104.61481475830078
1769734163.673185,1671,111.06390380859375
1769734175.136933,1672,109.13727569580078
1769734175.2647567,1673,86.8867416381836
1769734283.7590778,1674,111.35311889648438
1769734317.9243877,1675,108.4629135131836
1769734333.8582056,1676,105.95390319824219
1769734360.825313,1677,107.77915954589844
1769734497.1580846,1678,103.51641845703125
1769734519.0785563,1679,104.78553771972656
1769734566.0193622,1680,104.70308685302734
1769734582.0635707,1681,102.22283172607422
1769734582.1987176,1682,64.58024597167969
1769734622.0116587,1683,105.78114318847656
1769734688.9575877,1684,104.78749084472656
1769734707.2790315,1685,102.54199981689453
1769734849.091925,1686,101.93803405761719
1769734928.035667,1687,94.53807067871094
1769734953.7729247,1688,95.59954833984375
1769734966.8697882,1689,98.51697540283203
1769734969.1439247,1690,95.52992248535156
1769734971.4596007,1691,98.04701232910156
1769735003.5784063,1692,99.89753723144531
1769735008.8379424,1693,98.03455352783203
1769735090.217984,1694,99.69232177734375
1769735095.6893742,1695,96.60575866699219
1769735105.9931936,1696,91.62580871582031
1769735106.1493547,1697,73.93962097167969
1769735132.477114,1698,98.379638671875
1769735254.3432431,1699,96.5784683227539
1769735256.770919,1700,94.72166442871094
1769735260.1995015,1701,94.01930236816406
1769735305.9255772,1702,96.84378814697266
1769735307.707497,1703,87.05146789550781
1769735373.184275,1704,96.71127319335938
1769735395.7889032,1705,95.33202362060547
1769735414.095768,1706,93.36127471923828
1769735458.8872652,1707,94.40855407714844
1769735497.35195,1708,95.28703308105469
1769735614.9799933,1709,88.00170135498047
1769735773.0084171,1710,156.9593963623047
1769735827.2617621,1711,90.99774169921875
1769735873.6442168,1712,90.14754486083984
1769735904.3761735,1713,89.73283386230469
1769736159.271397,1714,89.91536712646484
1769736227.4548163,1715,154.91810607910156
1769736239.0126398,1716,84.9219970703125
1769736259.8163652,1717,90.59684753417969
1769736304.8887975,1718,89.43191528320312
1769736311.4302986,1719,80.52375793457031
1769736342.5819166,1720,95.3415298461914
1769736505.3753004,1721,79.1494369506836
1769736611.4978273,1722,100.27822875976562
1769736630.438788,1723,88.55197143554688
1769736658.6009767,1724,103.29232788085938
1769736694.5551507,1725,102.39768981933594
1769736703.2773201,1726,79.62818908691406
1769736707.5757082,1727,99.8188705444336
1769736719.4205477,1728,94.36849212646484
1769736816.7903407,1729,106.80397033691406
1769736911.943441,1730,107.38931274414062
1769736912.4159636,1731,66.66413116455078
1769736914.2953594,1732,70.44083404541016
1769736933.008951,1733,94.23055267333984
1769736934.9877653,1734,68.103271484375
1769736939.9282503,1735,83.02532196044922
1769736946.1731634,1736,95.10826110839844
1769736947.820162,1737,126.10778045654297
1769737005.0900843,1738,112.885986328125
1769737005.274957,1739,49.248802185058594
1769737082.3976476,1740,110.6312255859375
1769737092.8865428,1741,112.51040649414062
1769737100.4403272,1742,112.65547180175781
1769737181.386289,1743,112.27277374267578
1769737348.6897726,1744,109.41016387939453
1769737411.2129877,1745,117.95328521728516
1769737425.1231716,1746,110.40072631835938
1769737553.6864622,1747,124.46184539794922
1769737696.0974996,1748,131.08099365234375
1769737824.9340847,1749,99.454345703125
1769737903.184459,1750,131.50155639648438
1769737937.4302886,1751,129.26904296875
1769737942.620158,1752,88.87705993652344
1769737967.544373,1753,100.97181701660156
1769738001.6357489,1754,121.65934753417969
1769738016.6884463,1755,129.0635223388672
1769738055.1916614,1756,118.80809020996094
1769738214.376009,1757,133.17059326171875
1769738251.1137602,1758,123.94486236572266
1769738269.9328113,1759,154.8812713623047
1769738271.6409004,1760,120.75179290771484
1769738349.132991,1761,136.06529235839844
1769738397.7837064,1762,142.10287475585938
1769738477.8515441,1763,142.9263153076172
1769738596.6433609,1764,101.66504669189453
1769738684.1232653,1765,139.03704833984375
1769738689.7237508,1766,93.6574478149414
1769738718.6593788,1767,120.86012268066406
1769738723.5476408,1768,114.98900604248047
1769738742.7998042,1769,117.8867416381836
1769738790.0880613,1770,138.06149291992188
1769738798.6480901,1771,140.5414581298828
1769738798.7781165,1772,67.66566467285156
1769738994.2670877,1773,141.23081970214844
1769739121.526863,1774,113.61344909667969
1769739130.7543318,1775,121.54154968261719
1769739133.3109303,1776,109.7403793334961
1769739142.7833438,1777,108.04312133789062
1769739150.9745367,1778,136.0535888671875
1769739222.7182894,1779,140.59544372558594
1769739227.4190905,1780,131.72560119628906
1769739229.2413695,1781,119.89408874511719
1769739235.3194096,1782,120.06121063232422
1769739250.2325585,1783,126.95814514160156
1769739346.1231875,1784,136.8195343017578
1769739348.958627,1785,109.17927551269531
1769739359.1633759,1786,122.41919708251953
1769739366.048597,1787,121.76351165771484
1769739366.1733263,1788,73.63654327392578
1769739379.1583688,1789,136.86502075195312
1769739401.734827,1790,128.93104553222656
1769739414.7364028,1791,214.25498962402344
1769739415.2800276,1792,106.2186050415039
1769739438.1473722,1793,127.06712341308594
1769739473.4948363,1794,144.3553466796875
1769739555.8058572,1795,139.6492919921875
1769739666.2205946,1796,145.9661102294922
1769739797.4549866,1797,95.90210723876953
1769739803.4936447,1798,132.38148498535156
1769739845.04965,1799,146.47296142578125
1769739918.318559,1800,135.29708862304688
1769739925.9885328,1801,141.22772216796875
1769739930.755911,1802,130.75006103515625
1769739930.8782256,1803,29.487730026245117
1769740013.3037784,1804,245.38253784179688
1769740027.1717463,1805,146.0935821533203
1769740036.035157,1806,147.93460083007812
1769740093.4642491,1807,144.6647186279297
1769740215.4574752,1808,64.48345184326172
1769740218.6687438,1809,135.61878967285156
1769740224.4115548,1810,128.38209533691406
1769740245.0319002,1811,138.9060516357422
1769740249.23158,1812,138.66537475585938
1769740266.145544,1813,136.3623046875
1769740268.81234,1814,142.03463745117188
1769740273.6550403,1815,234.54507446289062
1769740286.9575725,1816,126.28191375732422
1769740336.3163898,1817,154.41116333007812
1769740345.4802675,1818,140.04966735839844
1769740351.3505769,1819,140.3907012939453
1769740355.0826445,1820,137.07447814941406
1769740364.8272886,1821,136.8475799560547
1769740370.9592102,1822,140.0098114013672
1769740390.9132633,1823,137.91075134277344
1769740423.7497113,1824,149.84934997558594
1769740434.8492682,1825,130.67233276367188
1769740449.9300964,1826,153.25575256347656
1769740455.1379607,1827,146.87112426757812
1769740463.0995889,1828,135.25326538085938
1769740496.004793,1829,136.74403381347656
1769740512.783003,1830,146.9084014892578
1769740531.1759706,1831,156.1737060546875
1769740541.494635,1832,133.28573608398438
1769740541.7363229,1833,66.82182312011719
1769740546.8273628,1834,148.41249084472656
1769740579.4553292,1835,147.22398376464844
1769740587.8479555,1836,149.64964294433594
1769740587.9729936,1837,53.35636901855469
1769740592.022666,1838,142.25747680664062
1769740597.2807817,1839,137.79937744140625
1769740613.9272778,1840,143.75645446777344
1769740630.6014001,1841,150.93760681152344
1769740652.091209,1842,145.55174255371094
1769740662.5738435,1843,143.36199951171875
1769740666.5209522,1844,139.87208557128906
1769740695.2652304,1845,151.08203125
1769740695.4689245,1846,116.42228698730469
1769740710.2768834,1847,142.84632873535156
1769740721.8921432,1848,151.22352600097656
1769740729.8264184,1849,145.13272094726562
1769740735.3748214,1850,143.6078338623047
1769740735.5004792,1851,110.5911865234375
1769740736.8427804,1852,132.01974487304688
1769740786.4775102,1853,153.03355407714844
1769740826.7214122,1854,157.99862670898438
1769740830.0583851,1855,141.94541931152344
1769740831.9386582,1856,133.484375
1769740838.4711185,1857,148.92283630371094
1769740886.6489558,1858,158.99766540527344
1769740889.7564487,1859,141.2653350830078
1769740890.8198838,1860,139.59225463867188
1769740895.9141219,1861,144.9324188232422
1769740898.2558086,1862,147.84678649902344
1769740900.062092,1863,135.87559509277344
1769740906.5240126,1864,157.40403747558594
1769740911.1110897,1865,143.13648986816406
1769740928.6681979,1866,156.50396728515625
1769740955.5238926,1867,158.42686462402344
1769740972.2288718,1868,155.7688446044922
1769741000.214427,1869,157.5948486328125
1769741000.357802,1870,61.89516830444336
1769741033.7677665,1871,158.48338317871094
1769741039.5538964,1872,162.22071838378906
1769741041.648482,1873,134.83628845214844
1769741041.76905,1874,44.34164047241211
1769741047.3044672,1875,149.37379455566406
1769741065.0525107,1876,159.01380920410156
1769741085.438617,1877,153.7509307861328
1769741096.033304,1878,149.03704833984375
1769741097.9125266,1879,145.3779754638672
1769741103.2147355,1880,153.35528564453125
1769741171.2134945,1881,151.91749572753906
1769741195.2807033,1882,161.5240478515625
1769741200.1119804,1883,142.22340393066406
1769741203.3215077,1884,143.30801391601562
1769741223.935281,1885,157.7093048095703
1769741234.442474,1886,149.5158233642578
1769741244.9830587,1887,148.1317901611328
1769741270.8777397,1888,156.03213500976562
1769741307.021251,1889,163.34625244140625
1769741323.9050965,1890,156.02769470214844
1769741351.4781213,1891,156.1240234375
1769741360.1842332,1892,152.5082550048828
1769741361.0033169,1893,126.06538391113281
1769741367.7258313,1894,149.92758178710938
1769741393.3485334,1895,158.48489379882812
1769741396.9036927,1896,143.82757568359375
1769741402.2683213,1897,144.0642547607422
1769741423.7754378,1898,160.53440856933594
1769741440.7425458,1899,164.53489685058594
1769741440.8749833,1900,120.97064971923828
1769741459.286816,1901,153.61705017089844
1769741549.217578,1902,157.54129028320312
1769741551.2970204,1903,165.3133544921875
1769741587.2299607,1904,161.1490020751953
1769741591.5417547,1905,152.97874450683594
1769741594.569896,1906,134.7723388671875
1769741601.029727,1907,163.826904296875
1769741632.254221,1908,165.17413330078125
1769741643.5421982,1909,162.33831787109375
1769741650.722298,1910,163.0449676513672
1769741654.966624,1911,151.68606567382812
1769741667.2291124,1912,165.93460083007812
1769741692.6427982,1913,165.96189880371094
1769741712.291812,1914,163.4680633544922
1769741730.2715223,1915,163.70774841308594
1769741745.3393936,1916,162.27732849121094
1769741766.8305225,1917,165.7809600830078
1769741817.1922305,1918,168.4182891845703
1769741897.0086715,1919,165.4852752685547
1769741897.1433518,1920,132.7735595703125
1769741902.808807,1921,159.95947265625
1769741902.9355881,1922,114.2213363647461
1769741911.4570541,1923,163.18275451660156
1769741944.416916,1924,167.2307586669922
1769741947.3580594,1925,150.09930419921875
1769741977.576942,1926,161.89337158203125
1769742000.4559522,1927,166.8162384033203
1769742000.5995944,1928,118.8046646118164
1769742026.9922328,1929,162.39202880859375
1769742045.6435497,1930,161.79005432128906
1769742054.6582975,1931,169.0542449951172
1769742060.781807,1932,166.7652130126953
1769742064.2475119,1933,145.23460388183594
1769742071.0466504,1934,168.12477111816406
1769742078.3494453,1935,153.97894287109375
1769742086.5545928,1936,163.9386444091797
1769742089.4669569,1937,159.7679901123047
1769742099.2370474,1938,170.66275024414062
1769742107.7996883,1939,163.9716339111328
1769742109.6353993,1940,154.8417205810547
1769742113.7260458,1941,156.2856903076172
1769742120.1841636,1942,171.7740478515625
1769742120.892755,1943,147.6729278564453
1769742124.3887115,1944,154.56903076171875
1769742163.8014617,1945,171.5026092529297
1769742176.507688,1946,161.16416931152344
1769742218.678146,1947,170.46597290039062
1769742268.174436,1948,171.38327026367188
1769742290.1258802,1949,171.40969848632812
1769742290.269311,1950,141.17617797851562
1769742294.9519358,1951,170.9625244140625
1769742309.0029798,1952,173.59266662597656
1769742309.9598143,1953,146.99432373046875
1769742328.639655,1954,165.2399139404297
1769742328.773698,1955,110.94717407226562
1769742335.5817983,1956,172.72886657714844
1769742335.943203,1957,138.93338012695312
1769742339.5043228,1958,153.96713256835938
1769742345.6439002,1959,161.66209411621094
1769742351.4494178,1960,173.0479736328125
1769742351.5777223,1961,67.28459930419922
1769742370.3009415,1962,170.24481201171875
1769742370.907653,1963,144.14236450195312
1769742382.7214339,1964,166.14755249023438
1769742401.4735668,1965,172.6228485107422
1769742407.1796649,1966,155.1191864013672
1769742411.4637601,1967,161.14627075195312
1769742474.743884,1968,176.74009704589844
1769742484.7176807,1969,172.19944763183594
1769742515.6243765,1970,175.78982543945312
1769742562.781025,1971,161.36813354492188
1769742570.2217617,1972,170.3247528076172
1769742570.8540244,1973,136.6764373779297
1769742572.383307,1974,147.1645965576172
1769742573.1249874,1975,176.02301025390625
1769742573.5524826,1976,148.2337646484375
1769742576.771692,1977,161.41932678222656
1769742593.8050923,1978,174.59188842773438
1769742642.6714914,1979,175.18142700195312
1769742644.6760786,1980,162.73011779785156
1769747465.1147342,1,1.1591383218765259
1769749051.2858875,1,0.06490356475114822
1769749076.0600445,2,0.22698107361793518
1769749081.295936,3,0.6713382601737976
1769749081.8284113,4,0.5259718894958496
1769749087.4959986,5,0.6660448312759399
1769749126.869367,6,1.2836601734161377
1769751491.0281582,1,0.06223823130130768
1769751503.8852358,2,-0.32713937759399414
1769751518.2036874,3,-0.2611483335494995
1769751530.485514,4,0.7067520022392273
1769751603.2666624,5,4.143131256103516
1769751835.2609143,1,0.06294567883014679
1769751860.3328238,2,0.5435601472854614
1769751865.6540205,3,0.9335920810699463
1769751866.1883037,4,0.7790274620056152
1769751871.9143171,5,0.8324491381645203
1769751902.1887877,6,2.0215237140655518
1769751943.5873485,7,3.2331013679504395
1769751974.587054,1,0.10748806595802307
1769751981.331749,2,0.14414142072200775
1769751992.7641366,3,0.7068970203399658
1769752044.556475,4,3.027578353881836
1769752051.3484697,5,3.5387561321258545
1769752051.469715,6,2.301772356033325
1769752063.9603345,7,4.2135090827941895
1769752077.2172782,8,5.431657314300537
1769752081.0105608,9,5.588183403015137
1769752082.4761126,10,5.38174295425415
1769752101.5734878,11,6.739926815032959
1769752109.797116,12,7.949349403381348
1769752130.353982,13,9.028268814086914
1769752142.8386927,14,9.088960647583008
1769752156.8316545,15,9.852055549621582
1769752158.3104913,16,10.149266242980957
1769752167.3073797,17,10.279086112976074
1769752180.8480299,18,11.316004753112793
1769752185.2800033,19,11.342233657836914
1769752185.4023507,20,5.026900768280029
1769752235.5712833,21,11.678848266601562
1769752239.387138,22,9.788869857788086
1769752239.5076709,23,8.048298835754395
1769752254.8028967,24,11.392301559448242
1769752262.1946385,25,12.843123435974121
1769752328.025147,26,13.93995189666748
1769752335.765545,27,12.448266983032227
1769752361.9698315,28,15.596037864685059
1769752362.1080973,29,7.211784839630127
1769752392.1207585,30,15.838970184326172
1769752405.9822283,31,16.25739288330078
1769752406.5904253,32,8.904539108276367
1769752415.9206836,33,17.01823616027832
1769752417.144116,34,15.155111312866211
1769752417.261785,35,8.27668285369873
1769752418.423128,36,14.130970001220703
1769752419.705692,37,15.09122371673584
1769752427.2556348,38,17.319795608520508
1769752473.3851519,39,17.7672119140625
1769752696.224092,1,0.11071235686540604
1769752765.6563427,1,0.0671577975153923
1769752790.458709,2,0.5461055636405945
1769752795.4707801,3,0.558687686920166
1769752813.09107,4,0.5564543604850769
1769752832.0278718,5,1.3384923934936523
1769752858.2674894,6,3.1297237873077393
1769752868.1715412,7,3.292198419570923
1769752879.5907564,8,3.451815128326416
1769752879.7153027,9,3.274662494659424
1769752891.629357,10,4.057266712188721
1769752897.0757208,11,4.155089855194092
1769752914.9322462,12,4.586336135864258
1769752961.697224,1,0.06220319867134094
1769752974.6564875,2,-0.24296791851520538
1769753019.8989604,1,0.06389319896697998
1769753044.9107573,2,0.5341311097145081
1769753050.2649677,3,0.855529248714447
1769753051.845154,4,0.7068696022033691
1769753051.9629414,5,0.5853906869888306
1769755820.1535695,1,-0.006353076547384262
1769755823.3823197,2,-0.04722251370549202
1769755825.6942682,3,-0.04971413314342499
1769755841.586547,4,-0.17183035612106323
1769755841.7159204,5,-0.43575772643089294
1769755842.1004875,6,-0.3618254065513611
1769755843.540135,7,-0.1118680015206337
1769755847.4960463,8,0.14672669768333435
1769755847.6272898,9,-0.07278421521186829
1769757932.5211673,1,0.0560062900185585
1769758316.4876006,1,0.06127157807350159
1769758436.2553694,2,7.52694845199585
1769758436.4766018,3,6.453678607940674
1769758437.88884,4,7.65159797668457
1769758451.423495,5,8.566031455993652
1769758451.554181,6,8.155611991882324
1769758489.6031008,7,12.144707679748535
1769758508.8019974,8,14.748306274414062
1769758514.7466452,9,15.622017860412598
1769758514.9278345,10,10.312145233154297
1769758526.9333916,11,16.51213264465332
1769758534.5564568,12,18.018327713012695
1769758537.8023002,13,18.180850982666016
1769758563.0880053,14,19.7935791015625
1769758572.068667,15,20.642940521240234
1769758574.3521612,16,19.273733139038086
1769758578.2606416,17,20.61874008178711
1769758606.3002014,18,23.09893035888672
1769758700.595113,19,15.616622924804688
1769758705.3137572,20,22.8447265625
1769758705.4400535,21,21.16077995300293
1769758709.860714,22,22.818288803100586
1769758716.3230293,23,23.974014282226562
1769758716.4494767,24,14.588861465454102
1769758725.4051142,25,23.33609962463379
1769758726.1294835,26,19.296222686767578
1769758731.4433417,27,23.946788787841797
1769758760.4229152,28,25.127134323120117
1769758769.745705,29,25.072097778320312
1769758770.9400597,30,23.29779624938965
1769758783.528328,31,26.110187530517578
1769758785.550265,32,25.83692741394043
1769758789.1312416,33,23.161489486694336
1769758789.2559352,34,21.363529205322266
1769758789.3787348,35,19.27409553527832
1769758834.9403443,36,28.83621597290039
1769758844.319871,37,26.100324630737305
1769758862.052066,38,29.55197525024414
1769758884.0625715,39,30.953855514526367
1769758918.074019,40,31.748390197753906
1769758973.7112453,41,31.83294677734375
1769758983.5351639,42,31.247438430786133
1769758983.6610851,43,16.36747932434082
1769759011.228264,44,33.05839920043945
1769759161.5644443,45,30.826671600341797
1769759282.181408,46,33.947967529296875
1769759285.5652468,47,28.14581298828125
1769759285.9304848,48,20.71238899230957
1769759302.2930758,49,29.87961196899414
1769759310.1322238,50,31.6141300201416
1769759312.758279,51,27.36886215209961
1769759321.471759,52,33.512447357177734
1769759335.2080677,53,33.59671401977539
1769759338.928652,54,29.074695587158203
1769759376.9635854,55,34.61272048950195
1769759388.7804394,56,35.8516731262207
1769759388.9101965,57,22.259273529052734
1769759410.9773052,58,31.267261505126953
1769759419.8828251,59,33.355716705322266
1769759427.2475982,60,37.69994354248047
1769759445.858989,61,35.67772674560547
1769759555.0034416,62,35.8219108581543
1769759570.1963067,63,38.918758392333984
1769759592.8005023,64,39.89234924316406
1769759622.8475575,65,38.46794128417969
1769759648.227141,66,37.40955352783203
1769759732.8826308,67,43.3672981262207
1769759733.5368485,68,35.719696044921875
1769759741.1554418,69,44.72892761230469
1769759760.6055737,70,44.79444122314453
1769759762.8210754,71,43.726436614990234
1769759791.1878524,72,45.843482971191406
1769759797.3012655,73,45.66724395751953
1769759812.2611823,74,48.6026611328125
1769759816.8333964,75,44.329193115234375
1769759818.0311272,76,45.635005950927734
1769759821.423521,77,45.20981979370117
1769759859.0054028,78,49.88688659667969
1769760032.7944663,79,50.28060531616211
1769760032.9309332,80,33.910179138183594
1769760052.6733732,81,51.431880950927734
1769760053.2821114,82,42.98409652709961
1769760056.115933,83,46.98632049560547
1769760056.2401454,84,42.19862747192383
1769760064.149969,85,51.44241714477539
1769760108.180456,86,53.78363800048828
1769760125.7443948,87,53.73568344116211
1769760128.5827947,88,50.14491653442383
1769760128.8235555,89,46.38529968261719
1769760133.0282497,90,54.541080474853516
1769760134.217628,91,49.608768463134766
1769760148.0065777,92,54.6953125
1769760148.1401188,93,34.63785934448242
1769760282.8619041,94,56.90571975708008
1769760352.9786942,95,52.661922454833984
1769760354.5033875,96,54.03023910522461
1769760360.4636412,97,57.75531005859375
1769760399.472159,98,57.91434097290039
1769760402.141836,99,56.53559875488281
1769760430.7652075,100,57.923526763916016
1769760466.7849262,101,61.899845123291016
1769760475.9054031,102,59.34351348876953
1769760542.4487827,103,66.4114761352539
1769761064.9419,104,90.72679901123047
1769761171.9205017,105,88.26974487304688
1769761172.0490086,106,76.13489532470703
1769761188.1797473,107,89.75003051757812
1769761209.5487578,108,91.57963562011719
1769761230.1704624,109,97.06592559814453
1769761237.8374443,110,89.09696197509766
1769761237.967342,111,62.78179168701172
1769761258.7074943,112,95.89977264404297
1769761347.8228986,113,102.1096420288086
1769761450.686406,114,88.9029541015625
1769761451.2399926,115,91.91079711914062
1769761451.3626432,116,81.15179443359375
1769761452.2001185,117,100.00296020507812
1769761453.094936,118,86.98200988769531
1769761453.8823273,119,92.95804595947266
1769761454.7369282,120,91.58946228027344
1769761454.8661876,121,76.69281005859375
1769761455.236044,122,74.32081604003906
1769761456.170872,123,99.9915771484375
1769761457.6051033,124,90.31056213378906
1769761457.729592,125,70.71052551269531
1769761458.504506,126,96.12627410888672
1769761458.8670063,127,86.932373046875
1769761459.3480914,128,97.27333068847656
1769761459.8863134,129,90.57207489013672
1769761460.3643034,130,92.00617980957031
1769761460.6113918,131,81.79458618164062
1769761461.7072763,132,89.99468231201172
1769761462.1265056,133,99.57453155517578
1769761462.9075236,134,93.38077545166016
1769761463.745074,135,91.82532501220703
1769761464.4064035,136,98.36016082763672
1769761465.001894,137,92.88389587402344
1769761465.1254826,138,68.01593780517578
1769761465.780579,139,99.65387725830078
1769761467.2521832,140,97.02825927734375
1769761468.201726,141,90.95906829833984
1769761468.7443159,142,95.02049255371094
1769761468.8665047,143,72.36102294921875
1769761468.9946275,144,88.96105194091797
1769761469.7672777,145,94.14282989501953
1769761470.1844068,146,76.2441177368164
1769761470.5421562,147,93.11614227294922
1769761471.0521715,148,89.32960510253906
1769761471.470927,149,73.42784881591797
1769761472.0749092,150,89.85527038574219
1769761472.1983376,151,64.26197052001953
1769761473.5185072,152,86.86429595947266
1769761475.1885266,153,102.80472564697266
1769761477.4783876,154,91.71350860595703
1769761477.9590707,155,95.34366607666016
1769761479.7950618,156,104.96426391601562
1769761481.3191783,157,95.99124908447266
1769761481.9793267,158,89.84574890136719
1769761483.0513315,159,92.1384048461914
1769761483.1729388,160,67.70319366455078
1769761484.258404,161,104.70165252685547
1769761485.5069714,162,92.62379455566406
1769761485.987866,163,83.79109191894531
1769761487.5207043,164,95.79895782470703
1769761487.7659025,165,85.53496551513672
1769761489.914664,166,103.85089874267578
1769761490.866965,167,101.51771545410156
1769761491.3759544,168,86.87940216064453
1769761492.3361998,169,99.05315399169922
1769761492.6389537,170,85.44338989257812
1769761494.4650216,171,91.93255615234375
1769761494.8786826,172,92.80608367919922
1769761496.9736998,173,89.76948547363281
1769761498.6957996,174,92.89889526367188
1769761502.075051,175,99.0403823852539
1769761503.0923321,176,93.45503997802734
1769761504.163385,177,93.51319122314453
1769761507.0506563,178,100.17424011230469
1769761510.1965356,179,100.29857635498047
1769761511.4253182,180,100.16763305664062
1769761512.3925178,181,91.74561309814453
1769761516.7194123,182,94.6217269897461
1769761519.569682,183,93.98185729980469
1769761521.9879313,184,97.6496353149414
1769761525.480639,185,95.60122680664062
1769761526.6234481,186,90.54195404052734
1769761528.1681283,187,96.82652282714844
1769761530.0217426,188,102.35784149169922
1769761531.0158052,189,102.52427673339844
1769761533.4119935,190,106.0506362915039
1769761534.3176603,191,89.6485824584961
1769761535.4879224,192,94.65216827392578
1769761535.8498955,193,106.55287170410156
1769761535.9720702,194,96.04559326171875
1769761537.278865,195,96.46882629394531
1769761538.7046373,196,103.74512481689453
1769761540.911382,197,97.11749267578125
1769761542.9858124,198,101.41312408447266
1769761543.877214,199,94.04552459716797
1769761544.0011742,200,54.78136444091797
1769761545.375718,201,96.22061920166016
1769761547.9952135,202,106.56266021728516
1769761549.0039337,203,92.22327423095703
1769761549.9595423,204,99.94239044189453
1769761550.5614564,205,84.13093566894531
1769761551.931073,206,93.11000061035156
1769761553.1248355,207,92.44004821777344
1769761553.423357,208,97.2072525024414
1769761554.376377,209,92.64224243164062
1769761555.2714794,210,96.91566467285156
1769761556.2303233,211,86.50035095214844
1769761557.1862798,212,93.28555297851562
1769761558.6766024,213,94.72354888916016
1769761560.6032023,214,100.21791076660156
1769761562.4511135,215,97.04584503173828
1769761565.0043535,216,93.77680206298828
1769761565.7927945,217,86.78911590576172
1769761568.5311637,218,102.47798156738281
1769761569.736759,219,92.76033782958984
1769761571.6341693,220,97.16229248046875
1769761573.1246467,221,94.96438598632812
1769761574.129977,222,95.72624206542969
1769761574.6067662,223,85.72705841064453
1769761577.3195162,224,93.6467056274414
1769761578.6888754,225,94.02843475341797
1769761581.181567,226,100.33177185058594
1769761582.9900994,227,95.46937561035156
1769761586.5695198,228,102.64317321777344
1769761586.69235,229,58.26694107055664
1769761588.2584562,230,101.61241149902344
1769761590.6389074,231,100.5750961303711
1769761591.6598084,232,101.05870819091797
1769761592.23321,233,90.12969970703125
1769761593.3574862,234,94.80280303955078
1769761594.7986314,235,93.21812438964844
1769761596.1696901,236,95.1633529663086
1769761596.476378,237,74.18177032470703
1769761596.7791998,238,88.49949645996094
1769761598.656512,239,100.44207000732422
1769761599.7256,240,93.25213623046875
1769761600.8466692,241,97.40213775634766
1769761602.267006,242,96.88343048095703
1769761602.6309965,243,90.49500274658203
1769761603.279469,244,90.36882781982422
1769761605.8099291,245,98.4753646850586
1769761607.6858964,246,104.94422912597656
1769761608.9160945,247,94.58711242675781
1769761609.5643747,248,95.80606842041016
1769761610.5894635,249,97.26882934570312
1769761613.5809107,250,103.72663879394531
1769761613.8267205,251,92.61988067626953
1769761615.0231068,252,97.87171936035156
1769761616.1614244,253,100.04598999023438
1769761617.962005,254,107.25177001953125
1769761620.415496,255,103.92904663085938
1769761620.540384,256,55.81304168701172
1769761620.667966,257,60.33293914794922
1769761622.3938615,258,96.51573944091797
1769761623.6988351,259,103.15347290039062
1769761624.6544766,260,93.70146942138672
1769761626.6230562,261,108.92111206054688
1769761626.8615596,262,91.47987365722656
1769761628.454247,263,96.3885498046875
1769761628.8717628,264,77.33348083496094
1769761631.4072626,265,99.8504409790039
1769761632.772111,266,103.21539306640625
1769761633.131121,267,59.79001998901367
1769761633.8461316,268,92.52169799804688
1769761634.2614243,269,80.11163330078125
1769761635.2110095,270,108.0248794555664
1769761635.8732738,271,100.89341735839844
1769761638.3676088,272,96.92938995361328
1769761638.96219,273,89.4311752319336
1769761639.267547,274,94.02661895751953
1769761641.3013334,275,95.81873321533203
1769761643.680449,276,97.14625549316406
1769761644.347946,277,96.55854797363281
1769761644.832447,278,95.87759399414062
1769761646.0957289,279,96.96778869628906
1769761647.1098795,280,96.82136535644531
1769761648.2375665,281,94.42162322998047
1769761649.5961769,282,95.22627258300781
1769761651.866127,283,96.19403839111328
1769761653.1940541,284,91.5545654296875
1769761656.2390604,285,99.32119750976562
1769761657.7971632,286,98.67668914794922
1769761658.5131404,287,80.14949798583984
1769761659.410527,288,90.03530883789062
1769761659.9504254,289,90.68842315673828
1769761660.668473,290,92.08238220214844
1769761662.467434,291,97.72442626953125
1769761664.5818925,292,103.09937286376953
1769761665.3068314,293,97.21797180175781
1769761665.4373245,294,92.89131927490234
1769761668.17916,295,96.12910461425781
1769761669.1286077,296,90.52681732177734
1769761670.473022,297,92.74951934814453
1769761670.8373334,298,88.15309143066406
1769761671.7895904,299,89.90174102783203
1769761674.2265923,300,90.03187561035156
1769761679.5857441,301,108.775390625
1769761681.261882,302,92.81543731689453
1769761682.3398187,303,103.46754455566406
1769761683.9475062,304,98.26272583007812
1769761685.8281267,305,107.44232177734375
1769761685.9553986,306,86.29995727539062
1769761687.5163443,307,95.86791229248047
1769761689.1914437,308,97.51023864746094
1769761691.1530776,309,98.34983825683594
1769761693.479351,310,98.47908020019531
1769761694.4990578,311,95.33560943603516
1769761695.4319983,312,99.94099426269531
1769761696.749899,313,98.62686920166016
1769761697.8830874,314,92.38323211669922
1769761698.9578304,315,90.60657501220703
1769761699.0804088,316,76.92121124267578
1769761700.3091204,317,93.93359375
1769761701.3868768,318,92.3082504272461
1769761702.1732724,319,91.76815032958984
1769761704.9239507,320,99.09226989746094
1769761710.5291874,321,109.52449798583984
1769761711.4236143,322,99.31227111816406
1769761711.7834404,323,76.8080062866211
1769761712.5522873,324,92.22721862792969
1769761714.0274067,325,97.60054016113281
1769761716.1393502,326,104.6522445678711
1769761717.8032393,327,95.06778717041016
1769761720.7346652,328,98.07891845703125
1769761721.5766668,329,93.07178497314453
1769761725.9241154,330,100.87833404541016
1769761727.6005569,331,97.67417907714844
1769761739.0760121,332,102.98207092285156
1769761739.8664541,333,89.93584442138672
1769761740.4061737,334,90.42684936523438
1769761740.5283592,335,67.18247985839844
1769761741.8837533,336,97.58195495605469
1769761743.0126271,337,97.12930297851562
1769761746.3958333,338,97.57952117919922
1769761756.2617984,339,97.77941131591797
1769761756.3854241,340,87.42835998535156
1769761758.788926,341,103.89801788330078
1769761761.993157,342,98.93412780761719
1769761764.0751112,343,102.87213134765625
1769761764.197847,344,79.42127990722656
1769761764.6771183,345,90.0885009765625
1769761765.6834576,346,98.07730865478516
1769761766.1604068,347,91.40774536132812
1769761768.4830997,348,103.58987426757812
1769761769.2519708,349,90.72699737548828
1769761769.9060447,350,92.5034408569336
1769761772.8629208,351,98.55913543701172
1769761773.373188,352,84.01164245605469
1769761774.5648732,353,104.26201629638672
1769761775.4562242,354,87.88296508789062
1769761777.829118,355,104.66551971435547
1769761781.0216208,356,98.13712310791016
1769761781.5004437,357,85.63445281982422
1769761783.4456363,358,108.53981018066406
1769761784.0414646,359,92.2186050415039
1769761784.9900203,360,97.62840270996094
1769761785.9368308,361,89.8181381225586
1769761787.7386026,362,108.01853942871094
1769761791.24332,363,101.96662139892578
1769761792.0788333,364,96.2587661743164
1769761792.7381601,365,99.63304901123047
1769761792.8638403,366,96.54387664794922
1769761794.20285,367,98.7186279296875
1769761795.754688,368,94.5069351196289
1769761796.1166325,369,85.33423614501953
1769761797.6758025,370,101.082275390625
1769761799.2712884,371,98.09856414794922
1769761800.4767025,372,100.38717651367188
1769761801.3105445,373,93.51079559326172
1769761802.3157406,374,99.82969665527344
1769761802.494689,375,81.53462219238281
1769761803.2673478,376,85.1071548461914
1769761803.8686795,377,90.66388702392578
1769761806.0744743,378,101.90921783447266
1769761808.4191604,379,98.49080657958984
1769761809.3759406,380,88.22380828857422
1769761810.546923,381,97.93729400634766
1769761812.282909,382,103.4306640625
1769761813.3148365,383,101.11453247070312
1769761815.399994,384,102.19252014160156
1769761817.3117704,385,101.19038391113281
1769761817.4403152,386,97.49420928955078
1769761821.3591256,387,100.5416259765625
1769761822.4962544,388,99.7762451171875
1769761823.978417,389,99.20047760009766
1769761825.5208626,390,98.76048278808594
1769761827.1325164,391,105.82135772705078
1769761827.9741719,392,101.17453002929688
1769761828.4525285,393,104.8302993774414
1769761829.2249773,394,99.6603775024414
1769761829.5775018,395,92.14239501953125
1769761830.6415424,396,100.69237518310547
1769761832.8032446,397,105.39161682128906
1769761833.589592,398,100.3851547241211
1769761833.952807,399,82.90909576416016
1769761834.192694,400,77.6577377319336
1769761835.029902,401,101.52848815917969
1769761835.1518087,402,94.1373291015625
1769761836.3936036,403,100.35115051269531
1769761836.7540188,404,90.6983642578125
1769761837.7063434,405,92.6354751586914
1769761838.3035932,406,100.3821029663086
1769761839.307207,407,85.05681610107422
1769761839.9631774,408,90.15770721435547
1769761840.3883414,409,94.21807861328125
1769761841.2979717,410,101.55152130126953
1769761842.7800145,411,106.62904357910156
1769761843.7275949,412,98.40447998046875
1769761844.8035111,413,105.92508697509766
1769761844.9286554,414,67.036865234375
1769761847.075132,415,101.78086853027344
1769761848.912163,416,102.84104919433594
1769761850.0326946,417,95.40038299560547
1769761850.3312526,418,92.12483978271484
1769761850.8068318,419,101.09391021728516
1769761858.37318,420,102.00730895996094
1769761859.5654843,421,90.57335662841797
1769761860.2589643,422,99.83311462402344
1769761861.9145048,423,110.240478515625
1769761862.034533,424,107.33619689941406
1769761863.5871818,425,110.35028076171875
1769761864.3634315,426,101.90545654296875
1769761867.3865538,427,104.10236358642578
1769761868.2279367,428,98.56360626220703
1769761869.0039382,429,90.07559204101562
1769761870.8346722,430,97.25244903564453
1769761872.0302796,431,101.99359893798828
1769761872.3906393,432,104.0177230834961
1769761873.288532,433,94.48787689208984
1769761876.005548,434,99.80241394042969
1769761877.8034008,435,100.58130645751953
1769761880.132749,436,110.44915008544922
1769761881.3060806,437,101.36422729492188
1769761884.8457317,438,99.89002227783203
1769761886.3786974,439,95.73068237304688
1769761891.4278977,440,106.83758544921875
1769761893.372573,441,106.89527130126953
1769761893.7342327,442,97.4666976928711
1769761896.1149216,443,99.37979888916016
1769761897.11919,444,98.47028350830078
1769761899.4905076,445,110.17195892333984
1769761899.8499458,446,91.69857025146484
1769761901.0645435,447,100.6146240234375
1769761902.420546,448,91.27186584472656
1769761905.012462,449,101.04653930664062
1769761906.4420905,450,98.55828094482422
1769761907.8112624,451,106.66614532470703
1769761908.0531657,452,94.55557250976562
1769761908.2341065,453,93.95040130615234
1769761909.779931,454,100.95752716064453
1769761913.2834535,455,106.82611846923828
1769761913.4084198,456,96.88862609863281
1769761913.5319223,457,90.53780364990234
1769761915.7892885,458,101.96044158935547
1769761917.5486834,459,97.14911651611328
1769761918.5028892,460,102.47296905517578
1769761918.6245644,461,77.00594329833984
1769761918.9207015,462,89.75132751464844
1769761921.6691213,463,98.26253509521484
1769761923.274201,464,98.67192840576172
1769761924.7142067,465,102.4672622680664
1769761925.0213203,466,95.08914947509766
1769761925.149748,467,85.26693725585938
1769761926.3391488,468,100.84579467773438
1769761926.4657738,469,73.41127014160156
1769761927.9048774,470,99.02552795410156
1769761930.2378654,471,106.65650177001953
1769761931.016611,472,102.24557495117188
1769761934.2922077,473,106.19220733642578
1769761935.9575977,474,101.66517639160156
1769761936.0808604,475,49.51331329345703
1769761938.5078158,476,97.08748626708984
1769761939.6940942,477,99.1708984375
1769761940.406208,478,92.6414794921875
1769761941.8929749,479,111.1446762084961
1769761945.8327017,480,112.2705307006836
1769761947.6260743,481,102.16893005371094
1769761948.974469,482,98.1385726928711
1769761949.9847667,483,108.125
1769761952.1162739,484,95.70287322998047
1769761954.1386046,485,103.99578094482422
1769761956.526456,486,100.93990325927734
1769761958.3623486,487,91.29393005371094
1769761959.682775,488,90.59632110595703
1769761961.2289894,489,112.36882019042969
1769761961.6479807,490,92.82003021240234
1769761962.6622505,491,101.69088745117188
1769761963.588411,492,99.04666137695312
1769761964.4307358,493,92.49652099609375
1769761965.0287282,494,86.18704223632812
1769761967.0998218,495,96.53023529052734
1769761967.2235427,496,41.68699645996094
1769761968.3298037,497,102.82950592041016
1769761971.2954104,498,103.09115600585938
1769761972.4300897,499,108.64707946777344
1769761974.1904922,500,107.24107360839844
1769761975.2104003,501,100.30435943603516
1769761977.6618907,502,101.54576110839844
1769761978.970366,503,95.56953430175781
1769761979.3936803,504,100.82166290283203
1769761980.4447577,505,98.6439437866211
1769761981.217604,506,99.06177520751953
1769761985.3745923,507,103.03657531738281
1769761986.107566,508,99.92511749267578
1769761987.5975153,509,100.92647552490234
1769761988.4257803,510,96.02702331542969
1769761988.5469842,511,44.93136215209961
1769761989.4390323,512,100.18463134765625
1769761989.563327,513,63.46446990966797
1769761989.9846537,514,95.04127502441406
1769761991.053351,515,107.10163116455078
1769761991.957956,516,97.40502166748047
1769761992.7328622,517,89.26559448242188
1769762000.0442126,518,107.8919906616211
1769762000.9384136,519,94.05711364746094
1769762001.7635334,520,97.87261199951172
1769762001.887714,521,79.20787811279297
1769762004.8592384,522,107.00997161865234
1769762007.5264835,523,103.87677001953125
1769762009.0726306,524,115.54928588867188
1769762010.3215787,525,91.2962417602539
1769762011.5804684,526,115.87152862548828
1769762012.5429919,527,90.54541778564453
1769762017.4532983,528,115.3867416381836
1769762017.8145347,529,100.51655578613281
1769762018.7624683,530,97.5817642211914
1769762019.7252352,531,102.1148910522461
1769762020.6347868,532,98.43455505371094
1769762022.4208748,533,107.87513732910156
1769762025.391373,534,101.34734344482422
1769762026.592824,535,99.92312622070312
1769762027.0710032,536,88.3936767578125
1769762027.1971498,537,77.02556610107422
1769762032.3288338,538,107.66763305664062
1769762032.5777528,539,85.91996002197266
1769762034.8947885,540,109.9342269897461
1769762035.4383407,541,89.21793365478516
1769762036.5737932,542,107.00975799560547
1769762037.3478234,543,99.70026397705078
1769762037.7075708,544,100.998779296875
1769762038.9076662,545,101.47869873046875
1769762039.208231,546,95.71159362792969
1769762041.3773398,547,100.63902282714844
1769762042.2788703,548,94.82332611083984
1769762045.4450417,549,107.48342895507812
1769762045.868367,550,90.06482696533203
1769762047.7262206,551,116.08680725097656
1769762048.864835,552,99.33063507080078
1769762049.5745428,553,109.12397766113281
1769762050.6405473,554,92.11357116699219
1769762051.7782001,555,101.45460510253906
1769762052.54939,556,101.91592407226562
1769762053.0313792,557,90.24159240722656
1769762053.2158027,558,73.09667205810547
1769762053.3407252,559,93.55648803710938
1769762053.4680605,560,62.06745529174805
1769762053.8324609,561,77.10038757324219
1769762053.9567888,562,85.22358703613281
1769762055.1551676,563,97.88843536376953
1769762055.6336625,564,101.41194915771484
1769762056.1249907,565,101.926513671875
1769762056.3708873,566,76.28113555908203
1769762059.1701732,567,108.59034729003906
1769762061.6000888,568,107.0042953491211
1769762063.2021751,569,100.82215881347656
1769762064.395394,570,94.71755981445312
1769762065.7102253,571,100.15118408203125
1769762066.305568,572,97.86054992675781
1769762068.3311613,573,101.67508697509766
1769762069.9926677,574,96.7438735961914
1769762079.763827,575,104.79210662841797
1769762081.5549629,576,105.5106201171875
1769762081.677536,577,100.61695861816406
1769762082.5661082,578,100.73577117919922
1769762086.6884897,579,104.1348648071289
1769762088.3877943,580,100.77310180664062
1769762091.2668965,581,100.67832946777344
1769762091.627476,582,98.1080551147461
1769762091.750239,583,40.17170715332031
1769762093.0510485,584,97.12297058105469
1769762093.8915832,585,95.88043975830078
1769762094.022286,586,54.23894119262695
1769762094.676518,587,93.70053100585938
1769762096.78045,588,103.7171630859375
1769762097.0858483,589,100.92646789550781
1769762099.8765376,590,106.88381958007812
1769762100.3984475,591,100.22834777832031
1769762100.5210693,592,75.0467529296875
1769762101.2466397,593,88.24042510986328
1769762101.4277387,594,84.81305694580078
1769762102.145753,595,95.66449737548828
1769762103.7443428,596,103.59615325927734
1769762104.93566,597,106.49652862548828
1769762106.2857177,598,102.38485717773438
1769762106.7634788,599,98.116455078125
1769762107.131325,600,77.33428192138672
1769762110.7487242,601,110.86114501953125
1769762111.167564,602,82.32205963134766
1769762111.8907218,603,101.83551788330078
1769762114.3091662,604,101.8572006225586
1769762114.6666458,605,97.08258819580078
1769762115.6370652,606,99.53485107421875
1769762120.6368082,607,102.16600036621094
1769762122.777622,608,99.77708435058594
1769762125.768518,609,101.58904266357422
1769762127.5571427,610,104.9730224609375
1769762129.3980117,611,103.18299865722656
1769762130.915296,612,108.31224060058594
1769762131.9811502,613,95.17572021484375
1769762134.8335197,614,101.11416625976562
1769762135.3120596,615,98.14947509765625
1769762136.2019904,616,98.27439880371094
1769762136.6238506,617,94.24486541748047
1769762136.7480052,618,51.505897521972656
1769762138.9508572,619,101.48716735839844
1769762139.4286573,620,100.26264190673828
1769762143.3968515,621,101.38817596435547
1769762146.1078978,622,107.16266632080078
1769762148.2366748,623,98.59121704101562
1769762148.359083,624,46.49605941772461
1769762148.4809306,625,96.34473419189453
1769762149.608995,626,115.89388275146484
1769762151.1815214,627,93.3849105834961
1769762153.249841,628,96.19842529296875
1769762153.7962818,629,90.03209686279297
1769762155.2324722,630,100.01883697509766
1769762156.304446,631,99.47163391113281
1769762158.0232666,632,100.31974029541016
1769762158.5002406,633,94.29496765136719
1769762163.6934254,634,106.83960723876953
1769762164.2306566,635,102.3956298828125
1769762164.6488886,636,88.06790161132812
1769762166.2508318,637,95.54890441894531
1769762167.5090137,638,100.20101165771484
1769762168.988454,639,99.56302642822266
1769762176.0778925,640,113.2586669921875
1769762178.1595209,641,99.24408721923828
1769762179.048225,642,102.88521575927734
1769762180.0056045,643,98.26576232910156
1769762182.606945,644,100.81514739990234
1769762183.139534,645,97.83567810058594
1769762187.219757,646,115.4516830444336
1769762188.1251848,647,99.10344696044922
1769762188.5469916,648,98.22583770751953
1769762189.5019524,649,91.20562744140625
1769762189.628123,650,42.38035583496094
1769762192.166007,651,102.9471206665039
1769762192.7107491,652,91.93109893798828
1769762192.8331594,653,55.205753326416016
1769762194.73279,654,103.13758850097656
1769762195.15023,655,81.38739013671875
1769762199.124182,656,108.76717376708984
1769762201.8688688,657,96.0557632446289
1769762202.114071,658,82.96238708496094
1769762203.8026867,659,100.87976837158203
1769762204.6932218,660,99.34088134765625
1769762204.8165631,661,65.39457702636719
1769762205.8932722,662,101.44397735595703
1769762207.2020335,663,95.34910583496094
1769762208.640734,664,96.81595611572266
1769762209.951947,665,86.08050537109375
1769762211.2086449,666,101.51022338867188
1769762214.3327153,667,115.16960906982422
1769762216.5286496,668,100.96839141845703
1769762217.6590686,669,100.0909423828125
1769762218.799053,670,100.5915298461914
1769762220.9174132,671,94.2258529663086
1769762222.8769019,672,100.72554779052734
1769762223.657839,673,88.66327667236328
1769762227.690523,674,103.60651397705078
1769762229.9354336,675,96.20211029052734
1769762231.311524,676,103.20288848876953
1769762231.9054217,677,107.50953674316406
1769762238.0990918,678,101.74954223632812
1769762240.7250755,679,111.29153442382812
1769762241.7370763,680,106.14169311523438
1769762242.395166,681,85.46701049804688
1769762243.109468,682,100.55669403076172
1769762244.4105272,683,95.56150817871094
1769762247.2743506,684,96.59441375732422
1769762248.293087,685,95.02891540527344
1769762250.1275983,686,100.7752914428711
1769762250.482168,687,94.20133209228516
1769762251.2644365,688,88.38655090332031
1769762252.3505049,689,98.83973693847656
1769762254.604467,690,101.08328247070312
1769762257.4687781,691,97.40878295898438
1769762259.8124175,692,95.95004272460938
1769762261.0853221,693,92.30689239501953
1769762261.2695146,694,36.454925537109375
1769762264.5231886,695,99.08069610595703
1769762266.2031493,696,105.63524627685547
1769762267.522117,697,107.58726501464844
1769762267.6477377,698,63.77833557128906
1769762269.3747194,699,101.64116668701172
1769762270.9167366,700,107.9390640258789
1769762271.0418527,701,57.73406982421875
1769762271.6324217,702,81.57772064208984
1769762272.534239,703,90.56881713867188
1769762274.6241562,704,97.600830078125
1769762275.6983864,705,106.89510345458984
1769762275.9425185,706,94.86177825927734
1769762279.02087,707,107.18119049072266
1769762280.4766738,708,107.94123077392578
1769762280.6043477,709,65.8760757446289
1769762280.9590728,710,64.26171875
1769762283.371719,711,107.39305114746094
1769762284.4321015,712,93.14229583740234
1769762287.4708285,713,105.55316162109375
1769762288.7714489,714,86.97100067138672
1769762289.1913466,715,99.4937973022461
1769762289.4867432,716,95.66645050048828
1769762293.6454692,717,99.79969787597656
1769762294.2404728,718,91.66449737548828
1769762295.4073665,719,96.33638000488281
1769762297.768418,720,98.50251007080078
1769762298.017664,721,91.99357604980469
1769762298.439952,722,99.52946472167969
1769762299.5808342,723,94.34742736816406
1769762301.2878287,724,95.95040130615234
1769762302.7840867,725,97.09505462646484
1769762303.8038635,726,98.36376190185547
1769762305.780444,727,107.23812866210938
1769762309.248804,728,104.00337982177734
1769762311.6499214,729,102.11932373046875
1769762312.7202015,730,99.73758697509766
1769762314.1947713,731,88.89450073242188
1769762314.5474992,732,95.30831146240234
1769762315.8395176,733,97.37471771240234
1769762316.9726255,734,96.43460083007812
1769762317.0958717,735,65.59832763671875
1769762318.5870707,736,96.35919189453125
1769762321.0622075,737,100.1335678100586
1769762322.3661904,738,96.63771057128906
1769762323.0814028,739,100.2078628540039
1769762323.2032733,740,68.02332305908203
1769762327.0038488,741,101.23853302001953
1769762327.712606,742,107.71318054199219
1769762327.8362038,743,49.11720275878906
1769762328.6113446,744,95.09416198730469
1769762328.9134543,745,73.03169250488281
1769762329.986817,746,86.61699676513672
1769762330.882611,747,96.81974029541016
1769762332.5437567,748,96.05358123779297
1769762334.0960503,749,99.40464782714844
1769762334.9243872,750,97.28758239746094
1769762337.6423774,751,92.04579162597656
1769762338.1274183,752,96.35813903808594
1769762340.725538,753,98.43473052978516
1769762341.8974671,754,95.11717224121094
1769762345.5146723,755,98.45587921142578
1769762346.2117465,756,93.2777099609375
1769762347.2813904,757,102.06949615478516
1769762348.5390172,758,103.22847747802734
1769762352.2585282,759,96.00874328613281
1769762352.9197896,760,96.64701080322266
1769762354.1119292,761,95.26595306396484
1769762355.5608485,762,96.0743179321289
1769762359.7904787,763,96.3382339477539
1769762360.0333986,764,74.9101333618164
1769762363.6513531,765,103.17413330078125
1769762363.7767403,766,60.12248992919922
1769762364.7824142,767,94.30555725097656
1769762366.607378,768,95.35224151611328
1769762367.1385992,769,81.76754760742188
1769762368.009187,770,100.3577880859375
1769762370.0994244,771,106.53271484375
1769762370.6371024,772,103.80631256103516
1769762372.596035,773,94.72955322265625
1769762373.0046167,774,73.97123718261719
1769762373.8884478,775,92.47329711914062
1769762374.4305508,776,97.41010284423828
1769762376.5799353,777,92.53612518310547
1769762378.9576309,778,94.75518035888672
1769762379.3761268,779,90.16700744628906
1769762381.3025582,780,94.91705322265625
1769762381.4360712,781,49.887203216552734
1769762382.3858595,782,89.30119323730469
1769762382.920619,783,81.65798950195312
1769762384.1726217,784,104.8462905883789
1769762389.6440206,785,102.74689483642578
1769762399.9694636,786,95.40707397460938
1769762401.3545055,787,96.15412902832031
1769762401.4785364,788,83.10772705078125
1769762406.1279287,789,103.9737777709961
1769762407.1727045,790,93.11820983886719
1769762408.540642,791,94.9017562866211
1769762412.4795625,792,94.96688079833984
1769762413.9196045,793,96.55805969238281
1769762414.219291,794,94.70844268798828
1769762415.7625182,795,95.05672454833984
1769762418.258062,796,106.40299987792969
1769762420.0463903,797,89.86968231201172
1769762420.3500981,798,90.71054077148438
1769762420.8336644,799,103.38011932373047
1769762420.9611638,800,56.73594284057617
1769762423.9342802,801,98.06739807128906
1769762425.2445788,802,93.58024597167969
1769762425.6656344,803,92.73750305175781
1769762427.336101,804,90.37741088867188
1769762427.6995091,805,84.06271362304688
1769762428.654883,806,90.32911682128906
1769762429.1349478,807,87.90936279296875
1769762429.9417286,808,87.4835205078125
1769762432.3289552,809,105.8365707397461
1769762433.468485,810,96.95149230957031
1769762433.9489458,811,96.50017547607422
1769762436.8021095,812,90.21964263916016
1769762437.75835,813,88.27962493896484
1769762439.0030792,814,95.71696472167969
1769762439.4262733,815,76.45423889160156
1769762440.1298018,816,91.77442169189453
1769762440.2563107,817,50.42815399169922
1769762441.395093,818,89.5084228515625
1769762441.9344926,819,90.7475357055664
1769762442.769575,820,96.41590118408203
1769762444.259496,821,100.07202911376953
1769762445.8360558,822,92.23828887939453
1769762446.1979501,823,88.18765258789062
1769762447.6793854,824,91.34960174560547
1769762448.6907313,825,83.49784851074219
1769762451.9791594,826,97.43399047851562
1769762453.5723987,827,103.53743743896484
1769762455.315195,828,109.40463256835938
1769762456.9225137,829,103.2327880859375
1769762460.3362634,830,102.95882415771484
1769762461.2203262,831,91.44365692138672
1769762466.9803169,832,97.28333282470703
1769762468.2365086,833,90.15771484375
1769762472.076833,834,102.3250503540039
1769762472.200425,835,82.64993286132812
1769762473.3283184,836,93.94741821289062
1769762475.11671,837,93.1375732421875
1769762475.9508984,838,86.06424713134766
1769762476.9038773,839,96.0713882446289
1769762478.44043,840,91.09907531738281
1769762478.9282873,841,100.71964263916016
1769762481.9922285,842,95.52347564697266
1769762483.11898,843,106.48577117919922
1769762483.4765334,844,88.51116180419922
1769762483.718176,845,88.46593475341797
1769762485.4907775,846,106.36595153808594
1769762485.9165242,847,90.40824890136719
1769762487.6491635,848,87.2541275024414
1769762489.354801,849,92.79092407226562
1769762489.6548104,850,91.12562561035156
1769762490.604999,851,90.89134216308594
1769762493.6921203,852,109.31649017333984
1769762493.8518264,853,74.83338928222656
1769762495.4569628,854,88.25536346435547
1769762497.1885107,855,88.81053924560547
1769762497.7918043,856,94.99491119384766
1769762500.0781207,857,106.2623291015625
1769762502.5788,858,86.75469207763672
1769762503.6505063,859,86.406005859375
1769762507.7799575,860,100.90023803710938
1769762509.5938478,861,91.08573150634766
1769762510.8510501,862,92.88084411621094
1769762514.514266,863,94.69444274902344
1769762516.0628817,864,93.39016723632812
1769762522.3117223,865,106.20269775390625
1769762522.854818,866,76.20310974121094
1769762523.6829524,867,87.01814270019531
1769762524.1660204,868,82.63404083251953
1769762525.755559,869,92.70967864990234
1769762528.6137493,870,103.62527465820312
1769762529.9841151,871,84.23617553710938
1769762532.3640523,872,91.63516235351562
1769762534.506426,873,90.44141387939453
1769762535.5206313,874,92.6320571899414
1769762536.2206848,875,101.82989501953125
1769762538.3761954,876,86.39700317382812
1769762540.769087,877,90.38248443603516
1769762541.7010756,878,93.04556274414062
1769762542.2379463,879,91.84455108642578
1769762543.3670852,880,92.47917175292969
1769762543.9017382,881,81.13292694091797
1769762544.0288813,882,87.77092742919922
1769762544.3911097,883,92.70906066894531
1769762546.2291212,884,93.37380981445312
1769762546.8854117,885,96.78536224365234
1769762547.5398774,886,79.90444946289062
1769762548.9603596,887,89.11915588378906
1769762550.8690202,888,92.90609741210938
1769762552.3925421,889,92.07810974121094
1769762552.518029,890,66.98463439941406
1769762556.0754607,891,93.11051177978516
1769762557.1248589,892,81.80474090576172
1769762558.44141,893,98.04732513427734
1769762559.4587092,894,80.43588256835938
1769762559.8209672,895,78.93798065185547
1769762561.0137427,896,89.71984100341797
1769762562.6006787,897,80.45308685302734
1769762563.0770645,898,87.88226318359375
1769762563.9687283,899,102.72960662841797
1769762566.2279136,900,91.28842163085938
1769762567.0610836,901,87.80519104003906
1769762567.8395293,902,91.25164031982422
1769762568.8506653,903,91.66311645507812
1769762570.0459814,904,91.94193267822266
1769762570.6061568,905,87.7323989868164
1769762574.8974247,906,99.49436950683594
1769762578.9275556,907,98.54216766357422
1769762579.4074154,908,92.70973205566406
1769762579.5281992,909,52.74209213256836
1769762581.0876849,910,95.0756607055664
1769762581.5136528,911,79.53857421875
1769762583.0087528,912,96.38737487792969
1769762586.96353,913,93.8794937133789
1769762587.0875256,914,108.4775619506836
1769762588.459479,915,85.88114929199219
1769762588.8237305,916,91.99348449707031
1769762591.4138227,917,99.04663848876953
1769762591.9519498,918,96.48143768310547
1769762592.7821896,919,87.84815216064453
1769762594.0858824,920,99.63703155517578
1769762594.9876587,921,79.54788970947266
1769762596.4121306,922,94.87086486816406
1769762600.9922297,923,99.50678253173828
1769762603.5341518,924,90.94120788574219
1769762604.5493922,925,91.7719955444336
1769762606.9273455,926,96.31084442138672
1769762607.1106236,927,96.54924011230469
1769762608.0049708,928,76.18806457519531
1769762608.1287088,929,46.74373245239258
1769762609.7345185,930,87.68717193603516
1769762611.137069,931,95.65382385253906
1769762614.096484,932,91.59114837646484
1769762614.927486,933,84.35358428955078
1769762616.6509845,934,98.81041717529297
1769762617.6077545,935,88.3852310180664
1769762618.43524,936,94.86134338378906
1769762619.5189574,937,94.04952239990234
1769762621.9049537,938,86.62635040283203
1769762624.464982,939,87.14007568359375
1769762624.93886,940,81.96841430664062
1769762625.2330852,941,87.5865249633789
1769762627.6689603,942,98.51155090332031
1769762628.6781325,943,84.1006851196289
1769762628.8008814,944,36.070579528808594
1769762631.658507,945,96.10203552246094
1769762633.673953,946,87.00399017333984
1769762636.7040973,947,95.33087921142578
1769762637.06875,948,88.0234146118164
1769762637.7251246,949,85.3249740600586
1769762638.7340856,950,91.43763732910156
1769762643.0586593,951,91.1233901977539
1769762643.7797177,952,86.26725769042969
1769762644.6150937,953,81.75509643554688
1769762645.0981424,954,91.22338104248047
1769762647.3129773,955,92.7516860961914
1769762647.741163,956,92.23271179199219
1769762651.8869956,957,97.49714660644531
1769762652.5500085,958,92.39014434814453
1769762655.3412018,959,93.04443359375
1769762657.965744,960,97.71847534179688
1769762658.794773,961,102.17627716064453
1769762659.1547832,962,75.1258316040039
1769762660.7122424,963,84.80477142333984
1769762662.861965,964,90.57967376708984
1769762663.7006836,965,102.01187896728516
1769762665.6141827,966,96.21044921875
1769762667.5282161,967,81.79882049560547
1769762668.538838,968,87.1894302368164
1769762670.85467,969,92.87507629394531
1769762673.1138713,970,91.19320678710938
1769762675.6372013,971,91.7761459350586
1769762678.0160205,972,89.705078125
1769762678.4337401,973,65.36471557617188
1769762681.53125,974,88.10928344726562
1769762682.3797245,975,88.58374786376953
1769762685.0381184,976,92.31427001953125
1769762686.586839,977,89.40856170654297
1769762686.8367856,978,77.13558959960938
1769762687.4362266,979,94.02884674072266
1769762689.0413172,980,86.8709716796875
1769762690.5689762,981,90.09513092041016
1769762690.8621492,982,72.7294921875
1769762691.10475,983,56.56559371948242
1769762692.1713939,984,81.49322509765625
1769762693.1282759,985,82.7480239868164
1769762695.1496396,986,92.32588958740234
1769762697.8983703,987,88.33638000488281
1769762698.8547,988,86.7037353515625
1769762699.7515612,989,91.95436096191406
1769762700.2681637,990,91.11762237548828
1769762700.7504678,991,79.07804870605469
1769762701.1648107,992,62.39274215698242
1769762701.935996,993,67.72782897949219
1769762704.413856,994,100.15689086914062
1769762704.8329375,995,86.31130981445312
1769762706.2716193,996,92.39035034179688
1769762706.4519944,997,77.01905822753906
1769762708.5257945,998,90.26939392089844
1769762710.184599,999,95.18373107910156
1769762721.0597098,1000,91.65499114990234
1769762722.4270496,1001,88.81351470947266
1769762724.2654479,1002,95.92864227294922
1769762726.959339,1003,92.59381103515625
1769762729.2266414,1004,97.85786437988281
1769762734.1378715,1005,93.03458404541016
1769762735.450599,1006,73.19728088378906
1769762736.4610689,1007,79.46992492675781
1769762737.659971,1008,90.15093994140625
1769762737.7890851,1009,35.9008903503418
1769762738.6292343,1010,89.63185119628906
1769762739.1688218,1011,82.72844696044922
1769762742.12255,1012,92.74559783935547
1769762742.3697064,1013,72.87166595458984
1769762742.727696,1014,79.49052429199219
1769762743.9254239,1015,91.41482543945312
1769762744.834126,1016,87.44127655029297
1769762745.7307057,1017,79.09717559814453
1769762746.0907838,1018,77.0218276977539
1769762746.8692427,1019,89.94339752197266
1769762746.992722,1020,79.29347229003906
1769762747.8929076,1021,89.72171783447266
1769762749.2116697,1022,90.77294158935547
1769762750.9411314,1023,98.00257873535156
1769762751.836912,1024,81.93798065185547
1769762753.0960464,1025,87.84315490722656
1769762754.1801736,1026,77.73214721679688
1769762754.7176597,1027,78.39264678955078
1769762755.7897844,1028,84.90834045410156
1769762756.5598657,1029,79.31855773925781
1769762757.1530566,1030,74.73220825195312
1769762758.1617007,1031,85.34932708740234
1769762758.6408613,1032,88.40727996826172
1769762759.0541284,1033,95.54688262939453
1769762759.7097468,1034,80.66218566894531
1769762759.8922236,1035,47.376373291015625
1769762762.2517383,1036,87.29476165771484
1769762765.6309404,1037,88.89158630371094
1769762767.4668598,1038,95.26094818115234
1769762770.4986868,1039,104.22618103027344
1769762771.3963292,1040,93.11145782470703
1769762772.2891343,1041,81.63241577148438
1769762774.895788,1042,79.84869384765625
1769762775.0799506,1043,78.8454360961914
1769762776.6090355,1044,97.84600830078125
1769762777.1507378,1045,75.46707916259766
1769762779.666068,1046,86.25299835205078
1769762781.7392344,1047,88.12078094482422
1769762783.6988444,1048,104.24073028564453
1769762784.7105017,1049,81.93260192871094
1769762785.3718693,1050,62.77055740356445
1769762787.088129,1051,90.00302124023438
1769762788.9284117,1052,79.67683410644531
1769762789.5778208,1053,86.8542251586914
1769762790.5021753,1054,80.17711639404297
1769762791.0379515,1055,62.59284973144531
1769762792.415334,1056,91.43956756591797
1769762793.42564,1057,85.40865325927734
1769762794.257344,1058,92.42681884765625
1769762795.7413256,1059,84.70382690429688
1769762798.952097,1060,86.51327514648438
1769762800.9916828,1061,84.62397003173828
1769762801.534607,1062,91.64371490478516
1769762806.514084,1063,98.17082977294922
1769762807.6756797,1064,85.6555404663086
1769762809.4214728,1065,81.46887969970703
1769762809.5445151,1066,76.01302337646484
1769762810.3242788,1067,74.8405990600586
1769762812.9096498,1068,93.86222839355469
1769762814.6745727,1069,96.38055419921875
1769762815.9654183,1070,91.25020599365234
1769762818.8809612,1071,85.76414489746094
1769762824.283184,1072,97.6619644165039
1769762824.9418244,1073,84.96452331542969
1769762826.0515633,1074,84.38433074951172
1769762826.3536496,1075,57.33098220825195
1769762826.8318152,1076,80.06431579589844
1769762827.848868,1077,69.6380386352539
1769762829.5068402,1078,93.64197540283203
1769762831.0626101,1079,86.52212524414062
1769762831.841796,1080,82.68806457519531
1769762833.3123975,1081,90.63983154296875
1769762834.8580763,1082,80.59009552001953
1769762835.458305,1083,86.27491760253906
1769762838.3432343,1084,88.57763671875
1769762840.4803057,1085,84.14274597167969
1769762840.6081717,1086,49.53743362426758
1769762841.5581343,1087,78.7862319946289
1769762841.9191277,1088,60.62624740600586
1769762843.498049,1089,101.17769622802734
1769762844.2743864,1090,84.60480499267578
1769762844.630691,1091,81.8756332397461
1769762846.0559697,1092,82.81614685058594
1769762848.5527701,1093,75.68311309814453
1769762848.9743483,1094,87.33158874511719
1769762849.6352446,1095,75.79115295410156
1769762849.7613287,1096,55.50074768066406
1769762849.8844075,1097,71.47783660888672
1769762850.9010198,1098,75.65425872802734
1769762852.655827,1099,87.58816528320312
1769762853.1402864,1100,81.7204360961914
1769762853.26285,1101,75.35875701904297
1769762853.6828923,1102,79.37295532226562
1769762854.2805877,1103,85.97030639648438
1769762854.8770275,1104,87.59195709228516
1769762856.733099,1105,83.53868865966797
1769762857.2125778,1106,63.75868225097656
1769762858.5587485,1107,91.2656021118164
1769762859.509942,1108,83.06391906738281
1769762861.1829517,1109,85.72653198242188
1769762862.493853,1110,91.73441314697266
1769762864.763337,1111,88.96778106689453
1769762865.4219441,1112,83.76874542236328
1769762865.9007459,1113,82.61820983886719
1769762867.6329327,1114,79.6187744140625
1769762869.7647097,1115,87.72842407226562
1769762871.450515,1116,82.39649963378906
1769762872.4004774,1117,84.70354461669922
1769762873.3123832,1118,81.1040267944336
1769762874.6768844,1119,78.00711059570312
1769762876.1645694,1120,83.29132080078125
1769762877.229179,1121,85.11184692382812
1769762878.7367349,1122,79.98528289794922
1769762880.448871,1123,90.31005096435547
1769762883.5628505,1124,84.86766815185547
1769762884.2193446,1125,90.28177642822266
1769762886.5180283,1126,92.10381317138672
1769762887.8412714,1127,93.70911407470703
1769762889.8688633,1128,84.73149871826172
1769762890.3915877,1129,78.234619140625
1769762893.227691,1130,86.65191650390625
1769762895.8565238,1131,73.2713851928711
1769762899.1175957,1132,99.8038330078125
1769762900.3626232,1133,84.61258697509766
1769762903.133347,1134,82.75083923339844
1769762904.5818806,1135,84.2940902709961
1769762905.9349344,1136,80.99464416503906
1769762910.4607058,1137,91.11650085449219
1769762912.5297208,1138,79.18677520751953
1769762913.4908748,1139,93.48666381835938
1769762913.734888,1140,80.3779525756836
1769762916.2082798,1141,84.42144012451172
1769762917.055954,1142,71.97506713867188
1769762917.2977018,1143,81.99479675292969
1769762917.6598887,1144,88.34101867675781
1769762919.4923778,1145,82.10955047607422
1769762920.1018076,1146,79.1629638671875
1769762921.8973737,1147,86.95686340332031
1769762922.020567,1148,39.33262252807617
1769762923.4514077,1149,85.20848083496094
1769762923.580317,1150,47.953731536865234
1769762923.979251,1151,57.82004928588867
1769762924.767708,1152,59.279945373535156
1769762925.1848037,1153,85.94098663330078
1769762928.4875274,1154,93.47858428955078
1769762935.5279987,1155,101.07635498046875
1769762935.950056,1156,85.31752014160156
1769762936.722936,1157,80.20394134521484
1769762937.500412,1158,90.42039489746094
1769762940.3493824,1159,82.83139038085938
1769762941.1353276,1160,82.03620147705078
1769762943.8504229,1161,88.35646057128906
1769762945.8566957,1162,82.91024017333984
1769762946.4930727,1163,74.62803649902344
1769762948.1101148,1164,62.13423156738281
1769762948.7101448,1165,75.88072204589844
1769762949.2497766,1166,62.51865768432617
1769762951.202906,1167,84.28592681884766
1769762952.6394885,1168,86.20069885253906
1769762953.6575167,1169,80.78791046142578
1769762959.3243775,1170,100.63824462890625
1769762959.7586641,1171,69.1524429321289
1769762960.715431,1172,93.7527847290039
1769762960.8423262,1173,59.98251724243164
1769762963.4887795,1174,78.50064849853516
1769762966.4375038,1175,93.217041015625
1769762968.101396,1176,80.22383880615234
1769762969.2785163,1177,72.24378204345703
1769762970.8145714,1178,81.44322967529297
1769762972.8697054,1179,81.58154296875
1769762974.3064983,1180,73.03247833251953
1769762976.906604,1181,84.8896255493164
1769762977.2605996,1182,75.09001922607422
1769762979.6742845,1183,82.5692138671875
1769762979.9772859,1184,79.1642074584961
1769762981.2281585,1185,88.16648864746094
1769762984.0378823,1186,90.29090881347656
1769762986.2261322,1187,78.9107437133789
1769762988.044722,1188,89.27017211914062
1769762989.356041,1189,89.84327697753906
1769762990.250337,1190,70.80892181396484
1769762991.7268782,1191,77.80032348632812
1769762992.7725723,1192,85.26988983154297
1769762992.9578004,1193,55.0147590637207
1769762993.1976762,1194,68.98794555664062
1769762994.574122,1195,83.32921600341797
1769762995.3011146,1196,82.55977630615234
1769762995.4261312,1197,26.938138961791992
1769762997.218473,1198,89.47835540771484
1769762998.1197557,1199,87.07757568359375
1769763002.848816,1200,78.21393585205078
1769763005.5977674,1201,91.89056396484375
1769763007.4865456,1202,76.5055160522461
1769763011.3061833,1203,89.16155242919922
1769763011.9658139,1204,63.58944320678711
1769763012.8504767,1205,70.00169372558594
1769763014.3159482,1206,83.27777099609375
1769763014.671768,1207,55.18796920776367
1769763016.684827,1208,84.93620300292969
1769763019.372574,1209,74.68341064453125
1769763021.8218713,1210,93.39714813232422
1769763022.1812887,1211,75.1503677368164
1769763026.7720041,1212,91.40892028808594
1769763026.8979218,1213,42.386722564697266
1769763030.389294,1214,88.73725891113281
1769763030.512641,1215,43.356201171875
1769763033.3318682,1216,80.85884857177734
1769763041.8237572,1217,80.14578247070312
1769763045.8617532,1218,88.33155059814453
1769763045.9870062,1219,34.44135665893555
1769763048.3417206,1220,83.46076202392578
1769763049.601238,1221,78.88188934326172
1769763049.7262878,1222,74.2368392944336
1769763049.8519776,1223,1.2369716167449951
1769763052.4988954,1224,87.20507049560547
1769763053.5686696,1225,80.73951721191406
1769763056.5434322,1226,72.47738647460938
1769763056.6704338,1227,24.74601173400879
1769763057.621799,1228,63.13038635253906
1769763058.812824,1229,75.69577026367188
1769763059.586139,1230,67.122314453125
1769763061.2674756,1231,81.82527923583984
1769763062.2173233,1232,70.66895294189453
1769763064.227702,1233,88.19268035888672
1769763065.27584,1234,84.64158630371094
1769763065.4034698,1235,54.57006072998047
1769763066.543356,1236,81.09637451171875
1769763066.9614425,1237,66.8355941772461
1769763067.4407048,1238,65.39495849609375
1769763067.5635247,1239,47.185855865478516
1769763067.9234483,1240,68.71812438964844
1769763068.880822,1241,74.37261199951172
1769763070.6352735,1242,70.31263732910156
1769763073.7767181,1243,89.26348114013672
1769763075.4188466,1244,82.60688781738281
1769763075.5479274,1245,29.717559814453125
1769763078.1806917,1246,85.03935241699219
1769763078.8945732,1247,62.93694305419922
1769763079.8814523,1248,80.0892562866211
1769763081.1301122,1249,79.42263793945312
1769763082.1461523,1250,79.38825225830078
1769763083.0484922,1251,86.83724975585938
1769763084.065041,1252,58.32514953613281
1769763085.8988526,1253,82.81784057617188
1769763086.9073656,1254,85.48915100097656
1769763088.0942516,1255,69.0949935913086
1769763089.9641128,1256,73.96478271484375
1769763090.9183948,1257,72.57511138916016
1769763091.0421753,1258,35.58998107910156
1769763091.1680012,1259,52.70728302001953
1769763092.8850749,1260,79.1091537475586
1769763093.0068226,1261,44.01106262207031
1769763093.77573,1262,75.98188018798828
1769763095.372627,1263,79.9034652709961
1769763096.0990489,1264,81.95149993896484
1769763096.5817647,1265,82.67042541503906
1769763098.6097715,1266,79.72479248046875
1769763099.9670558,1267,70.63827514648438
1769763103.0712023,1268,81.7603988647461
1769763103.4349332,1269,75.38561248779297
1769763104.6750212,1270,78.58451080322266
1769763105.4470403,1271,75.2380599975586
1769763105.6839252,1272,72.4386215209961
1769763106.80369,1273,78.11251831054688
1769763109.2295725,1274,80.67371368408203
1769763110.338294,1275,76.98148345947266
1769763111.408924,1276,75.20977783203125
1769763113.732154,1277,85.10880279541016
1769763116.1953704,1278,83.86808013916016
1769763116.9737344,1279,81.76284790039062
1769763118.5751157,1280,79.00898742675781
1769763119.1122267,1281,63.69916915893555
1769763120.2381392,1282,66.20864868164062
1769763121.7468104,1283,75.11224365234375
1769763125.0005486,1284,81.3831558227539
1769763125.818154,1285,65.11363220214844
1769763125.9488752,1286,70.68352508544922
1769763126.5488257,1287,53.835296630859375
1769763127.92276,1288,68.46534729003906
1769763130.0958836,1289,78.86968994140625
1769763130.2212343,1290,36.8454704284668
1769763131.1752899,1291,90.66175842285156
1769763131.3006763,1292,69.53118896484375
1769763134.176196,1293,83.17945098876953
1769763134.4813337,1294,57.549888610839844
1769763137.5550654,1295,72.57553100585938
1769763140.011752,1296,79.87883758544922
1769763140.1354263,1297,88.4577865600586
1769763141.3910582,1298,70.33842468261719
1769763142.343623,1299,79.16606140136719
1769763144.0082264,1300,80.63990020751953
1769763146.0311542,1301,86.03133392333984
1769763146.8145409,1302,84.03052520751953
1769763148.3658078,1303,84.48502349853516
1769763149.6781573,1304,77.06781005859375
1769763150.0969813,1305,78.32804870605469
1769763150.9471745,1306,72.6093978881836
1769763151.90634,1307,77.34745025634766
1769763153.073454,1308,63.97674560546875
1769763153.1974,1309,57.08531951904297
1769763155.81982,1310,72.51400756835938
1769763156.4697926,1311,73.44188690185547
1769763156.5912511,1312,30.836183547973633
1769763156.8345628,1313,90.73838806152344
1769763157.618683,1314,68.32242584228516
1769763157.9863744,1315,50.423946380615234
1769763158.2895195,1316,58.28843688964844
1769763159.247181,1317,79.78575897216797
1769763159.727813,1318,78.54814910888672
1769763160.1558957,1319,76.59390258789062
1769763162.7902455,1320,83.13983917236328
1769763163.333386,1321,74.78871154785156
1769763164.7668493,1322,78.6165771484375
1769763165.1275303,1323,53.647369384765625
1769763165.6726024,1324,73.34849548339844
1769763165.9209223,1325,77.85581970214844
1769763167.853802,1326,89.17282104492188
1769763168.6808681,1327,82.86912536621094
1769763170.5132039,1328,77.52494812011719
1769763173.1510067,1329,81.52850341796875
1769763173.9336839,1330,73.24375915527344
1769763175.1272118,1331,77.60306549072266
1769763175.26552,1332,31.368558883666992
1769763176.3396778,1333,79.07279968261719
1769763177.0596507,1334,77.58895111083984
1769763178.3169017,1335,79.10974884033203
1769763179.6980748,1336,78.8925552368164
1769763180.8087158,1337,86.13770294189453
1769763181.8861945,1338,76.98809814453125
1769763182.7254221,1339,79.22423553466797
1769763183.5685809,1340,75.4300765991211
1769763184.3371654,1341,80.49031829833984
1769763186.1589365,1342,80.58976745605469
1769763186.34584,1343,39.4780158996582
1769763186.8275423,1344,76.63472747802734
1769763189.385271,1345,77.2875747680664
1769763190.791657,1346,81.00768280029297
1769763192.8736598,1347,75.49161529541016
1769763192.9982197,1348,4.527271270751953
1769763195.888255,1349,78.95857238769531
1769763196.8370113,1350,78.11490631103516
1769763199.0847483,1351,87.3175277709961
1769763199.2087467,1352,12.734232902526855
1769763200.2724872,1353,79.8860092163086
1769763202.3230145,1354,69.82962036132812
1769763203.3370183,1355,68.15088653564453
1769763204.6457846,1356,83.24161529541016
1769763206.3509963,1357,76.5955810546875
1769763207.7200944,1358,77.96244812011719
1769763208.3800762,1359,72.83343505859375
1769763210.2806864,1360,71.3871841430664
1769763213.1620038,1361,79.85540008544922
1769763215.8270216,1362,81.51142883300781
1769763217.131128,1363,75.24864959716797
1769763217.253914,1364,3.104891061782837
1769763218.0281968,1365,79.41212463378906
1769763221.3304014,1366,80.21016693115234
1769763223.2213864,1367,84.5462875366211
1769763224.1067944,1368,80.72747802734375
1769763225.4115477,1369,72.63123321533203
1769763225.8923912,1370,57.661808013916016
1769763229.644734,1371,83.95121765136719
1769763230.7687948,1372,84.9233169555664
1769763233.0215352,1373,80.54076385498047
1769763233.4934237,1374,79.76362609863281
1769763235.2473123,1375,68.47341918945312
1769763240.0165873,1376,78.2374496459961
1769763240.833184,1377,73.5721664428711
1769763242.907528,1378,77.89230346679688
1769763243.2089186,1379,85.32908630371094
1769763243.5049665,1380,73.00316619873047
1769763244.340489,1381,71.40718841552734
1769763244.4610534,1382,37.146484375
1769763246.695153,1383,86.92092895507812
1769763248.531558,1384,77.73871612548828
1769763249.3606253,1385,59.9832763671875
1769763249.480844,1386,36.52238082885742
1769763250.1930785,1387,69.85944366455078
1769763250.7384272,1388,82.0335693359375
1769763251.7010753,1389,58.47279739379883
1769763254.3370872,1390,77.7814712524414
1769763255.362398,1391,93.4180679321289
1769763256.735595,1392,66.05364990234375
1769763261.3487577,1393,77.90948486328125
1769763261.9391787,1394,67.36438751220703
1769763263.369123,1395,70.69065856933594
1769763267.943224,1396,77.5954818725586
1769763268.2995763,1397,55.52353286743164
1769763269.9050536,1398,69.6929702758789
1769763271.7471902,1399,83.81425476074219
1769763272.939956,1400,89.16706085205078
1769763275.9049706,1401,80.0947036743164
1769763276.3291955,1402,75.8897933959961
1769763277.5847855,1403,72.06600952148438
1769763278.5988693,1404,70.32364654541016
1769763280.1429965,1405,76.15074157714844
1769763281.1508243,1406,60.390098571777344
1769763282.4012787,1407,76.4476318359375
1769763284.933563,1408,86.97454833984375
1769763285.4163446,1409,68.1668472290039
1769763285.54243,1410,-9.338786125183105
1769763287.3868454,1411,64.2271957397461
1769763288.517779,1412,68.48164367675781
1769763289.536826,1413,71.64537811279297
1769763290.1436849,1414,56.5999641418457
1769763292.192494,1415,70.23164367675781
1769763293.8406272,1416,72.18560791015625
1769763296.2847216,1417,83.5191650390625
1769763297.9400933,1418,78.27832794189453
1769763299.121214,1419,80.18989562988281
1769763300.7591884,1420,76.2529067993164
1769763301.4733028,1421,84.43901824951172
1769763303.4970477,1422,79.58535766601562
1769763306.543505,1423,77.14736938476562
1769763307.6859884,1424,74.99671936035156
1769763308.295007,1425,61.193050384521484
1769763310.6243126,1426,77.88877868652344
1769763312.0648594,1427,68.40825653076172
1769763313.7793024,1428,82.3596420288086
1769763315.4250152,1429,75.5252685546875
1769763317.274895,1430,71.33908081054688
1769763318.175954,1431,77.17625427246094
1769763319.48256,1432,65.66217041015625
1769763320.4180913,1433,71.63764953613281
1769763321.3313658,1434,54.064178466796875
1769763322.2823098,1435,74.25450897216797
1769763324.5913103,1436,78.36878204345703
1769763327.261757,1437,86.73489379882812
1769763327.9231958,1438,55.82797622680664
1769763328.2889452,1439,68.94965362548828
1769763330.8059695,1440,81.99948120117188
1769763331.8226378,1441,63.49741744995117
1769763332.3001199,1442,61.97202682495117
1769763332.782007,1443,44.8262939453125
1769763335.3699205,1444,80.37432098388672
1769763335.9732265,1445,66.88646697998047
1769763337.3486316,1446,57.30854415893555
1769763338.830202,1447,77.31316375732422
1769763340.2341936,1448,64.18266296386719
1769763341.3604512,1449,87.05935668945312
1769763342.8433516,1450,76.2015151977539
1769763343.3237069,1451,64.84929656982422
1769763345.1611702,1452,55.44023132324219
1769763346.912254,1453,72.13859558105469
1769763348.104487,1454,75.52458953857422
1769763348.34848,1455,56.506710052490234
1769763349.064714,1456,58.2058219909668
1769763350.3556533,1457,75.88204956054688
1769763352.0826569,1458,66.24552154541016
1769763360.4357002,1459,67.46094512939453
1769763362.0229068,1460,73.9294662475586
1769763362.4406717,1461,58.983402252197266
1769763363.0316079,1462,52.06094741821289
1769763363.8037648,1463,49.79413604736328
1769763365.7810607,1464,74.88610076904297
1769763366.2569869,1465,58.39654541015625
1769763368.3223066,1466,82.14617919921875
1769763369.286659,1467,52.47945785522461
1769763369.4096963,1468,0.4437424838542938
1769763370.309609,1469,64.98986053466797
1769763371.60389,1470,65.70362854003906
1769763372.5082505,1471,80.45247650146484
1769763374.5917454,1472,79.50634002685547
1769763375.5886366,1473,68.27281188964844
1769763376.9000566,1474,65.00171661376953
1769763379.590408,1475,80.5656967163086
1769763380.9026923,1476,76.24061584472656
1769763381.2759132,1477,48.05459213256836
1769763384.6571162,1478,80.24393463134766
1769763385.1366172,1479,55.40105056762695
1769763386.0613425,1480,63.45395278930664
1769763386.8918066,1481,78.85379028320312
1769763387.9670484,1482,65.6920166015625
1769763389.3930335,1483,75.42708587646484
1769763389.7594876,1484,63.404544830322266
1769763390.5288148,1485,50.08452224731445
1769763391.9839761,1486,73.88777923583984
1769763392.405329,1487,63.80994415283203
1769763393.8932118,1488,56.866554260253906
1769763395.1403909,1489,75.6744155883789
1769763396.1556413,1490,65.35795593261719
1769763396.3169925,1491,49.33344268798828
1769763397.0941205,1492,63.09237289428711
1769763397.2177217,1493,28.0062198638916
1769763398.1133258,1494,76.88045501708984
1769763399.660803,1495,72.99066162109375
1769763400.2570388,1496,81.36762237548828
1769763400.681969,1497,61.60527038574219
1769763400.9301863,1498,55.5362663269043
1769763402.88324,1499,79.39307403564453
1769763404.547961,1500,65.82211303710938
1769763404.916265,1501,60.984004974365234
1769763409.7349598,1502,77.67820739746094
1769763411.8082435,1503,78.05968475341797
1769763412.9015286,1504,62.76789474487305
1769763414.7686677,1505,63.2952995300293
1769763415.1918368,1506,84.13468170166016
1769763417.8118274,1507,64.421875
1769763419.5380685,1508,71.42686462402344
1769763420.0163748,1509,61.74589920043945
1769763420.4955404,1510,54.82797622680664
1769763423.3915505,1511,82.51274871826172
1769763428.333334,1512,83.45946502685547
1769763429.2219896,1513,68.54370880126953
1769763430.0520778,1514,64.34356689453125
1769763433.7549965,1515,80.71248626708984
1769763433.8841825,1516,19.141645431518555
1769763436.8027878,1517,80.10570526123047
1769763437.701499,1518,74.98725128173828
1769763438.4754357,1519,82.02582550048828
1769763438.597327,1520,28.910356521606445
1769763440.3267243,1521,77.208251953125
1769763440.685374,1522,64.73970031738281
1769763441.6378114,1523,65.0062484741211
1769763444.622438,1524,71.24901580810547
1769763446.8268971,1525,73.30717468261719
1769763447.7206686,1526,57.558528900146484
1769763451.8414748,1527,76.04824829101562
1769763451.9694808,1528,36.355838775634766
1769763453.7637284,1529,75.36651611328125
1769763454.1238525,1530,75.81715393066406
1769763455.551651,1531,79.2508544921875
1769763457.4400516,1532,75.8611831665039
1769763458.2725542,1533,73.25359344482422
1769763459.1032026,1534,71.60079956054688
1769763460.6550806,1535,79.7187728881836
1769763463.024388,1536,69.42009735107422
1769763463.3312151,1537,41.2484016418457
1769763465.0114067,1538,75.27332305908203
1769763465.9074063,1539,54.745643615722656
1769763466.2732985,1540,63.70450210571289
1769763468.0527382,1541,63.17375946044922
1769763468.4679413,1542,58.92473602294922
1769763471.0040267,1543,72.56000518798828
1769763471.71889,1544,77.8034439086914
1769763472.5527756,1545,56.25562286376953
1769763474.1215527,1546,64.22280883789062
1769763478.084747,1547,72.12539672851562
1769763480.9961786,1548,81.42242431640625
1769763482.9482355,1549,76.95824432373047
1769763485.0947793,1550,73.3473892211914
1769763485.2171226,1551,8.934765815734863
1769763486.0530481,1552,53.925411224365234
1769763488.1393003,1553,65.53369140625
1769763488.2637408,1554,4.420648097991943
1769763490.1316335,1555,76.77054595947266
1769763490.5778408,1556,70.75214385986328
1769763493.0058274,1557,79.7630615234375
1769763493.187226,1558,63.19059753417969
1769763495.4386568,1559,63.50321578979492
1769763496.671722,1560,80.00090026855469
1769763497.2052917,1561,57.11300277709961
1769763498.7616045,1562,58.70635223388672
1769763499.124629,1563,60.31950378417969
1769763501.1950738,1564,67.36193084716797
1769763502.0895069,1565,68.75050354003906
1769763502.3853486,1566,65.75807189941406
1769763505.0053992,1567,78.47184753417969
1769763505.6994174,1568,49.28000259399414
1769763506.6607742,1569,60.6689567565918
1769763507.431541,1570,63.44158935546875
1769763507.5549223,1571,28.1002254486084
1769763508.7437851,1572,52.928218841552734
1769763511.0486379,1573,69.0217514038086
1769763511.968848,1574,78.56272888183594
1769763515.6747565,1575,77.92063903808594
1769763516.0967708,1576,59.06282043457031
1769763516.6884863,1577,57.92829895019531
1769763517.7031138,1578,76.65205383300781
1769763518.120931,1579,57.09917068481445
1769763522.400601,1580,78.720947265625
1769763523.770328,1581,78.6524658203125
1769763525.5435305,1582,72.84866333007812
1769763527.7206037,1583,77.05570220947266
1769763530.5241368,1584,79.13088989257812
1769763530.6870487,1585,32.34871292114258
1769763532.7059433,1586,67.33675384521484
1769763533.7796412,1587,79.86426544189453
1769763536.938345,1588,81.67689514160156
1769763537.4203832,1589,79.63665771484375
1769763538.9694667,1590,74.3923110961914
1769763539.382057,1591,56.098304748535156
1769763541.0590987,1592,80.67306518554688
1769763542.7391975,1593,63.14879608154297
1769763544.4185648,1594,74.31778717041016
1769763545.197448,1595,72.09744262695312
1769763547.2778873,1596,76.82967376708984
1769763548.1729836,1597,60.66840362548828
1769763551.0559382,1598,73.9276351928711
1769763553.972219,1599,75.19270324707031
1769763555.038068,1600,83.28044891357422
1769763555.556317,1601,41.30189895629883
1769763557.281666,1602,79.16443634033203
1769763557.4063365,1603,16.82230567932129
1769763557.9385073,1604,54.12235641479492
1769763559.2403874,1605,79.20867156982422
1769763559.65601,1606,27.009031295776367
1769763561.684381,1607,77.47254180908203
1769763562.4117634,1608,73.21077728271484
1769763563.6694834,1609,78.9090347290039
1769763566.3216307,1610,74.71072387695312
1769763567.9948153,1611,74.76982116699219
1769763569.7367742,1612,59.66410827636719
1769763570.9741707,1613,74.31035614013672
1769763572.1128821,1614,73.81504821777344
1769763574.0188146,1615,58.10723114013672
1769763575.424678,1616,81.13436889648438
1769763576.5486763,1617,74.17866516113281
1769763577.978088,1618,67.08256530761719
1769763580.6725488,1619,59.405208587646484
1769763583.552231,1620,73.98404693603516
1769763584.3871982,1621,72.53475189208984
1769763586.0137832,1622,74.23403930664062
1769763587.3690178,1623,72.46390533447266
1769763589.0226939,1624,79.68531036376953
1769763589.9091935,1625,78.36032104492188
1769763590.3240025,1626,35.054019927978516
1769763590.4818635,1627,15.134315490722656
1769763592.368874,1628,79.31835174560547
1769763593.3816087,1629,63.93091583251953
1769763594.1530895,1630,52.8986930847168
1769763595.046169,1631,56.416664123535156
1769763597.0777292,1632,73.68431854248047
1769763599.1539829,1633,73.43401336669922
1769763599.9313195,1634,65.96041107177734
1769763602.0532126,1635,82.00679779052734
1769763602.9524815,1636,53.330413818359375
1769763605.6105866,1637,62.41804122924805
1769763607.5061517,1638,63.32662582397461
1769763607.85777,1639,56.721858978271484
1769763609.4129841,1640,60.905738830566406
1769763611.564294,1641,72.5129165649414
1769763613.2352989,1642,68.78662872314453
1769763614.13296,1643,54.89912414550781
1769763615.2098112,1644,71.75875091552734
1769763616.3388455,1645,69.05992126464844
1769763617.4183218,1646,57.145790100097656
1769763618.4845142,1647,54.585548400878906
1769763619.372696,1648,70.44247436523438
1769763620.4432423,1649,50.44577407836914
1769763621.2837682,1650,58.09623718261719
1769763621.9982188,1651,73.74395751953125
1769763624.6187823,1652,73.32563018798828
1769763626.2835436,1653,53.60198974609375
1769763627.0662062,1654,70.65196990966797
1769763627.6074297,1655,52.71154022216797
1769763630.299071,1656,55.64408874511719
1769763632.1568701,1657,71.7011947631836
1769763634.8834875,1658,52.51872253417969
1769763636.9055634,1659,66.02255249023438
1769763638.6402273,1660,63.091590881347656
1769763639.424399,1661,52.000099182128906
1769763641.0987842,1662,56.420799255371094
1769763648.0607467,1663,66.059326171875
1769763651.9735718,1664,74.82221984863281
1769763654.152131,1665,76.48663330078125
1769763654.751678,1666,56.541221618652344
1769763655.648415,1667,67.52764892578125
1769763656.4889038,1668,52.314876556396484
1769763656.9746797,1669,61.08549499511719
1769763658.7054262,1670,54.65225601196289
1769763661.4728665,1671,68.70304870605469
1769763661.8310208,1672,55.39493942260742
1769763663.1951125,1673,60.9924430847168
1769763663.5590255,1674,61.67820358276367
1769763664.5772138,1675,57.91407775878906
1769763664.7567647,1676,11.523585319519043
1769763665.5994365,1677,52.381248474121094
1769763666.1325576,1678,49.658878326416016
1769763668.6391623,1679,70.01668548583984
1769763670.2020538,1680,74.04530334472656
1769763671.3386505,1681,50.539920806884766
1769763672.7659612,1682,72.73856353759766
1769763679.9810433,1683,43.72406005859375
1769763681.5204232,1684,61.04561233520508
1769763681.6426952,1685,25.32834243774414
1769763683.2455637,1686,48.269676208496094
1769763687.147777,1687,70.44818115234375
1769763687.2714832,1688,42.94884490966797
1769763688.2767937,1689,59.87115478515625
1769763689.2335186,1690,67.98336029052734
1769763689.599717,1691,75.2227783203125
1769763690.4327047,1692,61.07025909423828
1769763690.8288176,1693,45.74985885620117
1769763692.1479986,1694,63.50471496582031
1769763692.3916042,1695,33.99885940551758
1769763693.3489442,1696,37.28133010864258
1769763695.3129277,1697,68.2716293334961
1769763696.3105786,1698,53.884334564208984
1769763700.4917164,1699,76.07020568847656
1769763701.9607565,1700,69.1313247680664
1769763702.3194177,1701,56.41615676879883
1769763703.6954496,1702,72.24661254882812
1769763703.8763373,1703,17.61065673828125
1769763704.8826935,1704,52.77538299560547
1769763706.8306518,1705,50.81080627441406
1769763708.6225927,1706,63.48136901855469
1769763711.4589128,1707,76.3031005859375
1769763712.2937016,1708,73.8101806640625
1769763714.4342282,1709,68.64154815673828
1769763715.567109,1710,47.788002014160156
1769763717.122053,1711,69.65489959716797
1769763719.3318822,1712,67.58029174804688
1769763721.5555687,1713,53.69759750366211
1769763723.0463164,1714,71.27885437011719
1769763723.997546,1715,71.76116180419922
1769763724.5425336,1716,70.88170623779297
1769763726.2520099,1717,54.834922790527344
1769763728.8665433,1718,62.623435974121094
1769763730.3552058,1719,69.9395980834961
1769763731.4137018,1720,72.09716033935547
1769763733.5004146,1721,70.4647216796875
1769763735.1156707,1722,50.21498489379883
1769763736.027796,1723,70.44853973388672
1769763736.4319148,1724,56.64381790161133
1769763739.1421068,1725,75.41016387939453
1769763740.2840362,1726,60.3305549621582
1769763742.6564295,1727,71.15609741210938
1769763743.5656505,1728,61.68534851074219
1769763744.8151667,1729,48.11452102661133
1769763747.7935514,1730,74.05477905273438
1769763748.2656813,1731,58.81123733520508
1769763748.678699,1732,31.099071502685547
1769763749.2679906,1733,52.36083984375
1769763749.9796667,1734,56.761070251464844
1769763752.8920002,1735,64.99922180175781
1769763754.8009005,1736,69.67769622802734
1769763754.9237158,1737,9.215795516967773
1769763756.1035583,1738,74.86573028564453
1769763757.2036557,1739,69.18734741210938
1769763759.0841382,1740,54.96590805053711
1769763759.3280764,1741,48.63068771362305
1769763760.634934,1742,67.74474334716797
1769763762.202344,1743,70.57470703125
1769763764.955044,1744,66.6439437866211
1769763768.488953,1745,77.13854217529297
1769763768.613653,1746,-19.26023292541504
1769763769.5099769,1747,51.62749481201172
1769763771.2340245,1748,50.34590530395508
1769763772.168225,1749,58.260215759277344
1769763773.3602388,1750,49.29384994506836
1769763775.3371813,1751,59.47480010986328
1769763776.359098,1752,70.9587173461914
1769763776.656411,1753,33.50564193725586
1769763779.5215714,1754,73.73650360107422
1769763781.0930822,1755,50.12202072143555
1769763783.6232274,1756,59.298343658447266
1769763784.7552123,1757,68.99278259277344
1769763784.8794396,1758,28.868494033813477
1769763787.3007176,1759,69.36649322509766
1769763788.903266,1760,54.107364654541016
1769763790.0965347,1761,47.32246780395508
1769763790.971072,1762,64.03825378417969
1769763791.8137987,1763,54.50809860229492
1769763792.054824,1764,23.326406478881836
1769763794.3735473,1765,60.471778869628906
1769763796.2623792,1766,78.1410140991211
1769763797.2822473,1767,72.61416625976562
1769763798.4341605,1768,60.10247802734375
1769763798.561426,1769,7.083051681518555
1769763799.6922398,1770,48.46555709838867
1769763806.5576882,1771,74.6379623413086
1769763807.6054928,1772,67.2716293334961
1769763810.949614,1773,80.01744079589844
1769763813.0071063,1774,57.54106903076172
1769763813.7242472,1775,62.65135955810547
1769763814.094976,1776,59.603145599365234
1769763814.2172418,1777,13.708625793457031
1769763815.106484,1778,59.772483825683594
1769763815.646323,1779,44.15144348144531
1769763816.7816486,1780,72.75817108154297
1769763819.0348938,1781,63.01888656616211
1769763820.5273886,1782,56.24848556518555
1769763822.474377,1783,73.02806091308594
1769763823.1866546,1784,66.87378692626953
1769763823.3075216,1785,-12.841668128967285
1769763824.083207,1786,52.449562072753906
1769763824.3268647,1787,29.43529510498047
1769763825.1606991,1788,78.46104431152344
1769763827.2839737,1789,72.2799072265625
1769763828.4698555,1790,51.973262786865234
1769763831.281934,1791,64.34195709228516
1769763834.0693853,1792,59.63361358642578
1769763835.1504488,1793,48.71923828125
1769763835.2733903,1794,55.231842041015625
1769763836.7133815,1795,63.311363220214844
1769763838.031563,1796,49.27070236206055
1769763839.8126628,1797,66.20260620117188
1769763841.4457698,1798,53.797401428222656
1769763842.1656425,1799,50.39486312866211
1769763842.9376519,1800,55.61006546020508
1769763845.6005514,1801,70.71713256835938
1769763847.2012742,1802,76.87544250488281
1769763848.6251178,1803,70.53673553466797
1769763848.7472064,1804,9.723129272460938
1769763850.1709778,1805,44.077537536621094
1769763851.835438,1806,54.730743408203125
1769763853.507449,1807,75.332275390625
1769763856.5906532,1808,73.86939239501953
1769763858.5900135,1809,75.06665802001953
1769763860.420655,1810,54.189029693603516
1769763861.0832205,1811,46.63625717163086
1769763862.2117174,1812,67.27909851074219
1769763863.5608628,1813,40.633541107177734
1769763867.3650913,1814,73.6256103515625
1769763867.6064775,1815,22.293760299682617
1769763869.7885678,1816,57.570796966552734
1769763870.8556395,1817,51.13159942626953
1769763872.5198693,1818,65.93939208984375
1769763872.9414475,1819,56.747650146484375
1769763873.9628868,1820,42.13394546508789
1769763875.3335464,1821,48.02313232421875
1769763875.815293,1822,36.91566467285156
1769763876.6595032,1823,65.95137786865234
1769763877.4426115,1824,64.8442611694336
1769763878.5102043,1825,49.97422790527344
1769763879.8068485,1826,61.19586944580078
1769763879.9326074,1827,38.24188995361328
1769763880.6434157,1828,44.12825393676758
1769763881.882361,1829,70.44686889648438
1769763884.4963846,1830,59.37380599975586
1769763884.9240477,1831,67.0376205444336
1769763886.9498658,1832,74.20883178710938
1769763888.1966028,1833,63.78859329223633
1769763888.6165862,1834,42.85990905761719
1769763889.2212434,1835,41.37174606323242
1769763889.6173592,1836,57.69902038574219
1769763890.8771951,1837,68.83760833740234
1769763891.9512422,1838,49.4578971862793
1769763893.0943618,1839,65.4814224243164
1769763893.7470448,1840,53.57841491699219
1769763897.296631,1841,65.79020690917969
1769763899.2135785,1842,61.54457473754883
1769763899.809834,1843,59.967899322509766
1769763900.6219912,1844,57.0478401184082
1769763901.6332395,1845,74.49149322509766
1769763902.1144388,1846,32.98265838623047
1769763903.077849,1847,54.126277923583984
1769763903.9721768,1848,56.75749969482422
1769763905.491839,1849,64.15565490722656
1769763906.8595893,1850,52.56586837768555
1769763907.6989977,1851,50.68791198730469
1769763908.1159449,1852,49.730594635009766
1769763909.5346265,1853,48.609107971191406
1769763909.9504611,1854,61.50623321533203
1769763910.5238347,1855,66.6265869140625
1769763912.0073037,1856,70.26679992675781
1769763912.1288288,1857,22.662185668945312
1769763912.8972754,1858,54.6091194152832
1769763914.2011952,1859,53.716102600097656
1769763915.6182108,1860,69.75316619873047
1769763916.692373,1861,58.60370635986328
1769763917.1085532,1862,64.4770736694336
1769763921.7863157,1863,64.83111572265625
1769763922.2698882,1864,32.389244079589844
1769763923.1732411,1865,79.3897476196289
1769763923.595454,1866,44.21471405029297
1769763924.7819023,1867,67.00507354736328
1769763926.4141474,1868,67.83358001708984
1769763927.0687454,1869,58.33382034301758
1769763928.854104,1870,58.575260162353516
1769763932.2104988,1871,67.06446075439453
1769763936.9767861,1872,73.76792907714844
1769763937.5240834,1873,33.9328498840332
1769763940.0337937,1874,73.25494384765625
1769763941.6465833,1875,69.93275451660156
1769763942.0024536,1876,39.93657302856445
1769763943.2065842,1877,52.8549919128418
1769763944.5278435,1878,51.089202880859375
1769763944.949104,1879,46.51310729980469
1769763948.0117373,1880,69.09524536132812
1769763948.6683962,1881,45.21836471557617
1769763949.0901926,1882,42.04551696777344
1769763950.5708342,1883,68.14520263671875
1769763951.019649,1884,39.82883071899414
1769763951.4330082,1885,50.724979400634766
1769763957.3801825,1886,78.54759216308594
1769763957.8008804,1887,71.13241577148438
1769763958.5658565,1888,39.24790954589844
1769763960.1052337,1889,69.43716430664062
1769763961.5051217,1890,36.02028274536133
1769763962.8772764,1891,66.68328857421875
1769763963.8234355,1892,73.7527847290039
1769763965.417269,1893,72.06279754638672
1769763965.5389638,1894,1.2908252477645874
1769763966.495051,1895,66.54368591308594
1769763967.3751152,1896,71.00138092041016
1769763967.7911744,1897,44.12410354614258
1769763968.811395,1898,47.32386779785156
1769763971.1544843,1899,73.68950653076172
1769763971.4610496,1900,53.829368591308594
1769763972.3923218,1901,69.94627380371094
1769763973.1706305,1902,48.08375549316406
1769763974.4280577,1903,50.798065185546875
1769763974.556838,1904,10.240961074829102
1769763975.041149,1905,73.17537689208984
1769763976.1708038,1906,47.44884490966797
1769763976.6472702,1907,42.26276397705078
1769763978.9758098,1908,67.18544006347656
1769763979.342741,1909,48.58229446411133
1769763981.0755587,1910,65.78779602050781
1769763982.9568274,1911,67.623291015625
1769763983.4357204,1912,43.04167556762695
1769763984.5755458,1913,49.52983474731445
1769763985.8859298,1914,50.59463119506836
1769763988.7066677,1915,62.757606506347656
1769763990.0679772,1916,64.3906478881836
1769763990.4317405,1917,65.20808410644531
1769763993.1891348,1918,65.87741088867188
1769764003.2740676,1919,49.973602294921875
1769764003.9316597,1920,50.767295837402344
1769764005.2957666,1921,54.09868621826172
1769764006.5949266,1922,55.15775680541992
1769764007.6379006,1923,40.725345611572266
1769764009.1826346,1924,66.73414611816406
1769764009.6041908,1925,47.91474914550781
1769764010.9899385,1926,66.7071533203125
1769764011.1137288,1927,29.101818084716797
1769764011.5964756,1928,67.28038787841797
1769764014.3732717,1929,54.192291259765625
1769764015.987712,1930,73.3143310546875
1769764016.937625,1931,72.44157409667969
1769764019.6219532,1932,73.24177551269531
1769764020.6111443,1933,75.91390991210938
1769764021.743349,1934,76.33531188964844
1769764022.1583211,1935,37.34751510620117
1769764022.7559834,1936,36.260398864746094
1769764024.356799,1937,49.41566848754883
1769764024.7159827,1938,40.28533172607422
1769764026.066468,1939,62.62323760986328
1769764027.7921507,1940,79.11415100097656
1769764028.2700713,1941,35.792728424072266
1769764029.6382241,1942,49.68466567993164
1769764029.9367156,1943,48.26509475708008
1769764030.4725811,1944,45.610897064208984
1769764032.9730978,1945,65.82491302490234
1769764036.476643,1946,77.19271087646484
1769764041.3277044,1947,64.64337158203125
1769764041.4530427,1948,-30.649085998535156
1769764042.1735697,1949,54.605186462402344
1769764043.3341005,1950,49.12812805175781
1769764043.6908762,1951,34.03557586669922
1769764044.9418676,1952,67.30279541015625
1769764045.596204,1953,46.61559295654297
1769764050.2716732,1954,67.25951385498047
1769764050.5261707,1955,64.91021728515625
1769764052.3197763,1956,48.49463653564453
1769764054.4699852,1957,76.2520980834961
1769764055.244006,1958,43.52426528930664
1769764057.0279381,1959,55.00211715698242
1769764057.7981772,1960,65.04067993164062
1769764057.9215956,1961,10.34986400604248
1769764059.8776965,1962,74.96957397460938
1769764061.3165114,1963,56.186187744140625
1769764063.8937476,1964,73.22591400146484
1769764064.0270646,1965,-3.450793981552124
1769764065.1201434,1966,53.384666442871094
1769764066.3178277,1967,41.44173812866211
1769764066.4406404,1968,-10.905777931213379
1769764066.5625439,1969,-15.760115623474121
1769764067.1639197,1970,40.30055236816406
1769764068.0690882,1971,73.0931167602539
1769764070.3241267,1972,52.40652847290039
1769764071.0408628,1973,48.51136016845703
1769764071.639637,1974,52.719913482666016
1769764072.538058,1975,66.40785217285156
1769764072.964198,1976,19.931594848632812
1769764075.0048482,1977,71.1431884765625
1769764075.1322737,1978,32.80955505371094
1769764076.1605568,1979,35.88429641723633
1769764077.6447284,1980,58.15977096557617
1769764078.479732,1981,64.4150161743164
1769764078.6023667,1982,-9.321813583374023
1769764079.562133,1983,58.45952606201172
1769764080.7964993,1984,67.7772445678711
1769764081.2748163,1985,20.635854721069336
1769764082.2870846,1986,66.57747650146484
1769764082.5302444,1987,11.882282257080078
1769764082.6570563,1988,-28.22867202758789
1769764083.611621,1989,53.04042053222656
1769764084.032792,1990,57.56620788574219
1769764084.8069193,1991,55.19776153564453
1769764086.0435865,1992,73.29942321777344
1769764087.3643174,1993,70.01122283935547
1769764088.661931,1994,65.54212188720703
1769764089.4897764,1995,50.210594177246094
1769764089.9012995,1996,32.04875946044922
1769764090.856334,1997,49.7335319519043
1769764091.6351252,1998,67.82874298095703
1769764091.7570784,1999,9.26920223236084
1769764093.2948432,2000,52.780094146728516
1769764096.0146844,2001,46.26239776611328
1769764096.1377597,2002,-15.937013626098633
1769764097.6134098,2003,63.515724182128906
1769764098.270416,2004,35.3924674987793
1769764099.4133694,2005,61.73350143432617
1769764100.557587,2006,66.27864074707031
1769764102.0667264,2007,68.46614837646484
1769764103.681294,2008,66.97377014160156
1769764107.9547052,2009,72.37437438964844
1769764108.3857026,2010,53.662174224853516
1769764108.8095086,2011,13.875076293945312
1769764109.1743248,2012,29.637144088745117
1769764111.8481166,2013,69.01310729980469
1769764112.9272084,2014,50.233036041259766
1769764114.1240954,2015,30.54776382446289
1769764115.951722,2016,63.15640640258789
1769764116.8426802,2017,49.148990631103516
1769764118.0999913,2018,69.17147827148438
1769764118.8784854,2019,66.05912017822266
1769764120.5498095,2020,54.574161529541016
1769764122.5066125,2021,48.40312576293945
1769764123.5176446,2022,53.79132080078125
1769764125.7957904,2023,61.47603988647461
1769764128.1359425,2024,72.55256652832031
1769764128.6850724,2025,56.74906539916992
1769764129.3430996,2026,56.995872497558594
1769764132.0978227,2027,72.84951782226562
1769764132.2259903,2028,24.815948486328125
1769764134.3225138,2029,64.29071044921875
1769764135.2172205,2030,71.05792999267578
1769764136.360879,2031,66.17509460449219
1769764136.8456783,2032,59.477935791015625
1769764137.8060808,2033,61.605712890625
1769764138.757532,2034,41.585384368896484
1769764139.2944002,2035,65.5055160522461
1769764144.5832193,2036,73.82637023925781
1769764146.7501838,2037,76.50929260253906
1769764147.6471975,2038,69.20513153076172
1769764148.4845245,2039,43.2509765625
1769764148.9675658,2040,48.168636322021484
1769764150.2124548,2041,67.03819274902344
1769764151.027954,2042,68.54561614990234
1769764151.3918798,2043,41.8902702331543
1769764151.988906,2044,46.970218658447266
1769764153.429012,2045,41.11191177368164
1769764155.042512,2046,63.2374153137207
1769764156.1034598,2047,45.593807220458984
1769764158.1734562,2048,68.63335418701172
1769764159.4292245,2049,74.51971435546875
1769764159.9102423,2050,5.228250503540039
1769764161.0280228,2051,70.16495513916016
1769764162.8290112,2052,55.44437026977539
1769764163.2497585,2053,50.13535690307617
1769764165.9989302,2054,67.03766632080078
1769764168.1308188,2055,63.376277923583984
1769764168.4303014,2056,41.011985778808594
1769764169.0853531,2057,44.49526596069336
1769764173.7126465,2058,60.269020080566406
1769764174.9722855,2059,50.510589599609375
1769764175.336801,2060,49.35464859008789
1769764176.7364893,2061,69.88743591308594
1769764177.1543145,2062,22.133203506469727
1769764178.997791,2063,46.10275650024414
1769764180.0107083,2064,45.33320617675781
1769764180.1343784,2065,0.43841275572776794
1769764181.42399,2066,68.35145568847656
1769764184.4911664,2067,65.7210922241211
1769764185.0146573,2068,22.71817970275879
1769764185.1349876,2069,23.33284568786621
1769764186.4798925,2070,48.197444915771484
1769764187.7803621,2071,58.23922348022461
1769764191.411409,2072,52.857887268066406
1769764193.741132,2073,64.28214263916016
1769764195.8196979,2074,48.025882720947266
1769764197.738632,2075,57.73197937011719
1769764197.8628578,2076,-25.247703552246094
1769764199.5349398,2077,65.46395874023438
1769764201.3655834,2078,60.42344665527344
1769764203.2722359,2079,74.92659759521484
1769764205.4849012,2080,63.000728607177734
1769764208.619645,2081,71.4037094116211
1769764209.8192887,2082,56.08369445800781
1769764213.2351048,2083,65.8780746459961
1769764214.3733542,2084,50.196937561035156
1769764216.4432962,2085,53.99003219604492
1769764217.5706143,2086,53.028594970703125
1769764217.871525,2087,32.666290283203125
1769764219.2410243,2088,47.09474563598633
1769764220.1364322,2089,52.293277740478516
1769764221.725607,2090,68.9837646484375
1769764222.024287,2091,5.460000038146973
1769764225.2303982,2092,46.39040756225586
1769764226.1288302,2093,40.32872009277344
1769764227.1479502,2094,51.88390350341797
1769764228.799504,2095,51.382259368896484
1769764230.4064147,2096,48.47602844238281
1769764231.185227,2097,60.62894821166992
1769764232.259988,2098,50.25139617919922
1769764233.4918506,2099,67.25150299072266
1769764234.3253694,2100,66.38477325439453
1769764234.8017592,2101,42.4373893737793
1769764235.688826,2102,64.54232025146484
1769764237.2865734,2103,65.88349151611328
1769764238.1819706,2104,69.56075286865234
1769764242.2867773,2105,53.14645767211914
1769764244.0512502,2106,66.00887298583984
1769764244.2331204,2107,2.3509435653686523
1769764245.247462,2108,52.11122131347656
1769764245.7304072,2109,39.6158447265625
1769764248.796551,2110,65.93688201904297
1769764249.6304226,2111,65.98331451416016
1769764251.1674013,2112,47.40556716918945
1769764251.766878,2113,40.442996978759766
1769764252.0678244,2114,54.274009704589844
1769764252.8406582,2115,28.978713989257812
1769764254.1203706,2116,74.09394073486328
1769764254.5385556,2117,56.554718017578125
1769764255.9704232,2118,56.11458206176758
1769764256.8035798,2119,52.23762512207031
1769764257.3417802,2120,37.85699462890625
1769764258.670244,2121,75.51454162597656
1769764259.7444992,2122,74.51799774169922
1769764262.3218803,2123,71.32367706298828
1769764263.4008646,2124,43.62128448486328
1769764264.1135247,2125,44.60762405395508
1769764264.4788253,2126,41.76220703125
1769764265.978782,2127,61.28767395019531
1769764269.0301304,2128,76.41873168945312
1769764270.2282407,2129,70.94488525390625
1769764270.658066,2130,38.61906814575195
1769764272.6192634,2131,57.79978942871094
1769764272.7436826,2132,-15.088482856750488
1769764273.8221812,2133,64.71875762939453
1769764274.538444,2134,41.9434928894043
1769764274.8911684,2135,55.28422164916992
1769764275.0132828,2136,-28.922393798828125
1769764275.9786997,2137,49.5430793762207
1769764277.1141672,2138,44.40786361694336
1769764277.2992847,2139,40.80924987792969
1769764278.1954098,2140,46.19118881225586
1769764280.1143477,2141,71.32997131347656
1769764284.181567,2142,65.86528015136719
1769764286.5166633,2143,64.41165161132812
1769764289.2247524,2144,66.37792205810547
1769764290.9072168,2145,54.47168731689453
1769764291.9839878,2146,50.88481521606445
1769764294.8277032,2147,70.8841781616211
1769764297.364151,2148,72.96536254882812
1769764298.011568,2149,73.4769515991211
1769764299.0696552,2150,57.207618713378906
1769764299.785989,2151,45.663307189941406
1769764301.5746958,2152,48.97123336791992
1769764302.9924011,2153,66.0063705444336
1769764305.4622176,2154,55.64960861206055
1769764306.410626,2155,53.89478302001953
1769764306.7706227,2156,29.398408889770508
1769764309.0496652,2157,70.48200225830078
1769764309.947082,2158,44.16704177856445
1769764311.1864183,2159,39.9206657409668
1769764312.0786583,2160,54.882469177246094
1769764313.445971,2161,48.2484130859375
1769764314.895196,2162,68.46188354492188
1769764315.2467387,2163,27.03567886352539
1769764319.745193,2164,73.3244400024414
1769764328.2846308,2165,52.802974700927734
1769764328.649836,2166,48.46730422973633
1769764330.6737497,2167,73.94198608398438
1769764331.4559357,2168,66.17029571533203
1769764331.7618904,2169,7.30742883682251
1769764331.8864708,2170,2.9837894439697266
1769764332.009229,2171,39.94773864746094
1769764333.0865486,2172,68.23482513427734
1769764333.3842309,2173,44.615474700927734
1769764334.598612,2174,67.28620910644531
1769764335.90372,2175,61.71802520751953
1769764338.8120368,2176,71.193359375
1769764341.4066677,2177,69.70628356933594
1769764342.651696,2178,53.33982849121094
1769764344.1394112,2179,69.94844055175781
1769764344.566223,2180,36.63557815551758
1769764345.512506,2181,49.786197662353516
1769764345.928697,2182,54.11262512207031
1769764348.1894846,2183,69.93991088867188
1769764350.6051114,2184,69.49349975585938
1769764350.787398,2185,48.29848098754883
1769764352.7962444,2186,66.53068542480469
1769764355.1514058,2187,77.77275848388672
1769764355.6885693,2188,78.03514099121094
1769764356.0521173,2189,74.19926452636719
1769764357.8981583,2190,41.88023376464844
1769764359.5477846,2191,72.32381439208984
1769764360.266322,2192,47.756324768066406
1769764360.8049803,2193,64.67520904541016
1769764361.165675,2194,23.87268829345703
1769764362.056801,2195,63.57632064819336
1769764363.7259932,2196,73.59878540039062
1769764364.2646587,2197,48.919769287109375
1769764365.3226175,2198,62.03309631347656
1769764366.5088744,2199,50.13086700439453
1769764367.6352465,2200,49.91697311401367
1769764369.0552204,2201,68.6343994140625
1769764369.4170582,2202,44.279258728027344
1769764372.1771061,2203,54.40803909301758
1769764373.424966,2204,47.93123245239258
1769764374.204123,2205,68.31236267089844
1769764376.4001799,2206,73.42723083496094
1769764377.8313644,2207,48.72785568237305
1769764378.3098352,2208,46.13508605957031
1769764379.2600126,2209,66.37084197998047
1769764379.3876758,2210,3.649571418762207
1769764381.1313956,2211,62.97615051269531
1769764381.255664,2212,58.6533088684082
1769764381.7118442,2213,38.08126449584961
1769764382.730531,2214,75.92817687988281
1769764383.6274939,2215,76.0772933959961
1769764386.2620304,2216,65.97759246826172
1769764388.2693803,2217,73.87738800048828
1769764389.7631624,2218,69.75460815429688
1769764390.6623042,2219,67.56500244140625
1769764391.8881583,2220,47.324867248535156
1769764396.1567771,2221,76.66779327392578
1769764396.3974361,2222,44.02421569824219
1769764397.7973003,2223,62.468257904052734
1769764398.800824,2224,50.8640251159668
1769764399.1553028,2225,55.53299331665039
1769764400.6904712,2226,74.17205810546875
1769764402.2215245,2227,67.48949432373047
1769764402.5816019,2228,28.1285343170166
1769764403.0575092,2229,26.654502868652344
1769764404.1916628,2230,58.330833435058594
1769764405.0947676,2231,37.7096061706543
1769764405.941361,2232,62.10889434814453
1769764406.362433,2233,51.79453659057617
1769764412.5059054,2234,74.68688201904297
1769764412.99297,2235,77.60166931152344
1769764414.1316602,2236,43.247745513916016
1769764414.670219,2237,43.940555572509766
1769764414.7931874,2238,62.31709671020508
1769764416.901946,2239,79.94666290283203
1769764417.024912,2240,-18.633628845214844
1769764417.6827545,2241,72.99552917480469
1769764418.98859,2242,55.12666320800781
1769764419.830066,2243,43.57717514038086
1769764421.0238621,2244,66.02993774414062
1769764421.6199949,2245,38.0216064453125
1769764423.8778667,2246,50.917598724365234
1769764424.88945,2247,44.16853713989258
1769764426.0243897,2248,73.83145141601562
1769764427.1359782,2249,67.14934539794922
1769764428.2118073,2250,48.99933624267578
1769764430.183167,2251,68.28959655761719
1769764431.0782835,2252,53.1323127746582
1769764432.1789641,2253,38.429229736328125
1769764432.658538,2254,54.83683395385742
1769764434.5080276,2255,67.34242248535156
1769764435.40164,2256,66.40046691894531
1769764436.650795,2257,68.15805053710938
1769764438.3228123,2258,54.45859146118164
1769764444.90263,2259,67.8307113647461
1769764446.5621712,2260,61.81307601928711
1769764449.040997,2261,67.95572662353516
1769764450.7527294,2262,65.36996459960938
1769764453.1218863,2263,45.77516174316406
1769764453.6144469,2264,49.75262451171875
1769764453.7368748,2265,-4.411808967590332
1769764454.4516506,2266,67.78072357177734
1769764456.9976513,2267,49.816871643066406
1769764457.3585336,2268,75.5967025756836
1769764461.0342782,2269,74.70926666259766
1769764461.9307756,2270,34.125545501708984
1769764462.6549835,2271,33.20979309082031
1769764463.5505047,2272,37.14573287963867
1769764465.093361,2273,58.1408805847168
1769764467.4211583,2274,77.90660095214844
1769764469.9993794,2275,66.70679473876953
1769764471.8219156,2276,68.07685089111328
1769764476.3962352,2277,82.44683837890625
1769764476.821107,2278,73.01467895507812
1769764478.0058436,2279,67.48331451416016
1769764479.0831542,2280,54.51542663574219
1769764481.7399805,2281,64.10427856445312
1769780598.060947,1,0.05977298691868782
1769780623.1261854,2,0.3371577858924866
1769780628.5072038,3,0.5113683342933655
1769781303.6148937,1,0.06212354823946953
1769781316.3829918,2,-0.2895105481147766
1769781324.6966033,3,-0.21701441705226898
1769781329.2513947,4,0.386382132768631
1769781339.960378,5,1.3455110788345337
1769781364.172927,6,4.923157691955566
1769781369.4039946,7,5.755708694458008
1769781383.2668517,8,7.4176554679870605
1769781383.6349056,9,4.138430118560791
1769781425.8003013,10,12.297942161560059
1769781449.3006234,11,19.72015380859375
1769781449.4328961,12,11.773813247680664
1769781464.5115023,13,23.765727996826172
1769781468.8950417,14,19.352550506591797
1769781478.5798585,15,22.92749786376953
1769781483.1831226,16,22.708974838256836
1769781499.1300716,17,22.512155532836914
1769781503.866481,18,20.910276412963867
1769781511.130801,19,21.41608428955078
1769781521.2227674,20,21.39893913269043
1769781553.7865312,21,23.06889533996582
1769781568.9949315,22,25.093095779418945
1769781573.7970538,23,25.72161102294922
1769781575.260302,24,23.023256301879883
1769781608.6792307,25,28.501850128173828
1769781683.1874087,26,31.93254852294922
1769781706.1308782,27,33.89696502685547
1769781710.389751,28,34.011348724365234
1769781725.4261203,29,34.832359313964844
1769781733.7829058,30,35.108558654785156
1769781739.1048396,31,36.64493942260742
1769781746.537396,32,35.90191650390625
1769781802.245626,33,39.962711334228516
1769781810.5101864,34,39.92119598388672
1769781822.1772218,35,36.682167053222656
1769781822.365225,36,17.47292137145996
1769782062.2023363,37,43.47733688354492
1769782331.8358607,38,45.87208557128906
1769782352.9143643,39,46.36756896972656
1769782356.9797637,40,37.409080505371094
1769782395.1600368,41,47.39888381958008
1769782420.8834007,42,48.52579879760742
1769782495.7214007,43,49.617958068847656
1769782641.316913,44,51.654361724853516
1769782679.4121895,45,53.023902893066406
1769782701.1176548,46,53.98200225830078
1769782714.6700704,47,54.80276870727539
1769782730.4259658,48,55.113826751708984
1769782734.653418,49,40.377323150634766
1769782804.3554883,50,57.27289581298828
1769782813.89622,51,57.31454849243164
1769782821.589183,52,57.877891540527344
1769782855.3558886,53,59.20189666748047
1769782934.6283925,54,38.61256408691406
1769782985.2386174,55,60.989768981933594
1769782993.1474454,56,60.49334716796875
1769782993.2737713,57,25.84676742553711
1769783002.5891354,58,60.44584655761719
1769783014.7018962,59,56.813167572021484
1769783031.7034168,60,57.827674865722656
1769783043.8219652,61,60.26334762573242
1769783054.833318,62,56.46788024902344
1769783076.1468668,63,60.00809097290039
1769783089.9437838,64,59.349491119384766
1769783160.7492197,65,59.56216812133789
1769783168.5944097,66,49.312255859375
1769783168.7232788,67,23.385454177856445
1769783205.3270082,68,59.731956481933594
1769783263.6982505,69,58.55757141113281
1769783265.6950977,70,43.211429595947266
1769783302.2955647,71,59.69447708129883
1769783333.6934352,72,59.764320373535156
1769783339.3105571,73,56.86970520019531
1769783469.8484216,74,60.93991470336914
1769783471.2921712,75,58.47468566894531
1769783483.935602,76,61.02220153808594
1769783506.2251406,77,61.197147369384766
1769783506.3615022,78,25.125410079956055
1769783536.1483784,79,60.973812103271484
1769783574.8198745,80,62.33151626586914
1769783633.1805463,81,62.61793518066406
1769783652.3154523,82,62.29737854003906
1769783657.0914123,83,62.15884780883789
1769783660.3167465,84,49.8134651184082
1769783665.1769621,85,62.1611213684082
1769783677.7799187,86,59.41632080078125
1769783690.0849395,87,62.46151351928711
1769783701.4673998,88,62.3719596862793
1769783760.571489,89,62.368106842041016
1769783780.9049447,90,60.479393005371094
1769783783.9191701,91,57.2078857421875
1769783785.3350973,92,51.27910614013672
1769783794.6741745,93,61.55922317504883
1769783811.2855153,94,60.870201110839844
1769783811.4177043,95,30.974895477294922
1769783814.0650527,96,56.31982421875
1769783820.221484,97,61.60818099975586
1769783842.137913,98,62.05380630493164
1769783875.765771,99,62.896488189697266
1769784672.9234364,1,0.06480146944522858
1769784697.720944,2,0.37519514560699463
1769784699.1315067,3,0.3896644711494446
1769784699.2526727,4,0.3462189733982086
1769784704.9934242,5,0.5508306622505188
1769784713.3721228,6,1.0244112014770508
1769784734.4082038,7,3.8772943019866943
1769784740.680761,8,4.807180881500244
1769784828.3356097,9,7.445817947387695
1769784828.5269506,10,5.796212673187256
1769784832.4008372,11,6.39183235168457
1769784846.6560485,12,7.177788257598877
1769784889.5602207,13,9.696454048156738
1769784915.6007419,14,10.540899276733398
1769784919.4189808,15,10.986837387084961
1769785057.0434048,16,16.379955291748047
1769785197.1710248,17,17.086776733398438
1769785220.695161,18,18.79995346069336
1769785234.0382304,19,19.35044288635254
1769785532.286482,20,20.644451141357422
1769785625.3638318,21,19.215557098388672
1769785628.5484035,22,19.111398696899414
1769785654.1525965,23,19.552644729614258
1769785793.2838726,24,20.434629440307617
1769785986.374572,25,21.008647918701172
1769786016.2702522,26,20.917329788208008
1769786025.4697473,27,19.744171142578125
1769786059.000589,28,21.93059539794922
1769786079.2272017,29,19.2083740234375
1769786096.7825203,30,22.547494888305664
1769786112.9794414,31,22.296886444091797
1769786115.234386,32,16.800914764404297
1769786151.0925083,33,21.263559341430664
1769786177.698147,34,11.146933555603027
1769786182.1100101,35,17.13651466369629
1769786194.006894,36,18.272132873535156
1769786213.7348366,37,23.46302604675293
1769786220.0560355,38,18.841800689697266
1769786232.73914,39,19.72650718688965
1769786232.8688557,40,16.346345901489258
1769786266.0562387,41,21.475780487060547
1769786302.8483224,42,20.20574378967285
1769786317.2322803,43,19.917612075805664
1769786327.8337076,44,19.190643310546875
1769786329.254115,45,16.985973358154297
1769786329.3739543,46,14.718657493591309
1769786338.9194293,47,21.5179500579834
1769786343.620482,48,19.185577392578125
1769786347.0770903,49,20.709646224975586
1769786349.3043785,50,19.246498107910156
1769786355.4567828,51,20.273826599121094
1769786358.4022074,52,19.853242874145508
1769786366.3706112,53,19.78009033203125
1769786377.222755,54,20.489368438720703
1769786377.355497,55,13.461200714111328
1769786391.9079177,56,19.55008888244629
1769786440.2442467,57,26.675718307495117
1769786449.1348257,58,19.699445724487305
1769786449.563861,59,12.76343822479248
1769786458.8930535,60,20.721277236938477
1769786505.0818965,61,21.808868408203125
1769786585.649627,62,20.378267288208008
1769786617.6800294,63,26.92963409423828
1769786638.4966972,64,29.523815155029297
1769786683.1295347,65,28.602571487426758
1769786687.1878529,66,29.937326431274414
1769786691.8948429,67,20.81867790222168
1769786693.0744286,68,18.292377471923828
1769786746.1278298,69,29.708484649658203
1769786758.61232,70,21.324174880981445
1769786764.2325294,71,30.434141159057617
1769786765.4604754,72,15.463997840881348
1769786774.5953457,73,22.67784881591797
1769786792.0066211,74,33.21519088745117
1769786793.3682761,75,19.459829330444336
1769786803.640358,76,24.120698928833008
1769786803.7685196,77,9.7147216796875
1769786864.0953474,78,31.573471069335938
1769786989.4312658,79,31.1121768951416
1769787022.8042448,80,23.473804473876953
1769787045.8530219,81,31.83881187438965
1769787060.9486783,82,20.529712677001953
1769787088.016776,83,22.377300262451172
1769787105.7218225,84,30.692943572998047
1769787109.0747201,85,23.242746353149414
1769787109.1990752,86,14.4061918258667
1769787116.096098,87,35.24849319458008
1769787116.342975,88,10.70777702331543
1769787129.7334168,89,24.531896591186523
1769787172.4316995,90,30.66107749938965
1769787189.858926,91,34.539127349853516
1769787229.5889027,92,29.66219139099121
1769787294.9533122,93,27.851844787597656
1769787310.9930868,94,20.77964973449707
1769787314.615939,95,18.8570499420166
1769787314.7402534,96,11.76168155670166
1769787339.8125587,97,33.545230865478516
1769787342.1852453,98,15.488450050354004
1769787349.150912,99,29.324800491333008
1769787358.2432742,100,28.52300262451172
1769787358.3729818,101,3.1084537506103516
1769787376.3667717,102,33.48584747314453
1769787439.4448352,103,35.815338134765625
1769787479.6752734,104,34.78434753417969
1769787483.6045678,105,20.59648323059082
1769787509.697198,106,29.09572982788086
1769787568.5002646,107,38.033287048339844
1769787662.1153688,108,40.996768951416016
1769787767.5403566,109,26.06271743774414
1769787777.6804256,110,27.538244247436523
1769787786.5903745,111,24.75943374633789
1769787788.7114193,112,17.25531578063965
1769787788.8353338,113,3.6559503078460693
1769787825.341852,114,35.103302001953125
1769787825.4959617,115,2.1029860973358154
1769787856.7523334,116,39.77866744995117
1769787856.8979566,117,7.684680461883545
1769787881.6970332,118,33.737674713134766
1769787881.8422365,119,12.516636848449707
1769788033.0144794,120,39.97928237915039
1769788186.6246219,121,28.690860748291016
1769788194.2351844,122,27.42652130126953
1769788303.2023544,123,43.64641571044922
1769788305.307075,124,30.495254516601562
1769788310.9751382,125,32.79528045654297
1769788324.3404438,126,32.20842361450195
1769788328.834264,127,38.39109802246094
1769788334.6315958,128,34.94361114501953
1769788334.756828,129,18.498231887817383
1769788343.5882924,130,46.63789367675781
1769788354.0799673,131,35.71198654174805
1769788371.1522467,132,41.32987594604492
1769788386.011065,133,48.5877685546875
1769788393.753824,134,38.97943878173828
1769788516.1934345,135,49.31266784667969
1769788546.6454165,136,42.86043167114258
1769788546.799399,137,17.171789169311523
1769788553.0484734,138,29.573570251464844
1769788563.6879833,139,48.25657272338867
1769788580.1830618,140,49.98464584350586
1769788588.3563426,141,35.35081481933594
1769788595.7615616,142,36.11585998535156
1769788598.675433,143,34.50605010986328
1769788604.369367,144,26.96105194091797
1769788617.051607,145,40.44937515258789
1769788643.9993632,146,50.893211364746094
1769788726.2567015,147,41.74081039428711
1769788727.4526334,148,34.522796630859375
1769788731.0917556,149,34.641666412353516
1769788760.508239,150,51.09939193725586
1769788863.6954637,151,51.82637023925781
1769788926.9100008,152,44.92359924316406
1769788951.130047,153,43.452789306640625
1769789008.6308897,154,41.45509338378906
1769789012.1764429,155,39.19292068481445
1769789071.092594,156,44.227718353271484
1769789109.9121387,157,43.51860809326172
1769789378.3755324,158,50.89170455932617
1769789519.0950215,159,41.31776809692383
1769789550.5286136,160,40.819053649902344
1769789687.2890484,161,31.430099487304688
1769789712.448667,162,44.28529739379883
1769789793.2879574,163,45.48270797729492
1769789827.1311185,164,53.68897247314453
1769789830.044938,165,41.573429107666016
1769789849.6096542,166,57.341644287109375
1769789866.1324928,167,44.49843215942383
1769789879.4765248,168,42.28972244262695
1769789906.1397643,169,57.28463363647461
1769789914.8942826,170,45.00811767578125
1769789939.3425686,171,56.94937515258789
1769789952.7111425,172,41.926239013671875
1769789955.899342,173,39.870269775390625
1769790086.2133183,174,55.075286865234375
1769790186.0007467,175,47.81705856323242
1769790194.8676,176,48.06167221069336
1769790227.363534,177,52.947208404541016
1769790249.0611923,178,51.221229553222656
1769790280.422826,179,59.80149841308594
1769790349.7379088,180,62.014705657958984
1769790360.666199,181,62.93824005126953
1769790423.5131357,182,44.13216781616211
1769790432.7768626,183,44.43526840209961
1769790451.8793929,184,50.3004150390625
1769790453.1357963,185,47.29234313964844
1769790510.983865,186,53.0255012512207
1769790538.837853,187,53.18962860107422
1769790562.7426307,188,49.80495071411133
1769790577.4928446,189,52.0145378112793
1769790598.1502664,190,55.142635345458984
1769790664.3541744,191,61.818443298339844
1769790704.3057911,192,57.71512985229492
1769790773.0970619,193,55.57376480102539
1769790776.838307,194,49.693870544433594
1769790803.70183,195,55.01392364501953
1769790806.4983478,196,49.120235443115234
1769790889.317377,197,54.62199401855469
1769790889.6915271,198,53.378135681152344
1769790912.7181544,199,54.52627944946289
1769790923.8078268,200,53.29941940307617
1769790923.937881,201,38.218048095703125
1769790964.869715,202,58.93904113769531
1769790967.758433,203,54.983341217041016
1769790978.3727524,204,51.98051071166992
1769791036.7954664,205,55.71144485473633
1769791037.1499233,206,49.97996520996094
1769791044.083451,207,53.621978759765625
1769791053.4345634,208,54.11497116088867
1769791056.8779564,209,54.2230110168457
1769791143.0387821,210,52.689247131347656
1769791194.5745945,211,63.810733795166016
1769791206.470843,212,56.56947326660156
1769791218.4189687,213,56.92696762084961
1769791221.0887208,214,53.52865219116211
1769791228.121844,215,53.7880859375
1769791229.8631287,216,51.190635681152344
1769791243.6040843,217,54.345245361328125
1769791256.9003665,218,57.5792236328125
1769791271.856872,219,56.32358169555664
1769791288.0662205,220,56.30010986328125
1769791353.140019,221,62.7415885925293
1769791359.6495566,222,57.4975700378418
1769791363.1054196,223,52.54537582397461
1769791394.0393186,224,59.507904052734375
1769791400.3603165,225,57.54717254638672
1769791412.5786324,226,61.110652923583984
1769791418.2605093,227,53.8321647644043
1769791428.9547765,228,58.63424301147461
1769791526.936227,229,55.5439567565918
1769791553.7653568,230,64.2479248046875
1769791556.570217,231,59.20014953613281
1769791690.6835546,232,70.79157257080078
1769791710.116229,233,62.001617431640625
1769791743.1888816,234,63.22092056274414
1769791754.9088933,235,59.12820053100586
1769791756.8051102,236,55.836021423339844
1769791761.6707153,237,55.16830062866211
1769791768.1992152,238,61.287410736083984
1769791787.1537476,239,67.18094635009766
1769791802.8877268,240,64.66471099853516
1769791803.0285113,241,41.06516647338867
1769791875.4069586,242,66.9486312866211
1769791970.03141,243,67.28480529785156
1769791974.396388,244,56.270957946777344
1769791987.0999486,245,63.00181198120117
1769791993.8299205,246,64.33745574951172
1769792029.3157914,247,72.40889739990234
1769792046.300517,248,71.89400482177734
1769792117.336372,249,73.21975708007812
1769792124.6904228,250,65.17560577392578
1769792167.254494,251,69.07569885253906
1769792172.3265479,252,63.706302642822266
1769792172.4489353,253,28.560985565185547
1769792190.7706945,254,59.70811462402344
1769792249.9153326,255,74.82154083251953
1769792388.5044851,256,73.50926208496094
1769792404.8460763,257,72.29200744628906
1769792438.1450815,258,72.22105407714844
1769792441.662248,259,61.55255889892578
1769792706.093767,260,77.7113265991211
1769828431.2059774,1,0.041516173630952835
1769828471.3591044,2,-0.4715676009654999
1769828471.505279,3,-0.739809513092041
1769828481.9166555,4,-0.6322864890098572
1769828482.0431683,5,-0.6206660866737366
1769828489.560381,6,-0.8646395802497864
1769828498.7668238,7,-0.9038623571395874
1769829010.2925968,1,0.03598659113049507
1769829017.2354746,2,-0.1580251306295395
1769829041.0266597,3,-0.3544344902038574
1769829060.8175879,4,-0.8471596837043762
1769829319.3322787,1,0.03244705870747566
1769829326.3698747,2,-0.16967302560806274
1769829329.732897,3,-0.05557332932949066
1769829332.2876341,4,-0.050071392208337784
1769829338.0873654,5,-0.3338046371936798
1769829340.0392158,6,-0.6534101963043213
1769829346.990555,7,-0.9384254217147827
1769829359.278413,8,-1.2643197774887085
1769829359.4097211,9,-1.9092046022415161
1769829369.0776315,10,-1.2536243200302124
1769829388.0872207,11,-1.955129623413086
1769844656.6541793,1,0.08664966374635696
1769844663.7396715,2,-0.013510939665138721
1769844664.5852327,3,0.042051613330841064
1769844668.1952922,4,0.11120332032442093
1769844672.8894641,5,0.26418912410736084
1769844676.818137,6,0.5085909962654114
1769844678.6366525,7,0.6259199380874634
1769849468.8101764,1,0.08438141644001007
1769849475.8845992,2,-0.008558440022170544
1769849478.8643265,3,0.05601771920919418
1769849484.3291616,4,0.2048937827348709
1769849487.8818574,5,0.22562895715236664
1769849718.2177124,1,0.11180822551250458
1769849725.1840606,2,0.14214764535427094
1769849731.1013246,3,-0.2070850282907486
1769849734.7638223,4,-0.5948813557624817
1769849743.7721863,5,-0.21598708629608154
1769849829.2570407,6,-0.6667987108230591
1769849875.5025933,7,3.4783267974853516
1769849878.3953252,8,3.6540560722351074
1769849903.2889073,9,4.85022497177124
1769853109.142678,1,0.08406175673007965
1769853116.0656376,2,-0.02310113236308098
1769853139.003738,3,0.9778534173965454
1769853164.6422386,4,2.091994047164917
1769853169.3749983,5,2.2047197818756104
1769853200.90373,6,4.400267601013184
1769854292.484511,1,0.09960176050662994
1769864272.2411392,1,0.11494577676057816
1769864278.3382623,2,-0.004979053512215614
1769864309.0310016,3,3.0073494911193848
1769864310.9744482,4,3.2394447326660156
1769864324.046163,5,3.8821654319763184
1769867392.0751715,1,0.11065008491277695
1769867398.9405391,2,0.2891625761985779
1769867402.1467211,3,0.3660478889942169
1769867405.082381,4,0.4813322126865387
1769867408.0477486,5,0.47180137038230896
1769867410.613921,6,0.30369043350219727
1769867424.6827555,7,0.2620770037174225
1769867463.5221329,8,0.5850624442100525
1769867469.7464392,9,0.8741598129272461
1769867500.3641849,10,2.3224315643310547
1769867500.5022311,11,0.2191171795129776
1769946723.202045,1,0.093422070145607
1769946730.1191676,2,0.11878275871276855
1769946735.916102,3,-0.23237261176109314
1769946741.713448,4,-0.48508399724960327
1769946747.6682174,5,-0.3109716773033142
1769946747.7932966,6,-0.8787814974784851
1769946755.5491319,7,-0.01364044938236475
1769946784.897673,8,0.565328061580658
1769946789.0326543,9,0.5480005145072937
1769946790.8001072,10,0.41876620054244995
1769946830.3501813,11,1.862510085105896
1769946832.2922008,12,1.1006461381912231
1769946832.4144638,13,0.08763489872217178
1769946851.0363626,14,1.6351252794265747
1769946864.5932152,15,1.3881369829177856
1769946895.036253,16,1.2172166109085083
1769946939.3410707,17,1.3979976177215576
1769946958.3657494,18,1.845617413520813
1769947053.8663511,19,3.237065553665161
1769947359.2948468,20,2.4491946697235107
1769947380.5518236,21,5.478094577789307
1769947385.2562833,22,6.609902858734131
1769947385.8464363,23,4.708532333374023
1769947387.767917,24,6.396240711212158
1769947396.5603328,25,7.783689975738525
1769947412.1249804,26,9.25073528289795
1769947415.4896212,27,9.14213752746582
1769947423.214049,28,11.058391571044922
1769947423.459216,29,7.984177112579346
1769947453.570167,30,12.977065086364746
1769947485.1075535,31,15.4141206741333
1769947504.2745962,32,17.28904914855957
1769947510.894309,33,16.73535919189453
1769947514.834277,34,16.64097023010254
1769947648.1736917,35,25.675243377685547
1769947807.4657013,36,29.093252182006836
1769947840.1506133,37,33.916507720947266
1769947843.8003821,38,29.1953182220459
1769947860.0201306,39,35.61543655395508
1769947860.6847973,40,26.21908187866211
1769947862.8537748,41,28.38876724243164
1769947864.678036,42,31.787818908691406
1769947868.2137592,43,37.03693389892578
1769947907.8456616,44,37.777156829833984
1769947988.686236,45,40.63924789428711
1769947990.6952283,46,35.60575866699219
1769947996.8294842,47,40.899330139160156
1769948003.9804242,48,39.04586410522461
1769948052.2070694,49,71.8145523071289
1769948204.3618352,50,63.29164123535156
1769948208.6205664,51,45.71120071411133
1769948221.9799433,52,63.14047622680664
1769948229.959529,53,61.697235107421875
1769948280.3812263,54,63.945316314697266
1769948286.171301,55,62.941062927246094
1769948348.9499302,56,62.7470703125
1769948370.6686277,57,48.82892608642578
1769948376.2942753,58,43.06304168701172
1769948383.7775965,59,55.076637268066406
1769948391.8402467,60,57.587825775146484
1769948395.9688253,61,43.723289489746094
1769948407.3476708,62,55.900489807128906
1769948519.3513563,63,49.02965545654297
1769948527.475905,64,50.95366668701172
1769948534.1245627,65,51.21791458129883
1769948550.6804762,66,56.76028060913086
1769948552.3149657,67,44.74385070800781
1769948594.460889,68,59.42131423950195
1769948603.7154965,69,46.68999099731445
1769948613.9760258,70,58.531246185302734
1769948623.6112518,71,54.43072509765625
1769948648.9710217,72,61.39507293701172
1769948660.085977,73,52.69527816772461
1769948673.8474996,74,54.029083251953125
1769948676.515561,75,44.55632019042969
1769948679.5446367,76,48.15370178222656
1769948723.1112728,77,61.764896392822266
1769948729.3062835,78,56.81578063964844
1769948779.651769,79,61.64966583251953
1769948783.8168252,80,46.1359977722168
1769948811.8956923,81,61.9949836730957
1769948907.2322009,82,50.444461822509766
1769948919.9562528,83,52.372047424316406
1769948937.6553173,84,57.80960464477539
1769948945.1390254,85,54.58555221557617
1769948971.1048791,86,56.60555648803711
1769949017.5411062,87,62.88169860839844
1769949019.0165544,88,50.55476760864258
1769949024.5252604,89,55.27965545654297
1769949081.995677,90,62.478729248046875
1769949085.361471,91,55.214759826660156
1769949089.0246906,92,51.957435607910156
1769949094.426049,93,64.68550109863281
1769949095.6948078,94,47.46808624267578
1769949101.1473706,95,64.31262969970703
1769949105.8558493,96,64.234375
1769949121.9071975,97,60.228736877441406
1769949190.8707702,98,64.88874053955078
1769949403.3544555,99,61.39942169189453
1769949417.624581,100,64.88358306884766
1769949418.0550618,101,51.915470123291016
1769949434.7576318,102,65.18110656738281
1769949465.5844977,103,66.98844909667969
1769949478.2127528,104,62.59395980834961
1769949481.3629012,105,61.72187423706055
1769949484.1272342,106,60.21677780151367
1769949498.9773686,107,62.512638092041016
1769949547.4112794,108,67.18033599853516
1769949555.951654,109,66.92882537841797
1769949563.3002641,110,67.68120574951172
1769949578.6353462,111,64.82454681396484
1769949581.296106,112,60.92668533325195
1769949593.6346722,113,63.48902893066406
1769949600.9241416,114,64.65234375
1769949619.8120043,115,67.61125946044922
1769949650.5078244,116,62.81153869628906
1769949650.8887079,117,56.97844696044922
1769949663.9624867,118,64.51879119873047
1769949674.094171,119,62.47508239746094
1769949855.1839788,120,160.23153686523438
1769949861.41665,121,64.00633239746094
1769949912.1890857,122,139.69808959960938
1769950093.4353344,123,137.22547912597656
1769950188.4835296,124,63.63420867919922
1769950409.8820028,125,59.92527770996094
1769950466.7248116,126,64.48661804199219
1769950486.8997998,127,65.29589080810547
1769950505.093301,128,59.57373809814453
1769950505.2256672,129,38.40616989135742
1769950639.4312046,130,63.736053466796875
1769950764.699526,131,61.390525817871094
1769950768.903149,132,57.358970642089844
1769950838.833375,133,67.79472351074219
1769950862.8582494,134,68.214111328125
1769950866.2147784,135,64.23871612548828
1769950904.8045123,136,68.9749526977539
1769950909.987156,137,64.68966674804688
1769950929.4711914,138,67.9773941040039
1769950952.3925269,139,61.1668815612793
1769950989.662299,140,70.1536636352539
1769950997.3769913,141,68.23517608642578
1769950997.5022001,142,48.14901351928711
1769951005.5294237,143,70.11885833740234
1769951020.7475233,144,68.58409881591797
1769951060.847018,145,69.21792602539062
1769951304.97053,146,66.87171936035156
1769951349.211806,147,68.89000701904297
1769951353.361346,148,68.02816009521484
1769951361.4359841,149,63.407127380371094
1769951373.5053806,150,68.23871612548828
1769951382.9427106,151,71.49888610839844
1769951406.1753561,152,72.45588684082031
1769951410.140903,153,70.78540802001953
1769951422.7076426,154,70.97044372558594
1769951423.9505894,155,56.271522521972656
1769951465.7619681,156,71.68903350830078
1769951473.6800873,157,70.31680297851562
1769951533.7155747,158,72.68914794921875
1769951542.7010636,159,73.00699615478516
1769951579.7105887,160,73.08709716796875
1769951611.1964827,161,73.9399185180664
1769951670.634738,162,73.74967193603516
1769951705.3931372,163,73.86450958251953
1769951707.7516582,164,62.332889556884766
1769951717.3467536,165,72.0894546508789
1769951717.473079,166,52.40399169921875
1769951722.4430082,167,72.60467529296875
1769951752.3907504,168,70.97805786132812
1769951773.0377192,169,73.0452880859375
1769951774.6093104,170,60.200870513916016
1769951812.2841406,171,72.0722885131836
1769951842.321753,172,70.94409942626953
1769951906.491179,173,73.03028869628906
1769952028.978658,174,72.47116088867188
1769952038.882469,175,68.04962921142578
1769952087.484386,176,72.69498443603516
1769952142.586117,177,72.0635986328125
1769952142.7498903,178,32.82989501953125
1769952192.3966959,179,71.25300598144531
1769952203.5133483,180,67.1131820678711
1769952203.879963,181,54.62093734741211
1769952208.6803372,182,64.6103286743164
1769952292.9771626,183,71.14442443847656
1769952398.3810654,184,73.7347640991211
1769952452.4026825,185,73.55136108398438
1769952473.2276764,186,73.51441955566406
1769952474.8890514,187,62.47459411621094
1769952492.7648702,188,72.92826080322266
1769952525.1020956,189,69.86857604980469
1769952534.6708019,190,68.55534362792969
1769952538.5801532,191,68.73141479492188
1769952548.5096157,192,74.01040649414062
1769952556.6474552,193,67.6159896850586
1769952642.6406932,194,73.87684631347656
1769952644.4237955,195,74.93412780761719
1769952739.8354998,196,74.22554016113281
1769952818.5598097,197,74.87020874023438
1769952829.356607,198,74.89423370361328
1769952863.0848045,199,74.11919403076172
1769952865.5505054,200,64.60050964355469
1769952865.672955,201,53.10853958129883
1769952877.0051475,202,76.20670318603516
1769952930.2525537,203,75.57744598388672
1769952964.6544926,204,78.0077896118164
1769952982.6101909,205,74.94633483886719
1769952998.9124467,206,75.28939056396484
1769953011.5950968,207,78.11943054199219
1769953035.1137273,208,75.22486114501953
1769953115.011574,209,59.17698669433594
1769953139.520466,210,74.94096374511719
1769953155.3877785,211,76.64141845703125
1769953200.0901153,212,78.5301284790039
1769953220.8249538,213,77.86773681640625
1769953227.1707993,214,65.52851104736328
1769953247.243442,215,76.15113067626953
1769953248.4964237,216,61.09720230102539
1769953292.1648548,217,75.50724792480469
1769953435.8696542,218,76.29013061523438
1769953544.6795058,219,75.56785583496094
1769953617.698042,220,76.6417465209961
1769953618.4097538,221,64.78754425048828
1769953635.0148458,222,75.87811279296875
1769953654.4985425,223,75.61931610107422
1769953666.5206454,224,72.92208099365234
1769953692.7320266,225,72.50738525390625
1769953713.3191996,226,76.23633575439453
1769953720.684216,227,66.05879211425781
1769953737.5605397,228,77.1773910522461
1769953774.236496,229,75.49999237060547
1769953790.9241424,230,70.1751480102539
1769953943.947483,231,78.93559265136719
1769953987.9368234,232,78.0896224975586
1769954012.7944307,233,77.16139221191406
1769954021.4777408,234,76.83552551269531
1769954054.0527632,235,78.04531860351562
1769954058.7220733,236,68.60128021240234
1769954064.2333796,237,76.62938690185547
1769954147.5369234,238,82.83760833740234
1769954200.970558,239,80.71173858642578
1769954201.2512152,240,64.30318450927734
1769954228.3640296,241,81.25819396972656
1769954298.251508,242,78.33747100830078
1769954304.5430903,243,80.99882507324219
1769954340.3609085,244,80.00761413574219
1769954341.8550353,245,71.064697265625
1769954383.4727292,246,83.90496063232422
1769954481.538,247,84.38713836669922
1769954505.777726,248,84.01078033447266
1769954508.761106,249,71.15564727783203
1769954529.8820922,250,82.62760162353516
1769954550.1786585,251,78.98271179199219
1769954557.019913,252,76.04632568359375
1769954572.6560915,253,74.46501922607422
1769954710.1585922,254,79.47132110595703
1769954719.2987866,255,75.09261322021484
1769954720.1249497,256,66.16482543945312
1769954727.162505,257,78.36700439453125
1769954732.549542,258,81.57525634765625
1769954738.9529762,259,75.29317474365234
1769954773.9502847,260,78.6956787109375
1769954781.505999,261,77.2485580444336
1769954796.9108915,262,83.17449951171875
1769954843.783782,263,80.7150650024414
1769954851.6149318,264,75.34054565429688
1769954859.242508,265,74.4652099609375
1769954869.671078,266,80.69306182861328
1769954880.2266262,267,76.1844253540039
1769954899.941729,268,80.66790008544922
1769954919.0146291,269,80.63726806640625
1769954928.0787916,270,74.90744018554688
1769954941.0354733,271,81.003662109375
1769954941.1673694,272,38.24565124511719
1769954943.9966078,273,72.89985656738281
1769954954.4714508,274,81.38536071777344
1769955036.4189909,275,80.01995849609375
1769955134.4125683,276,75.85763549804688
1769955137.0379467,277,74.26478576660156
1769955166.1215458,278,79.81344604492188
1769955186.8402216,279,81.77342987060547
1769955189.670243,280,75.20479583740234
1769955204.6471033,281,75.7267074584961
1769955228.492661,282,76.46499633789062
1769955270.3509724,283,80.76448822021484
1769955279.0253575,284,80.3107681274414
1769955279.2143476,285,53.12508773803711
1769955367.8086164,286,80.3841323852539
1769955458.4180226,287,81.65870666503906
1769955486.429316,288,75.21434783935547
1769955502.5939364,289,79.22320556640625
1769955532.7525926,290,80.34606170654297
1769955541.191807,291,73.86784362792969
1769955550.5384603,292,77.51541900634766
1769955617.1360302,293,82.37516784667969
1769955651.5081344,294,84.0869140625
1769955707.343062,295,81.29376983642578
1769955752.4500833,296,85.21390533447266
1769955850.4427643,297,84.47381591796875
1769955864.8712888,298,86.45877838134766
1769955872.488724,299,88.33275604248047
1769955875.136142,300,86.94146728515625
1769955954.9205365,301,88.08411407470703
1769955959.194693,302,79.64385986328125
1769955966.6721432,303,83.86229705810547
1769956004.9232862,304,88.38754272460938
1769956007.5380156,305,77.27951049804688
1769956038.0346117,306,89.37010955810547
1769956091.6676614,307,88.47036743164062
1769956172.7439382,308,87.65156555175781
1769956197.8062901,309,87.11995697021484
1769956231.6297767,310,87.01898956298828
1769956238.440247,311,82.29039764404297
1769956250.3478305,312,88.03524780273438
1769956282.3213277,313,87.97908020019531
1769956284.644979,314,85.8981704711914
1769956287.5847874,315,85.31187438964844
1769956300.3571773,316,91.75892639160156
1769956309.6751475,317,84.83489227294922
1769956321.2796354,318,86.33233642578125
1769956321.4114573,319,55.602256774902344
1769956327.6091955,320,85.2520523071289
1769956338.1699476,321,87.5301513671875
1769956352.9560218,322,87.54173278808594
1769956362.2037625,323,90.26184844970703
1769956375.9531379,324,87.80805969238281
1769956404.9293642,325,92.23643493652344
1769956415.8231528,326,88.18941497802734
1769956437.1860802,327,86.61164855957031
1769956479.4862368,328,91.98967742919922
1769956580.3921454,329,85.44725799560547
1769956601.0532408,330,88.5664291381836
1769956664.628267,331,93.53021240234375
1769956749.3890498,332,95.10880279541016
1769956749.5961525,333,71.22089385986328
1769956758.8913305,334,85.77180480957031
1769956760.2032223,335,84.3460693359375
1769956773.784921,336,88.28257751464844
1769956777.989255,337,85.53263854980469
1769956795.455292,338,92.93883514404297
1769956803.258037,339,90.3238296508789
1769956821.428658,340,91.42999267578125
1769956824.2197223,341,86.47705078125
1769956838.3830276,342,94.749755859375
1769956883.481027,343,91.14783477783203
1769956966.1604939,344,88.28797149658203
1769956976.3312442,345,88.72615814208984
1769957042.038608,346,95.01226806640625
1769957059.1708286,347,95.3436050415039
1769957099.9622724,348,95.31744384765625
1769957105.0120869,349,88.22526550292969
1769957105.1366227,350,58.698673248291016
1769957121.9247615,351,90.96492767333984
1769957138.4933035,352,93.54057312011719
1769957143.0558856,353,90.34008026123047
1769957144.990491,354,88.4319076538086
1769957167.1948338,355,92.32003784179688
1769957168.2211857,356,85.3331298828125
1769957168.3462415,357,65.66461181640625
1769957175.778415,358,94.9330062866211
1769957187.2999065,359,97.2658920288086
1769957222.0410404,360,95.27803802490234
1769957335.5283446,361,97.01416015625
1769957355.5898736,362,97.37572479248047
1769957372.4930844,363,96.33515930175781
1769957407.1817641,364,99.93510437011719
1769957448.4840596,365,98.17560577392578
1769957454.0119,366,92.54358673095703
1769957496.9383545,367,95.65528106689453
1769957500.255606,368,93.40420532226562
1769957529.6621046,369,96.66150665283203
1769957564.742949,370,98.39324188232422
1769957564.8988464,371,74.34444427490234
1769957578.6392822,372,99.94274139404297
1769957686.6226497,373,97.4770278930664
1769957712.2929258,374,101.45511627197266
1769957782.1136,375,102.1757583618164
1769957798.2415118,376,102.61650085449219
1769957811.365629,377,101.3077392578125
1769957821.6783078,378,98.68617248535156
1769957825.5320678,379,97.74557495117188
1769957874.076948,380,100.97327423095703
1769957878.4766922,381,94.83883666992188
1769957886.3551116,382,98.50191497802734
1769957917.8879786,383,101.2162857055664
1769957923.192389,384,95.31970977783203
1769957930.2754927,385,104.41966247558594
1769957974.291097,386,103.50731658935547
1769958059.4172513,387,97.7271957397461
1769958063.8387537,388,98.62489318847656
1769958075.8157613,389,100.0030746459961
1769958109.8517609,390,105.7918701171875
1769958119.2398746,391,101.51004028320312
1769958125.0917747,392,101.43333435058594
1769958155.4527159,393,102.91991424560547
1769958200.6548486,394,104.77001953125
1769958216.1896584,395,107.34806060791016
1769958239.9863214,396,101.85067749023438
1769958240.8962185,397,91.8448486328125
1769958256.1952617,398,101.89523315429688
1769958256.4491515,399,93.37474822998047
1769958326.9234407,400,107.43136596679688
1769958336.5572631,401,107.2120590209961
1769958415.8489773,402,98.21900177001953
1769958426.3183646,403,108.20781707763672
1769958497.4482224,404,108.8167953491211
1769958507.8371177,405,104.06697845458984
1769958516.5689702,406,109.59319305419922
1769958587.8894734,407,110.2479019165039
1769958599.6663647,408,107.46284484863281
1769958602.631252,409,106.06385040283203
1769958607.7124648,410,102.18741607666016
1769958625.5021336,411,110.85296630859375
1769958631.9838266,412,109.36753845214844
1769958669.8811445,413,107.3885726928711
1769958675.3318956,414,106.43818664550781
1769958727.2499154,415,108.159912109375
1769958836.0585763,416,110.7175064086914
1769958848.1369984,417,108.2991943359375
1769958860.6008735,418,104.61662292480469
1769958867.3852758,419,110.67740631103516
1769958888.6902494,420,110.20297241210938
1769958894.669207,421,108.01109313964844
1769958903.9983604,422,107.41852569580078
1769958914.3040304,423,112.39128875732422
1769958919.52946,424,106.48438262939453
1769958933.3697565,425,109.56707000732422
1769958936.163488,426,101.33595275878906
1769958982.5964417,427,115.23348236083984
1769959020.3306215,428,111.86451721191406
1769959061.7030282,429,113.35441589355469
1769959077.994296,430,112.08879089355469
1769959088.5830739,431,109.53438568115234
1769959099.0832455,432,113.04341888427734
1769959115.7313166,433,110.49262237548828
1769959195.1562326,434,111.0858383178711
1769959206.6090705,435,108.18126678466797
1769959209.4756331,436,106.88050079345703
1769959242.4353552,437,115.63013458251953
1769959275.0860372,438,112.96521759033203
1769959283.9380221,439,107.73389434814453
1769959340.0390487,440,116.00625610351562
1769959365.6509001,441,116.75715637207031
1769959367.70748,442,108.707763671875
1769959372.1552305,443,106.35145568847656
1769959455.6829033,444,115.9233627319336
1769959464.317625,445,112.74844360351562
1769959464.4473996,446,85.34117126464844
1769959467.5459347,447,109.01882934570312
1769959477.0400493,448,109.60980987548828
1769959486.6213222,449,116.26200866699219
1769959630.3488684,450,112.09040069580078
1769959656.825099,451,116.28073120117188
1769959702.0034578,452,115.96920013427734
1769959724.0451999,453,114.13976287841797
1769959742.9453344,454,112.79237365722656
1769959771.2783504,455,113.84616088867188
1769959794.686867,456,114.75043487548828
1769959849.2796016,457,118.62458038330078
1769959887.906806,458,117.0666732788086
1769959919.3075535,459,117.83769226074219
1769960037.9541903,460,118.1340103149414
1769960040.8236933,461,109.94078063964844
1769960048.8057294,462,116.0721664428711
1769960060.4976351,463,117.72476959228516
1769960095.929747,464,117.58557891845703
1769960121.2032096,465,118.95756530761719
1769960132.961965,466,118.11418151855469
1769960154.2330134,467,118.38299560546875
1769960157.1539757,468,114.46070861816406
1769960162.188237,469,114.88224792480469
1769960191.1553605,470,120.04261779785156
1769960222.4343426,471,117.36564636230469
1769960261.230335,472,120.0658950805664
1769960262.4863508,473,114.09789276123047
1769960284.4022481,474,119.75623321533203
1769960297.4417346,475,116.63632202148438
1769960304.2527058,476,114.63983154296875
1769960310.8935509,477,116.39664459228516
1769960363.1591697,478,109.11650085449219
1769960370.5680385,479,113.9371566772461
1769960414.5284958,480,118.73741912841797
1769960422.8656642,481,114.48095703125
1769960433.8074653,482,120.90869903564453
1769960478.6417768,483,120.38005828857422
1769960494.323974,484,118.56771087646484
1769960517.6389077,485,119.88166809082031
1769960517.7802398,486,96.74871063232422
1769960517.9023592,487,97.800048828125
1769960540.6686711,488,119.0969467163086
1769960578.5155642,489,118.111328125
1769960598.870477,490,119.49108123779297
1769960623.2062538,491,119.90779113769531
1769960634.9580884,492,118.67766571044922
1769960643.2503176,493,116.67823791503906
1769960654.7421978,494,119.1257095336914
1769960666.3568177,495,120.55235290527344
1769960909.1402524,496,119.20832824707031
1769960919.0286143,497,116.60798645019531
1769960919.24834,498,100.88724517822266
1769960969.5965745,499,119.19537353515625
1769961003.4003556,500,118.9581069946289
1769961013.8210478,501,118.34844207763672
1769961017.5530257,502,117.41563415527344
1769964383.0927408,1,0.05989781394600868
1769964388.7684,2,-0.029029028490185738
1769964391.68942,3,-0.01742732897400856
1769964394.7999554,4,0.20236416161060333
1769964397.9941692,5,0.2215782105922699
1769964400.609744,6,0.2833819091320038
1769964406.9921827,7,0.40616780519485474
1769964418.9507809,8,0.2787972390651703
1769964423.4679008,9,0.25625699758529663
1769964474.92479,1,0.11629940569400787
1769964477.9657176,2,0.004478836432099342
1769964480.898437,3,-0.08743562549352646
1769964509.8821995,1,0.07020418345928192
1769964516.9332633,2,-0.5196425318717957
1769964523.001311,3,-0.7697128057479858
1769964523.94937,4,-0.8848870396614075
1769964524.0707436,5,-1.6699868440628052
1769964526.926057,6,-0.9792197346687317
1769964529.8217967,7,-0.7460705041885376
1769964533.4497948,8,-1.0096309185028076
1769964550.9273434,9,0.16481027007102966
1769964560.6700351,10,1.0634065866470337
1769964568.2296627,11,1.8990978002548218
1769964575.4167032,12,2.672161340713501
1769964609.3529809,1,0.11346688121557236
1769964616.0181856,2,0.14597022533416748
1769964619.0821257,3,-0.20265989005565643
1769964621.5938618,4,-0.288752943277359
1769964625.0529733,5,-0.5050859451293945
1769964628.8115823,6,-0.4581059217453003
1769964632.2490654,7,-0.3100413978099823
1769964635.2538908,8,-0.3774949610233307
1769964644.285796,9,-0.6642244458198547
1769964648.2189484,10,-0.7806557416915894
1769964651.408462,11,-0.6993427276611328
1769964651.8096437,12,-0.9166257381439209
1769964659.7914395,13,-0.5636789202690125
1769964662.7646751,14,-0.39391130208969116
1769964662.8820887,15,-0.9234482049942017
1769964671.2327626,16,-0.34008175134658813
1769964676.9723222,17,-0.0015938878059387207
1769964686.2423446,18,0.20762720704078674
1769964697.9979558,19,0.6421689391136169
1769964701.8122172,20,0.7984486818313599
1769964708.6607852,21,0.9330124258995056
1769964712.3136733,22,0.5938826203346252
1769964726.617027,23,1.869663953781128
1769964743.2847595,24,2.433377981185913
1769964764.694583,25,4.812531471252441
1769964777.1562805,26,7.364937782287598
1769964777.2772965,27,3.30922269821167
1769964777.3925588,28,3.1215193271636963
1769964782.2525175,29,7.549801349639893
1769964827.8154647,30,9.046801567077637
1769964850.2144282,31,10.480558395385742
1769964865.1350117,32,10.716840744018555
1769964876.9205322,33,11.882918357849121
1769964882.991829,34,12.188318252563477
1769964883.9034793,35,11.959759712219238
1769964884.0219686,36,5.352175712585449
1769964889.8106806,37,12.482259750366211
1769965008.2008433,38,12.847354888916016
1769965008.4363344,39,7.5015459060668945
1769965011.4450061,40,12.916694641113281
1769965035.7950723,41,13.647478103637695
1769965049.039399,42,14.473287582397461
1769965051.9024734,43,14.741426467895508
1769965056.1705816,44,14.169060707092285
1769965077.4675903,45,16.099231719970703
1769965093.7185845,46,16.363868713378906
1769965095.7996116,47,16.417814254760742
1769965101.6061733,48,16.480985641479492
1769965105.364274,49,17.738113403320312
1769965115.144219,50,18.21470832824707
1769965118.0856118,51,17.959877014160156
1769965121.0117936,52,17.116273880004883
1769965128.5664701,53,17.843929290771484
1769965152.7961762,54,19.243040084838867
1769965166.0932746,55,19.55559730529785
1769965174.3613286,56,19.764379501342773
1769965174.5207827,57,10.560952186584473
1769965183.5570211,58,20.8026180267334
1769965194.255755,59,21.05215835571289
1769965197.785329,60,21.16071128845215
1769965198.244275,61,19.086692810058594
1769965198.9803467,62,20.624528884887695
1769965209.5391514,63,21.751707077026367
1769965226.772164,64,21.81853485107422
1769965230.3477035,65,21.65043830871582
1769965233.5660675,66,21.189802169799805
1769965234.9236093,67,20.880207061767578
1769965242.9463627,68,22.222673416137695
1769965251.9682915,69,22.202899932861328
1769965264.6534472,70,22.110288619995117
1769965271.2297416,71,21.441530227661133
1769965274.1721544,72,21.261507034301758
1769965304.9178057,73,22.718215942382812
1769965373.3283653,74,24.138675689697266
1769965380.0564208,75,23.880638122558594
1769965384.9170947,76,23.616121292114258
1769965395.0021882,77,24.43876838684082
1769965397.8431134,78,23.8427791595459
1769965407.8769324,79,32.22209548950195
1769965410.811983,80,30.119815826416016
1769965417.9607124,81,35.835853576660156
1769965430.270065,82,32.263023376464844
1769965432.3693445,83,35.67898941040039
1769965441.7201283,84,31.336030960083008
1769965447.3707044,85,31.758771896362305
1769965463.4958277,86,31.822267532348633
1769965467.0461385,87,31.012361526489258
1769965474.12992,88,36.25257110595703
1769965477.1055708,89,33.44668197631836
1769965496.6876934,90,37.18879318237305
1769965497.4431555,91,28.877016067504883
1769965505.3210897,92,31.822996139526367
1769965516.9431355,93,35.5212516784668
1769965552.0572293,94,39.730831146240234
1769965574.4537866,95,37.31159973144531
1769965578.3526287,96,33.27796936035156
1769965592.3102403,97,36.383033752441406
1769965598.0124862,98,41.39419937133789
1769965605.5208724,99,37.59856414794922
1769965727.1545153,100,41.253173828125
1769965745.8350513,101,38.705162048339844
1769965748.7855585,102,33.69240951538086
1769965753.189835,103,40.64310836791992
1769965759.6798053,104,37.40315628051758
1769965762.84304,105,37.540733337402344
1769965772.896169,106,38.767513275146484
1769965785.8045256,107,37.35284423828125
1769965785.9312015,108,18.057754516601562
1769965792.4512367,109,37.255069732666016
1769965809.646235,110,40.68806076049805
1769965809.7742972,111,24.432891845703125
1769965818.5653846,112,42.05464172363281
1769965826.329205,113,42.65565490722656
1769965837.1500344,114,40.31571960449219
1769965861.597684,115,40.78538513183594
1769965885.6624954,116,43.843021392822266
1769965903.707756,117,41.01093292236328
1769965903.8351595,118,16.390933990478516
1769965907.486974,119,42.39283752441406
1769965916.2506776,120,43.7587890625
1769965917.732415,121,39.479984283447266
1769965923.0982196,122,38.15573501586914
1769965929.459319,123,42.701393127441406
1769965935.9667156,124,43.1536750793457
1769965948.6922448,125,44.62773513793945
1769965957.729845,126,43.70769119262695
1769965968.560773,127,43.181678771972656
1769965975.500182,128,40.57697677612305
1769965978.8932307,129,44.30607604980469
1769965989.1065924,130,45.19115447998047
1769965992.0749457,131,43.497230529785156
1769966007.3327203,132,46.370845794677734
1769966108.6656897,133,44.44861602783203
1769966124.0876153,134,46.9041748046875
1769966124.2146258,135,23.229036331176758
1769966141.7111313,136,45.980533599853516
1769966146.6099923,137,43.89543533325195
1769966152.2224371,138,40.00568771362305
1769966158.480705,139,46.48155975341797
1769966169.2061286,140,47.072113037109375
1769966175.7627814,141,42.353599548339844
1769966180.8687928,142,44.7423095703125
1769966192.1749923,143,47.56831741333008
1769966195.7900302,144,48.03431701660156
1769966202.1032603,145,43.716739654541016
1769966207.8673987,146,49.61764907836914
1769966207.9880996,147,27.853782653808594
1769966222.025466,148,47.45761489868164
1769966258.089875,149,49.1844596862793
1769966271.2271392,150,48.195377349853516
1769966274.8558908,151,51.418460845947266
1769966275.2564194,152,43.05845642089844
1769966281.9006221,153,46.69529342651367
1769966287.1985044,154,53.112770080566406
1769966287.3193114,155,20.24614715576172
1769966295.0205612,156,51.96787643432617
1769966297.9735086,157,46.275733947753906
1769966303.4977846,158,45.7358283996582
1769966309.003922,159,50.58677673339844
1769966314.5005665,160,51.66062545776367
1769966337.5823097,161,51.3284797668457
1769966348.53924,162,52.94612121582031
1769966351.6250455,163,51.442378997802734
1769966355.200724,164,46.26151657104492
1769966355.3181777,165,38.972129821777344
1769966360.3499572,166,53.53919219970703
1769966371.831749,167,50.98846435546875
1769966374.1595936,168,53.66094970703125
1769966384.219204,169,54.227294921875
1769966405.374951,170,55.75880432128906
1769966431.708659,171,57.723060607910156
1769966449.5964625,172,55.87088394165039
1769966452.6094017,173,56.6011962890625
1769966460.0771322,174,62.363128662109375
1769966464.154806,175,50.02568435668945
1769966468.7415926,176,56.442378997802734
1769966472.7346606,177,61.41230773925781
1769966472.8541768,178,28.264217376708984
1769966472.971519,179,37.92494583129883
1769966474.0475914,180,49.241905212402344
1769966475.7223513,181,46.909847259521484
1769966482.541653,182,54.06965255737305
1769966485.4850688,183,50.90542984008789
1769966504.1675713,184,59.32852554321289
1769966509.8440404,185,60.011619567871094
1769966512.3928688,186,59.35504913330078
1769966513.3018837,187,60.1668586730957
1769966517.2483282,188,60.27351379394531
1769966520.396595,189,50.40555191040039
1769966523.3346047,190,54.494144439697266
1769966529.5817492,191,56.138458251953125
1769966536.909987,192,59.6976318359375
1769966539.8680887,193,52.78379821777344
1769966544.1597602,194,52.07865905761719
1769966554.1568296,195,57.19770431518555
1769966561.117435,196,54.127159118652344
1769966576.4220831,197,60.84854507446289
1769966603.3415554,198,62.568443298339844
1769966604.383597,199,53.11543655395508
1769966604.540523,200,41.2159538269043
1769966633.9880266,201,72.98824310302734
1769966646.444674,202,73.87638854980469
1769966653.2548678,203,74.52503967285156
1769966662.1022549,204,69.93743896484375
1769966673.5681148,205,60.92441940307617
1769966676.4594321,206,56.29262161254883
1769966692.9342198,207,71.3797378540039
1769966693.9623685,208,51.533714294433594
1769966697.1849513,209,59.32875061035156
1769966741.9708273,210,57.64455032348633
1769966760.4298847,211,61.81193923950195
1769966766.2340767,212,63.78502655029297
1769966773.4678612,213,71.76026153564453
1769966788.5963817,214,66.03097534179688
1769966795.0027175,215,60.55600357055664
1769966800.9101868,216,63.1566047668457
1769966803.8669062,217,59.899322509765625
1769966809.102973,218,65.75657653808594
1769966823.4811313,219,68.8761215209961
1769966843.9466045,220,63.03255844116211
1769966869.7063265,221,71.43521881103516
1769966881.5977483,222,70.97566986083984
1769966898.61117,223,71.82965850830078
1769966907.067877,224,62.08200454711914
1769966908.2039003,225,53.717681884765625
1769966911.2900383,226,52.096107482910156
1769966916.0229914,227,63.46004867553711
1769966916.5977476,228,46.17643737792969
1769966917.7872593,229,57.00548553466797
1769966922.4053743,230,55.824851989746094
1769966925.3760304,231,53.43178939819336
1769966928.5565064,232,56.32619094848633
1769966946.077386,233,64.76822662353516
1769966947.9029171,234,69.48577117919922
1769966968.386784,235,71.49612426757812
1769966972.166083,236,53.2287712097168
1769966977.9056315,237,60.14870071411133
1769966987.7975495,238,71.67829132080078
1769966991.7976484,239,52.84407043457031
1769966991.917763,240,28.7926025390625
1769966997.265523,241,52.71735763549805
1769967007.311553,242,58.948890686035156
1769967016.199064,243,70.92475891113281
1769967016.8338127,244,53.89384841918945
1769967017.2359738,245,56.8314323425293
1769967050.289031,246,65.2080307006836
1769967127.180305,247,49.827919006347656
1769967141.2774365,248,55.30369567871094
1769967153.525813,249,67.8370132446289
1769967153.650151,250,44.459293365478516
1769967160.874281,251,66.56231689453125
1769967164.6624932,252,50.25117111206055
1769967167.636209,253,52.15609359741211
1769967172.3650384,254,54.86640548706055
1769967184.9717736,255,69.30154418945312
1769967190.20574,256,66.2647476196289
1769967197.1572165,257,68.80730438232422
1769967202.0000863,258,50.71772766113281
1769967207.243631,259,63.99254608154297
1769967210.6348586,260,57.252960205078125
1769967215.8382254,261,55.91584014892578
1769967238.019881,262,69.23396301269531
1769967253.8215394,263,65.83206176757812
1769967257.5675423,264,53.5539436340332
1769967282.16168,265,67.21739196777344
1769967292.322662,266,54.80675506591797
1769967299.5272658,267,65.50052642822266
1769967303.7475069,268,49.50844955444336
1769967323.6193783,269,65.24535369873047
1769967326.6217823,270,56.74164581298828
1769967329.9464622,271,49.63454818725586
1769967334.9986079,272,50.937747955322266
1769967341.4681346,273,65.86786651611328
1769967350.140775,274,65.7972183227539
1769967353.3772182,275,49.87470245361328
1769967380.2719762,276,61.10709762573242
1769967487.819474,277,62.02175521850586
1769967490.8094866,278,61.62605285644531
1769967496.4044948,279,61.72031021118164
1769967499.354106,280,60.42333221435547
1769967507.0699978,281,58.33075714111328
1769967510.0612323,282,59.10844802856445
1769967514.472998,283,64.12352752685547
1769967523.5413675,284,61.58107376098633
1769967526.5192506,285,54.639522552490234
1769967534.4098237,286,54.87543869018555
1769967541.1482878,287,57.221561431884766
1769967549.8033652,288,56.772003173828125
1769967564.4550042,289,61.14657974243164
1769967572.2097554,290,60.8819580078125
1769967596.7390606,291,61.728515625
1769967626.7055295,292,61.00529098510742
1769967629.6680806,293,54.14271926879883
1769967632.6746767,294,54.64962387084961
1769967637.538707,295,64.720703125
1769967638.401502,296,41.5240592956543
1769967642.665195,297,64.9784164428711
1769967664.6421292,298,137.97872924804688
1769967676.6782563,299,132.7036895751953
1769967680.8617017,300,54.41987609863281
1769967682.785567,301,64.0370101928711
1769967689.9763918,302,123.172119140625
1769967696.8071172,303,131.92874145507812
1769967711.4097984,304,136.98239135742188
1769967725.2292533,305,62.836978912353516
1769967730.9982495,306,54.8847541809082
1769967732.0261548,307,46.748016357421875
1769967735.346273,308,82.88246154785156
1769967748.5917056,309,92.2104263305664
1769967755.3918233,310,54.504905700683594
1769967763.4997258,311,55.804508209228516
1769967812.6388516,312,62.44045639038086
1769967819.7109594,313,90.97293853759766
1769967826.7276406,314,51.98602294921875
1769967851.7500246,315,60.78246307373047
1769967857.3138406,316,54.927371978759766
1769967863.4992764,317,54.86932373046875
1769967868.5178118,318,69.27244567871094
1769967882.0156684,319,77.26372528076172
1769967895.9931824,320,55.098114013671875
1769967927.5656948,321,58.12712478637695
1769967934.2630455,322,46.977317810058594
1769967935.0014386,323,52.442108154296875
1769967938.5153265,324,54.13369369506836
1769967959.263191,325,53.09649658203125
1769967973.8322887,326,54.394195556640625
1769967978.234398,327,51.83565139770508
1769967981.0541844,328,51.84858703613281
1769967986.167897,329,51.778743743896484
1769967989.9907868,330,51.09067153930664
1769967997.3797328,331,52.79108428955078
1769968013.1944535,332,52.20911407470703
1769968019.9745128,333,49.181640625
1769968024.811185,334,50.966529846191406
1769968032.2712722,335,52.11756896972656
1769968035.438095,336,48.06843185424805
1769968044.18214,337,61.36211395263672
1769968060.6590996,338,59.273433685302734
1769968070.9994957,339,53.03343200683594
1769968092.2813923,340,52.132877349853516
1769968237.0500996,341,45.037227630615234
1769968240.9579966,342,51.66767501831055
1769968244.572362,343,48.247764587402344
1769968251.9280653,344,51.00847625732422
1769968261.8538358,345,50.04872131347656
1769968278.7580454,346,50.66416931152344
1769968283.911867,347,50.3100471496582
1769968286.8990526,348,50.48443603515625
1769968298.7913404,349,55.33747863769531
1769968310.6401916,350,51.365447998046875
1769968313.8107224,351,47.14564514160156
1769968328.9568298,352,54.98003387451172
1769968337.3857262,353,48.25599670410156
1769968367.0646827,354,52.9272575378418
1769968374.5392814,355,50.1226806640625
1769968380.986946,356,49.44673538208008
1769968392.7550752,357,52.62213897705078
1769968395.6999927,358,50.111454010009766
1769968421.8764157,359,57.94886779785156
1769968438.476908,360,49.24610900878906
1769968452.3008986,361,48.61506271362305
1769968453.848332,362,58.082706451416016
1769968459.1817846,363,50.020931243896484
1769968467.1620579,364,47.468116760253906
1769968481.0545743,365,53.54741287231445
1769968484.2378464,366,50.29224395751953
1769968491.7740629,367,58.47761535644531
1769968494.951637,368,49.957908630371094
1769968497.94993,369,46.383331298828125
1769968498.0709317,370,39.86656951904297
1769968499.2599351,371,43.519142150878906
1769968511.5588162,372,51.88249969482422
1769968528.654643,373,53.97353744506836
1769968621.945179,374,50.17593765258789
1769968628.1031783,375,49.52462387084961
1769968636.6624131,376,52.231258392333984
1769968640.2182915,377,48.45653533935547
1769968643.163939,378,45.507450103759766
1769968644.5836189,379,44.58633041381836
1769968648.6968424,380,49.295616149902344
1769968648.8168006,381,29.102060317993164
1769968654.0816143,382,50.53630828857422
1769968657.0295832,383,47.39851760864258
1769968669.31625,384,51.24540710449219
1769968687.7941246,385,52.89985656738281
1769968687.923517,386,26.67140007019043
1769968690.8728428,387,49.53968048095703
1769968700.7143757,388,51.97993087768555
1769968711.1012824,389,52.433349609375
1769968712.9192142,390,51.96982955932617
1769968716.7660987,391,46.56166458129883
1769968719.8653657,392,48.978824615478516
1769968729.1119864,393,55.00295639038086
1769968745.0425298,394,50.468910217285156
1769968747.9943218,395,53.58658981323242
1769968753.4061134,396,54.614707946777344
1769968768.2121751,397,55.31207275390625
1769968771.2300982,398,52.017269134521484
1769968787.4096708,399,53.95688247680664
1769968790.364201,400,49.683868408203125
1769968790.6320007,401,30.850313186645508
1769968796.3036954,402,51.8913459777832
1769968830.4079337,403,56.1268196105957
1769968837.2149117,404,52.63652420043945
1769968837.5033708,405,37.319862365722656
1769968857.9229643,406,59.2034912109375
1769968864.9571419,407,57.408023834228516
1769968884.6983657,408,58.1160888671875
1769968889.6040182,409,53.50566482543945
1769968986.9422264,410,57.00067901611328
1769968994.1779864,411,57.16682434082031
1769969001.4217165,412,53.19911193847656
1769969014.6137223,413,54.85462188720703
1769969062.0271845,414,56.699615478515625
1769969066.1892457,415,55.475257873535156
1769969070.5902138,416,55.58517074584961
1769969079.6215985,417,54.228111267089844
1769969085.4380171,418,58.166534423828125
1769969113.2930882,419,56.57280349731445
1769969141.3522718,420,56.037681579589844
1769969147.641797,421,57.82512283325195
1769969151.436233,422,58.62488555908203
1769969157.0987244,423,57.6116943359375
1769969159.2937322,424,54.64555740356445
1769969163.4826624,425,57.585018157958984
1769969164.6085222,426,57.666229248046875
1769969164.7265732,427,41.35430908203125
1769969169.5904763,428,51.46665954589844
1769969172.5383573,429,56.089210510253906
1769969177.3268147,430,58.73207473754883
1769969181.8684726,431,57.25123596191406
1769969182.3796089,432,60.71605682373047
1769969190.447253,433,59.65385818481445
1769969193.9022775,434,60.38630676269531
1769969195.187166,435,48.854801177978516
1769969216.4149296,436,61.13723373413086
1769969227.878001,437,58.05060577392578
1769969229.6958344,438,51.60538864135742
1769969241.7847853,439,61.12504196166992
1769969250.8900208,440,59.52021789550781
1769969266.3963568,441,61.31282424926758
1769969391.337458,442,62.00667190551758
1769969396.3599102,443,61.876529693603516
1769969399.3200157,444,62.929325103759766
1769969402.2905138,445,63.41029357910156
1769969407.1328468,446,57.14197540283203
1769969413.9598227,447,58.88103103637695
1769969424.0297165,448,62.28908157348633
1769969427.0234585,449,59.43468475341797
1769969446.3746963,450,63.63656997680664
1769969446.5046666,451,52.1163330078125
1769969459.496646,452,58.080833435058594
1769969463.7239904,453,59.988914489746094
1769969467.9913182,454,59.224143981933594
1769969474.274812,455,60.377464294433594
1769969491.329371,456,63.34441375732422
1769969491.4588642,457,50.230716705322266
1769969494.394777,458,50.748046875
1769969504.8174157,459,63.03621292114258
1769969507.758592,460,57.48539352416992
1769969515.070486,461,56.25999450683594
1769969517.0560336,462,60.2319450378418
1769969517.1741855,463,34.95026397705078
1769969521.644318,464,65.38310241699219
1769969527.0196722,465,58.76544189453125
1769969527.1393106,466,50.28878402709961
1769969542.6509671,467,61.61317825317383
1769969557.39169,468,62.881683349609375
1769969566.0379918,469,63.763999938964844
1769969566.2169306,470,50.36529541015625
1769969580.2431812,471,61.807228088378906
1769969583.0256517,472,56.87892532348633
1769969586.6818712,473,64.23723602294922
1769969603.477483,474,61.69844055175781
1769969609.3884592,475,64.4639663696289
1769969639.6113694,476,63.386322021484375
1769969651.0686395,477,65.19574737548828
1769969651.477884,478,57.93617248535156
1769969653.1819456,479,57.74047088623047
1769969669.9200003,480,67.16213989257812
1769969673.7452242,481,62.65791320800781
1769969768.106157,482,56.30088424682617
1769969773.9079168,483,61.792659759521484
1769969783.8939934,484,64.57704162597656
1769969785.5127618,485,59.06599044799805
1769969789.744305,486,63.97114944458008
1769969804.3796217,487,62.00394821166992
1769969817.5456276,488,68.63839721679688
1769969869.1569736,489,69.9334487915039
1769969874.6101108,490,65.5244369506836
1769969875.7990074,491,61.81028366088867
1769969876.1436706,492,58.68217468261719
1769969888.8417597,493,64.90591430664062
1769969904.2026725,494,66.31281280517578
1769969919.4740107,495,66.47433471679688
1769969925.9741404,496,65.45262145996094
1769969929.5738199,497,71.80841064453125
1769969934.3045847,498,67.2689437866211
1769969937.2819133,499,61.460182189941406
1769969958.6847014,500,66.76453399658203
1769969963.557958,501,70.25047302246094
1769969966.5407329,502,68.09461975097656
1769969985.8565898,503,69.48175048828125
1769969985.987484,504,36.34798812866211
1769970003.538889,505,68.1694107055664
1769970003.6688914,506,32.60966873168945
1769970011.533068,507,69.81553649902344
1769970014.604964,508,62.59906005859375
1769970020.881906,509,66.48133087158203
1769970024.6190348,510,69.81896209716797
1769970030.3962185,511,65.90557098388672
1769970038.280861,512,66.56356048583984
1769970062.0867522,513,71.39989471435547
1769970205.9391446,514,69.22933197021484
1769970213.8948357,515,68.47014617919922
1769970220.7660592,516,66.36170196533203
1769970227.036368,517,70.386474609375
1769970234.3716245,518,63.65824508666992
1769970237.3193939,519,67.17440032958984
1769970246.5855591,520,69.30097198486328
1769970251.5124314,521,69.88445281982422
1769970254.4684336,522,74.04199981689453
1769970261.1958318,523,68.54785919189453
1769970265.5518148,524,70.5405502319336
1769970268.0018468,525,61.28550720214844
1769970273.0096748,526,68.63594818115234
1769970283.1629894,527,67.68280792236328
1769970284.708511,528,64.48309326171875
1769970292.4506712,529,68.78050231933594
1769970295.4352436,530,64.8883056640625
1769970297.2449074,531,65.31632995605469
1769970300.4612007,532,65.18895721435547
1769970313.0414217,533,66.65933990478516
1769970332.1552248,534,70.84528350830078
1769970342.2602024,535,69.84288787841797
1769970356.8302834,536,69.11866760253906
1769970375.2749095,537,69.28096008300781
1769970380.4418116,538,68.42483520507812
1769970383.3932211,539,66.34908294677734
1769970385.524719,540,65.8179702758789
1769970390.4051673,541,63.9457893371582
1769970402.1031938,542,69.89048767089844
1769970428.8577476,543,70.01405334472656
1769970429.723867,544,63.86681365966797
1769970446.1266453,545,74.04698944091797
1769970455.0450108,546,67.00218200683594
1769970458.4395912,547,62.972808837890625
1769970462.7442918,548,70.55854034423828
1769970491.2788749,549,71.04169464111328
1769970641.0801423,550,68.45732879638672
1769970643.742668,551,67.9572525024414
1769970647.9829247,552,75.23654174804688
1769970653.9877892,553,74.77232360839844
1769970655.0688906,554,60.069419860839844
1769970677.0231526,555,70.09547424316406
1769970687.694098,556,72.64476776123047
1769970696.4508247,557,66.48956298828125
1769970702.2008536,558,70.74073791503906
1769970712.8539855,559,70.18912506103516
1769970725.8509798,560,69.10332489013672
1769970766.7758195,561,70.07250213623047
1769970770.8327549,562,67.87596893310547
1769970773.7739859,563,73.19236755371094
1769970775.5279002,564,62.125667572021484
1769970775.646621,565,41.32722854614258
1769970780.8490071,566,69.7996826171875
1769970786.418805,567,65.02106475830078
1769970791.3226445,568,62.79273223876953
1769970807.499452,569,69.1937026977539
1769970821.0893862,570,73.19248962402344
1769970840.951545,571,73.42031860351562
1769970843.9010777,572,67.67534637451172
1769970853.5659003,573,68.60858917236328
1769970864.41696,574,70.43379974365234
1769970874.9934115,575,67.88203430175781
1769970889.4916658,576,70.08203125
1769970892.5731864,577,68.15302276611328
1769970895.5318232,578,68.37393951416016
1769970898.4824123,579,67.0841293334961
1769971046.8039377,580,73.40599822998047
1769971056.8581376,581,70.11638641357422
1769971063.1166298,582,67.12846374511719
1769971074.573996,583,70.46430969238281
1769971081.2974954,584,73.0168685913086
1769971085.3060834,585,73.89776611328125
1769971091.1084974,586,71.17735290527344
1769971094.669124,587,66.47921752929688
1769971126.01283,588,73.1727523803711
1769971137.3053567,589,71.67359161376953
1769971141.5529869,590,65.81002044677734
1769971147.3978,591,72.27588653564453
1769971154.6647184,592,72.45516967773438
1769971154.9559486,593,64.92215728759766
1769971172.2730668,594,65.74852752685547
1769971176.5029218,595,62.30923080444336
1769971192.5270476,596,72.7170639038086
1769971197.294832,597,62.85184860229492
1769971201.7142162,598,64.71587371826172
1769971202.7374828,599,59.48432159423828
1769971210.6002584,600,67.17630767822266
1769971211.1732144,601,56.23137283325195
1769971231.0624988,602,73.08738708496094
1769971231.1947927,603,45.483924865722656
1769971243.1577148,604,66.9345474243164
1769971246.726889,605,73.3224105834961
1769971249.606016,606,63.84592056274414
1769971263.3616066,607,69.9474105834961
1769971274.7240746,608,72.8258056640625
1769971280.0287275,609,70.67851257324219
1769971290.6864498,610,72.37774658203125
1769971296.4860961,611,65.27018737792969
1769971302.3316014,612,73.13192749023438
1769971304.0969915,613,63.88007354736328
1769971322.1143696,614,71.83983612060547
1769971330.324027,615,65.54736328125
1769971525.9417744,616,72.7886962890625
1769971533.4062285,617,73.89659881591797
1769971547.8981733,618,70.91902160644531
1769971550.853753,619,67.45447540283203
1769971556.2696786,620,65.88540649414062
1769971561.083547,621,72.45429229736328
1769971561.2030845,622,48.70907974243164
1769971565.661014,623,65.36630249023438
1769971589.9453027,624,67.17493438720703
1769971593.1653967,625,62.40484619140625
1769971597.668076,626,67.0661849975586
1769971603.2618353,627,64.5267105102539
1769971606.8947763,628,66.25288391113281
1769971622.8381352,629,73.81510925292969
1769971625.792778,630,73.05516815185547
1769971631.7740445,631,66.30127716064453
1769971637.765117,632,73.21305847167969
1769971642.1937077,633,65.65657043457031
1769971645.238185,634,62.56071090698242
1769971656.8136153,635,73.66341400146484
1769971664.1865647,636,65.81620788574219
1769971667.5837276,637,67.08120727539062
1769971675.731911,638,66.06915283203125
1769971688.9476714,639,71.90365600585938
1769971694.8766565,640,74.30364990234375
1769971700.9811995,641,67.49024963378906
1769971703.9394493,642,66.60250091552734
1769971704.2271142,643,60.25640106201172
1769971704.3443007,644,57.03749465942383
1769971710.7205238,645,73.04906463623047
1769971713.6692905,646,66.79209899902344
1769971716.599768,647,66.88646697998047
1769971716.7193978,648,40.05073165893555
1769971733.9872236,649,72.36663818359375
1769971734.4086227,650,55.68217468261719
1769971751.668288,651,77.70318603515625
1769971761.0077627,652,71.3087387084961
1769971776.0501287,653,74.12960815429688
1769971784.331353,654,65.5727310180664
1769971805.5519593,655,70.30352020263672
1769971988.0696354,656,68.41047668457031
1769971994.1038964,657,65.49345397949219
1769971998.6964304,658,74.0185317993164
1769972012.655922,659,65.64105987548828
1769972012.7819624,660,50.42689895629883
1769972017.9843843,661,67.49653625488281
1769972027.8161228,662,68.51660919189453
1769972034.3164403,663,64.74266815185547
1769972034.893197,664,57.18608856201172
1769972036.2554023,665,62.7360725402832
1769972058.0919125,666,73.67162322998047
1769972060.492348,667,68.08158874511719
1769972077.581928,668,73.64176177978516
1769972077.9398842,669,59.0610466003418
1769972086.0395017,670,70.42936706542969
1769972088.987684,671,63.054351806640625
1769972097.5038896,672,64.98370361328125
1769972107.2971451,673,74.1729507446289
1769972107.4785643,674,57.864341735839844
1769972111.4896576,675,63.38746643066406
1769972114.49566,676,75.78106689453125
1769972129.2255511,677,66.09681701660156
1769972135.6130319,678,63.901573181152344
1769972144.5351863,679,71.66669464111328
1769972155.367123,680,67.17794799804688
1769972179.7740977,681,69.05724334716797
1769972189.4125738,682,65.23247528076172
1769972196.7852926,683,67.37281799316406
1769972217.379301,684,73.99845123291016
1769972221.7815576,685,62.587379455566406
1769972227.539996,686,63.310211181640625
1769972243.9382863,687,71.15522003173828
1769972254.1542578,688,64.05513763427734
1769972351.0293634,689,69.69500732421875
1769972357.4113338,690,62.977699279785156
1769972360.3555129,691,66.40534210205078
1769972364.3077319,692,64.15618133544922
1769972374.0533717,693,62.96028518676758
1769972379.0020156,694,69.55365753173828
1769972388.754716,695,72.59170532226562
1769972397.2875793,696,70.79747009277344
1769972414.3910868,697,67.3870849609375
1769972417.2560685,698,62.97951126098633
1769972435.3523886,699,68.34195709228516
1769972436.049697,700,65.79765319824219
1769972439.0968528,701,64.6133041381836
1769972444.0648832,702,67.98040008544922
1769972448.6879113,703,67.31404113769531
1769972469.9111047,704,65.44209289550781
1769972473.5723822,705,66.26799774169922
1769972478.5938025,706,61.86363220214844
1769972491.871822,707,65.02496337890625
1769972504.8700655,708,66.09974670410156
1769972511.2167075,709,64.0522689819336
1769972518.4836059,710,63.59060287475586
1769972518.60565,711,54.89845657348633
1769972522.6723213,712,67.14217376708984
1769972524.9968092,713,61.02302551269531
1769972528.1302328,714,67.62686920166016
1769972531.0828784,715,64.04057312011719
1769972532.1101272,716,60.993228912353516
1769972547.4484217,717,64.34803009033203
1769972558.6326025,718,63.577735900878906
1769972561.9690447,719,64.52879333496094
1769972579.894836,720,67.82672119140625
1769972580.0266135,721,55.18764877319336
1769972588.5037363,722,64.37039184570312
1769972614.198352,723,63.911163330078125
1769972617.1726863,724,59.08111572265625
1769972631.4887593,725,66.42642211914062
1769972782.6845734,726,65.8228988647461
1769972786.737534,727,60.6678581237793
1769972792.9833245,728,62.08369827270508
1769972798.1261594,729,65.45895385742188
1769972804.7822843,730,67.05363464355469
1769972810.2385418,731,66.44189453125
1769972813.2390068,732,63.10020065307617
1769972816.2091947,733,65.66670989990234
1769972825.1270638,734,64.36653137207031
1769972829.0140781,735,61.36959457397461
1769972835.172722,736,66.92279815673828
1769972838.8917742,737,63.687557220458984
1769972841.8317132,738,59.43399429321289
1769972846.2310345,739,65.18141174316406
1769972851.2927182,740,64.47383117675781
1769972889.4638855,741,67.57738494873047
1769972899.517176,742,64.67413330078125
1769972902.871744,743,64.11203002929688
1769972906.077525,744,63.39542770385742
1769972913.7172682,745,59.96514129638672
1769972925.33655,746,66.02247619628906
1769972927.3821008,747,68.93125915527344
1769972943.9051504,748,68.43658447265625
1769972947.6215298,749,59.93109130859375
1769972954.08126,750,64.50394439697266
1769972967.1662142,751,64.04244995117188
1769972969.172807,752,60.60670852661133
1769972972.6743987,753,62.000545501708984
1769972981.2924297,754,64.35162353515625
1769972984.2566326,755,60.007205963134766
1769972992.6265323,756,64.74687194824219
1769973006.8161862,757,66.3322525024414
1769973014.456929,758,65.19436645507812
1769973018.7076461,759,62.410003662109375
1769973030.307579,760,67.03990173339844
1769973037.9468238,761,68.73934936523438
1769973051.6684704,762,65.58322143554688
1769973193.9996655,763,63.667686462402344
1769973199.2458787,764,61.881656646728516
1769973211.0916097,765,68.816650390625
1769973212.801001,766,59.94314956665039
1769973216.3162813,767,60.77880096435547
1769973221.0341506,768,67.24048614501953
1769973223.9775612,769,64.63709259033203
1769973235.0331252,770,68.76431274414062
1769973243.6351151,771,68.99293518066406
1769973249.0759757,772,68.8455810546875
1769973253.2698252,773,65.20207977294922
1769973254.0090992,774,55.63768768310547
1769973261.651894,775,68.78648376464844
1769973290.4940648,776,70.14775848388672
1769973319.5398197,777,69.05519104003906
1769973329.4512057,778,65.38543701171875
1769973332.5937114,779,61.74272155761719
1769973337.1366477,780,61.692752838134766
1769973344.5138118,781,70.59168243408203
1769973350.8618774,782,62.3651123046875
1769973355.7120955,783,70.29801177978516
1769973356.6826594,784,55.76407241821289
1769973361.5958395,785,64.28795623779297
1769973372.2079985,786,68.23893737792969
1769973393.9378521,787,68.25009155273438
1769973396.9473834,788,61.659828186035156
1769973412.7367644,789,68.08159637451172
1769973415.331588,790,61.34885787963867
1769973418.7957594,791,59.09379196166992
1769973418.9165995,792,48.84879684448242
1769973428.1741495,793,66.74034881591797
1769973429.5988896,794,61.58537673950195
1769973437.779781,795,65.42975616455078
1769973439.9527283,796,63.401248931884766
1769973440.0725734,797,49.86103439331055
1769973465.2860599,798,68.14896392822266
1769973471.0151727,799,66.05012512207031
1769973566.0399244,800,63.14065170288086
1769973572.4637313,801,66.14088439941406
1769973579.0507748,802,65.22049713134766
1769973587.8012846,803,68.17448425292969
1769973590.8158643,804,61.80952072143555
1769973603.5686305,805,68.27450561523438
1769973603.694772,806,41.60618209838867
1769973607.5818312,807,64.51097106933594
1769973610.7564335,808,59.97971725463867
1769973647.7414243,809,69.85936737060547
1769973661.4457245,810,68.86779022216797
1769973663.5541625,811,63.20099639892578
1769973666.497336,812,66.5379867553711
1769973679.656207,813,67.3260498046875
1769973689.7092624,814,66.61463928222656
1769973698.8332195,815,64.94197845458984
1769973702.2339897,816,62.63861846923828
1769973707.7256076,817,63.60150909423828
1769973710.6801958,818,66.31692504882812
1769973717.9570615,819,65.97586059570312
1769973725.969942,820,67.18238067626953
1769973729.3189998,821,63.786563873291016
1769973732.4062026,822,68.36602783203125
1769973732.6404335,823,57.007442474365234
1769973738.2656245,824,65.66539764404297
1769973741.6550438,825,67.73436737060547
1769973770.842742,826,66.8680191040039
1769973781.1109824,827,66.66487884521484
1769973806.8237298,828,67.36822509765625
1769973811.57832,829,62.393653869628906
1769973822.498966,830,62.56648635864258
1769973830.2293286,831,66.51457977294922
1769973844.1676812,832,67.54362487792969
1769974019.0508265,833,67.57929229736328
1769974024.4315174,834,67.83982849121094
1769974033.8612056,835,67.46446990966797
1769974042.8461387,836,68.4599380493164
1769974062.6803043,837,66.97576904296875
1769974064.6325727,838,63.629798889160156
1769974085.0538855,839,67.59573364257812
1769974088.9459136,840,67.570068359375
1769974091.157996,841,68.6006851196289
1769974104.7989311,842,67.12682342529297
1769974109.5770864,843,67.53255462646484
1769974113.4344878,844,62.77150344848633
1769974125.0537944,845,66.94001770019531
1769974159.162561,846,70.31571960449219
1769974175.7171328,847,66.03775024414062
1769974179.389913,848,69.4595947265625
1769974184.7033165,849,69.91542053222656
1769974188.8757942,850,67.3312759399414
1769974192.878497,851,67.20453643798828
1769974206.4581146,852,71.01351928710938
1769974214.3375456,853,67.71080017089844
1769974218.4536915,854,69.6991958618164
1769974230.7181544,855,70.80976867675781
1769974233.673029,856,62.571998596191406
1769974234.0733197,857,63.4338264465332
1769974238.574895,858,69.57106018066406
1769974241.52601,859,65.35089874267578
1769974258.8018074,860,71.41260528564453
1769974280.1306424,861,68.32477569580078
1769974288.5359516,862,69.04488372802734
1769974364.1095257,863,69.77908325195312
1769974368.107744,864,65.26551055908203
1769974390.5009701,865,69.30929565429688
1769974400.7017722,866,71.32157897949219
1769974404.9078062,867,67.20755004882812
1769974408.1307614,868,60.902862548828125
1769974430.133301,869,74.30198669433594
1769974430.2720718,870,50.273502349853516
1769974433.232207,871,66.43242645263672
1769974438.485549,872,66.0185775756836
1769974442.9202795,873,74.03484344482422
1769974447.0049603,874,67.67230224609375
1769974452.085945,875,70.31217956542969
1769974472.2100904,876,71.0708236694336
1769974484.884791,877,70.82624816894531
1769974491.2434554,878,70.20667266845703
1769974498.7990172,879,68.7848892211914
1769974502.7553136,880,71.53963470458984
1769974511.4341135,881,74.23279571533203
1769974516.328439,882,69.70367431640625
1769974530.8457189,883,66.82491302490234
1769974534.8774369,884,69.77723693847656
1769974540.1007853,885,65.92987823486328
1769974542.2713401,886,75.15719604492188
1769974545.2162015,887,61.820133209228516
1769974548.1642997,888,66.99510955810547
1769974551.5158484,889,64.2759780883789
1769974557.6460052,890,70.2931900024414
1769974561.5595489,891,67.29100036621094
1769974564.9572935,892,70.57778930664062
1769974573.2719753,893,69.57117462158203
1769974575.2647629,894,62.27354049682617
1769974599.659783,895,72.93314361572266
1769974602.671375,896,68.60212707519531
1769974629.6254828,897,69.69586944580078
1769974636.3963974,898,69.29512786865234
1769974644.89405,899,69.73712921142578
1769974730.0147328,900,47.7339973449707
1769974733.4945993,901,68.36203002929688
1769974735.9835193,902,66.82108306884766
1769974743.452541,903,64.5027084350586
1769974745.3247523,904,65.49243927001953
1769974752.7030256,905,68.68263244628906
1769974752.8250363,906,43.76863479614258
1769974755.8210592,907,66.25315856933594
1769974765.2879019,908,67.50812530517578
1769974770.67959,909,70.43563079833984
1769974775.8150826,910,67.92886352539062
1769974778.7687364,911,67.97389221191406
1769974819.5529957,912,71.84119415283203
1769974820.056171,913,59.265838623046875
1769974820.6264555,914,66.4102554321289
1769974821.0259311,915,58.332794189453125
1769974821.8221877,916,63.25285720825195
1769974822.5121512,917,66.99573516845703
1769974823.1954327,918,58.72687911987305
1769974823.5390246,919,64.47084045410156
1769974823.999268,920,68.08565521240234
1769974824.6810725,921,67.6719970703125
1769974828.8694696,922,67.80035400390625
1769974830.8885398,923,63.91166687011719
1769974838.3943708,924,70.04285430908203
1769974847.3870156,925,70.24288940429688
1769974858.5262377,926,72.47949981689453
1769974871.1955085,927,67.91587829589844
1769974881.1164489,928,68.93680572509766
1769974881.242277,929,48.32267761230469
1769974891.8755069,930,70.52008819580078
1769974892.0006428,931,37.79547882080078
1769974892.11865,932,36.33521270751953
1769974898.236835,933,68.83329010009766
1769974898.6424048,934,68.75579071044922
1769974915.0507827,935,73.4138412475586
1769974918.81335,936,69.66111755371094
1769974925.1014998,937,68.74893188476562
1769974926.531317,938,64.71638488769531
1769974939.31336,939,70.2652359008789
1769974941.2515955,940,65.7050552368164
1769974948.910654,941,74.38446807861328
1769974952.3595445,942,68.64529418945312
1769974956.0051863,943,66.57245635986328
1769974959.288714,944,67.6302490234375
1769974966.4067075,945,69.23854064941406
1769974977.7864282,946,75.02115631103516
1769974986.332337,947,74.92903137207031
1769975006.404996,948,72.40229034423828
1769975010.4962375,949,71.49657440185547
1769975117.2770007,950,70.41001892089844
1769975124.8079896,951,69.64494323730469
1769975128.004101,952,67.78922271728516
1769975134.6073408,953,69.50228118896484
1769975140.3720481,954,74.8306655883789
1769975152.5691204,955,71.68523406982422
1769975163.8206766,956,70.55266571044922
1769975165.242067,957,66.62134552001953
1769975187.30688,958,75.12531280517578
1769975192.5290978,959,71.4112777709961
1769975195.5304992,960,69.14358520507812
1769975200.9059138,961,68.9548110961914
1769975208.375615,962,70.21609497070312
1769975238.6050706,963,71.62664794921875
1769975248.8917632,964,69.72989654541016
1769975251.868363,965,67.93809509277344
1769975258.6208668,966,68.80970001220703
1769975261.6121728,967,69.16800689697266
1769975267.1398911,968,70.72663116455078
1769975270.1200373,969,71.5420150756836
1769975270.23848,970,43.565216064453125
1769975284.2448778,971,74.02057647705078
1769975287.9627213,972,70.14533233642578
1769975310.6358163,973,70.78044891357422
1769975315.6970284,974,69.04578399658203
1769975315.8182151,975,40.2849235534668
1769975330.5128264,976,67.78553009033203
1769975338.679547,977,67.75243377685547
1769975344.9210217,978,68.68975067138672
1769975346.1155996,979,64.25013732910156
1769975353.2315512,980,68.48957061767578
1769975358.3445787,981,68.89125061035156
1769975400.4368129,982,72.85370635986328
1769975520.257393,983,70.7212142944336
1769975522.2251997,984,64.88291931152344
1769975539.9600434,985,72.21062469482422
1769975563.9092484,986,69.38065338134766
1769975574.183626,987,70.2449951171875
1769975586.731786,988,69.82646179199219
1769975618.7814202,989,70.23963165283203
1769975625.031319,990,69.45923614501953
1769975632.2204373,991,67.6586685180664
1769975645.519375,992,69.3544921875
1769975655.1226118,993,70.71492004394531
1769975682.652828,994,71.0467300415039
1769975685.6311219,995,64.81536102294922
1769975696.4957726,996,71.23336029052734
1769975706.7958224,997,65.67878723144531
1769975715.6432102,998,70.52361297607422
1769975719.7750452,999,67.83683013916016
1769975724.0322175,1000,67.83000946044922
1769975727.595875,1001,67.33673858642578
1769975731.9623172,1002,63.9931526184082
1769975757.0902364,1003,67.98965454101562
1769975760.0762777,1004,69.5121841430664
1769975760.7112212,1005,65.73184967041016
1769975765.6297026,1006,71.4920425415039
1769975777.644768,1007,68.48049926757812
1769975791.0203838,1008,70.6476821899414
1769975791.5483289,1009,67.56075286865234
1769975805.579153,1010,69.91706848144531
1769975883.9387336,1011,54.3963737487793
1769975892.5032187,1012,69.79519653320312
1769975916.1903157,1013,68.35836791992188
1769975916.7822344,1014,65.49568939208984
1769975950.334943,1015,68.5843276977539
1769975963.7222598,1016,68.89981079101562
1769975966.4216025,1017,67.0262680053711
1769975966.5415022,1018,56.73197937011719
1769975974.2436674,1019,67.10081481933594
1769975977.206087,1020,68.16373443603516
1769975983.7107134,1021,68.08370971679688
1769975988.739623,1022,69.10011291503906
1769976000.7458289,1023,68.3622817993164
1769976007.1900136,1024,71.79537200927734
1769976038.7196105,1025,71.19019317626953
1769976043.8826096,1026,67.23225402832031
1769976049.402569,1027,69.75122833251953
1769976049.5237532,1028,69.67932891845703
1769976052.5214195,1029,64.95790100097656
1769976066.0381188,1030,71.00775909423828
1769976066.167446,1031,47.20914840698242
1769976070.9762516,1032,68.91644287109375
1769976076.7310665,1033,69.7643814086914
1769976077.314065,1034,70.80782318115234
1769976095.5201893,1035,69.78629302978516
1769976100.4461956,1036,67.208251953125
1769976104.577881,1037,65.75181579589844
1769976105.4331768,1038,60.011775970458984
1769976128.7868595,1039,70.77604675292969
1769976160.9833503,1040,69.30867767333984
1769976246.7814672,1041,69.28268432617188
1769976256.7391264,1042,68.73265838623047
1769976284.7384825,1043,74.84918212890625
1769976285.6564555,1044,68.24276733398438
1769976298.2286549,1045,72.99031829833984
1769976305.3098335,1046,69.31452178955078
1769976309.7602344,1047,70.46456146240234
1769976316.5335898,1048,69.0816421508789
1769976326.7068307,1049,70.19332885742188
1769976332.9258652,1050,69.98894500732422
1769976341.9830122,1051,70.24470520019531
1769976342.3882663,1052,60.87560272216797
1769976346.8653483,1053,70.90882110595703
1769976352.0786932,1054,73.34639739990234
1769976373.311313,1055,70.47428894042969
1769976374.8281326,1056,64.80790710449219
1769976384.176048,1057,69.2066421508789
1769976392.994946,1058,70.74566650390625
1769976396.5246859,1059,69.1079330444336
1769976402.485351,1060,67.51341247558594
1769976438.1396053,1061,70.93575286865234
1769976441.1196733,1062,71.83223724365234
1769976445.6935642,1063,68.50407409667969
1769976458.0588872,1064,68.56414794921875
1769976468.524389,1065,66.79169464111328
1769976474.468013,1066,66.49751281738281
1769976474.588257,1067,43.36457061767578
1769976479.43686,1068,69.22468566894531
1769976504.95639,1069,70.98418426513672
1769976505.1107893,1070,55.41981506347656
1769976513.4069822,1071,66.88469696044922
1769976514.2119987,1072,64.07360076904297
1769976524.736223,1073,68.47093200683594
1769976536.8311532,1074,67.98489379882812
1769976612.396802,1075,62.636531829833984
1769976643.6943774,1076,71.56201934814453
1769976647.454519,1077,66.92791748046875
1769976658.6476653,1078,66.8607177734375
1769976667.2876694,1079,67.94717407226562
1769976678.9382997,1080,66.9974136352539
1769976681.893688,1081,70.98773193359375
1769976704.029152,1082,69.88114166259766
1769976704.220934,1083,40.47636413574219
1769976729.9761147,1084,70.46944427490234
1769976744.3519282,1085,72.7094955444336
1769976772.0567296,1086,73.33474731445312
1769976779.955806,1087,68.68222045898438
1769976783.3652673,1088,68.68787384033203
1769976786.3437085,1089,69.82845306396484
1769976794.22221,1090,74.18714904785156
1769976808.9322004,1091,69.86194610595703
1769976816.7432306,1092,71.15865325927734
1769976816.8666053,1093,48.56513214111328
1769976820.2114625,1094,65.67646026611328
1769976825.7539997,1095,70.4943618774414
1769976831.191177,1096,68.80126190185547
1769976841.0751848,1097,69.45751953125
1769976846.5068648,1098,67.1873550415039
1769976854.4701312,1099,69.31770324707031
1769976861.252817,1100,70.33718872070312
1769976879.2405834,1101,69.11848449707031
1769976886.1992264,1102,68.9270248413086
1769977001.679477,1103,69.51744079589844
1769977013.4964285,1104,75.67173767089844
1769977023.5923693,1105,72.92986297607422
1769977037.2159462,1106,70.16439819335938
1769977049.8176918,1107,71.85552978515625
1769977061.9386754,1108,69.75470733642578
1769977066.284552,1109,74.05147552490234
1769977096.3290899,1110,74.48341369628906
1769977113.0932782,1111,72.6507568359375
1769977114.1326683,1112,70.48263549804688
1769977120.9385872,1113,74.77696228027344
1769977146.6626825,1114,74.52178192138672
1769977155.4494355,1115,74.71907806396484
1769977162.7400765,1116,68.28269958496094
1769977184.8158553,1117,72.6697998046875
1769977203.9631066,1118,72.49097442626953
1769977230.1325147,1119,78.37592315673828
1769977239.7770495,1120,69.09002685546875
1769977242.7831614,1121,65.92437744140625
1769977247.193603,1122,70.4249038696289
1769977259.3584576,1123,72.62976837158203
1769977268.53132,1124,69.70003509521484
1769977277.5888922,1125,73.43174743652344
1769977289.2897434,1126,71.44050598144531
1769977402.615482,1127,75.85955810546875
1769977417.5923262,1128,71.53598022460938
1769977425.5320194,1129,72.21868133544922
1769977439.2816272,1130,71.01811981201172
1769977451.9399023,1131,69.34425354003906
1769977455.2425027,1132,71.85958099365234
1769977459.72637,1133,70.44354248046875
1769977459.9658122,1134,52.278114318847656
1769977469.3276358,1135,72.30337524414062
1769977482.4592383,1136,74.51873016357422
1769977504.3749328,1137,71.98646545410156
1769977512.0190053,1138,73.36392211914062
1769977530.4435701,1139,73.12735748291016
1769977547.7294323,1140,76.66401672363281
1769977553.318979,1141,68.99983215332031
1769977558.537687,1142,68.88522338867188
1769977569.1979036,1143,74.837890625
1769977572.1540842,1144,72.25862121582031
1769977578.4215393,1145,74.10865783691406
1769977591.6687338,1146,74.25312805175781
1769977608.4818423,1147,76.02286529541016
1769977613.9167387,1148,74.19132995605469
1769977662.0403605,1149,74.45152282714844
1769977666.9417565,1150,71.41661834716797
1769977682.7751298,1151,71.14449310302734
1769977822.0080338,1152,72.15038299560547
1769977829.5966976,1153,74.68289947509766
1769977834.72623,1154,71.49076843261719
1769977836.1008084,1155,73.14527893066406
1769977846.5511234,1156,74.02670288085938
1769977855.5751467,1157,71.28241729736328
1769977858.5282164,1158,68.77552795410156
1769977867.4466362,1159,73.21554565429688
1769977870.416117,1160,70.77775573730469
1769977882.9986532,1161,69.86678314208984
1769977885.9996781,1162,72.58914184570312
1769977896.4494863,1163,72.7530517578125
1769977902.6168368,1164,70.95272064208984
1769977907.315664,1165,71.10112762451172
1769977912.8011403,1166,70.8646240234375
1769977918.0946004,1167,73.34634399414062
1769977926.4178982,1168,70.25892639160156
1769977934.2834473,1169,71.14469909667969
1769977938.7732038,1170,70.66881561279297
1769977950.9353824,1171,74.40055847167969
1769977957.6699579,1172,69.48910522460938
1769977965.2044563,1173,71.9181137084961
1769977987.3030484,1174,72.43602752685547
1769977992.9643457,1175,73.13521575927734
1769977997.1189923,1176,70.57331848144531
1769978011.8701527,1177,73.53694915771484
1769978017.666139,1178,70.85743713378906
1769978022.653475,1179,70.29611206054688
1769978022.77453,1180,45.62245559692383
1769978025.731527,1181,69.99058532714844
1769978035.7646484,1182,73.04887390136719
1769978047.1299791,1183,75.34530639648438
1769978063.1593685,1184,71.46471405029297
1769978072.296125,1185,72.51991271972656
1769978127.4687216,1186,73.6664047241211
1769978243.6595962,1187,71.4603042602539
1769978252.3381395,1188,70.50824737548828
1769978271.284737,1189,73.7672348022461
1769978277.8171833,1190,72.65180969238281
1769978301.3801594,1191,74.3976058959961
1769978312.917317,1192,72.9816665649414
1769978323.688,1193,72.0450210571289
1769978333.8376253,1194,74.9765625
1769978337.9692073,1195,67.7501449584961
1769978340.9208877,1196,72.59807586669922
1769978347.5331616,1197,73.24335479736328
1769978351.6068418,1198,72.74468231201172
1769978355.011396,1199,70.22367095947266
1769978377.082111,1200,73.02530670166016
1769978386.3456616,1201,74.0475082397461
1769978392.7119527,1202,72.4945068359375
1769978397.0875156,1203,69.64696502685547
1769978424.8395305,1204,74.8169937133789
1769978427.861564,1205,72.62003326416016
1769978435.7242837,1206,73.37071228027344
1769978447.5255554,1207,73.86163330078125
1769978451.6179123,1208,77.58829498291016
1769978460.925466,1209,76.56507873535156
1769978473.9378932,1210,73.78079223632812
1769978474.0665302,1211,37.8962516784668
1769978477.0505972,1212,72.73369598388672
1769978483.5241132,1213,76.40912628173828
1769978494.1094804,1214,72.41381072998047
1769978611.2356484,1215,75.33007049560547
1769978616.1850357,1216,76.63825225830078
1769978620.813871,1217,74.3976058959961
1769978624.5167184,1218,71.40943145751953
1769978632.5395284,1219,76.10093688964844
1769978636.2792184,1220,69.6518783569336
1769978640.5637252,1221,73.0719223022461
1769978645.1776252,1222,69.15137481689453
1769978690.6635766,1223,76.6401596069336
1769978697.8197138,1224,76.32610321044922
1769978714.871883,1225,78.21004486083984
1769978718.5287032,1226,72.71034240722656
1769978723.7156386,1227,72.19757080078125
1769978732.0312698,1228,73.80867004394531
1769978739.3724205,1229,76.55843353271484
1769978752.3693602,1230,76.20683288574219
1769978752.4956987,1231,41.45397186279297
1769978756.7834327,1232,74.60528564453125
1769978759.732323,1233,74.71131134033203
1769978761.2971113,1234,72.00978088378906
1769978768.4356184,1235,74.57113647460938
1769978771.9466517,1236,77.28919982910156
1769978776.1628108,1237,71.63763427734375
1769978783.8369222,1238,71.4063720703125
1769978787.0523193,1239,74.54586029052734
1769978813.1073406,1240,81.45494079589844
1769978820.7824278,1241,74.29378509521484
1769978834.9826045,1242,73.36878967285156
1769978851.6261964,1243,76.35041809082031
1769978863.5921273,1244,74.73311614990234
1769978998.7225301,1245,78.32079315185547
1769978998.8581607,1246,31.69822883605957
1769979001.8507855,1247,69.89756774902344
1769979010.6295857,1248,75.75593566894531
1769979018.318435,1249,76.59561157226562
1769979021.271831,1250,71.39531707763672
1769979024.729521,1251,70.89435577392578
1769979035.8528602,1252,76.58592224121094
1769979038.80607,1253,73.57015228271484
1769979051.787496,1254,75.27428436279297
1769979096.095891,1255,82.95226287841797
1769979099.0943801,1256,72.29227447509766
1769979109.2544894,1257,75.28144836425781
1769979117.3240216,1258,83.14886474609375
1769979132.8811924,1259,74.22455596923828
1769979145.6100855,1260,75.34660339355469
1769979151.6581488,1261,74.06803894042969
1769979158.9297252,1262,74.31117248535156
1769979182.0102696,1263,75.19612884521484
1769979197.0811892,1264,79.43783569335938
1769979213.6251616,1265,81.5063247680664
1769979226.537859,1266,81.56581115722656
1769979248.910737,1267,77.10702514648438
1769979254.6429014,1268,75.70669555664062
1769979262.2479515,1269,76.59306335449219
1769979324.6172776,1270,75.86112213134766
1769979328.292849,1271,73.09565734863281
1769979335.7578816,1272,76.37553405761719
1769979343.6671438,1273,74.81473541259766
1769979352.979504,1274,78.04563903808594
1769979355.9480789,1275,73.61487579345703
1769979375.7341702,1276,81.14482116699219
1769979385.98779,1277,77.53461456298828
1769979405.1725838,1278,75.60601043701172
1769979413.8070211,1279,76.55339813232422
1769979424.4797354,1280,75.78058624267578
1769979438.1119165,1281,73.36805725097656
1769979460.881228,1282,77.88167572021484
1769979463.860916,1283,75.24583435058594
1769979472.8768086,1284,74.98866271972656
1769979473.004058,1285,37.831207275390625
1769979477.4911451,1286,71.40017700195312
1769979486.8881013,1287,75.08758544921875
1769979498.292599,1288,77.42794036865234
1769979502.2890813,1289,73.97782135009766
1769979528.6232047,1290,74.18030548095703
1769979535.7057345,1291,74.57875061035156
1769979548.444913,1292,74.79656982421875
1769979567.2849476,1293,74.30778503417969
1769979579.224202,1294,76.35969543457031
1769979586.5998333,1295,73.85420989990234
1769979600.6016574,1296,74.43376922607422
1769979702.7588677,1297,72.67072296142578
1769979714.3662226,1298,74.43160247802734
1769979728.680054,1299,72.11125946044922
1769979734.8023956,1300,72.90756225585938
1769979740.593287,1301,71.89988708496094
1769979768.1528785,1302,72.80580139160156
1769979771.172503,1303,72.22755432128906
1769979774.144566,1304,68.53195190429688
1769979777.1485963,1305,71.77338409423828
1769979787.1993694,1306,73.40324401855469
1769979796.865422,1307,74.96117401123047
1769979801.5247295,1308,71.84402465820312
1769979804.9715495,1309,67.96878051757812
1769979811.772928,1310,71.6365966796875
1769979811.8964598,1311,52.78824996948242
1769979814.8404784,1312,71.7378921508789
1769979817.7838333,1313,70.02009582519531
1769979823.5860043,1314,74.00828552246094
1769979827.9023073,1315,71.86054992675781
1769979835.3044145,1316,71.71809387207031
1769979840.1732545,1317,73.4106674194336
1769979876.0751753,1318,73.51799011230469
1769979876.2240336,1319,46.74040222167969
1769979884.382443,1320,72.46080017089844
1769979889.0925734,1321,72.58724975585938
1769979900.5283425,1322,71.57465362548828
1769979920.1241846,1323,74.69221496582031
1769979923.555243,1324,70.18558502197266
1769979933.376113,1325,71.3128433227539
1769979939.9486878,1326,74.11587524414062
1769979948.4132476,1327,71.73441314697266
1769979954.9173465,1328,72.36433410644531
1769979966.6638794,1329,73.59220123291016
1769979971.7644367,1330,73.49028015136719
1769979974.727272,1331,76.28656005859375
1769980189.4196646,1332,72.09640502929688
1769980201.8067787,1333,72.25179290771484
1769980208.8364196,1334,71.54627227783203
1769980225.8724186,1335,75.64173126220703
1769980228.8511505,1336,69.5986328125
1769980230.3932471,1337,65.919677734375
1769980246.9899247,1338,73.81637573242188
1769980266.2398212,1339,73.14897918701172
1769980275.4505737,1340,72.05184936523438
1769980291.9855177,1341,74.43277740478516
1769980296.2936652,1342,74.53339385986328
1769980306.9132557,1343,73.08456420898438
1769980311.333856,1344,68.63726043701172
1769980345.043347,1345,81.29463958740234
1769980354.0930007,1346,72.3865737915039
1769980357.0561576,1347,72.91874694824219
1769980363.6913455,1348,73.35051727294922
1769980367.3796747,1349,78.6802749633789
1769980374.6569204,1350,74.5181884765625
1769980378.2340777,1351,71.1844482421875
1769980381.1731477,1352,70.68966674804688
1769980392.372532,1353,73.26760864257812
1769980404.2810454,1354,73.49240112304688
1769980414.8112264,1355,73.08503723144531
1769980417.1298025,1356,71.49557495117188
1769980417.2499313,1357,64.28236389160156
1769980421.4426541,1358,71.58690643310547
1769980442.7708418,1359,76.2262954711914
1769980447.4902442,1360,72.7141342163086
1769980463.7801669,1361,75.01347351074219
1769980467.309274,1362,70.32430267333984
1769980525.3678393,1363,73.03192138671875
1769980531.8483295,1364,72.0133285522461
1769980533.5530605,1365,71.7732925415039
1769980542.3359215,1366,75.44173431396484
1769980545.3003428,1367,78.41773986816406
1769980548.2516007,1368,72.67362213134766
1769980549.334223,1369,66.17089080810547
1769980552.7922194,1370,72.32373046875
1769980558.1922054,1371,71.93437957763672
1769980568.461658,1372,73.79847717285156
1769980568.846381,1373,40.68503952026367
1769980571.8081393,1374,71.3747787475586
1769980574.7976153,1375,68.48704528808594
1769980580.5414987,1376,70.24043273925781
1769980586.5929801,1377,72.40674591064453
1769980596.5805185,1378,76.03350067138672
1769980619.257812,1379,75.678955078125
1769980624.4457982,1380,71.69910430908203
1769980633.6874964,1381,72.13208770751953
1769980642.2247257,1382,73.57181549072266
1769980653.522307,1383,72.27668762207031
1769980659.5073156,1384,68.97345733642578
1769980674.3902845,1385,74.13847351074219
1769980691.1070468,1386,74.23986053466797
1769980708.7475028,1387,71.989501953125
1769980717.6897237,1388,67.5301284790039
1769980722.1314867,1389,66.53413391113281
1769980727.7340071,1390,67.64971160888672
1769980741.331882,1391,73.11181640625
1769980747.899824,1392,72.62799072265625
1769980761.7862148,1393,73.19430541992188
1769980772.2583184,1394,70.91356658935547
1769980778.7832382,1395,77.0704345703125
1769980778.9059756,1396,62.90431213378906
1769980782.821794,1397,66.86259460449219
1769980787.8020644,1398,70.06594848632812
1769980792.8414845,1399,71.42420959472656
1769980810.5274525,1400,73.16136932373047
1769980878.919711,1401,67.19064331054688
1769980891.3775156,1402,74.89181518554688
1769980910.3073173,1403,77.64022064208984
1769980915.411739,1404,65.00870513916016
1769980918.3912537,1405,73.23866271972656
1769980922.5746858,1406,72.89224243164062
1769980925.5277815,1407,64.40857696533203
1769980935.6594913,1408,71.18916320800781
1769980943.3028846,1409,71.41668701171875
1769980946.982609,1410,69.20866394042969
1769980949.949087,1411,68.40058898925781
1769980953.1152132,1412,71.74958801269531
1769980953.2351162,1413,48.46470642089844
1769980963.9867811,1414,77.47592163085938
1769980972.6489706,1415,75.52715301513672
1769980980.0935717,1416,71.89618682861328
1769980980.2159836,1417,42.00700759887695
1769980983.1750276,1418,73.53986358642578
1769980985.1056457,1419,63.58196258544922
1769981000.9324815,1420,77.4210433959961
1769981019.2661874,1421,77.08558654785156
1769981023.176156,1422,73.96426391601562
1769981026.1663506,1423,69.98450469970703
1769981033.0707345,1424,71.72825622558594
1769981052.5855591,1425,72.12646484375
1769981052.719683,1426,59.45222473144531
1769981052.8363638,1427,58.50703811645508
1769981061.721983,1428,74.44768524169922
1769981064.680069,1429,72.26316833496094
1769981069.0139835,1430,73.39466857910156
1769981075.1097543,1431,73.71170043945312
1769981080.916672,1432,71.14976501464844
1769981093.00279,1433,75.00857543945312
1769981093.130989,1434,66.40779876708984
1769981108.6391037,1435,78.3823013305664
1769981112.5527186,1436,70.7366943359375
1769981116.2820861,1437,66.6553726196289
1769981125.5230505,1438,72.6390380859375
1769981128.715605,1439,68.94540405273438
1769981142.3349643,1440,71.45732116699219
1769981152.2078683,1441,75.46892547607422
1769981340.9358592,1442,71.1989517211914
1769981348.701072,1443,72.7162857055664
1769981353.1785922,1444,74.30982208251953
1769981358.5073855,1445,69.73114013671875
1769981364.0637288,1446,72.16671752929688
1769981379.414794,1447,73.91663360595703
1769981383.5011535,1448,69.51731872558594
1769981390.185792,1449,74.30481719970703
1769981390.3071117,1450,73.00435638427734
1769981399.6554,1451,71.16819763183594
1769981406.402981,1452,72.39405822753906
1769981423.6335988,1453,72.56493377685547
1769981427.2637389,1454,66.90449523925781
1769981442.268771,1455,74.0596694946289
1769981446.2368348,1456,68.953125
1769981454.502809,1457,79.0506820678711
1769981476.0744758,1458,75.81304168701172
1769981499.5768101,1459,75.77445983886719
1769981502.4033132,1460,71.07347106933594
1769981506.846494,1461,73.82357025146484
1769981511.5975926,1462,68.03684997558594
1769981526.6078973,1463,72.03195190429688
1769981529.5696628,1464,64.1951904296875
1769981552.3641133,1465,74.58452606201172
1769981558.8750522,1466,73.40278625488281
1769981568.2762046,1467,68.77397918701172
1769981571.2384317,1468,70.00366973876953
1769981625.309073,1469,75.21685028076172
1769981812.6309824,1470,72.6943130493164
1769981818.8789184,1471,74.32337188720703
1769981822.875181,1472,64.45098876953125
1769981851.466292,1473,74.57510375976562
1769981857.9727583,1474,75.35856628417969
1769981876.5569909,1475,75.70547485351562
1769981884.4898229,1476,74.61748504638672
1769981891.8680353,1477,80.73242950439453
1769981909.375377,1478,75.04939270019531
1769981909.5068147,1479,35.97732925415039
1769981918.5224555,1480,73.47161865234375
1769981931.840186,1481,71.96534729003906
1769981950.5771596,1482,76.1212158203125
1769981965.1374607,1483,73.32062530517578
1769981968.6818447,1484,75.5898666381836
1769981971.5466304,1485,76.9428939819336
1769981987.1009696,1486,80.30766296386719
1769981987.7418294,1487,59.78506088256836
1769981998.3296888,1488,76.1526107788086
1769982005.0968394,1489,75.87826538085938
1769982018.3595145,1490,74.8387451171875
1769982022.2873962,1491,76.013671875
1769982025.2851596,1492,74.65180206298828
1769982031.9949641,1493,74.97920989990234
1769982043.674178,1494,72.85640716552734
1769982070.2625737,1495,75.15132904052734
1769982087.1806273,1496,75.90396118164062
1769982170.7984252,1497,73.38992309570312
1769982182.3681242,1498,75.33438873291016
1769982188.2904346,1499,73.56303405761719
1769982195.1060216,1500,72.67318725585938
1769982204.1943405,1501,76.56304931640625
1769982208.9493582,1502,75.80452728271484
1769982220.5306232,1503,76.88114929199219
1769982249.6224601,1504,77.30050659179688
1769982262.162385,1505,77.87581634521484
1769982269.4656792,1506,74.19757080078125
1769982270.5860002,1507,67.7915267944336
1769982277.3762426,1508,81.98682403564453
1769982277.4979353,1509,38.655635833740234
1769982318.2543855,1510,77.08486938476562
1769982326.0209196,1511,77.35226440429688
1769982332.5605452,1512,77.95675659179688
1769982338.764167,1513,74.91812896728516
1769982340.2420108,1514,69.61046600341797
1769982343.1933007,1515,71.51260375976562
1769982349.1998281,1516,79.71818542480469
1769982367.1265943,1517,77.16468048095703
1769982379.9417894,1518,76.01195526123047
1769982388.654207,1519,77.12449645996094
1769982399.9634476,1520,79.98735046386719
1769982416.0600462,1521,79.80809020996094
1769982417.9559467,1522,75.86762237548828
1769982418.0753334,1523,57.36827850341797
1769982425.0902803,1524,75.73699951171875
1769982439.48035,1525,78.97964477539062
1769982448.319987,1526,79.4630126953125
1769982453.202494,1527,75.54859924316406
1769982587.630959,1528,75.5243148803711
1769982593.900452,1529,74.29985046386719
1769982596.8727844,1530,75.5068359375
1769982601.091951,1531,75.85179138183594
1769982604.3230228,1532,73.98109436035156
1769982622.8531475,1533,82.83490753173828
1769982645.1213434,1534,81.19690704345703
1769982659.03593,1535,79.86503601074219
1769982684.6429906,1536,80.34586334228516
1769982709.7418394,1537,82.06940460205078
1769982731.8386598,1538,84.18744659423828
1769982735.0429091,1539,73.49214935302734
1769982735.1631083,1540,49.66679763793945
1769982764.627415,1541,80.33802032470703
1769982765.9252906,1542,76.69800567626953
1769982779.7892652,1543,83.50989532470703
1769982782.706776,1544,77.44020080566406
1769982802.494046,1545,77.95016479492188
1769982811.6795878,1546,76.03999328613281
1769982822.6067057,1547,77.88459777832031
1769982829.3817556,1548,82.51348114013672
1769982849.1917975,1549,78.68489837646484
1769982852.195525,1550,75.95207214355469
1769982852.313095,1551,38.48984909057617
1769982855.2642078,1552,78.20187377929688
1769982862.6290941,1553,78.00557708740234
1769982869.811902,1554,79.66487121582031
1769982912.0122385,1555,77.01402282714844
1769982914.9915335,1556,81.57303619384766
1769982918.1763704,1557,76.27088165283203
1769982931.4309871,1558,82.5343246459961
1769982942.2456472,1559,83.47233581542969
1769982944.7016084,1560,70.31599426269531
1769982957.1291065,1561,83.46894073486328
1769982965.5997605,1562,84.03440856933594
1769982968.6821454,1563,70.30404663085938
1769982986.7551017,1564,82.5964126586914
1769982991.5394926,1565,79.21969604492188
1769983001.8694983,1566,81.58027648925781
1769983007.5684025,1567,83.65721893310547
1769983010.564353,1568,76.67302703857422
1769983022.350527,1569,80.81793975830078
1769983034.1246684,1570,79.68499755859375
1769983037.1283379,1571,80.86766815185547
1769983040.4671574,1572,80.24766540527344
1769983040.5868244,1573,64.0927963256836
1769983044.043701,1574,73.95552062988281
1769983047.6033657,1575,80.21580505371094
1769983053.645083,1576,80.28099060058594
1769983056.6485693,1577,80.10823059082031
1769983059.4304674,1578,80.1532211303711
1769983064.9245112,1579,82.90270233154297
1769983080.3580446,1580,77.34268188476562
1769983084.2056105,1581,76.48628997802734
1769983104.8302329,1582,81.65702819824219
1769983110.7839015,1583,74.20967864990234
1769983116.96367,1584,77.11461639404297
1769983119.9185634,1585,74.06329345703125
1769983122.023747,1586,78.06034851074219
1769983141.111098,1587,81.71467590332031
1769983216.1817179,1588,83.69281005859375
1769983229.1713116,1589,79.56782531738281
1769983277.2803092,1590,81.49787902832031
1769983281.2383475,1591,76.84173583984375
1769983285.7066278,1592,86.1130142211914
1769983285.8268316,1593,39.677066802978516
1769983297.598626,1594,79.44207000732422
1769983307.173013,1595,78.6041259765625
1769983310.131238,1596,79.80278778076172
1769983316.2754204,1597,75.1797866821289
1769983337.6340013,1598,81.4177474975586
1769983340.7835307,1599,75.95256805419922
1769983340.9044552,1600,62.87095260620117
1769983346.3781366,1601,83.08609771728516
1769983346.5011208,1602,60.49980545043945
1769983356.9760277,1603,83.24495697021484
1769983365.8831978,1604,80.52587890625
1769983377.819201,1605,79.12782287597656
1769983405.8058434,1606,82.92124938964844
1769983408.5656042,1607,84.52923583984375
1769983409.9286478,1608,79.95702362060547
1769983419.6831336,1609,80.63973999023438
1769983425.4792006,1610,77.22319030761719
1769983433.4890878,1611,83.95723724365234
1769983450.199068,1612,83.8448715209961
1769983457.517136,1613,80.59917449951172
1769983466.7885625,1614,82.83074951171875
1769983473.236849,1615,77.88383483886719
1769983562.2811465,1616,77.82819366455078
1769983562.402722,1617,42.520145416259766
1769983568.6215625,1618,79.07866668701172
1769983576.9233165,1619,79.39041137695312
1769983581.4330022,1620,84.40035247802734
1769983590.3606951,1621,83.8901596069336
1769983618.4634366,1622,82.96315002441406
1769983626.8566077,1623,80.23335266113281
1769983627.3764896,1624,74.23653411865234
1769983631.7630937,1625,76.11256408691406
1769983635.9471738,1626,77.4917221069336
1769983641.4394832,1627,77.58110046386719
1769983646.1323392,1628,78.41059875488281
1769983652.2195687,1629,72.30951690673828
1769983667.8327677,1630,81.12556457519531
1769983671.282638,1631,72.45508575439453
1769983674.2497702,1632,74.47488403320312
1769983687.5707777,1633,82.4208984375
1769983687.698066,1634,56.03470993041992
1769983690.734922,1635,78.73326110839844
1769983698.4669838,1636,78.8482666015625
1769983713.2956486,1637,80.50930786132812
1769983720.1438725,1638,76.79573059082031
1769983731.6910534,1639,80.89775848388672
1769983739.5980656,1640,82.2866439819336
1769983757.3290126,1641,83.3323745727539
1769983762.8667758,1642,80.40752410888672
1769983765.854421,1643,76.1759033203125
1769983769.1987522,1644,82.21282958984375
1769983776.0074956,1645,80.4955062866211
1769983778.952464,1646,83.344482421875
1769983781.9222343,1647,84.70403289794922
1769983793.1716404,1648,80.23696899414062
1769983807.623398,1649,81.20108032226562
1769983825.996288,1650,84.29942321777344
1769983831.107995,1651,78.04054260253906
1769983839.5084636,1652,80.33899688720703
1769983845.4792593,1653,86.58596801757812
1769983980.0800986,1654,79.22373962402344
1769983980.200612,1655,49.42294692993164
1769983992.4851658,1656,83.90255737304688
1769984022.167772,1657,85.77835083007812
1769984027.8465586,1658,85.90497589111328
1769984030.7969267,1659,77.39129638671875
1769984047.3360505,1660,80.81964874267578
1769984061.757983,1661,83.12386322021484
1769984068.4209898,1662,82.26819610595703
1769984072.2781026,1663,80.63850402832031
1769984083.1730146,1664,86.4821548461914
1769984094.4320161,1665,83.34379577636719
1769984096.7172194,1666,81.35845947265625
1769984101.921289,1667,85.81684875488281
1769984107.895137,1668,78.94832611083984
1769984112.216086,1669,87.52845764160156
1769984123.426935,1670,84.75714874267578
1769984128.2659662,1671,76.28899383544922
1769984135.863597,1672,84.12689208984375
1769984139.0493608,1673,88.23950958251953
1769984148.3270311,1674,81.91484069824219
1769984159.386183,1675,83.25564575195312
1769984165.1147294,1676,84.12515258789062
1769984168.954421,1677,78.2518310546875
1769984186.14306,1678,84.7712631225586
1769984189.5680773,1679,81.3528823852539
1769984208.6313996,1680,88.58776092529297
1769984211.6409295,1681,81.76947784423828
1769984220.0412009,1682,83.4022216796875
1769984220.164679,1683,62.77314376831055
1769984223.0543473,1684,86.20611572265625
1769984226.2831504,1685,83.13909149169922
1769984226.4030585,1686,61.59297180175781
1769984236.997853,1687,83.37714385986328
1769984239.9650075,1688,78.11265563964844
1769984246.416068,1689,83.47437286376953
1769984258.022783,1690,85.20951843261719
1769984274.7922833,1691,85.17436218261719
1769984373.6620054,1692,82.94166564941406
1769984377.128054,1693,77.5175552368164
1769984380.0824819,1694,82.720703125
1769984383.0339403,1695,76.46558380126953
1769984390.5756624,1696,86.53898620605469
1769984405.0157347,1697,79.55280303955078
1769984420.245807,1698,85.05917358398438
1769984423.2238514,1699,83.99169158935547
1769984423.4019723,1700,82.55526733398438
1769984436.1821072,1701,89.04055786132812
1769984444.3902798,1702,81.55796813964844
1769984454.132167,1703,83.37893676757812
1769984460.1979678,1704,76.34310150146484
1769984487.1212718,1705,90.37301635742188
1769984489.0277956,1706,82.93291473388672
1769984499.4809136,1707,83.9302749633789
1769984512.5002806,1708,86.42997741699219
1769984517.2231805,1709,86.82981872558594
1769984517.459234,1710,67.37625122070312
1769984520.2933145,1711,81.91865539550781
1769984520.8693066,1712,70.55242919921875
1769984523.8553026,1713,84.50105285644531
1769984531.247217,1714,81.97561645507812
1769984550.6613133,1715,87.21038055419922
1769984557.373349,1716,81.0109634399414
1769984581.5286558,1717,89.344482421875
1769984587.562354,1718,87.58348846435547
1769984594.8432224,1719,85.4024658203125
1769984608.8013616,1720,83.31549072265625
1769984618.8440158,1721,85.92603302001953
1769984649.0901666,1722,84.9635009765625
1769984792.0541205,1723,83.4380874633789
1769984795.0179293,1724,87.11294555664062
1769984803.6597989,1725,86.8402099609375
1769984822.7959461,1726,90.71431732177734
1769984825.0261147,1727,81.62419891357422
1769984829.1060164,1728,90.53209686279297
1769984846.5233905,1729,85.92438507080078
1769984851.3263602,1730,81.25128936767578
1769984861.640632,1731,86.0262222290039
1769984875.082532,1732,89.24148559570312
1769984884.4896667,1733,86.21739959716797
1769984887.5015984,1734,78.97342681884766
1769984889.9035537,1735,90.72623443603516
1769984907.8300896,1736,87.94849395751953
1769984912.8809574,1737,79.89231872558594
1769984934.0010567,1738,86.67781066894531
1769984939.9614892,1739,90.81996154785156
1769984940.084242,1740,65.44917297363281
1769984951.9307184,1741,89.2790756225586
1769984955.7469926,1742,78.69335174560547
1769984966.4251664,1743,85.79148864746094
1769984972.763878,1744,88.70138549804688
1769984975.7602112,1745,82.00408172607422
1769984978.7164283,1746,88.54403686523438
1769984984.3936474,1747,85.3116683959961
1769985002.2506669,1748,94.24623107910156
1769985008.2976534,1749,91.28138732910156
1769985019.5330217,1750,86.30610656738281
1769985043.596521,1751,87.72693634033203
1769985054.3456638,1752,92.03968048095703
1769985079.3288293,1753,91.25509643554688
1769985167.6390827,1754,68.19218444824219
1769985185.8366144,1755,88.19535827636719
1769985187.6051805,1756,75.95978546142578
1769985210.8234344,1757,90.30008697509766
1769985225.8792322,1758,89.22197723388672
1769985229.7620294,1759,80.14746856689453
1769985243.255125,1760,92.50100708007812
1769985246.6346693,1761,78.06917572021484
1769985252.8843994,1762,86.85005950927734
1769985253.0042515,1763,52.985591888427734
1769985255.949791,1764,87.12810516357422
1769985259.2353477,1765,82.71067810058594
1769985269.5645118,1766,86.66041564941406
1769985273.6716516,1767,85.4542236328125
1769985290.692085,1768,87.39988708496094
1769985296.357349,1769,86.13278198242188
1769985300.7212396,1770,87.14270782470703
1769985306.5245416,1771,92.45087432861328
1769985317.8621757,1772,85.97917938232422
1769985321.3314302,1773,80.19906616210938
1769985331.5633018,1774,90.91328430175781
1769985338.3819404,1775,86.21963500976562
1769985347.7509222,1776,86.791259765625
1769985351.731833,1777,85.51126861572266
1769985360.0639098,1778,88.0069808959961
1769985361.8375432,1779,76.1761245727539
1769985379.7257428,1780,91.9700927734375
1769985383.4335723,1781,85.51956939697266
1769985386.6927125,1782,82.97750091552734
1769985393.4586878,1783,83.1270980834961
1769985402.1584744,1784,84.59636688232422
1769985406.3845417,1785,84.35042572021484
1769985414.1667879,1786,91.30072784423828
1769985418.463878,1787,82.89678955078125
1769985423.5761313,1788,83.74760437011719
1769985428.2257323,1789,79.12530517578125
1769985443.9678855,1790,91.00688934326172
1769985558.5342216,1791,82.65084075927734
1769985566.934582,1792,87.16126251220703
1769985571.0069442,1793,84.4839096069336
1769985574.7649033,1794,88.5531997680664
1769985589.380265,1795,87.0142822265625
1769985611.5985904,1796,92.887939453125
1769985617.0089796,1797,84.25654602050781
1769985619.9794562,1798,85.21434020996094
1769985626.0754836,1799,80.63298797607422
1769985633.884328,1800,85.37676239013672
1769985638.826665,1801,91.31613159179688
1769985644.624121,1802,93.55883026123047
1769985651.445153,1803,89.15201568603516
1769985658.0194602,1804,89.74317932128906
1769985658.143266,1805,41.547969818115234
1769985672.9410384,1806,91.9556884765625
1769985684.0263443,1807,95.7268295288086
1769985691.541378,1808,83.9241943359375
1769985697.1310527,1809,84.1087417602539
1769985711.7341292,1810,87.20597839355469
1769985712.3154466,1811,80.09844207763672
1769985722.771939,1812,87.18002319335938
1769985729.7356734,1813,89.79104614257812
1769985759.6655662,1814,91.75080871582031
1769985765.3148062,1815,87.41072845458984
1769985768.313756,1816,84.79041290283203
1769985769.6193337,1817,81.29544067382812
1769985773.8244567,1818,86.6727523803711
1769985781.1301897,1819,88.68875885009766
1769985784.10299,1820,93.2358169555664
1769985805.694398,1821,94.91980743408203
1769985817.7171133,1822,98.86134338378906
1769985827.263321,1823,87.48641967773438
1769985836.5754006,1824,91.30148315429688
1769985952.7129247,1825,91.53117370605469
1769985966.0369754,1826,91.23846435546875
1769985975.9736333,1827,99.32205963134766
1769985994.0761003,1828,95.37362670898438
1769986000.0011072,1829,91.0083236694336
1769986024.4171224,1830,94.38726043701172
1769986036.8451118,1831,98.31596374511719
1769986056.055978,1832,94.22384643554688
1769986059.0668056,1833,90.34239196777344
1769986072.5842721,1834,93.33806610107422
1769986079.9637074,1835,92.05451965332031
1769986089.4280627,1836,92.42272186279297
1769986104.0099597,1837,89.95170593261719
1769986107.0221589,1838,99.2407455444336
1769986130.9483712,1839,98.27538299560547
1769986141.39291,1840,92.63590240478516
1769986157.7674124,1841,92.3514175415039
1769986168.7490695,1842,98.90240478515625
1769986174.3018427,1843,89.82343292236328
1769986182.3687637,1844,87.97444152832031
1769986204.6899533,1845,97.01647186279297
1769986209.4101925,1846,97.28194427490234
1769986212.6226747,1847,87.41902923583984
1769986232.4694448,1848,89.41175842285156
1769986314.5954618,1849,92.03866577148438
1769986345.0438206,1850,89.12869262695312
1769986361.8633556,1851,93.11931610107422
1769986365.6698391,1852,89.80654907226562
1769986368.8960884,1853,96.43714904785156
1769986374.5563288,1854,90.46060180664062
1769986393.8121288,1855,97.19113159179688
1769986412.0339565,1856,93.60904693603516
1769986425.3546588,1857,93.36122131347656
1769986437.073993,1858,97.45649719238281
1769986442.8106155,1859,92.54386138916016
1769986447.13253,1860,89.82113647460938
1769986454.6456463,1861,91.67334747314453
1769986457.739029,1862,87.95120239257812
1769986462.5172982,1863,92.35069274902344
1769986472.854637,1864,94.0406494140625
1769986488.769061,1865,98.97248840332031
1769986493.7095008,1866,92.67359924316406
1769986509.2749698,1867,99.73458099365234
1769986516.770248,1868,92.40315246582031
1769986522.5226321,1869,95.65422058105469
1769986525.5534315,1870,99.79253387451172
1769986526.2438667,1871,79.70886993408203
1769986550.8424633,1872,100.48710632324219
1769986555.0289192,1873,95.72099304199219
1769986555.1490233,1874,81.65132904052734
1769986559.4697254,1875,86.57573699951172
1769986564.269827,1876,93.50373077392578
1769986580.1828015,1877,100.28547668457031
1769986589.2290275,1878,94.69090270996094
1769986733.739465,1879,95.14398956298828
1769986757.909358,1880,100.50751495361328
1769986783.8092463,1881,98.14813232421875
1769986786.7972262,1882,92.05731201171875
1769986789.757168,1883,93.89552307128906
1769986793.0551453,1884,104.18794250488281
1769986805.1804836,1885,95.39884948730469
1769986844.728826,1886,105.58349609375
1769986863.4937978,1887,104.3617172241211
1769986870.9715738,1888,91.21147918701172
1769986895.4270065,1889,102.04534912109375
1769986907.4753263,1890,92.6645736694336
1769986926.4577034,1891,95.45391845703125
1769986938.0863922,1892,92.30387878417969
1769986964.0623856,1893,101.53243255615234
1769986967.623126,1894,95.3715591430664
1769986971.4799612,1895,92.37793731689453
1769986987.3947296,1896,97.27140045166016
1769987000.0701542,1897,97.67640686035156
1769987012.1341324,1898,96.95780944824219
1769987089.868092,1899,94.43303680419922
1769987094.7292004,1900,94.41387939453125
1769987101.376487,1901,98.84722137451172
1769987106.0470796,1902,92.7626953125
1769987110.4247656,1903,93.1748046875
1769987119.1582224,1904,91.95503234863281
1769987125.9018574,1905,102.13568115234375
1769987126.0244913,1906,61.92478942871094
1769987126.141203,1907,54.716983795166016
1769987136.8842266,1908,102.22348022460938
1769987143.0423944,1909,98.74581146240234
1769987143.1659014,1910,93.71965026855469
1769987146.1807454,1911,98.83854675292969
1769987150.7223759,1912,97.75675201416016
1769987155.9763818,1913,95.21209716796875
1769987156.0993173,1914,65.63680267333984
1769987162.4385421,1915,93.53773498535156
1769987167.2955778,1916,97.80194091796875
1769987173.9650943,1917,97.45391845703125
1769987181.6097152,1918,98.46610260009766
1769987192.8792057,1919,97.53060150146484
1769987196.372742,1920,94.67764282226562
1769987199.3330612,1921,94.62667083740234
1769987202.5182397,1922,93.44556427001953
1769987252.2609553,1923,98.84638214111328
1769987258.055785,1924,94.30884552001953
1769987261.0085256,1925,93.08182525634766
1769987263.9526343,1926,93.98509979248047
1769987265.147578,1927,90.01454162597656
1769987272.9928088,1928,98.87055206298828
1769987284.2428782,1929,93.46366882324219
1769987288.8661757,1930,94.2662124633789
1769987292.9972138,1931,93.55064392089844
1769987301.2771142,1932,94.05453491210938
1769987308.6899428,1933,96.08686828613281
1769987327.0568259,1934,94.30613708496094
1769987344.9819226,1935,97.41033935546875
1769987360.703311,1936,95.98731231689453
1769987408.2671175,1937,87.09525299072266
1769987410.2027245,1938,97.40618133544922
1769987417.9502282,1939,98.66375732421875
1769987421.4791238,1940,90.97962188720703
1769987424.549937,1941,96.01094818115234
1769987428.095551,1942,97.01983642578125
1769987431.646718,1943,95.40357208251953
1769987446.618764,1944,98.2125244140625
1769987451.025841,1945,100.94879913330078
1769987460.4835103,1946,97.27117156982422
1769987471.38431,1947,99.23345184326172
1769987474.3481011,1948,96.01367950439453
1769987478.2382023,1949,94.48375701904297
1769987486.300651,1950,90.4462661743164
1769987494.2473505,1951,102.36258697509766
1769987499.4861028,1952,96.0982666015625
1769987502.4927142,1953,98.26595306396484
1769987511.467647,1954,98.51042175292969
1769987530.3602192,1955,100.94207763671875
1769987548.2354972,1956,105.40833282470703
1769987572.7717788,1957,104.1732177734375
1769987573.0211256,1958,66.07977294921875
1769987577.6045766,1959,100.98750305175781
1769987578.4048417,1960,95.74431610107422
1769987586.1980405,1961,107.6135482788086
1769987593.0083978,1962,101.60542297363281
1769987597.4924705,1963,107.82009887695312
1769987608.7880926,1964,103.23375701904297
1769987612.9021738,1965,105.35433959960938
1769987615.8691278,1966,96.09862518310547
1769987620.2409616,1967,101.30450439453125
1769987625.9229903,1968,94.20948028564453
1769987645.290823,1969,101.6440658569336
1769987645.4252365,1970,67.64795684814453
1769987648.3773515,1971,100.6177749633789
1769987657.5009236,1972,98.38875579833984
1769987669.7726579,1973,92.95067596435547
1769987698.6262782,1974,100.13402557373047
1769987867.8499024,1975,92.6541748046875
1769987871.8697994,1976,91.63525390625
1769987879.199724,1977,106.96951293945312
1769987882.1791627,1978,104.18447875976562
1769987898.6868508,1979,100.22510528564453
1769987898.8199499,1980,79.34904479980469
1769987907.1531572,1981,96.41935729980469
1769987913.5950823,1982,100.30487823486328
1769987913.7753925,1983,99.5439224243164
1769987914.298179,1984,91.50016021728516
1769987922.5953677,1985,93.15652465820312
1769987930.8007283,1986,100.29862976074219
1769987934.7219207,1987,99.31705474853516
1769987941.115946,1988,95.1995849609375
1769987960.4117324,1989,99.93350982666016
1769987988.8247926,1990,100.3903579711914
1769987998.6192522,1991,98.9495620727539
1769988008.5914762,1992,100.24642181396484
1769988011.5670738,1993,92.41309356689453
1769988014.5358634,1994,98.22940063476562
1769988017.492648,1995,90.74993133544922
1769988025.80048,1996,97.3576431274414
1769988045.7388976,1997,99.50840759277344
1769988046.328125,1998,83.5956802368164
1769988049.3272848,1999,88.2661361694336
1769988050.4160886,2000,81.12606811523438
1769988058.9370563,2001,93.20354461669922
1769988061.8887045,2002,96.64691162109375
1769988070.6456726,2003,104.44291687011719
1769988074.8246317,2004,97.0406723022461
1769988078.6863337,2005,97.63775634765625
1769988087.3743613,2006,102.48821258544922
1769988090.3392518,2007,94.94337463378906
1769988097.4027503,2008,106.09200286865234
1769988118.7947822,2009,97.45275115966797
1769988132.0779867,2010,101.58496856689453
1769988142.930495,2011,106.15821075439453
1769988151.4167233,2012,100.01669311523438
1769988314.613367,2013,91.19510650634766
1769988324.2124717,2014,99.96124267578125
1769988347.4747214,2015,106.00835418701172
1769988355.458417,2016,94.28837585449219
1769988366.3363774,2017,99.12263488769531
1769988372.0975964,2018,99.19410705566406
1769988375.056916,2019,91.85574340820312
1769988378.0128899,2020,89.07091522216797
1769988390.4009213,2021,100.91895294189453
1769988391.3549366,2022,86.51251220703125
1769988417.0030143,2023,98.57442474365234
1769988420.2036126,2024,97.0765380859375
1769988434.2228582,2025,97.27206420898438
1769988443.4790394,2026,95.41675567626953
1769988446.704613,2027,93.0276107788086
1769988449.1559105,2028,84.3995361328125
1769988460.9322724,2029,95.56840515136719
1769988468.2397993,2030,99.15497589111328
1769988477.271868,2031,97.76919555664062
1769988486.2118638,2032,98.20958709716797
1769988510.23394,2033,101.25385284423828
1769988518.4242775,2034,97.10798645019531
1769988521.4356692,2035,90.13982391357422
1769988524.402178,2036,95.98165130615234
1769988527.4132419,2037,93.76459503173828
1769988534.4385836,2038,100.5225601196289
1769988538.8675046,2039,93.7667007446289
1769988542.991192,2040,97.27498626708984
1769988549.2826834,2041,100.44734191894531
1769988558.0719,2042,102.19573974609375
1769988579.9667153,2043,101.19434356689453
1769988585.6484404,2044,93.5053939819336
1769988592.032522,2045,101.66143798828125
1769988600.611482,2046,97.3114242553711
1769988738.066776,2047,95.133056640625
1769988741.0328655,2048,94.63862609863281
1769988755.1067894,2049,98.5976333618164
1769988764.5378048,2050,93.38697052001953
1769988769.6198149,2051,95.6499252319336
1769988807.363793,2052,103.73417663574219
1769988808.8871322,2053,94.7889633178711
1769988812.355748,2054,95.70195007324219
1769988815.3098955,2055,93.564208984375
1769988823.5947788,2056,100.77134704589844
1769988826.6097503,2057,99.51847839355469
1769988841.424547,2058,99.49742889404297
1769988845.812324,2059,97.63824462890625
1769988863.773723,2060,97.18159484863281
1769988875.0238543,2061,97.22704315185547
1769988898.0610323,2062,104.43013763427734
1769988901.080457,2063,96.24760437011719
1769988905.8432782,2064,102.9351806640625
1769988912.8115716,2065,99.50999450683594
1769988923.5682125,2066,104.80020141601562
1769988931.852398,2067,96.60245513916016
1769988934.1363306,2068,95.90001678466797
1769988944.223705,2069,97.60005187988281
1769988950.4900408,2070,98.70530700683594
1769988950.6123424,2071,61.95033264160156
1769988960.1677148,2072,98.52003479003906
1769988965.9618807,2073,99.1580581665039
1769988988.649702,2074,100.76896667480469
1769989041.9464462,2075,103.51690673828125
1769989147.326232,2076,94.68617248535156
1769989152.369708,2077,99.77800750732422
1769989159.304105,2078,103.0264663696289
1769989163.1825562,2079,98.34288024902344
1769989177.1981118,2080,101.25323486328125
1769989177.3275552,2081,49.972469329833984
1769989185.9314234,2082,100.6212158203125
1769989189.068826,2083,99.64464569091797
1769989198.709534,2084,101.61388397216797
1769989201.7229786,2085,92.54852294921875
1769989218.3782427,2086,106.46366882324219
1769989228.4686353,2087,103.8691635131836
1769989239.8851545,2088,101.46540069580078
1769989246.530343,2089,97.54855346679688
1769989254.7086627,2090,100.9625473022461
1769989257.688733,2091,96.39738464355469
1769989267.9757485,2092,103.11302947998047
1769989272.5309188,2093,98.14337158203125
1769989274.9104495,2094,94.52490997314453
1769989284.0997446,2095,99.68173217773438
1769989295.5288064,2096,106.08943939208984
1769989309.5029197,2097,107.14054870605469
1769989319.6312377,2098,106.7685775756836
1769989335.595339,2099,105.35465240478516
1769989351.2170713,2100,102.8898696899414
1769989355.5546691,2101,103.00969696044922
1769989359.499902,2102,102.35672760009766
1769989367.3606746,2103,104.955078125
1769989371.615229,2104,106.12152862548828
1769989376.9924328,2105,103.0566635131836
1769989382.3665543,2106,94.6739501953125
1769989388.3676286,2107,101.53466796875
1769989390.6400003,2108,88.55530548095703
1769989510.0826585,2109,96.16890716552734
1769989522.5496051,2110,108.69251251220703
1769989527.2569299,2111,104.91265869140625
1769989549.1941824,2112,113.5477523803711
1769989552.2051075,2113,99.18401336669922
1769989564.4700003,2114,103.46952819824219
1769989567.4879768,2115,92.5606460571289
1769989576.4642367,2116,105.36306762695312
1769989581.586288,2117,103.0934066772461
1769989581.877009,2118,71.6780776977539
1769989581.9956002,2119,63.237815856933594
1769989590.7641788,2120,98.58193969726562
1769989616.141588,2121,106.66496276855469
1769989622.0056903,2122,99.2848129272461
1769989634.9069242,2123,103.02256774902344
1769989658.6248226,2124,106.12014770507812
1769989686.409195,2125,102.17850494384766
1769989706.1487472,2126,110.57462310791016
1769989709.1670408,2127,101.0897445678711
1769989712.28907,2128,94.8276596069336
1769989726.0650811,2129,104.68647766113281
1769989735.2830057,2130,100.2842788696289
1769989749.8083344,2131,110.41381072998047
1769989756.7938938,2132,101.87843322753906
1769989762.6174362,2133,105.90235900878906
1769989772.0621378,2134,104.5444107055664
1769989777.1063404,2135,103.7828598022461
1769989789.4344413,2136,102.09911346435547
1769989791.76286,2137,103.04475402832031
1769989810.3047712,2138,107.30204010009766
1769989946.4523125,2139,108.92665100097656
1769989951.3387926,2140,109.22330474853516
1769989963.185195,2141,98.75434875488281
1769989991.6086192,2142,114.83901977539062
1769990017.3015194,2143,104.73739624023438
1769990020.6808999,2144,101.38612365722656
1769990024.8185596,2145,95.41468048095703
1769990035.0999877,2146,107.23961639404297
1769990043.0631757,2147,98.32701873779297
1769990051.825592,2148,101.6998519897461
1769990053.863702,2149,102.99939727783203
1769990056.8442223,2150,100.66680145263672
1769990059.8410468,2151,95.95977020263672
1769990062.807571,2152,101.0825424194336
1769990068.3738081,2153,96.5263671875
1769990087.9804785,2154,101.40001678466797
1769990095.8638349,2155,98.11211395263672
1769990103.8446782,2156,99.75837707519531
1769990109.4237132,2157,102.96540832519531
1769990111.93093,2158,95.958251953125
1769990115.5637176,2159,104.57441711425781
1769990126.1717627,2160,101.03186798095703
1769990130.5610466,2161,101.62953186035156
1769990133.5199575,2162,100.05718994140625
1769990159.2365909,2163,103.09683990478516
1769990164.0920177,2164,106.18154907226562
1769990182.4021137,2165,100.49681091308594
1769990186.7280138,2166,99.96202087402344
1769990196.3868227,2167,100.21173858642578
1769990214.8081193,2168,107.6044692993164
1769990338.1241353,2169,102.9271011352539
1769990341.128626,2170,96.99608612060547
1769990350.1835942,2171,102.65399169921875
1769990361.6953287,2172,108.53691864013672
1769990373.4797442,2173,99.97470092773438
1769990373.7727675,2174,103.41520690917969
1769990383.3900986,2175,101.78609466552734
1769990386.5759294,2176,102.49987030029297
1769990393.9935298,2177,100.84320831298828
1769990396.591026,2178,106.01642608642578
1769990403.8757544,2179,107.27949523925781
1769990407.6832328,2180,102.9480972290039
1769990422.1223435,2181,104.52088928222656
1769990425.0431356,2182,100.23209381103516
1769990426.6332378,2183,92.67024993896484
1769990433.1969707,2184,102.31427764892578
1769990443.226346,2185,100.52229309082031
1769990450.9092126,2186,106.13887786865234
1769990458.6570492,2187,102.5164566040039
1769990461.183778,2188,96.65721130371094
1769990465.456869,2189,99.4250259399414
1769990465.7482476,2190,89.77964782714844
1769990465.8645947,2191,85.87440490722656
1769990475.022084,2192,101.73973083496094
1769990496.211236,2193,107.04618072509766
1769990509.5801613,2194,100.55339813232422
1769990514.9862063,2195,102.01105499267578
1769990525.1100478,2196,101.23983764648438
1769990544.2615566,2197,103.51142883300781
1769990547.2619112,2198,101.0914535522461
1769990556.6924422,2199,106.88508605957031
1769990561.1659918,2200,99.3880386352539
1769990572.6352632,2201,109.83200073242188
1769990575.6058683,2202,100.90021514892578
1769990584.8345048,2203,107.46917724609375
1769990584.960923,2204,71.32613372802734
1769990600.0982265,2205,110.30726623535156
1769990603.0674007,2206,104.24122619628906
1769990608.8190892,2207,99.41339111328125
1769990614.4043782,2208,101.58075714111328
1769990703.9080794,2209,100.03936767578125
1769990726.3936088,2210,106.70771789550781
1769990726.8746915,2211,94.5870361328125
1769990726.9942243,2212,102.59402465820312
1769990731.997979,2213,101.80493927001953
1769990739.9044297,2214,99.8562240600586
1769990746.8000407,2215,100.41329193115234
1769990756.5763876,2216,104.51454162597656
1769990767.9488633,2217,102.58467864990234
1769990781.4986415,2218,104.96662139892578
1769990783.2898507,2219,103.03861999511719
1769990792.1259587,2220,99.19728088378906
1769990812.0224252,2221,102.51882934570312
1769990816.5506127,2222,97.2216796875
1769990819.9046962,2223,105.60708618164062
1769990823.7730129,2224,98.36634826660156
1769990826.7441902,2225,105.66446685791016
1769990832.1913326,2226,101.39700317382812
1769990837.2867405,2227,104.13703155517578
1769990845.7738981,2228,100.83161163330078
1769990851.622879,2229,102.5752182006836
1769990857.8987868,2230,106.3202133178711
1769990874.5052383,2231,109.48424530029297
1769990894.1824422,2232,105.37275695800781
1769990897.2947662,2233,94.51891326904297
1769990907.5279381,2234,106.2319107055664
1769990920.484844,2235,104.94226837158203
1769990925.7393198,2236,102.59217071533203
1769990936.3401148,2237,100.89076232910156
1769990943.3410513,2238,102.18094635009766
1769990958.888572,2239,100.03209686279297
1769990962.3664293,2240,100.11726379394531
1769990970.3588076,2241,108.80834197998047
1769990984.6264439,2242,104.5666732788086
1769991044.763552,2243,91.09302520751953
1769991050.8342884,2244,103.300537109375
1769991065.0019825,2245,102.75740051269531
1769991075.1620717,2246,101.18230438232422
1769991099.1537254,2247,105.0170669555664
1769991103.6684775,2248,95.77176666259766
1769991130.1884985,2249,102.70791625976562
1769991131.2757134,2250,91.21436309814453
1769991134.2377021,2251,98.71788024902344
1769991137.2924461,2252,94.76506805419922
1769991143.6732283,2253,98.18677520751953
1769991158.7442594,2254,100.6778793334961
1769991168.2680185,2255,101.68360137939453
1769991190.9652624,2256,105.83636474609375
1769991201.7213855,2257,102.60865783691406
1769991208.067645,2258,98.3257064819336
1769991212.499353,2259,102.75873565673828
1769991215.5913346,2260,96.47804260253906
1769991223.7663667,2261,105.25935363769531
1769991232.2151515,2262,103.40571594238281
1769991235.195249,2263,96.19210052490234
1769991239.979308,2264,101.340576171875
1769991250.5423465,2265,102.63409423828125
1769991283.3164167,2266,105.24486541748047
1769991289.9907088,2267,101.71903228759766
1769991300.7914429,2268,99.06095123291016
1769991303.2592776,2269,93.40697479248047
1769991309.069574,2270,101.50199127197266
1769991323.1570263,2271,102.74713134765625
1769991336.8624918,2272,98.20435333251953
1769991456.382911,2273,100.20294189453125
1769991462.2128363,2274,101.69035339355469
1769991470.8393624,2275,102.75370025634766
1769991473.8077147,2276,93.65617370605469
1769991493.433824,2277,100.50878143310547
1769991497.49028,2278,99.19232940673828
1769991511.5552382,2279,102.21680450439453
1769991514.3187044,2280,97.34368133544922
1769991517.2739987,2281,101.4733657836914
1769991536.8160152,2282,101.72520446777344
1769991546.1244419,2283,100.48445129394531
1769991555.1476018,2284,101.3665771484375
1769991555.273969,2285,59.429962158203125
1769991555.3927252,2286,67.41422271728516
1769991565.7935922,2287,110.86888885498047
1769991568.2353034,2288,100.19742584228516
1769991590.1300917,2289,101.6283187866211
1769991595.503414,2290,101.33252716064453
1769991596.627665,2291,99.16307830810547
1769991600.6675344,2292,100.71318054199219
1769991605.414704,2293,100.0848159790039
1769991608.926678,2294,94.01356506347656
1769991613.9741707,2295,96.79037475585938
1769991614.0937817,2296,79.28408813476562
1769991621.3447926,2297,99.55905151367188
1769991626.9543905,2298,100.93785858154297
1769991643.4881842,2299,101.822509765625
1769991643.6178448,2300,92.36988830566406
1769991647.472144,2301,94.597412109375
1769991666.5147772,2302,102.6265869140625
1769991673.7222457,2303,106.16246032714844
1769991683.5995631,2304,102.51236724853516
1769991713.6561613,2305,105.25846099853516
1769991716.7674797,2306,101.407470703125
1769991716.8926141,2307,67.06473541259766
1769991723.062724,2308,101.23113250732422
1769991728.8829846,2309,101.94148254394531
1769991735.8804293,2310,104.41452026367188
1769991842.2097492,2311,99.10464477539062
1769991845.9564862,2312,92.55229187011719
1769991848.9350057,2313,101.61128997802734
1769991850.1399312,2314,98.39466094970703
1769991857.3558877,2315,104.6808853149414
1769991861.6425707,2316,98.76616668701172
1769991877.789095,2317,102.97126007080078
1769991880.759238,2318,96.24571228027344
1769991895.139091,2319,110.38224792480469
1769991901.2809227,2320,104.14911651611328
1769991913.8051248,2321,102.2327880859375
1769991926.4442995,2322,102.41059112548828
1769991929.426766,2323,94.69651794433594
1769991930.3420177,2324,99.08876037597656
1769991937.6548753,2325,104.19993591308594
1769991940.8471699,2326,102.59172058105469
1769991953.6432028,2327,102.1875991821289
1769991958.2123969,2328,99.804443359375
1769991971.4114566,2329,106.1845474243164
1769991999.982179,2330,102.63817596435547
1769992004.3990796,2331,104.73983001708984
1769992004.5214715,2332,83.53214263916016
1769992011.7342768,2333,101.72467803955078
1769992014.7046537,2334,102.52103424072266
1769992019.3757312,2335,98.87413024902344
1769992019.4996023,2336,62.3919677734375
1769992022.8564513,2337,104.76799774169922
1769992057.828532,2338,106.89844512939453
1769992078.064518,2339,105.17223358154297
1769992085.3016562,2340,102.98121643066406
1769992114.2187977,2341,108.67375946044922
1769992117.2041836,2342,97.9383544921875
1769992123.2277052,2343,106.97117614746094
1769992123.3509605,2344,58.57038879394531
1769992126.3381295,2345,100.88082122802734
1769992212.2040682,2346,102.14229583740234
1769992215.187274,2347,102.45561218261719
1769992223.4118657,2348,100.95023345947266
1769992226.4296937,2349,104.1700210571289
1769992246.0762591,2350,106.66532897949219
1769992264.5990045,2351,102.51154327392578
1769992268.3050375,2352,97.92156982421875
1769992272.4025912,2353,101.9996109008789
1769992275.3953633,2354,103.34954071044922
1769992286.818269,2355,106.99994659423828
1769992293.1571164,2356,101.85875701904297
1769992297.9060884,2357,100.6436996459961
1769992317.1550758,2358,106.24076080322266
1769992324.713899,2359,103.8075180053711
1769992327.6953738,2360,98.7711410522461
1769992338.6718566,2361,103.97071075439453
1769992347.8723633,2362,104.61930847167969
1769992362.6320643,2363,102.22135925292969
1769992376.8165624,2364,102.12785339355469
1769992380.4095814,2365,101.71873474121094
1769992386.515555,2366,107.53191375732422
1769992389.4974203,2367,111.46443939208984
1769992390.9294622,2368,93.15804290771484
1769992394.6794841,2369,105.28779602050781
1769992402.3747964,2370,104.53822326660156
1769992415.391159,2371,101.13169860839844
1769992415.5202832,2372,75.78504943847656
1769992423.0434618,2373,102.27449035644531
1769992426.0427678,2374,99.71502685546875
1769992426.1628551,2375,80.66759490966797
1769992448.0584402,2376,104.53558349609375
1769992452.00665,2377,102.08875274658203
1769992463.6780841,2378,100.5258560180664
1769992466.6920497,2379,103.842529296875
1769992482.2805288,2380,110.06333923339844
1769992485.2517655,2381,94.33039093017578
1769992603.4189565,2382,103.44296264648438
1769992610.2593443,2383,102.99478912353516
1769992616.6518023,2384,100.01329040527344
1769992621.387503,2385,103.45124816894531
1769992624.627609,2386,93.05096435546875
1769992633.7794144,2387,100.27921295166016
1769992636.7470963,2388,100.90882873535156
1769992646.033282,2389,106.94432067871094
1769992651.047942,2390,99.56932830810547
1769992654.9220064,2391,104.42471313476562
1769992659.8739307,2392,100.23030090332031
1769992663.4500566,2393,98.83464813232422
1769992668.580046,2394,100.03705596923828
1769992672.146363,2395,95.83370208740234
1769992672.268045,2396,55.05267333984375
1769992675.226923,2397,101.71013641357422
1769992698.104133,2398,111.09102630615234
1769992703.2563026,2399,99.92396545410156
1769992706.767641,2400,99.428466796875
1769992716.5770893,2401,105.8558120727539
1769992726.7362487,2402,107.65863037109375
1769992731.1847155,2403,100.546630859375
1769992738.0045874,2404,107.8686752319336
1769992751.7690036,2405,99.0245590209961
1769992754.7572472,2406,101.04547882080078
1769992761.1310503,2407,105.29480743408203
1769992764.1057491,2408,90.7037582397461
1769992768.3190327,2409,100.29450225830078
1769992776.1890056,2410,98.35259246826172
1769992781.8092086,2411,99.00654602050781
1769992784.813064,2412,99.5656509399414
1769992795.8497128,2413,103.90665435791016
1769992798.8225634,2414,100.97954559326172
1769992815.4429834,2415,104.24504089355469
1769992818.8231096,2416,104.20802307128906
1769992826.6347594,2417,100.90943908691406
1769992830.0586264,2418,96.73506164550781
1769992839.249168,2419,103.91126251220703
1769992844.222121,2420,104.6485595703125
1769992847.189931,2421,101.82071685791016
1769992850.262924,2422,104.5374755859375
1769992854.3323598,2423,95.80904388427734
1769992862.025689,2424,99.03108978271484
1769992865.4080245,2425,101.26519012451172
1769992870.4399395,2426,98.75871276855469
1769992870.5614352,2427,96.29347229003906
1769992876.124838,2428,91.76681518554688
1769992879.158474,2429,102.41578674316406
1769992891.7004707,2430,100.51477813720703
1769993018.0644178,2431,98.16683959960938
1769993026.7851322,2432,95.10256958007812
1769993035.1876261,2433,102.45421600341797
1769993043.6501725,2434,103.37609100341797
1769993055.8490505,2435,104.78254699707031
1769993058.8586578,2436,102.50261688232422
1769993066.3920262,2437,100.9214859008789
1769993070.1523302,2438,96.5875015258789
1769993073.1562178,2439,102.7289047241211
1769993090.329075,2440,111.07088470458984
1769993096.7115645,2441,99.5704345703125
1769993097.0054996,2442,81.8313217163086
1769993098.5556486,2443,94.4684829711914
1769993098.675591,2444,76.8438491821289
1769993105.9802458,2445,111.24508666992188
1769993110.4003592,2446,109.53857421875
1769993114.229645,2447,103.99797821044922
1769993118.9527898,2448,105.93209838867188
1769993130.9280837,2449,101.50970458984375
1769993133.914791,2450,89.31730651855469
1769993135.4010103,2451,93.73088073730469
1769993141.3897116,2452,101.26119995117188
1769993144.3668647,2453,96.8457260131836
1769993147.352502,2454,98.84589385986328
1769993151.0798545,2455,110.65969848632812
1769993166.388015,2456,104.46847534179688
1769993166.5184379,2457,72.12386322021484
1769993171.1006887,2458,101.51629638671875
1769993179.445281,2459,105.22502899169922
1769993183.2618864,2460,101.4427719116211
1769993193.871514,2461,102.4816665649414
1769993202.0637538,2462,99.37979125976562
1769993214.007463,2463,103.17387390136719
1769993220.5743053,2464,101.22069549560547
1769993224.3816059,2465,103.71382904052734
1769993232.0460713,2466,100.96720123291016
1769993241.0373235,2467,105.04753112792969
1769993250.1182928,2468,98.72235107421875
1769993256.010818,2469,99.9159164428711
1769993281.4286473,2470,102.67364501953125
1769993309.2621248,2471,106.12150573730469
1769993381.5320728,2472,99.49430847167969
1769993384.2788548,2473,94.93500518798828
1769993387.4027705,2474,105.5934829711914
1769993390.8429084,2475,95.85838317871094
1769993393.8121314,2476,100.25404357910156
1769993396.7849636,2477,98.73489379882812
1769993396.9064758,2478,95.56381225585938
1769993406.0139897,2479,100.44617462158203
1769993409.0029624,2480,103.1604995727539
1769993427.0350907,2481,107.19972229003906
1769993435.7248733,2482,101.92823791503906
1769993441.7036557,2483,103.94010162353516
1769993460.125781,2484,102.50534057617188
1769993467.5688612,2485,104.1935043334961
1769993484.6530094,2486,103.89922332763672
1769993493.0780516,2487,105.51542663574219
1769993501.5263748,2488,103.59851837158203
1769993504.500055,2489,99.4684066772461
1769993507.5079546,2490,102.95311737060547
1769993517.6486573,2491,98.65420532226562
1769993526.66388,2492,104.45659637451172
1769993540.6326864,2493,103.09288787841797
1769993561.7103426,2494,105.42232513427734
1769993570.6146429,2495,98.97138977050781
1769993582.303209,2496,106.03765869140625
1769993589.8271263,2497,108.85600280761719
1769993594.024058,2498,100.11829376220703
1769993594.9474523,2499,102.34651184082031
1769993597.9416695,2500,106.45638275146484
1769993602.2271786,2501,94.01800537109375
1769993613.0344973,2502,101.75277709960938
1769993619.2556047,2503,101.79530334472656
1769993622.2247398,2504,95.2221908569336
1769993655.8770356,2505,102.36790466308594
1769993724.0611227,2506,101.9683837890625
1769993748.0931911,2507,106.5513687133789
1769993758.1734738,2508,103.60111999511719
1769993765.782631,2509,104.98963928222656
1769993778.2997177,2510,103.67567443847656
1769993781.8496275,2511,104.21133422851562
1769993790.8736544,2512,101.014404296875
1769993797.3908315,2513,106.38910675048828
1769993807.8950384,2514,100.56416320800781
1769993817.8831203,2515,107.86980438232422
1769993828.9515378,2516,105.4851303100586
1769993832.0961533,2517,108.88858032226562
1769993837.3665097,2518,108.85256958007812
1769993837.4883945,2519,85.75707244873047
1769993846.1964948,2520,104.68946838378906
1769993859.4870903,2521,100.82105255126953
1769993866.8237886,2522,107.97080993652344
1769993871.8993955,2523,98.08946990966797
1769993886.422909,2524,104.67744445800781
1769993898.6749742,2525,106.5645751953125
1769993898.8012319,2526,81.56095886230469
1769993913.981083,2527,108.24205780029297
1769993923.3144736,2528,104.43534851074219
1769993926.3138402,2529,103.16155242919922
1769993926.4324303,2530,79.40888214111328
1769993926.7213395,2531,67.53018951416016
1769993934.2091684,2532,104.56163024902344
1769993939.9578981,2533,106.92251586914062
1769993950.558183,2534,101.70570373535156
1769993953.5680416,2535,100.26005554199219
1769993959.759971,2536,100.36547088623047
1769993971.0090835,2537,103.66128540039062
1769993974.1295688,2538,108.63662719726562
1769993988.813454,2539,105.67645263671875
1769993994.4007728,2540,106.3794174194336
1769994018.713544,2541,111.84413146972656
1769994121.5294964,2542,109.21408081054688
1769994124.5021353,2543,97.97212219238281
1769994133.7268264,2544,103.37329864501953
1769994133.907379,2545,72.0281982421875
1769994137.6283793,2546,103.65455627441406
1769994144.7984393,2547,102.1968765258789
1769994147.3424327,2548,92.85871887207031
1769994160.7147107,2549,107.00687408447266
1769994180.3078244,2550,106.58995819091797
1769994184.5895398,2551,103.489501953125
1769994187.8386734,2552,98.29254913330078
1769994198.8181553,2553,107.31816864013672
1769994201.7919848,2554,95.07615661621094
1769994204.7483172,2555,97.3807144165039
1769994205.8144004,2556,97.69859313964844
1769994215.0221286,2557,98.72370147705078
1769994231.8508263,2558,107.82894897460938
1769994233.2972975,2559,95.15679168701172
1769994238.989807,2560,105.2561264038086
1769994241.9782226,2561,104.13011169433594
1769994246.4901416,2562,108.47400665283203
1769994247.1866436,2563,104.63134002685547
1769994259.8751657,2564,103.74342346191406
1769994266.247805,2565,101.36089324951172
1769994269.8197858,2566,96.78360748291016
1769994275.1830006,2567,103.24613952636719
1769994278.1543987,2568,97.6998519897461
1769994284.0303493,2569,104.15962219238281
1769994289.6773498,2570,105.46473693847656
1769994300.8022623,2571,103.68875122070312
1769994313.2827241,2572,105.40166473388672
1769994320.2387645,2573,103.39105224609375
1769994326.9656498,2574,106.6810302734375
1769994329.9434536,2575,104.87179565429688
1769994360.0234668,2576,113.52299499511719
1769994361.3157773,2577,95.2492446899414
1769994367.551536,2578,104.86911010742188
1769994370.5432172,2579,103.8839111328125
1769994373.5520608,2580,101.99056243896484
1769994383.5210934,2581,109.22888946533203
1769994491.5552611,2582,95.57032775878906
1769994494.5213852,2583,96.91558837890625
1769994501.417516,2584,105.0949478149414
1769994521.1296604,2585,112.04901123046875
1769994528.7945025,2586,102.76976013183594
1769994535.9810126,2587,109.20996856689453
1769994539.6469214,2588,100.00685119628906
1769994546.317997,2589,99.91838836669922
1769994549.679017,2590,96.7851791381836
1769994552.6492848,2591,97.10319519042969
1769994557.7881448,2592,103.73331451416016
1769994569.799697,2593,112.50959777832031
1769994577.5674863,2594,103.626708984375
1769994584.5593824,2595,109.86580657958984
1769994591.1913645,2596,100.0877914428711
1769994598.7802517,2597,104.60546875
1769994629.1418104,2598,107.86490631103516
1769994632.1421862,2599,100.56822204589844
1769994635.1251085,2600,105.38542938232422
1769994638.797239,2601,99.0358657836914
1769994648.5578504,2602,101.28655242919922
1769994651.5420074,2603,108.2121810913086
1769994654.5122218,2604,108.36001586914062
1769994659.5935493,2605,100.27483367919922
1769994662.5643952,2606,101.8311767578125
1769994674.3107657,2607,104.52560424804688
1769994677.4350424,2608,100.39122772216797
1769994686.235182,2609,102.52005767822266
1769994689.1468546,2610,103.73841857910156
1769994695.8128166,2611,104.44412994384766
1769994702.4314702,2612,105.95965576171875
1769994716.964801,2613,102.8861083984375
1769994731.1589332,2614,110.89540100097656
1769994741.627547,2615,106.30585479736328
1769994749.3020124,2616,107.873779296875
1769994753.9206517,2617,108.75358581542969
1769994769.2163587,2618,104.15513610839844
1769994775.5561817,2619,103.80029296875
1769994786.7695327,2620,103.09381866455078
1769994916.6733887,2621,104.05902099609375
1769994920.5692604,2622,95.74046325683594
1769994927.2710671,2623,101.47571563720703
1769994927.3938959,2624,81.42129516601562
1769994941.2077017,2625,102.11946868896484
1769994948.6337428,2626,103.62345886230469
1769994954.0062876,2627,98.49571990966797
1769994963.03561,2628,108.55291748046875
1769994966.6858394,2629,95.60397338867188
1769994971.167013,2630,98.9500961303711
1769994979.2675123,2631,101.05988311767578
1769994982.2486823,2632,107.7778091430664
1769994985.233288,2633,105.7826919555664
1769994997.1302252,2634,106.31656646728516
1769995000.123959,2635,93.28355407714844
1769995000.2466786,2636,81.99800872802734
1769995004.617001,2637,101.99826049804688
1769995008.183597,2638,108.08598327636719
1769995011.1866977,2639,100.3514175415039
1769995014.1544805,2640,107.831298828125
1769995023.6251605,2641,100.8558120727539
1769995035.8275902,2642,105.64338684082031
1769995035.9562902,2643,49.6597900390625
1769995045.7428837,2644,102.39139556884766
1769995054.9616349,2645,108.84906768798828
1769995060.895094,2646,102.00521087646484
1769995078.332639,2647,103.00834655761719
1769995090.693411,2648,105.43228149414062
1769995095.1838384,2649,107.4627685546875
1769995118.980813,2650,104.34520721435547
1769995132.2507093,2651,104.47029876708984
1769995136.5377638,2652,111.18559265136719
1769995150.1058526,2653,107.91851806640625
1769995153.1044462,2654,105.5401840209961
1769995166.3122709,2655,107.09211730957031
1769995177.958718,2656,105.4364013671875
1769995179.0557535,2657,96.79914093017578
1769995179.1744173,2658,83.1946792602539
1769995183.485071,2659,108.03718566894531
1769995186.654765,2660,101.15957641601562
1769995204.0652804,2661,119.3072509765625
1769995283.1173441,2662,102.75884246826172
1769995286.1392198,2663,105.8136978149414
1769995300.2764723,2664,107.12472534179688
1769995318.2205505,2665,109.67771911621094
1769995334.6168141,2666,104.6801528930664
1769995338.1651304,2667,104.38397216796875
1769995344.0478487,2668,107.19105529785156
1769995352.4460173,2669,107.42845153808594
1769995358.247388,2670,101.89983367919922
1769995363.8228385,2671,100.08291625976562
1769995371.643518,2672,103.95587921142578
1769995379.7140284,2673,104.28498840332031
1769995385.0568652,2674,105.65980529785156
1769995390.2322254,2675,108.09870910644531
1769995393.2342005,2676,103.62049865722656
1769995409.653732,2677,113.14092254638672
1769995412.6780856,2678,103.84418487548828
1769995421.0992951,2679,105.50129699707031
1769995424.0790389,2680,105.76692199707031
1769995444.8477654,2681,106.58097839355469
1769995447.4326646,2682,107.93487548828125
1769995453.0616736,2683,104.62735748291016
1769995456.5048,2684,102.71187591552734
1769995464.7556148,2685,115.96772003173828
1769995470.040467,2686,104.09797668457031
1769995475.9768445,2687,98.76648712158203
1769995482.2853215,2688,103.68222045898438
1769995495.4428182,2689,103.70892333984375
1769995504.4532194,2690,103.23866271972656
1769995519.5517251,2691,107.99243927001953
1769995528.7473068,2692,109.07658386230469
1769995552.534074,2693,112.56364440917969
1769995618.4690654,2694,102.1587142944336
1769995624.9459784,2695,107.87224578857422
1769995633.5152843,2696,107.3301773071289
1769995636.5190115,2697,98.62464141845703
1769995639.4877715,2698,98.48677825927734
1769995644.1758783,2699,105.50653839111328
1769995652.532301,2700,106.46328735351562
1769995662.6485832,2701,109.65930938720703
1769995666.9798927,2702,107.03695678710938
1769995674.0632737,2703,104.2301025390625
1769995688.5367312,2704,107.77196502685547
1769995698.9080696,2705,103.8982925415039
1769995701.878619,2706,105.73796844482422
1769995705.066462,2707,111.79986572265625
1769995710.8000522,2708,112.08255767822266
1769995721.101255,2709,104.13571166992188
1769995725.247613,2710,98.74845123291016
1769995725.3688092,2711,94.78187561035156
1769995732.5759487,2712,105.29008483886719
1769995746.9799304,2713,110.51934814453125
1769995747.1104612,2714,99.61631774902344
1769995773.3388495,2715,109.56290435791016
1769995785.3596675,2716,107.11405944824219
1769995793.5900059,2717,109.2596664428711
1769995800.6520782,2718,106.76016998291016
1769995818.545237,2719,105.35743713378906
1769995830.6894336,2720,103.6919937133789
1769995833.7126853,2721,104.34385681152344
1769995836.7134018,2722,101.33499145507812
1769995839.8066647,2723,97.39749145507812
1769995843.565253,2724,94.12361907958984
1769995848.9679663,2725,103.12942504882812
1769995849.259985,2726,91.01358795166016
1769995857.806036,2727,107.14727020263672
1769995866.6754484,2728,109.29071044921875
1769995879.55184,2729,109.78143310546875
1769995882.5271683,2730,102.41695404052734
1769995887.6267684,2731,106.87542724609375
1769995887.9180367,2732,91.2733383178711
1769995904.1866522,2733,107.95610809326172
1769996029.8372838,2734,104.62815856933594
1769996029.9577546,2735,102.44820404052734
1769996032.966674,2736,96.15774536132812
1769996038.2509387,2737,106.16900634765625
1769996053.18379,2738,104.07120513916016
1769996061.0617445,2739,111.42796325683594
1769996080.1236122,2740,105.54475402832031
1769996084.6532624,2741,104.248779296875
1769996087.735488,2742,103.21737670898438
1769996094.8463447,2743,104.83081817626953
1769996100.5010142,2744,104.25952911376953
1769996114.7713766,2745,116.77800750732422
1769996120.612894,2746,104.31241607666016
1769996125.5112717,2747,106.55943298339844
1769996128.9075763,2748,104.67539978027344
1769996146.412232,2749,114.19247436523438
1769996155.2923515,2750,104.8553237915039
1769996158.2880244,2751,101.52344512939453
1769996171.5056357,2752,107.07965850830078
1769996180.2355363,2753,105.62724304199219
1769996189.6924496,2754,106.70813751220703
1769996194.9681168,2755,101.58854675292969
1769996202.4399667,2756,113.1949234008789
1769996222.1740892,2757,111.15412139892578
