wall_time,step,value
1772765397.44723,1,-0.16706815361976624
1772765401.335415,2,-0.37980028986930847
1772765404.7262924,3,-0.5594273209571838
1772765416.7949078,4,-0.8723441362380981
1772765419.147287,5,-1.040642261505127
1772766148.8232768,1,-0.0835738480091095
1772766187.2311149,1,-0.17810973525047302
1772766192.236655,2,-0.41142457723617554
1772766196.126355,3,-0.5901988744735718
1772766200.80432,4,-0.7619344592094421
1772766203.9142115,5,-0.9534239768981934
1772766207.0080569,6,-1.0934998989105225
1772766207.1323512,7,-1.1655864715576172
1772766210.1820257,8,-1.1770905256271362
1772766210.3029456,9,-1.224008560180664
1772766217.1009684,10,-1.3143151998519897
1772766224.8943331,11,-1.5391228199005127
1772766239.3931766,12,-1.7926795482635498
1772766246.3845625,13,-1.8346762657165527
1772766248.230493,14,-1.7812117338180542
1772766256.0285716,15,-1.6919915676116943
1772766257.405836,16,-1.656402587890625
1772766260.939128,17,-1.6997395753860474
1772766270.7823997,18,-1.7544581890106201
1772766275.3508468,19,-1.7985999584197998
1772766281.3756523,20,-1.9572972059249878
1772766288.7339754,21,-1.8343818187713623
1772766295.0054488,22,-1.8945872783660889
1772766310.6705422,23,-1.9780300855636597
1772766319.9823625,24,-2.065070390701294
1772766327.355971,25,-2.0506012439727783
1772766335.7762506,26,-2.011207342147827
1772766353.818955,27,-2.209322214126587
1772766382.6863015,1,-0.08319538831710815
1772766383.0483587,2,-0.09612198173999786
1772766387.0763607,3,-0.22658270597457886
1772766390.1897373,4,-0.6448774933815002
1772766393.9767518,5,-0.7891252040863037
1772766399.520843,6,-0.8777179718017578
1772766404.1100383,7,-1.0524176359176636
1772766412.3174589,8,-1.2301979064941406
1772766415.697678,9,-1.351704716682434
1772766424.1414902,10,-1.502934455871582
1772766427.9089153,11,-1.667396903038025
1772766438.564426,12,-1.8607048988342285
1772766452.1906438,13,-2.1203110218048096
1772766459.5800567,14,-2.2933170795440674
1772766460.538803,15,-2.408886194229126
1772766487.1428144,16,-2.6694352626800537
1772766498.4337041,17,-3.0400450229644775
1772766507.6808405,18,-3.3240554332733154
1772766517.993076,19,-3.5390024185180664
1772766537.1552246,20,-3.841628074645996
1772766538.657599,21,-4.051914215087891
1772766547.427692,22,-4.134214401245117
1772766551.717821,23,-4.318424701690674
1772766559.7518787,24,-4.411504745483398
1772766564.9177535,25,-4.545567035675049
1772766578.6903794,26,-4.729335784912109
1772766578.871095,27,-4.7299418449401855
1772766592.0556648,28,-5.0071611404418945
1772766596.7722356,29,-5.161871910095215
1772766600.0523057,30,-5.282205581665039
1772766600.7115047,31,-5.351661682128906
1772766600.8363264,32,-5.080646514892578
1772766609.7216702,33,-5.42160701751709
1772766617.2689822,34,-5.667645454406738
1772766623.4901333,35,-5.890125274658203
1772766646.5960166,36,-6.2263102531433105
1772766660.6803703,37,-6.590527534484863
1772766668.355057,38,-6.821744918823242
1772766672.5253627,39,-6.880276203155518
1772766673.7830865,40,-6.970395565032959
1772766680.1902692,41,-7.06137752532959
1772766937.051296,42,-6.971790313720703
1772766943.3334992,43,-7.192859649658203
1772766946.4971123,44,-7.260007858276367
1772766950.5324674,45,-7.3213911056518555
1772766955.1040323,46,-7.474194526672363
1772766961.1086452,47,-7.539031505584717
1772766967.7582185,48,-7.681008815765381
1772766971.7945035,49,-7.7544684410095215
1772766977.3519058,50,-7.826205730438232
1772766980.5701792,51,-7.885182857513428
1772766990.097943,52,-8.014069557189941
1772766992.8285983,53,-8.179160118103027
1772767015.1574209,54,-8.524845123291016
1772767029.6519587,55,-8.79557991027832
1772767035.6950917,56,-8.961332321166992
1772767039.0715008,57,-9.045341491699219
1772767042.3010373,58,-9.192544937133789
1772767048.342608,59,-9.17482852935791
1772767049.5408354,60,-9.263001441955566
1772767054.4849093,61,-9.22700309753418
1772767060.8728049,62,-9.388298034667969
1772767074.8372731,63,-9.089591026306152
1772767085.0893817,64,-8.686762809753418
1772767091.936766,65,-8.469822883605957
1772767092.832632,66,-8.573174476623535
1772767093.3794777,67,-8.569194793701172
1772767093.6822178,68,-8.723748207092285
1772767095.4865305,69,-8.667962074279785
1772767096.0457006,70,-8.159284591674805
1772767096.1755493,71,-10.420784950256348
1772767099.4446044,72,-8.56872844696045
1772767104.6490977,73,-8.591763496398926
1772767120.2608132,74,-8.756572723388672
1772767127.7960324,75,-8.938789367675781
1772767139.121606,76,-9.202094078063965
1772767142.3409355,77,-9.395755767822266
1772767159.9032626,78,-9.324734687805176
1772767163.7395892,79,-9.290361404418945
1772767165.8007095,80,-9.3311767578125
1772767171.231831,81,-9.569915771484375
1772767177.0633256,82,-9.571375846862793
1772767181.0736437,83,-9.574666023254395
1772767191.1258316,84,-9.64468002319336
1772767194.3241062,85,-9.82329273223877
1772767197.4996045,86,-9.856413841247559
1772767204.4670181,87,-9.843865394592285
1772767217.2374206,88,-9.912440299987793
1772767229.2433314,89,-10.04635238647461
1772767237.112365,90,-10.165597915649414
1772767240.5383291,91,-9.959693908691406
1772767315.399095,92,-10.264984130859375
1772767327.8488443,93,-10.1828031539917
1772767349.673972,94,-10.138818740844727
1772767353.236821,95,-10.208843231201172
1772767354.5235176,96,-10.073185920715332
1772767362.0481913,97,-10.178954124450684
1772767366.9119763,98,-10.145296096801758
1772767373.9448009,99,-9.984904289245605
1772767383.0480142,100,-10.243180274963379
1772767386.394759,101,-10.127518653869629
1772767392.8028402,102,-10.060219764709473
1772767410.7439082,103,-10.086193084716797
1772767416.6300015,104,-10.086546897888184
1772767428.419678,105,-10.105180740356445
1772767441.0866408,106,-9.954513549804688
1772767443.8968477,107,-10.038334846496582
1772767450.0089648,108,-10.009761810302734
1772767456.3046927,109,-10.106329917907715
1772767468.7112784,110,-10.030171394348145
1772767471.806605,111,-10.210583686828613
1772767474.9009073,112,-10.155834197998047
1772767481.3529348,113,-9.966116905212402
1772767481.8231688,114,-9.900731086730957
1772767493.8217928,115,-9.832905769348145
1772767494.8892653,116,-9.43040943145752
1772767511.3876631,117,-9.80195140838623
1772767536.664737,118,-9.62608814239502
1772767540.5436559,119,-9.54080867767334
1772767545.0586877,120,-9.577178955078125
1772767559.8708298,121,-9.235698699951172
1772767559.997011,122,-9.918529510498047
1772767569.2499127,123,-9.252099990844727
1772767572.9577916,124,-8.975284576416016
1772767573.2000363,125,-9.690435409545898
1772767594.503232,126,-8.535378456115723
1772767603.9198484,127,-8.184279441833496
1772767610.8998542,128,-8.158347129821777
1772767784.7314916,129,-8.004182815551758
1772767799.8685954,130,-7.964264392852783
1772767807.5561461,131,-7.73767614364624
1772767816.6925166,132,-7.748422622680664
1772767828.48211,133,-7.684256553649902
1772767848.2943823,134,-7.358454704284668
1772767869.8778894,135,-7.032896041870117
1772767878.62473,136,-7.029386520385742
1772767881.7210455,137,-6.611494541168213
1772767896.6688776,138,-6.866109371185303
1772767901.1805208,139,-7.0133843421936035
1772767917.4916046,140,-6.712482452392578
1772767920.560792,141,-6.232437610626221
1772767922.5653408,142,-6.516958236694336
1772767927.8625426,143,-6.581989288330078
1772767933.5304043,144,-6.261247634887695
1772767965.0467439,145,-6.169302463531494
1772767974.597737,146,-5.70630407333374
1772767976.6314611,147,-5.544295310974121
1772767981.4705775,148,-5.463342666625977
1772767987.7836616,149,-5.707766532897949
1772767993.5910108,150,-5.385788917541504
1772767996.7024503,151,-5.304228782653809
1772768006.8442903,152,-5.403996467590332
1772768014.7909381,153,-5.172101974487305
1772768020.9521024,154,-5.0459723472595215
1772768029.286384,155,-4.816580295562744
1772768031.9718456,156,-4.95632791519165
1772768035.0937784,157,-4.870761394500732
1772768040.1635947,158,-4.77923583984375
1772768043.2997062,159,-4.51921272277832
1772768046.423376,160,-4.617298603057861
1772768054.937383,161,-4.401500701904297
1772768070.6384137,162,-4.016280174255371
1772768073.3091204,163,-3.988595962524414
1772768074.0182188,164,-4.332259178161621
1772768074.4970088,165,-4.83073616027832
1772768079.4321125,166,-3.722418785095215
1772768162.417532,167,-3.9214887619018555
1772768163.9770908,168,-3.7880520820617676
1772768168.3522997,169,-3.768906354904175
1772768176.0695343,170,-3.603421688079834
1772768187.8417513,171,-3.677960157394409
1772768195.642862,172,-3.337075710296631
1772768198.723572,173,-3.072082996368408
1772768209.123844,174,-3.287416934967041
1772768214.1000614,175,-3.3582284450531006
1772768220.3355713,176,-3.3261613845825195
1772768229.6195102,177,-2.9422693252563477
1772768229.7440183,178,-5.733996868133545
1772768232.8146925,179,-3.0756020545959473
1772768242.7196105,180,-3.296002149581909
1772768242.9374783,181,-2.0172433853149414
1772768246.3999991,182,-2.8104875087738037
1772768266.564151,183,-2.925769805908203
1772768271.8607903,184,-2.8569390773773193
1772768275.0006764,185,-2.8156259059906006
1772768308.8568177,186,-2.4589099884033203
1772768311.7997534,187,-2.3483221530914307
1772768321.207121,188,-2.328507423400879
1772768328.80036,189,-1.912115454673767
1772768336.2276726,190,-2.0934181213378906
1772768350.5524282,191,-1.936825156211853
1772768372.207599,192,-1.6947860717773438
1772768377.155482,193,-1.4789631366729736
1772768379.881394,194,-1.5320409536361694
1772768390.3539815,195,-1.3967533111572266
1772768408.3158047,196,-1.1995230913162231
1772768432.8973742,197,-0.8420788645744324
1772768436.089708,198,-0.7281044721603394
1772768447.2844977,199,-0.740849494934082
1772768458.3688183,200,-0.6966043710708618
1772768662.1776197,201,-0.5033963322639465
1772768665.279611,202,-0.5242766737937927
1772768674.5763292,203,-0.2739252746105194
1772768678.7677739,204,-0.05308952182531357
1772768683.2819302,205,-0.1887456327676773
1772768687.7041624,206,-0.4877971112728119
1772768705.224606,207,-0.13490895926952362
1772768705.348002,208,-0.6553925275802612
1772768712.8353086,209,0.1105024442076683
1772768723.6721482,210,0.32656338810920715
1772768726.8891242,211,0.4347209632396698
1772768735.8633318,212,0.43648773431777954
1772768740.128474,213,0.3901755213737488
1772768745.974066,214,1.0179808139801025
1772768749.0860186,215,0.8009935617446899
1772768752.360151,216,0.6706756949424744
1772768756.7710466,217,0.5390148162841797
1772768759.0763283,218,1.0095064640045166
1772768777.040981,219,1.0157508850097656
1772768780.3284414,220,0.9621673226356506
1772768783.4057214,221,0.9402270317077637
1772768796.4627118,222,1.39722740650177
1772768800.0707614,223,1.543566346168518
1772768806.006083,224,1.5077695846557617
1772768816.295461,225,1.5275238752365112
1772768823.1966374,226,1.6395493745803833
1772768828.5025313,227,1.7210692167282104
1772768839.565195,228,1.798076868057251
1772768844.9048576,229,1.5295227766036987
1772768867.8811104,230,1.956228494644165
1772768868.0040553,231,0.6577638983726501
1772768873.1617756,232,1.8379448652267456
1772768879.8280613,233,2.016242504119873
1772768897.9543948,234,2.278958797454834
1772768906.458227,235,2.5582199096679688
1772768913.752169,236,2.76887845993042
1772768930.4044812,237,2.6979401111602783
1772768937.401682,238,2.741091728210449
1772768944.1041236,239,2.6661932468414307
1772768960.783995,240,2.6776537895202637
1772769138.7473366,241,2.7040276527404785
1772769143.734731,242,2.661275625228882
1772769152.8270543,243,2.6879987716674805
1772769164.4730487,244,2.8024983406066895
1772769172.9175024,245,2.881410837173462
1772769180.156065,246,2.8303771018981934
1772769183.5435574,247,2.5461816787719727
1772769196.6264997,248,3.0124704837799072
1772769203.5597446,249,2.954829692840576
1772769205.6335738,250,2.8637523651123047
1772769210.1392558,251,3.39935302734375
1772769215.927493,252,3.0646731853485107
1772769223.943116,253,3.0069990158081055
1772769246.6450796,254,3.172157049179077
1772769269.6389189,255,3.095127582550049
1772769279.1604247,256,3.2375998497009277
1772769279.3445594,257,4.727957725524902
1772769298.4312603,258,3.275034189224243
1772769306.2620058,259,3.414003610610962
1772769311.0649579,260,3.240651845932007
1772769322.0179555,261,3.144005537033081
1772769327.9488995,262,3.3910224437713623
1772769331.0981,263,3.107081413269043
1772769339.688062,264,3.3541259765625
1772769344.534438,265,3.433363199234009
1772769351.4392917,266,3.258270740509033
1772769357.974455,267,2.97336745262146
1772769380.6880658,268,3.417118549346924
1772769386.5027716,269,3.332733631134033
1772769391.7375622,270,3.4473607540130615
1772769394.778542,271,3.6636669635772705
1772769415.5263112,272,3.454789161682129
1772769415.834204,273,3.5295448303222656
1772769440.5851784,274,3.4557697772979736
1772769582.135975,275,3.5744893550872803
1772769585.4703467,276,3.0971779823303223
1772769594.7814252,277,3.271263360977173
1772769595.5974078,278,2.8412795066833496
1772769597.5086107,279,3.4908933639526367
1772769609.509224,280,3.4296963214874268
1772769616.2603555,281,3.3522095680236816
1772769624.665562,282,3.205145835876465
1772769624.786098,283,5.064610958099365
1772769624.909761,284,5.016628742218018
1772769637.1457222,285,3.65256404876709
1772769642.6533382,286,3.545520305633545
1772769648.4872935,287,3.6473987102508545
1772769653.9132867,288,3.641545295715332
1772769662.3826935,289,3.6327242851257324
1772769674.425766,290,3.714670181274414
1772769677.684103,291,3.636439085006714
1772769690.056376,292,3.709409475326538
1772769699.8037255,293,3.9265711307525635
1772769715.458636,294,3.7439393997192383
1772769730.1507924,295,3.5646960735321045
1772769739.3778803,296,3.5380537509918213
1772769755.9728947,297,3.6930086612701416
1772769785.4467416,298,3.5836944580078125
1772769797.9335537,299,3.5938456058502197
1772769801.2023678,300,3.4127655029296875
1772769807.990526,301,3.8748061656951904
1772769836.1942391,302,3.588338851928711
1772769848.9169624,303,3.3896853923797607
1772769849.0468512,304,3.8783066272735596
1772769870.867718,305,3.561476707458496
1772770081.2229679,306,3.654029130935669
1772770082.954912,307,4.475551605224609
1772770092.6108854,308,3.627767324447632
1772770100.3007638,309,3.4371769428253174
1772770103.888148,310,3.80253529548645
1772770129.3880894,311,3.6745829582214355
1772770132.343832,312,3.425767660140991
1772770132.4671266,313,2.139364719390869
1772770147.1971083,314,3.9311535358428955
1772770152.5305095,315,4.005505084991455
1772770163.216853,316,3.9976632595062256
1772770166.2912018,317,3.525601625442505
1772770171.7951753,318,4.10760498046875
1772770177.8102183,319,4.083217144012451
1772770184.7016604,320,3.8398497104644775
1772770184.9377728,321,6.271780014038086
1772770192.9918954,322,3.6164541244506836
1772770207.065135,323,3.8984272480010986
1772770210.1294816,324,3.912909984588623
1772770220.9654505,325,3.8749632835388184
1772770224.088393,326,3.9641263484954834
1772770226.5619838,327,3.812427043914795
1772770229.3003945,328,3.6943750381469727
1772770259.142585,329,4.1204071044921875
1772770260.2155154,330,4.018442630767822
1772770267.8923845,331,4.1937336921691895
1772770268.015317,332,2.6781342029571533
1772770274.2652133,333,3.9900429248809814
1772770277.4496567,334,3.837336540222168
1772770295.562504,335,4.101404666900635
1772770296.3536482,336,4.462296009063721
1772770297.3446758,337,3.962667226791382
1772770300.610982,338,3.9210047721862793
1772770315.214777,339,4.060692310333252
1772770333.8203888,340,4.136423110961914
1772770344.7903433,341,4.184319019317627
1772770345.4691124,342,4.768818378448486
1772770348.6012862,343,4.405223846435547
1772770356.2452111,344,4.080311298370361
1772770367.0002108,345,4.310469150543213
1772770628.979319,346,4.659765243530273
1772770629.1169467,347,4.914895534515381
1772770631.1874437,348,4.786933898925781
1772770650.430692,349,4.209047317504883
1772770657.563525,350,4.229601860046387
1772770663.7073495,351,4.460053443908691
1772770671.5029376,352,4.117640495300293
1772770677.597213,353,4.20558500289917
1772770697.7825956,354,4.1499199867248535
1772770701.4732847,355,3.3284988403320312
1772770718.129752,356,3.914019823074341
1772770726.703886,357,4.091389179229736
1772770729.1427672,358,4.295413017272949
1772770745.5043721,359,3.9777212142944336
1772770749.032021,360,4.094115257263184
1772770752.7032006,361,3.931544065475464
1772770756.6292965,362,4.102893829345703
1772770760.3882747,363,3.901275873184204
1772770793.6251214,364,3.9526031017303467
1772770795.0498312,365,4.3126220703125
1772770810.8427794,366,3.8010480403900146
1772770815.5523822,367,3.7288599014282227
1772770816.2542171,368,3.0168166160583496
1772770840.185839,369,3.685945510864258
1772770852.1216347,370,3.404343843460083
1772770859.3518155,371,3.319878339767456
1772770862.2400107,372,3.6085493564605713
1772770870.0037909,373,3.1819818019866943
1772770886.3547873,374,3.353286027908325
1772770899.044028,375,3.481022834777832
1772770903.4470274,376,3.637378692626953
1772770914.8530755,377,3.2281410694122314
1772770918.5070434,378,3.724283218383789
1772770927.8706584,379,3.3125951290130615
1772770936.442076,380,3.295764446258545
1772770952.1675673,381,3.164994478225708
1772770954.6215968,382,2.5835988521575928
1772770963.5621731,383,2.928658962249756
1772770973.218705,384,3.277268171310425
1772771235.4427745,385,3.357758045196533
1772771259.745085,386,3.1645214557647705
1772771260.082099,387,4.134512424468994
1772771261.862263,388,3.3099989891052246
1772771274.9218812,389,3.1487481594085693
1772771291.4767125,390,3.292827844619751
1772771304.2005506,391,3.3064370155334473
1772771310.0243175,392,3.366994857788086
1772771314.7194881,393,3.4960224628448486
1772771320.7324297,394,3.2128071784973145
1772771325.8787034,395,3.5788722038269043
1772771330.8524659,396,3.6816937923431396
1772771343.2934217,397,3.6239137649536133
1772771343.4922206,398,4.687942028045654
1772771351.389767,399,3.3217999935150146
1772771354.4742205,400,3.4899978637695312
1772771360.330312,401,3.772599697113037
1772771363.3508704,402,3.2534985542297363
1772771381.1847193,403,3.4904141426086426
1772771387.5897307,404,3.448805093765259
1772771396.2616498,405,3.0235111713409424
1772771399.846088,406,3.7029054164886475
1772771407.0602326,407,3.1275718212127686
1772771424.69067,408,3.2610981464385986
1772771435.802494,409,3.758488178253174
1772771451.298339,410,3.6701877117156982
1772771462.0877757,411,3.5990607738494873
1772771466.1917856,412,3.5209708213806152
1772771466.395098,413,1.0280886888504028
1772771470.1431031,414,3.495875597000122
1772771474.848349,415,3.867846727371216
1772771499.04085,416,3.6337180137634277
1772771531.8403454,417,3.608293056488037
1772771549.3643456,418,3.742814540863037
1772771569.590606,419,3.650592565536499
1772771788.735911,420,4.315480709075928
1772771799.36487,421,3.557656764984131
1772771817.7890484,422,3.6355080604553223
1772771820.914071,423,2.9209954738616943
1772771824.6231399,424,4.346240520477295
1772771831.2930532,425,3.8645055294036865
1772771838.73136,426,3.830042600631714
1772771853.6527684,427,3.862222909927368
1772771876.7114182,428,4.037987232208252
1772771876.8476927,429,3.2723166942596436
1772771878.5302439,430,4.158033847808838
1772771890.1389937,431,4.031912326812744
1772771904.604456,432,3.897393226623535
1772771915.1113687,433,3.873183012008667
1772771926.3273358,434,3.8267946243286133
1772771947.4856873,435,4.074352741241455
1772771952.612433,436,4.386669158935547
1772771966.7436793,437,4.2560272216796875
1772771970.330793,438,4.213290691375732
1772771978.4677033,439,3.952848196029663
1772772017.2483206,440,4.250602722167969
1772772024.4728959,441,3.4214322566986084
1772772047.80005,442,4.1785149574279785
1772772050.8142617,443,4.044460773468018
1772772066.13135,444,4.156964302062988
1772772080.858981,445,4.290109634399414
1772772111.2619338,446,4.140674114227295
1772772113.1878452,447,5.067569255828857
1772772119.9002717,448,4.148151397705078
1772772122.00853,449,4.482601642608643
1772772127.338156,450,4.421319961547852
1772772145.6740785,451,4.315652370452881
1772772268.5935133,452,4.564071178436279
1772772282.2414231,453,4.593703746795654
1772772288.1357868,454,4.363330841064453
1772772291.0487056,455,4.529164791107178
1772772296.6992366,456,4.3503031730651855
1772772307.7796934,457,4.428813934326172
1772772319.6706638,458,4.279694557189941
1772772323.3232837,459,4.802504062652588
1772772335.585947,460,4.584383010864258
1772772346.9541688,461,4.613409996032715
1772772375.1973214,462,4.415133476257324
1772772380.5799017,463,4.199609756469727
1772772395.5584884,464,4.3892693519592285
1772772399.1426876,465,4.268849849700928
1772772416.7393658,466,4.385026454925537
1772772416.8745,467,3.0353362560272217
1772772425.171369,468,4.051131248474121
1772772434.481712,469,4.262592792510986
1772772449.882618,470,4.280829906463623
1772772453.7223997,471,4.282151222229004
1772772459.9911256,472,4.487659454345703
1772772461.2881572,473,4.017186641693115
1772772473.2706304,474,4.537647724151611
1772772478.2994304,475,4.516411781311035
1772772481.8503397,476,4.383670330047607
1772772486.3623555,477,4.29245662689209
1772772490.9011238,478,4.256668567657471
1772772520.29024,479,4.068539619445801
1772772524.835019,480,3.611039400100708
1772772533.8555202,481,4.282479763031006
1772772539.6492155,482,4.028131484985352
1772772545.0221355,483,3.8605339527130127
1772772552.7953608,484,4.14061975479126
1772772580.9833527,485,3.676790952682495
1772772591.7279363,486,3.821141004562378
1772772696.006698,487,3.817711114883423
1772772723.0566304,488,3.991870641708374
1772772731.8617177,489,4.30704927444458
1772772755.5276504,490,3.735776662826538
1772772755.6722503,491,1.1518934965133667
1772772760.4603457,492,3.433082342147827
1772772772.3801947,493,3.28912091255188
1772772786.9166217,494,3.8887810707092285
1772772788.9021018,495,3.8284521102905273
1772772800.4500651,496,3.363906145095825
1772772811.3497975,497,3.2008283138275146
1772772840.5770633,498,3.4427733421325684
1772772850.1926258,499,3.1274263858795166
1772772870.21814,500,3.1714439392089844
1772772873.969284,501,2.8303840160369873
1772772890.1589646,502,2.8108465671539307
1772772899.2536201,503,2.3843040466308594
1772772913.4642198,504,2.996846914291382
1772772926.3460264,505,3.0021660327911377
1772772936.8940578,506,2.8466265201568604
1772772942.4530768,507,2.854652166366577
1772772950.8224404,508,2.956829071044922
1772772954.7575476,509,2.7251832485198975
1772772962.8168635,510,2.249540090560913
1772772966.470034,511,2.141589879989624
1772772974.7983463,512,2.6367344856262207
1772772982.4968247,513,1.8802603483200073
1772772982.630064,514,2.8993988037109375
1772772986.151435,515,1.9831743240356445
1772773004.3475041,516,2.490461587905884
1772773011.6456482,517,2.0989229679107666
1772773011.7770483,518,-4.5485100746154785
1772773015.3802636,519,2.5113003253936768
1772773027.6258063,520,2.358250379562378
1772773333.449599,521,2.0115747451782227
1772773337.3632615,522,1.904125452041626
1772773340.9299936,523,2.142544746398926
1772773384.763101,524,1.9077699184417725
1772773390.5588427,525,1.3718205690383911
1772773407.272574,526,1.6571320295333862
1772773412.9065218,527,1.9331423044204712
1772773427.5836363,528,1.8641749620437622
1772773435.0144246,529,1.3337761163711548
1772773447.4921553,530,1.3969709873199463
1772773459.6383903,531,1.858022689819336
1772773465.787332,532,1.0161608457565308
1772773475.3562655,533,1.4089086055755615
1772773481.0317128,534,1.022297978401184
1772773481.1616325,535,2.8371026515960693
1772773488.2454505,536,1.7694215774536133
1772773497.1297479,537,1.3462876081466675
1772773507.568899,538,1.2520503997802734
1772773531.973919,539,1.2298096418380737
1772773549.1360586,540,1.4043351411819458
1772773558.7786157,541,1.4591456651687622
1772773560.5961227,542,1.4755653142929077
1772773563.0097296,543,0.7801558971405029
1772773599.846499,544,0.9872795343399048
1772773609.7832994,545,0.8015723824501038
1772773613.884123,546,0.5336257219314575
1772773620.4388494,547,0.575127363204956
1772773642.9545436,548,0.6322959065437317
1772773658.3424692,549,0.39215582609176636
1772773658.5340154,550,1.4527326822280884
1772773662.0490882,551,0.03479607403278351
1772773670.1079657,552,0.46301189064979553
1772773760.3103614,553,0.10256099700927734
1772773768.6553323,554,0.6467979550361633
1772773784.3982403,555,0.3428671658039093
1772773789.6635685,556,0.1074499562382698
1772773796.3623161,557,0.8480358123779297
1772773799.999757,558,0.2791064381599426
1772773826.1195853,559,0.289831280708313
1772773836.6735902,560,0.20229630172252655
1772773843.291784,561,0.421656996011734
1772773846.7783341,562,0.31635022163391113
1772773850.1470203,563,-0.04794638603925705
1772773853.7498055,564,0.5131869316101074
1772773857.4654624,565,0.5437540411949158
1772773878.6961026,566,0.10859867930412292
1772773886.8761644,567,-0.05963147059082985
1772773887.005589,568,1.123882532119751
1772773947.8695662,569,-0.3389170467853546
1772773953.893095,570,-0.5107241868972778
1772774001.1109664,571,-0.877984344959259
1772774016.5493548,572,-1.4288930892944336
1772774019.2846859,573,-0.8334870934486389
1772774026.914843,574,-1.499990701675415
1772774030.6948636,575,-1.8473234176635742
1772774047.729522,576,-1.4990347623825073
1772774051.1279314,577,-1.4399501085281372
1772774052.099746,578,-3.170459270477295
1772774063.3879766,579,-1.8367300033569336
1772774072.4406,580,-1.8326091766357422
1772774074.1401565,581,-1.1629098653793335
1772774074.2702887,582,0.5581715703010559
1772774104.774095,583,-1.7370437383651733
1772774185.7618134,584,-2.2416696548461914
1772774188.7612102,585,-2.180783987045288
1772774192.387209,586,-1.9427200555801392
1772774203.8979692,587,-2.3702712059020996
1772774218.7440057,588,-1.9852882623672485
1772774236.0156765,589,-2.228158950805664
1772774237.5452664,590,-2.8534128665924072
1772774241.2418256,591,-2.570509910583496
1772774248.7423816,592,-2.7946746349334717
1772774255.5519314,593,-2.698125123977661
1772774268.4577866,594,-2.227046012878418
1772774278.8025236,595,-3.0143024921417236
1772774289.5335534,596,-2.541264772415161
1772774306.5039997,597,-2.844383955001831
1772774310.4192545,598,-2.7138304710388184
1772774316.8642797,599,-2.4449350833892822
1772774320.869153,600,-2.7997965812683105
1772774326.698623,601,-2.686581611633301
1772774330.2672603,602,-3.06148362159729
1772774330.6343124,603,-2.9318788051605225
1772774353.4285216,604,-3.0062031745910645
1772774359.514633,605,-3.178713798522949
1772774359.6489224,606,-1.8348398208618164
1772774363.4583645,607,-2.6243772506713867
1772774388.321229,608,-3.2655701637268066
1772774391.9010553,609,-3.3777058124542236
1772774414.0846887,610,-3.454496145248413
1772774417.635572,611,-3.7370779514312744
1772774447.477055,612,-3.5894651412963867
1772774447.6084445,613,-7.7579498291015625
1772774450.9849937,614,-4.271981239318848
1772774456.4792879,615,-4.348446369171143
1772774460.469785,616,-3.7417218685150146
1772774465.3765175,617,-3.9848556518554688
1772774465.544625,618,-2.903454542160034
1772774493.1115625,619,-4.071250915527344
1772774518.2401412,620,-4.208460330963135
1772774523.2960234,621,-4.3344950675964355
1772774705.9553745,622,-4.331816673278809
1772774740.4899018,623,-4.663899898529053
1772774746.951612,624,-5.084035396575928
1772774753.2751486,625,-4.969901084899902
1772774758.907022,626,-5.052566051483154
1772774780.6266596,627,-4.965144634246826
1772774784.7277493,628,-5.291871547698975
1772774789.4919033,629,-5.0758891105651855
1772774795.506742,630,-5.1786909103393555
1772774803.910093,631,-5.203304767608643
1772774816.3793411,632,-5.27156925201416
1772774816.578429,633,-4.804447650909424
1772774824.0232594,634,-5.077938079833984
1772774825.0468667,635,-4.501925945281982
1772774828.4785028,636,-5.186161518096924
1772774847.3225765,637,-5.702528476715088
1772774854.4023428,638,-4.97606086730957
1772774863.2960403,639,-5.242288589477539
1772774879.486284,640,-5.173135757446289
1772774883.0924528,641,-5.719240188598633
1772774887.6517723,642,-5.569876194000244
1772774920.217879,643,-5.478808879852295
1772774931.2392304,644,-5.945120334625244
1772774931.925598,645,-5.778339862823486
1772774944.2816925,646,-6.071496486663818
1772774948.0493531,647,-5.9831132888793945
1772774956.380364,648,-5.999841213226318
1772774961.3351161,649,-6.007781505584717
1772774979.8354948,650,-6.085970878601074
1772774988.4785743,651,-6.861587047576904
1772775006.5822177,652,-6.327540397644043
1772775034.713508,653,-6.605513572692871
1772775173.5429265,654,-11.754091262817383
1772775179.956063,655,-6.721806049346924
1772775180.124707,656,-3.578815460205078
1772775187.3345845,657,-6.488249778747559
1772775189.797818,658,-7.25789213180542
1772775195.3113945,659,-6.449135780334473
1772775201.975431,660,-6.965888500213623
1772775218.198804,661,-6.7003021240234375
1772775239.194823,662,-7.190604209899902
1772775269.7483866,663,-7.439430236816406
1772775284.2315736,664,-7.661479473114014
1772775285.7753344,665,-6.336307525634766
1772775288.0023956,666,-7.659197807312012
1772775296.4140806,667,-7.288376808166504
1772775297.1038897,668,-8.42776870727539
1772775299.594677,669,-7.164330959320068
1772775320.1361165,670,-7.8387017250061035
1772775331.5308628,671,-7.737959384918213
1772775338.3623724,672,-7.850465297698975
1772775344.660479,673,-8.003884315490723
1772775364.4426925,674,-8.033154487609863
1772775369.3203337,675,-7.955291271209717
1772775384.8840384,676,-8.412681579589844
1772775392.659272,677,-7.991092681884766
1772775407.2170336,678,-7.838521957397461
1772775414.6127353,679,-8.39617919921875
1772775439.837087,680,-8.595585823059082
1772775449.2345567,681,-9.042703628540039
1772775460.0320737,682,-8.801897048950195
1772775465.427743,683,-9.23944091796875
1772775476.9168627,684,-9.05932331085205
1772775497.5293963,685,-9.100363731384277
1772775539.409856,686,-9.071333885192871
1772775717.4002252,687,-9.527040481567383
1772775725.9788532,688,-9.058436393737793
1772775732.3450384,689,-8.827604293823242
1772775736.9814577,690,-8.709539413452148
1772775746.4411094,691,-9.123096466064453
1772775750.6302085,692,-9.54272747039795
1772775761.044274,693,-9.848133087158203
1772775773.467813,694,-9.563876152038574
1772775780.0685427,695,-9.685341835021973
1772775787.4558647,696,-10.213361740112305
1772775791.1140895,697,-9.189791679382324
1772775807.0596828,698,-9.931173324584961
1772775812.6130688,699,-9.293879508972168
1772775855.8805199,700,-10.034858703613281
1772775859.4782624,701,-9.889342308044434
1772775908.7284946,702,-10.169004440307617
1772775914.180985,703,-9.991072654724121
1772775922.168648,704,-10.274288177490234
1772775926.561477,705,-10.34675121307373
1772775934.8590264,706,-9.970772743225098
1772775944.4108775,707,-10.566872596740723
1772775964.5906594,708,-10.952387809753418
1772775982.5425394,709,-10.531789779663086
1772775986.4868069,710,-11.577638626098633
1772775994.4853373,711,-10.938638687133789
1772775999.9893038,712,-10.443324089050293
1772776040.0559409,713,-11.08531665802002
1772776228.3985484,714,-11.224863052368164
1772776228.527534,715,-7.889639377593994
1772776233.22466,716,-10.943217277526855
1772776236.432928,717,-10.04306697845459
1772776247.6527166,718,-11.258796691894531
1772776252.087573,719,-11.602814674377441
1772776260.814234,720,-11.019087791442871
1772776267.5919893,721,-10.565274238586426
1772776279.1732163,722,-11.348273277282715
1772776293.534791,723,-10.906972885131836
1772776309.6516511,724,-10.69914436340332
1772776312.9210193,725,-10.333152770996094
1772776313.5960577,726,-10.040842056274414
1772776316.847353,727,-10.7499418258667
1772776321.0285916,728,-11.7130765914917
1772776324.3353875,729,-11.563240051269531
1772776327.790709,730,-10.732583999633789
1772776330.5136893,731,-11.308027267456055
1772776344.1610086,732,-10.711942672729492
1772776363.3854733,733,-11.07801628112793
1772776366.500782,734,-11.302924156188965
1772776379.3275647,735,-10.440756797790527
1772776380.351832,736,-10.95323657989502
1772776384.390144,737,-11.34875774383545
1772776401.750268,738,-11.301629066467285
1772776409.5383034,739,-11.473814964294434
1772776429.945457,740,-11.410398483276367
1772776435.7724974,741,-11.356074333190918
1772776435.8941333,742,-9.049290657043457
1772776443.902889,743,-11.313809394836426
1772776451.0951662,744,-11.26206111907959
1772776461.3359504,745,-11.195755958557129
1772776466.437885,746,-10.330623626708984
1772776505.1597054,747,-11.307734489440918
1772776617.427454,748,-11.358057022094727
1772776623.6091394,749,-10.7424955368042
1772776630.3369617,750,-10.659402847290039
1772776638.707393,751,-11.227304458618164
1772776641.146942,752,-10.460277557373047
1772776650.3576088,753,-10.556977272033691
1772776658.093788,754,-11.065109252929688
1772776668.569551,755,-11.227227210998535
1772776674.149588,756,-10.887205123901367
1772776677.6109445,757,-9.074810981750488
1772776681.3789668,758,-10.398773193359375
1772776701.7850275,759,-11.415605545043945
1772776702.3281274,760,-13.522802352905273
1772776711.3988302,761,-11.283440589904785
1772776727.160471,762,-10.913394927978516
1772776740.1247237,763,-10.929656028747559
1772776753.2997737,764,-10.813599586486816
1772776760.288868,765,-10.764541625976562
1772776764.2633772,766,-11.301188468933105
1772776778.9944584,767,-11.182022094726562
1772776783.835897,768,-11.763996124267578
1772776820.3507245,769,-11.134422302246094
1772776830.3560505,770,-10.847951889038086
1772776830.4859586,771,-5.671796798706055
1772776836.633915,772,-10.783845901489258
1772776851.4614902,773,-10.712169647216797
1772776853.1298344,774,-10.41426944732666
1772776861.7450416,775,-10.295331954956055
1772776868.1252275,776,-10.383933067321777
1772776875.0356464,777,-10.731982231140137
1772776879.3355997,778,-11.33336353302002
1772776896.1545184,779,-10.319631576538086
1772776902.5645797,780,-9.648789405822754
1772776905.7769837,781,-10.822669982910156
1772776960.2211566,782,-10.606343269348145
1772776968.3883677,783,-9.893306732177734
1772776971.8307836,784,-11.077017784118652
1772776976.2114012,785,-9.538511276245117
1772776977.891145,786,-9.255326271057129
1772776993.1768084,787,-9.734997749328613
1772776998.3005922,788,-10.252326011657715
1772777000.283162,789,-10.07426643371582
1772777006.587098,790,-9.808720588684082
1772777009.8341224,791,-9.835488319396973
1772777016.4735153,792,-10.833245277404785
1772777046.8694777,793,-9.752799987792969
1772777050.0040033,794,-10.550619125366211
1772777053.1830244,795,-9.335047721862793
1772777061.7746131,796,-9.626879692077637
1772777067.0030787,797,-9.891141891479492
1772777068.6178694,798,-9.284806251525879
1772777071.1778321,799,-10.79762077331543
1772777081.128898,800,-9.687368392944336
1772777088.893934,801,-9.378630638122559
1772777091.9988968,802,-9.670504570007324
1772777098.1677587,803,-8.92150592803955
1772777107.1223,804,-9.582538604736328
1772777110.7385178,805,-8.925048828125
1772777117.076951,806,-9.370612144470215
1772777120.3224752,807,-8.848043441772461
1772777129.155198,808,-9.154151916503906
1772777133.2422252,809,-8.773882865905762
1772777142.4460037,810,-8.327176094055176
1772777152.0428462,811,-9.461166381835938
1772777156.5138557,812,-9.60977554321289
1772777160.983539,813,-9.268010139465332
1772777173.1147735,814,-8.929829597473145
1772777176.6901302,815,-9.504860877990723
1772777181.2437124,816,-8.409698486328125
1772777184.4541001,817,-8.671854972839355
1772777187.5844667,818,-10.063994407653809
1772777192.4155393,819,-9.175227165222168
1772777202.0843825,820,-8.460369110107422
1772777206.3105958,821,-8.658995628356934
1772777223.0226278,822,-9.195679664611816
1772777231.907746,823,-8.627551078796387
1772777238.100555,824,-8.28029727935791
1772777243.1240158,825,-8.015939712524414
1772777247.7954142,826,-8.313724517822266
1772777248.9282348,827,-9.733463287353516
1772777256.7124982,828,-8.428672790527344
1772777262.2275817,829,-8.176887512207031
1772777357.8484821,830,-8.961384773254395
1772777361.0844462,831,-9.004976272583008
1772777368.7380936,832,-7.639238357543945
1772777378.7100081,833,-7.70326566696167
1772777390.7832744,834,-8.020556449890137
1772777390.9693904,835,-7.870569229125977
1772777400.8232763,836,-8.168207168579102
1772777416.1569164,837,-8.066736221313477
1772777422.0174596,838,-8.481488227844238
1772777438.2973716,839,-8.186553955078125
1772777449.5598862,840,-7.440155506134033
1772777453.1607895,841,-8.176344871520996
1772777474.1061957,842,-7.868483066558838
1772777475.810241,843,-7.719965934753418
1772777498.1534312,844,-7.819802761077881
1772777498.2797122,845,-8.117781639099121
1772777504.7455215,846,-7.665807723999023
1772777505.320919,847,-6.549026012420654
1772777508.4799316,848,-7.015518665313721
1772777513.8968904,849,-7.278256416320801
1772777519.1343784,850,-7.771623611450195
1772777522.0015433,851,-8.227540016174316
1772777528.2908769,852,-7.925939083099365
1772777552.899684,853,-7.602869033813477
1772777564.8925972,854,-7.032303810119629
1772777568.8699465,855,-6.735713481903076
1772777568.9956255,856,-6.231939315795898
1772777573.0871227,857,-7.554854869842529
1772777584.2329423,858,-6.998285293579102
1772777601.4539578,859,-7.272308349609375
1772777616.5818858,860,-6.830802917480469
1772777620.805567,861,-6.690189361572266
1772777621.348473,862,-5.665199279785156
1772777638.752166,863,-7.150758743286133
1772777647.3009427,864,-7.020247936248779
1772777656.4479432,865,-6.364552021026611
1772777743.5418591,866,-6.319305896759033
1772777748.5189323,867,-7.517171859741211
1772777752.1564455,868,-5.640031337738037
1772777755.4591722,869,-7.368429660797119
1772777762.6099043,870,-6.9444990158081055
1772777768.5818877,871,-6.7075276374816895
1772777768.7067382,872,-10.575691223144531
1772777770.6205754,873,-5.938155651092529
1772777780.065228,874,-6.2049946784973145
1772777795.2878816,875,-6.494452953338623
1772777810.9173236,876,-6.035241603851318
1772777811.3684342,877,-7.710708141326904
1772777811.4903116,878,-5.228740215301514
1772777818.9589906,879,-6.659580707550049
1772777826.4821963,880,-6.38563871383667
1772777831.5459557,881,-6.077688694000244
1772777837.9056811,882,-6.751607418060303
1772777844.439947,883,-6.492465496063232
1772777858.7301552,884,-6.085129737854004
1772777864.1324744,885,-6.120556354522705
1772777876.6439278,886,-5.273195743560791
1772777879.9102075,887,-5.397830486297607
1772777883.5472248,888,-4.3736891746521
1772777887.9568758,889,-4.047805309295654
1772777891.9576354,890,-5.989657878875732
1772777895.5547917,891,-5.267509937286377
1772777901.7684464,892,-5.248091697692871
1772777922.4202461,893,-5.471004009246826
1772777926.4668417,894,-4.515225410461426
1772777932.8275568,895,-6.321395397186279
1772777932.955949,896,-3.0479836463928223
1772777936.1179357,897,-6.44052791595459
1772777947.543895,898,-5.29483699798584
1772777950.6416857,899,-5.134905815124512
1772777955.506871,900,-5.702249050140381
1772777958.7074213,901,-5.173511981964111
1772777964.6455452,902,-5.663618087768555
1772777970.9542608,903,-5.146182060241699
1772777974.1572342,904,-5.002976417541504
1772777976.1547854,905,-6.784298419952393
1772777979.4665298,906,-4.977663993835449
1772777982.4452155,907,-5.026343822479248
1772777985.587315,908,-4.505740165710449
1772777999.1775148,909,-4.320901393890381
1772777999.3118744,910,1.230038046836853
1772778005.128928,911,-4.48590087890625
1772778008.6456819,912,-5.55399751663208
1772778012.7693968,913,-5.6931843757629395
1772778019.2109745,914,-4.8951416015625
1772778038.4548512,915,-5.101332664489746
1772778059.9088984,916,-5.18168830871582
1772778166.5041027,917,-4.486293315887451
1772778169.651749,918,-4.078581809997559
1772778170.3955672,919,-6.387296676635742
1772778176.4200408,920,-4.7706122398376465
1772778179.5504482,921,-4.100100994110107
1772778187.2345085,922,-4.908819675445557
1772778213.2366111,923,-4.926600456237793
1772778216.414107,924,-4.712263584136963
1772778223.92715,925,-4.354241847991943
1772778227.2843575,926,-5.522265911102295
1772778246.1592257,927,-4.726548671722412
1772778248.9874542,928,-4.617334365844727
1772778253.329319,929,-3.9278669357299805
1772778256.5982146,930,-3.7479100227355957
1772778256.7276592,931,-8.694161415100098
1772778260.7902412,932,-3.9182300567626953
1772778260.9172826,933,2.7256622314453125
1772778267.8306913,934,-4.286362171173096
1772778271.8650682,935,-4.134014129638672
1772778276.7562902,936,-3.7409465312957764
1772778285.9693172,937,-4.731845855712891
1772778289.2444885,938,-3.518866777420044
1772778292.6931095,939,-4.8477888107299805
1772778299.2658002,940,-4.321770191192627
1772778309.888505,941,-5.37734842300415
1772778317.906199,942,-5.216109275817871
1772778321.1030288,943,-3.2321157455444336
1772778324.557942,944,-4.205360412597656
1772778324.7988272,945,-5.737767696380615
1772778327.9617424,946,-3.525312662124634
1772778337.765533,947,-3.85811185836792
1772778337.890737,948,0.7275633215904236
1772778340.2493482,949,-3.846719264984131
1772778366.8615596,950,-3.989431619644165
1772778368.2444634,951,-3.5431861877441406
1772778381.5317898,952,-3.5629382133483887
1772778388.6168528,953,-3.9632792472839355
1772778398.029146,954,-4.00656795501709
1772778407.905625,955,-3.708984851837158
1772778415.4018655,956,-3.6970155239105225
1772778418.5534096,957,-4.272795677185059
1772778428.0358193,958,-3.487276315689087
1772778433.4058871,959,-3.5935990810394287
1772778444.0534441,960,-3.5740277767181396
1772778448.7548738,961,-4.582656383514404
1772778448.8799107,962,-5.6791911125183105
1772778453.9135625,963,-4.046422958374023
1772778455.9899476,964,-4.896412372589111
1772778465.8827174,965,-3.580721616744995
1772778564.256876,966,-3.3460278511047363
1772778564.3829644,967,2.559678792953491
1772778571.1857963,968,-2.9720282554626465
1772778575.9765522,969,-3.4946863651275635
1772778581.2043252,970,-2.6115596294403076
1772778589.0507393,971,-2.1868083477020264
1772778613.3158236,972,-2.8532328605651855
1772778614.5460467,973,-2.7615058422088623
1772778623.2499702,974,-2.5504207611083984
1772778631.0284522,975,-2.809363603591919
1772778631.1583757,976,-4.453324794769287
1772778639.0905387,977,-2.325829267501831
1772778649.7305093,978,-2.2132585048675537
1772778654.70981,979,-2.098571300506592
1772778666.580432,980,-2.2235469818115234
1772778666.7110856,981,-14.697952270507812
1772778669.8126175,982,-2.2530360221862793
1772778672.8817976,983,-1.3165971040725708
1772778680.9950366,984,-2.84537672996521
1772778686.1994734,985,-1.8575154542922974
1772778689.3008754,986,-2.4758105278015137
1772778701.1933064,987,-2.4983420372009277
1772778704.3204525,988,-1.8343021869659424
1772778709.3648808,989,-1.363706350326538
1772778712.6017437,990,-2.965784788131714
1772778715.824653,991,-2.114887237548828
1772778723.9270887,992,-1.6498801708221436
1772778727.0407119,993,-2.86930251121521
1772778736.4381454,994,-2.6692495346069336
1772778743.2221756,995,-1.6166819334030151
1772778758.727251,996,-1.8834792375564575
1772778763.299049,997,-1.2309510707855225
1772778768.252485,998,-1.4474774599075317
1772778778.9152627,999,-1.708988904953003
1772778782.454956,1000,-2.360924482345581
1772778784.729699,1001,-2.173274040222168
1772778789.0614488,1002,-1.379136085510254
1772778796.9298959,1003,-1.870164394378662
1772778809.8158367,1004,-1.4289920330047607
1772778815.9609756,1005,-1.2279971837997437
1772778829.582413,1006,-1.2046279907226562
1772778834.590879,1007,-0.6866424679756165
1772778854.433509,1008,-0.7367401719093323
1772778976.4584224,1009,-0.8682321906089783
1772778979.6116695,1010,-0.6534640192985535
1772778981.1832473,1011,-1.227097988128662
1772778990.3410048,1012,-0.40661734342575073
1772779012.2379572,1013,0.1011943593621254
1772779026.6470811,1014,-0.1578381210565567
1772779029.9195983,1015,0.3144359886646271
1772779053.7687478,1016,0.2345811128616333
1772779058.3180578,1017,-0.565427839756012
1772779073.4177542,1018,0.4537903368473053
1772779081.481934,1019,0.6963251829147339
1772779084.607044,1020,-0.6442343592643738
1772779089.5927024,1021,0.6712841391563416
1772779093.9017835,1022,-0.022267386317253113
1772779104.6300173,1023,0.4700087010860443
1772779112.6714728,1024,1.7356141805648804
1772779124.8837836,1025,1.9284206628799438
1772779133.3644605,1026,1.004809856414795
1772779143.08974,1027,0.937625527381897
1772779147.5896688,1028,1.7791138887405396
1772779153.0744631,1029,2.1514220237731934
1772779153.1988645,1030,7.455826759338379
1772779167.3048654,1031,1.341784954071045
1772779174.4815626,1032,1.6464773416519165
1772779188.8376305,1033,1.548831582069397
1772779192.383486,1034,1.3041408061981201
1772779201.4734538,1035,1.6665512323379517
1772779204.622266,1036,2.3685317039489746
1772779214.4322662,1037,1.5250812768936157
1772779218.9094265,1038,2.2723920345306396
1772779224.256267,1039,1.3129819631576538
1772779233.7269099,1040,1.681455135345459
1772779252.6413565,1041,2.195404052734375
1772779260.406281,1042,2.448744773864746
1772779263.5274358,1043,1.5084842443466187
1772779266.6521535,1044,2.8020591735839844
1772779398.1050699,1045,2.314120054244995
1772779409.6210518,1046,2.0783939361572266
1772779414.4815755,1047,2.2708117961883545
1772779416.9509575,1048,1.9969241619110107
1772779417.6171217,1049,4.895975589752197
1772779420.7026267,1050,3.752730131149292
1772779423.2637827,1051,1.7235075235366821
1772779426.4514434,1052,3.656064510345459
1772779428.1685734,1053,0.2315683662891388
1772779439.4731033,1054,3.2292885780334473
1772779442.5631962,1055,3.4036998748779297
1772779445.684428,1056,3.238720655441284
1772779454.7099717,1057,2.957078695297241
1772779467.6019385,1058,2.7010715007781982
1772779476.4575465,1059,3.4046311378479004
1772779480.1520443,1060,3.1936750411987305
1772779489.4354901,1061,2.236941337585449
1772779493.2101521,1062,4.4506988525390625
1772779511.0042036,1063,3.267319917678833
1772779522.917529,1064,3.088268518447876
1772779532.631594,1065,3.337472438812256
1772779543.4967782,1066,3.6733806133270264
1772779564.426266,1067,3.7618021965026855
1772779564.5508604,1068,4.003913879394531
1772779569.825342,1069,4.627239227294922
1772779572.9147966,1070,3.9327189922332764
1772779576.1819298,1071,3.762362003326416
1772779585.396538,1072,4.0020856857299805
1772779590.7409244,1073,4.7847981452941895
1772779591.964004,1074,4.581427097320557
1772779597.590559,1075,4.717048645019531
1772779601.1605756,1076,3.497152328491211
1772779603.3578107,1077,5.240829944610596
1772779607.9332457,1078,4.5833420753479
1772779612.906235,1079,4.073452472686768
1772779617.1488614,1080,4.201049327850342
1772779618.3528574,1081,7.03727388381958
1772779624.0996208,1082,4.104867935180664
1772779628.4255023,1083,5.010490417480469
1772779641.6556137,1084,5.363852024078369
1772779641.7833223,1085,0.1291252225637436
1772779646.9115777,1086,5.793743133544922
1772779655.7972603,1087,5.504904747009277
1772779660.5860927,1088,6.077552795410156
1772779668.5608845,1089,5.567635536193848
1772779671.8080838,1090,5.149279594421387
1772779677.0941088,1091,4.777320861816406
1772779693.152398,1092,5.398714542388916
1772779696.6067402,1093,6.191526889801025
1772779701.3637905,1094,5.989681720733643
1772779768.0160663,1095,6.184788227081299
1772779771.4642105,1096,5.407571792602539
1772779783.7740185,1097,6.669111728668213
1772779790.1640844,1098,6.069522857666016
1772779794.6826634,1099,6.534884929656982
1772779794.8129997,1100,6.041886806488037
1772779802.382032,1101,5.223648548126221
1772779811.260491,1102,6.576953411102295
1772779821.4270627,1103,6.985785484313965
1772779826.5346594,1104,6.0278849601745605
1772779840.8191173,1105,7.16489315032959
1772779844.6310773,1106,7.968593120574951
1772779851.332309,1107,6.980117321014404
1772779862.2026381,1108,7.244401454925537
1772779862.9293447,1109,5.486865043640137
1772779876.3839426,1110,7.1582183837890625
1772779887.8446367,1111,7.282588481903076
1772779893.9366415,1112,7.9617204666137695
1772779900.0113902,1113,7.843894958496094
1772779912.4836416,1114,7.890647888183594
1772779928.6323395,1115,7.371212482452393
1772779932.8069623,1116,8.013504981994629
1772779936.0536466,1117,8.538504600524902
1772779942.6407697,1118,7.177649974822998
1772779947.8564794,1119,7.882691383361816
1772779952.0711699,1120,7.651930332183838
1772779959.6103096,1121,7.906558513641357
1772779976.8480053,1122,8.291092872619629
1772779983.3371558,1123,8.507887840270996
1772779997.022702,1124,8.82705020904541
1772780008.753438,1125,7.910018444061279
1772780008.8844473,1126,3.1206860542297363
1772780016.6943657,1127,8.651412963867188
1772780019.4472213,1128,10.758503913879395
1772780025.693742,1129,9.265580177307129
1772780038.400196,1130,9.601243019104004
1772780043.2651765,1131,9.086063385009766
1772780051.1446512,1132,9.508279800415039
1772780062.9880617,1133,9.265527725219727
1772780169.4789503,1134,9.371992111206055
1772780173.6464067,1135,9.224852561950684
1772780176.9097276,1136,9.553731918334961
1772780190.953201,1137,9.309884071350098
1772780194.8079329,1138,9.866222381591797
1772780206.3582368,1139,9.979424476623535
1772780212.2847865,1140,9.860172271728516
1772780215.656649,1141,9.107209205627441
1772780223.799874,1142,10.138856887817383
1772780232.8299978,1143,9.691595077514648
1772780241.7053573,1144,10.042647361755371
1772780244.9318237,1145,12.186131477355957
1772780250.4683156,1146,9.668429374694824
1772780266.5887496,1147,9.71730899810791
1772780274.5466135,1148,10.654473304748535
1772780280.5398188,1149,10.816523551940918
1772780291.8586068,1150,10.379515647888184
1772780295.4661717,1151,9.098684310913086
1772780297.9403586,1152,11.268991470336914
1772780307.3136995,1153,10.941951751708984
1772780319.4954357,1154,10.300985336303711
1772780337.172863,1155,10.845022201538086
1772780340.7007055,1156,10.303139686584473
1772780355.2717612,1157,11.320034980773926
1772780360.3988547,1158,10.195497512817383
1772780367.7573545,1159,11.20948600769043
1772780376.1694863,1160,11.797660827636719
1772780392.665595,1161,11.555185317993164
1772780404.161315,1162,12.38766098022461
1772780411.931024,1163,11.574790954589844
1772780416.6368768,1164,12.181290626525879
1772780421.3062813,1165,11.353780746459961
1772780443.195676,1166,12.296248435974121
1772780448.4539182,1167,11.485429763793945
1772780457.5236542,1168,12.937952041625977
1772780467.0737493,1169,12.493144989013672
1772780475.5713701,1170,11.597668647766113
1772780551.6059039,1171,11.858660697937012
1772780554.728607,1172,12.993273735046387
1772780557.8636525,1173,12.173237800598145
1772780561.0530214,1174,12.805810928344727
1772780570.0876803,1175,12.674478530883789
1772780586.606064,1176,12.865457534790039
1772780594.6724365,1177,13.36958122253418
1772780598.9666326,1178,13.529058456420898
1772780607.1671443,1179,14.401288986206055
1772780614.0372026,1180,13.15114688873291
1772780626.3018415,1181,13.364052772521973
1772780633.021879,1182,13.346134185791016
1772780641.7496731,1183,12.929903984069824
1772780648.2761257,1184,12.569304466247559
1772780661.8633742,1185,13.286116600036621
1772780667.0656571,1186,13.732108116149902
1772780676.2921755,1187,14.115272521972656
1772780683.4500256,1188,13.564412117004395
1772780686.7125595,1189,14.236358642578125
1772780690.4725878,1190,13.642648696899414
1772780696.9928887,1191,14.000714302062988
1772780700.4004705,1192,12.292510986328125
1772780704.1163254,1193,14.434060096740723
1772780704.3827398,1194,14.819544792175293
1772780709.3802729,1195,14.154423713684082
1772780714.253716,1196,13.847906112670898
1772780722.3290548,1197,14.320757865905762
1772780722.520682,1198,13.303665161132812
1772780735.4017994,1199,13.751157760620117
1772780749.853669,1200,14.440881729125977
1772780754.0497522,1201,14.486324310302734
1772780761.8700778,1202,14.16996955871582
1772780769.043716,1203,13.935508728027344
1772780779.749423,1204,13.83980655670166
1772780783.530019,1205,15.955161094665527
1772780789.282938,1206,15.56246280670166
1772780795.0740578,1207,14.631240844726562
1772780802.1322181,1208,14.661395072937012
1772780803.645672,1209,14.273386001586914
1772780807.8994122,1210,13.796478271484375
1772780811.780455,1211,13.865392684936523
1772780821.5321653,1212,14.221601486206055
1772780829.4890306,1213,15.51921272277832
1772780834.9459155,1214,14.398754119873047
1772780844.5691166,1215,15.442642211914062
1772780847.703725,1216,15.193397521972656
1772780854.4067886,1217,15.384658813476562
1772780865.9903805,1218,15.2854642868042
1772780936.7627444,1219,15.049056053161621
1772780945.5226643,1220,14.635927200317383
1772780948.8148527,1221,15.359171867370605
1772780961.5107703,1222,15.122452735900879
1772780964.7496715,1223,14.983436584472656
1772780970.8422158,1224,14.639053344726562
1772780974.714986,1225,15.816328048706055
1772780980.789716,1226,14.966902732849121
1772780986.388953,1227,15.233377456665039
1772780994.5101745,1228,16.887331008911133
1772780999.6800933,1229,15.006094932556152
1772781003.2937095,1230,15.362878799438477
1772781004.7959447,1231,15.802666664123535
1772781012.749718,1232,15.253808975219727
1772781017.1469002,1233,16.957048416137695
1772781020.7763956,1234,15.347332000732422
1772781020.9028552,1235,16.413761138916016
1772781028.159159,1236,15.318169593811035
1772781035.3998494,1237,15.8524751663208
1772781045.947763,1238,15.823858261108398
1772781055.2985046,1239,16.569368362426758
1772781058.4841774,1240,17.076087951660156
1772781065.9595587,1241,16.78350257873535
1772781080.0493727,1242,16.23857879638672
1772781088.584268,1243,16.902788162231445
1772781091.9600148,1244,16.098201751708984
1772781095.0417366,1245,15.488584518432617
1772781104.6428263,1246,15.854520797729492
1772781112.0274794,1247,16.159971237182617
1772781124.0976737,1248,16.848020553588867
1772781127.2662325,1249,15.327560424804688
1772781130.5449777,1250,18.447580337524414
1772781140.5207326,1251,17.32291603088379
1772781146.4351509,1252,16.33188247680664
1772781151.9600198,1253,16.86073875427246
1772781161.7152135,1254,17.297039031982422
1772781169.730541,1255,17.2347469329834
1772781169.9848971,1256,16.34189224243164
1772781171.0581946,1257,14.660154342651367
1772781174.4343026,1258,17.001758575439453
1772781178.1853075,1259,17.59450912475586
1772781180.1820946,1260,16.70074462890625
1772781188.3682165,1261,17.495317459106445
1772781191.4876175,1262,18.16790771484375
1772781194.8098345,1263,17.408288955688477
1772781201.6156566,1264,17.941791534423828
1772781201.75031,1265,17.214027404785156
1772781208.6269715,1266,18.253355026245117
1772781216.772585,1267,17.146329879760742
1772781222.6916869,1268,17.219985961914062
1772781228.9020536,1269,17.82771873474121
1772781232.7578712,1270,17.255992889404297
1772781404.3061917,1271,18.202335357666016
1772781421.9220815,1272,17.689308166503906
1772781430.8790777,1273,18.229909896850586
1772781434.6246548,1274,19.471616744995117
1772781439.0670977,1275,16.67575454711914
1772781450.327707,1276,17.782915115356445
1772781463.931697,1277,18.526147842407227
1772781467.15487,1278,17.7714786529541
1772781474.8077295,1279,17.79249382019043
1772781475.3116732,1280,18.007240295410156
1772781480.3240998,1281,17.831350326538086
1772781480.9272547,1282,23.943424224853516
1772781484.0860617,1283,18.69709587097168
1772781488.2483494,1284,18.426620483398438
1772781495.189627,1285,18.31246566772461
1772781500.8184812,1286,17.910863876342773
1772781500.949968,1287,18.889699935913086
1772781515.4785001,1288,18.9389705657959
1772781521.446788,1289,18.412668228149414
1772781537.7891567,1290,19.45849609375
1772781540.8985302,1291,17.47608184814453
1772781547.0365765,1292,18.55618667602539
1772781550.8128228,1293,18.279754638671875
1772781554.8543332,1294,18.72844123840332
1772781558.0865428,1295,20.029556274414062
1772781564.6318946,1296,18.47066879272461
1772781567.834544,1297,19.683494567871094
1772781572.8668234,1298,17.942455291748047
1772781584.8307285,1299,18.560623168945312
1772781589.3264523,1300,18.12267303466797
1772781596.9906893,1301,18.675291061401367
1772781600.0987117,1302,18.534666061401367
1772781605.697716,1303,19.102523803710938
1772781614.3859134,1304,18.56861686706543
1772781617.8899846,1305,19.28207778930664
1772781618.0206118,1306,20.449207305908203
1772781624.69909,1307,19.32627296447754
1772781627.3240554,1308,18.585012435913086
1772781637.022387,1309,18.936389923095703
1772781640.0304158,1310,19.515491485595703
1772781651.7613432,1311,18.498390197753906
1772781651.8937585,1312,15.50540828704834
1772781655.0910363,1313,19.21160125732422
1772781665.0643744,1314,19.086650848388672
1772781671.7762182,1315,19.041954040527344
1772781681.573262,1316,19.21184730529785
1772781704.9310935,1317,19.7708797454834
1772781819.9977295,1318,19.98520278930664
1772781821.9787548,1319,20.41148567199707
1772781829.3185337,1320,19.536062240600586
1772781834.805136,1321,18.726093292236328
1772781843.270306,1322,20.49803924560547
1772781849.1412468,1323,19.78688621520996
1772781865.15883,1324,19.903085708618164
1772781875.704295,1325,20.35470962524414
1772781887.9624486,1326,20.62910270690918
1772781896.922252,1327,20.38970947265625
1772781900.087303,1328,21.32188606262207
1772781910.8402932,1329,20.20281982421875
1772781918.2952614,1330,21.039159774780273
1772781930.8769674,1331,19.781227111816406
1772781935.7314432,1332,20.353193283081055
1772781942.1457863,1333,20.408342361450195
1772781948.5541074,1334,20.08515167236328
1772781954.6321483,1335,19.76071548461914
1772781959.8814747,1336,19.956912994384766
1772781963.142081,1337,20.288822174072266
1772781967.7758477,1338,19.540555953979492
1772781974.311438,1339,20.038822174072266
1772781977.494135,1340,20.41721534729004
1772781979.2327235,1341,21.088884353637695
1772781980.2098103,1342,20.291093826293945
1772781992.0016184,1343,20.352712631225586
1772782004.4164357,1344,20.871482849121094
1772782012.5396955,1345,20.267803192138672
1772782020.4681191,1346,20.27769660949707
1772782030.7169015,1347,20.620121002197266
1772782033.8702385,1348,20.604442596435547
1772782038.5103717,1349,22.221948623657227
1772782049.4887354,1350,22.086706161499023
1772782054.3565197,1351,20.035825729370117
1772782066.3583312,1352,21.298168182373047
1772782069.7563806,1353,20.492645263671875
1772782076.0055065,1354,21.13093376159668
1772782080.8479314,1355,22.253467559814453
1772782083.1399934,1356,22.000770568847656
1772782089.9814417,1357,21.314876556396484
1772782094.9948833,1358,21.273571014404297
1772782095.1284237,1359,33.008113861083984
1772782106.8945203,1360,22.107885360717773
1772782121.762162,1361,21.659584045410156
1772782248.9203897,1362,22.689908981323242
1772782249.8434925,1363,22.759925842285156
1772782255.7947044,1364,22.28660774230957
1772782260.8572512,1365,21.843002319335938
1772782262.93681,1366,21.407453536987305
1772782266.7379007,1367,21.886964797973633
1772782270.4247692,1368,22.919023513793945
1772782274.472367,1369,22.187829971313477
1772782277.6916225,1370,22.635356903076172
1772782285.61878,1371,22.490482330322266
1772782297.95758,1372,22.649375915527344
1772782302.6700592,1373,23.42995834350586
1772782316.868304,1374,21.951513290405273
1772782321.6087673,1375,21.998947143554688
1772782338.2294095,1376,22.91295623779297
1772782351.4434493,1377,22.681917190551758
1772782353.5115488,1378,22.431560516357422
1772782362.1654701,1379,22.60183334350586
1772782365.334542,1380,21.90925407409668
1772782369.371661,1381,23.90266990661621
1772782369.495989,1382,14.018379211425781
1772782382.326776,1383,23.666316986083984
1772782382.4555266,1384,20.483356475830078
1772782386.057861,1385,22.69472885131836
1772782390.325209,1386,23.086511611938477
1772782401.600846,1387,23.62312126159668
1772782403.6008224,1388,22.562231063842773
1772782408.0243995,1389,23.138809204101562
1772782416.295773,1390,23.73624038696289
1772782416.4199846,1391,16.04469871520996
1772782422.240621,1392,23.639986038208008
1772782424.2822258,1393,22.986528396606445
1772782431.7656531,1394,23.03008460998535
1772782464.644911,1395,23.730690002441406
1772782475.4779058,1396,23.958934783935547
1772782478.5653315,1397,23.3507137298584
1772782484.0989678,1398,23.741514205932617
1772782487.2856896,1399,25.28689956665039
1772782490.493513,1400,23.492061614990234
1772782496.0029051,1401,23.432254791259766
1772782505.9874506,1402,23.978788375854492
1772782510.2793283,1403,24.0146427154541
1772782514.1516972,1404,24.181659698486328
1772782519.808637,1405,23.841333389282227
1772782523.0541067,1406,25.258718490600586
1772782529.3338952,1407,23.65325927734375
1772782534.8814952,1408,24.528606414794922
1772782539.2362194,1409,24.44142723083496
1772782545.4730926,1410,23.747297286987305
1772782550.3960145,1411,23.889253616333008
1772782558.5125635,1412,25.53404426574707
1772782717.1941752,1413,24.707307815551758
1772782720.3109143,1414,24.321258544921875
1772782734.2676191,1415,24.965774536132812
1772782734.9060555,1416,23.89327049255371
1772782740.966989,1417,24.449172973632812
1772782744.2181416,1418,24.460355758666992
1772782754.6497872,1419,25.47979164123535
1772782755.6261632,1420,27.766746520996094
1772782761.3301728,1421,24.555774688720703
1772782764.725746,1422,25.25619125366211
1772782765.3833833,1423,23.58710479736328
1772782778.137697,1424,24.170806884765625
1772782782.928578,1425,25.203224182128906
1772782796.2736487,1426,25.491804122924805
1772782804.1691902,1427,24.989877700805664
1772782807.2773528,1428,25.41834831237793
1772782831.7208035,1429,25.364023208618164
1772782846.5986452,1430,25.10216522216797
1772782849.8618,1431,27.963869094848633
1772782859.455973,1432,25.094995498657227
1772782870.4414344,1433,25.849807739257812
1772782886.3908958,1434,25.553178787231445
1772782889.7197256,1435,26.170364379882812
1772782899.4622152,1436,25.606359481811523
1772782907.6777494,1437,25.73536491394043
1772782914.683063,1438,26.224470138549805
1772782917.9085503,1439,26.12534523010254
1772782920.5324097,1440,25.85615348815918
1772782920.724115,1441,25.942256927490234
1772782927.0150597,1442,25.11839485168457
1772782932.7401965,1443,24.946929931640625
1772782937.7638435,1444,24.975637435913086
1772782941.2054462,1445,26.277008056640625
1772782941.3362317,1446,26.61886978149414
1772782942.4863853,1447,26.290664672851562
1772782957.4772127,1448,25.29130744934082
1772782964.5740268,1449,25.4395809173584
1772782973.641665,1450,25.75750732421875
1772782976.8188992,1451,25.562986373901367
1772782985.1347625,1452,26.306488037109375
1772782990.5136802,1453,25.611474990844727
1772782997.4956996,1454,25.743820190429688
1772783000.986325,1455,25.711267471313477
1772783005.2028635,1456,25.295103073120117
1772783008.343882,1457,26.167816162109375
1772783008.4689353,1458,30.766162872314453
1772783020.455534,1459,25.462139129638672
1772783127.5284808,1460,26.296886444091797
1772783128.9925847,1461,27.755870819091797
1772783132.9913363,1462,26.558027267456055
1772783133.1112642,1463,29.704599380493164
1772783133.2364848,1464,17.210010528564453
1772783136.6096656,1465,26.659595489501953
1772783142.1820414,1466,26.5372314453125
1772783144.5035603,1467,26.70115852355957
1772783150.2393653,1468,26.898662567138672
1772783157.542396,1469,26.088537216186523
1772783157.7909307,1470,30.06763458251953
1772783165.9924967,1471,26.514936447143555
1772783169.599123,1472,25.515220642089844
1772783173.047105,1473,26.949068069458008
1772783174.8443577,1474,26.90732765197754
1772783180.3664906,1475,25.616241455078125
1772783187.2505975,1476,26.539857864379883
1772783191.2730136,1477,26.42081069946289
1772783192.7767305,1478,26.696876525878906
1772783195.909419,1479,28.592498779296875
1772783199.058878,1480,28.237560272216797
1772783219.3360224,1481,27.239723205566406
1772783222.489611,1482,26.25497055053711
1772783224.2492886,1483,25.989360809326172
1772783228.0965726,1484,26.907487869262695
1772783231.5911143,1485,27.151409149169922
1772783231.720012,1486,35.17022705078125
1772783234.844917,1487,26.62206268310547
1772783245.81731,1488,27.525432586669922
1772783249.1217456,1489,28.35640525817871
1772783252.7256327,1490,27.528223037719727
1772783262.9153352,1491,26.942506790161133
1772783269.1471596,1492,26.692398071289062
1772783288.7405233,1493,27.171836853027344
1772783288.8667045,1494,22.775924682617188
1772783292.5034852,1495,27.421512603759766
1772783295.644949,1496,28.192832946777344
1772783300.4450827,1497,26.506027221679688
1772783305.190597,1498,27.50867462158203
1772783309.696891,1499,26.926584243774414
1772783312.827438,1500,28.264747619628906
1772783314.4390624,1501,27.294296264648438
1772783320.8206835,1502,27.800315856933594
1772783327.0855446,1503,28.227148056030273
1772783336.7367017,1504,27.95244598388672
1772783350.6570458,1505,27.738996505737305
1772783364.8062587,1506,28.348674774169922
1772783371.184648,1507,28.426471710205078
1772783375.5191195,1508,27.706298828125
1772783383.6439455,1509,28.826114654541016
1772783389.0817823,1510,28.172760009765625
1772783390.6902168,1511,28.630229949951172
1772783402.7693954,1512,28.096187591552734
1772783407.7091677,1513,27.788103103637695
1772783408.8850598,1514,28.33962059020996
1772783413.1403654,1515,28.15801429748535
1772783423.116909,1516,28.344924926757812
1772783580.7618632,1517,28.555994033813477
1772783586.906839,1518,28.215578079223633
1772783587.0334716,1519,28.397642135620117
1772783601.334861,1520,28.47361946105957
1772783610.0050323,1521,29.299640655517578
1772783615.3234107,1522,28.541513442993164
1772783622.266005,1523,28.34771728515625
1772783627.4752505,1524,27.60369110107422
1772783640.0280783,1525,28.669281005859375
1772783643.1865625,1526,29.664525985717773
1772783646.4032638,1527,29.256013870239258
1772783649.404285,1528,28.432329177856445
1772783659.1567612,1529,28.820890426635742
1772783662.4697204,1530,29.27908706665039
1772783671.1950235,1531,28.65837860107422
1772783680.797916,1532,28.734464645385742
1772783693.24546,1533,28.51717185974121
1772783696.5521777,1534,29.204174041748047
1772783704.668201,1535,28.706771850585938
1772783708.2858453,1536,29.560211181640625
1772783710.5470488,1537,28.501863479614258
1772783714.029577,1538,28.85072898864746
1772783725.158128,1539,28.228618621826172
1772783730.0194497,1540,29.12478256225586
1772783730.1441138,1541,20.953584671020508
1772783734.9365304,1542,27.910852432250977
1772783753.2500436,1543,28.809309005737305
1772783759.3686275,1544,28.165260314941406
1772783766.6250246,1545,29.286638259887695
1772783772.3660307,1546,29.752328872680664
1772783777.2246134,1547,29.141721725463867
1772783780.4616597,1548,28.206161499023438
1772783786.6763377,1549,28.900981903076172
1772783792.8599088,1550,28.21615219116211
1772783798.2717626,1551,28.428199768066406
1772783800.0893068,1552,29.204336166381836
1772783803.4585958,1553,28.890987396240234
1772783807.3811154,1554,29.489484786987305
1772783819.4507015,1555,28.596843719482422
1772783830.6762629,1556,28.466983795166016
1772783835.3838274,1557,28.67123031616211
1772783838.6011589,1558,29.555614471435547
1772783843.7151113,1559,29.480499267578125
1772783851.0542505,1560,29.191001892089844
1772783862.7598517,1561,29.303749084472656
1772783868.5766096,1562,29.616931915283203
1772783880.9495924,1563,28.873130798339844
1772783953.633505,1564,29.360504150390625
1772783958.5596783,1565,29.345298767089844
1772783967.010384,1566,29.00477409362793
1772783974.0901303,1567,29.08235740661621
1772783974.8867266,1568,30.790891647338867
1772783984.7960813,1569,30.174468994140625
1772783990.2425225,1570,30.109132766723633
1772783997.3753483,1571,30.171764373779297
1772783997.6257215,1572,32.175907135009766
1772784006.7858794,1573,29.626855850219727
1772784006.9111443,1574,31.25526237487793
1772784017.9707234,1575,29.702699661254883
1772784024.9811578,1576,29.115217208862305
1772784031.0279334,1577,30.25972557067871
1772784036.921012,1578,28.451351165771484
1772784040.946381,1579,29.411880493164062
1772784051.8627305,1580,30.558692932128906
1772784052.3664544,1581,27.938631057739258
1772784055.5888302,1582,29.776039123535156
1772784058.7466989,1583,29.41329002380371
1772784075.9706645,1584,29.615144729614258
1772784083.228782,1585,29.374216079711914
1772784086.9123502,1586,30.088191986083984
1772784090.1847043,1587,29.375900268554688
1772784103.8102114,1588,29.65536880493164
1772784108.8851278,1589,29.066043853759766
1772784115.8710847,1590,30.439266204833984
1772784141.2125103,1591,29.981101989746094
1772784144.5102234,1592,30.046560287475586
1772784149.9021645,1593,29.86798858642578
1772784153.0455482,1594,30.414344787597656
1772784158.1442568,1595,30.340763092041016
1772784161.2772107,1596,30.647493362426758
1772784168.7935503,1597,29.431364059448242
1772784172.1613424,1598,29.924854278564453
1772784178.878302,1599,30.070709228515625
1772784183.3594086,1600,29.936689376831055
1772784186.6544602,1601,29.433635711669922
1772784193.9840796,1602,29.74687957763672
1772784211.038908,1603,30.082962036132812
1772784218.7083757,1604,29.4439640045166
1772784222.2912261,1605,31.063629150390625
1772784226.285563,1606,31.171100616455078
1772784235.8440194,1607,30.038496017456055
1772784238.9063632,1608,29.83821678161621
1772784242.2103527,1609,31.030338287353516
1772784253.9662464,1610,30.50258445739746
1772784295.3276389,1611,37.559242248535156
1772784295.5798385,1612,34.03360366821289
1772784309.4444475,1613,30.190044403076172
1772784318.0859194,1614,30.283151626586914
1772784321.2232208,1615,29.647846221923828
1772784325.9398327,1616,31.593170166015625
1772784329.0570073,1617,31.440452575683594
1772784332.7314992,1618,30.584030151367188
1772784337.0320737,1619,31.558425903320312
1772784347.3941314,1620,31.065738677978516
1772784354.8121085,1621,30.693689346313477
1772784354.9735818,1622,31.501422882080078
1772784358.713709,1623,31.235610961914062
1772784364.1300318,1624,30.517101287841797
1772784367.584128,1625,29.963441848754883
1772784375.2302616,1626,30.950403213500977
1772784378.3082168,1627,31.02276611328125
1772784391.0149844,1628,31.14057731628418
1772784397.2806106,1629,30.918701171875
1772784405.7351925,1630,31.329275131225586
1772784420.6343005,1631,30.582958221435547
1772784426.807782,1632,30.22193717956543
1772784429.9144917,1633,30.53994369506836
1772784435.2941706,1634,31.11807632446289
1772784438.3905933,1635,30.667484283447266
1772784451.414845,1636,30.596532821655273
1772784455.5403943,1637,31.831928253173828
1772784461.3775277,1638,30.65363883972168
1772784464.7553537,1639,30.825881958007812
1772784470.2265575,1640,30.490530014038086
1772784482.8679452,1641,31.004369735717773
1772784486.8019607,1642,30.220394134521484
1772784492.4258916,1643,31.40529441833496
1772784498.1341128,1644,31.465744018554688
1772784501.2291176,1645,31.267831802368164
1772784509.954721,1646,30.40750503540039
1772784535.7605839,1647,30.947429656982422
1772784541.4666817,1648,30.747556686401367
1772784547.952747,1649,30.757667541503906
1772784551.196343,1650,30.617643356323242
1772784554.9840007,1651,31.118921279907227
1772784565.5759118,1652,31.24501609802246
1772784574.733777,1653,30.96858024597168
1772784576.3389435,1654,31.53958511352539
1772784582.1919255,1655,30.074501037597656
1772784585.4010503,1656,31.346256256103516
1772784595.4930618,1657,30.58209800720215
1772784708.270116,1658,30.457347869873047
1772784717.0649555,1659,31.291385650634766
1772784726.1374733,1660,29.9132080078125
1772784736.1999383,1661,30.374755859375
1772784745.7934425,1662,30.631906509399414
1772784756.2424848,1663,30.062644958496094
1772784759.3592575,1664,31.67999839782715
1772784770.2804253,1665,30.360267639160156
1772784772.3073843,1666,32.029335021972656
1772784772.4317417,1667,33.61356735229492
1772784783.288756,1668,30.38311767578125
1772784783.5308464,1669,30.335861206054688
1772784790.9449673,1670,30.281681060791016
1772784801.4403884,1671,30.365110397338867
1772784804.5483606,1672,28.83367919921875
1772784810.6236289,1673,29.785741806030273
1772784822.5878353,1674,30.06499481201172
1772784826.8980412,1675,30.29742431640625
1772784847.874981,1676,30.019672393798828
1772784853.959958,1677,30.572221755981445
1772784867.1507468,1678,30.165307998657227
1772784872.9684575,1679,30.257658004760742
1772784881.7955651,1680,29.241987228393555
1772784882.4433568,1681,30.032907485961914
1772784893.9064593,1682,29.892120361328125
1772784897.0962832,1683,30.05809211730957
1772784900.8308568,1684,30.57826042175293
1772784903.9834557,1685,29.78545570373535
1772784907.7694502,1686,28.51169776916504
1772784912.2569714,1687,29.969581604003906
1772784916.6124947,1688,29.800861358642578
1772784924.7852132,1689,30.320241928100586
1772784935.2416089,1690,30.738525390625
1772784938.323635,1691,30.684349060058594
1772784956.3784537,1692,30.30573844909668
1772784966.1542168,1693,30.266075134277344
1772784970.7408338,1694,31.153396606445312
1772784973.927385,1695,28.995895385742188
1772784981.45695,1696,30.869197845458984
1772785000.4341905,1697,30.005924224853516
1772785007.6832669,1698,30.725046157836914
1772785161.766237,1699,30.50238037109375
1772785172.4327326,1700,30.652360916137695
1772785174.779266,1701,28.768840789794922
1772785179.530257,1702,30.804887771606445
1772785187.726329,1703,30.657573699951172
1772785195.8285487,1704,30.16473960876465
1772785198.9320607,1705,29.900468826293945
1772785203.2854052,1706,29.26511573791504
1772785206.353837,1707,31.519115447998047
1772785222.6381102,1708,30.527442932128906
1772785226.8866901,1709,30.691999435424805
1772785247.4387312,1710,29.99258041381836
1772785261.6932793,1711,30.655336380004883
1772785266.4596715,1712,30.49551010131836
1772785276.0809398,1713,30.063753128051758
1772785276.7596872,1714,32.67155456542969
1772785284.340006,1715,30.11012077331543
1772785287.589107,1716,30.09079360961914
1772785293.445983,1717,30.18675994873047
1772785301.1694167,1718,29.77771759033203
1772785306.1119988,1719,30.239822387695312
1772785311.1861005,1720,29.87190818786621
1772785314.3513265,1721,30.33694839477539
1772785328.5145016,1722,30.04807472229004
1772785332.553525,1723,30.648601531982422
1772785335.5204604,1724,30.573970794677734
1772785336.6052582,1725,31.71792221069336
1772785353.2348661,1726,30.087635040283203
1772785384.657958,1727,29.796722412109375
1772785389.253148,1728,29.56439781188965
1772785401.6533074,1729,29.649831771850586
1772785408.5956943,1730,30.12955665588379
1772785415.2717915,1731,30.208179473876953
1772785421.5433123,1732,29.781112670898438
1772785426.2825801,1733,29.711761474609375
1772785434.0442798,1734,29.466510772705078
1772785436.4249895,1735,29.555118560791016
1772785441.5549905,1736,30.010438919067383
1772785445.6003792,1737,29.121212005615234
1772785455.8049266,1738,29.742095947265625
1772785565.2845855,1739,29.7332763671875
1772785570.7111797,1740,29.791658401489258
1772785578.3676836,1741,29.97830581665039
1772785590.20644,1742,29.532367706298828
1772785601.1070297,1743,29.834091186523438
1772785611.3880348,1744,29.865806579589844
1772785621.3478181,1745,29.98908805847168
1772785626.8036718,1746,30.273273468017578
1772785645.5707436,1747,30.12215805053711
1772785654.9851034,1748,30.034841537475586
1772785661.6566172,1749,29.838476181030273
1772785664.7554402,1750,29.862756729125977
1772785671.641617,1751,30.38595962524414
1772785674.736997,1752,30.30624771118164
1772785674.8656175,1753,23.5195369720459
1772785683.7367005,1754,30.275279998779297
1772785691.3558266,1755,29.683412551879883
1772785700.7256005,1756,30.93387794494629
1772785714.96796,1757,29.50753402709961
1772785718.2355945,1758,30.378189086914062
1772785728.3617961,1759,30.18331527709961
1772785731.4310727,1760,30.073869705200195
1772785736.0841177,1761,29.99875259399414
1772785742.7251127,1762,29.546329498291016
1772785749.03906,1763,29.486997604370117
1772785754.2449288,1764,30.18386459350586
1772785756.7738993,1765,29.5844669342041
1772785771.8323576,1766,29.939117431640625
1772785782.7338247,1767,30.029850006103516
1772785800.8719707,1768,30.03842544555664
1772785813.785974,1769,29.78171730041504
1772785815.4141676,1770,29.670047760009766
1772785818.531664,1771,30.02259635925293
1772785821.6848314,1772,30.091388702392578
1772785823.5650325,1773,30.15953254699707
1772785828.2935464,1774,30.655149459838867
1772785838.2751052,1775,29.62331771850586
1772785842.017434,1776,29.82740592956543
1772785847.0445619,1777,31.092105865478516
1772785851.8706973,1778,29.716089248657227
1772785890.7777677,1779,30.057588577270508
1772786022.0523527,1780,30.152021408081055
1772786025.1395793,1781,30.003576278686523
1772786029.4683948,1782,29.343536376953125
1772786040.6998384,1783,30.09239387512207
1772786046.2985654,1784,29.478445053100586
1772786058.5286267,1785,30.11501693725586
1772786061.6631033,1786,29.936323165893555
1772786064.7558188,1787,30.08085823059082
1772786076.145855,1788,30.6064395904541
1772786076.270999,1789,31.17452049255371
1772786081.6254835,1790,30.263538360595703
1772786082.8515718,1791,29.523435592651367
1772786086.0730455,1792,29.963958740234375
1772786098.2953856,1793,30.871633529663086
1772786101.5273135,1794,31.066606521606445
1772786102.9249089,1795,29.881397247314453
1772786112.3064659,1796,30.017301559448242
1772786115.5831015,1797,29.856403350830078
1772786118.716767,1798,29.451993942260742
1772786118.8402097,1799,31.29157829284668
1772786129.3522604,1800,30.105688095092773
1772786133.077237,1801,30.358741760253906
1772786142.2650936,1802,30.295862197875977
1772786146.0162005,1803,29.76972770690918
1772786149.047251,1804,30.381147384643555
1772786159.8103092,1805,30.13486099243164
1772786163.6746342,1806,29.819965362548828
1772786169.2704434,1807,30.354337692260742
1772786176.4759352,1808,30.555618286132812
1772786182.5769634,1809,30.010101318359375
1772786201.307641,1810,30.01627540588379
1772786204.870464,1811,29.809019088745117
1772786209.3823981,1812,30.33892250061035
1772786219.5343835,1813,30.109601974487305
1772786219.6615803,1814,27.387176513671875
1772786222.790464,1815,30.006061553955078
1772786225.5645874,1816,28.923385620117188
1772786230.376284,1817,29.670015335083008
1772786234.311682,1818,30.617244720458984
1772786244.0700984,1819,30.3253116607666
1772786260.758042,1820,30.829648971557617
1772786261.1192138,1821,29.082796096801758
1772786268.4956987,1822,30.491455078125
1772786396.0571783,1823,30.318443298339844
1772786398.2852037,1824,29.456592559814453
1772786409.2983794,1825,30.253284454345703
1772786413.242421,1826,29.375137329101562
1772786427.1059766,1827,30.2467041015625
1772786436.5186884,1828,30.453271865844727
1772786442.9934494,1829,30.423748016357422
1772786448.9316664,1830,29.74897003173828
1772786462.6234663,1831,29.997106552124023
1772786466.3082232,1832,29.688613891601562
1772786467.1907098,1833,28.973588943481445
1772786473.2284105,1834,30.688777923583984
1772786476.332605,1835,30.43238067626953
1772786479.4147303,1836,30.38988494873047
1772786487.0117402,1837,30.183937072753906
1772786503.6143918,1838,30.397491455078125
1772786520.5997188,1839,30.001333236694336
1772786526.9401774,1840,29.960311889648438
1772786530.744481,1841,29.647838592529297
1772786543.7758327,1842,29.58332633972168
1772786543.8955913,1843,27.63108253479004
1772786551.8485675,1844,29.770153045654297
1772786556.8480563,1845,29.726648330688477
1772786560.6695654,1846,30.655765533447266
1772786563.8407438,1847,30.149770736694336
1772786567.8856595,1848,30.912622451782227
1772786569.295243,1849,31.124372482299805
1772786570.8794658,1850,31.27045440673828
1772786576.038836,1851,30.29527473449707
1772786584.5970268,1852,29.358816146850586
1772786584.721328,1853,34.13364791870117
1772786593.657703,1854,29.247352600097656
1772786598.0542254,1855,29.41596794128418
1772786604.745809,1856,29.822175979614258
1772786610.171898,1857,30.124738693237305
1772786613.366722,1858,29.034839630126953
1772786616.4053438,1859,28.87235450744629
1772786634.2945511,1860,29.929443359375
1772786637.7293124,1861,29.775901794433594
1772786642.5121403,1862,29.632728576660156
1772786648.1919122,1863,29.9909610748291
1772786651.6164508,1864,30.584102630615234
1772786654.7186055,1865,29.936189651489258
1772786659.5791657,1866,29.75652503967285
1772786662.6513672,1867,31.305042266845703
1772786669.542746,1868,29.3870792388916
1772786672.5364587,1869,29.665117263793945
1772786678.6967614,1870,29.91897964477539
1772786718.9626203,1871,29.803447723388672
1772786727.8519638,1872,29.75496482849121
1772786731.9920812,1873,28.855648040771484
1772786735.7493496,1874,29.328765869140625
1772786749.9397864,1875,30.326589584350586
1772786753.033421,1876,29.484086990356445
1772786759.7752774,1877,29.87126922607422
1772786761.1290133,1878,29.507768630981445
1772786772.7679703,1879,29.813371658325195
1772786779.0434973,1880,29.63258171081543
1772786782.1374698,1881,30.060550689697266
1772786787.2187605,1882,29.05978775024414
1772786792.5798774,1883,29.153844833374023
1772786807.5971475,1884,29.546432495117188
1772786812.5340111,1885,29.416275024414062
1772786815.5816724,1886,29.499311447143555
1772786818.3318872,1887,29.458675384521484
1772786825.7854283,1888,28.91976547241211
1772786826.0225728,1889,31.077369689941406
1772786833.4911761,1890,30.120939254760742
1772786839.4147995,1891,29.688480377197266
1772786847.080426,1892,30.191211700439453
1772786847.297163,1893,24.35183334350586
1772786847.4202096,1894,25.671823501586914
1772786850.4875312,1895,29.273067474365234
1772786861.1969292,1896,29.378372192382812
1772786862.4499128,1897,31.011327743530273
1772786871.11059,1898,29.708221435546875
1772786875.8230913,1899,29.65526008605957
1772786881.9351401,1900,29.16263771057129
1772786884.1457176,1901,28.721460342407227
1772786890.78558,1902,29.451786041259766
1772786891.2009757,1903,26.550405502319336
1772786894.411399,1904,30.670921325683594
1772786900.4259386,1905,29.29205894470215
1772786920.9343784,1906,29.900840759277344
1772786936.1691902,1907,29.64597511291504
1772786958.8428898,1908,29.74699592590332
1772786973.7155788,1909,29.168262481689453
1772786977.5188775,1910,29.825918197631836
1772786983.803444,1911,29.021991729736328
1772786990.4932952,1912,29.11063575744629
1772786994.2397616,1913,27.998882293701172
1772786998.2705715,1914,29.37880516052246
1772787006.019131,1915,29.244741439819336
1772787013.4761698,1916,29.248056411743164
1772787101.829563,1917,29.685115814208984
1772787116.3304486,1918,28.895795822143555
1772787120.7391338,1919,29.967498779296875
1772787125.47473,1920,29.3931884765625
1772787134.7809083,1921,29.588224411010742
1772787140.9470835,1922,29.64958953857422
1772787146.5500078,1923,29.939617156982422
1772787149.6178741,1924,29.458646774291992
1772787169.556275,1925,29.678266525268555
1772787174.403961,1926,28.753948211669922
1772787183.2499874,1927,29.016759872436523
1772787202.8082595,1928,28.96913719177246
1772787205.9294574,1929,27.502708435058594
1772787211.0445263,1930,29.062124252319336
1772787225.468559,1931,29.263103485107422
1772787228.806438,1932,28.955305099487305
1772787232.61408,1933,28.990148544311523
1772787249.4576137,1934,28.88564109802246
1772787249.5820053,1935,26.086328506469727
1772787252.7399209,1936,30.520545959472656
1772787258.770762,1937,28.72283935546875
1772787261.8748186,1938,28.56900405883789
1772787262.3559196,1939,27.563520431518555
1772787273.670101,1940,29.058143615722656
1772787276.7689674,1941,29.22732162475586
1772787279.8076465,1942,29.39154815673828
1772787282.8974726,1943,28.639907836914062
1772787287.1804423,1944,28.625091552734375
1772787293.695756,1945,29.090023040771484
1772787298.227317,1946,29.579879760742188
1772787311.5440025,1947,28.868619918823242
1772787314.5917897,1948,28.703472137451172
1772787326.0408852,1949,28.713069915771484
1772787331.7426462,1950,29.023399353027344
1772787334.3750255,1951,28.76662254333496
1772787337.4087257,1952,29.09929656982422
1772787343.3920376,1953,29.180686950683594
1772787346.4804802,1954,29.3936710357666
1772787351.625502,1955,28.405088424682617
1772787353.2424283,1956,28.173500061035156
1772787358.740797,1957,28.37142562866211
1772787365.2020836,1958,29.58976173400879
1772787368.1962793,1959,29.23848533630371
1772787368.6102955,1960,30.545862197875977
1772787370.2479215,1961,28.193185806274414
1772787381.7312462,1962,28.515295028686523
1772787384.8293436,1963,28.804912567138672
1772787391.4928107,1964,28.294912338256836
1772787460.8294797,1965,28.58741569519043
1772787468.3415084,1966,28.651391983032227
1772787472.0362525,1967,28.49553108215332
1772787477.5721529,1968,28.605125427246094
1772787479.9650156,1969,29.396875381469727
1772787484.4668956,1970,28.3433780670166
1772787489.9480512,1971,29.046316146850586
1772787495.165249,1972,28.666746139526367
1772787499.8002362,1973,28.488170623779297
1772787501.920761,1974,28.13633918762207
1772787505.061152,1975,29.62588119506836
1772787508.126413,1976,28.47396469116211
1772787512.6597898,1977,29.502134323120117
1772787517.3723235,1978,29.49093246459961
1772787523.4486887,1979,28.04070472717285
1772787530.597826,1980,27.730504989624023
1772787534.9041727,1981,28.227169036865234
1772787538.2335,1982,28.85468101501465
1772787546.2531292,1983,28.49660301208496
1772787548.2585626,1984,29.53977394104004
1772787559.0069094,1985,28.51641082763672
1772787568.0606844,1986,28.996746063232422
1772787569.2323775,1987,29.936674118041992
1772787569.658351,1988,28.86960220336914
1772787572.9030354,1989,29.057817459106445
1772787576.929806,1990,28.42290687561035
1772787582.378916,1991,28.272743225097656
1772787588.952793,1992,28.71671485900879
1772787596.9815474,1993,28.703262329101562
1772787600.0719566,1994,28.262453079223633
1772787603.0892339,1995,29.039106369018555
1772787612.9028182,1996,28.65689468383789
1772787615.2104268,1997,28.861474990844727
1772787619.3106985,1998,27.96563148498535
1772787625.5558991,1999,28.871217727661133
1772787628.6405156,2000,29.48391342163086
1772787631.9056342,2001,28.16046905517578
1772787636.4485226,2002,29.112730026245117
1772787642.67786,2003,29.213850021362305
1772787642.8047838,2004,25.546979904174805
1772787646.469523,2005,28.14834976196289
1772787655.9437778,2006,29.03737449645996
1772787659.0281968,2007,29.09519386291504
1772787659.1493669,2008,22.791107177734375
1772787662.2522388,2009,28.435815811157227
1772787672.1817274,2010,28.072275161743164
1772787684.9988923,2011,28.851539611816406
1772787695.7891064,2012,28.36467170715332
1772787700.827282,2013,27.955751419067383
1772787708.5250914,2014,28.967252731323242
1772787710.140658,2015,29.223922729492188
1772787713.2693677,2016,27.977415084838867
1772787716.57074,2017,27.840778350830078
1772787720.3113785,2018,28.335084915161133
1772787729.5739572,2019,29.164791107177734
1772787733.0297675,2020,28.791934967041016
1772787736.1805909,2021,29.32929229736328
1772787741.143121,2022,28.158061981201172
1772787747.6564257,2023,28.63621711730957
1772787753.6803694,2024,28.126541137695312
1772787833.6462324,2025,27.301191329956055
1772787836.9006157,2026,29.47920799255371
1772787838.8859627,2027,27.747819900512695
1772787847.127978,2028,28.85581398010254
1772787853.151933,2029,28.510744094848633
1772787856.181094,2030,28.03995704650879
1772787856.3075995,2031,26.915119171142578
1772787859.4174607,2032,27.750553131103516
1772787866.522257,2033,29.094768524169922
1772787876.5242338,2034,29.139833450317383
1772787879.5588906,2035,28.42150115966797
1772787885.4835398,2036,28.694135665893555
1772787910.6477,2037,28.602354049682617
1772787914.771402,2038,28.5982666015625
1772787922.003647,2039,28.441713333129883
1772787925.6305332,2040,27.502790451049805
1772787929.1568217,2041,28.318641662597656
1772787938.3673627,2042,28.356510162353516
1772787941.403223,2043,26.615154266357422
1772787948.9181604,2044,28.89917755126953
1772787956.684499,2045,27.656917572021484
1772787959.735065,2046,27.482133865356445
1772787963.1914685,2047,28.164875030517578
1772787966.9486628,2048,28.412551879882812
1772787970.7379892,2049,29.09136390686035
1772787982.0802512,2050,28.759414672851562
1772787985.1860533,2051,28.38386344909668
1772787991.9944594,2052,28.013946533203125
1772788002.6428564,2053,28.003969192504883
1772788002.7644548,2054,28.096303939819336
1772788009.4465308,2055,28.864425659179688
1772788014.1014256,2056,28.511648178100586
1772788017.265102,2057,27.570425033569336
1772788025.5323942,2058,28.18253517150879
1772788036.3364935,2059,27.895313262939453
1772788042.7245293,2060,28.142152786254883
1772788047.3334281,2061,28.507427215576172
1772788052.0476563,2062,28.016693115234375
1772788059.1102374,2063,28.280107498168945
1772788061.4463983,2064,29.9840087890625
1772788072.1898644,2065,29.267370223999023
1772788081.2182283,2066,28.505613327026367
1772788085.5010417,2067,28.09168815612793
1772788088.253071,2068,28.749805450439453
1772788091.857049,2069,28.584064483642578
1772788106.924998,2070,28.525522232055664
1772788121.423363,2071,28.47319221496582
1772788130.0395098,2072,27.91389274597168
1772788173.062069,2073,28.564638137817383
1772788179.9912748,2074,27.769229888916016
1772788183.9710648,2075,27.737689971923828
1772788190.525015,2076,28.116159439086914
1772788199.0694902,2077,27.54994010925293
1772788223.1384115,2078,28.578561782836914
1772788229.3918834,2079,28.30017852783203
1772788234.3083215,2080,27.833139419555664
1772788252.0140781,2081,28.39234161376953
1772788257.492964,2082,28.14921760559082
1772788260.6437135,2083,27.755252838134766
1772788265.186656,2084,27.413084030151367
1772788265.3105273,2085,32.239376068115234
1772788268.323547,2086,28.880308151245117
1772788273.2659953,2087,27.694747924804688
1772788273.9906468,2088,25.083721160888672
1772788277.1241145,2089,28.035491943359375
1772788282.47239,2090,28.1550350189209
1772788294.677685,2091,27.80750274658203
1772788301.2401447,2092,28.127500534057617
1772788321.0164206,2093,28.529094696044922
1772788329.861899,2094,27.835264205932617
1772788332.9465272,2095,28.809404373168945
1772788337.1196725,2096,27.845552444458008
1772788346.9776757,2097,28.150968551635742
1772788360.6441782,2098,28.105958938598633
1772788365.4678037,2099,28.097719192504883
1772788368.15508,2100,28.797517776489258
1772788375.0934968,2101,27.77776336669922
1772788383.8985107,2102,28.37310218811035
1772788398.886846,2103,27.742361068725586
1772788406.874955,2104,28.376916885375977
1772788413.3359618,2105,28.944229125976562
1772788422.698109,2106,28.302175521850586
1772788429.1469073,2107,27.67947769165039
1772788434.2431493,2108,28.167226791381836
1772788439.6736026,2109,26.939382553100586
1772788440.033902,2110,27.063220977783203
1772788443.1090946,2111,27.700464248657227
1772788448.7825825,2112,28.87639617919922
1772788448.9093337,2113,21.990018844604492
1772788454.255827,2114,26.89230728149414
1772788454.9753067,2115,26.5898494720459
1772788457.2566605,2116,27.481691360473633
1772788464.594702,2117,27.769819259643555
1772788474.3238173,2118,27.340187072753906
1772788569.4959755,2119,26.446104049682617
1772788574.6431496,2120,27.254865646362305
1772788580.9702785,2121,26.89859390258789
1772788591.928119,2122,27.38251495361328
1772788592.0498328,2123,36.49271774291992
1772788600.2264314,2124,27.074121475219727
1772788606.1863673,2125,26.552244186401367
1772788609.286535,2126,27.338058471679688
1772788615.6549351,2127,27.565265655517578
1772788620.8883443,2128,27.26494598388672
1772788630.6261754,2129,27.21995735168457
1772788633.5447023,2130,27.497215270996094
1772788648.702338,2131,27.25431251525879
1772788654.7595508,2132,27.73435401916504
1772788660.4044168,2133,27.86516571044922
1772788663.4890127,2134,27.748010635375977
1772788679.4892883,2135,26.960180282592773
1772788683.309898,2136,27.484533309936523
1772788699.1912723,2137,27.43763542175293
1772788702.3042293,2138,26.03078842163086
1772788706.7425382,2139,27.522851943969727
1772788707.1079214,2140,25.520498275756836
1772788710.3477638,2141,26.923194885253906
1772788714.821412,2142,28.683368682861328
1772788726.6481607,2143,27.175508499145508
1772788733.8522003,2144,27.73160743713379
1772788739.079917,2145,26.928659439086914
1772788746.343342,2146,27.009212493896484
1772788755.6430123,2147,26.771528244018555
1772788763.5687532,2148,27.27581214904785
1772788782.583479,2149,26.67034339904785
1772788792.476996,2150,26.7906436920166
1772788798.7123961,2151,27.546560287475586
1772788801.8286045,2152,26.72602081298828
1772788807.5719833,2153,27.270397186279297
1772788814.3164575,2154,27.572385787963867
1772788820.567021,2155,27.566987991333008
1772788837.9446611,2156,26.93294906616211
1772788844.298159,2157,26.70638656616211
1772788847.8888185,2158,26.465452194213867
1772788859.1767125,2159,26.716228485107422
1772788977.3103123,2160,26.24736213684082
1772788980.3584962,2161,27.2896785736084
1772788984.2149138,2162,26.383268356323242
1772788991.0083253,2163,27.681013107299805
1772789008.5653994,2164,26.883085250854492
1772789008.6888862,2165,34.17984390258789
1772789016.8357859,2166,27.39691734313965
1772789021.5242505,2167,27.236265182495117
1772789028.6965172,2168,27.426483154296875
1772789031.0300975,2169,26.571176528930664
1772789037.0817256,2170,25.88713264465332
1772789049.848653,2171,27.07870864868164
1772789049.9711347,2172,25.463592529296875
1772789060.1164045,2173,26.64349365234375
1772789063.5912998,2174,26.590167999267578
1772789067.426968,2175,26.993412017822266
1772789082.7430227,2176,27.09500503540039
1772789090.9969895,2177,26.766036987304688
1772789100.7107668,2178,26.79039192199707
1772789112.3216252,2179,26.96682357788086
1772789113.146224,2180,26.71412467956543
1772789116.8357697,2181,26.864768981933594
1772789125.5042176,2182,26.654586791992188
1772789132.691691,2183,26.478315353393555
1772789153.6183424,2184,26.64154624938965
1772789159.478604,2185,27.138782501220703
1772789176.6524892,2186,26.441184997558594
1772789181.8571215,2187,26.86057472229004
1772789189.1555383,2188,26.929540634155273
1772789192.275258,2189,26.523958206176758
1772789211.487437,2190,26.667627334594727
1772789217.9470215,2191,26.135963439941406
1772789221.0058765,2192,24.16432762145996
1772789224.0140202,2193,25.48179817199707
1772789225.1401365,2194,24.900304794311523
1772789226.0393817,2195,27.620460510253906
1772789233.9297826,2196,26.05571174621582
1772789237.0045073,2197,26.50326156616211
1772789242.8538096,2198,26.22106170654297
1772789242.9743257,2199,24.183683395385742
1772789258.2775304,2200,26.082134246826172
1772789258.6318333,2201,25.63210678100586
1772789267.39054,2202,25.89915657043457
1772789291.5750682,2203,25.952993392944336
1772789295.736404,2204,26.867761611938477
1772789301.2156434,2205,26.46693992614746
1772789307.743548,2206,27.696529388427734
1772789310.8139107,2207,26.337068557739258
1772789319.4794357,2208,25.379627227783203
1772789334.6744244,2209,26.047870635986328
1772789337.7636495,2210,25.686372756958008
1772789343.023649,2211,26.02559471130371
1772789343.1462455,2212,29.747028350830078
1772789353.4091563,2213,25.789867401123047
1772789369.414091,2214,26.027891159057617
1772789373.2092664,2215,25.619009017944336
1772789381.1234584,2216,26.071455001831055
1772789381.3020484,2217,21.198768615722656
1772789389.4687026,2218,24.76382827758789
1772789398.1915755,2219,25.403841018676758
1772789401.2128294,2220,25.91570472717285
1772789412.8467894,2221,25.355995178222656
1772789420.379276,2222,26.099294662475586
1772789423.4865596,2223,26.0059757232666
1772789427.0374854,2224,25.258586883544922
1772789436.5098495,2225,25.167510986328125
1772789443.105422,2226,26.089000701904297
1772789448.108016,2227,26.544445037841797
1772789452.9982982,2228,25.046396255493164
1772789464.214501,2229,24.672510147094727
1772789470.1337998,2230,24.798442840576172
1772789473.2851088,2231,24.69141960144043
1772789480.7108212,2232,25.217987060546875
1772789485.3293107,2233,24.56381607055664
1772789494.4788306,2234,24.84913444519043
1772789504.3878586,2235,25.183298110961914
1772789508.0315733,2236,25.29388427734375
1772789512.4646075,2237,25.366573333740234
1772789515.993462,2238,24.9725399017334
1772789528.6337066,2239,24.716049194335938
1772789565.6927931,2240,25.30799102783203
1772789571.4811544,2241,25.307119369506836
1772789574.6233315,2242,25.358915328979492
1772789578.1040459,2243,24.58928680419922
1772789585.5859067,2244,24.34286117553711
1772789652.9238017,2245,25.382749557495117
1772789657.181089,2246,24.68414878845215
1772789657.3028214,2247,23.769378662109375
1772789661.7875261,2248,24.56647491455078
1772789673.2883763,2249,24.814847946166992
1772789682.6919124,2250,25.251068115234375
1772789699.0276551,2251,25.318700790405273
1772789702.113194,2252,25.904634475708008
1772789712.0670002,2253,24.6824951171875
1772789714.8610067,2254,25.47789764404297
1772789716.8797686,2255,24.550437927246094
1772789722.2434118,2256,25.11142349243164
1772789725.3471215,2257,25.85010528564453
1772789735.968908,2258,25.794260025024414
1772789741.559278,2259,25.02053451538086
1772789753.3777401,2260,25.30467414855957
1772789775.4335473,2261,25.72193717956543
1772789784.2561638,2262,24.8519287109375
1772789789.3300424,2263,24.265932083129883
1772789795.611255,2264,25.23128318786621
1772789800.5191936,2265,25.01839256286621
1772789810.3632848,2266,25.46173667907715
1772789819.4710515,2267,24.8474063873291
1772789825.362891,2268,24.235881805419922
1772789828.4207256,2269,24.565065383911133
1772789828.5413406,2270,22.419937133789062
1772789839.3335083,2271,24.775053024291992
1772789852.154204,2272,24.29584503173828
1772789852.4496677,2273,28.983678817749023
1772789858.9159071,2274,25.283126831054688
1772789870.074209,2275,24.999217987060547
1772789875.5717497,2276,25.37850570678711
1772789875.69497,2277,23.457191467285156
1772789878.9835978,2278,24.712820053100586
1772789885.7397776,2279,24.261558532714844
1772789896.9542425,2280,24.730154037475586
1772789897.4942207,2281,25.038978576660156
1772789899.1074545,2282,23.458454132080078
1772789902.7900865,2283,25.16242218017578
1772789913.1501598,2284,24.596384048461914
1772789916.2814786,2285,25.792036056518555
1772789919.6354644,2286,24.184301376342773
1772789923.7901936,2287,24.900827407836914
1772789937.986956,2288,24.50283432006836
1772789949.3083372,2289,24.914348602294922
1772790070.2327166,2290,24.732624053955078
1772790080.5930562,2291,24.799579620361328
1772790083.720148,2292,25.08252716064453
1772790087.6826763,2293,25.736064910888672
1772790090.6172378,2294,26.228694915771484
1772790093.6875126,2295,24.759979248046875
1772790097.295529,2296,25.338197708129883
1772790103.1633227,2297,24.898752212524414
1772790108.9422247,2298,24.664091110229492
1772790115.1842837,2299,24.68034553527832
1772790116.7548032,2300,24.0446834564209
1772790118.3391523,2301,24.189159393310547
1772790127.9257169,2302,24.848295211791992
1772790132.5651033,2303,25.373554229736328
1772790135.7204697,2304,25.111618041992188
1772790139.5337622,2305,25.37342643737793
1772790141.5913036,2306,24.33071517944336
1772790163.712609,2307,24.771013259887695
1772790171.2702732,2308,25.589309692382812
1772790176.990951,2309,24.498394012451172
1772790183.3610437,2310,24.779497146606445
1772790195.0037398,2311,24.53014373779297
1772790195.1252587,2312,25.295150756835938
1772790199.1434107,2313,23.779584884643555
1772790203.0071654,2314,24.217647552490234
1772790211.009818,2315,24.3126277923584
1772790214.1036773,2316,25.181358337402344
1772790225.0124784,2317,24.839385986328125
1772790228.0696511,2318,23.968860626220703
1772790233.579493,2319,24.52726936340332
1772790245.3435135,2320,25.218549728393555
1772790260.3010943,2321,25.179393768310547
1772790263.3372872,2322,24.698942184448242
1772790263.753953,2323,25.20144271850586
1772790266.8145106,2324,25.620031356811523
1772790274.038772,2325,25.422325134277344
1772790278.1571472,2326,25.16632652282715
1772790283.0600095,2327,24.28554916381836
1772790286.1946998,2328,24.93379020690918
1772790293.684034,2329,25.03244972229004
1772790296.869803,2330,25.468891143798828
1772790299.9312537,2331,24.682357788085938
1772790303.0092103,2332,23.225749969482422
1772790304.535049,2333,23.755901336669922
1772790309.46013,2334,24.55342674255371
1772790312.548815,2335,24.39016342163086
1772790320.2114902,2336,24.71587562561035
1772790323.3334198,2337,25.099666595458984
1772790332.2106667,2338,24.832670211791992
1772790333.6845653,2339,25.62290382385254
1772790338.04639,2340,24.412179946899414
1772790451.8759387,2341,24.147809982299805
1772790451.9959478,2342,23.587427139282227
1772790455.2024515,2343,23.960254669189453
1772790470.5989425,2344,23.946163177490234
1772790476.7726712,2345,24.966577529907227
1772790488.8352952,2346,24.402769088745117
1772790494.6800196,2347,24.981304168701172
1772790506.4125187,2348,24.516624450683594
1772790509.4385302,2349,23.669719696044922
1772790512.8316748,2350,25.047382354736328
1772790512.951298,2351,22.122028350830078
1772790513.0701354,2352,23.543655395507812
1772790526.682181,2353,24.05242347717285
1772790536.7318432,2354,23.585752487182617
1772790542.3214934,2355,24.804208755493164
1772790550.1632493,2356,24.348844528198242
1772790555.3503997,2357,24.5318660736084
1772790562.9771254,2358,24.602930068969727
1772790568.604244,2359,23.442556381225586
1772790584.0243921,2360,23.873464584350586
1772790590.950924,2361,23.559093475341797
1772790602.620269,2362,24.161983489990234
1772790606.296321,2363,23.23006248474121
1772790614.416239,2364,24.23113441467285
1772790617.5034504,2365,23.869234085083008
1772790620.573678,2366,24.14090347290039
1772790624.8493137,2367,24.645248413085938
1772790625.0871272,2368,27.308488845825195
1772790632.7590408,2369,23.814434051513672
1772790632.8846643,2370,23.94515037536621
1772790640.6090865,2371,25.06513786315918
1772790651.250981,2372,24.67481231689453
1772790659.4712508,2373,25.254545211791992
1772790664.8568976,2374,25.317060470581055
1772790668.1100507,2375,24.238468170166016
1772790678.4280365,2376,23.963876724243164
1772790686.5842743,2377,23.643369674682617
1772790691.6452205,2378,23.819961547851562
1772790694.824702,2379,24.72638702392578
1772790697.8427832,2380,24.854345321655273
1772790707.479469,2381,24.746347427368164
1772790714.817378,2382,24.980121612548828
1772790718.815052,2383,25.351369857788086
1772790723.6667905,2384,24.768394470214844
1772790726.7462304,2385,24.91152572631836
1772790729.7985005,2386,25.102514266967773
1772790732.47092,2387,25.737789154052734
1772790735.4883661,2388,25.45372772216797
1772790746.3243668,2389,24.8201904296875
1772790807.6138368,2390,24.5920352935791
1772790822.0193174,2391,24.598896026611328
1772790829.2335577,2392,24.753149032592773
1772790832.3118227,2393,25.931852340698242
1772790841.180603,2394,24.443044662475586
1772790848.8029773,2395,24.6943416595459
1772790852.0377445,2396,24.319747924804688
1772790852.1571078,2397,20.614267349243164
1772790860.2532086,2398,24.639802932739258
1772790860.3760755,2399,26.683155059814453
1772790863.456706,2400,23.629016876220703
1772790872.7595143,2401,24.55661392211914
1772790877.4151702,2402,24.38046646118164
1772790880.4820971,2403,25.084957122802734
1772790887.1549747,2404,25.3655948638916
1772790891.251918,2405,23.964670181274414
1772790896.4654148,2406,24.843095779418945
1772790902.3510106,2407,24.714054107666016
1772790915.2085047,2408,24.271291732788086
1772790921.704833,2409,25.143747329711914
1772790929.1626086,2410,24.615896224975586
1772790933.6285727,2411,24.39501190185547
1772790936.6678584,2412,24.383569717407227
1772790939.7491,2413,23.450281143188477
1772790946.333343,2414,25.440366744995117
1772790962.5774207,2415,24.783519744873047
1772790965.622725,2416,24.819936752319336
1772790985.569333,2417,23.843530654907227
1772790988.6324515,2418,24.490135192871094
1772790993.4870763,2419,23.474716186523438
1772790996.4937723,2420,23.508495330810547
1772791006.0037048,2421,24.815521240234375
1772791011.5173724,2422,24.088071823120117
1772791018.5544405,2423,23.872045516967773
1772791021.6011977,2424,23.4503116607666
1772791030.489849,2425,23.888504028320312
1772791034.1410077,2426,23.862028121948242
1772791034.9393625,2427,25.163713455200195
1772791041.6007423,2428,24.753009796142578
1772791048.8363988,2429,24.634138107299805
1772791051.8781018,2430,24.28563690185547
1772791065.3068166,2431,24.27219581604004
1772791071.2827969,2432,24.036815643310547
1772791076.4190147,2433,24.84395408630371
1772791176.5406158,2434,23.744619369506836
1772791180.6710997,2435,23.774185180664062
1772791189.5348566,2436,24.319189071655273
1772791197.6253684,2437,24.734222412109375
1772791205.5284522,2438,24.492979049682617
1772791205.6517541,2439,21.4605655670166
1772791208.1273472,2440,25.389087677001953
1772791213.7798858,2441,24.225515365600586
1772791229.8559864,2442,23.88142204284668
1772791232.9358785,2443,23.2631778717041
1772791236.8231742,2444,23.469051361083984
1772791240.5748649,2445,24.586523056030273
1772791240.694674,2446,24.154874801635742
1772791244.5720532,2447,23.99578285217285
1772791253.973996,2448,23.79252815246582
1772791268.0191622,2449,23.672929763793945
1772791279.904195,2450,23.7531795501709
1772791286.8330154,2451,23.950658798217773
1772791291.6019702,2452,23.447132110595703
1772791295.016411,2453,23.792757034301758
1772791298.6624093,2454,24.10477638244629
1772791301.746233,2455,23.71952247619629
1772791309.2328491,2456,23.006380081176758
1772791312.3293874,2457,24.290691375732422
1772791321.9529474,2458,23.457761764526367
1772791325.0331316,2459,24.52935791015625
1772791332.1223147,2460,24.50413703918457
1772791335.103577,2461,23.169116973876953
1772791339.8805156,2462,23.72897720336914
1772791340.0017934,2463,24.449007034301758
1772791350.1723266,2464,23.61336326599121
1772791356.6781611,2465,24.794673919677734
1772791356.8016784,2466,30.648855209350586
1772791358.1137116,2467,21.84601402282715
1772791367.0880358,2468,23.448633193969727
1772791370.1572506,2469,22.148731231689453
1772791378.0470948,2470,23.21550941467285
1772791385.0494654,2471,23.494483947753906
1772791400.071042,2472,23.825620651245117
1772791403.0984368,2473,24.0384464263916
1772791407.921429,2474,21.86676597595215
1772791416.8713977,2475,22.703092575073242
1772791419.8671136,2476,23.63488006591797
1772791422.8928256,2477,24.459854125976562
1772791429.0005395,2478,23.939998626708984
1772791436.1176853,2479,23.124858856201172
1772791439.2223587,2480,24.46510124206543
1772791447.9320168,2481,24.644702911376953
1772791454.0474596,2482,23.666454315185547
1772791469.8000722,2483,23.743783950805664
1772791528.1684072,2484,24.054874420166016
1772791534.2380838,2485,23.285593032836914
1772791553.3518572,2486,23.708740234375
1772791558.6263146,2487,23.73527717590332
1772791566.38317,2488,23.430435180664062
1772791572.0767784,2489,24.520204544067383
1772791578.143723,2490,24.048227310180664
1772791583.8483803,2491,24.201156616210938
1772791588.9044273,2492,22.92656707763672
1772791594.511057,2493,23.668170928955078
1772791594.6384552,2494,27.1645565032959
1772791597.7139802,2495,23.904279708862305
1772791609.592695,2496,24.264074325561523
1772791612.8672755,2497,24.391389846801758
1772791615.954829,2498,23.434865951538086
1772791626.3947334,2499,23.46193504333496
1772791631.2283845,2500,23.461204528808594
1772791635.9429216,2501,24.048709869384766
1772791639.0232027,2502,24.447725296020508
1772791656.4152024,2503,23.95592498779297
1772791662.496436,2504,22.936431884765625
1772791665.548883,2505,23.59974479675293
1772791671.282967,2506,24.012998580932617
1772791683.0263314,2507,24.003480911254883
1772791688.3948565,2508,23.020753860473633
1772791692.8987548,2509,23.280467987060547
1772791695.4285665,2510,23.811925888061523
1772791698.5130012,2511,24.600692749023438
1772791707.4643266,2512,24.0336971282959
1772791711.5024073,2513,23.4986572265625
1772791714.5532043,2514,24.164390563964844
1772791715.8638096,2515,23.506587982177734
1772791720.621588,2516,23.810075759887695
1772791723.9064436,2517,24.12535285949707
1772791734.2100253,2518,23.901098251342773
1772791738.6537251,2519,23.277830123901367
1772791740.109013,2520,24.341848373413086
1772791743.1685436,2521,24.1018123626709
1772791749.6870751,2522,23.161537170410156
1772791752.7749166,2523,22.929811477661133
1772791752.89362,2524,19.95896339416504
1772791755.0520203,2525,25.1026668548584
1772791758.125542,2526,25.226627349853516
1772791763.9905877,2527,23.313568115234375
1772791772.704729,2528,24.10225486755371
1772791777.5822809,2529,23.77063751220703
1772791783.3007298,2530,23.324567794799805
1772791786.8121073,2531,24.243122100830078
1772791789.7650266,2532,24.149059295654297
1772791794.1945517,2533,23.552865982055664
1772791799.8649514,2534,23.630935668945312
1772791805.2340834,2535,23.757638931274414
1772791820.088022,2536,23.783445358276367
1772791903.1680057,2537,23.350513458251953
1772791907.3997004,2538,24.647537231445312
1772791913.2787719,2539,23.82260513305664
1772791916.3499045,2540,23.618600845336914
1772791922.2545364,2541,23.826618194580078
1772791925.2729907,2542,22.683311462402344
1772791928.3426712,2543,24.28739356994629
1772791935.5560858,2544,23.588241577148438
1772791938.8407326,2545,23.224224090576172
1772791952.2160382,2546,23.948593139648438
1772791963.4780974,2547,24.03678321838379
1772791969.6155367,2548,24.10385513305664
1772791974.888558,2549,23.892467498779297
1772791981.9831462,2550,23.43792152404785
1772791983.9053721,2551,24.143430709838867
1772791986.8944805,2552,23.740230560302734
1772791987.0178368,2553,31.085357666015625
1772791994.7388275,2554,23.54740333557129
1772791998.6235943,2555,23.7614688873291
1772791998.7458239,2556,15.506332397460938
1772792021.919444,2557,24.167461395263672
1772792026.4166813,2558,23.1607608795166
1772792030.1023378,2559,23.0881290435791
1772792039.2895508,2560,23.639549255371094
1772792041.0080183,2561,23.390220642089844
1772792048.56234,2562,23.003055572509766
1772792051.5996516,2563,25.071823120117188
1772792064.5435688,2564,23.427858352661133
1772792067.6088722,2565,23.98027801513672
1772792071.4742653,2566,23.988615036010742
1772792074.4898536,2567,23.575532913208008
1772792078.9839213,2568,23.90325164794922
1772792084.1312354,2569,24.463239669799805
1772792086.2843788,2570,23.05743408203125
1772792089.351564,2571,23.952449798583984
1772792095.7326953,2572,24.007278442382812
1772792110.8815467,2573,23.728740692138672
1772792113.9505482,2574,24.40797996520996
1772792118.982342,2575,24.487634658813477
1772792122.7845685,2576,23.45103645324707
1772792122.9665802,2577,22.57398223876953
1772792125.9931686,2578,24.32792854309082
1772792130.0223608,2579,23.01863670349121
1772792134.1097226,2580,23.139785766601562
1772792137.7452233,2581,24.094314575195312
1772792140.671147,2582,22.33983612060547
1772792155.8149576,2583,23.82163429260254
1772792161.2386365,2584,23.771312713623047
1772792168.86188,2585,22.870771408081055
1772792174.8622878,2586,24.615549087524414
1772792178.7655709,2587,24.337141036987305
1772792182.902715,2588,22.85671615600586
1772792198.680175,2589,23.627962112426758
