wall_time,step,value
1772076030.2701068,1,-0.07991345971822739
1772076032.2495692,2,-0.14198797941207886
1772076035.2159383,3,-0.1966988444328308
1772076035.343568,4,-0.2175830602645874
1772076039.4844375,5,-0.29701390862464905
1772076048.8111281,6,-0.6553901433944702
1772076052.0907435,7,-0.8695208430290222
1772076059.6633158,8,-1.009555697441101
1772076064.2529619,9,-1.2342146635055542
1772076067.8520665,10,-1.4108675718307495
1772076068.7874322,11,-1.5863221883773804
1772076075.469355,12,-1.9155728816986084
1772076084.9545512,13,-2.7165935039520264
1772076093.2146225,14,-3.366257905960083
1772076099.7263896,15,-3.806509256362915
1772076104.7959816,16,-4.5812859535217285
1772076121.0371635,17,-5.675308704376221
1772076125.206388,18,-6.2749457359313965
1772076127.762093,19,-6.425076007843018
1772076133.0073018,20,-6.404957294464111
1772076141.517012,21,-6.525256156921387
1772076148.1367161,22,-6.706209182739258
1772076151.5444326,23,-6.8081955909729
1772076151.7260673,24,-7.330502033233643
1772076163.5245836,25,-7.432159900665283
1772076164.375662,26,-7.572920322418213
1772076174.7463856,27,-8.128499031066895
1772076180.441966,28,-8.167866706848145
1772076184.0745237,29,-8.256499290466309
1772076184.2045453,30,-7.671260356903076
1772076192.206068,31,-8.354182243347168
1772076193.9706688,32,-8.41052532196045
1772076197.620912,33,-8.569723129272461
1772076202.1422577,34,-8.681329727172852
1772076207.2169282,35,-8.674293518066406
1772076215.1495688,36,-9.01605224609375
1772076220.1786907,37,-8.915903091430664
1772076221.508915,38,-8.941422462463379
1772076221.7591836,39,-9.19240951538086
1772076222.0707393,40,-8.895654678344727
1772076229.2300823,41,-9.378158569335938
1772076233.7544763,42,-9.28177547454834
1772076233.8749373,43,-9.244773864746094
1772076237.181539,44,-9.34152603149414
1772076240.9323637,45,-9.576200485229492
1772076247.2582057,46,-9.618200302124023
1772076248.2781334,47,-9.564593315124512
1772076254.0121913,48,-9.816642761230469
1772076254.1344035,49,-10.127201080322266
1772076255.9815521,50,-9.86668586730957
1772076265.4338565,51,-9.799761772155762
1772076273.2796292,52,-9.918213844299316
1772076273.5848024,53,-10.324665069580078
1772076274.2023637,54,-10.026668548583984
1772076276.6197522,55,-10.03858470916748
1772076278.9681482,56,-10.031584739685059
1772076280.0975754,57,-10.466084480285645
1772076283.2049873,58,-10.159266471862793
1772076286.4134114,59,-10.00305461883545
1772076291.1791916,60,-10.23384952545166
1772076295.9490864,61,-10.299956321716309
1772076296.0761974,62,-11.300032615661621
1772076299.180726,63,-10.441174507141113
1772076303.057489,64,-10.391446113586426
1772076309.0393405,65,-10.505611419677734
1772076325.91634,66,-10.471860885620117
1772076327.6798475,67,-10.504887580871582
1772076338.3012664,68,-10.65908145904541
1772076400.719748,69,-10.614818572998047
1772076400.9076047,70,-11.55750560760498
1772076404.5321333,71,-10.755134582519531
1772076410.4780364,72,-10.758064270019531
1772076410.6708622,73,-10.206619262695312
1772076418.5841718,74,-10.666962623596191
1772076421.8980107,75,-11.021650314331055
1772076426.1088414,76,-10.646199226379395
1772076429.4027221,77,-10.550027847290039
1772076432.347198,78,-10.73787784576416
1772076437.594608,79,-10.703661918640137
1772076438.5284975,80,-10.766228675842285
1772076442.3807056,81,-10.83602523803711
1772076442.6866674,82,-10.437495231628418
1772076449.2931092,83,-10.623220443725586
1772076449.6091626,84,-10.882347106933594
1772076451.246742,85,-10.62794303894043
1772076456.4283125,86,-10.896318435668945
1772076459.6127179,87,-10.605798721313477
1772076464.0807257,88,-10.8572359085083
1772076469.345157,89,-10.937284469604492
1772076469.7076192,90,-10.334490776062012
1772076474.7329826,91,-10.984647750854492
1772076476.122961,92,-11.112412452697754
1772076485.0619757,93,-10.880773544311523
1772076485.5594366,94,-11.033093452453613
1772076487.1289597,95,-10.889241218566895
1772076499.3435514,96,-10.697225570678711
1772076504.6769502,97,-10.70510482788086
1772076504.8544755,98,-9.699678421020508
1772076507.9550653,99,-10.922872543334961
1772076509.8184922,100,-10.834897994995117
1772076519.8390841,101,-10.86623764038086
1772076522.2939618,102,-10.883088111877441
1772076530.3154101,103,-10.887861251831055
1772076531.7057278,104,-10.878854751586914
1772076539.9662533,105,-10.748083114624023
1772076543.2162168,106,-10.664714813232422
1772076543.7059522,107,-11.119258880615234
1772076545.7330585,108,-10.859336853027344
1772076547.050979,109,-10.721108436584473
1772076547.545619,110,-10.430220603942871
1772076551.888788,111,-10.67970085144043
1772076559.539408,112,-10.623485565185547
1772076559.9020357,113,-10.587360382080078
1772076561.8412306,114,-10.702249526977539
1772076564.1141703,115,-10.643730163574219
1772076566.5652194,116,-10.701188087463379
1772076569.0494146,117,-10.54169750213623
1772076571.2832828,118,-10.736748695373535
1772076572.7305753,119,-10.505839347839355
1772076577.7714596,120,-10.612338066101074
1772076581.4645045,121,-10.543547630310059
1772076582.3832386,122,-10.421924591064453
1772076584.7302046,123,-10.519819259643555
1772076588.4933765,124,-10.370652198791504
1772076591.5458803,125,-10.299413681030273
1772076592.0263662,126,-10.24241828918457
1772076595.8981583,127,-10.39428997039795
1772076600.8593628,128,-10.09158992767334
1772076601.9509742,129,-9.891968727111816
1772076606.102811,130,-10.315773963928223
1772076606.5267365,131,-10.434895515441895
1772076609.9168165,132,-10.147188186645508
1772076610.0374782,133,-10.186870574951172
1772076613.3024523,134,-9.90259075164795
1772076616.4387214,135,-10.041138648986816
1772076622.6175053,136,-10.089076042175293
1772076627.2535057,137,-9.947515487670898
1772076632.1088603,138,-10.157620429992676
1772076632.9590862,139,-10.32880973815918
1772076634.635029,140,-9.689611434936523
1772076636.0257761,141,-9.931999206542969
1772076636.4024527,142,-9.509613990783691
1772076636.5237997,143,-10.54263973236084
1772076640.4454384,144,-9.966612815856934
1772076643.6236985,145,-9.814831733703613
1772076647.40521,146,-10.003922462463379
1772076648.4420674,147,-9.769229888916016
1772076648.8588235,148,-10.195442199707031
1772076649.0408611,149,-9.87986946105957
1772076655.260115,150,-9.865944862365723
1772076669.0023506,151,-9.625415802001953
1772076669.80637,152,-9.942120552062988
1772076675.9698749,153,-9.644082069396973
1772076690.4423833,154,-9.422513008117676
1772076691.445965,155,-9.205474853515625
1772076693.6181712,156,-9.284723281860352
1772076698.9567719,157,-9.40367603302002
1772076699.990084,158,-9.112716674804688
1772076705.585054,159,-9.168514251708984
1772076744.3784328,160,-8.985450744628906
1772076747.9261212,161,-8.844118118286133
1772076749.7821481,162,-8.883316040039062
1772076752.0783143,163,-9.12026309967041
1772076756.161104,164,-9.011956214904785
1772076759.946086,165,-8.838082313537598
1772076766.036065,166,-8.943406105041504
1772076772.601178,167,-9.02719497680664
1772076778.3143554,168,-8.713257789611816
1772076779.7035728,169,-9.284045219421387
1772076783.86527,170,-8.771492958068848
1772076784.4115875,171,-8.60824203491211
1772076784.8252413,172,-8.800119400024414
1772076785.070886,173,-8.673439025878906
1772076786.3449166,174,-8.824050903320312
1772076792.1239276,175,-8.645044326782227
1772076793.6836982,176,-8.86648178100586
1772076794.1703103,177,-8.187068939208984
1772076794.3514974,178,-8.041966438293457
1772076806.620036,179,-8.266733169555664
1772076808.5965445,180,-8.239901542663574
1772076813.7729704,181,-8.07888126373291
1772076820.7458324,182,-7.897900104522705
1772076825.4048765,183,-7.741015911102295
1772076825.5835917,184,-8.121363639831543
1772076831.1810386,185,-7.376991271972656
1772076831.5514905,186,-7.278223037719727
1772076834.8420482,187,-7.479625225067139
1772076835.9628105,188,-7.639404296875
1772076847.3868175,189,-7.358314514160156
1772076849.2486956,190,-6.835514068603516
1772076855.4500885,191,-7.111912727355957
1772076858.3843904,192,-7.065729141235352
1772076859.4122744,193,-7.529345512390137
1772076861.527778,194,-6.993713855743408
1772076865.761564,195,-7.008724689483643
1772076874.3883855,196,-6.796858310699463
1772076880.0006914,197,-6.513937950134277
1772076888.3303058,198,-6.604644298553467
1772076900.3708746,199,-6.512333869934082
1772076904.5652792,200,-6.312411785125732
1772076906.6084287,201,-6.261029243469238
1772076906.7980695,202,-7.696523666381836
1772076913.6502585,203,-6.059473037719727
1772076915.584797,204,-6.20339298248291
1772076921.1036203,205,-6.051985740661621
1772076923.0573113,206,-6.251673221588135
1772076924.2528794,207,-5.5465617179870605
1772076939.9805825,208,-5.6351847648620605
1772076941.366094,209,-5.227510929107666
1772076942.2191627,210,-5.9845428466796875
1772076945.9791439,211,-5.40925931930542
1772076950.769605,212,-5.532684803009033
1772076955.1337461,213,-5.331519603729248
1772076964.534119,214,-5.287057399749756
1772076967.715971,215,-5.200937271118164
1772076967.8392951,216,-3.7487144470214844
1772076968.0199385,217,-6.259637355804443
1772076971.9297204,218,-4.8720245361328125
1772076974.8147738,219,-4.7900567054748535
1772076980.5712085,220,-5.0158305168151855
1772076985.6039245,221,-4.692598819732666
1772076990.2641757,222,-4.670240879058838
1772076995.765194,223,-4.565883636474609
1772076995.885868,224,-5.029038429260254
1772077000.9291792,225,-4.541697978973389
1772077002.4277818,226,-3.9624013900756836
1772077002.6070585,227,-3.528839111328125
1772077006.9536364,228,-4.134479999542236
1772077009.1390507,229,-4.520846843719482
1772077027.1988301,230,-3.9171907901763916
1772077027.6298084,231,-3.6175596714019775
1772077027.8211038,232,-1.3325685262680054
1772077039.4726942,233,-3.673701524734497
1772077075.8452394,234,-2.8872671127319336
1772077133.9025676,235,-2.0182971954345703
1772077134.3947158,236,-2.43196439743042
1772077136.797355,237,-2.0751500129699707
1772077139.1905618,238,-1.6423810720443726
1772077139.3750505,239,-1.9338265657424927
1772077141.3709445,240,-1.6515265703201294
1772077141.7426953,241,-2.5046167373657227
1772077144.9212508,242,-2.0638856887817383
1772077148.1727536,243,-1.8331639766693115
1772077151.8709307,244,-1.2171177864074707
1772077152.076513,245,-1.605339765548706
1772077154.628796,246,-2.0842976570129395
1772077156.5708904,247,-1.4969669580459595
1772077156.6915123,248,0.713779866695404
1772077162.1955755,249,-1.460863471031189
1772077162.317254,250,-4.3362603187561035
1772077168.7236555,251,-1.0285037755966187
1772077169.3328967,252,-1.582298755645752
1772077169.8831747,253,-1.2204930782318115
1772077175.1550188,254,-1.0605369806289673
1772077176.2288864,255,-0.5071939826011658
1772077176.3472772,256,1.1976075172424316
1772077177.0042033,257,-0.3800797462463379
1772077180.2059748,258,-0.8877111077308655
1772077181.335019,259,-1.1495411396026611
1772077182.1710064,260,-1.2649234533309937
1772077183.8981264,261,-0.48195356130599976
1772077187.8193502,262,-0.8576703667640686
1772077190.105451,263,-1.204322338104248
1772077190.713538,264,-0.4237339496612549
1772077192.160505,265,-0.5104645490646362
1772077195.8766308,266,-0.1633007824420929
1772077202.1702135,267,-0.23121246695518494
1772077202.5848823,268,0.18090012669563293
1772077204.2733772,269,0.10241807252168655
1772077204.3978245,270,1.7371577024459839
1772077206.4506068,271,0.2080739289522171
1772077208.9967782,272,0.39995312690734863
1772077215.5771954,273,0.13743488490581512
1772077218.846332,274,0.47984784841537476
1772077219.0913074,275,0.7014279961585999
1772077221.0797586,276,0.951146125793457
1772077224.8851542,277,0.48028478026390076
1772077227.90848,278,0.48142102360725403
1772077228.2867727,279,0.15508660674095154
1772077228.4686885,280,1.0144774913787842
1772077232.1186159,281,0.9496030807495117
1772077237.1047628,282,1.1952012777328491
1772077237.7432854,283,0.5332847237586975
1772077238.0376422,284,3.0338213443756104
1772077240.1418931,285,0.5051635503768921
1772077245.269473,286,1.0668092966079712
1772077247.440958,287,1.4514555931091309
1772077248.458778,288,1.0740301609039307
1772077254.6021824,289,1.9221524000167847
1772077257.5095046,290,1.8731043338775635
1772077257.707614,291,2.4812488555908203
1772077259.8309042,292,2.340059280395508
1772077261.7712283,293,1.9728652238845825
1772077265.9739988,294,2.011197805404663
1772077270.3790445,295,1.8350515365600586
1772077272.85821,296,2.0588977336883545
1772077273.820492,297,3.0158629417419434
1772077275.0348167,298,2.9543347358703613
1772077292.8365798,299,2.5289862155914307
1772077297.1492462,300,2.922874689102173
1772077301.6217628,301,3.104802370071411
1772077305.4281154,302,3.176727771759033
1772077310.7461436,303,3.4126052856445312
1772077313.4134078,304,3.4957163333892822
1772077315.1053047,305,2.934882164001465
1772077315.2828178,306,4.799468994140625
1772077318.713842,307,3.524822473526001
1772077326.572217,308,3.7993085384368896
1772077333.540238,309,4.177453994750977
1772077337.746171,310,3.831005811691284
1772077337.8696659,311,3.777540683746338
1772077341.1943314,312,4.9694504737854
1772077342.6483047,313,4.371006488800049
1772077352.0054781,314,4.20106840133667
1772077352.142234,315,2.5421957969665527
1772077356.186242,316,4.753417491912842
1772077360.7715728,317,4.354137897491455
1772077364.5021617,318,4.685602188110352
1772077367.2502446,319,5.021880149841309
1772077373.0748863,320,4.906991958618164
1772077376.6878824,321,5.317781925201416
1772077377.9839132,322,4.946203231811523
1772077382.6222355,323,5.3113555908203125
1772077386.293772,324,5.269497871398926
1772077386.4156687,325,7.756993293762207
1772077387.632737,326,4.63854455947876
1772077389.1487212,327,4.752811908721924
1772077390.8908079,328,5.682233810424805
1772077395.3774993,329,6.156120777130127
1772077400.5772834,330,6.289898872375488
1772077403.3209822,331,6.979679584503174
1772077405.9698536,332,6.434064865112305
1772077409.9956474,333,5.710920333862305
1772077425.4904697,334,7.076638698577881
1772077433.8845906,335,6.744948387145996
1772077434.3597965,336,6.662562847137451
1772077436.6611352,337,6.8378729820251465
1772077439.8324945,338,6.3128767013549805
1772077440.3122797,339,5.6268815994262695
1772077440.729471,340,6.078293800354004
1772077449.1425471,341,7.0265116691589355
1772077456.680429,342,7.187798023223877
1772077459.9181056,343,7.835076332092285
1772077467.1402721,344,7.318634510040283
1772077473.1976457,345,7.914247512817383
1772077473.4544938,346,6.630460262298584
1772077474.5506477,347,6.939709186553955
1772077480.2665677,348,7.637171268463135
1772077483.5508604,349,7.8173065185546875
1772077487.615243,350,8.120848655700684
1772077489.4706953,351,8.21939468383789
1772077503.3379495,352,8.062760353088379
1772077504.918974,353,8.952394485473633
1772077511.9827032,354,8.931489944458008
1772077513.2078528,355,8.664383888244629
1772077519.039439,356,9.244620323181152
1772077520.7786765,357,9.109792709350586
1772077520.9719164,358,8.954127311706543
1772077524.408242,359,9.071138381958008
1772077524.5303807,360,5.949927806854248
1772077528.4234765,361,9.579282760620117
1772077530.846837,362,9.523945808410645
1772077534.039504,363,9.233329772949219
1772077540.141085,364,9.665229797363281
1772077542.8424332,365,10.214783668518066
1772077543.7425559,366,10.67889404296875
1772077546.1692445,367,10.232850074768066
1772077550.7735205,368,9.990267753601074
1772077555.049155,369,10.044875144958496
1772077558.2211618,370,10.09786319732666
1772077562.3972685,371,10.108470916748047
1772077566.6739895,372,10.68447208404541
1772077569.728344,373,10.46138858795166
1772077569.8495746,374,9.570606231689453
1772077574.9412842,375,10.828664779663086
1772077576.026277,376,11.331472396850586
1772077578.2691693,377,10.576445579528809
1772077580.2453172,378,11.490504264831543
1772077586.0901537,379,10.97081184387207
1772077595.8300073,380,11.789921760559082
1772077597.268258,381,11.330782890319824
1772077598.5921907,382,10.963072776794434
1772077598.9705117,383,11.73198127746582
1772077601.5790627,384,11.780133247375488
1772077605.0576441,385,11.43852424621582
1772077610.2185056,386,11.591867446899414
1772077614.4040513,387,11.09042739868164
1772077619.1146028,388,12.209664344787598
1772077621.424693,389,11.814297676086426
1772077622.5745986,390,12.282828330993652
1772077624.6716754,391,12.102148056030273
1772077627.4980772,392,12.149072647094727
1772077634.8959389,393,11.981101989746094
1772077636.8250535,394,12.879383087158203
1772077646.5183642,395,12.82595157623291
1772077647.408499,396,12.650750160217285
1772077653.8543143,397,12.560813903808594
1772077654.7771475,398,11.540807723999023
1772077656.3786206,399,13.059368133544922
1772077657.8562496,400,13.424086570739746
1772077669.8829877,401,13.767110824584961
1772077675.5061588,402,13.805599212646484
1772077681.3947427,403,14.402263641357422
1772077691.281103,404,14.339202880859375
1772077693.2124517,405,14.566057205200195
1772077693.331127,406,17.744749069213867
1772077700.1246324,407,15.220349311828613
1772077701.0800643,408,14.784131050109863
1772077701.8075383,409,15.109732627868652
1772077703.3855522,410,14.134204864501953
1772077707.373504,411,14.94594669342041
1772077717.2127438,412,15.8488130569458
1772077717.3344302,413,16.759952545166016
1772077725.264197,414,15.38170337677002
1772077727.9866939,415,14.915465354919434
1772077728.1102364,416,17.139530181884766
1772077729.6550505,417,14.939882278442383
1772077828.3647544,418,15.231924057006836
1772077831.6271968,419,15.29421329498291
1772077833.834555,420,16.123950958251953
1772077838.061145,421,15.740114212036133
1772077846.430406,422,16.383724212646484
1772077846.6114464,423,15.238456726074219
1772077856.361933,424,16.277862548828125
1772077862.4459612,425,17.27544593811035
1772077869.0842896,426,17.582218170166016
1772077870.3465087,427,15.93850040435791
1772077871.5056572,428,17.329845428466797
1772077874.2388606,429,17.03194808959961
1772077875.9141328,430,17.934309005737305
1772077876.590793,431,17.638221740722656
1772077877.8089259,432,17.330379486083984
1772077880.6397371,433,17.180967330932617
1772077885.1966064,434,17.89126205444336
1772077888.8774636,435,17.687353134155273
1772077892.6637123,436,18.172338485717773
1772077899.3567328,437,18.059831619262695
1772077899.4774742,438,16.888826370239258
1772077904.2068636,439,18.183547973632812
1772077905.3630376,440,17.800073623657227
1772077910.393246,441,18.609554290771484
1772077914.6093576,442,17.777774810791016
1772077919.0072668,443,18.65794563293457
1772077923.4866023,444,19.175161361694336
1772077923.609051,445,21.818517684936523
1772077923.9141023,446,17.96864891052246
1772077930.6199539,447,19.509904861450195
1772077944.346012,448,19.844804763793945
1772077956.3074553,449,20.438993453979492
1772077956.6939707,450,19.54945182800293
1772077961.4759705,451,20.93590545654297
1772077965.4652328,452,20.85594940185547
1772077968.5974739,453,21.235429763793945
1772077970.833617,454,20.944042205810547
1772077975.120733,455,20.89533042907715
1772077975.2453902,456,26.615598678588867
1772077976.5869155,457,21.425859451293945
1772077979.376739,458,22.593868255615234
1772077980.0467682,459,21.525224685668945
1772077983.215748,460,21.440900802612305
1772077985.1485813,461,22.300003051757812
1772077995.449078,462,22.166414260864258
1772077997.6168568,463,20.66937828063965
1772077999.56543,464,20.94731330871582
1772077999.6938012,465,21.0760440826416
1772078006.1434004,466,21.669483184814453
1772078008.6972575,467,22.77926254272461
1772078010.5415955,468,23.194665908813477
1772078021.0655262,469,23.160459518432617
1772078023.8269954,470,22.07289695739746
1772078027.4683998,471,23.274555206298828
1772078029.9939535,472,23.745391845703125
1772078031.3919535,473,22.200040817260742
1772078034.5701504,474,22.807514190673828
1772078042.569667,475,22.931838989257812
1772078053.558124,476,24.184961318969727
1772078053.7438955,477,24.667259216308594
1772078055.9559383,478,23.600801467895508
1772078062.7674146,479,23.887012481689453
1772078075.341996,480,24.400766372680664
1772078090.2919917,481,24.274505615234375
1772078091.5518372,482,24.130062103271484
1772078092.693216,483,26.97404670715332
1772078096.945325,484,24.640472412109375
1772078105.6159387,485,25.41183090209961
1772078107.9167173,486,25.744905471801758
1772078108.2783132,487,27.91009521484375
1772078110.5735602,488,25.75373077392578
1772078110.7011702,489,28.3571720123291
1772078110.8294926,490,24.59073829650879
1772078111.9193633,491,25.54116439819336
1772078112.1596255,492,27.316835403442383
1772078122.3322177,493,25.445520401000977
1772078123.8914733,494,25.47000503540039
1772078134.7175658,495,26.221532821655273
1772078174.6087472,496,27.883108139038086
1772078184.1644754,497,26.2171573638916
1772078186.4689384,498,26.96788215637207
1772078191.8038647,499,26.073427200317383
1772078191.983104,500,28.203195571899414
1772078196.785064,501,26.087875366210938
1772078200.545523,502,26.681400299072266
1772078203.5825467,503,26.091100692749023
1772078207.991237,504,26.91238784790039
1772078212.5971868,505,26.776702880859375
1772078217.4694703,506,27.49156379699707
1772078229.1579158,507,27.42994499206543
1772078237.8852727,508,28.018281936645508
1772078238.0083542,509,32.43062973022461
1772078240.0362847,510,27.871952056884766
1772078241.462298,511,27.622032165527344
1772078252.5950756,512,28.922035217285156
1772078262.6479297,513,28.84583282470703
1772078262.7718887,514,27.973194122314453
1772078267.8687732,515,29.56281280517578
1772078268.9854712,516,28.8399600982666
1772078271.4680579,517,29.621315002441406
1772078272.4376242,518,28.170860290527344
1772078273.882183,519,29.650659561157227
1772078274.005184,520,25.693927764892578
1772078283.2442741,521,29.51859474182129
1772078283.374304,522,29.99542808532715
1772078285.2019906,523,30.038745880126953
1772078305.819398,524,29.737524032592773
1772078311.519691,525,30.62136459350586
1772078319.0141082,526,31.18314552307129
1772078319.8714023,527,30.192752838134766
1772078320.6611857,528,32.784297943115234
1772078330.7450957,529,30.71748161315918
1772078336.3826005,530,30.518754959106445
1772078338.7729676,531,31.530054092407227
1772078341.6447468,532,32.64639663696289
1772078341.7754176,533,34.691951751708984
1772078349.0291708,534,32.361820220947266
1772078351.2445998,535,31.804792404174805
1772078360.3142898,536,31.99172592163086
1772078363.8564367,537,32.99677276611328
1772078371.409869,538,32.64064407348633
1772078379.2137668,539,32.80930709838867
1772078383.3286934,540,31.977256774902344
1772078384.5266435,541,33.203826904296875
1772078386.2784433,542,32.01718521118164
1772078386.7695131,543,33.228309631347656
1772078389.9326267,544,33.20866012573242
1772078392.240387,545,32.617919921875
1772078393.3297215,546,33.923057556152344
1772078417.2129042,547,33.16770553588867
1772078419.6215932,548,33.26400375366211
1772078419.740269,549,33.35805892944336
1772078430.7411914,550,34.820953369140625
1772078435.108028,551,35.12013244628906
1772078436.2086403,552,37.23793029785156
1772078444.0358546,553,35.2379150390625
1772078444.66884,554,36.63393783569336
1772078446.6345453,555,35.37761306762695
1772078452.415061,556,34.972206115722656
1772078452.9588106,557,34.03448486328125
1772078459.3863616,558,35.953338623046875
1772078460.0069091,559,35.01459884643555
1772078475.3703718,560,36.4316291809082
1772078477.5739284,561,36.8348503112793
1772078482.060791,562,36.90496826171875
1772078485.5251503,563,36.97270202636719
1772078486.3178923,564,38.03901672363281
1772078487.991377,565,36.0890998840332
1772078603.1182604,566,44.202125549316406
1772078604.1578913,567,37.27743148803711
1772078605.9125874,568,37.10555648803711
1772078608.8832366,569,36.58232498168945
1772078609.848228,570,36.94060134887695
1772078612.5351632,571,38.6672248840332
1772078620.4350617,572,37.26210403442383
1772078621.979039,573,38.60832977294922
1772078631.0380507,574,37.54899215698242
1772078636.0049431,575,38.24342346191406
1772078642.8784149,576,38.206336975097656
1772078643.2432916,577,39.26561737060547
1772078647.213522,578,38.1297721862793
1772078653.0090256,579,38.43667221069336
1772078654.7178423,580,40.09310531616211
1772078660.330257,581,39.335514068603516
1772078661.3644152,582,39.553985595703125
1772078674.122832,583,38.98063659667969
1772078674.2523117,584,37.340293884277344
1772078674.3796616,585,39.74065017700195
1772078674.5078757,586,34.394039154052734
1772078678.292893,587,39.25741195678711
1772078680.9810824,588,40.57735061645508
1772078681.7086616,589,39.91839599609375
1772078682.010183,590,37.738014221191406
1772078683.5390038,591,37.639373779296875
1772078687.4065733,592,40.47346496582031
1772078690.1083484,593,39.73161315917969
1772078690.2303314,594,40.57965850830078
1772078695.1167607,595,38.75346374511719
1772078696.2144995,596,39.236576080322266
1772078696.3360126,597,34.93455123901367
1772078697.4452136,598,39.22728729248047
1772078700.046814,599,40.76526641845703
1772078701.8688684,600,40.93547439575195
1772078702.5364037,601,37.8162841796875
1772078704.511957,602,41.371883392333984
1772078706.048149,603,38.54934310913086
1772078712.412146,604,41.37932205200195
1772078715.6942623,605,42.33589172363281
1772078718.2295983,606,41.51774597167969
1772078720.7610657,607,40.328575134277344
1772078724.3447728,608,41.937862396240234
1772078729.1679,609,41.48570251464844
1772078734.779206,610,41.42051696777344
1772078734.9606493,611,42.750885009765625
1772078735.50848,612,40.75992202758789
1772078736.350195,613,41.24072265625
1772078739.564124,614,42.647911071777344
1772078739.6907237,615,48.36854934692383
1772078744.8617237,616,42.34008026123047
1772078749.1472464,617,41.30645751953125
1772078758.005877,618,42.302738189697266
1772078763.9024518,619,42.35576629638672
1772078769.0768847,620,41.574127197265625
1772078780.7407324,621,42.58456802368164
1772078786.2347176,622,43.783504486083984
1772078786.478645,623,46.76662826538086
1772078787.3400805,624,43.40462112426758
1772078787.5341175,625,36.985023498535156
1772078791.2269397,626,43.499122619628906
1772078791.5777786,627,44.920501708984375
1772078792.796936,628,45.49132537841797
1772078793.875,629,44.58535385131836
1772078794.1263578,630,41.57688522338867
1772078797.6869872,631,43.88304901123047
1772078800.4992316,632,43.001953125
1772078800.8828368,633,40.603023529052734
1772078804.6327794,634,43.67294692993164
1772078809.2642136,635,43.9141960144043
1772078810.4929156,636,44.33822250366211
1772078813.6815338,637,43.5595817565918
1772078819.0273497,638,43.62725067138672
1772078820.0541217,639,45.29030227661133
1772078824.6585257,640,44.35471725463867
1772078824.7815812,641,45.10010528564453
1772078827.1992292,642,44.3177604675293
1772078829.2983754,643,44.6407585144043
1772078836.5555127,644,45.02787399291992
1772078839.5346417,645,45.17369079589844
1772078845.2923768,646,45.65384292602539
1772078850.5040903,647,44.449134826660156
1772078856.6911616,648,44.269935607910156
1772078858.0267453,649,43.74985885620117
1772078866.0532267,650,45.40452194213867
1772078868.339799,651,44.90607833862305
1772078870.3359096,652,45.19704818725586
1772078877.6281955,653,47.18927001953125
1772078878.5429273,654,45.098716735839844
1772078878.6850522,655,44.25075912475586
1772078887.0004616,656,46.24301528930664
1772078888.5642796,657,47.316524505615234
1772078888.6860254,658,45.92878341674805
1772078888.8784635,659,42.83091354370117
1772078891.7590814,660,45.86410140991211
1772078898.525515,661,47.42921829223633
1772078900.9739494,662,47.05080795288086
1772078904.7264998,663,45.60451126098633
1772078912.3401458,664,46.64210510253906
1772078995.9800894,665,47.639915466308594
1772079001.2454894,666,47.315006256103516
1772079003.569232,667,49.41570281982422
1772079006.7517724,668,47.693695068359375
1772079007.056393,669,50.887779235839844
1772079007.1800683,670,44.51146697998047
1772079008.463758,671,47.70222473144531
1772079010.9162471,672,48.30116271972656
1772079011.8075202,673,48.64985656738281
1772079022.6358604,674,47.9374885559082
1772079030.901521,675,48.10285949707031
1772079032.1740015,676,49.246612548828125
1772079032.3019013,677,47.43788528442383
1772079035.1510513,678,49.19440841674805
1772079039.9081292,679,48.108524322509766
1772079040.585766,680,48.821533203125
1772079049.8665524,681,49.763031005859375
1772079056.5719202,682,49.50767135620117
1772079056.7519915,683,44.71344757080078
1772079061.1432774,684,49.3148307800293
1772079068.6879702,685,49.50074005126953
1772079071.1157334,686,49.870296478271484
1772079079.5734766,687,50.01654052734375
1772079091.4776635,688,51.126304626464844
1772079091.6636975,689,50.68059158325195
1772079092.629568,690,52.51723861694336
1772079094.3301995,691,51.00916290283203
1772079096.7342978,692,52.500038146972656
1772079098.7155404,693,53.07597732543945
1772079100.1504238,694,52.29829788208008
1772079101.8433104,695,50.8381462097168
1772079111.2457173,696,52.3924560546875
1772079111.3732646,697,46.74735641479492
1772079116.4923282,698,52.411155700683594
1772079122.2253208,699,52.520782470703125
1772079125.3553247,700,53.21450424194336
1772079125.655987,701,50.29981231689453
1772079131.200017,702,53.034584045410156
1772079134.8914316,703,53.330772399902344
1772079135.023371,704,55.661556243896484
1772079139.7936893,705,52.46035385131836
1772079140.1669412,706,55.766876220703125
1772079140.6187937,707,56.838138580322266
1772079140.8171804,708,58.214569091796875
1772079141.0108178,709,58.4567985534668
1772079151.9616587,710,53.395713806152344
1772079207.6264508,711,53.921974182128906
1772079209.7263858,712,54.24534606933594
1772079220.2145536,713,55.176673889160156
1772079220.340687,714,55.19454574584961
1772079231.3091464,715,55.061031341552734
1772079231.9977396,716,57.847434997558594
1772079239.3759563,717,55.905677795410156
1772079242.3099048,718,56.62551498413086
1772079242.4490926,719,51.08098220825195
1772079244.6637847,720,56.03948211669922
1772079246.860576,721,56.418243408203125
1772079250.1854758,722,57.20575714111328
1772079259.58435,723,56.13631820678711
1772079259.9674497,724,54.31996154785156
1772079261.9436386,725,56.41051483154297
1772079269.3385618,726,57.173728942871094
1772079272.759312,727,56.182865142822266
1772079276.8635237,728,58.04288864135742
1772079284.9860058,729,57.63424301147461
1772079290.7969694,730,58.004241943359375
1772079293.9840608,731,56.80705642700195
1772079294.1048808,732,62.64250564575195
1772079295.914561,733,58.68622589111328
1772079299.805651,734,58.237884521484375
1772079306.398713,735,59.95095443725586
1772079458.0958226,736,58.8459587097168
1772079458.2245371,737,57.61082077026367
1772079458.9627495,738,55.97514343261719
1772079462.431467,739,58.36922073364258
1772079463.4100378,740,57.826072692871094
1772079466.1311643,741,57.59763717651367
1772079482.362196,742,59.80046844482422
1772079485.7256603,743,59.21181869506836
1772079491.1634617,744,59.483131408691406
1772079494.6929684,745,59.685768127441406
1772079494.9653676,746,63.570465087890625
1772079501.0127606,747,61.030906677246094
1772079505.7896233,748,60.754371643066406
1772079512.4406977,749,60.760135650634766
1772079512.6282008,750,57.28565979003906
1772079535.116118,751,61.10129165649414
1772079535.6130722,752,62.95673370361328
1772079542.0780725,753,61.311485290527344
1772079542.9815893,754,62.078285217285156
1772079550.3844967,755,62.750762939453125
1772079553.825894,756,61.90645980834961
1772079557.149994,757,61.93864440917969
1772079557.4620075,758,61.50910568237305
1772079564.892653,759,62.00591278076172
1772079565.0142262,760,63.000946044921875
1772079568.973749,761,62.43951416015625
1772079569.5150669,762,58.658111572265625
1772079571.9467006,763,62.259925842285156
1772079577.5793796,764,63.280235290527344
1772079586.366039,765,62.3661994934082
1772079591.4440098,766,64.0152359008789
1772079593.4762168,767,64.43873596191406
1772079593.8488767,768,63.79002380371094
1772079601.1946428,769,63.782249450683594
1772079603.2157855,770,62.86745834350586
1772079603.8872502,771,63.53253173828125
1772079615.3139925,772,64.20563507080078
1772079620.0925403,773,64.05298614501953
1772079627.3157668,774,63.659271240234375
1772079633.1769223,775,65.43916320800781
1772079644.0499723,776,64.60741424560547
1772079651.5849504,777,65.76275634765625
1772079660.1432793,778,66.04827117919922
1772079661.484535,779,63.701080322265625
1772079661.675207,780,65.61175537109375
1772079666.5405083,781,65.50372314453125
1772079671.287595,782,66.4638442993164
1772079674.7130113,783,66.81185150146484
1772079678.9933786,784,66.40949249267578
1772079683.0546997,785,66.75831604003906
1772079684.0302567,786,68.45814514160156
1772079686.7060938,787,66.42435455322266
1772079687.6808383,788,63.31862258911133
1772079688.1069238,789,64.7850112915039
1772079697.807463,790,67.21734619140625
1772079698.8366597,791,69.1097183227539
1772079703.7418737,792,67.82762908935547
1772079705.2478955,793,66.60237884521484
1772079706.1998794,794,65.87879180908203
1772079713.273316,795,68.55542755126953
1772079715.9972095,796,68.28900146484375
1772079716.1769416,797,61.29671859741211
1772079717.7585096,798,68.30213165283203
1772079722.3881867,799,67.9526596069336
1772079723.9236596,800,68.8890380859375
1772079724.2284045,801,73.15144348144531
1772079724.4125319,802,64.53397369384766
1772079729.3554778,803,68.38636779785156
1772079732.0138583,804,68.15165710449219
1772079739.742172,805,69.1138916015625
1772079739.8656304,806,73.66996765136719
1772079756.024732,807,70.31301879882812
1772079756.9849927,808,69.09491729736328
1772079759.8209376,809,70.2774887084961
1772079766.3575242,810,70.44158172607422
1772079768.4207983,811,72.13922882080078
1772079928.253944,812,72.29061126708984
1772079931.26118,813,71.357421875
1772079932.2491255,814,71.46922302246094
1772079934.9432578,815,72.09142303466797
1772079944.7863953,816,70.60308074951172
1772079945.516568,817,72.27566528320312
1772079946.9657042,818,71.67754364013672
1772079947.9970007,819,71.53330993652344
1772079949.4207344,820,70.67987823486328
1772079955.8674972,821,72.47857666015625
1772079955.990653,822,63.44842529296875
1772079958.5060744,823,72.60357666015625
1772079959.8501053,824,70.0810775756836
1772079960.4585066,825,71.0704345703125
1772079960.65031,826,71.34271240234375
1772079966.5745022,827,72.29000091552734
1772079969.7209692,828,72.43035125732422
1772079969.843344,829,75.99211883544922
1772079980.5282438,830,73.12555694580078
1772079982.1164896,831,71.8170394897461
1772079986.0082264,832,72.02497863769531
1772079989.6013632,833,72.09705352783203
1772079992.2193966,834,71.72124481201172
1772079995.844643,835,74.24910736083984
1772079996.281819,836,75.15826416015625
1772079999.4680588,837,71.4552230834961
1772080004.9575863,838,73.98613739013672
1772080011.4299548,839,73.35155487060547
1772080015.6699512,840,72.72454071044922
1772080028.4356916,841,74.634765625
1772080037.2589495,842,75.51892852783203
1772080040.4158928,843,74.73638153076172
1772080041.662169,844,75.20783996582031
1772080045.0342736,845,73.35264587402344
1772080046.6848662,846,76.21713256835938
1772080049.8543234,847,75.94988250732422
1772080053.3265715,848,77.25070190429688
1772080053.4542475,849,76.61461639404297
1772080062.1101224,850,75.96875
1772080072.2825804,851,77.37580871582031
1772080081.3250444,852,76.81367492675781
1772080081.9004412,853,76.88890838623047
1772080082.095226,854,90.98188781738281
1772080088.0375514,855,75.85950469970703
1772080089.3242404,856,77.90901947021484
1772080092.2794552,857,76.86029052734375
1772080097.8803678,858,77.8746566772461
1772080098.9546175,859,77.90234375
1772080113.8144815,860,77.98754119873047
1772080124.9965444,861,77.89730072021484
1772080133.9388628,862,79.29027557373047
1772080136.7789567,863,78.4915542602539
1772080143.7004821,864,79.2087173461914
1772080152.2077656,865,79.60128784179688
1772080152.3364816,866,84.71859741210938
1772080161.015834,867,80.40132141113281
1772080164.545046,868,79.32718658447266
1772080170.5714831,869,80.07268524169922
1772080173.0859635,870,81.98587036132812
1772080176.4338818,871,81.82720947265625
1772080176.5591855,872,77.0595703125
1772080180.3443193,873,81.82823944091797
1772080182.5647438,874,82.11859893798828
1772080193.0101304,875,82.48125457763672
1772080193.9760847,876,83.0633773803711
1772080194.1582,877,83.30995178222656
1772080195.327646,878,80.7357177734375
1772080195.4483192,879,84.6143798828125
1772080198.3288455,880,82.80697631835938
1772080198.9900725,881,83.53325653076172
1772080205.5997095,882,82.90267181396484
1772080213.357733,883,82.7738265991211
1772080213.9619598,884,84.32139587402344
1772080220.6718924,885,83.97134399414062
1772080225.22222,886,83.52079772949219
1772080230.1404386,887,85.56877899169922
1772080232.1922915,888,85.50129699707031
1772080238.774046,889,83.72273254394531
1772080240.6988976,890,83.58097839355469
1772080240.823306,891,75.64012908935547
1772080241.755002,892,83.92180633544922
1772080242.6043653,893,84.133544921875
1772080242.7344372,894,88.2303466796875
1772080252.27279,895,84.52852630615234
1772080384.439948,896,84.64694213867188
1772080390.0952632,897,86.17727661132812
1772080391.5369256,898,83.2494888305664
1772080394.8271112,899,84.92967224121094
1772080395.7035942,900,86.8883056640625
1772080396.0308027,901,83.90702819824219
1772080404.174926,902,84.16871643066406
1772080404.9842832,903,83.59548950195312
1772080420.1929722,904,85.47055053710938
1772080423.822592,905,87.01904296875
1772080432.9865437,906,86.1868896484375
1772080438.5451572,907,86.00910949707031
1772080447.615121,908,87.45117950439453
1772080451.82176,909,87.4578857421875
1772080451.9481835,910,89.003173828125
1772080452.4421682,911,86.44274139404297
1772080457.1475484,912,88.89527130126953
1772080457.6865757,913,87.11538696289062
1772080458.4436696,914,88.14803314208984
1772080458.5728178,915,88.507568359375
1772080463.7320585,916,89.15764617919922
1772080465.9182007,917,87.12509155273438
1772080467.2443187,918,87.40596771240234
1772080468.1002483,919,89.21345520019531
1772080470.8464746,920,89.66438293457031
1772080471.8050427,921,85.98877716064453
1772080479.0059083,922,87.98770904541016
1772080481.3729143,923,88.58056640625
1772080487.0807936,924,88.84477996826172
1772080495.4848337,925,89.4862289428711
1772080503.7723877,926,89.51578521728516
1772080513.5854125,927,91.34085083007812
1772080514.7520373,928,88.82987213134766
1772080523.472077,929,90.62870025634766
1772080523.901553,930,88.86222076416016
1772080527.955146,931,92.80650329589844
1772080530.6566935,932,91.29441833496094
1772080541.7103794,933,91.1820068359375
1772080547.5850601,934,91.6478042602539
1772080556.5433064,935,92.32682800292969
1772080556.724305,936,91.00813293457031
1772080556.9109323,937,94.86004638671875
1772080558.5242968,938,90.6060791015625
1772080558.64331,939,85.59562683105469
1772080561.3803978,940,91.43081665039062
1772080562.1086626,941,93.76805877685547
1772080565.3863778,942,93.70500946044922
1772080576.3380518,943,93.31773376464844
1772080579.954439,944,94.04883575439453
1772080581.6443086,945,93.45478820800781
1772080581.8378637,946,92.69664001464844
1772080586.3515139,947,91.71434783935547
1772080588.5975232,948,94.5091781616211
1772080589.1513238,949,95.04973602294922
1772080595.9956086,950,93.1337661743164
1772080601.6619725,951,93.94245910644531
1772080604.0769575,952,94.86213684082031
1772080604.320781,953,94.97020721435547
1772080604.920165,954,96.84783935546875
1772080605.7800717,955,95.24076080322266
1772080615.962143,956,94.37813568115234
1772080617.476708,957,92.86370086669922
1772080617.6443002,958,97.67496490478516
1772080618.0119364,959,95.06049346923828
1772080625.5008302,960,95.04792785644531
1772080627.48041,961,96.73371124267578
1772080630.9588044,962,96.02476501464844
1772080638.9241643,963,96.2251968383789
1772080641.0754685,964,95.21414947509766
1772080643.30114,965,96.8802490234375
1772080650.3530712,966,96.7704086303711
1772080657.3727942,967,96.50213623046875
1772080669.198756,968,97.16477966308594
1772080672.09405,969,96.11092376708984
1772080675.829179,970,96.99466705322266
1772080678.6709373,971,97.3939437866211
1772080682.040979,972,97.40518951416016
1772080685.8190768,973,98.10308074951172
1772080842.9940634,974,98.60208892822266
1772080855.533707,975,98.934814453125
1772080855.7276216,976,99.27476501464844
1772080857.08903,977,100.1680908203125
1772080859.4759376,978,97.7127914428711
1772080863.762532,979,97.84274291992188
1772080864.6668313,980,98.89949035644531
1772080870.8099136,981,98.73799133300781
1772080874.6183171,982,99.36753845214844
1772080882.3643694,983,99.94508361816406
1772080882.5461926,984,106.90611267089844
1772080882.6732252,985,102.36893463134766
1772080886.060027,986,100.72176361083984
1772080891.525064,987,99.72045135498047
1772080896.8119173,988,101.81031036376953
1772080897.2161858,989,106.22702026367188
1772080899.4676414,990,100.6541976928711
1772080904.9784405,991,101.18807983398438
1772080906.8410816,992,98.53186798095703
1772080910.300704,993,101.97372436523438
1772080911.1258302,994,105.06135559082031
1772080914.4952714,995,100.71025085449219
1772080914.742512,996,104.7014389038086
1772080927.662894,997,101.74573516845703
1772080928.889574,998,103.53306579589844
1772080930.651392,999,102.43199920654297
1772080933.6505136,1000,102.76313018798828
1772080937.0150638,1001,102.84955596923828
1772080939.0314102,1002,101.93569946289062
1772080951.0333633,1003,103.24600982666016
1772080956.6912677,1004,103.11978149414062
1772080957.0160234,1005,94.12722778320312
1772080957.2038155,1006,98.6069564819336
1772080958.9634602,1007,104.28781127929688
1772080959.357907,1008,102.8268814086914
1772080963.4538045,1009,104.2757797241211
1772080966.2235775,1010,103.35835266113281
1772080971.73256,1011,102.89226531982422
1772080972.4694622,1012,103.94181823730469
1772080974.072527,1013,103.47210693359375
1772080978.524998,1014,103.25274658203125
1772080978.8493342,1015,102.16911315917969
1772080984.0577643,1016,103.40465545654297
1772080984.6446114,1017,101.27359771728516
1772080984.8487492,1018,102.41694641113281
1772080989.0933623,1019,102.53487396240234
1772080995.755765,1020,104.86719512939453
1772081011.5311282,1021,105.75103759765625
1772081013.3645222,1022,106.3879623413086
1772081013.4880834,1023,110.93299865722656
1772081018.3935146,1024,104.95761108398438
1772081021.4034724,1025,105.0324478149414
1772081023.3741732,1026,105.2564468383789
1772081031.743721,1027,105.91564178466797
1772081043.007537,1028,108.2383804321289
1772081048.3108673,1029,106.58528137207031
1772081051.1406648,1030,107.76673126220703
1772081052.180288,1031,107.53965759277344
1772081053.18498,1032,106.83528137207031
1772081068.5125766,1033,108.0938949584961
1772081070.1349053,1034,111.34761810302734
1772081072.7181618,1035,109.9504623413086
1772081077.8691254,1036,108.98655700683594
1772081082.6293542,1037,109.6479263305664
1772081090.1442797,1038,108.4156723022461
1772081093.2846153,1039,109.65108489990234
1772081097.5866318,1040,109.15817260742188
1772081100.9529555,1041,108.65711212158203
1772081105.0059419,1042,110.32022094726562
1772081110.6868944,1043,111.18157196044922
1772081112.619923,1044,113.79187774658203
1772081122.0410032,1045,111.82279205322266
1772081125.2001398,1046,111.004150390625
1772081143.4195502,1047,112.16165924072266
1772081150.6031678,1048,111.55915832519531
1772081167.7680476,1049,112.17031860351562
1772081338.798626,1050,112.96987915039062
1772081339.7706227,1051,112.10262298583984
1772081340.3563814,1052,111.45890808105469
1772081342.8600225,1053,113.6171646118164
1772081345.0538058,1054,113.90929412841797
1772081346.5221186,1055,112.35611724853516
1772081349.72255,1056,113.45881652832031
1772081353.5960321,1057,113.94483947753906
1772081356.0369356,1058,114.12715148925781
1772081356.2146487,1059,108.38317108154297
1772081360.3419406,1060,112.5158462524414
1772081360.8628094,1061,112.43145751953125
1772081364.8574939,1062,113.41021728515625
1772081367.3520596,1063,113.36109161376953
1772081381.4219716,1064,115.08436584472656
1772081386.1026614,1065,115.31592559814453
1772081389.4509854,1066,117.18624114990234
1772081391.6980152,1067,114.7586669921875
1772081391.9427166,1068,120.70720672607422
1772081396.0001912,1069,116.42611694335938
1772081398.573745,1070,114.6106948852539
1772081400.1907141,1071,116.68758392333984
1772081400.370581,1072,118.91265869140625
1772081401.4911513,1073,115.89097595214844
1772081404.4651895,1074,114.2068099975586
1772081404.7810385,1075,113.83769226074219
1772081409.8777103,1076,115.95118713378906
1772081410.2018087,1077,112.6577377319336
1772081413.3337004,1078,117.82101440429688
1772081413.659924,1079,115.1135025024414
1772081417.7168705,1080,116.42256927490234
1772081418.1746397,1081,115.4320297241211
1772081420.4638925,1082,117.81481170654297
1772081422.5283654,1083,117.45700073242188
1772081423.1938658,1084,118.25465393066406
1772081423.3776236,1085,113.05992126464844
1772081427.3606236,1086,116.65904998779297
1772081427.4852445,1087,123.0828628540039
1772081429.7010145,1088,114.7403793334961
1772081430.4918413,1089,114.96741485595703
1772081435.7358468,1090,117.16413116455078
1772081438.2565846,1091,116.94695281982422
1772081438.383623,1092,124.5560302734375
1772081440.2757196,1093,116.07789611816406
1772081442.4533792,1094,118.38745880126953
1772081445.4238706,1095,116.97274780273438
1772081446.895716,1096,115.94701385498047
1772081452.8183234,1097,118.76780700683594
1772081454.0478075,1098,114.7358627319336
1772081455.1202133,1099,117.08006286621094
1772081456.5419786,1100,116.4709701538086
1772081457.1353974,1101,113.38988494873047
1772081457.2656128,1102,105.03743743896484
1772081458.5196288,1103,116.60881042480469
1772081461.6307545,1104,117.11006927490234
1772081468.170631,1105,118.04949188232422
1772081470.4879794,1106,119.12220001220703
1772081472.6644497,1107,121.64944458007812
1772081475.2602172,1108,119.53071594238281
1772081475.4415493,1109,123.25172424316406
1772081475.5678587,1110,118.98644256591797
1772081476.6621478,1111,118.53379821777344
1772081484.2661128,1112,119.58468627929688
1772081486.9669774,1113,119.6323471069336
1772081489.20641,1114,119.7284927368164
1772081493.431649,1115,120.02415466308594
1772081493.6167355,1116,118.74583435058594
1772081493.7437134,1117,120.3302001953125
1772081494.5814042,1118,116.80012512207031
1772081499.3121002,1119,119.18943786621094
1772081501.2588909,1120,122.68190002441406
1772081503.0593567,1121,123.27149200439453
1772081506.3404722,1122,119.42198181152344
1772081507.0192769,1123,119.2843246459961
1772081512.3724384,1124,120.92656707763672
1772081514.8924952,1125,119.92190551757812
1772081516.643934,1126,119.99946594238281
1772081518.8267393,1127,120.34194946289062
1772081526.3915815,1128,122.08993530273438
1772081529.2468133,1129,122.89886474609375
1772081529.5601053,1130,120.31248474121094
1772081529.7432325,1131,127.06199645996094
1772081529.934334,1132,123.99690246582031
1772081531.90915,1133,121.98441314697266
1772081539.1040561,1134,122.34220123291016
1772081542.5549774,1135,122.70685577392578
1772081543.6441536,1136,119.88357543945312
1772081544.9755762,1137,122.51610565185547
1772081545.5828948,1138,125.7697982788086
1772081545.7103035,1139,123.19878387451172
1772081551.1870806,1140,123.08167266845703
1772081552.1132588,1141,122.64910888671875
1772081558.419922,1142,123.37203216552734
1772081563.03896,1143,120.72664642333984
1772081573.185148,1144,123.27477264404297
1772081574.2029793,1145,120.72117614746094
1772081575.6527722,1146,123.44984436035156
1772081577.5512583,1147,124.84303283691406
1772081578.4011896,1148,124.68272399902344
1772081578.52078,1149,126.64852142333984
1772081578.6412692,1150,134.69216918945312
1772081580.3245606,1151,122.5587158203125
1772081582.3422801,1152,126.24915313720703
1772081584.0574348,1153,122.96662902832031
1772081592.9190462,1154,123.9034423828125
1772081598.0336235,1155,123.39391326904297
1772081598.765548,1156,126.8788070678711
1772081617.241575,1157,124.67713928222656
1772081617.4221187,1158,125.63322448730469
1772081624.7207963,1159,125.25122833251953
1772081629.850794,1160,127.00139617919922
1772081632.0878437,1161,126.78296661376953
1772081633.8206277,1162,125.02559661865234
1772081636.978924,1163,126.12104797363281
1772081643.4482763,1164,127.62516021728516
1772081648.7983186,1165,125.88699340820312
1772081798.191451,1166,125.90636444091797
1772081798.901692,1167,129.58836364746094
1772081799.0271595,1168,135.89134216308594
1772081799.9320078,1169,130.4520721435547
1772081807.028496,1170,127.28821563720703
1772081808.141866,1171,129.84954833984375
1772081816.892768,1172,128.11508178710938
1772081818.3623655,1173,131.64866638183594
1772081818.61145,1174,129.27780151367188
1772081825.0402653,1175,128.10684204101562
1772081830.5258386,1176,130.38954162597656
1772081832.6256874,1177,128.06301879882812
1772081833.9105542,1178,128.87322998046875
1772081840.4389307,1179,129.81808471679688
1772081843.228805,1180,127.68670654296875
1772081849.5891008,1181,129.64678955078125
1772081849.7112322,1182,124.1368408203125
1772081851.4865224,1183,132.1763916015625
1772081860.2857049,1184,131.13148498535156
1772081862.8163862,1185,131.8013458251953
1772081864.0893378,1186,130.68069458007812
1772081868.459514,1187,130.7220458984375
1772081870.9962366,1188,130.4937286376953
1772081872.022986,1189,128.08517456054688
1772081874.7045615,1190,132.62228393554688
1772081875.1296072,1191,129.96987915039062
1772081875.3107889,1192,133.53074645996094
1772081875.9415483,1193,132.1372833251953
1772081876.56964,1194,130.4129180908203
1772081876.9392898,1195,132.61825561523438
1772081879.020274,1196,131.144287109375
1772081883.214469,1197,132.914306640625
1772081884.4425452,1198,129.76852416992188
1772081884.565407,1199,136.2965087890625
1772081884.689957,1200,143.1421356201172
1772081899.1905792,1201,132.46780395507812
1772081902.6788518,1202,134.01248168945312
1772081905.3026085,1203,134.0272979736328
1772081905.4911633,1204,131.16354370117188
1772081908.2824216,1205,133.61434936523438
1772081910.1699605,1206,132.6281280517578
1772081910.626927,1207,136.16592407226562
1772081913.1951714,1208,132.81715393066406
1772081913.9388914,1209,131.89212036132812
1772081914.4650335,1210,136.783935546875
1772081914.589333,1211,128.57952880859375
1772081919.0726974,1212,134.18202209472656
1772081919.1993656,1213,121.30586242675781
1772081922.054541,1214,133.20994567871094
1772081925.7410285,1215,134.96937561035156
1772081926.0049605,1216,128.5008087158203
1772081928.5035677,1217,133.49624633789062
1772081928.690894,1218,126.16869354248047
1772081930.448554,1219,135.34336853027344
1772081938.6489358,1220,133.88804626464844
1772081939.5728607,1221,135.35617065429688
1772081949.9111707,1222,135.28515625
1772081950.0367181,1223,150.11965942382812
1772081953.5966947,1224,134.298583984375
1772081954.7987635,1225,132.17591857910156
1772081957.8852394,1226,136.2169647216797
1772081958.7382114,1227,137.087890625
1772081960.0916598,1228,139.56814575195312
1772081962.347589,1229,135.2373809814453
1772081964.7956154,1230,136.00146484375
1772081967.8860083,1231,134.975830078125
1772081969.4020464,1232,136.76809692382812
1772081969.5256133,1233,144.49087524414062
1772081969.7887437,1234,136.91278076171875
1772081969.9143944,1235,139.53550720214844
1772081979.3431017,1236,136.54733276367188
1772081981.4780931,1237,135.84194946289062
1772081983.7948503,1238,134.90357971191406
1772081985.3735495,1239,137.5753936767578
1772081988.78637,1240,138.39682006835938
1772081993.2305095,1241,138.21295166015625
1772081998.4780755,1242,137.54965209960938
1772082000.1458979,1243,137.0717315673828
1772082006.6088886,1244,138.544677734375
1772082008.1765091,1245,137.42343139648438
1772082009.894132,1246,136.3839874267578
1772082011.2707446,1247,140.21893310546875
1772082013.2789657,1248,135.93426513671875
1772082020.1818237,1249,138.48187255859375
1772082021.435393,1250,133.8128204345703
1772082023.4740317,1251,138.34657287597656
1772082024.4928768,1252,136.97645568847656
1772082024.848423,1253,141.3961639404297
1772082024.9777482,1254,143.9690399169922
1772082026.3815384,1255,140.29855346679688
1772082028.0770488,1256,138.63909912109375
1772082028.4880407,1257,142.33334350585938
1772082030.8146935,1258,137.52305603027344
1772082033.9719293,1259,140.30584716796875
1772082034.3504784,1260,139.177001953125
1772082034.5449162,1261,134.19961547851562
1772082036.2024179,1262,138.4243621826172
1772082036.5281866,1263,143.70053100585938
1772082036.6572924,1264,139.43057250976562
1772082039.3854775,1265,137.9174041748047
1772082039.8720968,1266,139.57623291015625
1772082041.605811,1267,138.82424926757812
1772082042.2882674,1268,141.1260528564453
1772082042.4169476,1269,130.56723022460938
1772082045.7292464,1270,139.8810272216797
1772082046.1657412,1271,139.28936767578125
1772082049.1266696,1272,138.7716064453125
1772082050.2705076,1273,141.30914306640625
1772082051.156388,1274,141.21139526367188
1772082051.478094,1275,139.7411651611328
1772082053.0464532,1276,139.70933532714844
1772082054.7422428,1277,141.5552215576172
1772082054.9292781,1278,145.45333862304688
1772082058.5979245,1279,138.98321533203125
1772082059.5412064,1280,140.4704132080078
1772082063.663288,1281,139.31854248046875
1772082066.4155307,1282,139.6538543701172
1772082066.5437424,1283,138.85826110839844
1772082068.7020338,1284,140.47935485839844
1772082068.8265982,1285,134.40745544433594
1772082073.1817634,1286,139.06581115722656
1772082078.8292434,1287,140.61199951171875
1772082079.0263681,1288,148.33761596679688
1772082079.4465215,1289,137.5179443359375
1772082079.6375437,1290,139.96360778808594
1772082081.4668596,1291,139.49884033203125
1772082081.6547723,1292,129.90750122070312
1772082082.6835718,1293,142.10902404785156
1772082086.5587063,1294,141.35922241210938
1772082090.171089,1295,140.7629852294922
1772082092.9820638,1296,139.93099975585938
1772082094.9949362,1297,144.10971069335938
1772082096.8271751,1298,139.9567108154297
1772082097.8565412,1299,142.0416717529297
1772082103.354144,1300,141.09732055664062
1772082103.8926625,1301,137.13385009765625
1772082105.043146,1302,141.04580688476562
1772082115.708094,1303,142.4852752685547
1772082115.894626,1304,141.34414672851562
1772082122.4522946,1305,141.8653564453125
1772082285.8120642,1306,141.85992431640625
1772082291.3516471,1307,141.86447143554688
1772082292.949248,1308,144.4744110107422
1772082295.8032017,1309,141.15609741210938
1772082295.9282908,1310,155.45521545410156
1772082296.1839142,1311,133.94996643066406
1772082296.3087552,1312,126.3168716430664
1772082300.8950982,1313,143.48873901367188
1772082305.6953661,1314,142.88519287109375
1772082307.1532156,1315,144.541259765625
1772082310.616676,1316,142.67514038085938
1772082310.7440233,1317,139.49510192871094
1772082313.941387,1318,141.95657348632812
1772082320.3961408,1319,144.45492553710938
1772082324.1195188,1320,145.59474182128906
1772082327.3214157,1321,143.12911987304688
1772082327.697119,1322,144.501708984375
1772082329.1065316,1323,145.23744201660156
1772082331.7345233,1324,144.97509765625
1772082338.4846597,1325,143.84068298339844
1772082342.9924333,1326,144.88705444335938
1772082346.079884,1327,144.69784545898438
1772082349.7911646,1328,143.36599731445312
1772082353.765291,1329,146.02001953125
1772082354.0223463,1330,144.52703857421875
1772082354.2251537,1331,144.62783813476562
1772082355.9215617,1332,146.18484497070312
1772082358.0269184,1333,146.12832641601562
1772082358.22435,1334,143.44532775878906
1772082359.7758787,1335,146.7877197265625
1772082367.7100525,1336,145.36953735351562
1772082375.536246,1337,146.63812255859375
1772082377.407509,1338,146.3331298828125
1772082377.5314975,1339,155.65396118164062
1772082378.0854964,1340,146.72174072265625
1772082381.2664354,1341,145.96188354492188
1772082383.9562547,1342,145.96502685546875
1772082390.784699,1343,146.54183959960938
1772082394.4598706,1344,146.5434112548828
1772082395.929674,1345,146.83131408691406
1772082397.6955974,1346,147.16925048828125
1772082405.9587152,1347,148.23260498046875
1772082406.161506,1348,147.32022094726562
1772082416.8562675,1349,148.11044311523438
1772082420.4784966,1350,146.9757843017578
1772082423.6475735,1351,147.28504943847656
1772082425.4706655,1352,148.85704040527344
1772082428.78882,1353,148.99375915527344
1772082429.9183342,1354,148.0059356689453
1772082430.4026515,1355,153.427978515625
1772082434.8730688,1356,148.14173889160156
1772082440.3680036,1357,148.48350524902344
1772082440.7031739,1358,151.69415283203125
1772082442.587476,1359,149.11436462402344
1772082447.0624888,1360,150.0423126220703
1772082449.1055205,1361,147.876953125
1772082449.36387,1362,148.12001037597656
1772082450.3420908,1363,148.31893920898438
1772082452.314043,1364,149.6886749267578
1772082453.3836696,1365,147.7608184814453
1772082453.9861417,1366,152.8574981689453
1772082458.6850142,1367,148.76040649414062
1772082460.3053324,1368,151.61428833007812
1772082460.9146943,1369,144.59107971191406
1772082461.0446339,1370,156.5059051513672
1772082461.1730952,1371,149.93821716308594
1772082461.3684802,1372,151.1802978515625
1772082464.9528563,1373,150.2404327392578
1772082465.2238686,1374,148.9849395751953
1772082480.8655145,1375,149.75961303710938
1772082485.9730752,1376,150.52931213378906
1772082492.2371767,1377,151.55105590820312
1772082493.7287831,1378,149.53346252441406
1772082493.8561244,1379,157.72586059570312
1772082495.5453563,1380,152.5663604736328
1772082503.4033756,1381,150.28494262695312
1772082503.5687294,1382,163.8336181640625
1772082507.4804444,1383,152.3857879638672
1772082513.1172087,1384,152.0724639892578
1772082514.6010787,1385,151.09976196289062
1772082524.564907,1386,151.72415161132812
1772082531.18354,1387,151.59947204589844
1772082545.217243,1388,152.47462463378906
1772082552.8880076,1389,152.47280883789062
1772082559.8304427,1390,153.6300048828125
1772082571.1522174,1391,154.49183654785156
1772082572.6621695,1392,154.88619995117188
1772082576.2827823,1393,154.7776641845703
1772082587.7074647,1394,153.82986450195312
1772082599.9636226,1395,154.6456298828125
1772082602.464132,1396,152.40943908691406
1772082633.8244555,1397,155.22779846191406
1772082749.1647756,1398,157.21165466308594
1772082758.8129098,1399,156.50469970703125
1772082763.610465,1400,156.99171447753906
1772082773.137516,1401,156.8226318359375
1772082774.2256913,1402,154.0386505126953
1772082776.7831364,1403,154.6602020263672
1772082780.6659505,1404,158.4091033935547
1772082790.8087857,1405,157.652587890625
1772082800.142917,1406,157.01918029785156
1772082800.5599535,1407,155.3047637939453
1772082820.2378986,1408,158.71405029296875
1772082835.7169628,1409,159.753173828125
1772082839.2058098,1410,160.21449279785156
1772082841.3619561,1411,161.18374633789062
1772082852.4912205,1412,159.6066131591797
1772082855.8732564,1413,158.2042694091797
1772082857.6518145,1414,158.36318969726562
1772082857.7795045,1415,161.68994140625
1772082861.2475162,1416,159.66073608398438
1772082863.8277428,1417,160.32252502441406
1772082871.6808343,1418,159.9840850830078
1772082886.8093934,1419,160.737060546875
1772082891.3339832,1420,162.68270874023438
1772082891.7439613,1421,163.64376831054688
1772082891.8751812,1422,168.9356231689453
1772082904.28791,1423,161.13380432128906
1772082918.30517,1424,161.61167907714844
1772082924.3674657,1425,163.70523071289062
1772082926.027709,1426,164.73898315429688
1772082936.4311738,1427,163.68710327148438
1772082938.4974966,1428,162.473876953125
1772082949.9702723,1429,163.65838623046875
1772082958.6138093,1430,164.56793212890625
1772082958.7390249,1431,169.91139221191406
1772082959.6973948,1432,161.89222717285156
1772082964.7200215,1433,163.9807891845703
1772082964.8481424,1434,175.89706420898438
1772082968.3897731,1435,165.01205444335938
1772082974.6517682,1436,165.80490112304688
1772082976.1889248,1437,163.91868591308594
1772082983.9519215,1438,163.91656494140625
1772082988.908746,1439,163.04473876953125
1772082989.0390205,1440,164.60215759277344
1772082991.0610828,1441,165.8488006591797
1772083000.1841333,1442,164.1115264892578
1772083000.4405174,1443,159.96267700195312
1772083004.0849903,1444,166.10154724121094
1772083006.940605,1445,165.8504180908203
1772083010.290908,1446,164.9896697998047
1772083011.8716154,1447,164.36448669433594
1772083012.5926478,1448,167.13633728027344
1772083014.4901257,1449,163.3863067626953
1772083016.8899348,1450,166.9053955078125
1772083017.7809465,1451,167.347412109375
1772083018.7993166,1452,166.845703125
1772083028.1617446,1453,166.53302001953125
1772083029.9390576,1454,168.46063232421875
1772083038.385316,1455,166.74984741210938
1772083038.7967615,1456,169.24266052246094
1772083041.7471652,1457,166.74520874023438
1772083045.8844576,1458,166.57557678222656
1772083046.7140229,1459,165.6466064453125
1772083050.544965,1460,166.57669067382812
1772083053.4340875,1461,167.29470825195312
1772083054.137033,1462,168.74424743652344
1772083054.449141,1463,163.919677734375
1772083056.442961,1464,166.23477172851562
1772083258.7986944,1465,156.81890869140625
1772083260.2445881,1466,166.9569549560547
1772083260.5730863,1467,163.29498291015625
1772083261.8102841,1468,165.19662475585938
1772083263.6980176,1469,167.77725219726562
1772083264.426753,1470,165.26742553710938
1772083264.7476237,1471,173.36962890625
1772083270.7656069,1472,167.22076416015625
1772083270.9632359,1473,161.38064575195312
1772083272.8484547,1474,168.14724731445312
1772083273.181208,1475,164.22821044921875
1772083278.0067105,1476,166.4160919189453
1772083281.618354,1477,166.5059356689453
1772083285.1347032,1478,168.5069580078125
1772083288.440036,1479,168.38214111328125
1772083290.8683977,1480,167.28163146972656
1772083292.823398,1481,167.606201171875
1772083293.1535687,1482,175.28990173339844
1772083296.2431579,1483,167.9866485595703
1772083299.2922723,1484,168.56690979003906
1772083299.4193788,1485,161.37069702148438
1772083300.5761678,1486,166.13906860351562
1772083302.8018699,1487,167.73057556152344
1772083303.060049,1488,171.4793701171875
1772083306.3623517,1489,170.0242462158203
1772083306.4876423,1490,178.78274536132812
1772083307.68904,1491,167.34840393066406
1772083309.3619907,1492,170.1964111328125
1772083310.2747247,1493,162.77093505859375
1772083310.8327756,1494,168.6140594482422
1772083311.2983391,1495,167.5362091064453
1772083312.330768,1496,172.75784301757812
1772083315.7677088,1497,168.77304077148438
1772083321.103794,1498,169.29397583007812
1772083328.9553592,1499,170.75552368164062
1772083330.7013104,1500,171.21713256835938
1772083332.090197,1501,167.94052124023438
1772083332.987168,1502,171.91067504882812
1772083333.1111124,1503,157.15707397460938
1772083334.0957105,1504,165.83584594726562
1772083334.3568344,1505,174.6749267578125
1772083334.6779265,1506,163.95620727539062
1772083334.80092,1507,168.50372314453125
1772083335.9577029,1508,169.25152587890625
1772083336.1466477,1509,179.43649291992188
1772083337.113531,1510,169.34762573242188
1772083338.7538757,1511,170.72779846191406
1772083339.0014298,1512,171.31976318359375
1772083340.4435766,1513,170.02157592773438
1772083342.4701788,1514,169.2030487060547
1772083342.7191353,1515,165.29946899414062
1772083347.1201787,1516,169.73680114746094
1772083348.7674603,1517,169.37454223632812
1772083357.8552122,1518,171.63348388671875
1772083359.4546359,1519,172.13291931152344
1772083359.585305,1520,170.01382446289062
1772083364.7995732,1521,169.50445556640625
1772083368.280266,1522,169.89173889160156
1772083370.9463954,1523,170.7853240966797
1772083375.600716,1524,171.02377319335938
1772083381.7557132,1525,171.4661102294922
1772083386.5537288,1526,171.2264404296875
1772083392.8831093,1527,172.83377075195312
1772083393.1833656,1528,172.65786743164062
1772083397.6126215,1529,173.11231994628906
1772083397.747425,1530,161.2550048828125
1772083397.8737261,1531,167.6488494873047
1772083399.2546723,1532,169.37210083007812
1772083409.7919424,1533,172.1932373046875
1772083411.345079,1534,173.0983428955078
1772083420.0194402,1535,173.8683624267578
1772083425.6521704,1536,173.052001953125
1772083427.03819,1537,173.38914489746094
1772083429.4345698,1538,173.0226593017578
1772083431.7688406,1539,173.8569793701172
1772083435.1218255,1540,173.71865844726562
1772083446.1677573,1541,174.0658721923828
1772083448.0782676,1542,173.35598754882812
1772083452.1234927,1543,172.81082153320312
1772083454.9245164,1544,173.19065856933594
1772083468.6203306,1545,175.54483032226562
1772083476.7696412,1546,175.4875030517578
1772083482.9670212,1547,175.34921264648438
1772083485.8130934,1548,173.65570068359375
1772083487.4425662,1549,174.6487579345703
1772083487.706004,1550,182.11830139160156
1772083492.9981153,1551,174.8973388671875
1772083496.1842253,1552,174.6035614013672
1772083497.6215203,1553,173.4053192138672
1772083499.0085409,1554,172.6570281982422
1772083499.2004457,1555,170.8614501953125
1772083500.5132644,1556,173.5487518310547
1772083501.1069672,1557,174.9420928955078
1772083502.3948631,1558,174.55615234375
1772083502.5235462,1559,194.47274780273438
1772083504.6228888,1560,176.27508544921875
1772083507.6148474,1561,176.22291564941406
1772083515.8375783,1562,175.6868133544922
1772083517.2665725,1563,175.01712036132812
1772083527.4787705,1564,176.54823303222656
1772083528.7327414,1565,176.97979736328125
1772083539.2844434,1566,176.01536560058594
1772083542.2038631,1567,174.68338012695312
1772083543.4865556,1568,180.01133728027344
1772083544.1796765,1569,178.6298370361328
1772083549.3074307,1570,177.1318359375
1772083550.7899961,1571,176.88381958007812
1772083551.1525962,1572,180.63124084472656
1772083559.4845443,1573,177.506103515625
1772083561.3923664,1574,177.05416870117188
1772083561.5859356,1575,176.7969512939453
1772083562.774946,1576,173.91929626464844
1772083567.2236888,1577,177.87704467773438
1772083567.4836085,1578,179.828857421875
1772083567.803017,1579,176.33038330078125
1772083576.0017302,1580,178.39456176757812
1772083578.7417626,1581,176.35711669921875
1772083588.0230544,1582,177.78041076660156
1772083592.662661,1583,177.1825714111328
1772083593.0535026,1584,175.17147827148438
1772083593.4247904,1585,179.54100036621094
1772083606.2527556,1586,178.1119384765625
1772083820.7275815,1587,177.85415649414062
1772083824.2557862,1588,179.60467529296875
1772083824.5679934,1589,176.15908813476562
1772083824.6940284,1590,189.83641052246094
1772083834.0130715,1591,179.4912872314453
1772083837.564011,1592,180.26853942871094
1772083837.9583452,1593,178.24212646484375
1772083839.245236,1594,180.07452392578125
1772083842.4484084,1595,179.42965698242188
1772083846.1949933,1596,180.5432891845703
1772083854.1746936,1597,179.62454223632812
1772083854.9001615,1598,182.73941040039062
1772083858.266711,1599,182.20790100097656
1772083858.4490325,1600,184.95147705078125
1772083859.005111,1601,176.0574951171875
1772083860.3352766,1602,179.30062866210938
1772083867.7894702,1603,181.79286193847656
1772083877.429644,1604,179.99937438964844
1772083878.433786,1605,181.9739532470703
1772083880.3757253,1606,181.61447143554688
1772083885.3564386,1607,179.44137573242188
1772083885.7621732,1608,176.95286560058594
1772083889.3754895,1609,181.8402557373047
1772083901.526557,1610,182.19744873046875
1772083904.5127192,1611,181.22547912597656
1772083904.9597778,1612,181.36073303222656
1772083917.8123255,1613,182.5537872314453
1772083928.3411434,1614,183.40367126464844
1772083929.5538518,1615,180.16647338867188
1772083931.575161,1616,184.10398864746094
1772083935.2484894,1617,185.3424835205078
1772083935.810008,1618,182.87506103515625
1772083941.3765101,1619,183.42160034179688
1772083954.452992,1620,185.03778076171875
1772083954.5804338,1621,187.34716796875
1772083959.1210713,1622,184.03700256347656
1772083960.8288934,1623,186.3520050048828
1772083968.068769,1624,185.3675079345703
1772083975.377626,1625,184.10446166992188
1772083993.2532094,1626,185.15252685546875
1772083994.6250074,1627,187.60467529296875
1772083994.7480714,1628,198.60069274902344
1772083996.7837954,1629,185.99441528320312
1772083999.8060675,1630,182.81845092773438
1772084004.3824055,1631,185.92669677734375
1772084013.2120996,1632,185.46420288085938
1772084014.0007,1633,184.52783203125
1772084015.6682842,1634,185.0445556640625
1772084019.200606,1635,188.27435302734375
1772084027.7682757,1636,186.8968048095703
1772084028.3619952,1637,185.9373321533203
1772084029.312741,1638,190.20062255859375
1772084029.8154073,1639,178.02305603027344
1772084036.4485137,1640,185.63186645507812
1772084039.6907623,1641,187.55369567871094
1772084043.250321,1642,186.55393981933594
1772084048.1428332,1643,184.52879333496094
1772084049.7717562,1644,186.09341430664062
1772084054.321161,1645,188.43101501464844
1772084057.4999468,1646,184.49937438964844
1772084062.3283703,1647,188.21519470214844
1772084063.7332892,1648,186.38970947265625
1772084075.6728938,1649,187.57461547851562
1772084077.510856,1650,188.44898986816406
1772084078.5740135,1651,183.14317321777344
1772084090.28527,1652,188.1066436767578
1772084090.9241083,1653,187.3515167236328
1772084091.1918173,1654,185.7340850830078
1772084095.7966151,1655,187.31671142578125
1772084095.9216373,1656,193.6910400390625
1772084096.113906,1657,194.43080139160156
1772084096.239871,1658,194.26368713378906
1772084096.501787,1659,186.6311492919922
1772084098.4535964,1660,187.43255615234375
1772084099.31971,1661,185.5262908935547
1772084100.2935894,1662,186.95196533203125
1772084101.3377745,1663,188.6917266845703
1772084103.6111777,1664,187.61795043945312
1772084104.2629647,1665,190.1780242919922
1772084109.1376667,1666,187.49050903320312
1772084120.2099812,1667,186.9515380859375
1772084123.541124,1668,186.46983337402344
1772084308.879847,1669,188.74246215820312
1772084309.7891438,1670,188.79702758789062
1772084310.0352223,1671,194.43258666992188
1772084318.9263618,1672,189.43898010253906
1772084322.1430037,1673,189.27757263183594
1772084325.9482164,1674,188.88868713378906
1772084328.6561618,1675,189.4299774169922
1772084337.620635,1676,188.59083557128906
1772084338.316256,1677,187.43832397460938
1772084339.0935302,1678,188.75604248046875
1772084339.217632,1679,183.39476013183594
1772084345.4744318,1680,192.0839385986328
1772084348.3034954,1681,190.3413543701172
1772084372.0262194,1682,190.3814697265625
1772084377.2201526,1683,191.00701904296875
1772084380.3193045,1684,189.78793334960938
1772084380.5633311,1685,198.87144470214844
1772084386.8204086,1686,192.3988800048828
1772084389.8868427,1687,191.6076202392578
1772084395.1936352,1688,190.96791076660156
1772084399.7756112,1689,193.02345275878906
1772084402.4250114,1690,189.0562286376953
1772084405.6523197,1691,193.58514404296875
1772084407.0022085,1692,190.1298065185547
1772084410.4844441,1693,192.58377075195312
1772084410.9341598,1694,190.78680419921875
1772084412.2219372,1695,191.30795288085938
1772084414.3040502,1696,190.96731567382812
1772084415.3992443,1697,192.08493041992188
1772084417.8124232,1698,191.64483642578125
1772084421.170913,1699,194.50552368164062
1772084439.9925616,1700,192.9259490966797
1772084450.663018,1701,193.01190185546875
1772084452.5376174,1702,190.67784118652344
1772084454.2625058,1703,193.73223876953125
1772084455.9207425,1704,192.53289794921875
1772084461.083273,1705,193.16098022460938
1772084468.6921327,1706,192.3616485595703
1772084471.599658,1707,195.89930725097656
1772084473.2761312,1708,194.81202697753906
1772084479.1923509,1709,191.708740234375
1772084479.9053686,1710,188.95761108398438
1772084488.075657,1711,194.8486785888672
1772084496.970641,1712,194.40391540527344
1772084499.3009942,1713,193.29440307617188
1772084507.1895359,1714,194.3945770263672
1772084508.9908233,1715,191.3805694580078
1772084510.4270074,1716,195.5341796875
1772084511.617134,1717,196.17958068847656
1772084511.9969182,1718,188.70579528808594
1772084512.2466683,1719,192.9869842529297
1772084515.09374,1720,197.8503875732422
1772084515.2811508,1721,192.66510009765625
1772084523.1503825,1722,197.1232147216797
1772084526.4190352,1723,195.689208984375
1772084529.231385,1724,195.45884704589844
1772084531.8870497,1725,196.44866943359375
1772084533.2324939,1726,194.3296356201172
1772084533.9469955,1727,199.18093872070312
1772084542.287145,1728,195.28578186035156
1772084545.3497424,1729,195.79849243164062
1772084546.58682,1730,197.17926025390625
1772084547.1682703,1731,197.0498046875
1772084549.2005413,1732,195.60968017578125
1772084553.7715251,1733,196.4718017578125
1772084557.1456158,1734,194.82044982910156
1772084560.7999933,1735,196.26609802246094
1772084563.8573544,1736,196.548828125
1772084573.0301645,1737,197.0120849609375
1772084576.0977397,1738,194.84735107421875
1772084578.9806259,1739,198.74119567871094
1772084579.1850672,1740,197.02706909179688
1772084579.311798,1741,194.862548828125
1772084580.7558324,1742,195.30862426757812
1772084580.8803346,1743,197.3595733642578
1772084581.0692601,1744,199.735107421875
1772084581.199851,1745,192.19602966308594
1772084581.3925557,1746,196.62838745117188
1772084594.7215288,1747,197.9634552001953
1772084598.519481,1748,196.03651428222656
1772084601.9263327,1749,196.87193298339844
1772084603.3768828,1750,199.8567352294922
1772084605.4251888,1751,195.95376586914062
1772084608.6887467,1752,196.1796112060547
1772084610.3601894,1753,196.6505584716797
1772084613.9492025,1754,199.67697143554688
1772084618.7114675,1755,199.38967895507812
1772084618.9642916,1756,193.16351318359375
1772084622.2980382,1757,197.07855224609375
1772084624.1117833,1758,200.942138671875
1772084753.9517584,1759,197.36862182617188
1772084755.2276144,1760,197.07386779785156
1772084757.0084288,1761,200.9826202392578
1772084762.1093757,1762,198.3724822998047
1772084762.4984977,1763,195.13436889648438
1772084765.1643138,1764,198.41258239746094
1772084767.295399,1765,198.94720458984375
1772084768.9581401,1766,201.71615600585938
1772084776.113675,1767,199.78366088867188
1772084777.8838484,1768,197.69187927246094
1772084779.1009378,1769,201.18649291992188
1772084779.9684672,1770,196.8651580810547
1772084781.3271759,1771,200.4458465576172
1772084788.373356,1772,200.54592895507812
1772084789.3430862,1773,197.57620239257812
1772084793.5315177,1774,201.69021606445312
1772084793.922569,1775,204.63096618652344
1772084797.390065,1776,200.07095336914062
1772084797.5223668,1777,200.4150390625
1772084797.959147,1778,203.5946502685547
1772084802.4006205,1779,202.2266387939453
1772084805.4679441,1780,201.038330078125
1772084810.1055763,1781,200.22706604003906
1772084811.374979,1782,203.61099243164062
1772084821.2296436,1783,200.98764038085938
1772084823.5909255,1784,201.24685668945312
1772084829.2958915,1785,200.78143310546875
1772084831.4834778,1786,199.0797119140625
1772084842.740961,1787,202.46961975097656
1772084848.1824594,1788,202.65216064453125
1772084849.9846377,1789,201.44688415527344
1772084857.265204,1790,203.64564514160156
1772084857.7400126,1791,202.64248657226562
1772084864.2697034,1792,203.5123291015625
1772084865.9350338,1793,202.7157440185547
1772084867.5540998,1794,205.5270233154297
1772084872.1713352,1795,203.6236114501953
1772084876.9519963,1796,203.78128051757812
1772084887.8895562,1797,203.471435546875
1772084889.4069376,1798,201.9306640625
1772084889.7185106,1799,208.66348266601562
1772084899.450826,1800,204.66905212402344
1772084904.1818752,1801,204.4254150390625
1772084909.2651758,1802,203.72467041015625
1772084911.4137313,1803,201.66644287109375
1772084917.894324,1804,205.6094970703125
1772084922.8706598,1805,204.95689392089844
1772084931.5762882,1806,204.53439331054688
1772084940.7136934,1807,206.04135131835938
1772084943.3578222,1808,205.19784545898438
1772084947.21636,1809,204.9185333251953
1772084952.00683,1810,205.19871520996094
1772084953.6291096,1811,202.37889099121094
1772084960.4792295,1812,205.56759643554688
1772084968.4058642,1813,207.3166046142578
1772084976.2191386,1814,205.9582061767578
1772084980.7137744,1815,206.94534301757812
1772084982.681651,1816,208.3624267578125
1772084986.3965092,1817,208.2164306640625
1772084989.280615,1818,206.51126098632812
1772084989.5226903,1819,204.7174530029297
1772084991.321217,1820,207.94137573242188
1772084995.3561788,1821,206.88699340820312
1772085000.5489478,1822,207.2838134765625
1772085007.239055,1823,205.61636352539062
1772085008.6194062,1824,208.11048889160156
1772085010.7411215,1825,206.22134399414062
1772085019.5346646,1826,206.80296325683594
1772085024.806429,1827,207.28363037109375
1772085027.7729301,1828,207.93922424316406
1772085029.7167532,1829,210.214599609375
1772085030.2103033,1830,208.15609741210938
1772085035.7494578,1831,206.52593994140625
1772085035.9541438,1832,206.76718139648438
1772085037.3669739,1833,208.93875122070312
1772085037.5553424,1834,201.90077209472656
1772085039.6697161,1835,209.32070922851562
1772085045.2938724,1836,208.96356201171875
1772085047.639518,1837,209.5345001220703
1772085049.4361305,1838,211.4077606201172
1772085052.6654868,1839,209.74708557128906
1772085053.184094,1840,211.182861328125
1772085056.5061738,1841,209.48524475097656
1772085057.5855336,1842,208.05181884765625
1772085057.778686,1843,199.27926635742188
1772085058.4634967,1844,211.7458953857422
1772085058.7736769,1845,205.84434509277344
1772085064.5193515,1846,209.9484100341797
1772085067.7174509,1847,210.0386962890625
1772085070.9388163,1848,208.597412109375
1772085078.3336873,1849,208.78927612304688
1772085193.6943512,1850,217.99688720703125
1772085195.2619925,1851,208.20704650878906
1772085197.9184077,1852,212.12933349609375
1772085205.6190658,1853,212.38612365722656
1772085210.7832408,1854,210.11062622070312
1772085210.9080598,1855,204.30984497070312
1772085214.142496,1856,207.9067840576172
1772085214.391278,1857,207.82164001464844
1772085217.1809766,1858,209.70672607421875
1772085220.5048287,1859,210.48703002929688
1772085231.0575316,1860,211.508056640625
1772085234.8591068,1861,211.90147399902344
1772085238.0172548,1862,209.63681030273438
1772085243.6072056,1863,210.10543823242188
1772085246.0049543,1864,208.74868774414062
1772085258.963882,1865,211.78085327148438
1772085266.6016586,1866,212.31158447265625
1772085267.9555883,1867,212.04969787597656
1772085271.3451552,1868,212.52798461914062
1772085276.2478542,1869,212.343994140625
1772085278.1728747,1870,211.7410430908203
1772085283.6781147,1871,214.04010009765625
1772085286.577584,1872,215.03160095214844
1772085292.0260887,1873,213.86033630371094
1772085292.2769485,1874,203.7748565673828
1772085292.7098653,1875,217.4458465576172
1772085293.625715,1876,212.36773681640625
1772085299.0632856,1877,212.54220581054688
1772085308.8650951,1878,213.899658203125
1772085312.224541,1879,215.55120849609375
1772085312.6775634,1880,218.1063690185547
1772085313.5938785,1881,212.77284240722656
1772085319.2797337,1882,215.08038330078125
1772085322.806997,1883,212.58274841308594
1772085324.6682625,1884,214.21890258789062
1772085329.3344986,1885,216.13265991210938
1772085340.3194377,1886,214.82786560058594
1772085340.4462185,1887,216.47068786621094
1772085347.3156533,1888,215.24114990234375
1772085349.517012,1889,216.36795043945312
1772085352.4419572,1890,217.3085479736328
1772085352.6259243,1891,224.63555908203125
1772085352.7526157,1892,211.3916015625
1772085363.1897583,1893,216.6269073486328
1772085363.350835,1894,221.7229766845703
1772085365.9403715,1895,218.23777770996094
1772085366.063381,1896,226.6975860595703
1772085371.1638074,1897,216.14422607421875
1772085372.021662,1898,219.65264892578125
1772085373.190942,1899,219.33645629882812
1772085380.3786957,1900,217.59458923339844
1772085385.075646,1901,216.82931518554688
1772085386.103013,1902,214.49868774414062
1772085387.2787676,1903,218.96514892578125
1772085387.407057,1904,211.14663696289062
1772085395.6365743,1905,219.32933044433594
1772085400.6873071,1906,218.94410705566406
1772085402.1344864,1907,218.07398986816406
1772085402.260392,1908,219.19468688964844
1772085405.5532334,1909,218.52894592285156
1772085416.9152389,1910,218.01467895507812
1772085417.3691032,1911,215.57228088378906
1772085425.0875797,1912,220.27194213867188
1772085425.2087111,1913,219.20249938964844
1772085425.6973267,1914,220.73422241210938
1772085433.0448568,1915,218.71177673339844
1772085438.0930557,1916,221.19163513183594
1772085444.4998806,1917,219.7829132080078
1772085454.4720433,1918,218.11984252929688
1772085455.7436275,1919,217.96800231933594
1772085458.5077379,1920,219.205810546875
1772085464.0712297,1921,218.0206298828125
1772085464.2085927,1922,208.93821716308594
1772085469.2959917,1923,220.54258728027344
1772085470.2884567,1924,220.27572631835938
1772085473.3648,1925,217.59068298339844
1772085484.5653515,1926,219.533935546875
1772085486.2737787,1927,220.15167236328125
1772085490.9586015,1928,220.4473114013672
1772085506.2841349,1929,220.9831085205078
1772085515.4127858,1930,221.9568328857422
1772085680.4993992,1931,221.02716064453125
1772085680.6263196,1932,219.5808563232422
1772085687.5144768,1933,223.49017333984375
1772085693.2987392,1934,220.41049194335938
1772085694.4918885,1935,225.05616760253906
1772085701.838063,1936,220.9510040283203
1772085710.7499764,1937,221.70608520507812
1772085711.5079627,1938,219.8111114501953
1772085711.6327972,1939,216.951416015625
1772085711.7592702,1940,224.4829559326172
1772085715.806749,1941,222.14108276367188
1772085720.9822102,1942,221.2449493408203
1772085728.314075,1943,221.9404754638672
1772085730.0330248,1944,222.03468322753906
1772085739.8637366,1945,221.02865600585938
1772085742.6811388,1946,220.7956085205078
1772085744.4675736,1947,218.2803497314453
1772085746.1541886,1948,223.6125030517578
1772085747.918799,1949,218.09771728515625
1772085756.3339849,1950,222.64556884765625
1772085774.2207024,1951,222.5283203125
1772085776.0160425,1952,224.33554077148438
1772085777.730001,1953,223.43125915527344
1772085782.4593375,1954,225.0010986328125
1772085786.071182,1955,223.87998962402344
1772085786.1990275,1956,218.0219268798828
1772085791.7183092,1957,224.84629821777344
1772085799.3382843,1958,224.8602752685547
1772085803.5829923,1959,223.44630432128906
1772085803.75767,1960,212.71983337402344
1772085812.715332,1961,223.9219512939453
1772085814.3816428,1962,226.06137084960938
1772085826.881196,1963,225.37547302246094
1772085829.4282818,1964,224.51022338867188
1772085831.2140567,1965,227.84201049804688
1772085832.9512637,1966,227.61643981933594
1772085835.327976,1967,225.6330108642578
1772085850.4049077,1968,226.73153686523438
1772085852.015865,1969,226.5509490966797
1772085853.7715926,1970,229.71585083007812
1772085856.672885,1971,224.92471313476562
1772085856.7963493,1972,224.56260681152344
1772085856.9782207,1973,229.00067138671875
1772085860.4308262,1974,225.99017333984375
1772085866.9114237,1975,225.4854278564453
1772085867.0367818,1976,209.71665954589844
1772085868.811129,1977,227.94644165039062
1772085872.0276556,1978,227.46810913085938
1772085873.867467,1979,226.00662231445312
1772085875.9294236,1980,226.3747100830078
1772085887.2610433,1981,227.8984832763672
1772085887.9170709,1982,225.51138305664062
1772085911.9691947,1983,228.0279541015625
1772085913.973607,1984,222.33059692382812
1772085915.9258516,1985,231.04000854492188
1772085928.3804648,1986,228.02166748046875
1772085928.5710204,1987,225.78945922851562
1772085928.6964202,1988,219.00364685058594
1772085934.8086867,1989,227.97752380371094
1772085935.30887,1990,226.86343383789062
1772085947.293555,1991,228.58401489257812
1772085950.5773292,1992,228.216796875
1772085954.1301835,1993,228.63099670410156
1772085968.6528416,1994,228.43728637695312
1772085987.8644218,1995,229.155029296875
1772085994.955661,1996,230.3104248046875
1772085998.3630016,1997,230.18063354492188
1772086140.3780205,1998,231.3211212158203
1772086146.7513056,1999,230.94273376464844
1772086146.9925885,2000,230.40467834472656
1772086155.8069077,2001,231.49884033203125
1772086157.2042093,2002,231.05984497070312
1772086163.3086386,2003,232.36656188964844
1772086168.3629885,2004,230.62301635742188
1772086169.9482641,2005,232.7936248779297
1772086170.5277512,2006,236.0726776123047
1772086170.6519256,2007,221.92662048339844
1772086177.6318638,2008,231.94839477539062
1772086184.8803873,2009,231.3516845703125
1772086189.693983,2010,232.2791290283203
1772086191.9549031,2011,233.6685333251953
1772086193.79861,2012,231.2130126953125
1772086200.503889,2013,233.64794921875
1772086202.3303125,2014,232.98941040039062
1772086203.6501138,2015,232.8184356689453
1772086203.832864,2016,233.4215087890625
1772086205.8385274,2017,229.1466827392578
1772086207.311876,2018,234.0869598388672
1772086209.324482,2019,233.35533142089844
1772086214.2717595,2020,232.63186645507812
1772086214.4509385,2021,238.91586303710938
1772086217.7557275,2022,232.63644409179688
1772086219.880807,2023,233.90782165527344
1772086223.0660834,2024,233.23680114746094
1772086223.3161798,2025,228.7950897216797
1772086228.5668092,2026,233.31698608398438
1772086233.4554055,2027,233.2908477783203
1772086236.5190282,2028,232.22445678710938
1772086252.111566,2029,233.4906005859375
1772086256.0567048,2030,234.1865692138672
1772086259.186211,2031,234.76309204101562
1772086261.2856672,2032,232.595458984375
1772086262.5835686,2033,236.2417449951172
1772086262.835693,2034,236.9305419921875
1772086263.0955417,2035,238.3811798095703
1772086272.5634534,2036,234.2672119140625
1772086272.6895535,2037,216.7101287841797
1772086277.4829624,2038,234.61997985839844
1772086277.6810656,2039,230.62213134765625
1772086284.8177495,2040,234.55792236328125
1772086287.5100684,2041,233.18167114257812
1772086288.5055277,2042,234.67364501953125
1772086288.7559257,2043,237.81239318847656
1772086292.2836766,2044,236.11903381347656
1772086299.003823,2045,235.9620819091797
1772086306.387424,2046,236.5004425048828
1772086314.2462184,2047,235.5894317626953
1772086314.9353054,2048,235.7080078125
1772086323.72694,2049,235.67391967773438
1772086325.4202473,2050,237.4276123046875
1772086332.6076636,2051,235.75576782226562
1772086335.9365396,2052,236.8048858642578
1772086349.106255,2053,237.1428680419922
1772086353.3008277,2054,238.96670532226562
1772086368.9475703,2055,237.94190979003906
1772086380.6288478,2056,237.86041259765625
1772086381.8538334,2057,236.04403686523438
1772086381.9786096,2058,224.45791625976562
1772086390.0441582,2059,237.8336181640625
1772086390.6693158,2060,239.22714233398438
1772086399.7098198,2061,238.14468383789062
1772086408.3074472,2062,238.02545166015625
1772086416.492821,2063,238.34320068359375
1772086426.0963428,2064,238.54823303222656
1772086431.217423,2065,239.92587280273438
1772086436.3755586,2066,240.11087036132812
1772086439.8931284,2067,238.6857147216797
1772086441.373235,2068,242.35464477539062
1772086442.4819133,2069,242.69827270507812
1772086444.197593,2070,237.40953063964844
1772086446.0956738,2071,240.87423706054688
1772086448.7200067,2072,238.44140625
1772086456.1620748,2073,240.89524841308594
1772086456.7285407,2074,241.29916381835938
1772086458.03233,2075,240.92095947265625
1772086605.8307464,2076,241.24769592285156
1772086610.3930717,2077,239.61781311035156
1772086611.908517,2078,241.73219299316406
1772086617.0384421,2079,240.9304656982422
1772086628.3715107,2080,241.53973388671875
1772086630.0645242,2081,239.88812255859375
1772086631.8571405,2082,242.35508728027344
1772086632.1937087,2083,238.3340301513672
1772086636.5118551,2084,241.02708435058594
1772086638.45734,2085,243.341796875
1772086639.4899824,2086,240.03895568847656
1772086639.8226285,2087,246.35589599609375
1772086646.0301986,2088,241.16058349609375
1772086646.9724243,2089,241.1026611328125
1772086647.8396614,2090,245.05563354492188
1772086653.5175347,2091,243.59161376953125
1772086656.8951466,2092,242.81460571289062
1772086673.9380736,2093,241.41343688964844
1772086674.3964634,2094,242.07814025878906
1772086676.4042025,2095,240.5517578125
1772086679.7025516,2096,242.7504425048828
1772086684.0637105,2097,241.40760803222656
1772086684.444998,2098,246.77163696289062
1772086685.586691,2099,240.1588592529297
1772086694.40147,2100,243.08407592773438
1772086694.5878053,2101,236.63339233398438
1772086694.7744348,2102,248.798583984375
1772086696.2790241,2103,242.9625244140625
1772086698.4159095,2104,242.06085205078125
1772086701.9420145,2105,242.6462860107422
1772086709.3457015,2106,242.75331115722656
1772086711.423501,2107,244.33053588867188
1772086713.0145097,2108,244.36495971679688
1772086715.9955137,2109,241.72315979003906
1772086716.2455487,2110,242.43130493164062
1772086716.5021389,2111,246.3288116455078
1772086719.9768765,2112,246.95755004882812
1772086723.2527318,2113,243.2210235595703
1772086723.3800488,2114,259.03729248046875
1772086724.852317,2115,240.44631958007812
1772086735.4404035,2116,243.09457397460938
1772086741.5538027,2117,243.00540161132812
1772086753.0168188,2118,243.25340270996094
1772086758.3372943,2119,242.2725372314453
1772086759.04105,2120,242.73651123046875
1772086772.8817556,2121,242.89627075195312
1772086783.929723,2122,242.1409454345703
1772086786.959532,2123,241.5045928955078
1772086787.1533082,2124,236.3115234375
1772086790.1323078,2125,245.77809143066406
1772086791.7295582,2126,243.41062927246094
1772086798.2994137,2127,245.4907989501953
1772086799.3895354,2128,243.7124481201172
1772086800.7125404,2129,247.22186279296875
1772086802.0991683,2130,241.84364318847656
1772086812.522865,2131,244.3759765625
1772086812.6556509,2132,261.75299072265625
1772086825.3634686,2133,245.5105438232422
1772086825.4887304,2134,238.2021484375
1772086825.6137877,2135,241.2384033203125
1772086828.5639052,2136,244.13858032226562
1772086831.7019007,2137,243.65756225585938
1772086833.3653958,2138,245.3211212158203
1772086836.6694865,2139,246.2983856201172
1772086836.851626,2140,247.9158935546875
1772086837.9207635,2141,245.5472869873047
1772086841.728775,2142,245.38681030273438
1772086843.9666395,2143,246.56436157226562
1772086847.29573,2144,246.0889892578125
1772086858.1432128,2145,245.2637176513672
1772086861.5202801,2146,246.60537719726562
1772086861.7114215,2147,239.6023712158203
1772086865.0190067,2148,247.98263549804688
1772086872.1529422,2149,247.71109008789062
1772086875.4496148,2150,245.7533721923828
1772086887.6926491,2151,247.1615753173828
1772086889.4446652,2152,247.200927734375
1772086890.9339418,2153,248.77005004882812
1772086891.7661235,2154,245.1853790283203
1772086902.3238735,2155,245.54965209960938
1772086908.270248,2156,246.8118438720703
1772086909.5897653,2157,246.75579833984375
1772086913.0057707,2158,248.61102294921875
1772086919.604053,2159,247.4981689453125
1772087167.162226,2160,248.1143341064453
1772087169.940547,2161,248.5660400390625
1772087175.251483,2162,248.7833251953125
1772087177.4369264,2163,249.5398712158203
1772087183.7914557,2164,247.85501098632812
1772087183.9210525,2165,246.342041015625
1772087184.0493107,2166,254.6837158203125
1772087186.0766377,2167,248.8681640625
1772087194.1093886,2168,248.8649444580078
1772087198.9925508,2169,248.31027221679688
1772087204.6938062,2170,248.00436401367188
1772087206.28319,2171,247.84222412109375
1772087208.3115866,2172,248.6101837158203
1772087219.8426082,2173,248.43582153320312
1772087222.7772498,2174,250.41806030273438
1772087224.8563907,2175,247.35464477539062
1772087231.6641288,2176,246.83023071289062
1772087239.3285396,2177,248.9080810546875
1772087239.5753646,2178,251.50411987304688
1772087240.2541947,2179,247.14608764648438
1772087240.3790326,2180,248.006591796875
1772087241.7219217,2181,246.70338439941406
1772087272.7935944,2182,249.10775756835938
1772087274.573378,2183,249.30023193359375
1772087278.3889048,2184,248.8642120361328
1772087280.2545955,2185,248.3181915283203
1772087282.986635,2186,247.8677215576172
1772087293.535665,2187,248.77178955078125
1772087297.0185566,2188,248.85313415527344
1772087304.2856953,2189,248.79541015625
1772087319.9040725,2190,250.75669860839844
1772087320.9139028,2191,255.24720764160156
1772087321.04216,2192,255.7321319580078
1772087329.1685731,2193,250.999755859375
1772087350.8625524,2194,249.3856658935547
1772087352.4782233,2195,250.30551147460938
1772087355.7965574,2196,251.44712829589844
1772087357.1746716,2197,247.74241638183594
1772087362.9065652,2198,252.7349395751953
1772087364.5739956,2199,248.53677368164062
1772087373.6811733,2200,251.60980224609375
1772087373.9355543,2201,255.0899658203125
1772087389.4046402,2202,251.3482208251953
1772087394.1256313,2203,251.6154022216797
1772087399.279232,2204,252.7674560546875
1772087399.4063745,2205,252.1880645751953
1772087404.3298485,2206,251.88702392578125
1772087410.357565,2207,252.30429077148438
1772087413.9582837,2208,252.50714111328125
1772087417.1974106,2209,252.30755615234375
1772087419.0227253,2210,252.7769775390625
1772087431.897592,2211,253.28602600097656
1772087437.5247765,2212,253.18460083007812
1772087439.2781062,2213,256.3052673339844
1772087442.6152284,2214,254.51446533203125
1772087442.7380917,2215,248.1586456298828
1772087444.9330096,2216,255.760986328125
1772087458.7738943,2217,253.86285400390625
1772087588.1525292,2218,254.25071716308594
1772087605.0240133,2219,255.39208984375
1772087608.3979342,2220,255.4513702392578
1772087616.6671443,2221,257.07220458984375
1772087632.4641304,2222,254.9849395751953
1772087632.788268,2223,261.53955078125
1772087636.2081542,2224,256.91973876953125
1772087644.343923,2225,256.014404296875
1772087646.1249115,2226,259.3026123046875
1772087647.719415,2227,252.004150390625
1772087661.0802324,2228,256.65240478515625
1772087666.5808845,2229,256.0811767578125
1772087666.710005,2230,257.4515075683594
1772087669.0158093,2231,255.7279815673828
1772087675.7875574,2232,256.8313293457031
1772087680.4634178,2233,257.64874267578125
1772087683.8710463,2234,258.10137939453125
1772087684.257261,2235,261.7083435058594
1772087691.4199255,2236,257.0076599121094
1772087694.8158233,2237,254.3980712890625
1772087694.9423022,2238,262.7978210449219
1772087699.3238978,2239,257.4144592285156
1772087703.4096384,2240,257.3990478515625
1772087706.3980775,2241,257.7871398925781
1772087706.7844453,2242,256.9239196777344
1772087709.6328676,2243,258.54644775390625
1772087720.6394238,2244,257.57843017578125
1772087737.8295987,2245,259.1326904296875
1772087740.3003528,2246,259.1767272949219
1772087755.7727938,2247,259.2528381347656
1772087755.9182613,2248,253.4572296142578
1772087758.304901,2249,257.6340637207031
1772087758.4325242,2250,260.51336669921875
1772087775.0459318,2251,259.58563232421875
1772087775.3183374,2252,254.59652709960938
1772087775.4428358,2253,267.6352233886719
1772087776.765489,2254,261.12353515625
1772087794.628961,2255,260.39349365234375
1772087797.9189646,2256,260.6571044921875
1772087800.3420484,2257,259.9877624511719
1772087807.2786415,2258,260.08563232421875
1772087807.408986,2259,241.8346710205078
1772087809.995766,2260,258.7906799316406
1772087820.0302768,2261,260.91790771484375
1772087828.4167843,2262,261.2640075683594
1772087832.6652348,2263,259.5653991699219
1772087844.9785008,2264,260.36724853515625
1772087860.4167879,2265,261.1516418457031
1772087865.6309037,2266,262.9664306640625
1772087871.5399787,2267,261.4243469238281
1772087876.0185275,2268,259.9031982421875
1772087878.6391578,2269,259.9418029785156
1772087879.6479626,2270,259.8319091796875
1772087891.0052948,2271,261.4479064941406
1772087893.3384428,2272,262.07080078125
1772087907.8665152,2273,261.6323547363281
1772088118.165972,2274,262.43438720703125
1772088121.8544543,2275,261.7283630371094
1772088124.6295245,2276,261.810791015625
1772088124.9496682,2277,272.1953430175781
1772088126.394068,2278,259.6719055175781
1772088128.8436232,2279,263.78558349609375
1772088130.6293743,2280,263.4184875488281
1772088131.7144053,2281,265.4621276855469
1772088133.2097,2282,266.8486022949219
1772088135.1889653,2283,263.29339599609375
1772088146.997334,2284,263.234130859375
1772088155.9797246,2285,263.9677429199219
1772088156.2260141,2286,271.29571533203125
1772088174.096203,2287,262.391357421875
1772088175.1527686,2288,262.1798095703125
1772088179.1866534,2289,264.2607421875
1772088197.135443,2290,264.6116943359375
1772088197.5615273,2291,263.95013427734375
1772088201.9043288,2292,263.3144836425781
1772088202.8184712,2293,262.844482421875
1772088232.5101273,2294,264.0095520019531
1772088232.7038813,2295,264.05340576171875
1772088239.5367508,2296,264.191650390625
1772088259.640566,2297,264.34930419921875
1772088262.99051,2298,262.1268005371094
1772088279.9305544,2299,266.4859313964844
1772088280.0565379,2300,258.5122985839844
1772088280.181756,2301,275.43328857421875
1772088299.123904,2302,266.1481018066406
1772088299.8568819,2303,271.72894287109375
1772088311.1376092,2304,266.0770568847656
1772088325.3256621,2305,266.0608215332031
1772088331.6032557,2306,266.92889404296875
1772088332.823318,2307,268.9073486328125
1772088338.1586146,2308,266.3900451660156
1772088345.2259343,2309,266.940185546875
1772088347.4691815,2310,264.9618835449219
1772088364.401729,2311,267.67242431640625
1772088378.674882,2312,268.1061096191406
1772088384.6615505,2313,269.5686340332031
1772088392.8987417,2314,269.6287841796875
1772088398.9987433,2315,269.79888916015625
1772088399.1274614,2316,261.3168029785156
1772088408.751822,2317,270.1247253417969
1772088420.5003014,2318,270.58184814453125
1772088422.3235548,2319,269.0527038574219
1772088423.6745803,2320,268.25958251953125
1772088427.3901157,2321,271.45257568359375
1772088428.9686146,2322,273.2287902832031
1772088429.1083555,2323,261.5919494628906
1772088429.4909596,2324,268.30780029296875
1772088442.9061167,2325,270.5535888671875
1772088603.9868045,2326,272.62689208984375
1772088606.4901593,2327,271.001953125
1772088614.2942488,2328,272.32476806640625
1772088638.288138,2329,271.74420166015625
1772088641.3640127,2330,271.41943359375
1772088645.9194005,2331,274.1720275878906
1772088653.2802913,2332,271.7358703613281
1772088670.4296198,2333,273.1490173339844
1772088672.0581343,2334,272.7301025390625
1772088687.5195763,2335,274.0605773925781
1772088694.9371262,2336,273.6171569824219
1772088709.3106606,2337,273.31268310546875
1772088710.5849411,2338,275.39501953125
1772088719.5436726,2339,275.36981201171875
1772088727.3509693,2340,276.0273742675781
1772088749.3269756,2341,274.38299560546875
1772088754.3945844,2342,274.5369873046875
1772088757.7181954,2343,274.09423828125
1772088763.594973,2344,273.1323547363281
1772088767.2333765,2345,274.43212890625
1772088767.3571887,2346,269.6115417480469
1772088768.215945,2347,275.567138671875
1772088784.158244,2348,275.2359619140625
1772088788.140824,2349,273.1797180175781
1772088803.0374131,2350,275.8544006347656
1772088808.2248642,2351,275.2113952636719
1772088822.6770036,2352,276.1445617675781
1772088830.5923104,2353,277.0732421875
1772088835.6861444,2354,277.0269775390625
1772088837.9724383,2355,273.6754455566406
1772088848.97658,2356,275.5617980957031
1772088853.7757878,2357,277.6714782714844
1772088854.5818696,2358,273.6549987792969
1772088865.8191514,2359,278.7288818359375
1772088875.8059404,2360,277.06317138671875
1772088875.9301655,2361,283.5301818847656
1772088876.0535727,2362,286.99774169921875
1772088893.425281,2363,277.6644287109375
1772088897.8787117,2364,277.3930358886719
1772088900.0969796,2365,277.1932067871094
1772088904.6034403,2366,276.69378662109375
1772088906.1903749,2367,274.5501708984375
1772088910.7497373,2368,279.86981201171875
1772089086.9927313,2369,277.44329833984375
1772089091.2871072,2370,277.0305480957031
1772089093.6902068,2371,278.873046875
1772089096.8904324,2372,277.27862548828125
1772089103.5942633,2373,280.213623046875
1772089116.5089474,2374,279.4174499511719
1772089116.884386,2375,283.6860656738281
1772089119.2154458,2376,276.0163269042969
1772089119.4088635,2377,267.197509765625
1772089127.1225524,2378,279.6728820800781
1772089131.966428,2379,281.63250732421875
1772089132.524747,2380,280.125732421875
1772089156.0560987,2381,279.8567810058594
1772089180.210231,2382,281.102783203125
1772089200.3641882,2383,281.14019775390625
1772089208.7535129,2384,281.41357421875
1772089218.316801,2385,282.50390625
1772089220.190595,2386,284.28070068359375
1772089229.2365508,2387,283.03802490234375
1772089234.7347097,2388,282.3046569824219
1772089251.8963757,2389,281.9774475097656
1772089254.159669,2390,283.5458984375
1772089264.0282433,2391,285.28472900390625
1772089273.146828,2392,283.6506652832031
1772089273.4491823,2393,277.5347595214844
1772089278.7696114,2394,283.9613037109375
1772089279.115814,2395,284.87603759765625
1772089291.9809499,2396,284.13006591796875
1772089306.447265,2397,286.0823974609375
1772089311.2004194,2398,286.5605163574219
1772089313.114237,2399,286.3868713378906
1772089328.6679428,2400,285.1435241699219
1772089335.4826891,2401,285.1510314941406
1772089346.194556,2402,286.35833740234375
1772089350.5209315,2403,286.53466796875
1772089352.0307524,2404,288.95635986328125
1772089358.2661135,2405,287.20123291015625
1772089368.6571057,2406,286.2503662109375
1772089370.7190835,2407,285.3792724609375
1772089373.0446157,2408,287.2330627441406
1772089381.5839012,2409,286.70269775390625
1772089388.6663601,2410,287.6143798828125
1772089397.9724767,2411,287.3908386230469
1772089557.4044385,2412,287.3379821777344
1772089564.949183,2413,286.98724365234375
1772089566.7350595,2414,286.2927551269531
1772089582.5305424,2415,287.61474609375
1772089588.2221413,2416,286.3283386230469
1772089592.7162194,2417,288.5836181640625
1772089592.8479176,2418,293.64923095703125
1772089593.8566086,2419,290.9597473144531
1772089594.035667,2420,300.4393310546875
1772089596.1427603,2421,291.1955261230469
1772089605.2048976,2422,288.21343994140625
1772089633.0934024,2423,289.2254333496094
1772089638.1592767,2424,288.61236572265625
1772089642.6459165,2425,291.70123291015625
1772089657.3713987,2426,290.6964111328125
1772089684.4999952,2427,290.7393798828125
1772089686.7169688,2428,292.7569274902344
1772089686.8374434,2429,281.9383239746094
1772089704.2768443,2430,290.98724365234375
1772089705.7843099,2431,291.99432373046875
1772089708.7251256,2432,289.7327575683594
1772089719.5208402,2433,289.08837890625
1772089736.6554153,2434,292.7344665527344
1772089742.2926052,2435,293.27606201171875
1772089742.4813104,2436,287.7772216796875
1772089785.615411,2437,293.95050048828125
1772089790.7854404,2438,294.05499267578125
1772089811.1211245,2439,295.8771057128906
1772089816.4599152,2440,295.6656188964844
1772089818.837738,2441,296.3242492675781
1772089819.0250065,2442,295.56610107421875
1772089830.5164676,2443,295.58489990234375
1772089842.746576,2444,297.0516662597656
1772089855.2894733,2445,297.6263122558594
1772090063.0070205,2446,296.77703857421875
1772090097.2723508,2447,298.2320556640625
1772090097.52383,2448,297.97894287109375
1772090104.3410501,2449,300.8328857421875
1772090125.9471722,2450,300.40728759765625
1772090136.1272547,2451,300.7151794433594
1772090139.4219234,2452,301.5256042480469
1772090139.5443568,2453,286.5697326660156
1772090165.844203,2454,300.7567138671875
1772090172.2778952,2455,303.4173583984375
1772090193.8708858,2456,302.98712158203125
1772090194.000385,2457,288.62005615234375
1772090197.916598,2458,302.66009521484375
1772090215.2323153,2459,303.6376953125
1772090219.7012043,2460,305.0289611816406
1772090224.8453116,2461,301.2537536621094
1772090226.6223986,2462,303.3955993652344
1772090240.0524633,2463,303.47198486328125
1772090243.925291,2464,304.5499572753906
1772090247.8136938,2465,305.3756103515625
1772090264.4143226,2466,305.7611083984375
1772090264.6588542,2467,308.5155334472656
1772090273.0537865,2468,304.6794738769531
1772090278.973868,2469,306.3174743652344
1772090285.5331779,2470,306.7700500488281
1772090291.1641564,2471,305.45489501953125
1772090303.6897206,2472,307.7367248535156
1772090310.9767547,2473,306.8745422363281
1772090312.6957967,2474,308.22735595703125
1772090314.5814996,2475,311.0057067871094
1772090328.3738096,2476,309.16650390625
1772090332.6596675,2477,307.2110900878906
1772090335.06997,2478,308.08575439453125
1772090336.7660377,2479,309.5301208496094
1772090357.0817873,2480,309.60028076171875
1772090361.4168932,2481,308.5716857910156
1772090361.5504174,2482,309.2421875
1772090364.7630444,2483,311.68133544921875
1772090519.4689107,2484,311.4422912597656
1772090541.5477433,2485,311.800048828125
1772090542.6708844,2486,309.733642578125
1772090546.117921,2487,314.2308044433594
1772090546.7205777,2488,314.4337158203125
1772090560.6239293,2489,311.5674133300781
1772090563.1950822,2490,311.08905029296875
1772090566.9623964,2491,311.3983459472656
1772090573.6646905,2492,313.4635009765625
1772090640.6513178,2493,314.11114501953125
1772090650.618864,2494,317.3414001464844
1772090653.8257515,2495,316.8389892578125
1772090659.5414255,2496,315.4043273925781
1772090679.8593218,2497,316.1446533203125
1772090681.6875687,2498,322.02581787109375
1772090688.9121394,2499,318.1695251464844
1772090694.3942978,2500,317.5083312988281
1772090722.0331922,2501,318.75830078125
1772090727.9495862,2502,316.9884948730469
1772090743.7374332,2503,318.50372314453125
1772090744.6888843,2504,318.68646240234375
1772090747.0881822,2505,320.78179931640625
1772090765.2851076,2506,320.1525573730469
1772090773.036697,2507,318.6543884277344
1772090776.1538427,2508,319.9759216308594
1772090783.8337443,2509,320.98565673828125
1772090805.4612265,2510,320.9737854003906
1772090827.3192968,2511,321.40435791015625
1772091055.770943,2512,322.5093078613281
1772091059.156003,2513,322.0295715332031
1772091060.1292999,2514,324.3583984375
1772091079.8390436,2515,324.0682373046875
1772091102.8080246,2516,324.99932861328125
1772091102.9338188,2517,319.7762145996094
1772091103.1278024,2518,326.26190185546875
1772091129.6936734,2519,325.3304138183594
1772091131.6314347,2520,324.6456604003906
1772091135.0916111,2521,325.6428527832031
1772091150.0100622,2522,326.4321594238281
1772091150.13364,2523,331.2809143066406
1772091150.255959,2524,332.465576171875
1772091154.1233916,2525,327.6038818359375
1772091177.7754574,2526,328.8758850097656
1772091183.9025552,2527,327.4035339355469
1772091188.0158422,2528,328.6103820800781
1772091189.6285393,2529,328.333984375
1772091200.7174711,2530,328.54541015625
1772091201.4322414,2531,326.1832275390625
1772091219.7630138,2532,330.9158020019531
1772091224.2812572,2533,330.5096435546875
1772091229.6809716,2534,330.0679016113281
1772091232.159295,2535,330.5136413574219
1772091237.626739,2536,331.7483215332031
1772091240.959821,2537,329.7637939453125
1772091247.250004,2538,329.5147705078125
1772091258.5826507,2539,331.0868835449219
1772091283.0187461,2540,330.6460876464844
1772091307.6978943,2541,333.18060302734375
1772091317.753799,2542,333.0813293457031
1772091329.8967276,2543,335.07965087890625
1772091332.4899077,2544,332.5191345214844
1772091343.9299304,2545,334.8836669921875
1772091353.382105,2546,334.1629943847656
1772091594.0349352,2547,336.1855163574219
1772091594.2581244,2548,338.0084228515625
1772091603.066008,2549,336.15673828125
1772091615.105587,2550,336.45672607421875
1772091617.785536,2551,337.12811279296875
1772091619.6981301,2552,339.73516845703125
1772091620.368584,2553,339.9171447753906
1772091625.7323952,2554,337.0549621582031
1772091626.0602658,2555,329.5389404296875
1772091629.084922,2556,340.4867858886719
1772091630.9249766,2557,337.54437255859375
1772091631.1650274,2558,328.7518615722656
1772091632.420187,2559,333.8900451660156
1772091637.588994,2560,337.9215393066406
1772091640.6049573,2561,337.4756164550781
1772091643.7606122,2562,338.41180419921875
1772091645.0506167,2563,335.9145202636719
1772091649.1088107,2564,337.6571350097656
1772091652.340843,2565,338.6823425292969
1772091652.4663057,2566,324.8292541503906
1772091653.580333,2567,332.1085510253906
1772091653.8431077,2568,339.0813293457031
1772091655.869633,2569,339.1387939453125
1772091665.7979589,2570,337.0033874511719
1772091671.8085742,2571,337.3959045410156
1772091676.0460339,2572,337.887939453125
1772091680.190626,2573,337.8197326660156
1772091682.0065277,2574,336.4346618652344
1772091690.6768043,2575,337.9461669921875
1772091695.4394567,2576,338.04217529296875
1772091700.7889845,2577,336.95599365234375
1772091703.9615571,2578,336.23492431640625
1772091718.8343291,2579,339.16094970703125
1772091719.0241861,2580,327.3311767578125
1772091730.9574876,2581,337.6658935546875
1772091734.4314716,2582,340.0959167480469
1772091735.0051553,2583,345.4018859863281
1772091739.5806923,2584,339.895751953125
1772091745.012701,2585,342.5658264160156
1772091756.6662908,2586,339.38201904296875
1772091761.1003656,2587,344.01190185546875
1772091761.9180613,2588,344.2801208496094
1772091765.4094064,2589,344.7011413574219
1772091770.8589857,2590,342.3211669921875
1772091774.1641488,2591,343.3773193359375
1772091774.3538218,2592,338.5426025390625
1772091775.6627278,2593,338.1459045410156
1772091776.0971146,2594,343.8822326660156
1772091778.806292,2595,341.0210266113281
1772091782.2844563,2596,345.0057678222656
1772091789.836777,2597,343.16632080078125
1772091790.7802918,2598,337.944580078125
1772091794.6821299,2599,340.5950622558594
1772091802.5872278,2600,343.0428466796875
1772091805.0842938,2601,343.73687744140625
1772091806.43075,2602,344.98193359375
1772091806.7457952,2603,333.7737731933594
1772091812.8334885,2604,346.7917175292969
1772091815.597054,2605,341.38641357421875
1772091817.5272288,2606,343.41705322265625
1772091818.225485,2607,339.8186950683594
1772091824.2227576,2608,343.3774719238281
1772091825.1818616,2609,342.3541259765625
1772091829.1528347,2610,342.9435119628906
1772091834.2354283,2611,346.4405212402344
1772091844.8465302,2612,344.3717346191406
1772091845.8459969,2613,343.3614196777344
1772091848.9667742,2614,345.373291015625
1772091849.1610363,2615,347.1326599121094
1772091851.5136564,2616,342.1788330078125
1772091852.7615173,2617,341.8181457519531
1772091856.229737,2618,344.3858947753906
1772091864.9018967,2619,344.61199951171875
1772091866.3285763,2620,344.6612548828125
1772091871.877362,2621,345.17413330078125
1772091877.5910623,2622,345.9054870605469
1772091879.2566938,2623,343.90069580078125
1772091879.382553,2624,345.6845397949219
1772091887.5189295,2625,348.6816101074219
1772091892.3198636,2626,346.7315979003906
1772091892.5027523,2627,357.7911682128906
1772091896.1866393,2628,349.3303527832031
1772091904.6834738,2629,346.4477233886719
1772092122.3976052,2630,354.3851623535156
1772092131.1290417,2631,346.8302917480469
1772092132.7834585,2632,345.96966552734375
1772092134.8442423,2633,347.9765319824219
1772092138.7774942,2634,349.2320861816406
1772092140.6235194,2635,347.28070068359375
1772092144.1527052,2636,348.8616638183594
1772092144.4048707,2637,356.954345703125
1772092148.5253499,2638,349.021484375
1772092148.7222908,2639,353.46124267578125
1772092150.7206135,2640,348.1237487792969
1772092152.0203307,2641,345.12738037109375
1772092155.6178646,2642,351.3222351074219
1772092158.616835,2643,350.2493896484375
1772092159.9213588,2644,346.8468322753906
1772092162.3628645,2645,346.21514892578125
1772092163.5370753,2646,345.20355224609375
1772092163.7972715,2647,349.0419006347656
1772092164.2373946,2648,351.0565185546875
1772092168.5936122,2649,347.8751220703125
1772092172.3400774,2650,351.7408447265625
1772092178.4095566,2651,348.4222412109375
1772092181.3542693,2652,348.7955627441406
1772092188.357596,2653,350.8646240234375
1772092190.400693,2654,352.9158935546875
1772092196.068962,2655,347.2234191894531
1772092197.439323,2656,352.974853515625
1772092207.6088471,2657,349.55224609375
1772092209.7095473,2658,354.28472900390625
1772092209.8403873,2659,352.4822998046875
1772092210.0359342,2660,347.5908203125
1772092218.2948427,2661,351.4747009277344
1772092220.71019,2662,355.0901184082031
1772092222.5769117,2663,351.1710510253906
1772092226.622788,2664,349.4583740234375
1772092230.0915065,2665,351.157958984375
1772092238.4800103,2666,353.088623046875
1772092240.4322221,2667,353.5104675292969
1772092242.214724,2668,349.2822570800781
1772092244.2825089,2669,349.63543701171875
1772092246.3339696,2670,354.9737548828125
1772092249.132811,2671,353.4048156738281
1772092259.8639464,2672,353.3078918457031
1772092265.7771826,2673,354.673095703125
1772092269.6643932,2674,351.9560241699219
1772092270.1079075,2675,342.6358337402344
1772092274.3633742,2676,353.26025390625
1772092275.537227,2677,356.017333984375
1772092282.0121408,2678,351.3342590332031
1772092282.9889174,2679,361.39080810546875
1772092283.1202276,2680,326.0848083496094
1772092289.516861,2681,354.8831787109375
1772092302.5587916,2682,354.7762451171875
1772092305.9642954,2683,353.8482971191406
1772092308.8813493,2684,353.4007263183594
1772092312.6921225,2685,354.977294921875
1772092312.8171628,2686,344.497802734375
1772092314.6475,2687,354.6216125488281
1772092314.7703345,2688,347.9761657714844
1772092316.1564996,2689,358.4295349121094
1772092316.8324773,2690,353.612548828125
1772092318.5090857,2691,358.965087890625
1772092318.8965654,2692,356.5430908203125
1772092320.8620672,2693,357.09234619140625
1772092332.1180844,2694,355.51837158203125
1772092334.3883586,2695,358.13104248046875
1772092336.3431866,2696,354.0513000488281
1772092341.5680351,2697,357.3946533203125
1772092342.9057944,2698,361.1430969238281
1772092343.5855289,2699,362.89508056640625
1772092343.7093616,2700,357.36358642578125
1772092343.831651,2701,368.6022644042969
1772092345.933848,2702,360.34771728515625
1772092353.0403523,2703,358.6781311035156
1772092356.9164686,2704,355.06768798828125
1772092358.2030578,2705,359.636962890625
1772092366.223761,2706,354.31005859375
1772092367.807289,2707,359.0086669921875
1772092371.1605222,2708,355.5725402832031
1772092373.5622914,2709,350.9418640136719
1772092375.0505385,2710,356.9557189941406
1772092375.894323,2711,354.4552307128906
1772092377.9256444,2712,356.224853515625
1772092384.7514434,2713,356.9930419921875
1772092388.7488601,2714,360.3205871582031
1772092390.7037528,2715,357.0251770019531
1772092398.8662782,2716,357.7865295410156
1772092404.4978993,2717,359.97271728515625
1772092408.4773703,2718,357.4751281738281
1772092409.8716154,2719,355.63824462890625
1772092414.5113957,2720,357.7297668457031
1772092417.5986543,2721,355.9888610839844
1772092418.2569392,2722,354.7415466308594
1772092420.3365896,2723,359.85986328125
1772092420.5978463,2724,349.3682556152344
1772092422.6827312,2725,360.1783447265625
1772092425.0474224,2726,356.8956604003906
1772092425.3525512,2727,357.3677673339844
1772092429.5020077,2728,358.1481628417969
1772092430.9720871,2729,358.8116760253906
1772092431.6596553,2730,361.91766357421875
1772092435.582864,2731,356.364990234375
1772092437.3189602,2732,361.53240966796875
1772092444.9867945,2733,359.24810791015625
1772092661.189866,2734,358.68499755859375
1772092662.5774472,2735,359.9833984375
1772092664.5953586,2736,357.2081298828125
1772092666.9905653,2737,361.0089111328125
1772092672.1506634,2738,361.2251281738281
1772092673.6154191,2739,361.80499267578125
1772092674.589616,2740,355.1916198730469
1772092674.714006,2741,351.5260314941406
1772092680.9851704,2742,360.7646789550781
1772092684.2439592,2743,364.07232666015625
1772092685.5038872,2744,365.8741760253906
1772092686.1987362,2745,354.5632019042969
1772092689.6824808,2746,362.96173095703125
1772092690.5523894,2747,358.8985290527344
1772092699.862355,2748,361.15679931640625
1772092701.1742082,2749,365.7278137207031
1772092705.3113692,2750,362.150634765625
1772092711.6206164,2751,361.8162841796875
1772092714.0227685,2752,360.08721923828125
1772092714.2262754,2753,363.06884765625
1772092716.9431078,2754,357.8820495605469
1772092720.6864302,2755,357.18072509765625
1772092722.4179778,2756,362.5090026855469
1772092722.5467727,2757,352.8345642089844
1772092735.8712995,2758,360.9433288574219
1772092736.2539418,2759,357.2706604003906
1772092739.0676196,2760,360.89154052734375
1772092739.3773239,2761,358.54254150390625
1772092748.5050855,2762,363.5246887207031
1772092751.6672025,2763,364.0190124511719
1772092754.7194767,2764,363.23248291015625
1772092764.101751,2765,363.8161926269531
1772092764.3051944,2766,368.5857849121094
1772092765.5609684,2767,362.9402160644531
1772092765.685826,2768,386.1828308105469
1772092765.8106089,2769,365.1039733886719
1772092766.0011556,2770,355.45281982421875
1772092767.382155,2771,365.4693298339844
1772092784.3410192,2772,363.8270568847656
1772092788.624567,2773,362.6490478515625
1772092793.780875,2774,363.9262390136719
1772092797.4649272,2775,362.96405029296875
1772092802.0697398,2776,365.4853210449219
1772092802.1945755,2777,370.8051452636719
1772092811.7433174,2778,364.4638366699219
1772092813.1135855,2779,364.0627136230469
1772092815.8039212,2780,365.9287414550781
1772092819.701857,2781,361.6059265136719
1772092822.4876034,2782,364.30975341796875
1772092836.0560408,2783,364.0495910644531
1772092841.5952907,2784,362.2669372558594
1772092843.9563415,2785,369.041748046875
1772092849.9458497,2786,363.09759521484375
1772092860.5938647,2787,363.3152160644531
1772092866.9173303,2788,365.8819274902344
1772092867.8853028,2789,369.10272216796875
1772092868.5334446,2790,368.0939636230469
1772092872.6706142,2791,364.73370361328125
1772092877.3075187,2792,366.3385009765625
1772092880.252282,2793,366.3834228515625
1772092884.8236673,2794,365.2752380371094
1772092887.6781092,2795,368.23956298828125
1772092887.8611963,2796,357.48272705078125
1772092894.066754,2797,364.1510925292969
1772092896.1857367,2798,367.7006530761719
1772092911.264319,2799,367.001708984375
1772092915.0525224,2800,365.2062072753906
1772092917.6804354,2801,365.32171630859375
1772092920.6663532,2802,364.27362060546875
1772092925.6566362,2803,365.820556640625
1772092927.0894766,2804,368.17303466796875
1772092927.413773,2805,369.8066101074219
1772092931.482863,2806,364.0604248046875
1772092935.4874742,2807,364.7903747558594
1772092936.5440288,2808,364.5451354980469
1772092940.0869446,2809,368.5839538574219
1772092940.9476137,2810,367.091552734375
1772092941.2021763,2811,368.8157043457031
1772092947.9599726,2812,364.1239929199219
1772092949.9812396,2813,368.7063903808594
1772092954.449068,2814,365.8951721191406
1772092958.2008345,2815,367.7471923828125
1772092962.1812794,2816,367.61761474609375
1772092963.6097622,2817,369.578369140625
1772092963.733403,2818,380.4246520996094
1772092972.9416435,2819,367.6509094238281
1772093145.7271209,2820,368.233154296875
1772093147.084721,2821,367.4847412109375
1772093151.3738687,2822,367.7900085449219
1772093155.256551,2823,367.83111572265625
1772093158.6698775,2824,364.8050537109375
1772093160.60243,2825,366.3831787109375
1772093162.7450707,2826,367.5926818847656
1772093163.062912,2827,369.96722412109375
1772093164.8132825,2828,369.0790100097656
1772093168.8805654,2829,367.658447265625
1772093172.828387,2830,368.5903625488281
1772093173.8187242,2831,363.35064697265625
1772093177.754816,2832,367.8581237792969
1772093182.1171212,2833,367.2476501464844
1772093183.9033966,2834,370.15576171875
1772093184.3428729,2835,359.92401123046875
1772093185.7511895,2836,367.14794921875
1772093186.0037735,2837,376.08447265625
1772093192.663432,2838,366.8742980957031
1772093192.7886972,2839,366.7600402832031
1772093195.8614001,2840,367.6997985839844
1772093196.757604,2841,371.7034912109375
1772093199.9173012,2842,371.0770263671875
1772093200.1141393,2843,373.243896484375
1772093206.8328958,2844,369.04925537109375
1772093209.7745416,2845,371.2936706542969
1772093210.5770993,2846,367.3058166503906
1772093210.7063267,2847,368.1297302246094
1772093210.8313558,2848,362.3228759765625
1772093212.0938396,2849,371.2924499511719
1772093213.907185,2850,371.7263488769531
1772093215.766126,2851,366.6527099609375
1772093219.2286625,2852,370.7601013183594
1772093219.5444674,2853,372.5982360839844
1772093220.5740871,2854,369.4142150878906
1772093220.6974125,2855,396.8071594238281
1772093220.8212676,2856,376.0152282714844
1772093221.5278327,2857,371.34307861328125
1772093222.0134525,2858,373.194580078125
1772093231.2435162,2859,370.08807373046875
1772093235.8932118,2860,371.5055236816406
1772093244.5977268,2861,368.980712890625
1772093246.686354,2862,369.9216003417969
1772093249.079257,2863,372.5124206542969
1772093252.5684197,2864,369.8512878417969
1772093252.7527435,2865,361.7682189941406
1772093254.637026,2866,370.4058837890625
1772093254.8334439,2867,381.5683288574219
1772093255.0247002,2868,370.81939697265625
1772093256.1703677,2869,372.00616455078125
1772093256.5581985,2870,370.27703857421875
1772093260.0443878,2871,371.4929504394531
1772093260.1779904,2872,369.7303771972656
1772093264.0252388,2873,371.9571838378906
1772093264.4220765,2874,358.8456726074219
1772093266.970573,2875,367.6432800292969
1772093273.9019947,2876,372.5645751953125
1772093275.7738988,2877,371.715087890625
1772093280.9705622,2878,370.9645080566406
1772093281.4785554,2879,374.5647888183594
1772093283.9871383,2880,369.3382263183594
1772093285.0859551,2881,369.63287353515625
1772093288.7616594,2882,370.0676574707031
1772093298.1234968,2883,371.1540222167969
1772093302.1370616,2884,370.3926086425781
1772093303.6168683,2885,366.9935302734375
1772093303.923623,2886,376.5001525878906
1772093308.4048104,2887,370.300048828125
1772093308.5950267,2888,358.11553955078125
1772093312.7795978,2889,370.3357238769531
1772093314.4948761,2890,372.8436279296875
1772093321.003586,2891,369.4795837402344
1772093324.3562436,2892,371.60009765625
1772093332.4669797,2893,370.6639709472656
1772093344.3376124,2894,374.0321044921875
1772093348.6736884,2895,372.9576416015625
1772093352.0578244,2896,372.9972229003906
1772093354.3304245,2897,371.8187255859375
1772093358.4523797,2898,371.83740234375
1772093361.7538457,2899,373.5400390625
1772093362.616045,2900,373.3935241699219
1772093365.0944815,2901,372.5224304199219
1772093367.3429575,2902,368.6924743652344
1772093369.3024843,2903,368.04248046875
1772093369.4279902,2904,353.8829650878906
1772093370.3900032,2905,370.3499755859375
1772093370.646925,2906,366.84149169921875
1772093380.3854845,2907,373.771240234375
1772093382.4574127,2908,369.77978515625
1772093384.0079079,2909,368.6224060058594
1772093385.330191,2910,375.87847900390625
1772093385.9221535,2911,372.7423400878906
1772093387.8730788,2912,375.45458984375
1772093391.7360244,2913,373.09063720703125
1772093400.149799,2914,373.32623291015625
1772093401.9955363,2915,374.38995361328125
1772093405.909393,2916,373.005859375
1772093410.7076,2917,372.6232604980469
1772093412.1890419,2918,369.4952392578125
1772093423.2257047,2919,375.46368408203125
1772093424.4153025,2920,377.9812927246094
1772093428.3116632,2921,376.338623046875
1772093429.054843,2922,376.7581787109375
1772093429.3025782,2923,366.086669921875
1772093429.5564766,2924,374.47406005859375
1772093433.5353162,2925,375.8246765136719
1772093437.0865626,2926,374.35870361328125
1772093443.3544405,2927,375.04376220703125
1772093451.7146041,2928,373.119140625
1772093456.3769891,2929,374.07537841796875
1772093462.8934212,2930,377.356201171875
1772093690.6437829,2931,379.4188232421875
1772093690.7696579,2932,395.6297302246094
1772093693.0884416,2933,375.01300048828125
1772093694.5495005,2934,372.3153381347656
1772093695.1147447,2935,375.4905090332031
1772093700.570443,2936,377.00677490234375
1772093703.0648346,2937,376.3577575683594
1772093705.107541,2938,375.772216796875
1772093708.5571768,2939,376.9414367675781
1772093716.1989646,2940,376.3347473144531
1772093719.583394,2941,378.3617858886719
1772093722.5239406,2942,374.2886962890625
1772093722.891615,2943,369.12921142578125
1772093727.5791776,2944,376.1084899902344
1772093729.1641676,2945,375.01910400390625
1772093735.2573948,2946,378.0540771484375
1772093739.5326707,2947,380.7635803222656
1772093741.3989294,2948,379.9474792480469
1772093743.422001,2949,379.73101806640625
1772093744.2122908,2950,382.1080322265625
1772093745.6527185,2951,379.0285949707031
1772093748.3510463,2952,378.666259765625
1772093749.931167,2953,382.1006774902344
1772093750.4330676,2954,372.2110900878906
1772093752.5615911,2955,376.47430419921875
1772093755.4977856,2956,376.75152587890625
1772093762.1085835,2957,378.9093322753906
1772093763.755021,2958,381.42755126953125
1772093772.7162228,2959,376.49639892578125
1772093776.5903332,2960,380.7679138183594
1772093777.5786166,2961,377.87481689453125
1772093777.8445582,2962,376.8238830566406
1772093786.8484967,2963,379.30889892578125
1772093790.6219134,2964,379.22430419921875
1772093791.2640152,2965,378.6571960449219
1772093792.997558,2966,376.1837158203125
1772093793.7828672,2967,376.5566711425781
1772093796.687197,2968,375.60418701171875
1772093801.5598247,2969,379.90228271484375
1772093807.3151145,2970,379.7758483886719
1772093808.6098373,2971,382.181396484375
1772093809.3640757,2972,378.1580810546875
1772093815.482885,2973,378.8062438964844
1772093818.57624,2974,379.0098571777344
1772093820.724631,2975,382.7322998046875
1772093822.3077893,2976,380.6924133300781
1772093836.87988,2977,381.3310852050781
1772093838.508589,2978,385.44537353515625
1772093839.484854,2979,369.7080383300781
1772093845.5243013,2980,381.53594970703125
1772093849.627194,2981,381.54547119140625
1772093851.8676414,2982,380.17401123046875
1772093851.9902928,2983,385.177490234375
1772093855.3251328,2984,378.20770263671875
1772093855.8399644,2985,385.5255126953125
1772093857.2073264,2986,374.67767333984375
1772093864.0223627,2987,380.1788635253906
1772093865.9447358,2988,379.875244140625
1772093875.2582603,2989,380.1396179199219
1772093876.8532162,2990,381.59283447265625
1772093890.540532,2991,380.30072021484375
1772093896.672291,2992,381.40380859375
1772093910.483759,2993,381.6161804199219
1772093912.095192,2994,383.1239929199219
1772093912.2207048,2995,396.24761962890625
1772093917.9735243,2996,382.7339782714844
1772093921.2968082,2997,380.8180847167969
1772093921.4919662,2998,374.76873779296875
1772093933.4847238,2999,380.82464599609375
1772093935.8054252,3000,379.7015380859375
1772093940.2443495,3001,381.1724548339844
1772093940.673153,3002,386.8366394042969
1772093942.6080635,3003,380.63623046875
1772093947.4412463,3004,380.4906005859375
1772093947.5683095,3005,387.10736083984375
1772093950.427377,3006,380.2953796386719
1772093960.855087,3007,380.6956481933594
1772093962.9901109,3008,383.6867980957031
1772093967.1571872,3009,382.4654541015625
1772093972.6412687,3010,381.48797607421875
1772093974.5167732,3011,380.1454772949219
1772093974.6420555,3012,357.5119934082031
1772093982.8909814,3013,378.8823547363281
1772093984.0758033,3014,381.0637512207031
1772093986.3635318,3015,380.2545471191406
1772093990.513502,3016,384.6877136230469
1772093993.8734944,3017,382.1983947753906
1772093994.0005922,3018,363.767333984375
1772093994.1296656,3019,373.20916748046875
1772093996.538783,3020,382.81512451171875
1772094003.3769627,3021,382.4047546386719
1772094012.7197497,3022,382.255859375
1772094159.7443542,3023,379.6659851074219
1772094161.9573567,3024,385.34027099609375
1772094163.5489984,3025,385.4626770019531
1772094164.2117999,3026,378.199462890625
1772094171.7761,3027,382.0687255859375
1772094174.5404534,3028,384.1123962402344
1772094177.7819397,3029,384.48211669921875
1772094195.8068578,3030,383.493408203125
1772094197.1685536,3031,383.4284973144531
1772094199.2148838,3032,382.40289306640625
1772094203.6438744,3033,382.8227233886719
1772094205.4574401,3034,384.281494140625
1772094207.8019438,3035,382.9562683105469
1772094211.2184412,3036,383.6952209472656
1772094214.6314018,3037,382.1352233886719
1772094219.8281348,3038,384.8062744140625
1772094233.3350518,3039,384.56964111328125
1772094235.24402,3040,380.736572265625
1772094239.429002,3041,384.55596923828125
1772094241.2016935,3042,382.53875732421875
1772094258.7066534,3043,384.96685791015625
1772094263.7993946,3044,386.84222412109375
1772094270.912435,3045,382.6380615234375
1772094271.3554883,3046,384.3048095703125
1772094273.8831005,3047,385.0570983886719
1772094275.6985204,3048,384.48345947265625
1772094280.6822581,3049,384.72607421875
1772094283.7379417,3050,384.5209655761719
1772094286.3859396,3051,387.4200744628906
1772094289.0018682,3052,388.65704345703125
1772094297.086292,3053,386.867919921875
1772094300.920926,3054,386.9515380859375
1772094307.4610498,3055,384.8723449707031
1772094314.8622906,3056,386.95025634765625
1772094314.9929063,3057,389.7080078125
1772094315.405542,3058,383.0918273925781
1772094322.5275362,3059,387.4642639160156
1772094324.499943,3060,383.0113525390625
1772094327.9267926,3061,382.45391845703125
1772094332.12119,3062,385.4581298828125
1772094333.470737,3063,385.3597106933594
1772094335.2517736,3064,384.1169128417969
1772094335.5109057,3065,386.4030456542969
1772094345.5467901,3066,385.7169189453125
1772094348.6316657,3067,386.6812438964844
1772094349.8628175,3068,382.77752685546875
1772094351.263061,3069,385.8724670410156
1772094354.6415431,3070,387.38702392578125
1772094368.8898227,3071,386.47943115234375
1772094376.0165763,3072,387.0783996582031
1772094378.4153733,3073,386.38177490234375
1772094383.377483,3074,389.5758972167969
1772094390.419452,3075,384.93133544921875
1772094390.6710756,3076,392.81475830078125
1772094393.09977,3077,384.9953918457031
1772094393.3736663,3078,377.52947998046875
1772094394.9932957,3079,381.8499450683594
1772094395.4232135,3080,384.23089599609375
1772094399.6295109,3081,383.5840759277344
1772094404.8527224,3082,384.9418029785156
1772094407.46255,3083,390.5583190917969
1772094413.0819137,3084,387.47802734375
1772094413.9913526,3085,386.5031433105469
1772094414.1304708,3086,397.6133728027344
1772094414.2568405,3087,392.05902099609375
1772094419.7008076,3088,388.2646179199219
1772094420.5553389,3089,384.47967529296875
1772094428.4308047,3090,387.19970703125
1772094432.188282,3091,387.3138122558594
1772094433.3887243,3092,380.8253173828125
1772094436.7593923,3093,386.7149658203125
1772094437.1428545,3094,400.0062561035156
1772094438.9399965,3095,388.9810791015625
1772094446.3735075,3096,386.757568359375
1772094446.512654,3097,394.7105407714844
1772094446.761256,3098,378.5120849609375
1772094446.8969092,3099,395.7481994628906
1772094448.0063572,3100,392.7018737792969
1772094453.3302624,3101,386.8616027832031
1772094468.8247628,3102,385.97552490234375
1772094486.8803966,3103,387.35198974609375
1772094631.8252234,3104,388.97540283203125
1772094632.0857744,3105,385.25152587890625
1772094632.2727904,3106,395.2839660644531
1772094638.3086665,3107,386.81591796875
1772094645.942778,3108,387.2401428222656
1772094649.036931,3109,389.866943359375
1772094654.329294,3110,387.464111328125
1772094654.4545655,3111,380.6749267578125
1772094657.9092288,3112,390.30755615234375
1772094667.4826214,3113,389.6358947753906
1772094668.038358,3114,392.430908203125
1772094669.9659076,3115,388.10577392578125
1772094670.6060781,3116,386.9228515625
1772094671.685025,3117,387.0218505859375
1772094674.030129,3118,390.6367492675781
1772094676.7355943,3119,390.3305358886719
1772094680.567106,3120,388.6134033203125
1772094680.6921828,3121,383.2047424316406
1772094684.0455744,3122,387.6196594238281
1772094689.5630624,3123,388.8601379394531
1772094691.487982,3124,388.18707275390625
1772094700.9509583,3125,388.2808532714844
1772094703.834452,3126,389.3642578125
1772094714.1940477,3127,390.0093688964844
1772094718.5767105,3128,391.9413757324219
1772094723.308559,3129,389.9129333496094
1772094730.198568,3130,391.92889404296875
1772094736.374476,3131,390.97216796875
1772094738.5516062,3132,392.2481994628906
1772094748.2836497,3133,392.2485046386719
1772094751.3196332,3134,390.292236328125
1772094752.8205812,3135,387.11553955078125
1772094754.1045384,3136,386.8869934082031
1772094756.3005133,3137,390.4330749511719
1772094756.6314695,3138,398.8517150878906
1772094768.5020947,3139,390.47564697265625
1772094786.9325714,3140,391.7622985839844
1772094790.3495648,3141,389.6718444824219
1772094792.5002348,3142,389.0050354003906
1772094792.6240492,3143,372.9729309082031
1772094793.4713695,3144,395.7189636230469
1772094799.9512646,3145,394.5327453613281
1772094800.212814,3146,404.3350830078125
1772094801.757433,3147,389.78753662109375
1772094805.363479,3148,394.7630920410156
1772094816.1403654,3149,392.75274658203125
1772094823.7738912,3150,392.54412841796875
1772094824.9535043,3151,392.0919494628906
1772094825.2631369,3152,399.6103210449219
1772094825.3919413,3153,406.7930603027344
1772094828.6565967,3154,392.5748291015625
1772094831.277367,3155,392.6549987792969
1772094832.8949246,3156,391.6276550292969
1772094834.4117959,3157,395.1237487792969
1772094834.9187107,3158,388.19976806640625
1772094846.3663247,3159,392.2298278808594
1772094851.6694267,3160,392.8898010253906
1772094851.8578153,3161,389.42767333984375
1772094853.4559608,3162,394.932861328125
1772094853.785257,3163,391.93157958984375
1772094854.2819011,3164,402.3160400390625
1772094860.0913951,3165,394.7530212402344
1772094872.6868958,3166,393.7740173339844
1772094872.8802319,3167,384.45733642578125
1772094874.2921104,3168,395.0797424316406
1772094889.8438911,3169,394.5992736816406
1772094892.5248349,3170,392.48358154296875
1772094908.4645042,3171,394.0672912597656
1772094912.2724724,3172,398.1715087890625
1772094915.342118,3173,393.0363464355469
1772094916.8558826,3174,394.6431884765625
1772094918.3317256,3175,393.3371887207031
1772094918.457047,3176,397.2919921875
1772094918.5839288,3177,413.0712890625
1772094918.7686324,3178,395.6004943847656
1772094924.1291208,3179,393.8898620605469
1772094924.31734,3180,403.7049255371094
1772094925.104491,3181,387.32208251953125
1772094931.0363173,3182,397.086181640625
1772094931.353361,3183,392.5627136230469
1772094933.3430567,3184,396.5677795410156
1772094939.983122,3185,394.71533203125
1772094940.3850813,3186,394.2842712402344
1772094945.2673829,3187,394.6703186035156
1772095097.265737,3188,393.5256042480469
1772095100.465545,3189,396.1464538574219
1772095102.351341,3190,395.74615478515625
1772095104.60675,3191,396.4360656738281
1772095105.3096285,3192,394.5220031738281
1772095105.4327705,3193,421.54443359375
1772095115.4615238,3194,397.323486328125
1772095116.6338346,3195,389.3371276855469
1772095126.8425164,3196,396.2351989746094
1772095129.2465315,3197,395.22998046875
1772095129.6173747,3198,394.02471923828125
1772095131.9365225,3199,397.474365234375
1772095132.0594747,3200,403.1129455566406
1772095140.1242704,3201,395.3016662597656
1772095164.2436738,3202,397.8230285644531
1772095167.6369243,3203,396.71502685546875
1772095167.8261335,3204,406.388671875
1772095171.7596922,3205,395.852294921875
1772095187.6728432,3206,395.73065185546875
1772095189.6273322,3207,397.10028076171875
1772095191.3064673,3208,399.2349548339844
1772095194.677896,3209,396.2428894042969
1772095194.8014848,3210,388.8199157714844
1772095200.624911,3211,397.21942138671875
1772095204.464124,3212,395.9158020019531
1772095220.8509507,3213,398.8445739746094
1772095228.9071534,3214,400.722412109375
1772095229.1053898,3215,392.3919982910156
1772095230.9819446,3216,400.0852966308594
1772095231.1204824,3217,392.5705261230469
1772095233.3877745,3218,401.1947937011719
1772095246.6106665,3219,398.9583740234375
1772095252.684189,3220,398.01507568359375
1772095258.4259305,3221,396.4621887207031
1772095258.8157144,3222,395.3053283691406
1772095259.1182237,3223,399.57122802734375
1772095262.6153903,3224,397.6637268066406
1772095263.1056738,3225,399.05169677734375
1772095267.4720879,3226,397.9578857421875
1772095270.4965446,3227,400.5834045410156
1772095276.7264457,3228,398.4307556152344
1772095281.585946,3229,399.13494873046875
1772095283.118402,3230,394.4028625488281
1772095302.2845786,3231,399.4344787597656
1772095302.7321472,3232,404.150634765625
1772095306.0127783,3233,400.0368347167969
1772095310.1020913,3234,397.24530029296875
1772095312.408347,3235,400.9013977050781
1772095323.318419,3236,400.1405334472656
1772095337.593454,3237,398.5365905761719
1772095340.3495357,3238,401.637451171875
1772095348.2737772,3239,397.9158630371094
1772095351.585243,3240,399.7227478027344
1772095351.7117562,3241,415.0668640136719
1772095354.2196753,3242,402.7799072265625
1772095360.0376952,3243,399.8610534667969
1772095361.1034863,3244,392.0895690917969
1772095363.2052305,3245,400.0796203613281
1772095364.5573177,3246,396.59619140625
1772095368.8229816,3247,399.4604797363281
1772095370.9491072,3248,401.80963134765625
1772095376.428526,3249,399.3387145996094
1772095376.725623,3250,405.53424072265625
1772095380.75244,3251,400.4898681640625
1772095388.7200985,3252,401.6409606933594
1772095391.872497,3253,398.1320495605469
1772095396.2637546,3254,398.4355773925781
1772095396.3999813,3255,409.3195495605469
1772095397.982871,3256,399.39263916015625
1772095400.342396,3257,400.6122741699219
1772095408.2092001,3258,401.58355712890625
1772095414.5871964,3259,400.4145202636719
1772095621.7573419,3260,401.4706115722656
1772095628.170991,3261,401.3143310546875
1772095646.7704716,3262,400.3034362792969
1772095668.0102766,3263,399.4303894042969
1772095672.6014252,3264,398.7956237792969
1772095674.2320044,3265,401.6319274902344
1772095678.131617,3266,402.0504455566406
1772095679.7421722,3267,402.26446533203125
1772095685.2946355,3268,401.9078674316406
1772095689.7516994,3269,403.12017822265625
1772095690.074544,3270,402.33154296875
1772095694.3532982,3271,398.8706970214844
1772095699.424329,3272,401.7640075683594
1772095702.9009466,3273,400.84149169921875
1772095705.4159772,3274,400.17333984375
1772095710.09685,3275,400.90411376953125
1772095714.7946737,3276,401.8716125488281
1772095719.4855094,3277,401.455810546875
1772095722.9348435,3278,399.20068359375
1772095728.1068347,3279,402.0193176269531
1772095731.509793,3280,401.2394104003906
1772095734.9957533,3281,401.77001953125
1772095749.0805912,3282,400.55572509765625
1772095751.8525882,3283,400.74835205078125
1772095754.0684414,3284,404.8411865234375
1772095755.2550461,3285,403.20050048828125
1772095766.3529906,3286,401.9593505859375
1772095767.1583097,3287,400.06304931640625
1772095774.5825665,3288,402.59173583984375
1772095784.6010315,3289,399.5384826660156
1772095787.711008,3290,398.3756103515625
1772095787.8364913,3291,405.13763427734375
1772095792.2435477,3292,404.0137634277344
1772095811.0668743,3293,402.3542175292969
1772095822.1214762,3294,402.82257080078125
1772095827.969351,3295,403.78607177734375
1772095831.5985503,3296,400.21026611328125
1772095832.340088,3297,397.60333251953125
1772095834.3360505,3298,397.29791259765625
1772095838.319725,3299,404.79925537109375
1772095838.4493604,3300,399.5716552734375
1772095844.0907989,3301,399.68731689453125
1772095844.2162123,3302,409.1665344238281
1772095847.9984782,3303,401.7388916015625
1772095857.164368,3304,404.578369140625
1772095857.3608768,3305,407.4197082519531
1772095861.109806,3306,405.4525451660156
1772095863.4727407,3307,404.2573547363281
1772095865.3730536,3308,403.13226318359375
1772095867.0031106,3309,398.7190246582031
1772095872.262003,3310,404.20782470703125
1772095873.760126,3311,406.3632507324219
1772095886.6774852,3312,403.421875
1772095888.6841364,3313,397.2473449707031
1772095888.8154137,3314,408.9640197753906
1772095889.962944,3315,404.05120849609375
1772095893.2645776,3316,403.39215087890625
1772095904.9480834,3317,403.50250244140625
1772095911.6684957,3318,404.1757507324219
1772095914.4858818,3319,407.02459716796875
1772095923.3476617,3320,405.52813720703125
1772095942.224878,3321,404.8201599121094
1772096107.7286549,3322,401.9505920410156
1772096111.9668503,3323,405.2073669433594
1772096114.6406844,3324,406.4535827636719
1772096114.7688808,3325,408.81414794921875
1772096122.4376667,3326,404.68316650390625
1772096124.854488,3327,404.3331604003906
1772096128.0080166,3328,406.1812438964844
1772096131.4454966,3329,404.91033935546875
1772096137.73388,3330,406.4820251464844
1772096149.3928957,3331,406.6555480957031
1772096152.911831,3332,403.9918212890625
1772096153.1081924,3333,398.51416015625
1772096156.879531,3334,406.99310302734375
1772096160.2227254,3335,403.4014892578125
1772096172.5913823,3336,407.2691955566406
1772096173.0364895,3337,410.5929260253906
1772096177.7598565,3338,405.8338928222656
1772096183.2417486,3339,407.3936767578125
1772096187.9957168,3340,404.6597900390625
1772096192.4326591,3341,405.9682312011719
1772096198.2290866,3342,406.3608703613281
1772096206.3823879,3343,407.3424377441406
1772096218.187618,3344,405.54962158203125
1772096225.541505,3345,405.6985168457031
1772096227.3812952,3346,404.319091796875
1772096233.0767298,3347,407.114501953125
1772096239.0909634,3348,404.4306335449219
1772096255.393273,3349,405.901611328125
1772096255.516768,3350,410.02880859375
1772096255.6396668,3351,420.0138244628906
1772096258.5865595,3352,409.63470458984375
1772096260.7991219,3353,406.37091064453125
1772096261.7521582,3354,403.42364501953125
1772096274.7579734,3355,406.8305358886719
1772096279.01316,3356,407.6599426269531
1772096285.7586627,3357,406.7344970703125
1772096287.9920113,3358,408.51190185546875
1772096291.2805183,3359,406.19268798828125
1772096294.736525,3360,408.1608581542969
1772096309.5029364,3361,407.3233337402344
1772096316.0894394,3362,409.2851867675781
1772096317.8782637,3363,408.3282165527344
1772096319.572543,3364,408.129150390625
1772096324.2455058,3365,408.908447265625
1772096327.8086345,3366,407.63818359375
1772096328.7562165,3367,405.0171203613281
1772096339.128215,3368,409.8149719238281
1772096342.2682433,3369,409.8058166503906
1772096350.2149873,3370,410.4574890136719
1772096351.3588336,3371,404.7655029296875
1772096358.2846527,3372,410.65185546875
1772096360.383293,3373,413.5448913574219
1772096362.297875,3374,406.0643005371094
1772096362.550838,3375,417.325927734375
1772096365.565848,3376,410.0467224121094
1772096367.9617767,3377,410.8659362792969
1772096369.5348456,3378,408.2496032714844
1772096379.0678976,3379,409.1440734863281
1772096382.257098,3380,412.71026611328125
1772096382.6561468,3381,412.45074462890625
1772096391.412048,3382,411.4843444824219
1772096392.754954,3383,407.3061828613281
1772096393.2613394,3384,408.7513732910156
1772096395.5726585,3385,410.43511962890625
1772096397.075324,3386,408.93060302734375
1772096401.6561694,3387,412.4388122558594
1772096408.0565498,3388,409.2637634277344
1772096408.1844103,3389,409.7723693847656
1772096435.5571985,3390,410.2467956542969
1772096639.956711,3391,413.9490051269531
1772096647.8076608,3392,411.5130310058594
1772096648.813027,3393,408.1876220703125
1772096650.9981956,3394,408.7492370605469
1772096661.5335455,3395,410.81829833984375
1772096670.6355712,3396,412.7586669921875
1772096670.8896136,3397,402.0108947753906
1772096672.25387,3398,411.21533203125
1772096680.2344794,3399,412.80303955078125
1772096688.776893,3400,410.6584777832031
1772096699.3287253,3401,412.63909912109375
1772096707.1844378,3402,413.69207763671875
1772096707.9504602,3403,412.3199157714844
1772096711.3179994,3404,412.5146484375
1772096711.8213298,3405,406.3060302734375
1772096713.5976207,3406,411.0954895019531
1772096723.2882113,3407,411.6338195800781
1772096725.142076,3408,416.3165588378906
1772096725.2674408,3409,408.98541259765625
1772096731.4546933,3410,411.3275146484375
1772096737.883117,3411,410.4056701660156
1772096738.00854,3412,409.3908386230469
1772096740.2070484,3413,409.6901550292969
1772096744.0695956,3414,410.1346130371094
1772096747.094115,3415,409.8591003417969
1772096751.1323805,3416,407.5344543457031
1772096751.2578795,3417,418.1980895996094
1772096751.712329,3418,423.70111083984375
1772096755.036312,3419,410.1688232421875
1772096759.697846,3420,414.2640075683594
1772096789.498052,3421,411.7113037109375
1772096791.2846985,3422,414.17181396484375
1772096791.8688002,3423,414.6453857421875
1772096795.8682227,3424,411.9813537597656
1772096799.6334713,3425,410.8978576660156
1772096799.893715,3426,414.3934631347656
1772096811.5081172,3427,411.4152526855469
1772096814.0462723,3428,414.1631774902344
1772096819.2461174,3429,414.49835205078125
1772096819.3771906,3430,425.16241455078125
1772096823.1196716,3431,416.93212890625
1772096827.8068333,3432,413.6764831542969
1772096835.5786026,3433,412.4437561035156
1772096837.3243582,3434,410.00482177734375
1772096846.0102146,3435,415.93878173828125
1772096850.4296458,3436,414.39495849609375
1772096852.3918076,3437,414.6192626953125
1772096859.7620397,3438,414.2071533203125
1772096861.782704,3439,413.2305603027344
1772096865.6176262,3440,415.32421875
1772096868.8177319,3441,420.0760498046875
1772096881.6792572,3442,414.6642761230469
1772096881.8079956,3443,424.24127197265625
1772096881.9369075,3444,404.8352966308594
1772096886.942441,3445,414.731689453125
1772096887.085716,3446,421.3949279785156
1772096890.4140913,3447,413.22705078125
1772096890.5451415,3448,422.3820495605469
1772096898.619918,3449,412.9232482910156
1772096904.975546,3450,413.9550476074219
1772096909.4514608,3451,416.9256896972656
1772096914.0084085,3452,413.8866271972656
1772096914.2607026,3453,405.2928466796875
1772096918.0938385,3454,413.81475830078125
1772096920.3017318,3455,414.39208984375
1772096922.7166588,3456,414.6785888671875
1772096924.9813826,3457,412.7295227050781
1772096938.1262689,3458,414.5325622558594
1772096939.489179,3459,417.3225402832031
1772096949.8378491,3460,415.4610290527344
1772097134.92926,3461,414.2274475097656
1772097135.2512527,3462,419.14495849609375
1772097144.416641,3463,413.496826171875
1772097148.5022237,3464,415.6320495605469
1772097152.0435598,3465,413.5107116699219
1772097157.9458785,3466,413.5181579589844
1772097159.7445753,3467,414.88330078125
1772097168.313022,3468,414.52301025390625
1772097171.899928,3469,416.0816345214844
1772097173.566883,3470,418.5676574707031
1772097175.6971745,3471,412.7154541015625
1772097175.8258274,3472,425.6866760253906
1772097177.9770713,3473,414.7867431640625
1772097178.0981941,3474,434.2804260253906
1772097189.291457,3475,414.8392639160156
1772097191.105052,3476,414.5155029296875
1772097191.2271092,3477,399.8435363769531
1772097192.8288872,3478,414.2342224121094
1772097200.9490178,3479,417.6641845703125
1772097205.39274,3480,415.4330749511719
1772097216.73238,3481,416.88116455078125
1772097244.5674665,3482,416.99102783203125
1772097248.2758462,3483,418.96771240234375
1772097255.488202,3484,416.7579345703125
1772097259.2519896,3485,415.2364501953125
1772097261.5199,3486,414.18695068359375
1772097264.800704,3487,416.5830078125
1772097272.2934945,3488,417.7732238769531
1772097280.5324943,3489,414.89556884765625
1772097285.7509139,3490,415.3750305175781
1772097286.1742897,3491,414.6876220703125
1772097289.6057403,3492,416.7515563964844
1772097293.7799673,3493,415.59686279296875
1772097296.854432,3494,414.98822021484375
1772097303.2266715,3495,417.45941162109375
1772097304.8507679,3496,418.97015380859375
1772097306.2362707,3497,419.2846374511719
1772097308.321305,3498,411.785888671875
1772097311.621721,3499,416.3260498046875
1772097313.3629277,3500,418.1667175292969
1772097321.3595064,3501,417.8002624511719
1772097330.0361714,3502,414.75946044921875
1772097333.8397982,3503,416.4921875
1772097344.3486986,3504,416.7467041015625
1772097353.663082,3505,416.4322509765625
1772097357.7856963,3506,414.827392578125
1772097365.7116637,3507,417.4022521972656
1772097367.6761193,3508,418.0401306152344
1772097368.0574334,3509,413.64593505859375
1772097373.27856,3510,414.77374267578125
1772097373.4021363,3511,422.92236328125
1772097376.7947078,3512,415.1810302734375
1772097376.9542267,3513,410.7613220214844
1772097381.8084154,3514,417.25830078125
1772097388.510414,3515,417.94512939453125
1772097391.743209,3516,416.00030517578125
1772097398.9865258,3517,418.6930847167969
1772097405.4715734,3518,417.24371337890625
1772097405.915642,3519,418.7744445800781
1772097409.612131,3520,416.36566162109375
1772097415.0068634,3521,418.2462158203125
1772097423.404566,3522,416.88726806640625
1772097437.6265583,3523,419.0281066894531
1772097445.0108302,3524,416.4992370605469
1772097671.0839558,3525,418.19659423828125
1772097672.7862349,3526,421.57720947265625
1772097674.547273,3527,423.4606628417969
1772097687.7344859,3528,418.1346130371094
1772097687.8596158,3529,428.71026611328125
1772097696.3130481,3530,418.7270812988281
1772097696.5648494,3531,420.91021728515625
1772097696.690636,3532,428.3116149902344
1772097707.4246197,3533,419.464599609375
1772097726.719514,3534,420.76220703125
1772097729.0873644,3535,419.23345947265625
1772097729.2748733,3536,431.587158203125
1772097749.4135115,3537,418.8878479003906
1772097755.1685758,3538,420.6316223144531
1772097761.143438,3539,420.48931884765625
1772097767.3284905,3540,421.4174499511719
1772097769.3609238,3541,421.48126220703125
1772097778.6103146,3542,422.2762451171875
1772097786.706829,3543,421.6761779785156
1772097796.4397895,3544,422.04351806640625
1772097827.9570682,3545,421.9275817871094
1772097828.0848105,3546,432.44775390625
1772097848.9094245,3547,421.2273864746094
1772097852.5686882,3548,419.68121337890625
1772097858.1272898,3549,421.8406982421875
1772097858.7476687,3550,415.5305480957031
1772097860.6459029,3551,421.9671936035156
1772097862.2850065,3552,422.00299072265625
1772097862.9751022,3553,420.0931701660156
1772097874.460784,3554,420.3594055175781
1772097874.5823982,3555,436.3061218261719
1772097898.3622863,3556,422.2774658203125
1772097901.5847502,3557,422.9700927734375
1772097904.5176423,3558,416.0001525878906
1772097909.1753345,3559,421.2209167480469
1772097912.3362167,3560,422.45587158203125
1772097926.7484777,3561,421.0646667480469
1772097934.0684385,3562,423.3047180175781
1772097940.0184684,3563,422.5575256347656
1772097950.9400883,3564,423.5216979980469
1772097955.6231496,3565,422.6319580078125
1772097955.7630472,3566,424.3525390625
1772097995.0020616,1,-0.08014586567878723
1772097996.9461267,2,-0.14072713255882263
1772098012.7404342,3,-0.19301924109458923
1772098016.2421362,4,-0.3206897974014282
1772098026.7923682,5,-0.49120864272117615
1772098032.1592078,6,-0.6382039785385132
1772098046.4269733,7,-0.7941359281539917
1772098048.770125,8,-0.9664215445518494
1772098052.2367718,9,-1.0462230443954468
1772098077.0523062,10,-1.4287501573562622
1772098100.5356007,11,-1.2966132164001465
1772098102.5871177,12,-0.7705672979354858
1772098108.7096477,13,-0.7439092397689819
1772098109.0315769,14,-0.7854629158973694
1772098111.1946332,15,-0.7255992889404297
1772098111.6066036,16,-0.5245365500450134
1772098125.539481,17,-0.7087711095809937
1772098138.541981,18,-1.166505217552185
1772098142.637693,19,-1.5934964418411255
1772098144.5744724,20,-1.7035112380981445
1772098179.4837334,21,-1.6832760572433472
1772098198.816418,22,-1.8330425024032593
1772098230.4403877,23,-1.7455974817276
1772098230.9578066,24,-1.8601651191711426
1772098255.4907894,25,-2.2215754985809326
1772098283.1698318,26,-2.36806583404541
1772098291.4580388,27,-2.4248032569885254
1772098300.234074,28,-2.455914258956909
1772098303.7477686,29,-2.360914707183838
1772098304.5730877,30,-2.0713624954223633
1772098304.9555068,31,-2.3602962493896484
1772098323.642917,32,-2.3042447566986084
1772098334.5017283,33,-2.567575216293335
1772098447.4193184,34,-2.6730990409851074
1772098463.1628337,35,-2.951542377471924
1772098466.9061215,36,-2.9310414791107178
1772098475.1746092,37,-3.0183050632476807
1772098480.356106,38,-2.9578280448913574
1772098488.1371856,39,-3.189077377319336
1772098500.5438342,40,-3.1204593181610107
1772098523.0379176,41,-3.5490360260009766
1772098531.51262,42,-3.677110433578491
1772098539.2934318,43,-3.6052913665771484
1772098539.486479,44,-3.3939757347106934
1772098545.919321,45,-3.491615056991577
1772098552.4827805,46,-3.516871452331543
1772098560.1996324,47,-3.7288215160369873
1772098577.0248077,48,-4.03186559677124
1772098584.2360444,49,-4.131412982940674
1772098587.8710153,50,-4.193236827850342
1772098634.2350037,51,-4.619019985198975
1772098639.3675184,52,-4.831871509552002
1772098655.090347,53,-4.969986438751221
1772098665.4377427,54,-4.935510635375977
1772098671.4824812,55,-5.166558742523193
1772098683.0424542,56,-5.299400806427002
1772098683.7771587,57,-5.291030406951904
1772098688.8951228,58,-5.300247669219971
1772098694.5521436,59,-5.103248596191406
1772098699.9689145,60,-5.418882846832275
1772098706.7577012,61,-5.310206413269043
1772098709.8210645,62,-5.050651550292969
1772098720.7747393,63,-5.2612433433532715
1772098720.9010262,64,-4.979333400726318
1772098741.6927094,65,-5.4903035163879395
1772098782.4412937,66,-6.363266944885254
1772098999.1316247,67,-6.666287899017334
1772098999.261441,68,-4.7017340660095215
1772099008.3781316,69,-6.852071285247803
1772099010.6336913,70,-6.897532939910889
1772099012.2824206,71,-7.038662910461426
1772099012.4124901,72,-5.377820014953613
1772099012.799366,73,-7.295104026794434
1772099021.4978065,74,-6.732400417327881
1772099022.6873472,75,-7.026658058166504
1772099025.0826333,76,-6.645474433898926
1772099028.8767636,77,-6.777299404144287
1772099033.303738,78,-7.028531074523926
1772099045.025145,79,-6.978361129760742
1772099066.8549757,80,-7.1366400718688965
1772099067.941595,81,-7.473179817199707
1772099079.3398457,82,-7.2911248207092285
1772099082.6977594,83,-7.368667125701904
1772099086.4713333,84,-7.318270206451416
1772099089.2844975,85,-8.082338333129883
1772099097.072725,86,-7.262580871582031
1772099106.5579793,87,-7.671619892120361
1772099114.5190158,88,-7.520493030548096
1772099117.8669522,89,-7.649808406829834
1772099126.5264328,90,-7.84279203414917
1772099127.4050114,91,-7.806759834289551
1772099144.2371545,92,-7.987852573394775
1772099147.546143,93,-7.997690677642822
1772099147.6767168,94,-9.643475532531738
1772099150.946464,95,-8.232522964477539
1772099156.6476655,96,-8.070395469665527
1772099156.8332803,97,-8.952787399291992
1772099156.9556432,98,-8.459943771362305
1772099163.5936193,99,-8.104192733764648
1772099165.6600564,100,-8.096854209899902
1772099188.7625113,101,-8.313949584960938
1772099196.4348922,102,-8.50606918334961
1772099205.73789,103,-8.345602035522461
1772099220.4753933,104,-8.42679500579834
1772099227.6170673,105,-8.481266975402832
1772099230.7326014,106,-8.54793930053711
1772099231.3742583,107,-8.75628662109375
1772099242.8233294,108,-8.443113327026367
1772099243.893962,109,-8.988697052001953
1772099259.9451222,110,-8.69710636138916
1772099272.20565,111,-8.394329071044922
1772099277.240338,112,-8.859308242797852
1772099287.5647402,113,-8.956003189086914
1772099292.0056424,114,-8.594734191894531
1772099297.049266,115,-8.866211891174316
1772099301.8956215,116,-9.038294792175293
1772099308.1571302,117,-9.04331111907959
1772099540.5508943,118,-9.102997779846191
1772099548.7160478,119,-9.079339027404785
1772099551.3651037,120,-9.488656997680664
1772099565.1280763,121,-9.380683898925781
1772099581.3768523,122,-9.629653930664062
1772099590.1401556,123,-9.767602920532227
1772099600.7759414,124,-9.59380054473877
1772099621.5009131,125,-9.308137893676758
1772099622.610688,126,-9.984244346618652
1772099633.8458574,127,-9.500795364379883
1772099633.9794736,128,-10.67566967010498
1772099644.5574555,129,-9.695832252502441
1772099668.1545372,130,-9.841903686523438
1772099671.8181522,131,-9.782567977905273
1772099678.7919602,132,-10.26931095123291
1772099698.2921534,133,-10.144232749938965
1772099714.0206974,134,-10.246708869934082
1772099718.8662617,135,-10.378317832946777
1772099727.1315536,136,-10.607120513916016
1772099735.1873212,137,-10.412596702575684
1772099743.4501479,138,-10.541391372680664
1772099751.3732448,139,-10.331167221069336
1772099756.2004054,140,-10.396544456481934
1772099771.0084734,141,-10.606554985046387
1772099798.920111,142,-10.2635498046875
1772099802.3636422,143,-10.418769836425781
1772099820.2344463,144,-10.452726364135742
1772099835.5940666,145,-10.442952156066895
1772099841.2857893,146,-10.721415519714355
1772099864.0275528,147,-10.488771438598633
1772100110.9122791,148,-10.785215377807617
1772100116.043434,149,-10.520186424255371
1772100116.1646347,150,-13.427423477172852
1772100122.5025575,151,-10.908120155334473
1772100129.2387338,152,-10.932677268981934
1772100148.6022158,153,-10.919635772705078
1772100161.7229478,154,-11.1741361618042
1772100179.7514353,155,-11.030930519104004
1772100189.3865232,156,-11.396432876586914
1772100190.4737349,157,-11.560795783996582
1772100193.4763699,158,-11.763772010803223
1772100201.0924687,159,-11.311763763427734
1772100204.45148,160,-11.761723518371582
1772100215.1318471,161,-11.326048851013184
1772100226.787897,162,-11.041439056396484
1772100240.7901807,163,-10.880576133728027
1772100250.888853,164,-11.01870059967041
1772100253.4323509,165,-10.4063720703125
1772100256.546517,166,-11.232573509216309
1772100260.0405302,167,-10.998540878295898
1772100261.5483754,168,-10.435977935791016
1772100269.4181533,169,-11.202140808105469
1772100272.858675,170,-11.186161041259766
1772100276.1830494,171,-10.75475788116455
1772100291.3686411,172,-11.373310089111328
1772100302.3279543,173,-10.826675415039062
1772100302.455463,174,-10.632402420043945
1772100305.641211,175,-11.540345191955566
1772100306.9756339,176,-10.141397476196289
1772100320.1357598,177,-11.101496696472168
1772100326.5748332,178,-11.417131423950195
1772100332.1045024,179,-11.710640907287598
1772100350.2775874,180,-11.15994930267334
1772100361.8259897,181,-11.62941837310791
1772100367.1341753,182,-11.531862258911133
1772100391.3176196,183,-11.470306396484375
1772100396.3937693,184,-11.867192268371582
1772100554.0572243,185,-11.942208290100098
1772100566.0860054,186,-11.550264358520508
1772100566.426337,187,-11.922796249389648
1772100577.6961262,188,-11.311521530151367
1772100579.1080894,189,-11.079167366027832
1772100591.6662297,190,-11.109685897827148
1772100594.0614433,191,-11.436686515808105
1772100600.1856914,192,-11.325693130493164
1772100632.5145187,193,-11.515558242797852
1772100634.199413,194,-11.096033096313477
1772100640.6992493,195,-11.94530963897705
1772100644.1651819,196,-12.054055213928223
1772100645.629003,197,-11.848618507385254
1772100647.1628716,198,-12.486754417419434
1772100653.2519445,199,-11.95362663269043
1772100656.0105128,200,-12.145506858825684
1772100664.1869552,201,-12.112225532531738
1772100678.400929,202,-11.861037254333496
1772100686.8714428,203,-12.351130485534668
1772100688.2852135,204,-10.772002220153809
1772100689.8808916,205,-12.261956214904785
1772100690.8446598,206,-12.165752410888672
1772100694.6494274,207,-12.140832901000977
1772100712.2013173,208,-12.54721450805664
1772100718.39416,209,-12.197757720947266
1772100740.9048095,210,-12.606587409973145
1772100751.7830315,211,-12.60315990447998
1772100767.213135,212,-12.424790382385254
1772100771.3688815,213,-12.634697914123535
1772100778.5604818,214,-12.518538475036621
1772100788.0098872,215,-12.23411750793457
1772100795.8644223,216,-12.143983840942383
1772100795.993861,217,-14.517358779907227
1772100796.1221702,218,-14.588629722595215
1772100800.4487944,219,-12.483368873596191
1772100802.001391,220,-11.836320877075195
1772100809.1071355,221,-12.678558349609375
1772100830.9169128,222,-12.121033668518066
1772100838.7930138,223,-12.060757637023926
1772100839.0377712,224,-14.129758834838867
1772100839.8364382,225,-10.830132484436035
1772100859.4912703,226,-12.345040321350098
1772100862.683052,227,-12.080765724182129
1772100891.4893053,228,-12.273172378540039
1772101059.5640917,229,-12.362212181091309
1772101065.3823333,230,-12.580623626708984
1772101073.2101758,231,-12.452080726623535
1772101073.7592418,232,-13.176368713378906
1772101085.157034,233,-12.297459602355957
1772101089.6995149,234,-12.638612747192383
1772101091.8299837,235,-12.144181251525879
1772101101.1834757,236,-12.330462455749512
1772101106.600315,237,-12.398763656616211
1772101107.911878,238,-12.277935028076172
1772101113.0924766,239,-13.001572608947754
1772101118.002726,240,-12.19742488861084
1772101124.2794914,241,-12.63206672668457
1772101130.016618,242,-12.481446266174316
1772101137.304008,243,-12.194994926452637
1772101139.291417,244,-12.695082664489746
1772101185.3119411,245,-12.759318351745605
1772101188.9852014,246,-12.732208251953125
1772101195.3781557,247,-12.65676498413086
1772101204.965888,248,-12.726737976074219
1772101211.2275257,249,-12.974361419677734
1772101214.5575547,250,-13.011957168579102
1772101215.8738904,251,-13.481470108032227
1772101223.3182495,252,-13.394204139709473
1772101231.052167,253,-12.571321487426758
1772101236.9610953,254,-12.858259201049805
1772101239.2390623,255,-13.186270713806152
1772101239.3632169,256,-11.987338066101074
1772101239.7502007,257,-11.619237899780273
1772101250.8155143,258,-12.313450813293457
1772101253.658307,259,-12.934926986694336
1772101266.141979,260,-12.790177345275879
1772101270.3372731,261,-13.727121353149414
1772101271.653137,262,-12.562867164611816
1772101280.988475,263,-12.922856330871582
1772101282.6950843,264,-12.970857620239258
1772101283.3773103,265,-13.150036811828613
1772101287.7083464,266,-12.758445739746094
1772101296.2799208,267,-12.708051681518555
1772101305.958172,268,-13.019248008728027
1772101315.9601824,269,-12.897303581237793
1772101316.664175,270,-11.944644927978516
1772101320.2369766,271,-13.295543670654297
1772101323.383898,272,-12.573321342468262
1772101323.5130844,273,-15.590548515319824
1772101323.6464193,274,-15.417976379394531
1772101323.7735145,275,-13.276544570922852
1772101327.180155,276,-12.029871940612793
1772101347.5857549,277,-13.022560119628906
1772101497.2442946,278,-12.934205055236816
1772101500.256153,279,-12.710380554199219
1772101510.6849806,280,-12.946325302124023
1772101521.2926161,281,-13.056227684020996
1772101535.938976,282,-13.168256759643555
1772101548.6593428,283,-13.42468547821045
1772101557.3568332,284,-13.609004974365234
1772101560.7449949,285,-13.243514060974121
1772101561.4701402,286,-15.210408210754395
1772101571.1394658,287,-12.896777153015137
1772101588.0452487,288,-13.472325325012207
1772101607.938046,289,-13.056690216064453
1772101618.0255315,290,-13.552044868469238
1772101622.6011274,291,-12.629051208496094
1772101630.3756692,292,-13.122502326965332
1772101635.4308996,293,-13.270269393920898
1772101636.1200128,294,-13.709366798400879
1772101683.0383272,295,-13.24044132232666
1772101695.8730175,296,-13.652549743652344
1772101698.3311617,297,-13.471665382385254
1772101706.4879234,298,-13.457391738891602
1772101715.4308555,299,-13.94489860534668
1772101721.4800646,300,-14.098101615905762
1772101728.5075006,301,-13.546758651733398
1772101739.0030944,302,-14.24616813659668
1772101746.3979776,303,-13.788349151611328
1772101749.2206256,304,-14.133233070373535
1772101757.8341079,305,-14.25309944152832
1772101762.0146625,306,-13.917447090148926
1772101783.441817,307,-14.446633338928223
1772101890.461889,308,-14.646012306213379
1772101899.7235699,309,-14.483602523803711
1772101914.7011542,310,-14.732460975646973
1772101920.153984,311,-15.02586841583252
1772101964.3244233,312,-14.711342811584473
1772101973.5127363,313,-14.72159194946289
1772101976.1553044,314,-15.422407150268555
1772101978.1580744,315,-14.27932357788086
1772101985.2809587,316,-15.477395057678223
1772102004.3324432,317,-15.37100601196289
1772102004.4617448,318,-16.457706451416016
1772102048.902047,319,-15.629904747009277
1772102052.1662502,320,-16.123945236206055
1772102053.291684,321,-16.147014617919922
1772102064.994331,322,-15.953792572021484
1772102068.5552013,323,-15.52651309967041
1772102088.7924924,324,-16.099262237548828
1772102104.823345,325,-15.844300270080566
1772102112.1401381,326,-15.271268844604492
1772102125.787152,327,-15.863295555114746
1772102138.5628192,328,-15.7394380569458
1772102155.8308659,329,-15.614811897277832
1772102157.858095,330,-15.655675888061523
1772102170.18578,331,-15.357495307922363
1772102173.744491,332,-15.902262687683105
1772102174.525241,333,-15.672065734863281
1772102182.3399246,334,-15.44580364227295
1772102202.08536,335,-15.703998565673828
1772102353.9282892,336,-15.168764114379883
1772102357.3396416,337,-15.279227256774902
1772102357.4675493,338,-12.801791191101074
1772102387.6125908,339,-16.525358200073242
1772102404.699425,340,-16.62245750427246
1772102413.2265692,341,-16.794540405273438
1772102418.548304,342,-16.274747848510742
1772102431.659893,343,-16.872419357299805
1772102438.4763172,344,-16.957721710205078
1772102440.1200757,345,-17.44228172302246
1772102440.2500734,346,-16.253877639770508
1772102440.3768392,347,-13.363139152526855
1772102443.640266,348,-16.66050910949707
1772102447.5771523,349,-16.67238998413086
1772102464.2371097,350,-16.972373962402344
1772102495.843368,351,-16.93505859375
1772102528.5761569,352,-17.272796630859375
1772102534.7910995,353,-17.50633430480957
1772102538.8255455,354,-16.800439834594727
1772102577.9913926,355,-17.66707992553711
1772102581.969007,356,-17.785337448120117
1772102588.3172019,357,-17.898372650146484
1772102591.00939,358,-18.354230880737305
1772102597.9205463,359,-17.445789337158203
1772102605.1172197,360,-18.328832626342773
1772102610.87937,361,-17.205116271972656
1772102615.596564,362,-17.56254005432129
1772102620.670771,363,-18.387720108032227
1772102620.7954066,364,-18.157663345336914
1772102621.0507774,365,-20.39957046508789
1772102621.17732,366,-15.81735897064209
1772102621.3049276,367,-14.881855964660645
1772102629.914558,368,-18.086132049560547
1772102630.042772,369,-18.730199813842773
1772102640.6958554,370,-18.232316970825195
1772102646.691401,371,-18.6875
1772102649.9537213,372,-18.505781173706055
1772102653.1875088,373,-18.555850982666016
1772102656.9286108,374,-18.303712844848633
1772102664.9831223,375,-18.400590896606445
1772102786.2473154,376,-18.955062866210938
1772102810.2437449,377,-19.004167556762695
1772102816.0231414,378,-19.395587921142578
1772102816.1545577,379,-21.13348960876465
1772102827.516338,380,-19.096755981445312
1772102831.037994,381,-18.802724838256836
1772102834.331624,382,-19.381275177001953
1772102853.8193045,383,-19.520519256591797
1772102857.0488424,384,-19.664331436157227
1772102867.4003608,385,-19.050220489501953
1772102872.20919,386,-19.26081085205078
1772102890.411813,387,-19.382186889648438
1772102903.5007155,388,-19.40001678466797
1772102908.9195263,389,-19.51938247680664
1772102912.0107107,390,-20.33782196044922
1772102931.671346,391,-20.11988639831543
1772102963.3841882,392,-20.048267364501953
1772102970.1243038,393,-20.403274536132812
1772102973.3870673,394,-20.19709014892578
1772102983.0517735,395,-20.17438316345215
1772102990.2105045,396,-21.140811920166016
1772102996.6455305,397,-20.452613830566406
1772103028.7069623,398,-20.37185287475586
1772103058.6518023,399,-20.83859634399414
1772103069.5665488,400,-20.98595428466797
1772103082.3757398,401,-21.311763763427734
1772103096.9545424,402,-21.12542724609375
1772103108.7155147,403,-21.52478790283203
1772103260.8423066,404,-21.55880355834961
1772103269.322724,405,-21.57331657409668
1772103285.4762547,406,-21.64080238342285
1772103290.787635,407,-21.961179733276367
1772103291.0730636,408,-18.183799743652344
1772103291.8889623,409,-21.66921043395996
1772103298.2683232,410,-21.739734649658203
1772103315.4551582,411,-21.282712936401367
1772103321.303772,412,-21.267820358276367
1772103331.7573195,413,-22.105472564697266
1772103336.543984,414,-21.655866622924805
1772103339.0629234,415,-21.797895431518555
1772103339.327697,416,-24.215253829956055
1772103340.838292,417,-22.18175506591797
1772103342.2110002,418,-20.492361068725586
1772103349.8617864,419,-22.43412208557129
1772103358.62457,420,-21.74448585510254
1772103361.0156636,421,-21.62962532043457
1772103363.405755,422,-21.97193145751953
1772103363.5462725,423,-23.554340362548828
1772103373.2775273,424,-22.0509033203125
1772103378.4036605,425,-22.523738861083984
1772103379.9040658,426,-21.6250057220459
1772103386.2570832,427,-22.48832130432129
1772103390.6550415,428,-23.0054988861084
1772103424.9857771,429,-22.847068786621094
1772103429.1197631,430,-23.166522979736328
1772103436.7037048,431,-23.053071975708008
1772103437.1610267,432,-25.228487014770508
1772103441.7449505,433,-23.80269432067871
1772103444.6663592,434,-23.05361557006836
1772103447.620371,435,-24.372900009155273
1772103451.4616241,436,-23.320022583007812
1772103460.0428882,437,-23.79734992980957
1772103491.4544892,438,-23.570878982543945
1772103491.71223,439,-24.823627471923828
1772103498.1864533,440,-24.16763687133789
1772103521.347246,441,-24.303606033325195
1772103555.6250644,442,-24.917640686035156
1772103573.3420439,443,-25.078214645385742
1772103692.4205716,444,-25.183361053466797
1772103724.963517,445,-25.400392532348633
1772103746.1457915,446,-25.858627319335938
1772103754.1220098,447,-26.460472106933594
1772103756.679883,448,-26.373292922973633
1772103761.7219675,449,-25.834348678588867
1772103784.6158388,450,-26.367137908935547
1772103793.9524646,451,-26.522708892822266
1772103798.7961292,452,-26.847761154174805
1772103803.564256,453,-26.14573860168457
1772103824.6372285,454,-26.335058212280273
1772103828.1042035,455,-26.743877410888672
1772103834.2012405,456,-26.80156898498535
1772103846.5676162,457,-27.43720817565918
1772103849.149203,458,-27.652746200561523
1772103851.7180498,459,-27.33224105834961
1772103866.5135794,460,-27.419628143310547
1772103866.7855499,461,-28.422489166259766
1772103874.4171822,462,-27.35354232788086
1772103884.739952,463,-27.6060733795166
1772103907.5896745,464,-27.778995513916016
1772103907.7164147,465,-27.649179458618164
1772103911.1629257,466,-27.773849487304688
1772103931.001603,467,-28.118915557861328
1772103953.2876046,468,-28.563695907592773
1772103956.9063883,469,-28.906381607055664
1772103970.043264,470,-28.841405868530273
1772103979.619377,471,-28.707616806030273
1772103986.8803604,472,-28.952678680419922
1772103993.3181195,473,-29.18177604675293
1772104006.5023553,474,-29.181245803833008
1772104170.0400057,475,-29.439777374267578
1772104181.839104,476,-29.76011848449707
1772104185.278443,477,-30.16402244567871
1772104191.3402836,478,-29.88633155822754
1772104196.4834507,479,-30.122495651245117
1772104203.0140183,480,-29.547210693359375
1772104215.432755,481,-30.20309829711914
1772104224.5801103,482,-30.49299430847168
1772104237.059089,483,-30.488452911376953
1772104246.0912926,484,-30.707242965698242
1772104258.6226356,485,-30.49101448059082
1772104265.4178593,486,-30.530227661132812
1772104266.5530853,487,-29.857070922851562
1772104311.422388,488,-31.21124839782715
1772104314.7049904,489,-31.30581283569336
1772104319.1144934,490,-31.83450698852539
1772104330.2675307,491,-31.85609245300293
1772104337.3804765,492,-32.25484085083008
1772104341.4492614,493,-31.753273010253906
1772104350.82647,494,-31.86117172241211
1772104365.9127104,495,-32.28738784790039
1772104409.1469135,496,-32.247467041015625
1772104439.9310114,497,-32.82396697998047
1772104443.0370688,498,-34.126102447509766
1772104458.2142906,499,-33.065818786621094
1772104477.867785,500,-33.290245056152344
1772104571.0438602,501,-33.123931884765625
1772104580.313357,502,-33.06180953979492
1772104586.6556325,503,-33.593772888183594
1772104592.0405037,504,-34.06957244873047
1772104596.352511,505,-33.7105827331543
1772104597.4156346,506,-33.499324798583984
1772104604.6828346,507,-33.07566833496094
1772104607.6863997,508,-33.373695373535156
1772104625.9856594,509,-34.49619674682617
1772104626.3142521,510,-33.96812438964844
1772104643.3536987,511,-34.243560791015625
1772104656.605723,512,-34.537322998046875
1772104656.7335114,513,-32.487911224365234
1772104666.0205863,514,-34.335472106933594
1772104669.810136,515,-34.95268249511719
1772104693.3538306,516,-34.89571762084961
1772104693.8731222,517,-34.43667984008789
1772104694.0656447,518,-33.508216857910156
1772104710.4681673,519,-35.221405029296875
1772104720.9703507,520,-35.095603942871094
1772104741.1808078,521,-35.65873336791992
1772104752.8919995,522,-35.267120361328125
1772104762.6194315,523,-35.601593017578125
1772104771.399254,524,-35.70918655395508
1772104792.159584,525,-35.86575698852539
1772104827.2892826,526,-36.41473388671875
1772104829.5796375,527,-36.352970123291016
1772104829.7253363,528,-38.97835922241211
1772104834.9124906,529,-36.42552185058594
1772104842.1209276,530,-35.740699768066406
1772104849.1497061,531,-37.2706184387207
1772104857.4899392,532,-36.76736068725586
1772104863.9508607,533,-36.684547424316406
1772104864.0939193,534,-42.177669525146484
1772104864.2208242,535,-39.052574157714844
1772104871.4248037,536,-36.1065788269043
1772104872.3778677,537,-36.1042366027832
1772104888.6508963,538,-36.91740036010742
1772104895.5534918,539,-37.27465057373047
1772105037.5367281,540,-36.918251037597656
1772105044.741563,541,-36.93210983276367
1772105046.2452116,542,-37.017189025878906
1772105051.5873823,543,-37.243896484375
1772105055.3410635,544,-37.41502380371094
1772105056.3641524,545,-38.16720962524414
1772105056.6147077,546,-36.7185173034668
1772105075.2312453,547,-37.02426528930664
1772105075.9177756,548,-37.98883056640625
1772105076.061647,549,-39.41337203979492
1772105078.7606273,550,-37.090911865234375
1772105093.6864169,551,-37.90087890625
1772105097.1247902,552,-37.56130599975586
1772105101.992039,553,-37.53040313720703
1772105104.7045176,554,-38.94099044799805
1772105115.7862186,555,-38.16746139526367
1772105118.8119414,556,-38.592735290527344
1772105125.9893167,557,-38.01235580444336
1772105127.895273,558,-38.08124542236328
1772105134.2998905,559,-38.66170883178711
1772105139.8132691,560,-37.93461608886719
1772105147.325473,561,-38.0103759765625
1772105148.5483541,562,-38.55219268798828
1772105154.2770855,563,-37.715599060058594
1772105159.4231138,564,-38.450496673583984
1772105159.550414,565,-32.735504150390625
1772105161.339068,566,-39.527191162109375
1772105165.469708,567,-38.40034103393555
1772105169.1828792,568,-38.720741271972656
1772105172.3814516,569,-37.70516586303711
1772105172.7860253,570,-37.34808349609375
1772105175.5013585,571,-37.361236572265625
1772105181.015763,572,-38.39957809448242
1772105192.4346986,573,-38.3096809387207
1772105199.2925105,574,-38.62570571899414
1772105205.1639073,575,-38.92195510864258
1772105208.2979531,576,-38.149879455566406
1772105213.3738754,577,-38.708351135253906
1772105220.2297432,578,-37.96368408203125
1772105230.4508457,579,-38.122249603271484
1772105231.1162815,580,-36.412330627441406
1772105244.5094318,581,-39.290287017822266
1772105246.4277165,582,-39.445884704589844
1772105247.813457,583,-37.90407943725586
1772105255.2085006,584,-39.08633804321289
1772105257.7411015,585,-39.71472930908203
1772105263.0201848,586,-39.225093841552734
1772105263.1469214,587,-34.6100959777832
1772105274.7839677,588,-39.45612716674805
1772105280.4539003,589,-39.17815017700195
1772105285.2841032,590,-39.774658203125
1772105286.8545089,591,-40.04220962524414
1772105290.2723553,592,-39.68154525756836
1772105297.5449262,593,-39.43659973144531
1772105300.2040985,594,-41.30906677246094
1772105311.1026921,595,-39.96894454956055
1772105317.196502,596,-40.33984375
1772105317.325193,597,-37.28610610961914
1772105327.7059743,598,-39.86629867553711
1772105355.0019624,599,-40.30451583862305
1772105361.579304,600,-39.99090576171875
1772105373.9561436,601,-40.39590072631836
1772105380.1780453,602,-40.268184661865234
1772105515.4983976,603,-39.71562576293945
1772105520.6791615,604,-41.024993896484375
1772105528.7987628,605,-40.35493850708008
1772105535.5119927,606,-40.34441375732422
1772105539.970322,607,-41.20012664794922
1772105544.6426191,608,-40.37921905517578
1772105546.2823691,609,-40.42796325683594
1772105561.6075904,610,-41.37091064453125
1772105576.6084921,611,-40.70476150512695
1772105620.1903858,612,-41.629825592041016
1772105627.4105127,613,-42.35612487792969
1772105627.6112883,614,-43.291343688964844
1772105635.6274767,615,-42.163787841796875
1772105637.050366,616,-42.60719299316406
1772105641.0875041,617,-43.02433776855469
1772105649.2850728,618,-42.32997512817383
1772105665.3532903,619,-42.00995635986328
1772105684.3776052,620,-42.36326599121094
1772105684.5154648,621,-36.2387809753418
1772105724.5871067,622,-43.460330963134766
1772105750.5477822,623,-43.58196258544922
1772105757.2726107,624,-43.036258697509766
1772105776.4284878,625,-43.08845138549805
1772105780.0967367,626,-43.93906784057617
1772105780.2242954,627,-44.34965133666992
1772105787.6906953,628,-44.30961990356445
1772105822.346098,629,-43.69662857055664
1772105840.0053914,630,-43.75788497924805
1772105846.859304,631,-44.217041015625
1772105859.017806,632,-43.87562942504883
1772105992.1142068,633,-43.610565185546875
1772105998.5551443,634,-43.67967987060547
1772106033.756538,635,-44.6646614074707
1772106039.9099758,636,-43.98241424560547
1772106040.03805,637,-49.031734466552734
1772106059.6980643,638,-45.06074905395508
1772106068.3241735,639,-45.598602294921875
1772106082.9299617,640,-44.84110641479492
1772106112.3622396,641,-45.049556732177734
1772106162.322128,642,-45.702327728271484
1772106173.1772704,643,-46.1287727355957
1772106182.6585448,644,-46.51045608520508
1772106188.2428334,645,-46.66239547729492
1772106192.9548454,646,-46.6488151550293
1772106196.1472278,647,-46.14699935913086
1772106214.9829438,648,-46.368648529052734
1772106220.7393532,649,-45.920509338378906
1772106225.2570517,650,-46.94919204711914
1772106246.3680599,651,-47.03840255737305
1772106263.6286566,652,-46.57372283935547
1772106274.2118604,653,-46.5166015625
1772106278.408877,654,-46.74797058105469
1772106278.5941668,655,-47.507328033447266
1772106279.0583742,656,-44.80713653564453
1772106284.238649,657,-47.081722259521484
1772106290.8102314,658,-47.22404479980469
1772106304.1065516,659,-46.59782409667969
1772106304.2338266,660,-39.267860412597656
1772106316.1641796,661,-46.8409423828125
1772106323.4305604,662,-46.92039489746094
1772106330.1507137,663,-47.151092529296875
1772106531.300624,664,-47.60003662109375
1772106533.9926574,665,-47.403663635253906
1772106537.8175795,666,-48.19428634643555
1772106539.0587404,667,-47.460487365722656
1772106547.6628816,668,-48.3378791809082
1772106550.0521128,669,-48.49306869506836
1772106553.6118977,670,-47.09535598754883
1772106565.4192662,671,-47.4921989440918
1772106571.930294,672,-47.88766860961914
1772106578.4636524,673,-48.84307098388672
1772106599.263744,674,-47.97779083251953
1772106609.617765,675,-47.803714752197266
1772106616.4256966,676,-47.4786262512207
1772106617.0923436,677,-48.291072845458984
1772106620.3158062,678,-48.473751068115234
1772106620.4455025,679,-52.45112228393555
1772106640.8410585,680,-48.290130615234375
1772106643.6863136,681,-48.57406234741211
1772106652.21522,682,-48.303924560546875
1772106663.786255,683,-48.60822677612305
1772106677.9025815,684,-48.352481842041016
1772106683.0111122,685,-48.309417724609375
1772106691.0367608,686,-48.4264030456543
1772106702.2438252,687,-48.67584991455078
1772106702.3714304,688,-50.172035217285156
1772106705.4410596,689,-49.34207534790039
1772106708.83372,690,-48.46763229370117
1772106734.1401656,691,-49.12944030761719
1772106752.697377,692,-49.065128326416016
1772106762.5683584,693,-48.620845794677734
1772106774.5021386,694,-48.94929122924805
1772106784.5623178,695,-49.57707977294922
1772106799.237479,696,-49.5859489440918
1772106805.1201696,697,-49.28611373901367
1772106815.6252322,698,-49.498779296875
1772106828.583198,699,-49.701847076416016
1772106834.716881,700,-49.926456451416016
1772106836.8897486,701,-49.72012710571289
1772106843.0791802,702,-50.131778717041016
1772106849.0825024,703,-50.173988342285156
1772106973.3206058,704,-46.295570373535156
1772106990.5343127,705,-50.333396911621094
1772106990.7225096,706,-54.49089431762695
1772106997.6197574,707,-49.997676849365234
1772107004.5067635,708,-50.63523864746094
1772107008.1108332,709,-50.46670913696289
1772107032.6110868,710,-50.96650314331055
1772107032.868342,711,-51.56050109863281
1772107036.301267,712,-49.47598648071289
1772107037.550751,713,-50.979888916015625
1772107048.9864194,714,-50.142330169677734
1772107068.082926,715,-50.924720764160156
1772107074.4621851,716,-51.422515869140625
1772107085.3758,717,-51.00920486450195
1772107099.3544636,718,-51.372318267822266
1772107105.3781488,719,-51.38916778564453
1772107109.5868306,720,-51.71434020996094
1772107113.1872857,721,-51.50235366821289
1772107119.8049753,722,-51.315670013427734
1772107124.1826499,723,-51.80986404418945
1772107125.2975621,724,-51.012699127197266
1772107144.2239218,725,-51.30772018432617
1772107147.8805704,726,-51.52263259887695
1772107148.573995,727,-54.54073715209961
1772107184.6669123,728,-51.735084533691406
1772107188.2330055,729,-52.763729095458984
1772107199.4107842,730,-52.001583099365234
1772107206.3062594,731,-53.02706527709961
1772107225.9877932,732,-52.826438903808594
1772107231.225676,733,-52.22681427001953
1772107238.7767746,734,-51.92122268676758
1772107249.1346934,735,-53.07948303222656
1772107261.374609,736,-52.27632522583008
1772107283.582833,737,-52.21824645996094
1772107283.7126331,738,-55.10400390625
1772107283.841659,739,-53.9444465637207
1772107286.4974067,740,-52.43443298339844
1772107291.570869,741,-52.76334762573242
1772107303.6833906,742,-52.7632942199707
1772107326.2669039,743,-52.8751220703125
1772107394.4303937,744,-56.32881546020508
1772107403.0017643,745,-52.122222900390625
1772107405.8195963,746,-53.448585510253906
1772107421.523457,747,-52.671695709228516
1772107424.7869265,748,-53.340911865234375
1772107425.3391318,749,-51.22426986694336
1772107443.8387847,750,-53.18326187133789
1772107464.7791615,751,-52.75849533081055
1772107478.7340603,752,-53.16758728027344
1772107482.518886,753,-52.79503631591797
1772107507.2414238,754,-53.135990142822266
1772107511.906939,755,-53.292396545410156
1772107515.4580362,756,-53.35493469238281
1772107519.873482,757,-53.33580017089844
1772107523.437722,758,-52.865318298339844
1772107527.0689292,759,-53.47940444946289
1772107530.9178889,760,-53.1807746887207
1772107547.56072,761,-53.043827056884766
1772107566.8453197,762,-53.28086853027344
1772107569.1644354,763,-54.21929168701172
1772107574.7612429,764,-53.71601867675781
1772107578.0203075,765,-53.63826370239258
1772107582.0976045,766,-53.374263763427734
1772107594.0491483,767,-53.24168395996094
1772107595.934742,768,-53.74273681640625
1772107605.7033498,769,-53.19675827026367
1772107607.5466523,770,-55.652679443359375
1772107610.9068968,771,-53.11213302612305
1772107611.0404665,772,-54.661781311035156
1772107623.24315,773,-53.91105270385742
1772107623.9501925,774,-53.45564270019531
1772107638.7595408,775,-53.90665817260742
1772107646.9534776,776,-53.797462463378906
1772107659.0798874,777,-53.6368293762207
1772107667.3055122,778,-54.86454391479492
1772107671.704191,779,-53.9129524230957
1772107676.1324584,780,-54.847511291503906
1772107692.2866695,781,-54.07401657104492
1772107692.4155467,782,-58.859962463378906
1772107700.5270288,783,-54.69791793823242
1772107715.90095,784,-54.2270393371582
1772107746.7004547,785,-54.743858337402344
1772107917.4130185,786,-54.55229949951172
1772107921.8197014,787,-54.99779510498047
1772107940.2278564,788,-54.97847366333008
1772107967.693244,789,-54.71807861328125
1772107967.8313906,790,-55.95595932006836
1772107975.6010406,791,-55.39208984375
1772107989.9027297,792,-55.11802673339844
1772108009.955055,793,-54.9254035949707
1772108015.227612,794,-54.58707809448242
1772108024.7331648,795,-54.3129768371582
1772108029.7049646,796,-55.52959442138672
1772108041.7203786,797,-55.042320251464844
1772108055.619972,798,-54.64369201660156
1772108107.7190456,799,-55.167545318603516
1772108114.9423237,800,-54.852813720703125
1772108119.0160596,801,-55.819061279296875
1772108128.2972276,802,-54.4947395324707
1772108131.1030264,803,-56.54328155517578
1772108182.0731182,804,-54.764278411865234
1772108184.6813571,805,-53.95659255981445
1772108190.17328,806,-54.50732421875
1772108194.0424733,807,-54.27295684814453
1772108198.7936413,808,-53.645267486572266
1772108207.2290487,809,-54.58436584472656
1772108219.222721,810,-54.84661102294922
1772108222.5561297,811,-54.768619537353516
1772108232.842037,812,-54.81589126586914
1772108402.1851413,813,-55.592559814453125
1772108409.869511,814,-55.1639404296875
1772108433.0473418,815,-55.25276184082031
1772108442.809201,816,-54.76223373413086
1772108454.2192912,817,-55.062767028808594
1772108456.3010085,818,-55.15303039550781
1772108456.8915713,819,-57.47990798950195
1772108465.701917,820,-55.40867614746094
1772108477.083301,821,-55.00697708129883
1772108498.3636057,822,-54.95163345336914
1772108498.4959805,823,-55.492645263671875
1772108504.8391573,824,-54.779029846191406
1772108518.529782,825,-54.51528549194336
1772108522.0772278,826,-54.50522232055664
1772108540.899608,827,-55.01628875732422
1772108556.3201473,828,-54.377140045166016
1772108556.451427,829,-60.071468353271484
1772108571.2260268,830,-54.52509307861328
1772108574.6976,831,-54.56956481933594
1772108575.658393,832,-53.1601448059082
1772108575.9087427,833,-53.72002029418945
1772108591.6240184,834,-54.77100372314453
1772108596.2245302,835,-53.76176452636719
1772108607.1616213,836,-54.82969665527344
1772108615.6276658,837,-54.99372863769531
1772108619.2285128,838,-54.18739318847656
1772108640.052517,839,-54.73362350463867
1772108646.6936934,840,-55.11643981933594
1772108686.944838,841,-54.92301559448242
1772108718.694157,842,-54.35770034790039
1772108721.715237,843,-53.862125396728516
1772108731.4566033,844,-55.10017776489258
1772108736.996541,845,-54.70192337036133
1772108773.6208303,846,-54.33720397949219
1772108974.2471068,847,-55.438697814941406
1772108978.9770093,848,-53.85367202758789
1772108979.8248866,849,-54.41965866088867
1772108979.9668307,850,-47.54612350463867
1772108989.803041,851,-55.22560119628906
1772108991.9043941,852,-54.98782730102539
1772109001.366455,853,-54.41679000854492
1772109001.5030613,854,-52.101226806640625
1772109002.31802,855,-53.103206634521484
1772109015.1792119,856,-54.86000442504883
1772109019.4187818,857,-54.30863571166992
1772109023.6421778,858,-54.940948486328125
1772109032.0927398,859,-53.67066955566406
1772109032.567763,860,-51.834171295166016
1772109032.7031596,861,-50.5859489440918
1772109054.481597,862,-54.274391174316406
1772109061.7623243,863,-54.35894012451172
1772109063.6781561,864,-53.04256820678711
1772109064.2884533,865,-54.724334716796875
1772109071.8862057,866,-54.286258697509766
1772109075.0103385,867,-53.844879150390625
1772109087.8443594,868,-53.554134368896484
1772109091.4215217,869,-54.023067474365234
1772109097.242292,870,-54.60914993286133
1772109103.910987,871,-53.8687858581543
1772109110.651007,872,-53.95408248901367
1772109115.083252,873,-53.97632598876953
1772109119.61428,874,-53.60858154296875
1772109134.8163311,875,-53.67881393432617
1772109134.9427586,876,-49.352081298828125
1772109143.4382117,877,-53.06334686279297
1772109144.1565692,878,-53.30770492553711
1772109144.9019768,879,-51.026641845703125
1772109148.6974058,880,-53.70100021362305
1772109180.997735,881,-53.81744384765625
1772109189.2131727,882,-53.96551513671875
1772109195.9053316,883,-53.53129959106445
1772109198.6228669,884,-54.165016174316406
1772109201.5344942,885,-54.283851623535156
1772109214.7264762,886,-54.508033752441406
1772109215.943192,887,-54.076961517333984
1772109218.2074742,888,-54.109642028808594
1772109218.3395548,889,-49.31242370605469
1772109219.5119116,890,-55.793819427490234
1772109244.2262506,891,-53.43434143066406
1772109252.8384535,892,-55.098236083984375
1772109259.561949,893,-53.91854476928711
1772109266.8756132,894,-53.45063400268555
1772109279.2045784,895,-53.8164176940918
1772109371.7359118,896,-52.53327941894531
1772109377.3301756,897,-53.58951950073242
1772109390.8187592,898,-53.73738479614258
1772109404.7795842,899,-52.82670974731445
1772109417.1908102,900,-54.01373291015625
1772109425.2092657,901,-53.97903823852539
1772109425.3419766,902,-55.67568588256836
1772109432.3188317,903,-53.26655578613281
1772109440.154933,904,-53.34857177734375
1772109450.9737587,905,-53.664642333984375
1772109474.6756237,906,-53.02934265136719
1772109517.6746368,907,-52.713069915771484
1772109534.2807794,908,-53.24107360839844
1772109537.8615322,909,-53.80862808227539
1772109543.3741562,910,-53.11958694458008
1772109588.5670664,911,-52.83208465576172
1772109594.0027452,912,-52.58817672729492
1772109598.8772824,913,-51.9742546081543
1772109605.1387687,914,-52.64479064941406
1772109616.561524,915,-52.241180419921875
1772109621.8494496,916,-52.622581481933594
1772109622.181828,917,-56.05422592163086
1772109624.8891447,918,-53.65928268432617
1772109631.8706112,919,-53.31393051147461
1772109651.2953682,920,-52.79545974731445
1772109651.4237053,921,-47.66852569580078
1772109651.5478265,922,-51.14828109741211
1772109655.5321302,923,-52.132869720458984
1772109658.043208,924,-52.86957931518555
1772109664.9820962,925,-52.15485763549805
1772109671.7862978,926,-53.2193603515625
1772109674.8745587,927,-53.45976257324219
1772109679.8061585,928,-53.04092788696289
1772109681.6634505,929,-54.383811950683594
1772109691.3659635,930,-53.61732864379883
1772109723.8903468,931,-52.35071563720703
1772109868.0660377,932,-52.367366790771484
1772109880.2263556,933,-53.01438522338867
1772109893.8915477,934,-52.07999038696289
1772109897.4055,935,-51.27199935913086
1772109913.0258427,936,-52.44363784790039
1772109936.050519,937,-52.090362548828125
1772109942.4949684,938,-52.40909194946289
1772109958.2802498,939,-52.59034729003906
1772109971.6709733,940,-53.22374725341797
1772109979.597439,941,-51.96377944946289
1772109984.6204138,942,-52.49427795410156
1772109984.748847,943,-61.0946044921875
1772109993.714937,944,-52.58970642089844
1772110012.3274012,945,-52.347511291503906
1772110019.1344852,946,-52.893348693847656
1772110060.870417,947,-52.284019470214844
1772110080.9999886,948,-52.30740737915039
1772110096.9864378,949,-51.7233772277832
1772110100.6130996,950,-52.02312469482422
1772110126.9185536,951,-52.07578659057617
1772110142.5873728,952,-51.767578125
1772110146.1906314,953,-51.160850524902344
1772110157.3446407,954,-52.65211868286133
1772110336.16048,955,-52.20869064331055
1772110366.1071446,956,-51.863101959228516
1772110366.238003,957,-56.38933181762695
1772110368.1204708,958,-51.33704376220703
1772110375.4265532,959,-51.458251953125
1772110381.149921,960,-50.64104080200195
1772110382.3089495,961,-52.435462951660156
1772110386.1067739,962,-51.57155227661133
1772110393.0837474,963,-53.07439422607422
1772110403.363054,964,-50.992767333984375
1772110410.2021766,965,-51.68346405029297
1772110435.2101967,966,-51.55970001220703
1772110439.5500588,967,-51.88682174682617
1772110439.6809902,968,-56.0602912902832
1772110439.810002,969,-54.735145568847656
1772110444.1604297,970,-51.959556579589844
1772110447.4855022,971,-51.916446685791016
1772110453.6038144,972,-50.907135009765625
1772110455.4892447,973,-52.26580047607422
1772110462.1894536,974,-52.388309478759766
1772110475.9855232,975,-51.417320251464844
1772110502.6914194,976,-51.714481353759766
1772110505.933804,977,-52.14446258544922
1772110506.0593479,978,-51.26030349731445
1772110509.4066765,979,-51.7347526550293
1772110510.2670946,980,-52.479461669921875
1772110514.723966,981,-52.222225189208984
1772110521.80533,982,-51.722434997558594
1772110522.3634377,983,-52.114158630371094
1772110526.539666,984,-51.8314094543457
1772110541.9466465,985,-52.2618408203125
1772110542.0776615,986,-48.04301071166992
1772110559.1411843,987,-51.610069274902344
1772110561.0000083,988,-52.04383087158203
1772110566.464548,989,-52.42839813232422
1772110570.5111332,990,-51.558441162109375
1772110573.9121058,991,-51.19851303100586
1772110590.093418,992,-51.530845642089844
1772110592.097482,993,-53.024139404296875
1772110599.3459234,994,-51.090885162353516
1772110609.3551316,995,-51.17584228515625
1772110622.1393743,996,-51.07124710083008
1772110625.595159,997,-50.67854690551758
1772110642.0274165,998,-51.151180267333984
1772110648.5398924,999,-51.6684684753418
1772110661.9482207,1000,-51.26927947998047
1772110790.8563488,1001,-51.00238037109375
1772110797.3710763,1002,-51.69330596923828
1772110802.2055948,1003,-52.07987976074219
1772110802.3373435,1004,-51.40190505981445
1772110815.1484346,1005,-51.443695068359375
1772110817.170559,1006,-52.07016372680664
1772110831.6607978,1007,-51.511383056640625
1772110835.793308,1008,-50.678958892822266
1772110837.5344841,1009,-52.64415740966797
1772110842.284654,1010,-50.665489196777344
1772110847.556599,1011,-51.18068313598633
1772110864.891142,1012,-51.023681640625
1772110867.5497794,1013,-51.13991928100586
1772110896.5984712,1014,-50.48240280151367
1772110900.0315325,1015,-50.78601837158203
1772110901.2456434,1016,-51.75986099243164
1772110901.3722708,1017,-47.78752517700195
1772110901.5002818,1018,-48.44599151611328
1772110903.575612,1019,-51.43806076049805
1772110931.2958746,1020,-50.716552734375
1772110936.5842805,1021,-51.184654235839844
1772110943.0149527,1022,-50.20806121826172
1772110946.6581347,1023,-51.579803466796875
1772110955.4366155,1024,-51.16969680786133
1772110966.301877,1025,-50.521759033203125
1772110971.822067,1026,-49.969520568847656
1772110979.5592666,1027,-49.7381477355957
1772110979.690418,1028,-53.686256408691406
1772110982.4931936,1029,-50.96390914916992
1772110989.864764,1030,-50.391685485839844
1772111001.1306107,1031,-50.634456634521484
1772111012.8638215,1032,-50.12269592285156
1772111020.3621643,1033,-50.48106002807617
1772111020.4919374,1034,-56.98041915893555
1772111032.2697022,1035,-50.15896987915039
1772111042.6012716,1036,-50.054527282714844
1772111061.6399698,1037,-49.843292236328125
1772111061.7676983,1038,-46.57508087158203
1772111070.7178593,1039,-48.87489318847656
1772111072.067486,1040,-47.54597091674805
1772111075.2684593,1041,-50.266353607177734
1772111090.5226178,1042,-49.415008544921875
1772111094.2019355,1043,-48.568260192871094
1772111117.5093775,1044,-48.983341217041016
1772111269.2115092,1045,-49.86722946166992
1772111300.9011686,1046,-49.27976608276367
1772111301.085285,1047,-46.04114532470703
1772111304.3199499,1048,-49.56987380981445
1772111312.9194894,1049,-49.24492263793945
1772111336.8849454,1050,-48.855552673339844
1772111350.0782652,1051,-49.253170013427734
1772111350.9774058,1052,-50.0906867980957
1772111372.3480866,1053,-49.04060363769531
1772111408.0056665,1054,-49.14140701293945
1772111412.1858768,1055,-47.94694137573242
1772111440.9656148,1056,-48.39628982543945
1772111447.4285975,1057,-48.59354782104492
1772111450.5211658,1058,-48.99848937988281
1772111451.2338977,1059,-48.82990646362305
1772111462.4923239,1060,-48.62509536743164
1772111468.292408,1061,-48.80250930786133
1772111483.691716,1062,-48.245792388916016
1772111500.1980264,1063,-49.32925796508789
1772111501.9161792,1064,-49.19698715209961
1772111513.1010258,1065,-48.34234619140625
1772111536.9131572,1066,-48.8784294128418
1772111539.5913901,1067,-49.271644592285156
1772111543.1298022,1068,-48.58478546142578
1772111554.6629202,1069,-47.97499465942383
1772111558.5455065,1070,-47.99733352661133
1772111558.9306157,1071,-52.07038879394531
1772111565.9721775,1072,-49.01327896118164
1772111596.0732143,1073,-48.45098876953125
1772111668.255084,1074,-46.668365478515625
1772111673.9434512,1075,-47.60289764404297
1772111680.946354,1076,-48.26797103881836
1772111684.3816078,1077,-47.61388397216797
1772111684.5068061,1078,-48.02082443237305
1772111688.163434,1079,-48.2180290222168
1772111709.0636756,1080,-48.13707733154297
1772111714.3653622,1081,-49.35856628417969
1772111733.5499678,1082,-47.96361541748047
1772111738.392119,1083,-47.48567581176758
1772111738.656502,1084,-51.213096618652344
1772111756.6499927,1085,-47.79471969604492
1772111762.9211042,1086,-47.85713195800781
1772111772.394629,1087,-48.42817306518555
1772111774.664524,1088,-47.96659851074219
1772111790.3806343,1089,-47.75041580200195
1772111795.7992158,1090,-48.44155502319336
1772111804.9518018,1091,-47.630165100097656
1772111811.1071103,1092,-47.9897346496582
1772111818.9740832,1093,-47.9727668762207
1772111824.0904453,1094,-47.73521041870117
1772111847.16394,1095,-48.02239227294922
1772111876.0959227,1096,-47.8708381652832
1772111894.8337722,1097,-47.90913009643555
1772111914.986984,1098,-47.389892578125
1772111916.3923037,1099,-46.90948486328125
1772111924.9395292,1100,-47.33723449707031
1772111936.3872886,1101,-47.490447998046875
1772111945.81391,1102,-47.270751953125
1772111957.4376757,1103,-47.1435432434082
1772111966.2455091,1104,-47.92082977294922
1772112173.6498854,1105,-47.2940559387207
1772112174.6162734,1106,-46.6109504699707
1772112178.18194,1107,-46.88625717163086
1772112199.0975313,1108,-47.09648513793945
1772112202.3771713,1109,-45.13620376586914
1772112208.5209856,1110,-46.810997009277344
1772112231.5676084,1111,-47.23978042602539
1772112232.6145635,1112,-47.87041473388672
1772112241.053857,1113,-47.358577728271484
1772112253.31105,1114,-46.44694900512695
1772112287.9861972,1115,-47.30086898803711
1772112302.444958,1116,-46.68670654296875
1772112321.175785,1117,-46.33348083496094
1772112328.3636272,1118,-46.17201232910156
1772112343.5499613,1119,-46.35304641723633
1772112358.5847013,1120,-46.354820251464844
1772112358.7159421,1121,-37.082542419433594
1772112384.026759,1122,-45.9794807434082
1772112384.2904463,1123,-45.994930267333984
1772112389.2402716,1124,-46.305809020996094
1772112402.2846315,1125,-45.842376708984375
1772112415.0151637,1126,-45.87639236450195
1772112422.682594,1127,-46.65081024169922
1772112432.2825763,1128,-45.4106559753418
1772112437.5062177,1129,-45.98891067504883
1772112442.3111262,1130,-45.565250396728516
1772112442.4396486,1131,-46.828765869140625
1772112444.5700514,1132,-46.66575622558594
1772112462.1042333,1133,-45.99103927612305
1772112463.0349238,1134,-48.84397506713867
1772112464.9276152,1135,-46.54761505126953
1772112484.351137,1136,-45.787532806396484
1772112516.5704455,1137,-45.5711669921875
1772112702.7611,1138,-44.97243881225586
1772112703.782259,1139,-48.13032150268555
1772112713.468055,1140,-46.08832931518555
1772112736.6750283,1141,-45.22374725341797
1772112741.425835,1142,-47.303226470947266
1772112747.851433,1143,-46.09116744995117
1772112782.6943102,1144,-44.68709182739258
1772112841.4088266,1145,-44.98695373535156
1772112847.099222,1146,-44.25210952758789
1772112873.4785771,1147,-45.39206314086914
1772112878.4283264,1148,-45.21149444580078
1772112881.699856,1149,-45.331546783447266
1772112881.9548268,1150,-44.5743522644043
1772112884.4018767,1151,-43.75757598876953
1772112893.7012217,1152,-44.42540740966797
1772112904.7628915,1153,-43.98055648803711
1772112960.5562017,1154,-44.578956604003906
1772112962.7531934,1155,-45.45120620727539
1772112966.826323,1156,-44.164424896240234
1772112978.6542695,1157,-43.65170669555664
1772112986.3646636,1158,-44.09246826171875
1772113007.4270682,1159,-44.232017517089844
1772113106.05155,1160,-44.177677154541016
1772113122.8891091,1161,-44.06314468383789
1772113126.6104593,1162,-44.33610534667969
1772113139.8409114,1163,-43.55807876586914
1772113140.6431675,1164,-44.091590881347656
1772113149.6212285,1165,-44.5567741394043
1772113200.9916193,1166,-43.37211990356445
1772113209.6470861,1167,-44.78045654296875
1772113225.8433564,1168,-43.794559478759766
1772113230.7557893,1169,-44.301849365234375
1772113233.4966166,1170,-43.95654296875
1772113246.9149396,1171,-43.29728317260742
1772113247.492587,1172,-43.179988861083984
1772113251.5522616,1173,-42.98288345336914
1772113301.2449965,1174,-43.3049430847168
1772113348.164522,1175,-42.78373718261719
1772113382.5459528,1176,-43.126102447509766
1772113387.3931115,1177,-42.19789505004883
1772113403.6250782,1178,-42.74778747558594
1772113637.8611414,1179,-42.07453536987305
1772113646.338545,1180,-41.86454391479492
1772113659.724155,1181,-41.35219192504883
1772113659.8540149,1182,-46.82599639892578
1772113671.7490683,1183,-42.30399703979492
1772113684.1011102,1184,-41.87868118286133
1772113699.2786489,1185,-42.16837692260742
1772113715.840614,1186,-41.355125427246094
1772113723.5058,1187,-41.322330474853516
1772113723.7013645,1188,-48.400875091552734
1772113736.8495998,1189,-41.42680358886719
1772113740.9647274,1190,-40.4312629699707
1772113749.2727025,1191,-42.115386962890625
1772113749.4703448,1192,-43.65949249267578
1772113749.8514385,1193,-43.165348052978516
1772113777.1622605,1194,-41.662757873535156
1772113780.6260626,1195,-40.32679748535156
1772113823.7163806,1196,-41.2499885559082
1772113828.7322376,1197,-40.63636779785156
1772113854.8855138,1198,-40.61697769165039
1772113855.0184536,1199,-45.107421875
1772113857.6692667,1200,-42.43479919433594
1772113858.5396488,1201,-40.47184753417969
1772113870.2855675,1202,-41.13084030151367
1772113876.4436204,1203,-40.895347595214844
1772113889.2131176,1204,-41.53295135498047
1772113889.3419766,1205,-50.4444580078125
1772113915.2239635,1206,-40.994136810302734
1772113924.5175307,1207,-41.017635345458984
1772113927.9651914,1208,-40.79374694824219
1772113937.2409627,1209,-40.92351150512695
1772114007.3017821,1210,-41.50851058959961
1772114011.198599,1211,-40.52687072753906
1772114033.345216,1212,-39.902122497558594
1772114037.088479,1213,-39.837562561035156
1772114037.2149894,1214,-40.4743766784668
1772114082.945506,1215,-39.718326568603516
1772114097.4154508,1216,-39.75800704956055
1772114106.0951946,1217,-38.704139709472656
1772114130.2422416,1218,-39.49087905883789
1772114133.5722032,1219,-39.2012939453125
1772114142.9608903,1220,-39.29159164428711
1772114146.2680464,1221,-40.956687927246094
1772114149.1184878,1222,-39.789432525634766
1772114170.022643,1223,-39.07177734375
1772114186.298106,1224,-39.51803207397461
1772114208.5800755,1225,-38.72050094604492
1772114208.70752,1226,-22.908369064331055
1772114224.5688334,1227,-39.45372009277344
1772114228.156203,1228,-39.01132583618164
1772114228.2839231,1229,-31.969440460205078
1772114232.659099,1230,-40.20341873168945
1772114236.1066167,1231,-36.41559982299805
1772114245.279937,1232,-38.64714431762695
1772114248.501714,1233,-38.815582275390625
1772114278.4350853,1234,-38.98095703125
1772114286.628593,1235,-38.50129699707031
1772114300.8413148,1236,-38.11631774902344
1772114306.5463457,1237,-40.47353744506836
1772114312.082901,1238,-37.71672058105469
1772114315.55219,1239,-37.703468322753906
1772114319.0813963,1240,-37.407440185546875
1772114323.012063,1241,-37.7860107421875
1772114328.5091615,1242,-38.28514862060547
1772114343.9622087,1243,-37.86507797241211
1772114472.0635545,1244,-38.10019302368164
1772114481.2266114,1245,-37.5289192199707
1772114490.2065663,1246,-37.32530212402344
1772114498.1511924,1247,-37.793121337890625
1772114504.1720603,1248,-38.636783599853516
1772114506.0595436,1249,-39.760562896728516
1772114511.1679535,1250,-38.062618255615234
1772114511.2945373,1251,-38.54038619995117
1772114514.7609174,1252,-39.109703063964844
1772114529.3576531,1253,-36.68383026123047
1772114538.237997,1254,-38.2321662902832
1772114544.510629,1255,-37.114418029785156
1772114549.6045,1256,-37.83135986328125
1772114563.1373491,1257,-37.22856521606445
1772114563.3263638,1258,-33.1970329284668
1772114590.086091,1259,-37.614742279052734
1772114596.5900614,1260,-38.17018127441406
1772114596.7319388,1261,-38.05442810058594
1772114598.7167647,1262,-36.48408508300781
1772114606.7769623,1263,-37.58130645751953
1772114615.881993,1264,-36.61909484863281
1772114621.0518885,1265,-38.23762893676758
1772114627.0172985,1266,-38.152889251708984
1772114630.7156334,1267,-37.14250564575195
1772114636.405855,1268,-36.945674896240234
1772114639.8263927,1269,-36.83855056762695
1772114654.0010583,1270,-36.969356536865234
1772114665.5535352,1271,-36.724300384521484
1772114680.193924,1272,-37.298465728759766
1772114691.5213304,1273,-36.745391845703125
1772114699.3699539,1274,-37.5919075012207
1772114706.6217391,1275,-35.894569396972656
1772114716.332501,1276,-37.48426818847656
1772114716.4592118,1277,-40.179168701171875
1772114726.3464196,1278,-36.61885070800781
1772114739.5925446,1279,-37.532047271728516
1772114742.490318,1280,-36.95947265625
1772114751.621002,1281,-36.82921600341797
1772114759.970586,1282,-36.6656494140625
1772114766.1451485,1283,-36.39376449584961
1772114770.5557697,1284,-37.00692367553711
1772114910.074966,1285,-36.440677642822266
1772114927.707456,1286,-36.84360885620117
1772114937.9140162,1287,-35.95903015136719
1772114955.426317,1288,-35.81974792480469
1772114966.9363358,1289,-36.368927001953125
1772114978.1522603,1290,-36.15044021606445
1772114981.3621225,1291,-34.35617446899414
1772114981.7038002,1292,-38.99578857421875
1772114994.6940534,1293,-35.47343826293945
1772115018.041498,1294,-36.284873962402344
1772115031.3993986,1295,-35.116432189941406
1772115037.616911,1296,-36.425960540771484
1772115040.742265,1297,-35.77395248413086
1772115058.6409793,1298,-35.76792526245117
1772115064.5788114,1299,-35.774452209472656
1772115088.7764442,1300,-35.103416442871094
1772115088.9090726,1301,-28.673166275024414
1772115089.0532808,1302,-39.42171096801758
1772115091.474271,1303,-36.68518829345703
1772115101.3102157,1304,-35.56043243408203
1772115110.299099,1305,-34.67915725708008
1772115128.934241,1306,-35.44991683959961
1772115146.345466,1307,-35.006614685058594
1772115164.1156414,1308,-35.28109359741211
1772115170.8444905,1309,-33.48463821411133
1772115182.5102036,1310,-34.90192794799805
1772115200.437137,1311,-35.031673431396484
1772115204.3296478,1312,-34.437931060791016
1772115218.9547362,1313,-34.32148742675781
1772115226.935311,1314,-33.31834411621094
1772115238.458344,1315,-34.03553771972656
1772115358.490562,1316,-34.11619567871094
1772115363.173824,1317,-32.68735122680664
1772115432.7956257,1318,-33.95748519897461
1772115441.2900069,1319,-34.112274169921875
1772115449.7776644,1320,-33.966522216796875
1772115452.0402389,1321,-33.77804183959961
1772115461.1490405,1322,-33.532188415527344
1772115465.0909295,1323,-32.633094787597656
1772115469.7993197,1324,-31.783662796020508
1772115474.2676103,1325,-32.391456604003906
1772115482.1723528,1326,-33.66667556762695
1772115485.8863268,1327,-33.0669059753418
1772115486.6292253,1328,-33.546234130859375
1772115488.0891645,1329,-31.72306251525879
1772115488.8368714,1330,-28.988569259643555
1772115502.4561927,1331,-33.6336669921875
1772115513.2219355,1332,-33.69557189941406
1772115523.9118836,1333,-33.59598922729492
1772115547.1631424,1334,-32.53030776977539
1772115553.596065,1335,-31.802570343017578
1772115560.6327329,1336,-31.250213623046875
1772115568.971128,1337,-32.81511306762695
1772115587.8008785,1338,-31.595483779907227
1772115590.7811537,1339,-32.273433685302734
1772115592.7720203,1340,-32.662445068359375
1772115601.7524323,1341,-32.663551330566406
1772115631.1773605,1342,-32.42138671875
1772115631.3048503,1343,-24.623573303222656
1772115639.4227011,1344,-32.75832748413086
1772115646.842547,1345,-32.06972885131836
1772115670.6520429,1346,-31.480274200439453
1772115671.5292702,1347,-32.358524322509766
1772115676.1190114,1348,-32.92142105102539
1772115697.1861277,1349,-31.774892807006836
1772115872.1580963,1350,-31.094579696655273
1772115877.6826556,1351,-30.370859146118164
1772115897.274187,1352,-31.029796600341797
1772115920.6728373,1353,-31.070890426635742
1772115924.1356893,1354,-31.700176239013672
1772115968.9093294,1355,-31.227344512939453
1772115987.4154131,1356,-31.38969612121582
1772116008.6476207,1357,-30.6976261138916
1772116025.892807,1358,-31.062803268432617
1772116029.2753096,1359,-31.28655433654785
1772116044.3771894,1360,-30.907472610473633
1772116052.1850576,1361,-31.189804077148438
1772116066.3364484,1362,-30.455583572387695
1772116070.7249346,1363,-29.116044998168945
1772116075.9812183,1364,-30.492650985717773
1772116097.0285978,1365,-30.866735458374023
1772116110.906708,1366,-30.870824813842773
1772116120.5842078,1367,-30.71167755126953
1772116136.7049334,1368,-30.011293411254883
1772116148.4466736,1369,-30.47780418395996
1772116151.8022165,1370,-30.409761428833008
1772116160.5509012,1371,-30.96705436706543
1772116269.6339734,1372,-30.386972427368164
1772116297.2091002,1373,-30.560529708862305
1772116301.1967468,1374,-29.475521087646484
1772116325.3915782,1375,-30.493419647216797
1772116330.2147622,1376,-30.42522430419922
1772116336.8368855,1377,-30.26992416381836
1772116345.6322494,1378,-30.553340911865234
1772116361.6901174,1379,-29.306215286254883
1772116371.45965,1380,-29.274324417114258
1772116375.1935177,1381,-30.316326141357422
1772116384.6356735,1382,-29.831832885742188
1772116399.9988954,1383,-29.76596450805664
1772116422.406287,1384,-29.203149795532227
1772116424.107248,1385,-30.939329147338867
1772116435.8760254,1386,-29.55579948425293
1772116440.6087024,1387,-29.150096893310547
1772116462.1945329,1388,-29.535276412963867
1772116470.4059339,1389,-29.431882858276367
1772116496.073264,1390,-29.20198631286621
1772116501.4138632,1391,-29.427959442138672
1772116508.4221532,1392,-28.437271118164062
1772116522.4821482,1393,-28.347131729125977
1772116525.887753,1394,-28.90411949157715
1772116536.2662833,1395,-29.28014373779297
1772116548.8878427,1396,-28.65088653564453
1772116556.6078596,1397,-27.517173767089844
1772116564.6311166,1398,-29.427562713623047
1772116573.6624537,1399,-27.83487319946289
1772116586.3439784,1400,-28.028791427612305
1772116740.3123612,1401,-27.93893051147461
1772116758.394762,1402,-28.60118293762207
1772116765.569203,1403,-27.565006256103516
1772116769.3041596,1404,-26.230581283569336
1772116774.6657176,1405,-28.49749755859375
1772116802.1084168,1406,-27.487781524658203
1772116802.2390246,1407,-26.911054611206055
1772116806.5253947,1408,-27.99578094482422
1772116810.0135803,1409,-28.26421356201172
1772116814.8422375,1410,-28.089698791503906
1772116820.4187794,1411,-27.134689331054688
1772116825.503066,1412,-27.5750732421875
1772116835.205368,1413,-27.13241195678711
1772116839.3994749,1414,-27.97418785095215
1772116843.3087592,1415,-29.045612335205078
1772116849.8558078,1416,-26.550846099853516
1772116851.8461883,1417,-27.434024810791016
1772116855.1493173,1418,-27.93183708190918
1772116873.214277,1419,-26.93395233154297
1772116888.8032866,1420,-27.027307510375977
1772116918.1941302,1421,-26.910673141479492
1772116918.5395515,1422,-28.093212127685547
1772116926.9679804,1423,-26.877979278564453
1772116941.39514,1424,-26.357601165771484
1772116968.4838438,1425,-26.787809371948242
1772116995.997308,1426,-26.169740676879883
1772117005.8660016,1427,-26.21099853515625
1772117009.0433178,1428,-26.79831886291504
1772117013.055954,1429,-25.036413192749023
1772117026.2757623,1430,-26.520620346069336
1772117042.3177238,1431,-25.506610870361328
1772117053.7714906,1432,-25.77353286743164
1772117072.6490357,1433,-26.090404510498047
1772117284.6094415,1434,-25.93035316467285
1772117289.7687564,1435,-25.96648406982422
1772117291.1069572,1436,-26.011110305786133
1772117296.8369296,1437,-26.36269187927246
1772117309.2258706,1438,-25.80440330505371
1772117317.0322967,1439,-25.031925201416016
1772117317.1595957,1440,-21.645891189575195
1772117321.933728,1441,-26.42582893371582
1772117346.114198,1442,-25.842615127563477
1772117354.734547,1443,-25.329301834106445
1772117360.8032496,1444,-25.959707260131836
1772117368.2017517,1445,-26.298629760742188
1772117377.3858695,1446,-25.790645599365234
1772117403.21444,1447,-25.579980850219727
1772117420.8579564,1448,-26.232961654663086
1772117439.3340142,1449,-24.876300811767578
1772117445.2890632,1450,-25.40222930908203
1772117445.4178545,1451,-28.38623046875
1772117469.2596486,1452,-24.946081161499023
1772117481.8658676,1453,-25.445775985717773
1772117482.1161127,1454,-29.39167022705078
1772117486.4906323,1455,-26.636993408203125
1772117491.9892912,1456,-25.543018341064453
1772117503.995594,1457,-25.092105865478516
1772117507.4630706,1458,-23.59939956665039
1772117511.2131324,1459,-25.906686782836914
1772117513.7578442,1460,-24.126821517944336
1772117528.933335,1461,-24.97087860107422
1772117533.369839,1462,-25.332677841186523
1772117536.5832613,1463,-24.22012710571289
1772117540.738415,1464,-25.175107955932617
1772117546.6830504,1465,-23.900800704956055
1772117546.9451823,1466,-21.411453247070312
1772117575.1874073,1467,-25.337169647216797
1772117585.530207,1468,-25.52267074584961
1772117777.3822126,1469,-25.45711326599121
1772117790.7863522,1470,-25.895349502563477
1772117795.7943432,1471,-24.100269317626953
1772117829.5452263,1472,-24.670305252075195
1772117832.5451674,1473,-25.124189376831055
1772117835.8421319,1474,-25.324077606201172
1772117845.4903898,1475,-24.920259475708008
1772117851.4744353,1476,-25.904525756835938
1772117856.2664006,1477,-24.696523666381836
1772117874.2858808,1478,-25.449769973754883
1772117877.5953095,1479,-23.568336486816406
1772117894.7933373,1480,-24.214576721191406
1772117900.3151853,1481,-22.512483596801758
1772117901.2291777,1482,-24.338472366333008
1772117917.112641,1483,-24.358070373535156
1772117920.1718206,1484,-24.56769561767578
1772117936.287693,1485,-24.519550323486328
1772117937.6934721,1486,-25.684682846069336
1772117940.0325584,1487,-23.944551467895508
1772117949.4853215,1488,-24.046859741210938
1772117960.4185634,1489,-24.120513916015625
1772117960.544781,1490,-16.8516902923584
1772117971.766097,1491,-24.385255813598633
1772117989.1835463,1492,-24.121837615966797
1772117990.574483,1493,-20.384408950805664
1772118010.0276465,1494,-24.58108139038086
1772118013.9375782,1495,-23.15475845336914
1772118016.2241755,1496,-24.24669647216797
1772118020.5455046,1497,-24.00984764099121
1772118027.455343,1498,-23.26496124267578
1772118036.1984825,1499,-25.025739669799805
1772118037.639741,1500,-24.43280601501465
1772118043.5492857,1501,-23.43370246887207
1772118043.67797,1502,-26.1418399810791
1772118053.2104683,1503,-23.72878646850586
1772118053.342363,1504,-18.3900146484375
1772118100.548699,1505,-23.76486587524414
1772118188.5194588,1506,-38.53075408935547
1772118195.6838758,1507,-23.80579948425293
1772118211.666158,1508,-24.004741668701172
1772118211.9378028,1509,-25.386051177978516
1772118212.0649579,1510,-27.5357608795166
1772118214.9621813,1511,-19.822420120239258
1772118223.7947283,1512,-24.13075828552246
1772118228.931745,1513,-25.069643020629883
1772118235.5533388,1514,-24.04802703857422
1772118259.9961963,1515,-23.49015998840332
1772118271.2254043,1516,-23.86492347717285
1772118282.91283,1517,-24.774776458740234
1772118291.8781374,1518,-24.39671516418457
1772118295.963528,1519,-24.718887329101562
1772118315.7212794,1520,-23.65536117553711
1772118315.8506951,1521,-30.429168701171875
1772118318.834428,1522,-24.125640869140625
1772118343.0988407,1523,-23.171159744262695
1772118358.4729607,1524,-23.54964828491211
1772118365.9561477,1525,-23.744176864624023
1772118371.6611257,1526,-22.32760238647461
1772118380.521714,1527,-23.745834350585938
1772118380.7721345,1528,-19.016307830810547
1772118387.7715685,1529,-23.87294578552246
1772118388.4969077,1530,-24.784725189208984
1772118414.865246,1531,-23.26210594177246
1772118425.5222137,1532,-23.64484977722168
1772118434.8488612,1533,-23.804983139038086
1772118446.2179756,1534,-23.00717544555664
1772118470.516333,1535,-23.10652732849121
1772118490.5944884,1536,-22.968570709228516
1772118510.552633,1537,-23.119247436523438
1772118697.315509,1538,-23.05921745300293
1772118697.502487,1539,-24.479042053222656
1772118711.875439,1540,-23.151628494262695
1772118716.2866578,1541,-23.21625328063965
1772118716.4144716,1542,-38.147762298583984
1772118740.9234204,1543,-23.158170700073242
1772118744.9866433,1544,-23.312885284423828
1772118747.5243533,1545,-21.678895950317383
1772118759.4830103,1546,-23.103971481323242
1772118766.0868125,1547,-24.089641571044922
1772118771.899025,1548,-22.628835678100586
1772118786.1737688,1549,-23.318723678588867
1772118796.6349907,1550,-22.881959915161133
1772118800.907185,1551,-23.908199310302734
1772118810.493647,1552,-22.81014633178711
1772118813.8904653,1553,-22.037477493286133
1772118822.26576,1554,-22.471948623657227
1772118823.6863894,1555,-22.25143051147461
1772118828.030193,1556,-22.690885543823242
1772118848.380409,1557,-22.59298324584961
1772118851.417912,1558,-23.713665008544922
1772118856.4684334,1559,-23.658966064453125
1772118859.6584237,1560,-24.164066314697266
1772118863.2011366,1561,-22.59771728515625
1772118874.948867,1562,-22.83133316040039
1772118887.308493,1563,-23.66421890258789
1772118887.8511784,1564,-23.87202262878418
1772118892.3345714,1565,-23.1575927734375
1772118947.8576894,1566,-22.956525802612305
1772118961.7255523,1567,-23.235387802124023
1772118968.3883348,1568,-24.539352416992188
1772118983.340103,1569,-23.617231369018555
1772118986.7208345,1570,-23.597545623779297
1772118990.497293,1571,-22.773653030395508
1772119035.1916063,1572,-23.21458625793457
1772119137.0868175,1573,-23.11489486694336
1772119149.036954,1574,-23.219417572021484
1772119162.8813026,1575,-23.01857566833496
1772119163.0044377,1576,-9.366071701049805
1772119166.2693353,1577,-24.214462280273438
1772119182.3269625,1578,-22.525766372680664
1772119200.3239152,1579,-23.413280487060547
1772119217.5595317,1580,-23.464670181274414
1772119221.1120713,1581,-22.797529220581055
1772119233.7218237,1582,-22.358266830444336
1772119244.3186653,1583,-22.90791130065918
1772119253.6604931,1584,-23.872215270996094
1772119267.1930459,1585,-22.99744415283203
1772119271.1030564,1586,-22.627643585205078
1772119284.1058207,1587,-23.243366241455078
1772119298.4511545,1588,-22.394346237182617
1772119320.3165128,1589,-22.543943405151367
1772119334.4331317,1590,-22.926189422607422
1772119346.0379224,1591,-21.87089729309082
1772119379.3551092,1592,-22.872188568115234
1772119382.892676,1593,-23.818374633789062
1772119388.9867551,1594,-22.160554885864258
1772119394.8855634,1595,-23.06062126159668
1772119398.144752,1596,-22.597129821777344
1772119401.8890293,1597,-22.600008010864258
1772119442.6042488,1598,-22.643333435058594
1772119568.4508069,1599,-22.934301376342773
1772119571.5975432,1600,-21.911134719848633
1772119576.7008622,1601,-23.920045852661133
1772119588.8818643,1602,-22.0872745513916
1772119592.2623198,1603,-24.367856979370117
1772119608.2848585,1604,-22.51821517944336
1772119611.7393694,1605,-23.793861389160156
1772119641.4729733,1606,-22.45638084411621
1772119649.2277024,1607,-22.56657600402832
1772119659.3300745,1608,-22.31830406188965
1772119664.22474,1609,-19.945005416870117
1772119664.3491778,1610,-23.37306785583496
1772119710.2414033,1611,-22.7230224609375
1772119710.3678386,1612,-34.2024040222168
1772119713.9159522,1613,-22.409183502197266
1772119720.2271888,1614,-22.934383392333984
1772119730.6310241,1615,-22.282135009765625
1772119735.39665,1616,-23.336212158203125
1772119758.8078852,1617,-22.340730667114258
1772119782.0188463,1618,-22.970853805541992
1772119817.850715,1619,-22.5767765045166
1772119817.9816248,1620,-27.013601303100586
1772119835.4171324,1621,-22.730594635009766
1772119870.6084664,1622,-23.057825088500977
1772120017.753883,1623,-22.741764068603516
1772120055.5110343,1624,-22.185195922851562
1772120073.3671257,1625,-22.516752243041992
1772120078.9751215,1626,-22.051477432250977
1772120085.4809618,1627,-21.220067977905273
1772120088.831891,1628,-21.513347625732422
1772120095.8274307,1629,-22.18253517150879
1772120102.6363854,1630,-22.163619995117188
1772120106.9841526,1631,-22.06161117553711
1772120126.8672152,1632,-22.41486167907715
1772120136.002415,1633,-21.325483322143555
1772120151.7352161,1634,-22.765840530395508
1772120153.5813923,1635,-23.67522621154785
1772120180.8820226,1636,-21.529529571533203
1772120183.015556,1637,-23.314693450927734
1772120188.8496392,1638,-24.0118465423584
1772120193.500313,1639,-22.28610610961914
1772120214.3401666,1640,-22.86726188659668
1772120220.5412068,1641,-22.59113121032715
1772120274.4448307,1642,-22.26886749267578
1772120274.5687172,1643,-19.777965545654297
1772120274.7501302,1644,-14.365489959716797
1772120280.7691927,1645,-22.121889114379883
1772120470.3953202,1646,-22.579805374145508
1772120503.2698982,1647,-23.21781349182129
1772120525.0593069,1648,-22.193984985351562
1772120525.3167,1649,-20.070270538330078
1772120547.928223,1650,-22.493492126464844
1772120549.50577,1651,-23.32861328125
1772120551.8717084,1652,-23.194467544555664
1772120565.3998594,1653,-22.891414642333984
1772120584.0369148,1654,-22.90592384338379
1772120596.1313934,1655,-21.80563735961914
1772120609.839563,1656,-23.817861557006836
1772120615.2100315,1657,-24.13743782043457
1772120626.9554126,1658,-23.238344192504883
1772120642.1785097,1659,-23.028465270996094
1772120644.0952907,1660,-24.675399780273438
1772120650.6200385,1661,-23.238065719604492
1772120678.046833,1662,-22.886310577392578
1772120700.5157712,1663,-22.941482543945312
1772120701.3170936,1664,-22.53962516784668
1772120702.0982966,1665,-21.11022186279297
1772120727.3024008,1666,-23.703317642211914
1772120730.843518,1667,-22.68069076538086
1772120742.3603287,1668,-23.849937438964844
1772120750.7804627,1669,-23.692697525024414
1772120773.7892034,1670,-23.554285049438477
1772120850.0462804,1671,-22.93756675720215
1772120867.942144,1672,-23.36481285095215
1772120893.412203,1673,-24.146751403808594
1772120906.7155337,1674,-23.89316749572754
1772120928.702354,1675,-23.532329559326172
1772120950.9944375,1676,-23.084484100341797
1772120972.4444246,1677,-23.328990936279297
1772120984.7173023,1678,-22.910310745239258
1772121013.191102,1679,-23.24247932434082
1772121013.3194544,1680,-21.107545852661133
1772121038.7799573,1681,-23.52484893798828
1772121038.9112697,1682,-28.1612548828125
1772121053.130761,1683,-24.48015022277832
1772121072.317335,1684,-23.212955474853516
1772121075.6358135,1685,-23.309526443481445
1772121080.7943938,1686,-23.051959991455078
1772121120.3877327,1687,-24.431806564331055
1772121125.2768793,1688,-23.345930099487305
1772121130.4452326,1689,-25.081470489501953
1772121134.4333377,1690,-22.91380500793457
1772121144.5162642,1691,-24.46868133544922
1772121152.741765,1692,-23.980329513549805
1772121163.9134939,1693,-23.58478546142578
1772121313.0938678,1694,-23.938507080078125
1772121313.2227297,1695,-24.457651138305664
1772121351.0910146,1696,-23.9362735748291
1772121351.2263498,1697,-20.47701072692871
1772121356.374368,1698,-23.88907814025879
1772121362.4989235,1699,-25.358938217163086
1772121372.20004,1700,-23.642515182495117
1772121372.3267615,1701,-24.72055435180664
1772121379.4604316,1702,-24.583663940429688
1772121431.0575411,1703,-24.150339126586914
1772121458.2151368,1704,-24.566225051879883
1772121475.833905,1705,-24.98688316345215
1772121485.6059353,1706,-24.44585609436035
1772121489.4488266,1707,-23.37627410888672
1772121495.3381097,1708,-23.36499786376953
1772121518.0224936,1709,-25.142520904541016
1772121533.79608,1710,-25.18169403076172
1772121541.7016418,1711,-23.350658416748047
1772121543.734317,1712,-24.778335571289062
1772121571.4492068,1713,-24.64554214477539
1772121584.9364772,1714,-24.468040466308594
1772121610.2800705,1715,-25.790414810180664
1772121617.1804376,1716,-25.138389587402344
1772121619.8112047,1717,-26.203147888183594
1772121631.7684767,1718,-24.83026695251465
1772121760.2580032,1719,-25.82377815246582
1772121770.2363298,1720,-24.63491439819336
1772121771.7449222,1721,-26.689760208129883
1772121801.834044,1722,-25.4326171875
1772121806.8022635,1723,-25.54680633544922
1772121810.110904,1724,-26.370433807373047
1772121848.6743078,1725,-25.756237030029297
1772121852.57958,1726,-24.33727264404297
1772121865.1468186,1727,-25.692441940307617
1772121874.070665,1728,-25.504995346069336
1772121888.9615543,1729,-25.907760620117188
1772121947.5556736,1730,-25.602806091308594
1772121951.076865,1731,-24.801433563232422
1772121966.1518903,1732,-26.03337287902832
1772121971.95838,1733,-25.515592575073242
1772121972.0957694,1734,-20.978363037109375
1772121986.5142024,1735,-25.891273498535156
1772122000.7363925,1736,-25.72557830810547
1772122009.7617602,1737,-25.863962173461914
1772122034.9715998,1738,-25.833402633666992
1772122081.4791443,1739,-26.202848434448242
1772122089.2085142,1740,-26.965906143188477
1772122116.8076298,1741,-26.52541732788086
1772122256.6462119,1742,-26.378469467163086
1772122272.5397925,1743,-27.12399673461914
1772122274.4002993,1744,-23.907270431518555
1772122310.2361917,1745,-27.13871192932129
1772122326.556365,1746,-28.025821685791016
1772122342.4273956,1747,-26.817930221557617
1772122351.405408,1748,-27.67182159423828
1772122361.9132798,1749,-26.64588737487793
1772122371.5143294,1750,-28.874351501464844
1772122386.4505548,1751,-26.598825454711914
1772122401.7990515,1752,-26.871681213378906
1772122405.227994,1753,-28.060100555419922
1772122411.3169825,1754,-27.402074813842773
1772122416.9991574,1755,-28.799890518188477
1772122428.2618406,1756,-26.292661666870117
1772122459.5600266,1757,-27.127580642700195
1772122461.56117,1758,-24.892995834350586
1772122478.604237,1759,-27.266122817993164
1772122490.6333268,1760,-27.913068771362305
1772122510.0143852,1761,-27.900314331054688
1772122517.1950378,1762,-27.770347595214844
1772122534.5301876,1763,-27.96011734008789
1772122551.549411,1764,-27.56269073486328
1772122555.7456443,1765,-27.22325325012207
1772122556.814065,1766,-29.309412002563477
1772122644.221133,1767,-28.341222763061523
1772122655.3589168,1768,-26.975252151489258
1772122673.7269666,1769,-27.295177459716797
1772122680.7458408,1770,-26.78406524658203
1772122684.1996474,1771,-26.338871002197266
1772122686.623904,1772,-28.036090850830078
1772122704.9920468,1773,-27.835494995117188
1772122705.1178124,1774,-30.360929489135742
1772122716.3168087,1775,-26.73487091064453
1772122730.2002084,1776,-28.17252540588379
1772122783.1026132,1777,-27.307405471801758
1772122786.4313266,1778,-29.11549949645996
1772122792.6349068,1779,-27.35018539428711
1772122794.2370872,1780,-29.440025329589844
1772122812.64119,1781,-27.791152954101562
1772122823.0414784,1782,-27.14701271057129
1772122849.077578,1783,-28.27597427368164
1772122870.9715433,1784,-27.605667114257812
1772122880.8782585,1785,-28.441688537597656
1772122905.0640633,1786,-27.52695083618164
1772122959.9609888,1787,-28.014270782470703
1772122969.2762733,1788,-27.908123016357422
1772123100.9569874,1789,-39.46257400512695
1772123116.1640108,1790,-28.408109664916992
1772123126.0204809,1791,-28.825536727905273
1772123171.840582,1792,-28.312374114990234
1772123171.9660435,1793,-36.97196578979492
1772123179.9299061,1794,-27.9571475982666
1772123194.116381,1795,-28.88763427734375
1772123194.242993,1796,-26.588825225830078
1772123194.7122107,1797,-24.46054458618164
1772123208.8371775,1798,-28.286720275878906
1772123229.1280725,1799,-28.22477912902832
1772123245.05725,1800,-28.178251266479492
1772123248.7292392,1801,-28.483407974243164
1772123251.4510853,1802,-28.712385177612305
1772123258.5042222,1803,-28.815767288208008
1772123277.7224917,1804,-28.006139755249023
1772123286.62503,1805,-28.10664176940918
1772123300.9147449,1806,-29.193389892578125
1772123312.4325426,1807,-28.293590545654297
1772123315.8171995,1808,-27.755565643310547
1772123315.942409,1809,-15.769339561462402
1772123324.924446,1810,-29.171627044677734
1772123342.1872494,1811,-29.334043502807617
1772123344.2169175,1812,-29.938568115234375
1772123368.07788,1813,-29.018321990966797
1772123387.8852777,1814,-28.443323135375977
1772123391.3314078,1815,-29.11884880065918
1772123394.5630832,1816,-30.482257843017578
1772123405.6280491,1817,-30.01541519165039
1772123412.6757357,1818,-29.711162567138672
1772123413.0686107,1819,-30.877309799194336
1772123441.8686993,1820,-29.208267211914062
1772123523.6665332,1821,-29.787353515625
1772123528.1665387,1822,-29.825260162353516
1772123529.2851615,1823,-27.75579071044922
1772123537.7061307,1824,-29.84632110595703
1772123538.1668634,1825,-29.0054988861084
1772123593.4697447,1826,-29.22916030883789
1772123594.9694436,1827,-28.406450271606445
1772123601.0189586,1828,-30.35487937927246
1772123612.4662645,1829,-30.55996322631836
1772123641.0799003,1830,-29.423463821411133
1772123641.2135506,1831,-22.23269271850586
1772123654.8622653,1832,-30.010080337524414
1772123659.3354166,1833,-30.432870864868164
1772123669.4115524,1834,-29.0286865234375
1772123674.3138397,1835,-30.483274459838867
1772123692.7034435,1836,-30.20133399963379
1772123699.2111483,1837,-30.58711051940918
1772123706.7767634,1838,-29.480134963989258
1772123718.379225,1839,-30.556440353393555
1772123720.1416993,1840,-31.037412643432617
1772123727.5176706,1841,-31.27012062072754
1772123751.516785,1842,-30.434904098510742
1772123755.0005422,1843,-29.963218688964844
1772123761.789574,1844,-29.775089263916016
1772123761.9164705,1845,-25.052936553955078
1772123766.1804,1846,-31.072940826416016
1772123806.4241397,1847,-30.490388870239258
1772123809.6238453,1848,-30.24085807800293
1772123823.3510973,1849,-30.0745849609375
1772123956.7658627,1850,-30.814023971557617
1772123972.1032615,1851,-30.481420516967773
1772123972.6361969,1852,-28.917495727539062
1772123988.9376204,1853,-30.106658935546875
1772123989.0650878,1854,-34.32285690307617
1772123999.563087,1855,-31.733095169067383
1772124005.0535097,1856,-31.682985305786133
1772124020.025915,1857,-30.764907836914062
1772124028.737486,1858,-30.425823211669922
1772124043.5178204,1859,-30.870248794555664
1772124043.67975,1860,-34.295074462890625
1772124063.132561,1861,-30.291603088378906
1772124067.9139628,1862,-31.0206356048584
1772124076.858746,1863,-29.922510147094727
1772124088.469614,1864,-30.00606918334961
1772124091.0806034,1865,-30.310768127441406
1772124094.2064068,1866,-29.548786163330078
1772124100.5751402,1867,-31.572582244873047
1772124115.2182577,1868,-31.39042091369629
1772124119.793063,1869,-31.650447845458984
1772124123.678955,1870,-29.886655807495117
1772124127.16762,1871,-30.38235855102539
1772124127.7258234,1872,-28.129148483276367
1772124142.982652,1873,-30.700286865234375
1772124147.7960348,1874,-30.460468292236328
1772124154.5690093,1875,-30.901334762573242
1772124158.758761,1876,-29.15289878845215
1772124158.941009,1877,-30.16107940673828
1772124180.973082,1878,-30.271337509155273
1772124198.4299376,1879,-31.357128143310547
1772124211.8395343,1880,-32.00674819946289
1772124224.0598269,1881,-31.013031005859375
1772124231.3000867,1882,-31.164546966552734
1772124231.7337573,1883,-29.50645637512207
1772124236.7999086,1884,-32.42238998413086
1772124246.8895507,1885,-29.94915199279785
1772124260.0970316,1886,-31.10550880432129
1772124270.699187,1887,-30.936059951782227
1772124274.2119622,1888,-30.288368225097656
1772124394.9458084,1889,-30.62676239013672
1772124415.1645672,1890,-31.256532669067383
1772124425.188556,1891,-31.717784881591797
1772124435.5270636,1892,-32.03408432006836
1772124448.18465,1893,-31.64200210571289
1772124454.8275821,1894,-31.469390869140625
1772124464.7266173,1895,-30.57181739807129
1772124474.6937885,1896,-30.547901153564453
1772124480.6950066,1897,-29.616552352905273
1772124501.4015956,1898,-30.823959350585938
1772124528.9783082,1899,-31.101123809814453
1772124553.5099752,1900,-31.059412002563477
1772124556.9297924,1901,-29.462717056274414
1772124569.4496374,1902,-31.346128463745117
1772124590.44422,1903,-31.481904983520508
1772124606.237666,1904,-31.405912399291992
1772124614.059159,1905,-32.1651611328125
1772124632.7027864,1906,-31.195358276367188
1772124641.3036678,1907,-32.09492111206055
1772124648.0056934,1908,-31.159259796142578
1772124648.129209,1909,-31.98215103149414
1772124660.577532,1910,-31.257204055786133
1772124671.6885045,1911,-31.27633285522461
1772124682.2667184,1912,-31.323291778564453
1772124687.8968346,1913,-32.463775634765625
1772124689.1265838,1914,-34.51445007324219
1772124700.809206,1915,-31.54525375366211
1772124719.224584,1916,-30.63912582397461
1772124816.6643345,1917,-32.2091064453125
1772124823.9928615,1918,-31.36090850830078
1772124827.4318392,1919,-32.74410629272461
1772124839.7943997,1920,-31.212299346923828
1772124844.5685358,1921,-32.87367630004883
1772124850.43454,1922,-31.50605010986328
1772124862.6694007,1923,-30.944042205810547
1772124865.9150546,1924,-32.37955856323242
1772124875.8806257,1925,-31.020530700683594
1772124889.5710745,1926,-31.73065948486328
1772124913.346104,1927,-32.07320785522461
1772124928.1247432,1928,-31.477962493896484
1772124934.840076,1929,-32.267642974853516
1772124939.6119032,1930,-32.2130241394043
1772124947.0172765,1931,-32.060916900634766
1772124955.569687,1932,-31.678442001342773
1772124970.4553986,1933,-32.386688232421875
1772124986.2571845,1934,-31.78038215637207
1772124994.8875897,1935,-31.797378540039062
1772124999.6563177,1936,-31.75912857055664
1772125001.7244449,1937,-29.595630645751953
1772125017.9913077,1938,-32.12245559692383
1772125036.0995126,1939,-32.75273513793945
1772125053.6822743,1940,-31.680150985717773
1772125067.2034192,1941,-32.182559967041016
1772125069.4083483,1942,-32.55646896362305
1772125094.1853015,1943,-33.08771514892578
1772125097.4069188,1944,-32.39752197265625
1772125097.9111774,1945,-33.29447937011719
1772125106.3141117,1946,-32.36505889892578
1772125123.291924,1947,-31.78326988220215
1772125282.157566,1948,-31.394784927368164
1772125283.9722784,1949,-34.48766326904297
1772125284.120876,1950,-37.702144622802734
1772125287.6590686,1951,-31.11601448059082
1772125288.544756,1952,-30.73332405090332
1772125333.471798,1953,-31.618267059326172
1772125340.3786874,1954,-33.03934097290039
1772125366.2506385,1955,-32.117462158203125
1772125380.440652,1956,-32.38206481933594
1772125384.001635,1957,-32.126644134521484
1772125388.3384793,1958,-33.17604446411133
1772125392.216411,1959,-32.32471466064453
1772125394.1939998,1960,-33.60300827026367
1772125410.322583,1961,-32.11945724487305
1772125410.4616454,1962,-33.68250274658203
1772125422.0040107,1963,-32.38273239135742
1772125426.4955108,1964,-30.97203826904297
1772125426.622046,1965,-26.32046890258789
1772125436.9645631,1966,-32.08969497680664
1772125444.1960778,1967,-34.09975051879883
1772125465.6331298,1968,-32.61283493041992
1772125470.8455226,1969,-31.428274154663086
1772125470.973916,1970,-36.15443801879883
1772125485.1773663,1971,-32.63364791870117
1772125487.621296,1972,-32.98388671875
1772125489.9598548,1973,-32.846412658691406
1772125490.0878801,1974,-34.87532424926758
1772125499.6126728,1975,-31.837108612060547
1772125510.6730883,1976,-32.830169677734375
1772125514.0569413,1977,-30.995168685913086
1772125531.4677556,1978,-33.02437973022461
1772125551.4003723,1979,-32.53416061401367
1772125558.5533705,1980,-31.99207305908203
1772125566.0866392,1981,-31.264549255371094
1772125580.0441558,1982,-32.28788757324219
1772125590.2683797,1983,-31.971500396728516
1772125590.3999228,1984,-41.6907844543457
1772125618.5842876,1985,-32.52577209472656
1772125763.4203098,1986,-33.603031158447266
1772125766.8116345,1987,-32.411319732666016
1772125767.934488,1988,-32.2751579284668
1772125771.3943431,1989,-32.448787689208984
1772125786.117389,1990,-32.075279235839844
1772125795.4752579,1991,-32.180904388427734
1772125821.7196124,1992,-32.48844909667969
1772125821.8846729,1993,-43.78976058959961
1772125826.3310218,1994,-31.671430587768555
1772125831.3263335,1995,-32.86248016357422
1772125838.346492,1996,-33.4565315246582
1772125842.200724,1997,-31.945009231567383
1772125845.6607375,1998,-33.12818908691406
1772125876.728741,1999,-33.02174758911133
1772125880.5741432,2000,-32.170677185058594
1772125922.1021998,2001,-33.02055358886719
1772125925.3562503,2002,-33.20438766479492
1772125937.2812877,2003,-32.79650115966797
1772125954.9973972,2004,-33.738502502441406
1772125959.9855332,2005,-32.51389694213867
1772125961.9147303,2006,-35.0749397277832
1772125964.9770951,2007,-34.20536804199219
1772125985.5011702,2008,-33.502784729003906
1772125993.0592082,2009,-33.26824951171875
1772126002.5717154,2010,-33.06273651123047
1772126005.810185,2011,-32.61801528930664
1772126005.9439435,2012,-40.359004974365234
1772126012.3146532,2013,-33.45528793334961
1772126018.0456653,2014,-33.10595703125
1772126020.125993,2015,-35.59382629394531
1772126023.6254373,2016,-33.44093704223633
1772126040.0374308,2017,-33.616092681884766
1772126040.6048284,2018,-32.00505828857422
1772126060.217122,2019,-33.123046875
1772126068.6779153,2020,-33.67757034301758
1772126196.286414,2021,-33.897705078125
1772126199.7513902,2022,-31.19129753112793
1772126200.2837093,2023,-33.349395751953125
1772126207.1434584,2024,-32.53179931640625
1772126218.814081,2025,-34.04718780517578
1772126222.2862122,2026,-32.01616287231445
1772126239.11166,2027,-33.57455062866211
1772126241.9712315,2028,-33.11745834350586
1772126247.0167015,2029,-33.55851745605469
1772126259.890052,2030,-33.36160659790039
1772126273.5950763,2031,-33.1845817565918
1772126278.1683857,2032,-32.70500564575195
1772126310.7063818,2033,-33.166481018066406
1772126311.904151,2034,-33.111629486083984
1772126323.147217,2035,-33.09151077270508
1772126325.5296066,2036,-32.7320556640625
1772126326.9733734,2037,-32.10350799560547
1772126327.6523476,2038,-29.863746643066406
1772126334.5343874,2039,-33.3597412109375
1772126350.5827513,2040,-32.64363098144531
1772126367.389198,2041,-33.19114685058594
1772126377.6283195,2042,-33.50779724121094
1772126387.8749251,2043,-33.22666931152344
1772126401.594922,2044,-33.261417388916016
1772126409.626303,2045,-34.53669738769531
1772126433.3199546,2046,-33.43391036987305
1772126440.8607068,2047,-32.03708267211914
1772126445.4009442,2048,-32.7834587097168
1772126479.9137368,2049,-34.0753059387207
1772126485.4438834,2050,-32.7150764465332
1772126526.729422,2051,-33.455440521240234
1772126648.7400284,2052,-33.70699691772461
1772126652.250661,2053,-35.10808181762695
1772126661.4163764,2054,-34.188411712646484
1772126664.9044805,2055,-33.295955657958984
1772126665.73742,2056,-31.199451446533203
1772126679.0998313,2057,-33.76681900024414
1772126682.3643444,2058,-33.313690185546875
1772126698.545545,2059,-33.57112121582031
1772126698.6847055,2060,-32.037315368652344
1772126703.122119,2061,-33.23523712158203
1772126703.2610178,2062,-33.663761138916016
1772126720.2214758,2063,-34.24765396118164
1772126735.4521644,2064,-33.560123443603516
1772126756.1856563,2065,-33.10608673095703
1772126759.77544,2066,-32.677791595458984
1772126787.9074187,2067,-34.246978759765625
1772126819.2023902,2068,-33.29547119140625
1772126829.4132137,2069,-32.953346252441406
1772126836.25419,2070,-33.836997985839844
1772126847.0139163,2071,-34.07716751098633
1772126867.0175824,2072,-33.199493408203125
1772126870.5589485,2073,-31.25628662109375
1772126881.9430747,2074,-34.01703643798828
1772126891.3193092,2075,-32.759090423583984
1772126899.2884197,2076,-34.11659622192383
1772126909.0864983,2077,-33.21604537963867
1772126919.7295682,2078,-33.32040023803711
1772126928.8639896,2079,-34.299293518066406
1772126929.0574253,2080,-33.35668182373047
1772126942.0545986,2081,-33.61463928222656
1772126955.9763794,2082,-33.74521255493164
1772127037.062278,2083,-34.331787109375
1772127037.18581,2084,-30.66892433166504
1772127040.9018235,2085,-32.3350944519043
1772127045.4650671,2086,-32.42676544189453
1772127047.0396597,2087,-33.23396301269531
1772127047.4425867,2088,-35.35551071166992
1772127054.1219711,2089,-33.96950149536133
1772127081.6051726,2090,-33.600669860839844
1772127094.488022,2091,-34.32734298706055
1772127094.6212034,2092,-41.047943115234375
1772127100.9392295,2093,-35.275840759277344
1772127104.2583156,2094,-34.3922004699707
1772127109.4337265,2095,-33.62760543823242
1772127117.0622456,2096,-34.34422302246094
1772127122.5843587,2097,-33.22624588012695
1772127129.861226,2098,-33.257171630859375
1772127142.77562,2099,-34.13471603393555
1772127147.7742686,2100,-34.312782287597656
1772127147.9017034,2101,-41.2750358581543
1772127169.01899,2102,-33.940738677978516
1772127227.2922661,2103,-33.88578796386719
1772127227.4206376,2104,-43.91716766357422
1772127241.7952824,2105,-34.47362518310547
1772127259.7763734,2106,-33.83266067504883
1772127260.895612,2107,-34.445945739746094
1772127290.898968,2108,-33.86843490600586
1772127291.0373437,2109,-29.668188095092773
1772127298.7756412,2110,-34.47145080566406
1772127314.1101995,2111,-33.085044860839844
1772127317.5140793,2112,-32.89659118652344
1772127326.143289,2113,-34.02619552612305
1772127334.279144,2114,-32.45928192138672
1772127343.0493455,2115,-34.643062591552734
1772127458.844856,2116,-33.727108001708984
1772127463.4264064,2117,-33.81949996948242
1772127475.4918916,2118,-34.071754455566406
1772127479.3907359,2119,-35.60615158081055
1772127483.644967,2120,-34.339744567871094
1772127488.2655344,2121,-33.35948944091797
1772127488.3926706,2122,-58.084632873535156
1772127490.885279,2123,-32.97412109375
1772127492.6514823,2124,-34.609989166259766
1772127500.5195746,2125,-33.018550872802734
1772127525.2126315,2126,-34.25687026977539
1772127553.1651452,2127,-34.607627868652344
1772127566.3800275,2128,-34.8250617980957
1772127582.6308088,2129,-34.188133239746094
1772127587.9713447,2130,-34.90946578979492
1772127595.5165105,2131,-35.25838088989258
1772127627.2621179,2132,-34.354225158691406
1772127677.9980834,2133,-34.37284469604492
1772127690.1712234,2134,-34.884117126464844
1772127702.9821517,2135,-34.90608215332031
1772127725.56578,2136,-34.995445251464844
1772127732.646703,2137,-34.34832000732422
1772127735.8983514,2138,-33.4971923828125
1772127744.9699461,2139,-35.268798828125
1772127748.397255,2140,-36.189208984375
1772127768.4702888,2141,-34.75666427612305
1772127842.8191023,2142,-36.5252685546875
1772127848.0067685,2143,-34.0096435546875
1772127853.0907679,2144,-36.174007415771484
1772127866.4721305,2145,-35.624351501464844
1772127866.8600554,2146,-35.367332458496094
1772127905.1656976,2147,-35.03263854980469
1772127914.8872213,2148,-35.135799407958984
1772127921.0600348,2149,-35.568416595458984
1772127948.096409,2150,-34.69459915161133
1772127959.9461675,2151,-34.65666961669922
1772128003.901949,2152,-35.02354049682617
1772128008.8302498,2153,-34.94776916503906
1772128017.7262032,2154,-34.446537017822266
1772128023.2253234,2155,-35.67681884765625
1772128033.0971615,2156,-34.960594177246094
1772128040.4792223,2157,-34.842132568359375
1772128046.6588006,2158,-36.52656173706055
1772128049.6638627,2159,-34.30396270751953
1772128052.657515,2160,-36.651145935058594
1772128057.2564409,2161,-34.642547607421875
1772128070.9402702,2162,-36.263092041015625
1772128072.677005,2163,-34.12184524536133
1772128085.9807618,2164,-35.29862976074219
1772128089.8648782,2165,-34.00568771362305
1772128099.5791152,2166,-35.331878662109375
1772128115.923456,2167,-35.9533805847168
1772128126.0810606,2168,-34.822452545166016
1772128133.5671344,2169,-35.7287712097168
1772128137.0903785,2170,-35.32488250732422
1772128137.2188914,2171,-33.21150588989258
1772128142.405998,2172,-35.70907211303711
1772128148.4166596,2173,-35.60516357421875
1772128152.0303192,2174,-36.01052474975586
1772128170.9171314,2175,-34.75410079956055
1772128315.493827,2176,-36.68330001831055
1772128322.9680238,2177,-34.932926177978516
1772128326.406205,2178,-36.49062728881836
1772128327.9960904,2179,-35.67075729370117
1772128352.6697156,2180,-36.34466552734375
1772128374.7892797,2181,-35.41398239135742
1772128385.7575734,2182,-35.644710540771484
1772128418.2820342,2183,-36.906517028808594
1772128434.872944,2184,-36.38545227050781
1772128439.6467557,2185,-35.2192497253418
1772128450.24342,2186,-37.152950286865234
1772128461.7218332,2187,-37.391719818115234
1772128488.3460126,2188,-36.134437561035156
1772128508.2877634,2189,-36.58570861816406
1772128516.2564936,2190,-36.172027587890625
1772128522.303796,2191,-37.20458221435547
1772128530.6542342,2192,-35.91977310180664
1772128543.0420392,2193,-36.24372100830078
1772128565.0202844,2194,-36.24356460571289
1772128568.74979,2195,-36.478050231933594
1772128587.2026432,2196,-35.86024475097656
1772128599.3372529,2197,-37.4636344909668
1772128608.0901058,2198,-37.20016098022461
1772128610.284647,2199,-36.7457389831543
1772128619.6131873,2200,-36.07453536987305
1772128695.0467262,2201,-21.817771911621094
1772128703.2134924,2202,-36.03836441040039
1772128704.550972,2203,-36.02240753173828
1772128711.1040998,2204,-36.16236114501953
1772128730.434166,2205,-36.55497741699219
1772128739.6012018,2206,-36.399986267089844
1772128744.391762,2207,-37.009498596191406
1772128748.5368392,2208,-36.15225601196289
1772128768.6841195,2209,-36.346275329589844
1772128800.4448743,2210,-36.904541015625
1772128824.7368493,2211,-37.06157684326172
1772128847.786284,2212,-37.369361877441406
1772128860.7697763,2213,-36.396549224853516
1772128868.5044637,2214,-36.819610595703125
1772128885.4181774,2215,-37.15423583984375
1772128895.5507185,2216,-36.54094314575195
1772128905.8808947,2217,-37.92111587524414
1772128906.3636491,2218,-42.39864730834961
1772128937.9164476,2219,-36.664947509765625
1772128946.9143112,2220,-37.16155242919922
1772128947.0394454,2221,-44.74907302856445
1772128952.8389678,2222,-38.04186248779297
1772128973.0926206,2223,-36.96904754638672
1772128988.3974612,2224,-37.135650634765625
1772128995.6450272,2225,-38.80406188964844
1772129003.8148608,2226,-36.47019577026367
1772129004.134413,2227,-42.745243072509766
1772129007.5338047,2228,-38.20527267456055
1772129014.5840547,2229,-36.687259674072266
1772129019.62187,2230,-37.00352096557617
1772129022.8399153,2231,-37.86610412597656
1772129026.4013834,2232,-39.38063430786133
1772129138.0870786,2233,-37.14435577392578
1772129166.953554,2234,-37.756553649902344
1772129170.2318075,2235,-36.84421157836914
1772129174.3739302,2236,-37.738670349121094
1772129177.4443498,2237,-36.96250915527344
1772129190.0976276,2238,-37.56981658935547
1772129200.744672,2239,-37.040733337402344
1772129220.5956008,2240,-36.6284065246582
1772129227.9986956,2241,-37.05859375
1772129239.3877666,2242,-37.90614318847656
1772129268.018139,2243,-37.70759582519531
1772129274.520756,2244,-36.937252044677734
1772129284.7218041,2245,-37.46852111816406
1772129284.8495796,2246,-33.35078048706055
1772129289.0024507,2247,-37.72319412231445
1772129304.033252,2248,-37.36924743652344
1772129311.5471504,2249,-37.37189865112305
1772129313.2705653,2250,-37.68376159667969
1772129316.768164,2251,-39.055294036865234
1772129320.7143164,2252,-37.626468658447266
1772129347.4265807,2253,-37.330684661865234
1772129350.90806,2254,-38.205810546875
1772129376.593416,2255,-36.79080581665039
1772129382.0647616,2256,-38.16709899902344
1772129392.9789915,2257,-36.936798095703125
1772129393.6011894,2258,-39.18271255493164
1772129398.0668523,2259,-36.03571701049805
1772129409.7718177,2260,-38.43281555175781
1772129413.3954444,2261,-36.65937423706055
1772129434.752366,2262,-38.18313217163086
1772129438.014427,2263,-38.55362319946289
1772129444.4385433,2264,-37.338905334472656
1772129447.7620099,2265,-36.158287048339844
1772129448.8935645,2266,-36.226436614990234
1772129449.0177116,2267,-38.100833892822266
1772129451.911305,2268,-38.72896957397461
1772129461.7339199,2269,-37.58885192871094
1772129586.18397,2270,-37.54589080810547
1772129586.308965,2271,-25.521291732788086
1772129593.3766148,2272,-36.48893356323242
1772129617.4705865,2273,-37.122310638427734
1772129630.972301,2274,-37.621978759765625
1772129635.160477,2275,-37.06486129760742
1772129640.8296745,2276,-37.35668182373047
1772129644.3256752,2277,-36.83892059326172
1772129654.3150444,2278,-37.04558563232422
1772129657.8315961,2279,-38.00436019897461
1772129657.9610944,2280,-43.82801055908203
1772129665.4320724,2281,-37.602325439453125
1772129668.9692965,2282,-38.32099914550781
1772129683.223714,2283,-36.442466735839844
1772129683.357851,2284,-29.07134437561035
1772129692.2668607,2285,-37.86153030395508
1772129695.560883,2286,-37.42317199707031
1772129702.8197315,2287,-37.86186218261719
1772129707.7093458,2288,-37.352195739746094
1772129710.897307,2289,-38.702945709228516
1772129730.9038568,2290,-37.609195709228516
1772129742.0276513,2291,-36.11833953857422
1772129747.8140805,2292,-37.210262298583984
1772129751.4028363,2293,-37.22858810424805
1772129771.9273744,2294,-36.603939056396484
1772129772.128253,2295,-33.53622055053711
1772129778.3467064,2296,-37.721641540527344
1772129781.6643717,2297,-36.23951721191406
1772129789.3856366,2298,-37.354347229003906
1772129797.023756,2299,-38.12939453125
1772129827.6720626,2300,-37.36480712890625
1772129837.9884427,2301,-36.16569137573242
1772129846.4333425,2302,-37.696746826171875
1772129859.1218379,2303,-37.428802490234375
1772129865.7214806,2304,-37.9367790222168
1772129870.8885975,2305,-36.58830642700195
1772129877.6395574,2306,-37.83285140991211
1772129901.187399,2307,-37.499725341796875
1772130001.086353,2308,-36.50611114501953
1772130008.865782,2309,-37.39262390136719
1772130009.0257263,2310,-28.067737579345703
1772130012.7685816,2311,-36.205081939697266
1772130012.8946545,2312,-26.75315284729004
1772130035.811764,2313,-37.15579605102539
1772130051.1593132,2314,-38.09099578857422
1772130057.9572709,2315,-37.65421676635742
1772130063.7432418,2316,-37.251712799072266
1772130085.8290384,2317,-37.04500198364258
1772130104.833227,2318,-37.20891571044922
1772130109.2415705,2319,-36.622642517089844
1772130119.493689,2320,-36.67792510986328
1772130129.6318436,2321,-36.783103942871094
1772130153.728971,2322,-37.164825439453125
1772130165.6182222,2323,-36.600013732910156
1772130182.9227931,2324,-37.97215270996094
1772130192.3642201,2325,-36.41915512084961
1772130197.431895,2326,-38.21806716918945
1772130197.6996374,2327,-35.80839920043945
1772130201.0235062,2328,-38.67169952392578
1772130204.312112,2329,-38.080265045166016
1772130206.8973207,2330,-36.060787200927734
1772130221.3688154,2331,-37.104225158691406
1772130225.0013256,2332,-36.4915885925293
1772130236.1002402,2333,-38.10900115966797
1772130254.8088756,2334,-37.394996643066406
1772130265.0646687,2335,-37.16620635986328
1772130266.70143,2336,-36.424476623535156
1772130267.789762,2337,-37.78725051879883
1772130272.4828582,2338,-38.270263671875
1772130275.0655017,2339,-37.532958984375
1772130286.0958674,2340,-37.214759826660156
1772130286.2209888,2341,-34.25881576538086
1772130303.4477556,2342,-36.88513946533203
1772130386.5195613,2343,-36.010345458984375
1772130389.7577403,2344,-37.67699432373047
1772130389.8816383,2345,-22.542163848876953
1772130421.4500022,2346,-37.02033233642578
1772130432.321105,2347,-37.65138244628906
1772130439.199976,2348,-37.22284698486328
1772130454.0454383,2349,-36.37944412231445
1772130469.367472,2350,-37.09520721435547
1772130477.8923776,2351,-38.18691635131836
1772130481.1382961,2352,-37.11003112792969
1772130493.5605352,2353,-36.15006637573242
1772130498.1469495,2354,-37.311622619628906
1772130504.5388744,2355,-35.61575698852539
1772130508.6971424,2356,-35.7376594543457
1772130516.45086,2357,-36.10496139526367
1772130523.3555405,2358,-36.71923828125
1772130523.4861975,2359,-34.76881790161133
1772130536.4872077,2360,-36.52501678466797
1772130566.5716524,2361,-36.29069900512695
1772130566.6998076,2362,-22.78037452697754
1772130601.676152,2363,-36.49662399291992
1772130608.9848402,2364,-34.900428771972656
1772130618.1361427,2365,-35.367549896240234
1772130628.4013276,2366,-35.966556549072266
1772130635.6179838,2367,-36.68457794189453
1772130641.7030797,2368,-36.061622619628906
1772130648.7110353,2369,-36.18717575073242
1772130655.288261,2370,-35.6489372253418
1772130675.5944324,2371,-36.57463836669922
1772130681.484591,2372,-36.55653381347656
1772130697.946728,2373,-36.719383239746094
1772130815.324992,2374,-36.34501647949219
1772130815.4544423,2375,-44.28358840942383
1772130820.253281,2376,-35.388465881347656
1772130823.9318714,2377,-34.754905700683594
1772130841.0802307,2378,-35.80183792114258
1772130844.731525,2379,-37.74617004394531
1772130852.471059,2380,-37.66048812866211
1772130859.6209812,2381,-36.539791107177734
1772130861.800322,2382,-35.77405548095703
1772130861.928979,2383,-39.64236068725586
1772130862.0559547,2384,-48.31105422973633
1772130871.7730432,2385,-35.106868743896484
1772130883.0909648,2386,-36.655269622802734
1772130897.6610544,2387,-36.513641357421875
1772130904.7976193,2388,-35.521305084228516
1772130904.9269245,2389,-40.66207504272461
1772130936.053251,2390,-36.73715591430664
1772130962.1730254,2391,-36.26998519897461
1772130962.3027422,2392,-52.8752555847168
1772130965.4792392,2393,-34.598148345947266
1772130973.8581703,2394,-36.362918853759766
1772130992.579966,2395,-36.3369026184082
1772131005.5604396,2396,-35.824405670166016
1772131009.0424771,2397,-36.421173095703125
1772131018.3314204,2398,-35.52915573120117
1772131028.2616215,2399,-36.46371078491211
1772131038.1442807,2400,-37.21508026123047
1772131041.472037,2401,-32.82810974121094
1772131057.0025558,2402,-36.81926727294922
1772131060.5491862,2403,-37.30698776245117
1772131064.8655028,2404,-35.5208625793457
1772131083.653095,2405,-36.733314514160156
1772131096.3942585,2406,-36.89071273803711
1772131096.9462109,2407,-38.53485870361328
1772131121.2592404,2408,-35.81350326538086
1772131225.1933053,2409,-35.90437316894531
1772131228.195338,2410,-36.79390335083008
1772131228.3235824,2411,-31.935571670532227
1772131237.1915312,2412,-36.13060760498047
1772131242.0414991,2413,-35.805877685546875
1772131253.3311987,2414,-35.6749153137207
1772131272.0310166,2415,-35.612327575683594
1772131278.6816356,2416,-36.465335845947266
1772131279.067863,2417,-34.05625534057617
1772131281.985279,2418,-36.17041015625
1772131290.045891,2419,-35.0119514465332
1772131309.4790742,2420,-36.81144714355469
1772131313.7496266,2421,-36.91109085083008
1772131326.1204894,2422,-35.91471862792969
1772131353.6704402,2423,-35.4759635925293
1772131357.148646,2424,-36.11780548095703
1772131373.34828,2425,-35.86675262451172
1772131381.8138888,2426,-36.56180953979492
1772131392.0928664,2427,-34.99208068847656
1772131395.5289128,2428,-35.50723648071289
1772131399.0512278,2429,-35.68901443481445
1772131399.1771216,2430,-21.847898483276367
1772131416.679292,2431,-36.47667694091797
1772131417.277673,2432,-36.84529495239258
1772131420.5626285,2433,-33.52899932861328
1772131440.9870393,2434,-35.96411895751953
1772131444.349191,2435,-35.601165771484375
1772131449.4075837,2436,-36.62964630126953
1772131463.2425997,2437,-36.28208541870117
1772131465.0504534,2438,-36.50070571899414
1772131465.561882,2439,-35.18220138549805
1772131468.180705,2440,-35.448421478271484
1772131479.9218445,2441,-35.63162612915039
1772131493.9261866,2442,-34.86503601074219
1772131504.4536512,2443,-36.10405349731445
1772131515.141814,2444,-36.08927536010742
1772131520.2531927,2445,-35.04336929321289
1772131528.009517,2446,-35.44214630126953
1772131531.713499,2447,-33.722381591796875
1772131655.250706,2448,-35.762718200683594
1772131657.4721246,2449,-36.67699432373047
1772131665.9828064,2450,-35.477012634277344
1772131677.329386,2451,-35.4642333984375
1772131684.3970215,2452,-36.67350769042969
1772131690.4733434,2453,-34.91688537597656
1772131696.7657287,2454,-35.742332458496094
1772131705.723579,2455,-35.27378463745117
1772131722.5275533,2456,-35.894195556640625
1772131734.0988243,2457,-35.93223190307617
1772131738.051477,2458,-35.725013732910156
1772131749.473419,2459,-35.442955017089844
1772131749.5982842,2460,-27.47711753845215
1772131755.3058417,2461,-36.02034378051758
1772131765.277814,2462,-35.30765914916992
1772131771.6257157,2463,-34.40586853027344
1772131778.2810166,2464,-35.736392974853516
1772131781.832404,2465,-35.909423828125
1772131787.1759295,2466,-36.960105895996094
1772131798.6740384,2467,-36.93827819824219
1772131807.7385342,2468,-34.21159362792969
1772131813.5483284,2469,-35.44510269165039
1772131816.7512178,2470,-33.86769104003906
1772131827.9274938,2471,-36.09866714477539
1772131841.5711048,2472,-35.61869430541992
1772131845.1543355,2473,-35.34010696411133
1772131848.52074,2474,-38.78939437866211
1772131852.1933289,2475,-34.82509231567383
1772131856.1231415,2476,-36.36090087890625
1772131856.3891902,2477,-36.69151306152344
1772131866.9080625,2478,-34.807823181152344
1772131883.4822922,2479,-35.460304260253906
1772131895.2277255,2480,-34.93388748168945
1772131906.464161,2481,-35.68453598022461
1772131930.1544285,2482,-35.80866241455078
1772131950.012292,2483,-35.93252182006836
1772131962.4710414,2484,-36.13685989379883
1772131998.6684859,2485,-35.73971939086914
1772132121.9440613,2486,-27.892038345336914
1772132127.4553623,2487,-36.2128791809082
1772132133.3402722,2488,-36.08666229248047
1772132148.555011,2489,-35.543216705322266
1772132160.7062647,2490,-35.622459411621094
1772132168.2583487,2491,-36.17219161987305
1772132173.670708,2492,-35.4777946472168
1772132186.7763777,2493,-35.510467529296875
1772132195.910958,2494,-34.811195373535156
1772132204.7456646,2495,-36.2863655090332
1772132214.9793334,2496,-35.82643127441406
1772132218.188414,2497,-34.85825729370117
1772132237.5979564,2498,-35.360015869140625
1772132245.4900877,2499,-35.46037673950195
1772132253.2574182,2500,-36.070377349853516
1772132256.7778552,2501,-35.509517669677734
1772132259.7062376,2502,-35.63154983520508
1772132263.0264583,2503,-36.64374923706055
1772132270.6152484,2504,-35.91166305541992
1772132282.4328659,2505,-35.75808334350586
1772132292.935328,2506,-35.350624084472656
1772132310.4714334,2507,-35.04551696777344
1772132314.5745506,2508,-37.23506164550781
1772132325.1114185,2509,-35.473934173583984
1772132341.685187,2510,-35.24390411376953
1772132347.1758366,2511,-34.57416915893555
1772132410.272076,2512,-35.4700927734375
1772132424.5410156,2513,-34.80510711669922
1772132501.021871,2514,-35.882850646972656
1772132507.7485209,2515,-35.80525207519531
1772132507.8768694,2516,-55.138729095458984
1772132541.0482514,2517,-34.92430114746094
1772132547.7444825,2518,-35.33011245727539
1772132563.8636272,2519,-35.77376174926758
1772132569.465033,2520,-36.09563446044922
1772132581.9746459,2521,-35.38119125366211
1772132596.5800412,2522,-34.52173614501953
1772132599.3636432,2523,-37.25269317626953
1772132612.6471226,2524,-35.57305145263672
1772132638.3385024,2525,-35.18964385986328
1772132641.569321,2526,-34.86967468261719
1772132661.9590209,2527,-36.037139892578125
1772132667.551136,2528,-35.68506622314453
1772132675.9081945,2529,-35.66960144042969
1772132679.1588461,2530,-34.4498291015625
1772132714.822383,2531,-35.96004867553711
1772132784.5857465,2532,-35.177127838134766
1772132814.2510703,2533,-35.2055549621582
1772132852.865545,2534,-35.509029388427734
1772132965.9780595,2535,-34.739131927490234
1772132974.1550589,2536,-35.585323333740234
1772132985.8524165,2537,-35.46488952636719
1772133009.2201247,2538,-35.35664367675781
1772133015.3355312,2539,-33.97216033935547
1772133032.8721266,2540,-35.69873809814453
1772133045.4479823,2541,-35.95330810546875
1772133059.132384,2542,-35.6904296875
1772133067.2667084,2543,-34.72544860839844
1772133104.411677,2544,-35.44457244873047
1772133112.1700628,2545,-35.29093551635742
1772133140.3791196,2546,-35.712310791015625
1772133174.2488298,2547,-36.11670684814453
1772133177.7208118,2548,-36.09312438964844
1772133182.6260624,2549,-37.7868537902832
1772133186.1760502,2550,-33.94638442993164
1772133186.7652354,2551,-36.46635818481445
1772133190.1833158,2552,-36.015743255615234
1772133207.582024,2553,-36.01796340942383
1772133213.2261317,2554,-36.157798767089844
1772133234.8448558,2555,-35.85865783691406
1772133239.4937978,2556,-36.66659164428711
1772133243.0333004,2557,-35.17802047729492
1772133270.961316,2558,-34.98557662963867
1772133439.8825533,2559,-35.72369384765625
1772133444.2955892,2560,-32.97273254394531
1772133445.6610289,2561,-38.092803955078125
1772133455.004648,2562,-34.850040435791016
1772133463.9532888,2563,-36.57265853881836
1772133469.2207265,2564,-34.330047607421875
1772133469.506337,2565,-40.04003143310547
1772133471.9792864,2566,-35.81843948364258
1772133485.3686259,2567,-35.84782409667969
1772133495.8252933,2568,-36.152339935302734
1772133496.3827724,2569,-28.45993995666504
1772133500.3007467,2570,-35.850181579589844
1772133503.7891865,2571,-36.88459014892578
1772133508.7068992,2572,-35.45840072631836
1772133519.2041993,2573,-37.0366096496582
1772133538.2008746,2574,-36.944889068603516
1772133541.2861695,2575,-35.07736587524414
1772133544.8677583,2576,-36.675758361816406
1772133547.5896292,2577,-34.861961364746094
1772133561.0426927,2578,-35.81062698364258
1772133562.3339205,2579,-35.350311279296875
1772133563.6447237,2580,-31.57097625732422
1772133597.7680137,2581,-36.47957229614258
1772133608.6143782,2582,-35.44303512573242
1772133614.9444082,2583,-36.26755142211914
1772133629.218444,2584,-34.62788009643555
1772133641.1563332,2585,-35.912147521972656
1772133671.8746543,2586,-35.59114074707031
1772133693.7885246,2587,-35.909149169921875
1772133693.9173868,2588,-51.71087646484375
1772133694.4611285,2589,-32.51817321777344
1772133697.6560462,2590,-34.21038818359375
1772133701.2827435,2591,-35.8378791809082
1772133708.3528492,2592,-35.67744445800781
1772133715.5665157,2593,-35.96855926513672
1772133722.0550685,2594,-34.81388473510742
1772133804.8975103,2595,-36.3066520690918
1772133811.7821379,2596,-36.08039855957031
1772133816.8671315,2597,-37.82078170776367
1772133822.5213888,2598,-35.94918441772461
1772133827.1597433,2599,-36.10056686401367
1772133827.874709,2600,-35.109832763671875
1772133839.433728,2601,-36.94174575805664
1772133852.0813189,2602,-35.890037536621094
1772133856.8025677,2603,-36.639366149902344
1772133861.4551127,2604,-35.66682434082031
1772133886.8387773,2605,-35.66068649291992
1772133893.932555,2606,-35.90724563598633
1772133894.058145,2607,-36.66189193725586
1772133897.37452,2608,-35.126014709472656
1772133921.4728634,2609,-35.63977813720703
1772133922.8448167,2610,-37.890281677246094
1772133929.5099337,2611,-38.06355285644531
1772133941.3941529,2612,-36.44307327270508
1772133949.3116922,2613,-36.52124786376953
1772133956.8973882,2614,-36.39790725708008
1772133966.1493747,2615,-36.44036865234375
1772133970.4711323,2616,-35.00315475463867
1772133991.0198145,2617,-36.49977493286133
1772134020.510645,2618,-36.274658203125
1772134037.48073,2619,-36.10913848876953
1772134045.6345072,2620,-35.08746337890625
1772134055.1320922,2621,-35.64593505859375
1772134063.583195,2622,-35.63745880126953
1772134073.3738096,2623,-36.732723236083984
1772134083.9014087,2624,-35.44911193847656
1772134088.4188483,2625,-37.1074333190918
1772134091.3047252,2626,-34.937496185302734
1772134097.9180217,2627,-35.718929290771484
1772134106.3605397,2628,-35.77284622192383
1772134128.6380336,2629,-35.42206954956055
1772134229.2815344,2630,-36.35588455200195
1772134237.5214298,2631,-35.24886703491211
1772134256.605422,2632,-35.66977310180664
1772134271.9819093,2633,-36.06244659423828
1772134279.3417482,2634,-36.61198043823242
1772134284.5413713,2635,-34.43923568725586
1772134291.0577564,2636,-35.55830001831055
1772134293.5637197,2637,-36.467079162597656
1772134326.332404,2638,-36.32563018798828
1772134337.608281,2639,-36.67158508300781
1772134342.7292113,2640,-37.26378631591797
1772134346.168626,2641,-36.98928451538086
1772134381.1901248,2642,-35.99062728881836
1772134396.519015,2643,-37.11478042602539
1772134413.0904088,2644,-36.07124328613281
1772134446.0490737,2645,-36.33487319946289
1772134452.386472,2646,-34.35183334350586
1772134473.1866765,2647,-35.55094528198242
1772134473.3119812,2648,-28.11649513244629
1772134498.1088536,2649,-36.76517105102539
1772134509.5596151,2650,-34.906673431396484
1772134516.5852313,2651,-36.92054748535156
1772134520.5085294,2652,-36.609619140625
1772134530.6911933,2653,-36.811214447021484
1772134611.3465943,2654,-33.2081184387207
1772134612.9381263,2655,-38.58515167236328
1772134616.4426622,2656,-34.56126022338867
1772134653.1935587,2657,-37.45302200317383
1772134659.5185897,2658,-35.957313537597656
1772134667.7762706,2659,-34.945533752441406
1772134671.0387263,2660,-35.96070861816406
1772134680.0391002,2661,-36.267127990722656
1772134688.9979658,2662,-36.19594192504883
1772134700.3807511,2663,-35.5512580871582
1772134714.8237228,2664,-36.094764709472656
1772134728.434565,2665,-36.16114807128906
1772134743.289759,2666,-36.09406661987305
1772134767.3621347,2667,-36.06889724731445
1772134779.6754353,2668,-35.01918029785156
1772134802.692651,2669,-36.18092727661133
1772134812.3702965,2670,-36.812686920166016
1772134821.605959,2671,-36.37379837036133
1772134831.8847086,2672,-37.34712600708008
1772134835.4199684,2673,-36.49903869628906
1772134843.5843387,2674,-35.50009536743164
1772134858.2327733,2675,-35.155513763427734
1772134862.3988304,2676,-35.92885208129883
1772134870.6566203,2677,-36.383644104003906
1772134900.512524,2678,-35.65211868286133
1772134905.0247,2679,-37.80714797973633
1772134916.0089345,2680,-36.607826232910156
1772134935.8733916,2681,-36.485565185546875
1772135055.6156256,2682,-43.08658981323242
1772135068.8405511,2683,-36.861175537109375
1772135071.2622612,2684,-37.37247085571289
1772135074.0126586,2685,-36.99483871459961
1772135093.9314609,2686,-35.69377899169922
1772135099.8652878,2687,-35.99132537841797
1772135110.6681905,2688,-34.921688079833984
1772135134.024715,2689,-35.539798736572266
1772135137.3248,2690,-34.530975341796875
1772135139.2409678,2691,-35.063255310058594
1772135165.8060145,2692,-35.840599060058594
1772135188.2859213,2693,-35.52040481567383
1772135213.0415757,2694,-35.915199279785156
1772135224.5234494,2695,-36.25978469848633
1772135225.5378077,2696,-36.03472137451172
1772135231.546164,2697,-35.6380729675293
1772135241.756098,2698,-36.32268142700195
1772135242.5765524,2699,-33.273929595947266
1772135246.8827531,2700,-36.36486053466797
1772135265.3867052,2701,-36.2464714050293
1772135299.5330029,2702,-35.8404426574707
1772135317.5383995,2703,-36.19468307495117
1772135328.5758996,2704,-36.02629470825195
1772135336.5549285,2705,-36.82180404663086
1772135340.3773634,2706,-37.2083740234375
1772135355.6274629,2707,-37.00483322143555
1772135362.5318253,2708,-37.105133056640625
1772135380.5556173,2709,-35.973758697509766
1772135387.9996076,2710,-36.713653564453125
1772135392.9293,2711,-34.42316818237305
1772135484.6784608,2712,-34.16298294067383
1772135490.185814,2713,-36.22626495361328
1772135502.9444146,2714,-36.47370910644531
1772135515.8056624,2715,-36.81944274902344
1772135520.8984804,2716,-35.37599563598633
1772135521.7745945,2717,-37.33979034423828
1772135529.9188654,2718,-35.605812072753906
1772135530.0491545,2719,-29.347333908081055
1772135533.705599,2720,-36.3831672668457
1772135547.7529004,2721,-35.87629318237305
1772135574.593061,2722,-36.05629348754883
1772135581.24428,2723,-38.008296966552734
1772135585.7805357,2724,-36.42245864868164
1772135593.1597178,2725,-36.079227447509766
1772135596.555647,2726,-36.50615310668945
1772135600.3563528,2727,-35.91940689086914
1772135605.2564301,2728,-36.72370910644531
1772135605.3831942,2729,-26.343952178955078
1772135612.3617563,2730,-36.01619338989258
1772135624.2984886,2731,-35.14347457885742
1772135645.1122727,2732,-35.34034729003906
1772135659.4426541,2733,-37.41869354248047
1772135669.11593,2734,-36.451332092285156
1772135672.3440828,2735,-37.088687896728516
1772135716.9159265,2736,-36.67219543457031
1772135728.2152514,2737,-36.22623825073242
1772135731.864426,2738,-34.519630432128906
1772135745.6118386,2739,-35.74393081665039
1772135756.497482,2740,-36.28618240356445
1772135772.94028,2741,-36.08802795410156
1772135780.1716626,2742,-37.01231002807617
1772135784.5500004,2743,-36.29031753540039
1772135788.3951685,2744,-35.95318603515625
1772135795.6836116,2745,-35.60302734375
1772135795.8743243,2746,-46.47523498535156
1772135797.4347167,2747,-35.98457336425781
1772135813.1805677,2748,-35.813995361328125
1772135939.9141955,2749,-36.071651458740234
1772135943.4627647,2750,-36.65169143676758
1772135952.2043715,2751,-35.447147369384766
1772135961.1787708,2752,-35.078521728515625
1772135964.8987586,2753,-35.35640335083008
1772135971.9641743,2754,-35.33910369873047
1772135972.0938928,2755,-39.360164642333984
1772135977.8494503,2756,-36.3010139465332
1772135991.4238045,2757,-36.31329345703125
1772135997.0193963,2758,-36.33821105957031
1772136004.9880779,2759,-36.53180694580078
1772136016.5402205,2760,-37.29563903808594
1772136023.298411,2761,-36.247154235839844
1772136024.557369,2762,-37.323970794677734
1772136028.0617065,2763,-35.60402297973633
1772136028.1900575,2764,-22.54389190673828
1772136031.8018394,2765,-36.72618865966797
1772136035.0395577,2766,-35.95841598510742
1772136038.9470127,2767,-38.45711898803711
1772136052.222643,2768,-36.03730773925781
1772136085.468574,2769,-36.28363800048828
1772136105.1704855,2770,-35.43046951293945
1772136105.3116417,2771,-36.23066329956055
1772136111.0376518,2772,-35.59837341308594
1772136114.7762175,2773,-34.993343353271484
1772136129.3237982,2774,-36.56473922729492
1772136129.4523537,2775,-49.12150573730469
1772136129.5794415,2776,-39.8555793762207
1772136134.2367275,2777,-36.35270309448242
1772136134.3634107,2778,-28.93043327331543
1772136143.520709,2779,-36.41763687133789
1772136144.2587357,2780,-34.49759292602539
1772136155.044527,2781,-36.29762649536133
1772136158.619554,2782,-36.94739532470703
1772136167.7406635,2783,-36.586124420166016
1772136183.1280935,2784,-36.642784118652344
1772136198.8732564,2785,-36.204769134521484
1772136205.3513997,2786,-36.74433517456055
1772136210.3599243,2787,-36.593170166015625
1772136214.5410366,2788,-34.64555358886719
1772136217.7928925,2789,-37.24903106689453
1772136223.4354615,2790,-36.108062744140625
1772136225.7960527,2791,-35.02553939819336
1772136250.1412053,2792,-36.21714782714844
1772136345.5744073,2793,-36.06507110595703
1772136352.338409,2794,-37.264957427978516
1772136355.9054515,2795,-36.535255432128906
1772136370.6941352,2796,-35.665077209472656
1772136392.5748985,2797,-36.11625289916992
1772136409.0295072,2798,-35.57927703857422
1772136413.2866893,2799,-35.742767333984375
1772136420.6001613,2800,-36.73920440673828
1772136428.3787248,2801,-36.62993621826172
1772136428.510069,2802,-34.6890754699707
1772136432.0185964,2803,-35.597286224365234
1772136438.460317,2804,-37.325923919677734
1772136455.521582,2805,-35.0859375
1772136463.0825703,2806,-36.237632751464844
1772136466.587211,2807,-35.384063720703125
1772136466.7203078,2808,-44.673797607421875
1772136476.21992,2809,-36.120357513427734
1772136494.5471547,2810,-35.69258499145508
1772136502.6915834,2811,-37.20977020263672
1772136510.1425831,2812,-36.03511047363281
1772136516.3775527,2813,-37.45750045776367
1772136522.4103491,2814,-37.20258331298828
1772136522.532003,2815,-26.415685653686523
