wall_time,step,value
1772076030.2701151,1,-0.012410633265972137
1772076032.2495787,2,-0.019436443224549294
1772076035.2159467,3,-0.009500051848590374
1772076035.3435776,4,-0.04847302287817001
1772076039.484447,5,-0.027062593027949333
1772076048.8111362,6,-0.2652786672115326
1772076052.090753,7,-0.2888692319393158
1772076059.6633239,8,-0.1737900823354721
1772076064.2529712,9,-0.07789815962314606
1772076067.852075,10,-0.14442643523216248
1772076068.7874417,11,-0.2515958845615387
1772076075.4693635,12,-0.19623324275016785
1772076084.9545608,13,-0.46497029066085815
1772076093.214632,14,-0.9277724623680115
1772076099.7263992,15,-0.9450504779815674
1772076104.795991,16,-1.118003010749817
1772076121.0371716,17,-1.008485198020935
1772076125.2063975,18,-1.298921823501587
1772076127.7621026,19,-1.051246166229248
1772076133.0073104,20,-1.1118485927581787
1772076141.5170214,21,-1.0941396951675415
1772076148.1367269,22,-1.289919137954712
1772076151.544441,23,-1.1063929796218872
1772076151.7260756,24,-2.4175057411193848
1772076163.524593,25,-1.0460420846939087
1772076164.3756704,26,-1.8617744445800781
1772076174.746395,27,-0.9859018325805664
1772076180.4419756,28,-0.9606347680091858
1772076184.0745318,29,-1.2641571760177612
1772076184.2045548,30,-2.1143503189086914
1772076192.2060773,31,-0.9305723905563354
1772076193.9706876,32,-0.8852324485778809
1772076197.6209252,33,-1.08247971534729
1772076202.142266,34,-0.944139301776886
1772076207.2169363,35,-0.7150202393531799
1772076215.1495783,36,-0.61170494556427
1772076220.1786988,37,-0.33677881956100464
1772076221.508923,38,-0.14769604802131653
1772076221.759192,39,-2.1038575172424316
1772076222.07075,40,-2.3065035343170166
1772076229.2300918,41,0.2663504183292389
1772076233.7544847,42,0.3948057293891907
1772076233.8749468,43,-2.145707607269287
1772076237.1815486,44,0.369537889957428
1772076240.9323719,45,0.2819117307662964
1772076247.2582152,46,-0.08854877203702927
1772076248.278143,47,-1.1632306575775146
1772076254.012201,48,0.22025594115257263
1772076254.1344118,49,-0.10144484788179398
1772076255.9815617,50,0.2642621397972107
1772076265.433866,51,0.44051074981689453
1772076273.2796388,52,0.5560497641563416
1772076273.5848117,53,-0.24374240636825562
1772076274.2023742,54,0.5473183393478394
1772076276.6197617,55,0.5833742022514343
1772076278.9681563,56,0.1002061516046524
1772076280.0975835,57,-0.9948772192001343
1772076283.2049968,58,0.04725553095340729
1772076286.4134197,59,0.5243535041809082
1772076291.1792,60,0.5025904774665833
1772076295.949096,61,0.4759199023246765
1772076296.0762055,62,-3.5019240379333496
1772076299.1807344,63,0.41911447048187256
1772076303.0574985,64,0.1067175567150116
1772076309.03935,65,0.7268847227096558
1772076325.9163506,66,0.5864516496658325
1772076327.6798573,67,0.24541383981704712
1772076338.301276,68,1.1710395812988281
1772076400.7197578,69,-0.4853794276714325
1772076400.9076145,70,-3.4741976261138916
1772076404.5321453,71,1.3265496492385864
1772076410.478046,72,1.696929931640625
1772076410.6708715,73,-3.5349483489990234
1772076418.5841813,74,1.706249475479126
1772076421.89802,75,0.9313547611236572
1772076426.108851,76,1.5106092691421509
1772076429.4027302,77,1.8485158681869507
1772076432.3472073,78,1.7646795511245728
1772076437.5946176,79,1.6265329122543335
1772076438.5285082,80,-0.0993766039609909
1772076442.380715,81,1.8689302206039429
1772076442.6866772,82,-0.0994812473654747
1772076449.2931178,83,2.244652509689331
1772076449.609171,84,2.3858749866485596
1772076451.2467518,85,1.7314797639846802
1772076456.428322,86,1.9160866737365723
1772076459.6127262,87,1.6260788440704346
1772076464.0807352,88,1.731671690940857
1772076469.3451664,89,1.8823250532150269
1772076469.7076285,90,1.6788184642791748
1772076474.732991,91,2.5458383560180664
1772076476.1229706,92,1.4565716981887817
1772076485.061984,93,2.587538719177246
1772076485.559446,94,-0.6200457811355591
1772076487.1289692,95,2.1416215896606445
1772076499.3435612,96,2.1633076667785645
1772076504.6769598,97,2.4355645179748535
1772076504.854485,98,0.5827457308769226
1772076507.9550748,99,2.382643461227417
1772076509.818503,100,2.7035789489746094
1772076519.8390934,101,2.7234621047973633
1772076522.2939713,102,2.705927610397339
1772076530.3154197,103,4.008296012878418
1772076531.7057362,104,3.742680788040161
1772076539.9662628,105,3.1986899375915527
1772076543.2162263,106,3.0919673442840576
1772076543.7059617,107,1.9643343687057495
1772076545.733067,108,2.8778135776519775
1772076547.050987,109,4.015828609466553
1772076547.5456274,110,0.3534896969795227
1772076551.8887975,111,3.2290751934051514
1772076559.5394173,112,3.1579267978668213
1772076559.9020452,113,0.3626881241798401
1772076561.8412402,114,3.6463940143585205
1772076564.1141798,115,3.0521411895751953
1772076566.5652287,116,3.7885873317718506
1772076569.0494251,117,3.6484999656677246
1772076571.283291,118,4.002441883087158
1772076572.7305849,119,3.7013471126556396
1772076577.771469,120,4.413998126983643
1772076581.4645143,121,4.397554397583008
1772076582.3832471,122,1.9962456226348877
1772076584.7302144,123,3.8642961978912354
1772076588.493387,124,4.532918930053711
1772076591.5458899,125,4.0562334060668945
1772076592.0263758,126,3.830559730529785
1772076595.8981678,127,4.117892742156982
1772076600.8593724,128,4.894883632659912
1772076601.9509873,129,5.0054240226745605
1772076606.1028206,130,5.396238327026367
1772076606.5267446,131,3.0548129081726074
1772076609.9168258,132,4.983514308929443
1772076610.0374875,133,3.426450252532959
1772076613.3024616,134,5.5604753494262695
1772076616.4387324,135,5.397356986999512
1772076622.617515,136,6.163186550140381
1772076627.2535152,137,5.344176769256592
1772076632.1088696,138,5.444554328918457
1772076632.9590979,139,6.0020904541015625
1772076634.6350384,140,5.6666998863220215
1772076636.0257857,141,3.8775076866149902
1772076636.4024625,142,1.6645042896270752
1772076636.523809,143,2.5122811794281006
1772076640.445448,144,6.402626991271973
1772076643.623708,145,6.27338981628418
1772076647.4052198,146,7.153678894042969
1772076648.4420757,147,5.534687519073486
1772076648.8588316,148,4.919900894165039
1772076649.040873,149,0.6894115209579468
1772076655.2601244,150,10.238275527954102
1772076669.0023587,151,10.978246688842773
1772076669.8063786,152,7.205708026885986
1772076675.9698832,153,11.143963813781738
1772076690.4423928,154,10.99275016784668
1772076691.4459734,155,8.008220672607422
1772076693.6181805,156,8.619965553283691
1772076698.95678,157,7.9113450050354
1772076699.9900935,158,11.02500057220459
1772076705.5850635,159,8.482741355895996
1772076744.3784423,160,11.042522430419922
1772076747.9261293,161,11.662479400634766
1772076749.7821577,162,11.638772964477539
1772076752.078324,163,12.000123023986816
1772076756.1611133,164,12.333444595336914
1772076759.946094,165,8.811558723449707
1772076766.0360744,166,9.768500328063965
1772076772.6011863,167,10.50165843963623
1772076778.314365,168,12.744743347167969
1772076779.7035823,169,9.289324760437012
1772076783.8652782,170,12.236174583435059
1772076784.411597,171,4.699218273162842
1772076784.82525,172,8.874533653259277
1772076785.0708954,173,9.274127006530762
1772076786.3449247,174,9.55543041229248
1772076792.1239357,175,14.007946968078613
1772076793.6837063,176,13.661416053771973
1772076794.1703196,177,14.159440040588379
1772076794.351507,178,10.257320404052734
1772076806.6200454,179,14.408493041992188
1772076808.5965528,180,13.209694862365723
1772076813.772979,181,14.30339527130127
1772076820.745842,182,15.332448959350586
1772076825.404886,183,15.244696617126465
1772076825.5835998,184,4.73325777053833
1772076831.181047,185,15.362879753112793
1772076831.5515,186,10.904173851013184
1772076834.8420577,187,15.384241104125977
1772076835.96282,188,14.740483283996582
1772076847.386827,189,16.778100967407227
1772076849.248705,190,15.76185131072998
1772076855.450098,191,17.04049301147461
1772076858.3844,192,16.363216400146484
1772076859.4122841,193,16.737688064575195
1772076861.5277863,194,16.134952545166016
1772076865.7615733,195,17.622901916503906
1772076874.3883939,196,18.450130462646484
1772076880.0006983,197,18.872432708740234
1772076888.3303177,198,18.952495574951172
1772076900.370883,199,18.174575805664062
1772076904.5652888,200,17.66239356994629
1772076906.6084383,201,19.390047073364258
1772076906.7980793,202,14.412881851196289
1772076913.650267,203,20.768924713134766
1772076915.5848064,204,17.956907272338867
1772076921.1036289,205,19.09935188293457
1772076923.0573206,206,19.39743995666504
1772076924.2528877,207,17.960865020751953
1772076939.9805918,208,26.782777786254883
1772076941.3661036,209,19.771120071411133
1772076942.2191708,210,19.284788131713867
1772076945.9791543,211,26.60179901123047
1772076950.7696142,212,23.538070678710938
1772076955.1337569,213,24.536840438842773
1772076964.5341284,214,28.14705467224121
1772076967.7159793,215,21.804410934448242
1772076967.8393047,216,17.15839958190918
1772076968.0199468,217,16.91098976135254
1772076971.9297297,218,29.203941345214844
1772076974.8147833,219,23.35051918029785
1772076980.571218,220,28.000329971313477
1772076985.6039317,221,24.749685287475586
1772076990.2641838,222,22.84834861755371
1772076995.7652035,223,29.957786560058594
1772076995.8858776,224,8.21225357055664
1772077000.9291885,225,29.8310489654541
1772077002.4277914,226,25.469139099121094
1772077002.6070678,227,21.457447052001953
1772077006.9536448,228,24.19599151611328
1772077009.1390603,229,31.414775848388672
1772077027.19884,230,32.327823638916016
1772077027.629818,231,33.129825592041016
1772077027.8211136,232,25.077348709106445
1772077039.4727037,233,30.494850158691406
1772077075.8452487,234,35.3166618347168
1772077133.9025748,235,36.32584762573242
1772077134.3947244,236,22.244789123535156
1772077136.7973633,237,27.095911026000977
1772077139.1905713,238,29.39773941040039
1772077139.3750587,239,18.3885440826416
1772077141.370954,240,32.44059753417969
1772077141.7427049,241,24.62031364440918
1772077144.9212592,242,29.07386589050293
1772077148.1727622,243,33.01548767089844
1772077151.8709388,244,34.90378952026367
1772077152.0765226,245,22.937416076660156
1772077154.6288068,246,30.587554931640625
1772077156.5709,247,30.239126205444336
1772077156.691522,248,29.854351043701172
1772077162.195584,249,34.510005950927734
1772077162.3172636,250,23.952234268188477
1772077168.723665,251,35.664405822753906
1772077169.3329074,252,30.48987579345703
1772077169.8831842,253,35.97050094604492
1772077175.1550272,254,35.03046417236328
1772077176.2288945,255,27.700441360473633
1772077176.3472865,256,22.102521896362305
1772077177.0042126,257,26.716114044189453
1772077180.2059844,258,32.844940185546875
1772077181.3350284,259,32.16372299194336
1772077182.171015,260,28.636686325073242
1772077183.898136,261,33.01824188232422
1772077187.8193598,262,30.604766845703125
1772077190.1054595,263,31.778369903564453
1772077190.7135465,264,31.550012588500977
1772077192.1605132,265,30.749431610107422
1772077195.8766403,266,36.752506256103516
1772077202.1702218,267,40.41480255126953
1772077202.5848916,268,34.973209381103516
1772077204.2733867,269,41.18263626098633
1772077204.397834,270,40.31755447387695
1772077206.4506154,271,36.15314865112305
1772077208.9967864,272,40.51382064819336
1772077215.577204,273,42.09312438964844
1772077218.8463418,274,43.51417541503906
1772077219.0913205,275,20.5755615234375
1772077221.0797682,276,43.44709014892578
1772077224.8851628,277,40.43769454956055
1772077227.9084883,278,43.59797286987305
1772077228.2867823,279,28.006362915039062
1772077228.4686978,280,30.34528350830078
1772077232.1186242,281,40.6416015625
1772077237.1047723,282,41.36345291137695
1772077237.743295,283,33.9113883972168
1772077238.0376518,284,40.415645599365234
1772077240.1419015,285,44.394020080566406
1772077245.2694812,286,45.58733367919922
1772077247.4409673,287,40.245758056640625
1772077248.4587874,288,33.1666145324707
1772077254.602192,289,45.132530212402344
1772077257.5095127,290,45.63630676269531
1772077257.7076235,291,34.721435546875
1772077259.8309138,292,44.83177947998047
1772077261.771238,293,42.778602600097656
1772077265.9740083,294,45.99644470214844
1772077270.379054,295,42.030025482177734
1772077272.8582184,296,40.496803283691406
1772077273.8205016,297,42.66634750366211
1772077275.0348265,298,45.40001678466797
1772077292.8365893,299,47.10881805419922
1772077297.1492558,300,49.23685836791992
1772077301.6217713,301,48.91255187988281
1772077305.428125,302,45.516517639160156
1772077310.746152,303,49.157283782958984
1772077313.413416,304,46.09114456176758
1772077315.1053143,305,46.82413101196289
1772077315.282826,306,32.81867218017578
1772077318.7138503,307,47.31019592285156
1772077326.5722253,308,51.06610870361328
1772077333.5402462,309,48.01201629638672
1772077337.7461803,310,49.59783935546875
1772077337.8696742,311,27.310514450073242
1772077341.194341,312,48.440773010253906
1772077342.648314,313,43.67357635498047
1772077352.0054877,314,52.97831726074219
1772077352.1422436,315,31.656326293945312
1772077356.1862504,316,50.220787048339844
1772077360.7715821,317,50.03471374511719
1772077364.50217,318,53.613712310791016
1772077367.2502542,319,49.74809646606445
1772077373.0748959,320,53.30292510986328
1772077376.687892,321,53.16029739379883
1772077377.9839213,322,48.4494743347168
1772077382.622245,323,51.5914421081543
1772077386.2937815,324,43.96895217895508
1772077386.4156876,325,35.421958923339844
1772077387.6327453,326,50.76268768310547
1772077389.1487305,327,49.328182220458984
1772077390.890816,328,52.031463623046875
1772077395.3775089,329,52.42255783081055
1772077400.5772915,330,56.733341217041016
1772077403.3209906,331,57.4654541015625
1772077405.9698622,332,53.35993576049805
1772077409.995657,333,52.93631362915039
1772077425.490479,334,58.02248764038086
1772077433.884599,335,54.13878631591797
1772077434.359806,336,54.82985305786133
1772077436.6611433,337,49.55315399169922
1772077439.8325028,338,51.298221588134766
1772077440.3122892,339,47.1131591796875
1772077440.7294805,340,35.94318771362305
1772077449.1425567,341,56.1723518371582
1772077456.6804373,342,59.9594841003418
1772077459.9181151,343,59.8074836730957
1772077467.1402802,344,60.97534942626953
1772077473.197654,345,61.68726348876953
1772077473.454503,346,57.940650939941406
1772077474.5506573,347,57.29905319213867
1772077480.2665758,348,62.25934982299805
1772077483.5508687,349,56.47354507446289
1772077487.6152515,350,61.36520004272461
1772077489.4707046,351,58.09450149536133
1772077503.3379576,352,64.28128051757812
1772077504.918982,353,60.56837463378906
1772077511.9827113,354,62.24911117553711
1772077513.2078612,355,58.3045768737793
1772077519.0394483,356,65.27178955078125
1772077520.7786968,357,59.14823532104492
1772077520.971926,358,39.5034294128418
1772077524.40825,359,56.95378875732422
1772077524.5303915,360,37.35194396972656
1772077528.423485,361,65.85900115966797
1772077530.8468466,362,59.16534423828125
1772077534.0395136,363,63.55821990966797
1772077540.1410956,364,66.90858459472656
1772077542.842443,365,66.75157928466797
1772077543.7425644,366,57.2811164855957
1772077546.1692526,367,64.75431060791016
1772077550.7735298,368,61.94999313354492
1772077555.0491645,369,61.66813659667969
1772077558.2211711,370,63.14833450317383
1772077562.3972769,371,65.70220184326172
1772077566.6739967,372,66.09114074707031
1772077569.7283523,373,67.64411163330078
1772077569.849583,374,38.07473373413086
1772077574.9412923,375,65.8064956665039
1772077576.0262856,376,60.08552932739258
1772077578.2691813,377,68.60945129394531
1772077580.2453256,378,68.32389831542969
1772077586.0901632,379,68.32328033447266
1772077595.8300169,380,70.16622924804688
1772077597.2682676,381,68.65984344482422
1772077598.5922003,382,66.01036834716797
1772077598.970521,383,59.84713363647461
1772077601.5790722,384,71.20203399658203
1772077605.0576522,385,71.57428741455078
1772077610.218514,386,71.21798706054688
1772077614.4040594,387,72.34957885742188
1772077619.114611,388,73.67221069335938
1772077621.4247024,389,68.87519836425781
1772077622.5746083,390,61.52873611450195
1772077624.6716933,391,68.52075958251953
1772077627.4980853,392,72.29861450195312
1772077634.8959472,393,74.68121337890625
1772077636.8250666,394,73.63639068603516
1772077646.518376,395,74.88597106933594
1772077647.408507,396,70.10862731933594
1772077653.8543236,397,71.26528930664062
1772077654.7771559,398,67.03526306152344
1772077656.378629,399,66.50760650634766
1772077657.8562582,400,63.111812591552734
1772077669.8829973,401,71.12519073486328
1772077675.5061684,402,76.33191680908203
1772077681.3947523,403,76.9907455444336
1772077691.281111,404,75.23515319824219
1772077693.2124598,405,76.87168884277344
1772077693.3311365,406,52.145240783691406
1772077700.124642,407,77.98131561279297
1772077701.080075,408,68.10443878173828
1772077701.8075476,409,75.00703430175781
1772077703.3855617,410,73.44375610351562
1772077707.3735123,411,77.49376678466797
1772077717.212753,412,79.29452514648438
1772077717.3344383,413,43.3183479309082
1772077725.2642066,414,80.26408386230469
1772077727.9867036,415,73.9251937866211
1772077728.110246,416,47.25069046020508
1772077729.65506,417,70.9841079711914
1772077828.364764,418,68.69554138183594
1772077831.627206,419,78.14436340332031
1772077833.8345633,420,73.75048828125
1772077838.0611532,421,78.25670623779297
1772077846.4304144,422,83.77206420898438
1772077846.6114557,423,72.26751708984375
1772077856.3619416,424,81.72833251953125
1772077862.4459708,425,82.99779510498047
1772077869.084299,426,81.12678527832031
1772077870.346517,427,84.9947738647461
1772077871.5056667,428,78.88652801513672
1772077874.2388713,429,74.72949981689453
1772077875.9141421,430,81.7256088256836
1772077876.5908036,431,74.86128234863281
1772077877.8089342,432,76.09026336669922
1772077880.6397455,433,76.89417266845703
1772077885.196616,434,79.37354278564453
1772077888.8774717,435,86.3276596069336
1772077892.6637218,436,82.84637451171875
1772077899.3567424,437,85.04801940917969
1772077899.4774826,438,64.27902221679688
1772077904.2068732,439,85.52706909179688
1772077905.3630462,440,76.61338806152344
1772077910.3932555,441,86.09266662597656
1772077914.6093671,442,86.7590560913086
1772077919.0072763,443,85.79130554199219
1772077923.4866116,444,83.70488739013672
1772077923.6090603,445,52.71385192871094
1772077923.9141107,446,79.30139923095703
1772077930.6199634,447,86.76924896240234
1772077944.3460205,448,90.14932250976562
1772077956.3074646,449,89.05068969726562
1772077956.6939788,450,63.21923828125
1772077961.475979,451,91.18071746826172
1772077965.4652424,452,92.59148406982422
1772077968.5974846,453,92.24369812011719
1772077970.833625,454,84.50403594970703
1772077975.1207423,455,91.38589477539062
1772077975.2453985,456,88.16829681396484
1772077976.586924,457,76.78828430175781
1772077979.3767488,458,89.06458282470703
1772077980.0467765,459,89.63711547851562
1772077983.2157567,460,93.55013275146484
1772077985.1485908,461,91.281982421875
1772077995.4490874,462,92.2390365600586
1772077997.6168673,463,85.0003662109375
1772077999.5654385,464,85.70757293701172
1772077999.6938107,465,83.3459701538086
1772078006.14341,466,93.80198669433594
1772078008.6972656,467,90.69255065917969
1772078010.5416036,468,92.90281677246094
1772078021.0655358,469,107.16947174072266
1772078023.827005,470,91.14166259765625
1772078027.4684093,471,113.02265167236328
1772078029.993963,472,92.45634460449219
1772078031.3919628,473,112.53298950195312
1772078034.57016,474,87.1786117553711
1772078042.5696766,475,110.99691009521484
1772078053.5581336,476,97.05302429199219
1772078053.743905,477,78.05534362792969
1772078055.9559467,478,90.23783111572266
1772078062.767424,479,95.23638153076172
1772078075.3420055,480,97.329345703125
1772078090.2920012,481,96.0260238647461
1772078091.5518467,482,93.42523956298828
1772078092.6932254,483,93.6402587890625
1772078096.9453342,484,97.18598937988281
1772078105.6159468,485,94.51818084716797
1772078107.9167268,486,93.04920959472656
1772078108.2783227,487,93.02489471435547
1772078110.5735686,488,99.20455169677734
1772078110.7011783,489,79.15504455566406
1772078110.8295019,490,66.32694244384766
1772078111.9193728,491,96.57296752929688
1772078112.1596348,492,75.08531188964844
1772078122.332227,493,99.90494537353516
1772078123.8914828,494,96.9966049194336
1772078134.7175741,495,100.09590148925781
1772078174.6087568,496,85.99813079833984
1772078184.1644838,497,111.69721221923828
1772078186.4689465,498,96.4893798828125
1772078191.8038743,499,94.5908203125
1772078191.983112,500,81.0639877319336
1772078196.7850735,501,95.40872192382812
1772078200.5455337,502,100.64258575439453
1772078203.5825562,503,103.38253021240234
1772078207.991245,504,91.5840835571289
1772078212.5971963,505,93.67510986328125
1772078217.4694796,506,97.51795196533203
1772078229.1579256,507,95.97624969482422
1772078237.8852823,508,95.45179748535156
1772078238.0083652,509,88.33309936523438
1772078240.036293,510,94.26145935058594
1772078241.4623072,511,96.61943817138672
1772078252.5950851,512,98.53362274169922
1772078262.647939,513,97.04402923583984
1772078262.771898,514,96.90372467041016
1772078267.8687825,515,99.61802673339844
1772078268.9854808,516,96.4595718383789
1772078271.4680674,517,95.93733215332031
1772078272.4376338,518,98.60877227783203
1772078273.8821926,519,97.6865234375
1772078274.0051935,520,81.23779296875
1772078283.2442837,521,98.45880126953125
1772078283.3743122,522,73.37712097167969
1772078285.201999,523,96.10637664794922
1772078305.8194087,524,106.07159423828125
1772078311.519699,525,100.167236328125
1772078319.0141177,526,103.47752380371094
1772078319.871414,527,105.94340515136719
1772078320.6611965,528,98.62039184570312
1772078330.7451053,529,102.03182220458984
1772078336.3826098,530,101.4042739868164
1772078338.772977,531,108.61368560791016
1772078341.644755,532,103.96073150634766
1772078341.775427,533,74.86434173583984
1772078349.02918,534,103.1985092163086
1772078351.2446082,535,106.03399658203125
1772078360.3142984,536,104.27033233642578
1772078363.8564463,537,103.11372375488281
1772078371.4098785,538,117.43131256103516
1772078379.2137764,539,116.3862075805664
1772078383.3287044,540,107.3312759399414
1772078384.5266516,541,98.802734375
1772078386.2784517,542,102.27699279785156
1772078386.7695215,543,91.39788818359375
1772078389.9326363,544,101.44161987304688
1772078392.2403953,545,106.5311050415039
1772078393.3297307,546,100.70086669921875
1772078417.212914,547,113.34483337402344
1772078419.6216016,548,105.25395965576172
1772078419.7402787,549,78.39126586914062
1772078430.7411997,550,106.27032470703125
1772078435.108036,551,107.76121520996094
1772078436.208651,552,104.36529541015625
1772078444.035864,553,108.4436264038086
1772078444.6688495,554,103.49459838867188
1772078446.6345537,555,108.1179428100586
1772078452.4150715,556,108.25856018066406
1772078452.95882,557,101.92215728759766
1772078459.3863711,558,107.7118148803711
1772078460.0069187,559,100.33397674560547
1772078475.3703804,560,114.59535217285156
1772078477.5739367,561,109.41768646240234
1772078482.0608006,562,114.92147827148438
1772078485.5251596,563,108.80188751220703
1772078486.3179018,564,107.63240814208984
1772078487.9913867,565,108.38190460205078
1772078603.1182687,566,98.61602783203125
1772078604.1579008,567,107.50109100341797
1772078605.912597,568,107.11618041992188
1772078608.8832448,569,109.06512451171875
1772078609.8482375,570,108.66133880615234
1772078612.5351727,571,113.8288345336914
1772078620.4350712,572,115.45103454589844
1772078621.9790485,573,109.85397338867188
1772078631.03806,574,113.78018951416016
1772078636.0049512,575,113.15093994140625
1772078642.8784244,576,115.64506530761719
1772078643.2433014,577,101.33502960205078
1772078647.2135317,578,109.16997528076172
1772078653.009035,579,117.33572387695312
1772078654.7178519,580,114.64531707763672
1772078660.330265,581,118.07627868652344
1772078661.3644247,582,113.05146026611328
1772078674.1228416,583,117.46575927734375
1772078674.2523212,584,87.94966888427734
1772078674.3796697,585,79.04569244384766
1772078674.5078838,586,101.83527374267578
1772078678.2929025,587,112.69072723388672
1772078680.9810896,588,116.4390640258789
1772078681.708671,589,110.34870147705078
1772078682.0101926,590,103.6927719116211
1772078683.5390134,591,109.4803695678711
1772078687.4065828,592,118.39852905273438
1772078690.108358,593,109.69136810302734
1772078690.230341,594,94.11892700195312
1772078695.116769,595,108.89657592773438
1772078696.214509,596,113.5770492553711
1772078696.3360207,597,78.24215698242188
1772078697.4452229,598,109.23851013183594
1772078700.0468223,599,111.5519027709961
1772078701.8688767,600,114.37400817871094
1772078702.5364122,601,109.27532958984375
1772078704.5119655,602,111.8620834350586
1772078706.0481584,603,114.44483184814453
1772078712.4121556,604,119.03838348388672
1772078715.6942706,605,117.56990051269531
1772078718.2296076,606,117.63897705078125
1772078720.7610753,607,113.26593780517578
1772078724.3447814,608,115.7306900024414
1772078729.1679096,609,116.54313659667969
1772078734.7792156,610,118.45138549804688
1772078734.9606574,611,104.6049575805664
1772078735.5084894,612,100.8846664428711
1772078736.3502045,613,109.18990325927734
1772078739.564134,614,117.21184539794922
1772078739.6907344,615,91.85131072998047
1772078744.861732,616,117.89513397216797
1772078749.147257,617,118.39997100830078
1772078758.0058851,618,121.74937438964844
1772078763.9024599,619,119.68175506591797
1772078769.0768943,620,120.93511199951172
1772078780.740742,621,122.48892211914062
1772078786.2347271,622,122.08538055419922
1772078786.4786534,623,104.56511688232422
1772078787.3400888,624,107.75827026367188
1772078787.5341256,625,104.23715209960938
1772078791.2269492,626,123.4104995727539
1772078791.577787,627,104.22045135498047
1772078792.7969453,628,116.42683410644531
1772078793.8750095,629,116.54610443115234
1772078794.1263673,630,112.7269058227539
1772078797.6869967,631,125.03514099121094
1772078800.499241,632,118.5015640258789
1772078800.882846,633,108.32316589355469
1772078804.6327887,634,122.9972152709961
1772078809.264222,635,125.16802978515625
1772078810.4929252,636,118.6490707397461
1772078813.681543,637,122.32388305664062
1772078819.0273583,638,122.56793212890625
1772078820.0541315,639,116.52510833740234
1772078824.6585338,640,124.83380889892578
1772078824.781592,641,83.96851348876953
1772078827.1992385,642,115.79212188720703
1772078829.298385,643,117.63004302978516
1772078836.555522,644,122.34220123291016
1772078839.5346525,645,120.33076477050781
1772078845.2923853,646,125.37359619140625
1772078850.5040998,647,125.59127807617188
1772078856.6911714,648,127.22543334960938
1772078858.026754,649,121.17918395996094
1772078866.0532362,650,127.06356048583984
1772078868.3398085,651,124.30602264404297
1772078870.3359194,652,117.82353210449219
1772078877.6282039,653,127.17133331298828
1772078878.5429356,654,117.7520980834961
1772078878.6850603,655,106.61188507080078
1772078887.000471,656,127.2229995727539
1772078888.564289,657,117.91661834716797
1772078888.686036,658,88.88394927978516
1772078888.878473,659,113.94061279296875
1772078891.759091,660,128.48277282714844
1772078898.5255244,661,121.2365493774414
1772078900.973959,662,121.54115295410156
1772078904.7265093,663,123.29500579833984
1772078912.3401563,664,126.80223846435547
1772078995.9800987,665,128.3409423828125
1772079001.245499,666,126.58503723144531
1772079003.5692403,667,129.08657836914062
1772079006.7517805,668,128.25784301757812
1772079007.0564024,669,97.2686538696289
1772079007.1800766,670,110.64759826660156
1772079008.4637675,671,118.69467163085938
1772079010.9162567,672,120.51080322265625
1772079011.8075285,673,122.48998260498047
1772079022.63587,674,143.1633758544922
1772079030.901529,675,139.9661865234375
1772079032.1740112,676,122.29296112060547
1772079032.301911,677,104.44600677490234
1772079035.1510608,678,126.29473876953125
1772079039.9081376,679,125.8608169555664
1772079040.5857747,680,121.84471130371094
1772079049.866562,681,129.6182098388672
1772079056.57193,682,129.2979736328125
1772079056.7519999,683,113.57938385009766
1772079061.1432867,684,128.86474609375
1772079068.6879783,685,131.91903686523438
1772079071.115743,686,124.58879852294922
1772079079.573485,687,128.899169921875
1772079091.477673,688,136.2728729248047
1772079091.6637068,689,103.8095932006836
1772079092.6295774,690,129.48245239257812
1772079094.3302078,691,132.869140625
1772079096.7343075,692,133.9090576171875
1772079098.715549,693,137.06861877441406
1772079100.1504333,694,134.91891479492188
1772079101.8433187,695,139.2017059326172
1772079111.2457256,696,135.18450927734375
1772079111.373274,697,125.8358383178711
1772079116.4923377,698,135.78750610351562
1772079122.2253292,699,135.18348693847656
1772079125.3553329,700,135.47750854492188
1772079125.6559975,701,139.00486755371094
1772079131.2000263,702,139.80555725097656
1772079134.891441,703,137.325439453125
1772079135.0233805,704,105.34413146972656
1772079139.7937,705,136.72605895996094
1772079140.1669507,706,127.357421875
1772079140.6188033,707,131.52133178710938
1772079140.8171885,708,129.77230834960938
1772079141.0108273,709,113.6082763671875
1772079151.9616668,710,137.34811401367188
1772079207.6264625,711,144.60586547851562
1772079209.7263954,712,139.1088409423828
1772079220.214568,713,143.3201141357422
1772079220.3406975,714,119.89409637451172
1772079231.309156,715,139.6173553466797
1772079231.997749,716,124.37638854980469
1772079239.3759656,717,140.61517333984375
1772079242.3099167,718,141.65457153320312
1772079242.4491022,719,127.4937973022461
1772079244.6637943,720,142.59796142578125
1772079246.8605855,721,144.37948608398438
1772079250.1854854,722,144.24566650390625
1772079259.5843647,723,143.70852661132812
1772079259.967464,724,132.59934997558594
1772079261.9436493,725,134.6148223876953
1772079269.3385713,726,143.41221618652344
1772079272.7593203,727,140.00604248046875
1772079276.8635333,728,143.27894592285156
1772079284.9860153,729,147.2380828857422
1772079290.7969778,730,148.2198944091797
1772079293.98407,731,147.2810516357422
1772079294.1048903,732,125.81730651855469
1772079295.9145694,733,146.42359924316406
1772079299.8056605,734,146.98214721679688
1772079306.398723,735,148.30967712402344
1772079458.0958307,736,143.14402770996094
1772079458.2245502,737,131.3304443359375
1772079458.9627593,738,132.99229431152344
1772079462.4314754,739,147.4650421142578
1772079463.4100473,740,148.807373046875
1772079466.131173,741,143.57901000976562
1772079482.3622055,742,148.7417449951172
1772079485.7256687,743,145.05862426757812
1772079491.1634712,744,148.19168090820312
1772079494.6929781,745,144.87457275390625
1772079494.965377,746,111.0488510131836
1772079501.01277,747,148.16351318359375
1772079505.7896328,748,152.63455200195312
1772079512.4407084,749,145.20188903808594
1772079512.6282136,750,142.50656127929688
1772079535.1161263,751,153.32286071777344
1772079535.613083,752,136.3555145263672
1772079542.0780847,753,150.17034912109375
1772079542.9815986,754,148.77313232421875
1772079550.3845062,755,147.99830627441406
1772079553.8259072,756,152.20779418945312
1772079557.1500058,757,152.35867309570312
1772079557.462017,758,146.35836791992188
1772079564.8926637,759,154.25682067871094
1772079565.0142357,760,115.23948669433594
1772079568.9737585,761,149.32838439941406
1772079569.5150754,762,151.28436279296875
1772079571.9467125,763,147.43113708496094
1772079577.5793889,764,152.86712646484375
1772079586.3660474,765,155.14381408691406
1772079591.4440193,766,152.79945373535156
1772079593.4762254,767,144.74319458007812
1772079593.8488874,768,145.21893310546875
1772079601.194651,769,154.89498901367188
1772079603.2157936,770,155.35430908203125
1772079603.887261,771,147.54742431640625
1772079615.3140032,772,153.37925720214844
1772079620.0925486,773,151.32606506347656
1772079627.3157766,774,155.83583068847656
1772079633.176931,775,155.70091247558594
1772079644.0499816,776,150.65785217285156
1772079651.58496,777,152.65028381347656
1772079660.1432889,778,157.12319946289062
1772079661.4845455,779,147.8766632080078
1772079661.6752164,780,142.9878387451172
1772079666.5405176,781,157.523193359375
1772079671.2876058,782,155.83737182617188
1772079674.7130196,783,155.3871307373047
1772079678.993388,784,152.7914276123047
1772079683.0547106,785,151.45204162597656
1772079684.030266,786,148.9667510986328
1772079686.7061033,787,156.93922424316406
1772079687.680848,788,157.07310485839844
1772079688.1069334,789,155.05215454101562
1772079697.8074725,790,159.9564208984375
1772079698.8366692,791,151.00279235839844
1772079703.7418833,792,157.00355529785156
1772079705.247905,793,156.20384216308594
1772079706.1998901,794,157.50244140625
1772079713.2733276,795,158.2482147216797
1772079715.997218,796,156.39572143554688
1772079716.176951,797,152.9754180908203
1772079717.758519,798,150.95535278320312
1772079722.3881948,799,156.30926513671875
1772079723.923668,800,159.65756225585938
1772079724.228414,801,146.8745574951172
1772079724.4125404,802,138.396728515625
1772079729.3554895,803,160.5121612548828
1772079732.0138667,804,154.85101318359375
1772079739.7421803,805,157.6956024169922
1772079739.8656402,806,151.40586853027344
1772079756.0247416,807,161.24046325683594
1772079756.9850025,808,148.49095153808594
1772079759.8209472,809,161.2372283935547
1772079766.3575385,810,163.13528442382812
1772079768.4208076,811,162.1878204345703
1772079928.2539532,812,142.93873596191406
1772079931.261188,813,157.92481994628906
1772079932.2491348,814,160.2484893798828
1772079934.9432673,815,161.95863342285156
1772079944.7864037,816,163.6272430419922
1772079945.5165775,817,151.26947021484375
1772079946.9657137,818,158.3557891845703
1772079947.9970102,819,149.6566925048828
1772079949.420744,820,164.6626739501953
1772079955.8675067,821,162.94363403320312
1772079955.9906638,822,121.38931274414062
1772079958.5060825,823,163.22943115234375
1772079959.8501148,824,159.6041259765625
1772079960.458515,825,152.85401916503906
1772079960.6503196,826,146.12841796875
1772079966.5745115,827,163.69940185546875
1772079969.7209778,828,163.46038818359375
1772079969.8433533,829,143.05630493164062
1772079980.528253,830,163.98617553710938
1772079982.116498,831,154.4770965576172
1772079986.0082357,832,164.2424774169922
1772079989.601374,833,161.94931030273438
1772079992.2194073,834,162.8969268798828
1772079995.8446515,835,163.4202880859375
1772079996.2818277,836,152.5962677001953
1772079999.4680684,837,163.67800903320312
1772080004.9575944,838,164.08628845214844
1772080011.4299643,839,161.78631591796875
1772080015.6699607,840,162.54354858398438
1772080028.435701,841,165.1319122314453
1772080037.258959,842,165.93359375
1772080040.4159057,843,168.69354248046875
1772080041.6621785,844,160.33302307128906
1772080045.0342817,845,166.87530517578125
1772080046.6848757,846,163.29779052734375
1772080049.854333,847,164.1156005859375
1772080053.3265798,848,169.87806701660156
1772080053.4542556,849,141.0962371826172
1772080062.1101322,850,163.45147705078125
1772080072.28259,851,167.0229949951172
1772080081.325054,852,167.42843627929688
1772080081.900452,853,163.86033630371094
1772080082.0952344,854,153.9178009033203
1772080088.0375597,855,164.37547302246094
1772080089.3242497,856,162.1294403076172
1772080092.2794683,857,163.65072631835938
1772080097.880376,858,169.4934844970703
1772080098.954626,859,163.26123046875
1772080113.8144908,860,169.01515197753906
1772080124.9965527,861,170.99794006347656
1772080133.9388723,862,165.80775451660156
1772080136.778966,863,172.2361297607422
1772080143.7004917,864,172.8571014404297
1772080152.2077749,865,172.36415100097656
1772080152.3364923,866,151.6092071533203
1772080161.0158436,867,176.25802612304688
1772080164.5450568,868,173.4512176513672
1772080170.5714939,869,173.6302490234375
1772080173.085973,870,175.3406524658203
1772080176.4338913,871,173.50611877441406
1772080176.5591938,872,135.98492431640625
1772080180.3443286,873,166.86134338378906
1772080182.564752,874,173.16041564941406
1772080193.0101385,875,176.17962646484375
1772080193.9760945,876,177.20677185058594
1772080194.1582096,877,149.05215454101562
1772080195.3276553,878,167.06629943847656
1772080195.448331,879,165.67088317871094
1772080198.328855,880,166.2680206298828
1772080198.990082,881,160.904052734375
1772080205.5997188,882,176.32666015625
1772080213.3577476,883,178.40328979492188
1772080213.9619696,884,163.50704956054688
1772080220.6719031,885,178.29986572265625
1772080225.2222295,886,170.14183044433594
1772080230.1404493,887,177.5537109375
1772080232.1923022,888,177.60848999023438
1772080238.7740555,889,177.59402465820312
1772080240.6989083,890,162.21249389648438
1772080240.8233156,891,152.1111602783203
1772080241.7550116,892,154.15005493164062
1772080242.604375,893,173.188232421875
1772080242.7344465,894,131.86691284179688
1772080252.2728004,895,174.20458984375
1772080384.4399576,896,172.70814514160156
1772080390.0952728,897,179.062255859375
1772080391.536934,898,178.8612518310547
1772080394.8271205,899,177.67092895507812
1772080395.703605,900,175.6368865966797
1772080396.0308123,901,170.0209503173828
1772080404.1749356,902,178.3953857421875
1772080404.9842916,903,164.73512268066406
1772080420.1929832,904,180.0377960205078
1772080423.8226001,905,175.3003692626953
1772080432.9865532,906,174.88685607910156
1772080438.5451665,907,178.97103881835938
1772080447.615129,908,176.1811065673828
1772080451.8217683,909,182.1453094482422
1772080451.948192,910,151.80337524414062
1772080452.4421778,911,169.01934814453125
1772080457.147558,912,173.66409301757812
1772080457.6865852,913,167.59783935546875
1772080458.4436874,914,173.0430145263672
1772080458.5728273,915,159.15570068359375
1772080463.732068,916,177.6511993408203
1772080465.9182112,917,177.83673095703125
1772080467.2443285,918,175.25762939453125
1772080468.1002579,919,178.738037109375
1772080470.8464832,920,175.24191284179688
1772080471.8050532,921,181.5359649658203
1772080479.0059178,922,178.54464721679688
1772080481.372924,923,171.67221069335938
1772080487.0808032,924,184.16275024414062
1772080495.4848433,925,184.8906707763672
1772080503.7723973,926,187.0279998779297
1772080513.5854208,927,186.54148864746094
1772080514.7520468,928,181.63426208496094
1772080523.4720862,929,186.40130615234375
1772080523.9015636,930,163.71485900878906
1772080527.9551556,931,185.4105224609375
1772080530.656703,932,181.42098999023438
1772080541.7103887,933,186.3400421142578
1772080547.5850697,934,183.67747497558594
1772080556.5433147,935,184.1204071044922
1772080556.7243154,936,149.8419189453125
1772080556.9109416,937,155.38807678222656
1772080558.524305,938,182.15455627441406
1772080558.6433198,939,160.19439697265625
1772080561.3804073,940,186.85069274902344
1772080562.1086733,941,184.49041748046875
1772080565.386387,942,188.1831817626953
1772080576.3380613,943,186.73587036132812
1772080579.9544485,944,180.57960510253906
1772080581.6443167,945,186.7097930908203
1772080581.8378732,946,168.06118774414062
1772080586.3515234,947,184.1046600341797
1772080588.597533,948,179.19984436035156
1772080589.1513333,949,174.4394989013672
1772080595.995618,950,187.05252075195312
1772080601.661982,951,189.07533264160156
1772080604.076967,952,188.33119201660156
1772080604.3207905,953,159.61248779296875
1772080604.9201756,954,177.22439575195312
1772080605.780081,955,168.3403778076172
1772080615.9621525,956,188.76959228515625
1772080617.4767187,957,184.00900268554688
1772080617.6443086,958,170.99122619628906
1772080618.011946,959,168.05300903320312
1772080625.5008397,960,187.19088745117188
1772080627.4804184,961,187.38180541992188
1772080630.958814,962,187.0314178466797
1772080638.9241738,963,189.39146423339844
1772080641.075478,964,177.2867889404297
1772080643.3011496,965,190.30149841308594
1772080650.3530805,966,190.45651245117188
1772080657.3728049,967,190.59368896484375
1772080669.1987655,968,192.49554443359375
1772080672.0940597,969,191.32350158691406
1772080675.8291886,970,188.35897827148438
1772080678.6709468,971,191.27279663085938
1772080682.0409884,972,185.53602600097656
1772080685.8190863,973,194.08035278320312
1772080842.994073,974,189.51742553710938
1772080855.5337155,975,194.01858520507812
1772080855.727631,976,169.53317260742188
1772080857.0890386,977,184.6292724609375
1772080859.4759457,978,193.42384338378906
1772080863.7625403,979,188.093505859375
1772080864.6668408,980,184.4899139404297
1772080870.8099232,981,194.2333526611328
1772080874.6183252,982,193.8190155029297
1772080882.364379,983,195.65496826171875
1772080882.5462022,984,165.81881713867188
1772080882.673236,985,163.266845703125
1772080886.0600352,986,185.4616241455078
1772080891.525072,987,191.28794860839844
1772080896.8119268,988,191.6986846923828
1772080897.2161953,989,178.35377502441406
1772080899.4676511,990,194.84588623046875
1772080904.97845,991,195.67079162597656
1772080906.8410923,992,190.29708862304688
1772080910.3007123,993,195.83799743652344
1772080911.1258397,994,184.8476104736328
1772080914.495281,995,193.21585083007812
1772080914.7425213,996,171.38497924804688
1772080927.6629038,997,197.38099670410156
1772080928.8895838,998,189.91831970214844
1772080930.6514027,999,196.96360778808594
1772080933.6505244,1000,192.03831481933594
1772080937.0150733,1001,190.72857666015625
1772080939.0314198,1002,192.18104553222656
1772080951.0333729,1003,199.1456756591797
1772080956.6912763,1004,198.90196228027344
1772080957.016034,1005,198.18179321289062
1772080957.203825,1006,179.37596130371094
1772080958.963471,1007,190.23695373535156
1772080959.3579164,1008,188.68763732910156
1772080963.453814,1009,199.58570861816406
1772080966.223587,1010,195.6975860595703
1772080971.7325695,1011,198.17333984375
1772080972.4694717,1012,191.2294921875
1772080974.0725377,1013,199.54238891601562
1772080978.5250063,1014,199.27113342285156
1772080978.8493428,1015,194.57347106933594
1772080984.0577738,1016,200.24925231933594
1772080984.644621,1017,185.6648712158203
1772080984.8487585,1018,183.3411102294922
1772080989.093371,1019,193.78338623046875
1772080995.7557747,1020,201.02825927734375
1772081011.5311375,1021,201.8920135498047
1772081013.3645318,1022,192.9440155029297
1772081013.4880939,1023,183.7869873046875
1772081018.3935242,1024,198.47940063476562
1772081021.403482,1025,198.2173614501953
1772081023.3741827,1026,198.02761840820312
1772081031.7437305,1027,203.66021728515625
1772081043.0075464,1028,203.36358642578125
1772081048.310878,1029,198.62167358398438
1772081051.1406744,1030,198.1393280029297
1772081052.1802974,1031,199.60525512695312
1772081053.1849904,1032,188.2113037109375
1772081068.5125859,1033,204.87586975097656
1772081070.1349149,1034,201.58139038085938
1772081072.7181714,1035,196.48431396484375
1772081077.869135,1036,207.5321807861328
1772081082.629365,1037,201.515380859375
1772081090.1442902,1038,200.5549774169922
1772081093.2846246,1039,201.75318908691406
1772081097.586641,1040,199.10299682617188
1772081100.952966,1041,200.66006469726562
1772081105.0059524,1042,202.19825744628906
1772081110.6869037,1043,208.83248901367188
1772081112.6199336,1044,203.24415588378906
1772081122.0410128,1045,208.8346710205078
1772081125.2001505,1046,207.102294921875
1772081143.4195597,1047,210.25022888183594
1772081150.603176,1048,205.45362854003906
1772081167.7680583,1049,207.85299682617188
1772081338.7986355,1050,207.8155517578125
1772081339.7706323,1051,204.95729064941406
1772081340.35639,1052,197.05516052246094
1772081342.860032,1053,204.8375244140625
1772081345.0538154,1054,210.67173767089844
1772081346.5221283,1055,203.39808654785156
1772081349.7225595,1056,210.30368041992188
1772081353.596042,1057,210.60400390625
1772081356.0369453,1058,206.86129760742188
1772081356.2146583,1059,189.25143432617188
1772081360.3419514,1060,206.52322387695312
1772081360.8628178,1061,206.19544982910156
1772081364.857502,1062,212.56375122070312
1772081367.3520691,1063,207.5753631591797
1772081381.4219809,1064,210.721923828125
1772081386.1026733,1065,211.13487243652344
1772081389.4509952,1066,207.5435791015625
1772081391.6980238,1067,204.6973876953125
1772081391.9427261,1068,185.68565368652344
1772081396.0002007,1069,215.67665100097656
1772081398.5737543,1070,206.3859405517578
1772081400.1907222,1071,209.42611694335938
1772081400.3705904,1072,197.43197631835938
1772081401.4911609,1073,201.2690887451172
1772081404.4652002,1074,202.03538513183594
1772081404.781048,1075,199.17213439941406
1772081409.8777199,1076,211.6189727783203
1772081410.2018182,1077,193.18081665039062
1772081413.333711,1078,212.0150604248047
1772081413.6599333,1079,195.32591247558594
1772081417.7168815,1080,214.43203735351562
1772081418.174649,1081,193.85794067382812
1772081420.463903,1082,206.8917236328125
1772081422.5283747,1083,205.9779510498047
1772081423.1938765,1084,205.4794464111328
1772081423.377633,1085,191.97592163085938
1772081427.3606331,1086,211.84927368164062
1772081427.4852562,1087,188.51512145996094
1772081429.701024,1088,211.99664306640625
1772081430.4918554,1089,208.0145721435547
1772081435.7358575,1090,216.34988403320312
1772081438.2565942,1091,210.39593505859375
1772081438.383631,1092,207.156005859375
1772081440.2757304,1093,211.65040588378906
1772081442.45339,1094,203.30599975585938
1772081445.4238799,1095,209.46792602539062
1772081446.8957253,1096,208.97998046875
1772081452.818333,1097,208.95120239257812
1772081454.047817,1098,194.24505615234375
1772081455.1202228,1099,202.9886016845703
1772081456.5419893,1100,215.4486846923828
1772081457.1354067,1101,193.93214416503906
1772081457.2656236,1102,166.68814086914062
1772081458.5196407,1103,194.05409240722656
1772081461.630763,1104,215.05084228515625
1772081468.170639,1105,218.8919677734375
1772081470.487988,1106,215.66343688964844
1772081472.6644592,1107,220.4892120361328
1772081475.2602265,1108,211.77545166015625
1772081475.4415588,1109,191.91357421875
1772081475.5678682,1110,191.5420379638672
1772081476.6621573,1111,205.43186950683594
1772081484.266121,1112,219.3873748779297
1772081486.9669867,1113,221.2971649169922
1772081489.2064185,1114,214.8717803955078
1772081493.4316576,1115,206.5621795654297
1772081493.6167462,1116,200.91165161132812
1772081493.743724,1117,185.12098693847656
1772081494.5814137,1118,207.4345245361328
1772081499.3121097,1119,221.85499572753906
1772081501.2589002,1120,216.29638671875
1772081503.0593662,1121,208.7273406982422
1772081506.3404818,1122,214.14476013183594
1772081507.0192852,1123,220.50840759277344
1772081512.372448,1124,220.86566162109375
1772081514.8925047,1125,214.91148376464844
1772081516.6439433,1126,208.86026000976562
1772081518.8267486,1127,215.15362548828125
1772081526.3915908,1128,218.2272491455078
1772081529.246824,1129,224.93109130859375
1772081529.5601146,1130,194.1339569091797
1772081529.743241,1131,200.39097595214844
1772081529.9343421,1132,213.43218994140625
1772081531.9091594,1133,219.2191925048828
1772081539.104066,1134,223.251220703125
1772081542.5549884,1135,219.64132690429688
1772081543.6441631,1136,220.6925811767578
1772081544.9755855,1137,211.57212829589844
1772081545.5829043,1138,200.1104278564453
1772081545.7103128,1139,194.73846435546875
1772081551.1870914,1140,220.00918579101562
1772081552.1132705,1141,201.54617309570312
1772081558.4199317,1142,220.8032989501953
1772081563.0389705,1143,220.39828491210938
1772081573.185156,1144,223.98345947265625
1772081574.2029889,1145,217.03839111328125
1772081575.6527815,1146,228.6187744140625
1772081577.551269,1147,218.81881713867188
1772081578.401199,1148,219.69924926757812
1772081578.5207894,1149,183.01840209960938
1772081578.64128,1150,207.4571533203125
1772081580.3245702,1151,224.229736328125
1772081582.3422897,1152,219.58909606933594
1772081584.0574443,1153,220.87437438964844
1772081592.9190557,1154,222.9918670654297
1772081598.033633,1155,220.88247680664062
1772081598.7655575,1156,204.236328125
1772081617.2415843,1157,228.25311279296875
1772081617.422127,1158,217.8844757080078
1772081624.720806,1159,232.7109375
1772081629.8508034,1160,221.5646209716797
1772081632.087853,1161,233.31605529785156
1772081633.8206363,1162,213.3660125732422
1772081636.9789336,1163,224.1831512451172
1772081643.448287,1164,230.8475341796875
1772081648.7983282,1165,224.37303161621094
1772081798.1914608,1166,226.37171936035156
1772081798.9017036,1167,218.70921325683594
1772081799.027169,1168,215.415771484375
1772081799.9320173,1169,228.59765625
1772081807.0285056,1170,235.9091033935547
1772081808.1418743,1171,228.5177459716797
1772081816.8927774,1172,234.41844177246094
1772081818.362375,1173,220.4768829345703
1772081818.6114593,1174,212.23855590820312
1772081825.0402734,1175,230.2602081298828
1772081830.5258482,1176,223.96878051757812
1772081832.625699,1177,227.45497131347656
1772081833.9105623,1178,230.9742431640625
1772081840.4389412,1179,230.9403533935547
1772081843.2288194,1180,235.66998291015625
1772081849.5891104,1181,234.4447021484375
1772081849.7112417,1182,184.63153076171875
1772081851.4865317,1183,239.8704071044922
1772081860.2857144,1184,233.93592834472656
1772081862.816397,1185,232.9091796875
1772081864.0893497,1186,218.78736877441406
1772081868.4595234,1187,233.00796508789062
1772081870.996246,1188,232.67010498046875
1772081872.0229955,1189,213.24441528320312
1772081874.7045708,1190,224.33645629882812
1772081875.1296167,1191,214.84353637695312
1772081875.3107984,1192,209.80677795410156
1772081875.9415576,1193,215.3395233154297
1772081876.5696507,1194,225.64028930664062
1772081876.9393005,1195,212.41432189941406
1772081879.0202835,1196,227.56268310546875
1772081883.2144773,1197,238.15802001953125
1772081884.4425535,1198,230.1380615234375
1772081884.5654187,1199,195.20758056640625
1772081884.6899686,1200,200.03829956054688
1772081899.1905873,1201,242.08094787597656
1772081902.67886,1202,237.05123901367188
1772081905.3026178,1203,229.40875244140625
1772081905.4911716,1204,206.64776611328125
1772081908.2824345,1205,233.9365692138672
1772081910.1699712,1206,226.26541137695312
1772081910.6269374,1207,212.81239318847656
1772081913.195181,1208,234.64230346679688
1772081913.9389024,1209,230.23211669921875
1772081914.4650478,1210,229.93563842773438
1772081914.5893424,1211,197.98643493652344
1772081919.0727081,1212,236.2984161376953
1772081919.199376,1213,213.82711791992188
1772081922.0545504,1214,227.67861938476562
1772081925.741038,1215,237.36036682128906
1772081926.004971,1216,201.10873413085938
1772081928.503577,1217,227.5144500732422
1772081928.6909056,1218,201.53541564941406
1772081930.4485648,1219,237.74102783203125
1772081938.6489463,1220,239.42465209960938
1772081939.5728712,1221,238.66116333007812
1772081949.9111814,1222,243.3209686279297
1772081950.0367289,1223,215.92408752441406
1772081953.5967078,1224,237.23260498046875
1772081954.798773,1225,231.67327880859375
1772081957.88525,1226,234.83004760742188
1772081958.7382212,1227,233.84994506835938
1772081960.0916703,1228,240.5406494140625
1772081962.3476,1229,239.85879516601562
1772081964.795625,1230,231.95187377929688
1772081967.8860178,1231,238.9927520751953
1772081969.402056,1232,226.00759887695312
1772081969.5256228,1233,208.33287048339844
1772081969.7887533,1234,206.31637573242188
1772081969.914405,1235,216.24725341796875
1772081979.3431113,1236,238.3373565673828
1772081981.4781036,1237,235.90296936035156
1772081983.79486,1238,223.4267120361328
1772081985.37356,1239,243.5698699951172
1772081988.7863796,1240,241.85423278808594
1772081993.2305202,1241,247.79730224609375
1772081998.478086,1242,247.76487731933594
1772082000.1459086,1243,245.8701171875
1772082006.6088994,1244,243.63003540039062
1772082008.1765199,1245,241.43118286132812
1772082009.8941414,1246,233.48178100585938
1772082011.270754,1247,238.28717041015625
1772082013.2789752,1248,243.04269409179688
1772082020.1818342,1249,241.75018310546875
1772082021.4354038,1250,233.43447875976562
1772082023.4740424,1251,232.95919799804688
1772082024.4928863,1252,226.88894653320312
1772082024.8484373,1253,244.9801483154297
1772082024.977759,1254,244.91810607910156
1772082026.3815477,1255,220.6949005126953
1772082028.0770583,1256,239.0405731201172
1772082028.4880514,1257,240.31715393066406
1772082030.8147063,1258,229.7997589111328
1772082033.9719388,1259,238.2686309814453
1772082034.350489,1260,240.70057678222656
1772082034.5449257,1261,212.98411560058594
1772082036.2024274,1262,242.01454162597656
1772082036.528196,1263,228.7311553955078
1772082036.657303,1264,220.42405700683594
1772082039.385487,1265,240.63705444335938
1772082039.8721075,1266,230.76263427734375
1772082041.6058218,1267,228.3570098876953
1772082042.2882779,1268,227.2383575439453
1772082042.4169586,1269,211.42922973632812
1772082045.729256,1270,234.71826171875
1772082046.1657522,1271,230.8824005126953
1772082049.1266873,1272,246.39303588867188
1772082050.270516,1273,240.8781280517578
1772082051.1563978,1274,244.5803985595703
1772082051.4781036,1275,235.90101623535156
1772082053.0464628,1276,242.40475463867188
1772082054.7422523,1277,239.48765563964844
1772082054.9292865,1278,238.369873046875
1772082058.5979352,1279,242.2829132080078
1772082059.5412157,1280,241.84185791015625
1772082063.6632977,1281,250.9473114013672
1772082066.4155412,1282,233.88014221191406
1772082066.5437543,1283,222.50296020507812
1772082068.7020433,1284,247.35476684570312
1772082068.8266077,1285,215.50164794921875
1772082073.1817741,1286,238.88116455078125
1772082078.8292518,1287,247.35543823242188
1772082079.026378,1288,229.13519287109375
1772082079.4465334,1289,230.70249938964844
1772082079.6375554,1290,238.57257080078125
1772082081.4668689,1291,238.08364868164062
1772082081.654783,1292,232.042236328125
1772082082.683581,1293,233.82151794433594
1772082086.5587156,1294,241.57501220703125
1772082090.171102,1295,245.0374298095703
1772082092.9820747,1296,248.95816040039062
1772082094.9949467,1297,244.69102478027344
1772082096.8271847,1298,244.19029235839844
1772082097.8565507,1299,240.49392700195312
1772082103.3541534,1300,242.66563415527344
1772082103.8926733,1301,241.4224853515625
1772082105.0431578,1302,243.3164520263672
1772082115.7081044,1303,253.46273803710938
1772082115.8946352,1304,220.9770965576172
1772082122.4523053,1305,253.35345458984375
1772082285.8120737,1306,243.66091918945312
1772082291.3516567,1307,243.8845977783203
1772082292.9492574,1308,244.67193603515625
1772082295.8032148,1309,243.05764770507812
1772082295.9283006,1310,238.2236328125
1772082296.183925,1311,218.67771911621094
1772082296.308767,1312,200.5957794189453
1772082300.8951087,1313,253.76968383789062
1772082305.6953769,1314,250.34060668945312
1772082307.1532254,1315,239.51158142089844
1772082310.6166987,1316,245.43423461914062
1772082310.7440352,1317,198.35841369628906
1772082313.9413977,1318,247.562744140625
1772082320.3961506,1319,249.31207275390625
1772082324.1195295,1320,253.6397705078125
1772082327.3214252,1321,242.03538513183594
1772082327.6971307,1322,236.68653869628906
1772082329.1065423,1323,245.295166015625
1772082331.734534,1324,241.97178649902344
1772082338.4846704,1325,254.9592742919922
1772082342.9924428,1326,244.86407470703125
1772082346.0798948,1327,251.42478942871094
1772082349.7911754,1328,248.3655548095703
1772082353.7653017,1329,255.7891082763672
1772082354.0223558,1330,223.2882080078125
1772082354.2251632,1331,228.80845642089844
1772082355.9215724,1332,233.33200073242188
1772082358.0269268,1333,237.66015625
1772082358.2243595,1334,250.1884307861328
1772082359.7758894,1335,242.2134246826172
1772082367.710062,1336,255.21092224121094
1772082375.5362558,1337,259.0380554199219
1772082377.4075198,1338,244.34262084960938
1772082377.5315082,1339,210.9912567138672
1772082378.0855072,1340,244.41331481933594
1772082381.266446,1341,249.956787109375
1772082383.9562654,1342,249.63291931152344
1772082390.7847095,1343,251.1395721435547
1772082394.4598799,1344,255.19775390625
1772082395.9296966,1345,235.74046325683594
1772082397.6956081,1346,241.93994140625
1772082405.9587245,1347,256.9248046875
1772082406.161517,1348,230.39132690429688
1772082416.856277,1349,252.57708740234375
1772082420.4785073,1350,247.39381408691406
1772082423.647583,1351,242.5572052001953
1772082425.470675,1352,258.9078063964844
1772082428.7888293,1353,256.9267883300781
1772082429.9183424,1354,258.8514404296875
1772082430.402661,1355,251.69029235839844
1772082434.8730783,1356,253.44281005859375
1772082440.368019,1357,261.04791259765625
1772082440.7031882,1358,227.36557006835938
1772082442.5874867,1359,255.71583557128906
1772082447.0624995,1360,256.1579284667969
1772082449.1055312,1361,255.0429229736328
1772082449.3638794,1362,244.04502868652344
1772082450.3421025,1363,251.8267059326172
1772082452.3140552,1364,244.49514770507812
1772082453.3836884,1365,250.34146118164062
1772082453.9861498,1366,243.00164794921875
1772082458.685025,1367,250.15298461914062
1772082460.3053443,1368,250.0768585205078
1772082460.9147074,1369,224.73934936523438
1772082461.0446482,1370,219.6542205810547
1772082461.1731093,1371,227.01963806152344
1772082461.368497,1372,234.27618408203125
1772082464.952873,1373,259.5768737792969
1772082465.223884,1374,238.11167907714844
1772082480.8655243,1375,254.10704040527344
1772082485.9730859,1376,262.9989013671875
1772082492.2371871,1377,257.4092102050781
1772082493.7287939,1378,242.0216827392578
1772082493.8561375,1379,247.03785705566406
1772082495.5453684,1380,249.49595642089844
1772082503.4033864,1381,256.27362060546875
1772082503.5687401,1382,224.9654998779297
1772082507.4804552,1383,248.42835998535156
1772082513.1172268,1384,263.1138000488281
1772082514.6010966,1385,256.7355651855469
1772082524.5649164,1386,259.8846130371094
1772082531.1835496,1387,254.37649536132812
1772082545.2172546,1388,259.06109619140625
1772082552.8880184,1389,261.200927734375
1772082559.8304522,1390,261.66949462890625
1772082571.152228,1391,262.4324645996094
1772082572.66218,1392,253.8232421875
1772082576.2827916,1393,265.5260314941406
1772082587.7074754,1394,260.0711364746094
1772082599.9636345,1395,268.2744445800781
1772082602.4641416,1396,255.73057556152344
1772082633.8244674,1397,269.11712646484375
1772082749.164786,1398,264.6197814941406
1772082758.8129206,1399,270.2340087890625
1772082763.6104755,1400,268.2141418457031
1772082773.1375268,1401,269.1419372558594
1772082774.2257035,1402,255.61460876464844
1772082776.783147,1403,259.98675537109375
1772082780.6659613,1404,269.317626953125
1772082790.8087962,1405,263.5455322265625
1772082800.1429267,1406,273.83868408203125
1772082800.5599651,1407,249.7659149169922
1772082820.2379093,1408,269.77398681640625
1772082835.716976,1409,269.3375549316406
1772082839.2058206,1410,267.1908264160156
1772082841.3619668,1411,261.5731201171875
1772082852.4912312,1412,272.5333557128906
1772082855.873267,1413,258.4405517578125
1772082857.6518264,1414,263.2170715332031
1772082857.7795155,1415,246.4458465576172
1772082861.247527,1416,263.9513854980469
1772082863.8277535,1417,256.834228515625
1772082871.680846,1418,272.25494384765625
1772082886.809403,1419,275.32623291015625
1772082891.3339937,1420,272.6141052246094
1772082891.7439744,1421,263.1987609863281
1772082891.8751907,1422,238.80824279785156
1772082904.2879207,1423,272.1137390136719
1772082918.305181,1424,273.9064636230469
1772082924.3674753,1425,268.4111022949219
1772082926.0277197,1426,265.5795593261719
1772082936.4311845,1427,270.65545654296875
1772082938.4975073,1428,271.8931579589844
1772082949.9702818,1429,273.4874572753906
1772082958.6138213,1430,268.8581237792969
1772082958.7390366,1431,233.25411987304688
1772082959.6974058,1432,267.3522033691406
1772082964.7200322,1433,270.7037353515625
1772082964.848153,1434,239.46096801757812
1772082968.3897839,1435,269.827880859375
1772082974.6517837,1436,270.1461486816406
1772082976.1889365,1437,264.3984069824219
1772082983.9519308,1438,278.86029052734375
1772082988.9087555,1439,270.1578674316406
1772082989.03903,1440,218.4058380126953
1772082991.0610924,1441,266.8698425292969
1772083000.184143,1442,277.71429443359375
1772083000.440527,1443,248.7020721435547
1772083004.0850008,1444,271.8638610839844
1772083006.9406157,1445,268.3858642578125
1772083010.2909188,1446,269.2283630371094
1772083011.871625,1447,265.8544616699219
1772083012.5926573,1448,268.47711181640625
1772083014.4901364,1449,272.0745849609375
1772083016.8899455,1450,271.8468017578125
1772083017.7809558,1451,266.3447570800781
1772083018.7993271,1452,273.06121826171875
1772083028.1617553,1453,282.92529296875
1772083029.9390671,1454,276.8562316894531
1772083038.3853264,1455,277.1597900390625
1772083038.796771,1456,256.5908203125
1772083041.7471733,1457,272.8894348144531
1772083045.884468,1458,267.6927795410156
1772083046.7140324,1459,266.19873046875
1772083050.5449758,1460,278.3971862792969
1772083053.4340982,1461,266.2015380859375
1772083054.1370437,1462,267.88262939453125
1772083054.4491515,1463,267.1678466796875
1772083056.4429717,1464,275.1074523925781
1772083258.798704,1465,242.34518432617188
1772083260.2445989,1466,275.9517822265625
1772083260.5730968,1467,259.07220458984375
1772083261.8102946,1468,275.0316467285156
1772083263.698027,1469,271.7518310546875
1772083264.4267638,1470,266.4553527832031
1772083264.7476332,1471,265.3886413574219
1772083270.7656174,1472,275.26959228515625
1772083270.9632454,1473,253.96224975585938
1772083272.848464,1474,267.9468688964844
1772083273.1812172,1475,262.4028625488281
1772083278.006721,1476,268.9137878417969
1772083281.6183686,1477,278.2256774902344
1772083285.134715,1478,280.5107421875
1772083288.4400456,1479,277.65863037109375
1772083290.8684087,1480,264.8116455078125
1772083292.8234086,1481,277.76580810546875
1772083293.1535783,1482,247.93057250976562
1772083296.2431686,1483,270.75482177734375
1772083299.2922819,1484,270.00775146484375
1772083299.4193904,1485,227.02586364746094
1772083300.5761774,1486,275.2170715332031
1772083302.8018816,1487,273.91900634765625
1772083303.0600598,1488,275.7574157714844
1772083306.3623633,1489,282.3081970214844
1772083306.487653,1490,244.46485900878906
1772083307.6890507,1491,275.6369323730469
1772083309.3620002,1492,265.77691650390625
1772083310.2747355,1493,265.102783203125
1772083310.8327851,1494,266.2406311035156
1772083311.2983496,1495,263.00360107421875
1772083312.3307776,1496,265.18756103515625
1772083315.7677195,1497,274.1715393066406
1772083321.1038048,1498,277.0024719238281
1772083328.955369,1499,281.805419921875
1772083330.70132,1500,273.0791015625
1772083332.0902064,1501,279.5519104003906
1772083332.9871786,1502,272.6022033691406
1772083333.1111243,1503,230.08926391601562
1772083334.09572,1504,280.74261474609375
1772083334.3568437,1505,246.4111328125
1772083334.6779375,1506,266.99285888671875
1772083334.8009295,1507,261.706298828125
1772083335.957715,1508,281.0364074707031
1772083336.1466587,1509,260.79302978515625
1772083337.1135442,1510,277.9158630371094
1772083338.7538853,1511,280.9788513183594
1772083339.0014405,1512,246.6541290283203
1772083340.4435883,1513,281.13226318359375
1772083342.4701905,1514,273.62188720703125
1772083342.7191484,1515,279.77752685546875
1772083347.1201894,1516,272.744140625
1772083348.767471,1517,279.0473327636719
1772083357.8552217,1518,283.1415710449219
1772083359.4546466,1519,280.79541015625
1772083359.5853171,1520,245.16746520996094
1772083364.799584,1521,278.864990234375
1772083368.2802753,1522,281.59893798828125
1772083370.946405,1523,273.35986328125
1772083375.6007266,1524,281.2862243652344
1772083381.755724,1525,286.43292236328125
1772083386.5537384,1526,280.8179626464844
1772083392.8831189,1527,284.48345947265625
1772083393.1833751,1528,275.364013671875
1772083397.612631,1529,277.24920654296875
1772083397.7474358,1530,236.560791015625
1772083397.8737404,1531,258.64947509765625
1772083399.2546914,1532,278.3092956542969
1772083409.791952,1533,281.7340087890625
1772083411.3450897,1534,283.4776306152344
1772083420.0194497,1535,286.31634521484375
1772083425.6521823,1536,289.5956115722656
1772083427.0382004,1537,279.74896240234375
1772083429.4345815,1538,274.6767272949219
1772083431.7688498,1539,280.3235778808594
1772083435.1218362,1540,283.6069641113281
1772083446.1677668,1541,285.0981750488281
1772083448.0782795,1542,284.8818359375
1772083452.123502,1543,280.46978759765625
1772083454.9245272,1544,288.1600646972656
1772083468.6203413,1545,289.4893493652344
1772083476.769652,1546,286.76629638671875
1772083482.9670308,1547,287.9104919433594
1772083485.8131042,1548,283.7167663574219
1772083487.4425793,1549,286.2850646972656
1772083487.7060144,1550,260.5543212890625
1772083492.998126,1551,287.6672668457031
1772083496.1842372,1552,281.5164489746094
1772083497.6215298,1553,278.96337890625
1772083499.0085504,1554,281.3215637207031
1772083499.2004588,1555,262.1375732421875
1772083500.513274,1556,269.5458679199219
1772083501.1069767,1557,287.7491149902344
1772083502.3948739,1558,282.22369384765625
1772083502.5235639,1559,280.6152038574219
1772083504.6228995,1560,283.12274169921875
1772083507.6148582,1561,289.70941162109375
1772083515.837589,1562,289.5700378417969
1772083517.2665832,1563,283.5805969238281
1772083527.4787798,1564,286.32769775390625
1772083528.732751,1565,288.0393371582031
1772083539.284453,1566,293.47369384765625
1772083542.2038713,1567,293.6145935058594
1772083543.4865663,1568,279.4951171875
1772083544.179699,1569,287.1176452636719
1772083549.3074415,1570,289.10418701171875
1772083550.7900054,1571,285.9085998535156
1772083551.152607,1572,276.921630859375
1772083559.4845538,1573,294.43701171875
1772083561.3923757,1574,285.0571594238281
1772083561.5859451,1575,283.36260986328125
1772083562.7749567,1576,287.440673828125
1772083567.2236984,1577,292.67755126953125
1772083567.4836192,1578,262.4915771484375
1772083567.8030264,1579,274.5788879394531
1772083576.0017397,1580,298.6507873535156
1772083578.7417731,1581,289.7287292480469
1772083588.0230649,1582,293.5473327636719
1772083592.662673,1583,288.666015625
1772083593.0535133,1584,282.5436706542969
1772083593.424801,1585,278.03045654296875
1772083606.2527688,1586,290.5367431640625
1772083820.7275908,1587,293.4250793457031
1772083824.255797,1588,293.9483642578125
1772083824.568005,1589,276.15142822265625
1772083824.694039,1590,260.7997131347656
1772083834.013081,1591,303.97894287109375
1772083837.5640218,1592,295.32275390625
1772083837.958356,1593,286.3456115722656
1772083839.2452455,1594,274.8985900878906
1772083842.448419,1595,289.0405578613281
1772083846.1950026,1596,294.4798583984375
1772083854.1747022,1597,295.6788635253906
1772083854.9001737,1598,280.3370056152344
1772083858.2667215,1599,297.54791259765625
1772083858.4490418,1600,281.2032165527344
1772083859.0051205,1601,283.33941650390625
1772083860.335286,1602,294.1536560058594
1772083867.7894807,1603,290.43170166015625
1772083877.4296534,1604,295.236083984375
1772083878.4337952,1605,294.41094970703125
1772083880.3757358,1606,287.89031982421875
1772083885.356448,1607,296.09051513671875
1772083885.7621827,1608,265.970703125
1772083889.375499,1609,294.33636474609375
1772083901.5265665,1610,297.18267822265625
1772083904.5127296,1611,300.3774108886719
1772083904.9597874,1612,287.3046875
1772083917.8123362,1613,294.7250671386719
1772083928.3411527,1614,296.02935791015625
1772083929.5538614,1615,300.6290588378906
1772083931.5751705,1616,292.60382080078125
1772083935.2485013,1617,296.8805236816406
1772083935.8100224,1618,286.61279296875
1772083941.3765197,1619,295.2271423339844
1772083954.4530027,1620,301.046142578125
1772083954.5804446,1621,288.0577697753906
1772083959.1210818,1622,298.0213623046875
1772083960.8289032,1623,287.79296875
1772083968.0687797,1624,302.78424072265625
1772083975.3776352,1625,295.9370422363281
1772083993.253219,1626,301.3273010253906
1772083994.625017,1627,293.9041748046875
1772083994.7480822,1628,261.2364196777344
1772083996.783805,1629,298.845947265625
1772083999.806077,1630,296.4881896972656
1772084004.382416,1631,296.3150329589844
1772084013.212109,1632,303.2337646484375
1772084014.000712,1633,293.2896728515625
1772084015.6682925,1634,303.0201110839844
1772084019.2006166,1635,297.83392333984375
1772084027.768284,1636,301.5181579589844
1772084028.3620048,1637,288.7462463378906
1772084029.3127506,1638,295.3594970703125
1772084029.8154168,1639,284.326904296875
1772084036.4485242,1640,302.12744140625
1772084039.690772,1641,302.01812744140625
1772084043.2503304,1642,296.4787902832031
1772084048.1428425,1643,294.8189392089844
1772084049.7717657,1644,300.52679443359375
1772084054.3211703,1645,297.8912048339844
1772084057.4999561,1646,296.76727294921875
1772084062.3283799,1647,296.6649475097656
1772084063.7332988,1648,290.2469177246094
1772084075.6729043,1649,299.94146728515625
1772084077.5108654,1650,298.1402282714844
1772084078.5740242,1651,284.6092529296875
1772084090.2852795,1652,300.3414611816406
1772084090.924119,1653,289.8201599121094
1772084091.1918316,1654,290.3589172363281
1772084095.7966247,1655,298.11407470703125
1772084095.9216492,1656,269.8912048339844
1772084096.1139157,1657,294.4676818847656
1772084096.2398806,1658,284.2405700683594
1772084096.5017977,1659,265.5203857421875
1772084098.453606,1660,301.5299987792969
1772084099.3197193,1661,305.4186096191406
1772084100.2935987,1662,280.9519958496094
1772084101.337784,1663,298.54888916015625
1772084103.6111908,1664,299.75762939453125
1772084104.2629755,1665,298.5398254394531
1772084109.1376884,1666,303.2091979980469
1772084120.209992,1667,306.4408264160156
1772084123.5411336,1668,294.19488525390625
1772084308.8798566,1669,304.36517333984375
1772084309.789158,1670,300.9049987792969
1772084310.035233,1671,290.0062561035156
1772084318.9263716,1672,303.0262145996094
1772084322.1430132,1673,300.891357421875
1772084325.9482257,1674,296.162841796875
1772084328.6561735,1675,300.9150695800781
1772084337.6206446,1676,308.68951416015625
1772084338.3162665,1677,286.01666259765625
1772084339.093541,1678,301.2998962402344
1772084339.2176428,1679,272.8403625488281
1772084345.4744425,1680,301.0555419921875
1772084348.3035035,1681,300.89208984375
1772084372.0262313,1682,309.03692626953125
1772084377.220161,1683,305.3865051269531
1772084380.319314,1684,302.56585693359375
1772084380.563341,1685,305.2464294433594
1772084386.8204181,1686,308.46502685546875
1772084389.8868535,1687,304.3793029785156
1772084395.1936448,1688,301.41650390625
1772084399.7756207,1689,304.3854064941406
1772084402.4250212,1690,302.3955078125
1772084405.6523304,1691,297.5796203613281
1772084407.002218,1692,302.06982421875
1772084410.4844537,1693,310.1297302246094
1772084410.9341693,1694,291.6752014160156
1772084412.2219467,1695,295.8291320800781
1772084414.3040597,1696,304.412109375
1772084415.3992538,1697,297.9204406738281
1772084417.8124325,1698,295.45599365234375
1772084421.1709235,1699,306.10992431640625
1772084439.992571,1700,306.0113525390625
1772084450.6630275,1701,310.33148193359375
1772084452.537627,1702,309.6131286621094
1772084454.2625153,1703,296.15447998046875
1772084455.9207518,1704,313.3455810546875
1772084461.083286,1705,310.1531066894531
1772084468.692142,1706,307.22113037109375
1772084471.5996675,1707,305.7365417480469
1772084473.2761405,1708,301.02862548828125
1772084479.1923604,1709,310.7095947265625
1772084479.9053793,1710,301.93365478515625
1772084488.0756674,1711,308.5981750488281
1772084496.9706504,1712,306.5536804199219
1772084499.3010046,1713,320.5156555175781
1772084507.1895452,1714,305.6011962890625
1772084508.990834,1715,310.801025390625
1772084510.427017,1716,301.5211181640625
1772084511.6171436,1717,294.4548645019531
1772084511.9969277,1718,291.8264465332031
1772084512.2466862,1719,282.272705078125
1772084515.0937495,1720,315.6568298339844
1772084515.2811592,1721,288.4617614746094
1772084523.1503956,1722,315.26458740234375
1772084526.419045,1723,308.4352111816406
1772084529.2313945,1724,299.9043884277344
1772084531.8870592,1725,306.4794616699219
1772084533.2325034,1726,297.5883483886719
1772084533.9470062,1727,306.7170715332031
1772084542.2871556,1728,315.9157409667969
1772084545.349752,1729,306.7338562011719
1772084546.5868294,1730,302.4973449707031
1772084547.1682801,1731,297.2400207519531
1772084549.2005506,1732,311.43408203125
1772084553.7715347,1733,305.4736633300781
1772084557.1456265,1734,311.5166931152344
1772084560.800004,1735,306.7480773925781
1772084563.857364,1736,307.6258850097656
1772084573.030174,1737,310.6318054199219
1772084576.0977492,1738,301.7655029296875
1772084578.9806364,1739,301.78753662109375
1772084579.1850755,1740,296.45440673828125
1772084579.3118088,1741,282.5240478515625
1772084580.7558405,1742,304.6683349609375
1772084580.8803442,1743,280.88653564453125
1772084581.0692685,1744,282.5233459472656
1772084581.1998627,1745,279.82086181640625
1772084581.3925676,1746,269.0839538574219
1772084594.7215407,1747,315.5772399902344
1772084598.5194917,1748,306.8470764160156
1772084601.9263408,1749,305.4671936035156
1772084603.376892,1750,295.4364929199219
1772084605.4251983,1751,313.1912841796875
1772084608.6887574,1752,312.6866149902344
1772084610.3602002,1753,308.8473815917969
1772084613.9492118,1754,305.4183349609375
1772084618.711477,1755,309.8108825683594
1772084618.964301,1756,299.4613342285156
1772084622.2980487,1757,312.5025634765625
1772084624.111794,1758,294.2774963378906
1772084753.951769,1759,301.18011474609375
1772084755.2276251,1760,303.9467468261719
1772084757.0084383,1761,303.68359375
1772084762.1093864,1762,314.91070556640625
1772084762.4985073,1763,306.24163818359375
1772084765.1643221,1764,306.2891845703125
1772084767.2954109,1765,303.05780029296875
1772084768.9581487,1766,301.7461242675781
1772084776.1136951,1767,316.8887023925781
1772084777.8838592,1768,300.6029357910156
1772084779.1009486,1769,315.03631591796875
1772084779.968478,1770,304.7109680175781
1772084781.3271854,1771,305.8760681152344
1772084788.3733654,1772,311.9743347167969
1772084789.343097,1773,294.6030578613281
1772084793.5315309,1774,311.7842102050781
1772084793.9225798,1775,293.267578125
1772084797.3900757,1776,310.8768005371094
1772084797.5223773,1777,285.81597900390625
1772084797.9591565,1778,301.7530517578125
1772084802.400631,1779,320.93914794921875
1772084805.4679537,1780,310.4143981933594
1772084810.1055868,1781,311.0375671386719
1772084811.3749933,1782,315.17291259765625
1772084821.2296517,1783,311.879150390625
1772084823.5909352,1784,314.20733642578125
1772084829.2959008,1785,308.04315185546875
1772084831.4834886,1786,310.8732604980469
1772084842.7409706,1787,315.8378601074219
1772084848.182476,1788,313.0599365234375
1772084849.9846485,1789,309.46038818359375
1772084857.2652147,1790,311.6658630371094
1772084857.740022,1791,296.694091796875
1772084864.269713,1792,317.0804748535156
1772084865.9350445,1793,317.51458740234375
1772084867.554109,1794,309.7900695800781
1772084872.1713448,1795,312.4010925292969
1772084876.9520059,1796,310.7384948730469
1772084887.889566,1797,310.8307189941406
1772084889.4069483,1798,301.6589050292969
1772084889.7185214,1799,303.3590393066406
1772084899.4508367,1800,310.0693054199219
1772084904.181886,1801,320.4528503417969
1772084909.2651854,1802,316.41448974609375
1772084911.4137409,1803,308.53912353515625
1772084917.8943334,1804,313.8092346191406
1772084922.8706694,1805,320.56585693359375
1772084931.5763001,1806,317.488037109375
1772084940.713703,1807,321.1340637207031
1772084943.3578308,1808,313.7476806640625
1772084947.2163732,1809,310.3017272949219
1772084952.0068405,1810,317.3485107421875
1772084953.629119,1811,303.3292541503906
1772084960.479239,1812,312.2171325683594
1772084968.4058738,1813,313.33648681640625
1772084976.2191494,1814,311.30303955078125
1772084980.7137837,1815,314.8084411621094
1772084982.6816607,1816,316.99078369140625
1772084986.396519,1817,311.94073486328125
1772084989.2806234,1818,318.6018371582031
1772084989.5226998,1819,305.2215270996094
1772084991.3212266,1820,305.5004577636719
1772084995.356188,1821,320.157470703125
1772085000.5489585,1822,324.8259582519531
1772085007.2390656,1823,322.00836181640625
1772085008.6194172,1824,318.068603515625
1772085010.741132,1825,316.164306640625
1772085019.5346754,1826,325.0804443359375
1772085024.8064396,1827,317.14215087890625
1772085027.7729442,1828,318.8890686035156
1772085029.7167625,1829,318.3473205566406
1772085030.210314,1830,315.3251037597656
1772085035.7494676,1831,316.1333923339844
1772085035.9541543,1832,299.2837219238281
1772085037.3669844,1833,312.923583984375
1772085037.5553532,1834,285.25201416015625
1772085039.6697266,1835,316.84271240234375
1772085045.293882,1836,321.3660888671875
1772085047.6395273,1837,316.69244384765625
1772085049.43614,1838,315.7862548828125
1772085052.6654954,1839,316.28515625
1772085053.1841044,1840,309.25750732421875
1772085056.5061848,1841,317.41400146484375
1772085057.5855432,1842,300.3323059082031
1772085057.7786953,1843,288.8316345214844
1772085058.4635062,1844,309.5675354003906
1772085058.7736971,1845,298.7069396972656
1772085064.519362,1846,324.48590087890625
1772085067.7174613,1847,320.52838134765625
1772085070.938827,1848,319.94769287109375
1772085078.3336992,1849,320.9901428222656
1772085193.6943605,1850,299.0306396484375
1772085195.262002,1851,324.2467346191406
1772085197.9184196,1852,326.12860107421875
1772085205.6190753,1853,320.12994384765625
1772085210.7832515,1854,318.350341796875
1772085210.9080706,1855,276.8268737792969
1772085214.1425054,1856,323.59112548828125
1772085214.3912876,1857,311.4036865234375
1772085217.1809862,1858,323.1865234375
1772085220.5048382,1859,317.9879455566406
1772085231.0575411,1860,327.7032775878906
1772085234.8591175,1861,324.7723083496094
1772085238.0172653,1862,328.6300964355469
1772085243.6072164,1863,326.1506042480469
1772085246.0049639,1864,321.1451416015625
1772085258.9638915,1865,323.41888427734375
1772085266.6016681,1866,323.29803466796875
1772085267.9555979,1867,318.5020751953125
1772085271.3451648,1868,328.7321472167969
1772085276.2478638,1869,324.9228820800781
1772085278.1728842,1870,325.5518493652344
1772085283.678124,1871,326.21258544921875
1772085286.5775936,1872,324.448486328125
1772085292.0260968,1873,318.4249267578125
1772085292.276957,1874,298.4666442871094
1772085292.709876,1875,305.554931640625
1772085293.6257255,1876,314.0380859375
1772085299.063295,1877,321.8739013671875
1772085308.8651047,1878,336.2060546875
1772085312.2245507,1879,329.5
1772085312.6775753,1880,319.4924011230469
1772085313.5938892,1881,310.0379943847656
1772085319.279742,1882,326.3742980957031
1772085322.8070078,1883,326.7940979003906
1772085324.6682732,1884,314.9345397949219
1772085329.3345115,1885,325.8424072265625
1772085340.3194473,1886,329.7431335449219
1772085340.446229,1887,289.80450439453125
1772085347.3156629,1888,335.5703430175781
1772085349.5170224,1889,324.185302734375
1772085352.441968,1890,321.4254150390625
1772085352.625934,1891,334.6981201171875
1772085352.7526264,1892,310.15606689453125
1772085363.1897676,1893,333.9490051269531
1772085363.3508446,1894,298.6478271484375
1772085365.9403808,1895,327.12921142578125
1772085366.0633917,1896,310.8549499511719
1772085371.163817,1897,336.0707702636719
1772085372.0216715,1898,330.9576721191406
1772085373.1909513,1899,336.46087646484375
1772085380.3787065,1900,335.0841369628906
1772085385.075659,1901,327.8126220703125
1772085386.1030238,1902,331.84075927734375
1772085387.2787783,1903,330.1718444824219
1772085387.4070737,1904,274.9654541015625
1772085395.6365836,1905,338.2730712890625
1772085400.6873152,1906,331.8534240722656
1772085402.134496,1907,319.8501892089844
1772085402.2604027,1908,320.436767578125
1772085405.553243,1909,340.5845642089844
1772085416.9152484,1910,337.1021423339844
1772085417.3691137,1911,330.619873046875
1772085425.087589,1912,327.3702392578125
1772085425.2087216,1913,312.4701843261719
1772085425.6973395,1914,332.7279968261719
1772085433.0448675,1915,333.821044921875
1772085438.0930655,1916,334.1906433105469
1772085444.499891,1917,334.7188720703125
1772085454.472053,1918,335.3659973144531
1772085455.7436383,1919,328.0492858886719
1772085458.5077486,1920,324.32550048828125
1772085464.0712392,1921,336.8628234863281
1772085464.2086034,1922,300.189453125
1772085469.2960012,1923,332.4150390625
1772085470.2884653,1924,322.6376037597656
1772085473.3648095,1925,324.60400390625
1772085484.5653598,1926,337.7574157714844
1772085486.2737882,1927,332.0998840332031
1772085490.958612,1928,336.88543701171875
1772085506.2841444,1929,332.3311462402344
1772085515.412795,1930,341.45098876953125
1772085680.4994087,1931,329.6072998046875
1772085680.6263316,1932,301.6541748046875
1772085687.5144863,1933,334.05908203125
1772085693.2987487,1934,331.6048889160156
1772085694.491898,1935,330.6154479980469
1772085701.8380725,1936,332.77069091796875
1772085710.7499845,1937,333.7725830078125
1772085711.5079734,1938,326.24212646484375
1772085711.6328065,1939,305.1864013671875
1772085711.7592797,1940,319.4939270019531
1772085715.8067586,1941,332.9954833984375
1772085720.9822206,1942,333.4544982910156
1772085728.3140879,1943,333.8005676269531
1772085730.0330343,1944,316.7669372558594
1772085739.8637462,1945,332.90625
1772085742.681148,1946,334.0949401855469
1772085744.4675868,1947,319.78509521484375
1772085746.1541994,1948,329.81585693359375
1772085747.9188094,1949,332.4829406738281
1772085756.3339956,1950,335.7330322265625
1772085774.220712,1951,336.29522705078125
1772085776.016052,1952,330.281982421875
1772085777.7300117,1953,324.0777282714844
1772085782.4593456,1954,338.1971130371094
1772085786.0711927,1955,331.41058349609375
1772085786.1990395,1956,309.6724548339844
1772085791.7183187,1957,342.8149719238281
1772085799.338295,1958,338.0466613769531
1772085803.583003,1959,337.8863830566406
1772085803.7576902,1960,308.83026123046875
1772085812.7153428,1961,339.1101989746094
1772085814.381652,1962,337.63427734375
1772085826.8812065,1963,333.5168762207031
1772085829.4282913,1964,336.5613098144531
1772085831.2140648,1965,331.83966064453125
1772085832.9512756,1966,333.23638916015625
1772085835.3279855,1967,334.3399658203125
1772085850.4049172,1968,340.0202941894531
1772085852.0158756,1969,334.7865905761719
1772085853.7716012,1970,333.9595642089844
1772085856.672898,1971,337.5264892578125
1772085856.7963612,1972,302.0641174316406
1772085856.9782312,1973,337.1567687988281
1772085860.4308357,1974,338.573486328125
1772085866.9114335,1975,334.9342956542969
1772085867.036794,1976,302.0014953613281
1772085868.8111398,1977,334.9070129394531
1772085872.0276651,1978,337.4508056640625
1772085873.8674767,1979,333.8993225097656
1772085875.929434,1980,337.217041015625
1772085887.2610514,1981,341.5783996582031
1772085887.9170804,1982,326.51629638671875
1772085911.9692042,1983,342.1087341308594
1772085913.9736166,1984,335.3456115722656
1772085915.9258623,1985,334.4481506347656
1772085928.3804743,1986,343.33343505859375
1772085928.5710323,1987,318.21710205078125
1772085928.6964307,1988,327.4833679199219
1772085934.8086975,1989,341.7643737792969
1772085935.3088856,1990,331.2074890136719
1772085947.2935643,1991,342.084228515625
1772085950.5773387,1992,339.1040344238281
1772085954.1301942,1993,338.8653869628906
1772085968.6528509,1994,350.9097900390625
1772085987.8644314,1995,351.3001708984375
1772085994.9556706,1996,346.3989562988281
1772085998.3630114,1997,343.42901611328125
1772086140.37803,1998,343.8900451660156
1772086146.7513149,1999,348.2066955566406
1772086146.9925966,2000,326.275390625
1772086155.8069184,2001,340.136962890625
1772086157.2042212,2002,335.4706115722656
1772086163.3086467,2003,344.5536193847656
1772086168.362998,2004,338.6459655761719
1772086169.9482737,2005,327.0215148925781
1772086170.5277607,2006,318.0599060058594
1772086170.6519363,2007,316.94061279296875
1772086177.6318736,2008,343.25048828125
1772086184.880398,2009,349.58642578125
1772086189.6939938,2010,351.7763977050781
1772086191.9549139,2011,351.80474853515625
1772086193.7986197,2012,337.8453063964844
1772086200.5038998,2013,352.0145568847656
1772086202.330322,2014,344.0259094238281
1772086203.6501245,2015,333.8963928222656
1772086203.8328745,2016,309.22503662109375
1772086205.8385372,2017,338.07696533203125
1772086207.3118844,2018,337.5762939453125
1772086209.3244903,2019,352.18804931640625
1772086214.2717705,2020,339.6692199707031
1772086214.4509478,2021,329.4027404785156
1772086217.7557406,2022,338.9988708496094
1772086219.8808177,2023,343.2105712890625
1772086223.0660927,2024,339.70751953125
1772086223.3161893,2025,335.119384765625
1772086228.5668187,2026,343.3455505371094
1772086233.4554162,2027,337.0055847167969
1772086236.519039,2028,345.23529052734375
1772086252.1115768,2029,345.1896667480469
1772086256.0567143,2030,340.94537353515625
1772086259.1862206,2031,338.9522705078125
1772086261.2856755,2032,343.74615478515625
1772086262.583578,2033,329.70111083984375
1772086262.8357024,2034,327.1378173828125
1772086263.0955524,2035,328.7875671386719
1772086272.563464,2036,345.19549560546875
1772086272.6895642,2037,298.0523681640625
1772086277.4829755,2038,338.4543762207031
1772086277.6810763,2039,330.88665771484375
1772086284.8177576,2040,343.6170349121094
1772086287.5100791,2041,347.0399475097656
1772086288.5055373,2042,335.405517578125
1772086288.7559352,2043,349.6534423828125
1772086292.2836933,2044,340.4276123046875
1772086299.0038326,2045,347.7312927246094
1772086306.3874335,2046,339.67938232421875
1772086314.246227,2047,352.06451416015625
1772086314.9353175,2048,332.98187255859375
1772086323.7269495,2049,348.1583557128906
1772086325.4202569,2050,338.3309326171875
1772086332.6076744,2051,342.58740234375
1772086335.9365494,2052,344.3294982910156
1772086349.1062646,2053,346.668212890625
1772086353.300837,2054,348.2100524902344
1772086368.9475799,2055,354.0265808105469
1772086380.6288586,2056,350.9559631347656
1772086381.853843,2057,338.5922546386719
1772086381.9786277,2058,308.8573303222656
1772086390.044169,2059,347.8905334472656
1772086390.6693265,2060,332.5813903808594
1772086399.709833,2061,351.677001953125
1772086408.3074567,2062,349.1977233886719
1772086416.4928305,2063,347.7613220214844
1772086426.0963533,2064,351.9765625
1772086431.2174323,2065,351.6160583496094
1772086436.3755717,2066,344.3863830566406
1772086439.8931391,2067,347.1122131347656
1772086441.3732448,2068,346.6560974121094
1772086442.4819229,2069,333.4040832519531
1772086444.1976025,2070,339.3586120605469
1772086446.0956905,2071,342.00067138671875
1772086448.7200162,2072,353.08453369140625
1772086456.1620843,2073,348.7808837890625
1772086456.7285502,2074,338.3152160644531
1772086458.0323396,2075,345.0655212402344
1772086605.8307545,2076,358.22454833984375
1772086610.3930812,2077,357.5376892089844
1772086611.908525,2078,341.3282470703125
1772086617.038454,2079,354.67266845703125
1772086628.3715203,2080,353.89129638671875
1772086630.0645337,2081,355.4693908691406
1772086631.8571498,2082,347.1152038574219
1772086632.1937191,2083,330.513427734375
1772086636.5118656,2084,357.76873779296875
1772086638.4573507,2085,343.74517822265625
1772086639.489992,2086,342.0598449707031
1772086639.8226395,2087,339.445556640625
1772086646.030208,2088,343.66253662109375
1772086646.9724338,2089,342.0382995605469
1772086647.839672,2090,333.5871887207031
1772086653.5175452,2091,354.0173645019531
1772086656.895156,2092,355.22967529296875
1772086673.9380841,2093,369.7852478027344
1772086674.396473,2094,343.8341369628906
1772086676.4042144,2095,347.7308349609375
1772086679.7025611,2096,355.5190734863281
1772086684.0637212,2097,362.1777038574219
1772086684.4450076,2098,336.090576171875
1772086685.5867038,2099,346.8505859375
1772086694.4014807,2100,355.3216857910156
1772086694.587816,2101,305.0503234863281
1772086694.7744455,2102,312.9825134277344
1772086696.2790337,2103,346.0032958984375
1772086698.4159205,2104,354.8504333496094
1772086701.942024,2105,347.5733642578125
1772086709.3457143,2106,347.96240234375
1772086711.4235132,2107,350.87530517578125
1772086713.0145214,2108,350.847412109375
1772086715.9955244,2109,346.9336242675781
1772086716.2455583,2110,337.62164306640625
1772086716.5021496,2111,323.1271057128906
1772086719.976886,2112,357.5907287597656
1772086723.2527423,2113,345.8664855957031
1772086723.380058,2114,320.2635192871094
1772086724.8523266,2115,340.2742614746094
1772086735.4404132,2116,353.2527160644531
1772086741.5538113,2117,352.9861755371094
1772086753.0168295,2118,351.2533264160156
1772086758.3373084,2119,355.95404052734375
1772086759.0410616,2120,342.9917297363281
1772086772.8817663,2121,363.6986389160156
1772086783.9297326,2122,358.2698669433594
1772086786.9595428,2123,353.796142578125
1772086787.1533186,2124,318.0150451660156
1772086790.132316,2125,357.4155578613281
1772086791.7295678,2126,360.433837890625
1772086798.299422,2127,367.6385803222656
1772086799.389546,2128,350.0821228027344
1772086800.712549,2129,344.0428466796875
1772086802.0991778,2130,345.4486083984375
1772086812.5228746,2131,364.33660888671875
1772086812.655659,2132,350.0026550292969
1772086825.363477,2133,365.8984069824219
1772086825.488742,2134,335.6863708496094
1772086825.6137984,2135,318.8000183105469
1772086828.5639138,2136,354.23724365234375
1772086831.7019103,2137,360.11810302734375
1772086833.3654065,2138,355.3312683105469
1772086836.6694973,2139,352.776123046875
1772086836.8516355,2140,343.7431335449219
1772086837.9207716,2141,355.0650329589844
1772086841.7287843,2142,358.7933349609375
1772086843.9666505,2143,345.5935363769531
1772086847.2957423,2144,357.1219482421875
1772086858.1432223,2145,362.3294982910156
1772086861.5202894,2146,360.8016662597656
1772086861.7114313,2147,314.9756774902344
1772086865.0190187,2148,355.80609130859375
1772086872.152953,2149,356.842529296875
1772086875.4496243,2150,350.3836975097656
1772086887.6926587,2151,361.1908874511719
1772086889.4446747,2152,361.944580078125
1772086890.9339526,2153,359.0158996582031
1772086891.766133,2154,350.8549499511719
1772086902.323883,2155,364.7076721191406
1772086908.2702587,2156,362.6690979003906
1772086909.5897758,2157,342.4637145996094
1772086913.0057802,2158,357.56304931640625
1772086919.6040637,2159,370.13519287109375
1772087167.1622343,2160,366.4825439453125
1772087169.9405565,2161,359.89617919921875
1772087175.2514937,2162,370.4686584472656
1772087177.436936,2163,354.7071533203125
1772087183.791464,2164,357.9484558105469
1772087183.9210641,2165,333.2318115234375
1772087184.0493202,2166,361.4111328125
1772087186.0766473,2167,349.5096740722656
1772087194.1093981,2168,359.3208312988281
1772087198.9925604,2169,374.9255065917969
1772087204.6938155,2170,367.4809875488281
1772087206.2831995,2171,357.48309326171875
1772087208.311596,2172,352.6723327636719
1772087219.8426175,2173,361.84588623046875
1772087222.7772596,2174,364.58343505859375
1772087224.8564,2175,359.9360656738281
1772087231.6641393,2176,358.9190368652344
1772087239.3285515,2177,363.2656555175781
1772087239.575375,2178,343.22271728515625
1772087240.2542055,2179,344.9210205078125
1772087240.3790433,2180,317.0905456542969
1772087241.7219322,2181,336.6767883300781
1772087272.793604,2182,370.5892333984375
1772087274.57339,2183,349.61334228515625
1772087278.388914,2184,363.0988464355469
1772087280.2546062,2185,361.75360107421875
1772087282.9866457,2186,354.3448791503906
1772087293.5356746,2187,364.02288818359375
1772087297.0185661,2188,366.3648681640625
1772087304.2857046,2189,364.72015380859375
1772087319.9040818,2190,363.6869812011719
1772087320.9139123,2191,363.95074462890625
1772087321.0421696,2192,320.7996826171875
1772087329.1685827,2193,361.4617614746094
1772087350.8625617,2194,367.66693115234375
1772087352.478234,2195,361.79486083984375
1772087355.7965667,2196,369.50537109375
1772087357.1746929,2197,363.2528381347656
1772087362.906576,2198,360.5928039550781
1772087364.5740054,2199,359.93902587890625
1772087373.681184,2200,372.63580322265625
1772087373.9355638,2201,352.88226318359375
1772087389.4046507,2202,364.76611328125
1772087394.1256406,2203,356.0545349121094
1772087399.2792416,2204,367.4522705078125
1772087399.4063852,2205,337.2068176269531
1772087404.329858,2206,364.60870361328125
1772087410.3575745,2207,383.6322326660156
1772087413.9582934,2208,360.0701599121094
1772087417.1974201,2209,366.052001953125
1772087419.0227373,2210,357.2366027832031
1772087431.8976016,2211,382.14263916015625
1772087437.5247846,2212,367.0768127441406
1772087439.2781157,2213,355.8299255371094
1772087442.615239,2214,364.83294677734375
1772087442.7381012,2215,354.0830383300781
1772087444.9330192,2216,368.1539001464844
1772087458.7739038,2217,373.812744140625
1772087588.1525385,2218,379.3478698730469
1772087605.0240228,2219,372.2525634765625
1772087608.3979435,2220,383.8919372558594
1772087616.6671536,2221,368.7736511230469
1772087632.4641411,2222,369.2496643066406
1772087632.7882786,2223,347.55364990234375
1772087636.2081647,2224,374.72711181640625
1772087644.343934,2225,371.24444580078125
1772087646.124921,2226,364.311767578125
1772087647.7194254,2227,356.78070068359375
1772087661.080242,2228,374.570556640625
1772087666.5808952,2229,370.3819885253906
1772087666.7100158,2230,347.6827087402344
1772087669.0158188,2231,366.4228210449219
1772087675.7875655,2232,383.59393310546875
1772087680.4634285,2233,373.1347351074219
1772087683.871057,2234,378.6957702636719
1772087684.2572718,2235,363.67059326171875
1772087691.419934,2236,375.5669860839844
1772087694.815834,2237,375.5667724609375
1772087694.942314,2238,354.9381408691406
1772087699.3239074,2239,375.2621765136719
1772087703.409648,2240,371.02734375
1772087706.398088,2241,372.8253479003906
1772087706.784456,2242,351.2309265136719
1772087709.632877,2243,378.51214599609375
1772087720.6394334,2244,373.67987060546875
1772087737.8296092,2245,395.81640625
1772087740.3003623,2246,371.4619445800781
1772087755.7728035,2247,375.7880859375
1772087755.9182732,2248,334.31732177734375
1772087758.304909,2249,377.6139831542969
1772087758.4325383,2250,325.9637756347656
1772087775.0459425,2251,383.2254333496094
1772087775.318348,2252,348.61456298828125
1772087775.4428465,2253,350.3854064941406
1772087776.7654998,2254,374.2846984863281
1772087794.6289704,2255,389.8957824707031
1772087797.9189756,2256,371.2303466796875
1772087800.342058,2257,397.756591796875
1772087807.2786522,2258,383.3058776855469
1772087807.4089956,2259,346.8006286621094
1772087809.9957764,2260,384.34307861328125
1772087820.0302873,2261,382.9079895019531
1772087828.4167938,2262,405.0986633300781
1772087832.665244,2263,387.25347900390625
1772087844.9785104,2264,387.3935546875
1772087860.4167974,2265,391.356201171875
1772087865.6309133,2266,395.5122375488281
1772087871.5399883,2267,396.2268371582031
1772087876.0185382,2268,381.3772888183594
1772087878.6391673,2269,377.8216247558594
1772087879.6479733,2270,387.9959411621094
1772087891.0053055,2271,400.4634704589844
1772087893.3384526,2272,371.7538146972656
1772087907.866525,2273,387.8026123046875
1772088118.1659815,2274,386.5606994628906
1772088121.854465,2275,405.87481689453125
1772088124.6295352,2276,378.7074890136719
1772088124.949687,2277,370.6023254394531
1772088126.3940775,2278,389.4032897949219
1772088128.8436327,2279,384.7733154296875
1772088130.6293836,2280,385.7266845703125
1772088131.7144196,2281,378.5361022949219
1772088133.2097108,2282,377.4685974121094
1772088135.1889758,2283,381.2170104980469
1772088146.9973447,2284,392.57061767578125
1772088155.979734,2285,399.2954406738281
1772088156.2260237,2286,377.9489440917969
1772088174.0962148,2287,403.8951110839844
1772088175.152777,2288,377.3238220214844
1772088179.186664,2289,390.1926574707031
1772088197.1354537,2290,410.6506042480469
1772088197.5615368,2291,372.2765808105469
1772088201.9043381,2292,389.00140380859375
1772088202.8184793,2293,414.1033935546875
1772088232.5101368,2294,398.4188537597656
1772088232.7038908,2295,368.8055419921875
1772088239.5367615,2296,389.8324890136719
1772088259.6405754,2297,406.8592224121094
1772088262.9905207,2298,389.455078125
1772088279.9305649,2299,395.8235778808594
1772088280.0565474,2300,365.3585205078125
1772088280.1817653,2301,371.4879150390625
1772088299.1239135,2302,416.0234375
1772088299.8568923,2303,382.99774169921875
1772088311.1376188,2304,398.0012512207031
1772088325.3256726,2305,395.32513427734375
1772088331.6032665,2306,396.2388000488281
1772088332.8233302,2307,385.43377685546875
1772088338.158624,2308,418.8550109863281
1772088345.2259438,2309,417.4109191894531
1772088347.4691908,2310,385.66717529296875
1772088364.4017398,2311,395.23779296875
1772088378.6748903,2312,395.3910217285156
1772088384.66156,2313,395.4972839355469
1772088392.8987513,2314,413.12542724609375
1772088398.9987528,2315,401.9186096191406
1772088399.127473,2316,337.85260009765625
1772088408.7518325,2317,425.5802307128906
1772088420.500312,2318,411.8761291503906
1772088422.3235643,2319,383.29913330078125
1772088423.6745923,2320,403.12872314453125
1772088427.3901277,2321,422.8805236816406
1772088428.968624,2322,390.8177795410156
1772088429.1083663,2323,335.50323486328125
1772088429.4909704,2324,392.970947265625
1772088442.9061286,2325,415.4548034667969
1772088603.9868128,2326,397.20654296875
1772088606.4901676,2327,393.95562744140625
1772088614.294258,2328,401.1952819824219
1772088638.2881463,2329,425.40777587890625
1772088641.3640213,2330,396.34027099609375
1772088645.91941,2331,402.38336181640625
1772088653.280301,2332,406.4357604980469
1772088670.429629,2333,412.76910400390625
1772088672.058146,2334,402.0971374511719
1772088687.5195858,2335,401.85345458984375
1772088694.9371357,2336,420.0102844238281
1772088709.3106713,2337,421.5068359375
1772088710.5849519,2338,384.983642578125
1772088719.5436916,2339,418.041259765625
1772088727.3509789,2340,423.6549072265625
1772088749.326985,2341,422.0090026855469
1772088754.3945937,2342,411.6174621582031
1772088757.718205,2343,407.8238830566406
1772088763.5949826,2344,400.9031066894531
1772088767.233386,2345,421.0447998046875
1772088767.3571992,2346,353.89776611328125
1772088768.2159545,2347,403.8487548828125
1772088784.1582532,2348,426.4763488769531
1772088788.1408336,2349,428.2898864746094
1772088803.0374215,2350,408.4864501953125
1772088808.2248738,2351,404.4405212402344
1772088822.677013,2352,410.14697265625
1772088830.592319,2353,417.6856994628906
1772088835.6861525,2354,404.5926208496094
1772088837.972449,2355,405.8740234375
1772088848.9765892,2356,408.8347473144531
1772088853.775796,2357,412.2555236816406
1772088854.5818791,2358,387.2472839355469
1772088865.819161,2359,405.544677734375
1772088875.80595,2360,408.98284912109375
1772088875.9301739,2361,360.8913269042969
1772088876.0535834,2362,376.0863342285156
1772088893.4252906,2363,417.83099365234375
1772088897.8787227,2364,410.8144226074219
1772088900.0969892,2365,407.4430236816406
1772088904.6034498,2366,411.6247253417969
1772088906.1903834,2367,403.55487060546875
1772088910.7497468,2368,418.6318054199219
1772089086.992742,2369,437.7562255859375
1772089091.2871182,2370,405.8418273925781
1772089093.690215,2371,419.126953125
1772089096.8904417,2372,409.0840148925781
1772089103.5942717,2373,413.7281188964844
1772089116.508958,2374,436.17425537109375
1772089116.8843956,2375,391.3489074707031
1772089119.2154553,2376,417.8902587890625
1772089119.4088728,2377,351.6240234375
1772089127.1225617,2378,413.5898742675781
1772089131.966439,2379,413.41180419921875
1772089132.5247564,2380,400.32708740234375
1772089156.0561082,2381,431.8365173339844
1772089180.2102406,2382,425.9069519042969
1772089200.364198,2383,434.604736328125
1772089208.7535212,2384,429.7834167480469
1772089218.3168108,2385,426.9019470214844
1772089220.1906042,2386,407.4686584472656
1772089229.2365603,2387,429.511962890625
1772089234.7347193,2388,411.1283874511719
1772089251.896385,2389,415.45068359375
1772089254.1596868,2390,410.01544189453125
1772089264.0282514,2391,419.6239318847656
1772089273.1468387,2392,426.5809631347656
1772089273.4491916,2393,373.6717834472656
1772089278.7696207,2394,418.35589599609375
1772089279.115822,2395,391.44488525390625
1772089291.9809592,2396,425.8320007324219
1772089306.4472759,2397,427.5274963378906
1772089311.2004278,2398,413.3067321777344
1772089313.1142466,2399,418.54254150390625
1772089328.667952,2400,430.671142578125
1772089335.4826984,2401,432.7611999511719
1772089346.194564,2402,443.7247009277344
1772089350.520941,2403,417.665283203125
1772089352.030762,2404,430.0633239746094
1772089358.266123,2405,418.0118103027344
1772089368.6571152,2406,424.98663330078125
1772089370.7190917,2407,414.0116882324219
1772089373.0446239,2408,414.68341064453125
1772089381.5839107,2409,446.2788391113281
1772089388.6663694,2410,415.5941467285156
1772089397.972485,2411,432.2514953613281
1772089557.404448,2412,427.3786926269531
1772089564.9491937,2413,430.4849548339844
1772089566.7350702,2414,415.5417175292969
1772089582.5305505,2415,431.7384033203125
1772089588.2221541,2416,446.45709228515625
1772089592.716229,2417,418.01007080078125
1772089592.8479283,2418,386.4187927246094
1772089593.8566191,2419,400.7920837402344
1772089594.0356765,2420,423.975341796875
1772089596.1427696,2421,425.2965393066406
1772089605.204907,2422,434.1816711425781
1772089633.093413,2423,442.0641784667969
1772089638.1592875,2424,435.9962158203125
1772089642.6459262,2425,432.8255310058594
1772089657.3714082,2426,426.51220703125
1772089684.5000045,2427,449.35784912109375
1772089686.7169816,2428,423.34124755859375
1772089686.837453,2429,376.9495544433594
1772089704.2768538,2430,452.4079284667969
1772089705.784318,2431,431.1462707519531
1772089708.7251353,2432,422.3520202636719
1772089719.520851,2433,443.09033203125
1772089736.6554248,2434,440.3209228515625
1772089742.2926147,2435,426.0820617675781
1772089742.4813187,2436,385.154541015625
1772089785.6154191,2437,440.256591796875
1772089790.78545,2438,448.10498046875
1772089811.121134,2439,440.89801025390625
1772089816.4599247,2440,443.0577087402344
1772089818.8377476,2441,430.85321044921875
1772089819.025016,2442,408.47021484375
1772089830.516478,2443,463.6428527832031
1772089842.7465847,2444,447.6947937011719
1772089855.2894828,2445,459.0972900390625
1772090063.00703,2446,442.3094482421875
1772090097.27236,2447,461.414306640625
1772090097.5238397,2448,429.4305114746094
1772090104.3410583,2449,433.2654113769531
1772090125.9471815,2450,465.31805419921875
1772090136.1272643,2451,458.7793884277344
1772090139.4219315,2452,442.4957580566406
1772090139.5443654,2453,423.23651123046875
1772090165.8442125,2454,461.3568420410156
1772090172.2779047,2455,450.309326171875
1772090193.8708942,2456,473.6556701660156
1772090194.0003946,2457,409.0353088378906
1772090197.9166062,2458,451.3558349609375
1772090215.232326,2459,455.4005432128906
1772090219.7012136,2460,448.749267578125
1772090224.8453226,2461,454.595458984375
1772090226.6224084,2462,440.3465270996094
1772090240.0524728,2463,454.8156433105469
1772090243.9253006,2464,460.7384338378906
1772090247.8137054,2465,437.1501159667969
1772090264.4143322,2466,465.8108215332031
1772090264.6588635,2467,406.829345703125
1772090273.053796,2468,457.4882507324219
1772090278.9738784,2469,459.29638671875
1772090285.5331874,2470,459.5363464355469
1772090291.164166,2471,459.05853271484375
1772090303.6897304,2472,473.9830322265625
1772090310.9767642,2473,479.4022521972656
1772090312.6958065,2474,451.9637145996094
1772090314.5815127,2475,466.667236328125
1772090328.3738182,2476,458.5453186035156
1772090332.6596863,2477,460.1908264160156
1772090335.0699806,2478,444.73077392578125
1772090336.7660472,2479,459.16986083984375
1772090357.081797,2480,470.41015625
1772090361.4169014,2481,454.1114501953125
1772090361.5504255,2482,429.6033935546875
1772090364.763054,2483,455.36865234375
1772090519.4689214,2484,460.58984375
1772090541.5477526,2485,471.30364990234375
1772090542.670894,2486,453.1488952636719
1772090546.1179304,2487,464.5754699707031
1772090546.720586,2488,461.1023254394531
1772090560.6239388,2489,461.6561584472656
1772090563.1950917,2490,455.2778625488281
1772090566.962406,2491,453.95538330078125
1772090573.664701,2492,474.6363830566406
1772090640.651326,2493,480.4712829589844
1772090650.6188736,2494,474.3743896484375
1772090653.825761,2495,453.398193359375
1772090659.5414348,2496,470.8558349609375
1772090679.8593314,2497,485.5738220214844
1772090681.6875782,2498,470.6654357910156
1772090688.912149,2499,465.8216552734375
1772090694.3943074,2500,473.2643737792969
1772090722.033202,2501,478.2595520019531
1772090727.9495966,2502,465.4859619140625
1772090743.7374425,2503,490.0181579589844
1772090744.6888938,2504,467.96624755859375
1772090747.0881917,2505,463.4139709472656
1772090765.2851171,2506,489.93939208984375
1772090773.0367062,2507,479.65509033203125
1772090776.1538534,2508,466.8670959472656
1772090783.8337529,2509,475.3714599609375
1772090805.461236,2510,486.0500183105469
1772090827.3193061,2511,486.66937255859375
1772091055.7709525,2512,474.2448425292969
1772091059.1560125,2513,463.5368347167969
1772091060.129313,2514,457.8246154785156
1772091079.8390532,2515,493.0422058105469
1772091102.808033,2516,495.051513671875
1772091102.9338307,2517,438.9087219238281
1772091103.127812,2518,413.43212890625
1772091129.6936963,2519,488.70172119140625
1772091131.631443,2520,460.6318359375
1772091135.0916207,2521,480.7079772949219
1772091150.0100732,2522,501.56219482421875
1772091150.1336508,2523,434.1778869628906
1772091150.2559686,2524,441.05462646484375
1772091154.1234026,2525,481.736572265625
1772091177.7754667,2526,495.1859436035156
1772091183.9025648,2527,476.38287353515625
1772091188.0158517,2528,487.0380554199219
1772091189.6285489,2529,472.7803039550781
1772091200.7174807,2530,484.0245056152344
1772091201.432251,2531,454.60882568359375
1772091219.7630234,2532,480.44671630859375
1772091224.2812667,2533,481.02783203125
1772091229.68098,2534,481.0763244628906
1772091232.1593044,2535,469.3584289550781
1772091237.6267474,2536,485.633056640625
1772091240.9598315,2537,476.25579833984375
1772091247.2500122,2538,504.3116455078125
1772091258.5826614,2539,504.6130065917969
1772091283.0187542,2540,498.3220520019531
1772091307.6979039,2541,506.3799133300781
1772091317.7538085,2542,484.46868896484375
1772091329.8967357,2543,507.7182312011719
1772091332.4899173,2544,485.7914123535156
1772091343.92994,2545,493.8223876953125
1772091353.3821135,2546,486.6776428222656
1772091594.0349448,2547,501.9137268066406
1772091594.2581325,2548,462.6820983886719
1772091603.0660176,2549,504.5232238769531
1772091615.1055977,2550,490.58502197265625
1772091617.7855456,2551,503.2656555175781
1772091619.6981423,2552,469.4031066894531
1772091620.3685935,2553,478.0163269042969
1772091625.7324047,2554,485.9897766113281
1772091626.0602753,2555,478.083251953125
1772091629.0849328,2556,490.1732482910156
1772091630.9249861,2557,484.0634460449219
1772091631.1650357,2558,426.7331237792969
1772091632.4201965,2559,486.4698181152344
1772091637.5890048,2560,493.34857177734375
1772091640.604967,2561,489.87847900390625
1772091643.7606218,2562,498.29345703125
1772091645.0506263,2563,484.55706787109375
1772091649.1088202,2564,484.3329772949219
1772091652.3408515,2565,506.7427673339844
1772091652.466314,2566,473.4635314941406
1772091653.5803425,2567,467.6468505859375
1772091653.843117,2568,455.2986755371094
1772091655.8696425,2569,473.8647155761719
1772091665.7979696,2570,494.0194091796875
1772091671.8085837,2571,503.24176025390625
1772091676.0460422,2572,510.9273376464844
1772091680.1906352,2573,488.6562805175781
1772091682.0065372,2574,485.9991455078125
1772091690.676815,2575,505.6822509765625
1772091695.4394662,2576,487.5475158691406
1772091700.788994,2577,493.2784423828125
1772091703.9615667,2578,485.655029296875
1772091718.8343372,2579,499.5833435058594
1772091719.0241942,2580,475.29254150390625
1772091730.9574971,2581,494.81280517578125
1772091734.4314811,2582,510.5584716796875
1772091735.0051658,2583,470.6258850097656
1772091739.5807016,2584,498.4060974121094
1772091745.0127115,2585,490.802001953125
1772091756.6663,2586,498.8357238769531
1772091761.100374,2587,495.8839111328125
1772091761.9180708,2588,498.0677795410156
1772091765.409416,2589,497.9935607910156
1772091770.858994,2590,488.71441650390625
1772091774.1641586,2591,490.9664001464844
1772091774.3538315,2592,460.6119079589844
1772091775.6627364,2593,490.9129333496094
1772091776.097124,2594,503.83184814453125
1772091778.8063014,2595,500.99713134765625
1772091782.2844656,2596,511.9703369140625
1772091789.8367877,2597,498.449462890625
1772091790.7803013,2598,472.466796875
1772091794.6821406,2599,496.0798034667969
1772091802.5872383,2600,500.8368835449219
1772091805.0843024,2601,489.90936279296875
1772091806.4307582,2602,497.68670654296875
1772091806.7458048,2603,480.3058776855469
1772091812.8334978,2604,496.1398620605469
1772091815.5970635,2605,501.2793884277344
1772091817.5272384,2606,502.23968505859375
1772091818.2254958,2607,464.3324279785156
1772091824.222766,2608,502.0418395996094
1772091825.1818714,2609,472.5159912109375
1772091829.152844,2610,501.0805358886719
1772091834.2354364,2611,502.23614501953125
1772091844.84654,2612,513.459228515625
1772091845.8460076,2613,480.9096984863281
1772091848.9667826,2614,494.2901306152344
1772091849.1610458,2615,480.074951171875
1772091851.5136683,2616,500.51361083984375
1772091852.7615268,2617,479.3759765625
1772091856.2297463,2618,504.55731201171875
1772091864.9019063,2619,496.91455078125
1772091866.3285856,2620,484.1224670410156
1772091871.8773713,2621,500.91009521484375
1772091877.5910704,2622,510.3381652832031
1772091879.2567067,2623,491.4217834472656
1772091879.382565,2624,482.3963928222656
1772091887.5189402,2625,505.6283264160156
1772091892.319874,2626,503.8029479980469
1772091892.5027642,2627,464.4416809082031
1772091896.1866488,2628,515.1651611328125
1772091904.6834822,2629,528.06298828125
1772092122.3976145,2630,457.3070983886719
1772092131.12905,2631,518.1495971679688
1772092132.7834692,2632,508.1350402832031
1772092134.844251,2633,498.3656921386719
1772092138.7775037,2634,505.7173156738281
1772092140.6235292,2635,523.6646118164062
1772092144.1527147,2636,500.162353515625
1772092144.404879,2637,483.0901184082031
1772092148.5253594,2638,514.1905517578125
1772092148.722299,2639,467.4471130371094
1772092150.7206228,2640,512.209228515625
1772092152.0203393,2641,486.9728698730469
1772092155.6178741,2642,528.6428833007812
1772092158.6168458,2643,492.1958312988281
1772092159.9213674,2644,510.7334289550781
1772092162.3628752,2645,502.41644287109375
1772092163.5370858,2646,492.28643798828125
1772092163.797282,2647,470.74847412109375
1772092164.237404,2648,496.9784851074219
1772092168.5936217,2649,500.6853332519531
1772092172.3400867,2650,495.1011047363281
1772092178.4095652,2651,506.0495910644531
1772092181.3542786,2652,494.6651916503906
1772092188.357604,2653,503.890869140625
1772092190.4007034,2654,509.84478759765625
1772092196.0689704,2655,504.4178771972656
1772092197.4393337,2656,489.2830505371094
1772092207.6088576,2657,510.5923767089844
1772092209.7095568,2658,500.6752014160156
1772092209.8403971,2659,476.907958984375
1772092210.0359461,2660,468.0448303222656
1772092218.294852,2661,521.6331787109375
1772092220.7101982,2662,495.599609375
1772092222.576921,2663,497.2245788574219
1772092226.6227987,2664,505.07025146484375
1772092230.091516,2665,512.5062866210938
1772092238.4800198,2666,503.0484313964844
1772092240.4322317,2667,491.5267639160156
1772092242.2147322,2668,506.0548095703125
1772092244.2825184,2669,505.3033447265625
1772092246.3339791,2670,514.3731689453125
1772092249.1328204,2671,496.8367919921875
1772092259.863956,2672,526.6702270507812
1772092265.7771933,2673,517.8779296875
1772092269.6644027,2674,519.2313842773438
1772092270.107917,2675,487.94091796875
1772092274.3633864,2676,521.6127319335938
1772092275.5372365,2677,524.0320434570312
1772092282.0121503,2678,514.8775024414062
1772092282.988928,2679,494.7475280761719
1772092283.120237,2680,446.1095886230469
1772092289.5168705,2681,527.7913818359375
1772092302.5588012,2682,528.2861938476562
1772092305.964305,2683,517.0693359375
1772092308.8813589,2684,512.1431884765625
1772092312.6921306,2685,517.6216430664062
1772092312.8171735,2686,435.9260559082031
1772092314.6475096,2687,512.8079833984375
1772092314.770345,2688,513.0038452148438
1772092316.1565092,2689,503.6048583984375
1772092316.8324883,2690,490.5948791503906
1772092318.5090954,2691,511.75469970703125
1772092318.8965762,2692,503.1624450683594
1772092320.8620756,2693,534.1817626953125
1772092332.1180937,2694,529.318359375
1772092334.3883693,2695,495.8543395996094
1772092336.3431962,2696,516.8217163085938
1772092341.5680447,2697,527.1895751953125
1772092342.905805,2698,507.54254150390625
1772092343.5855384,2699,496.8159484863281
1772092343.7093735,2700,526.4033813476562
1772092343.831662,2701,475.81640625
1772092345.9338572,2702,508.1848449707031
1772092353.0403607,2703,528.8990478515625
1772092356.9164782,2704,513.611572265625
1772092358.2030685,2705,504.79571533203125
1772092366.2237716,2706,517.2310791015625
1772092367.8072984,2707,512.7130126953125
1772092371.160532,2708,518.0713500976562
1772092373.5623033,2709,504.88623046875
1772092375.050548,2710,524.830810546875
1772092375.8943338,2711,487.67535400390625
1772092377.9256527,2712,505.7870788574219
1772092384.751453,2713,519.24951171875
1772092388.7488697,2714,511.3672180175781
1772092390.7037623,2715,512.03857421875
1772092398.866289,2716,535.8522338867188
1772092404.4979088,2717,517.8628540039062
1772092408.4773798,2718,532.4067993164062
1772092409.8716238,2719,514.5669555664062
1772092414.511405,2720,524.6228637695312
1772092417.5986626,2721,531.5107421875
1772092418.2569487,2722,496.1661376953125
1772092420.3365977,2723,505.02410888671875
1772092420.5978558,2724,519.9965209960938
1772092422.682741,2725,522.3095092773438
1772092425.047432,2726,503.5379638671875
1772092425.3525608,2727,482.9112854003906
1772092429.5020175,2728,518.7164306640625
1772092430.9720964,2729,520.7864990234375
1772092431.6596649,2730,489.2389831542969
1772092435.5828736,2731,523.12548828125
1772092437.3189695,2732,517.7142944335938
1772092444.9868052,2733,516.2286376953125
1772092661.1898754,2734,540.4909057617188
1772092662.5774567,2735,513.1749877929688
1772092664.5953681,2736,516.3289184570312
1772092666.9905748,2737,525.685791015625
1772092672.150673,2738,541.982666015625
1772092673.6154299,2739,500.2283630371094
1772092674.5896256,2740,516.39208984375
1772092674.7140164,2741,468.8367004394531
1772092680.9851787,2742,532.4140625
1772092684.2439687,2743,532.7305297851562
1772092685.5038965,2744,511.4690856933594
1772092686.1987455,2745,497.91070556640625
1772092689.6824894,2746,523.4317016601562
1772092690.552399,2747,540.7739868164062
1772092699.862363,2748,544.8890380859375
1772092701.174219,2749,507.4732666015625
1772092705.31138,2750,536.8882446289062
1772092711.620626,2751,522.946533203125
1772092714.0227768,2752,522.393310546875
1772092714.2262847,2753,501.2598571777344
1772092716.9431174,2754,532.4392700195312
1772092720.6864398,2755,529.8970336914062
1772092722.4179873,2756,518.65771484375
1772092722.5467834,2757,479.5493469238281
1772092735.8713114,2758,526.2444458007812
1772092736.2539513,2759,493.6079406738281
1772092739.0676303,2760,526.40478515625
1772092739.3773332,2761,489.3831481933594
1772092748.505095,2762,533.4298095703125
1772092751.6672108,2763,523.631591796875
1772092754.7194862,2764,523.3527221679688
1772092764.1017592,2765,547.1544189453125
1772092764.305204,2766,451.6577453613281
1772092765.560977,2767,524.8695678710938
1772092765.6858377,2768,474.5821533203125
1772092765.810617,2769,479.7013854980469
1772092766.0011637,2770,471.638671875
1772092767.3821635,2771,517.0197143554688
1772092784.3410287,2772,547.6326293945312
1772092788.6245766,2773,540.3900756835938
1772092793.7808847,2774,537.662841796875
1772092797.4649358,2775,538.5880126953125
1772092802.069748,2776,542.988525390625
1772092802.194585,2777,488.6053161621094
1772092811.7433302,2778,532.0499877929688
1772092813.1135948,2779,542.033447265625
1772092815.803931,2780,533.8038940429688
1772092819.7018664,2781,524.7259521484375
1772092822.487612,2782,543.1896362304688
1772092836.05605,2783,551.379638671875
1772092841.5953002,2784,549.737548828125
1772092843.9563522,2785,528.7828369140625
1772092849.945859,2786,547.5465087890625
1772092860.5938742,2787,546.5556030273438
1772092866.9173396,2788,546.5732421875
1772092867.8853133,2789,516.8375854492188
1772092868.5334544,2790,512.1085815429688
1772092872.670624,2791,542.1525268554688
1772092877.3075285,2792,538.9664916992188
1772092880.2522914,2793,544.4085693359375
1772092884.8236766,2794,516.3404541015625
1772092887.6781187,2795,524.9044189453125
1772092887.8612044,2796,494.40997314453125
1772092894.0667634,2797,538.0021362304688
1772092896.1857462,2798,521.2122802734375
1772092911.2643285,2799,541.0139770507812
1772092915.0525331,2800,526.97705078125
1772092917.6804452,2801,520.6347045898438
1772092920.6663625,2802,520.0526733398438
1772092925.6566455,2803,547.314697265625
1772092927.0894852,2804,517.0103149414062
1772092927.4137828,2805,487.00762939453125
1772092931.4828722,2806,533.4039916992188
1772092935.487484,2807,524.4713134765625
1772092936.544038,2808,516.3351440429688
1772092940.0869539,2809,533.0672607421875
1772092940.9476233,2810,532.0888061523438
1772092941.2021856,2811,507.15875244140625
1772092947.9599833,2812,542.8530883789062
1772092949.9812503,2813,531.2109985351562
1772092954.4490776,2814,541.3180541992188
1772092958.200843,2815,532.7039184570312
1772092962.181288,2816,527.5965576171875
1772092963.6097727,2817,528.665283203125
1772092963.7334113,2818,524.979248046875
1772092972.9416518,2819,542.6575317382812
1772093145.7271304,2820,521.2691650390625
1772093147.0847306,2821,520.1784057617188
1772093151.3738785,2822,534.0681762695312
1772093155.2565603,2823,531.8197021484375
1772093158.669888,2824,541.5189819335938
1772093160.6024396,2825,529.3994140625
1772093162.74508,2826,542.965576171875
1772093163.0629227,2827,498.0086364746094
1772093164.813292,2828,534.94384765625
1772093168.8805737,2829,525.7627563476562
1772093172.8283978,2830,527.4720458984375
1772093173.818735,2831,530.8794555664062
1772093177.7548254,2832,525.0369262695312
1772093182.1171308,2833,540.7708740234375
1772093183.9034064,2834,508.2215881347656
1772093184.3428824,2835,509.1313171386719
1772093185.751199,2836,530.9682006835938
1772093186.0037818,2837,498.0487060546875
1772093192.6634414,2838,548.5958862304688
1772093192.7887092,2839,501.00592041015625
1772093195.8614109,2840,530.9247436523438
1772093196.7576134,2841,526.0216064453125
1772093199.9173117,2842,541.3114624023438
1772093200.1141477,2843,503.462646484375
1772093206.8329053,2844,536.25732421875
1772093209.7745512,2845,551.9374389648438
1772093210.5771086,2846,519.9530029296875
1772093210.7063363,2847,485.6968078613281
1772093210.8313653,2848,488.5024719238281
1772093212.0938492,2849,518.8983154296875
1772093213.9071934,2850,533.5022583007812
1772093215.7661352,2851,537.919189453125
1772093219.2286732,2852,531.7806396484375
1772093219.544477,2853,519.760986328125
1772093220.5740967,2854,512.8802490234375
1772093220.6974235,2855,518.8665771484375
1772093220.8212771,2856,492.6133728027344
1772093221.5278423,2857,520.885986328125
1772093222.013462,2858,529.0132446289062
1772093231.243526,2859,537.6641845703125
1772093235.8932202,2860,533.05419921875
1772093244.5977352,2861,536.72314453125
1772093246.6863635,2862,524.9931030273438
1772093249.0792665,2863,518.9572143554688
1772093252.5684292,2864,543.511962890625
1772093252.7527552,2865,512.9019165039062
1772093254.6370356,2866,521.7556762695312
1772093254.8334534,2867,519.6541748046875
1772093255.024711,2868,509.6690368652344
1772093256.1703773,2869,520.47119140625
1772093256.558208,2870,509.346923828125
1772093260.0443974,2871,533.0052490234375
1772093260.1780035,2872,499.0551452636719
1772093264.0252469,2873,543.15380859375
1772093264.4220884,2874,520.4890747070312
1772093266.9705825,2875,553.9152221679688
1772093273.9020042,2876,547.2932739257812
1772093275.7739084,2877,557.0234985351562
1772093280.9705718,2878,524.9633178710938
1772093281.478565,2879,500.4106750488281
1772093283.9871504,2880,534.4705810546875
1772093285.0859644,2881,532.0014038085938
1772093288.76167,2882,540.1504516601562
1772093298.123506,2883,531.7086791992188
1772093302.1370711,2884,538.5305786132812
1772093303.6168778,2885,536.5045166015625
1772093303.9236326,2886,513.1233520507812
1772093308.4048202,2887,518.31298828125
1772093308.5950398,2888,495.2748107910156
1772093312.7796073,2889,525.4185791015625
1772093314.4948857,2890,526.4427490234375
1772093321.0035942,2891,535.699951171875
1772093324.3562534,2892,529.592041015625
1772093332.4669893,2893,540.332275390625
1772093344.3376217,2894,550.2112426757812
1772093348.6737003,2895,538.8873901367188
1772093352.0578325,2896,533.0303955078125
1772093354.330434,2897,530.1925048828125
1772093358.452388,2898,533.7247314453125
1772093361.7538543,2899,538.8023681640625
1772093362.6160545,2900,509.70758056640625
1772093365.0944908,2901,543.6845092773438
1772093367.342967,2902,531.1212158203125
1772093369.3024938,2903,516.2981567382812
1772093369.4279997,2904,480.0556335449219
1772093370.3900127,2905,522.355712890625
1772093370.646939,2906,510.732421875
1772093380.3854928,2907,566.1995239257812
1772093382.457422,2908,535.017333984375
1772093384.0079174,2909,513.7131958007812
1772093385.3302004,2910,517.2667846679688
1772093385.9221618,2911,549.6385498046875
1772093387.8730884,2912,528.233642578125
1772093391.7360325,2913,540.9869995117188
1772093400.1498098,2914,541.2904052734375
1772093401.9955459,2915,544.1428833007812
1772093405.9094026,2916,526.3452758789062
1772093410.7076097,2917,531.1588134765625
1772093412.1890514,2918,537.5198364257812
1772093423.2257154,2919,536.2859497070312
1772093424.4153132,2920,540.7860107421875
1772093428.3116727,2921,535.3780517578125
1772093429.0548558,2922,518.239013671875
1772093429.3025863,2923,532.427734375
1772093429.5564852,2924,525.7649536132812
1772093433.5353258,2925,536.7488403320312
1772093437.0865734,2926,530.4124145507812
1772093443.35445,2927,543.6903076171875
1772093451.7146134,2928,558.1476440429688
1772093456.3769987,2929,546.6533813476562
1772093462.8934305,2930,569.7763061523438
1772093690.6437924,2931,520.8232421875
1772093690.7696686,2932,520.1085205078125
1772093693.0884511,2933,545.1661376953125
1772093694.5495088,2934,534.3074340820312
1772093695.114754,2935,512.3765869140625
1772093700.5704536,2936,556.86669921875
1772093703.0648453,2937,566.757080078125
1772093705.1075506,2938,520.066162109375
1772093708.5571885,2939,545.1895141601562
1772093716.198974,2940,543.3568725585938
1772093719.5834036,2941,539.2986450195312
1772093722.52395,2942,561.4061889648438
1772093722.8916268,2943,542.1445922851562
1772093727.5791872,2944,527.8922729492188
1772093729.1641772,2945,537.2045288085938
1772093735.257404,2946,544.3057861328125
1772093739.5326884,2947,552.00830078125
1772093741.398939,2948,522.6392822265625
1772093743.4220116,2949,520.8577270507812
1772093744.2122993,2950,538.77783203125
1772093745.652728,2951,534.0927124023438
1772093748.3510547,2952,533.1135864257812
1772093749.9311764,2953,524.1557006835938
1772093750.433076,2954,522.0958251953125
1772093752.5616019,2955,535.00732421875
1772093755.497795,2956,547.9598388671875
1772093762.1085918,2957,542.363525390625
1772093763.7550306,2958,544.02880859375
1772093772.7162323,2959,551.5940551757812
1772093776.5903428,2960,563.292236328125
1772093777.5786262,2961,538.8988037109375
1772093777.8445678,2962,526.3136596679688
1772093786.8485048,2963,563.783447265625
1772093790.6219242,2964,543.8396606445312
1772093791.2640245,2965,530.814208984375
1772093792.9975665,2966,533.865966796875
1772093793.7828753,2967,531.0135498046875
1772093796.6872067,2968,563.8742065429688
1772093801.559834,2969,536.7941284179688
1772093807.3151252,2970,565.9044189453125
1772093808.6098504,2971,528.735595703125
1772093809.3640852,2972,527.838134765625
1772093815.4828947,2973,549.6996459960938
1772093818.5762496,2974,529.4835815429688
1772093820.7246406,2975,546.3395385742188
1772093822.3077989,2976,554.5139770507812
1772093836.879888,2977,560.97705078125
1772093838.5085986,2978,531.5328979492188
1772093839.4848635,2979,544.3944091796875
1772093845.524312,2980,554.1619873046875
1772093849.6272032,2981,553.2411499023438
1772093851.8676507,2982,533.7013549804688
1772093851.9903035,2983,526.87158203125
1772093855.3251424,2984,536.8349609375
1772093855.839974,2985,516.93212890625
1772093857.207336,2986,531.2427978515625
1772093864.022372,2987,556.2251586914062
1772093865.9447453,2988,541.7994384765625
1772093875.2582686,2989,545.5255737304688
1772093876.8532257,2990,530.173095703125
1772093890.5405405,2991,558.5349731445312
1772093896.6723006,2992,553.06884765625
1772093910.4837697,2993,565.7459716796875
1772093912.095205,2994,563.4041137695312
1772093912.2207155,2995,501.05706787109375
1772093917.9735336,2996,558.2178955078125
1772093921.296818,2997,558.232421875
1772093921.4919794,2998,558.1472778320312
1772093933.4847322,2999,562.9579467773438
1772093935.805435,3000,564.9172973632812
1772093940.24436,3001,558.8836669921875
1772093940.6731625,3002,521.1625366210938
1772093942.608073,3003,545.071044921875
1772093947.4412556,3004,542.1213989257812
1772093947.568319,3005,512.7937622070312
1772093950.4273865,3006,535.1371459960938
1772093960.8550966,3007,544.5170288085938
1772093962.9901206,3008,547.719970703125
1772093967.1571956,3009,546.2378540039062
1772093972.6412783,3010,564.8631591796875
1772093974.5167825,3011,539.087890625
1772093974.6420639,3012,506.8032531738281
1772093982.8909922,3013,541.6353149414062
1772093984.0758119,3014,533.4595336914062
1772093986.3635423,3015,542.5484619140625
1772093990.5135105,3016,562.8007202148438
1772093993.8735037,3017,550.5001220703125
1772093994.0006015,3018,484.79315185546875
1772093994.129675,3019,486.3882751464844
1772093996.5387924,3020,550.7763061523438
1772094003.3769708,3021,546.8821411132812
1772094012.719759,3022,547.2666015625
1772094159.7443638,3023,544.5418701171875
1772094161.9573677,3024,542.530029296875
1772094163.549008,3025,528.3930053710938
1772094164.211813,3026,523.8363647460938
1772094171.7761092,3027,551.5546264648438
1772094174.5404627,3028,538.5791015625
1772094177.7819493,3029,546.5400390625
1772094195.8068662,3030,559.2125244140625
1772094197.1685617,3031,543.4188232421875
1772094199.2148945,3032,544.7633666992188
1772094203.6438851,3033,547.633056640625
1772094205.457451,3034,543.0405883789062
1772094207.8019524,3035,563.4474487304688
1772094211.2184496,3036,542.9112548828125
1772094214.6314113,3037,541.9113159179688
1772094219.828144,3038,542.627685546875
1772094233.3350613,3039,572.5980224609375
1772094235.2440307,3040,567.0936889648438
1772094239.4290102,3041,558.8096923828125
1772094241.2017016,3042,554.4891357421875
1772094258.706663,3043,571.4478149414062
1772094263.7994041,3044,537.063232421875
1772094270.9124444,3045,545.7382202148438
1772094271.3554978,3046,513.061767578125
1772094273.8831098,3047,531.6888427734375
1772094275.6985297,3048,562.927001953125
1772094280.6822686,3049,547.224853515625
1772094283.7379525,3050,562.8532104492188
1772094286.3859491,3051,548.6386108398438
1772094289.0018804,3052,542.941650390625
1772094297.0863037,3053,574.1925048828125
1772094300.9209356,3054,555.755859375
1772094307.4610593,3055,570.3690185546875
1772094314.8623002,3056,567.244873046875
1772094314.992917,3057,501.95721435546875
1772094315.405556,3058,518.3267211914062
1772094322.5275493,3059,567.154052734375
1772094324.4999523,3060,558.1463012695312
1772094327.9268022,3061,542.418212890625
1772094332.1211998,3062,566.2444458007812
1772094333.4707463,3063,573.51171875
1772094335.2517831,3064,561.5831909179688
1772094335.5109153,3065,541.017578125
1772094345.5467997,3066,564.583984375
1772094348.6316762,3067,561.7969970703125
1772094349.862827,3068,550.1481323242188
1772094351.2630703,3069,527.4554443359375
1772094354.6415527,3070,546.4180908203125
1772094368.8898323,3071,552.4296875
1772094376.0165844,3072,560.6956176757812
1772094378.415384,3073,537.2275390625
1772094383.3774924,3074,553.8048095703125
1772094390.41946,3075,572.3311767578125
1772094390.6710851,3076,511.88983154296875
1772094393.0997784,3077,547.8508911132812
1772094393.3736866,3078,526.9271850585938
1772094394.9933052,3079,534.704833984375
1772094395.4232242,3080,507.4064636230469
1772094399.6295204,3081,570.5459594726562
1772094404.852732,3082,546.3279418945312
1772094407.4625595,3083,540.2349853515625
1772094413.081923,3084,545.7297973632812
1772094413.9913633,3085,549.7296752929688
1772094414.1304812,3086,510.94525146484375
1772094414.2568512,3087,492.27862548828125
1772094419.7008162,3088,555.8803100585938
1772094420.5553482,3089,536.81787109375
1772094428.430813,3090,563.0075073242188
1772094432.1882904,3091,540.5646362304688
1772094433.3887324,3092,576.8309936523438
1772094436.7594018,3093,553.6953125
1772094437.142864,3094,530.6920166015625
1772094438.9400048,3095,531.9912109375
1772094446.373517,3096,550.6893920898438
1772094446.5126636,3097,570.4019165039062
1772094446.761264,3098,525.6094970703125
1772094446.8969212,3099,495.7811584472656
1772094448.0063667,3100,526.5140380859375
1772094453.3302755,3101,564.5094604492188
1772094468.8247736,3102,571.7337646484375
1772094486.880406,3103,564.51171875
1772094631.825233,3104,554.1061401367188
1772094632.0857837,3105,495.36346435546875
1772094632.2728,3106,515.1334838867188
1772094638.308676,3107,550.0797729492188
1772094645.9427888,3108,564.3267211914062
1772094649.0369406,3109,555.3280639648438
1772094654.3293035,3110,553.3358764648438
1772094654.4545786,3111,495.97088623046875
1772094657.9092383,3112,548.0721435546875
1772094667.482631,3113,559.5433959960938
1772094668.0383675,3114,537.2759399414062
1772094669.9659157,3115,549.3878784179688
1772094670.6060877,3116,553.513671875
1772094671.6850345,3117,543.1873779296875
1772094674.030137,3118,551.69091796875
1772094676.7356026,3119,562.9915161132812
1772094680.5671165,3120,567.146728515625
1772094680.6921923,3121,524.095458984375
1772094684.0455887,3122,562.5928955078125
1772094689.563072,3123,555.1793823242188
1772094691.4879916,3124,551.9703979492188
1772094700.9509668,3125,556.2217407226562
1772094703.8344605,3126,540.7742919921875
1772094714.194056,3127,574.9888916015625
1772094718.5767198,3128,562.0072631835938
1772094723.3085682,3129,568.36669921875
1772094730.1985776,3130,556.98974609375
1772094736.3744867,3131,581.1082153320312
1772094738.5516157,3132,558.771728515625
1772094748.283663,3133,561.4189453125
1772094751.3196425,3134,581.4432373046875
1772094752.8205929,3135,544.5554809570312
1772094754.1045477,3136,574.5307006835938
1772094756.3005228,3137,562.9349365234375
1772094756.6314778,3138,537.3388671875
1772094768.5021057,3139,566.0692749023438
1772094786.932581,3140,581.6148071289062
1772094790.349573,3141,552.4013671875
1772094792.5002441,3142,575.267578125
1772094792.6240609,3143,518.4488525390625
1772094793.471379,3144,546.4822387695312
1772094799.951274,3145,587.2149047851562
1772094800.2128236,3146,532.0545043945312
1772094801.7574413,3147,583.1099853515625
1772094805.3634894,3148,583.2445678710938
1772094816.1403751,3149,589.478759765625
1772094823.7739022,3150,585.925048828125
1772094824.953515,3151,545.990234375
1772094825.2631462,3152,524.4474487304688
1772094825.3919508,3153,540.2222900390625
1772094828.6566074,3154,565.5529174804688
1772094831.2773764,3155,570.684326171875
1772094832.8949363,3156,545.3233642578125
1772094834.4118054,3157,549.6861572265625
1772094834.9187202,3158,551.465087890625
1772094846.3663342,3159,565.396728515625
1772094851.6694362,3160,558.3343505859375
1772094851.8578248,3161,531.8111572265625
1772094853.4559703,3162,568.2913818359375
1772094853.7852654,3163,526.860595703125
1772094854.2819104,3164,541.59326171875
1772094860.0914068,3165,554.3956909179688
1772094872.6869054,3166,590.9121704101562
1772094872.8802438,3167,520.3042602539062
1772094874.2921197,3168,561.912109375
1772094889.8439007,3169,592.526611328125
1772094892.5248442,3170,561.0468139648438
1772094908.4645138,3171,591.2952270507812
1772094912.2724807,3172,550.4026489257812
1772094915.3421276,3173,562.2908325195312
1772094916.8558922,3174,552.6165161132812
1772094918.3317363,3175,570.1722412109375
1772094918.45706,3176,518.263427734375
1772094918.5839384,3177,527.8067016601562
1772094918.7686405,3178,536.7431640625
1772094924.129129,3179,597.9031982421875
1772094924.3176723,3180,525.114501953125
1772094925.1045027,3181,538.1235961914062
1772094931.0363271,3182,581.71875
1772094931.3533704,3183,535.834716796875
1772094933.3430665,3184,580.3793334960938
1772094939.9831316,3185,565.22607421875
1772094940.3850908,3186,550.5571899414062
1772094945.267391,3187,571.6607055664062
1772095097.2657452,3188,567.4434204101562
1772095100.4655545,3189,568.1499633789062
1772095102.3513505,3190,574.6187133789062
1772095104.6067607,3191,568.4326782226562
1772095105.3096392,3192,570.873046875
1772095105.4327812,3193,497.603515625
1772095115.4615355,3194,563.5249633789062
1772095116.633844,3195,564.6142578125
1772095126.842526,3196,586.38037109375
1772095129.24654,3197,552.9004516601562
1772095129.617389,3198,533.4222412109375
1772095131.936532,3199,551.3392333984375
1772095132.0594866,3200,536.9567260742188
1772095140.1242785,3201,595.0067138671875
1772095164.243694,3202,592.0918579101562
1772095167.6369338,3203,597.2669677734375
1772095167.8261442,3204,550.732177734375
1772095171.7597017,3205,558.3841552734375
1772095187.672853,3206,566.9070434570312
1772095189.627344,3207,546.9036254882812
1772095191.3064759,3208,573.0281982421875
1772095194.6779065,3209,556.5980834960938
1772095194.8014944,3210,496.27734375
1772095200.6249197,3211,571.47802734375
1772095204.4641333,3212,558.1386108398438
1772095220.8509605,3213,577.1185302734375
1772095228.907163,3214,574.9462280273438
1772095229.1053994,3215,544.260986328125
1772095230.981954,3216,588.1671752929688
1772095231.1204946,3217,540.0454711914062
1772095233.387784,3218,571.103759765625
1772095246.610676,3219,591.3228149414062
1772095252.6841986,3220,575.3789672851562
1772095258.42594,3221,572.9718017578125
1772095258.815725,3222,533.15283203125
1772095259.1182344,3223,524.8519287109375
1772095262.6153984,3224,562.6854858398438
1772095263.1056926,3225,529.2513427734375
1772095267.4720986,3226,585.421630859375
1772095270.496554,3227,568.67529296875
1772095276.7264562,3228,580.7513427734375
1772095281.5859556,3229,592.4260864257812
1772095283.1184115,3230,558.8900756835938
1772095302.284588,3231,589.01025390625
1772095302.7321568,3232,549.8406982421875
1772095306.012789,3233,580.577880859375
1772095310.1021008,3234,590.4847412109375
1772095312.408355,3235,583.9044799804688
1772095323.318427,3236,598.3258666992188
1772095337.5934644,3237,587.1875610351562
1772095340.3495443,3238,597.4547119140625
1772095348.2737865,3239,596.3651123046875
1772095351.5852537,3240,564.1566772460938
1772095351.711767,3241,505.0974426269531
1772095354.219692,3242,558.3123779296875
1772095360.037706,3243,579.0095825195312
1772095361.1034956,3244,582.9127807617188
1772095363.2052388,3245,559.1011352539062
1772095364.5573285,3246,553.9955444335938
1772095368.8229911,3247,598.0324096679688
1772095370.9491167,3248,562.583984375
1772095376.428534,3249,569.3777465820312
1772095376.7256334,3250,550.296142578125
1772095380.7524495,3251,577.8212280273438
1772095388.7201083,3252,583.0062255859375
1772095391.8725054,3253,555.9169921875
1772095396.263764,3254,575.3914184570312
1772095396.3999908,3255,560.1072387695312
1772095397.9828815,3256,577.4315795898438
1772095400.3424053,3257,568.75146484375
1772095408.2092085,3258,592.5673217773438
1772095414.5872047,3259,594.3847045898438
1772095621.7573538,3260,551.4442749023438
1772095628.170999,3261,577.8190307617188
1772095646.770481,3262,577.0371704101562
1772095668.010286,3263,601.7200927734375
1772095672.601435,3264,564.23828125
1772095674.2320151,3265,556.8388061523438
1772095678.1316266,3266,566.04296875
1772095679.7421815,3267,581.4266357421875
1772095685.2946463,3268,597.1729125976562
1772095689.7517102,3269,566.8816528320312
1772095690.074558,3270,542.8897705078125
1772095694.3533077,3271,562.8626098632812
1772095699.424342,3272,602.5178833007812
1772095702.9009562,3273,576.8463134765625
1772095705.4159868,3274,582.2505493164062
1772095710.0968595,3275,573.4109497070312
1772095714.7946928,3276,604.3260498046875
1772095719.4855177,3277,583.31884765625
1772095722.934853,3278,569.9484252929688
1772095728.1068432,3279,578.1845092773438
1772095731.5098026,3280,569.0448608398438
1772095734.9957626,3281,563.76318359375
1772095749.0806005,3282,608.1749267578125
1772095751.8525965,3283,571.0650634765625
1772095754.068451,3284,583.2622680664062
1772095755.2550566,3285,570.703369140625
1772095766.3530002,3286,594.2317504882812
1772095767.158319,3287,603.58935546875
1772095774.5825758,3288,586.1097412109375
1772095784.6010396,3289,588.8154907226562
1772095787.7110188,3290,583.7662963867188
1772095787.8365033,3291,496.4833984375
1772095792.2435572,3292,586.2836303710938
1772095811.0668838,3293,608.040771484375
1772095822.1214857,3294,602.5525512695312
1772095827.969362,3295,581.3265380859375
1772095831.5985599,3296,577.33984375
1772095832.3400972,3297,574.146240234375
1772095834.3360598,3298,567.8350830078125
1772095838.3197346,3299,587.4302368164062
1772095838.44937,3300,516.4544677734375
1772095844.0908096,3301,611.6941528320312
1772095844.2162228,3302,532.4036254882812
1772095847.9984875,3303,612.303955078125
1772095857.1643775,3304,592.8646850585938
1772095857.360885,3305,519.0966796875
1772095861.1098156,3306,577.66357421875
1772095863.4727514,3307,578.8692016601562
1772095865.3730628,3308,575.4197387695312
1772095867.0031202,3309,579.9834594726562
1772095872.2620125,3310,607.81103515625
1772095873.7601368,3311,583.6912231445312
1772095886.677496,3312,596.9716796875
1772095888.6841471,3313,572.4284057617188
1772095888.8154233,3314,512.5725708007812
1772095889.9629548,3315,578.6815795898438
1772095893.2645857,3316,596.2222290039062
1772095904.948093,3317,605.291259765625
1772095911.6685054,3318,596.7448120117188
1772095914.4858913,3319,573.8865356445312
1772095923.3476713,3320,619.3885498046875
1772095942.2248876,3321,599.443603515625
1772096107.7286644,3322,567.46923828125
1772096111.96686,3323,597.7232055664062
1772096114.6406937,3324,600.2163696289062
1772096114.7688913,3325,528.9929809570312
1772096122.437683,3326,580.358154296875
1772096124.8544962,3327,574.43701171875
1772096128.008027,3328,574.758544921875
1772096131.4455047,3329,596.1710815429688
1772096137.7338896,3330,585.8759155273438
1772096149.3929052,3331,592.7793579101562
1772096152.9118402,3332,581.2954711914062
1772096153.1082032,3333,570.2877807617188
1772096156.8795419,3334,590.9264526367188
1772096160.222735,3335,592.6181030273438
1772096172.5913918,3336,619.3948974609375
1772096173.0365002,3337,540.716552734375
1772096177.7598658,3338,591.2770385742188
1772096183.2417579,3339,582.392578125
1772096187.9957263,3340,603.8916625976562
1772096192.432669,3341,597.8818359375
1772096198.229095,3342,618.4013671875
1772096206.3823965,3343,597.4872436523438
1772096218.1876278,3344,603.845947265625
1772096225.5415134,3345,601.8328247070312
1772096227.3813045,3346,610.9281005859375
1772096233.0767393,3347,590.9539794921875
1772096239.0909717,3348,589.449462890625
1772096255.3932862,3349,602.6263427734375
1772096255.5167787,3350,530.8750610351562
1772096255.639676,3351,533.0987548828125
1772096258.5865703,3352,591.2732543945312
1772096260.7991314,3353,584.6095581054688
1772096261.752169,3354,585.6861572265625
1772096274.7579832,3355,612.1530151367188
1772096279.0131698,3356,589.7091064453125
1772096285.758671,3357,608.8118896484375
1772096287.992022,3358,591.5971069335938
1772096291.2805278,3359,591.71728515625
1772096294.7365346,3360,581.4927978515625
1772096309.5029445,3361,604.662109375
1772096316.089449,3362,614.2769165039062
1772096317.8782732,3363,624.9049682617188
1772096319.5725527,3364,583.0957641601562
1772096324.2455153,3365,602.8002319335938
1772096327.8086455,3366,586.589111328125
1772096328.756226,3367,573.9981079101562
1772096339.1282258,3368,625.518798828125
1772096342.2682526,3369,588.1094970703125
1772096350.2149968,3370,591.0639038085938
1772096351.358843,3371,580.2677001953125
1772096358.2846613,3372,608.9320678710938
1772096360.3833025,3373,581.1309814453125
1772096362.2978857,3374,605.6686401367188
1772096362.5508485,3375,566.8280639648438
1772096365.5658576,3376,586.5848388671875
1772096367.961786,3377,582.0485229492188
1772096369.5348551,3378,583.5381469726562
1772096379.067907,3379,585.3189086914062
1772096382.2571075,3380,585.1517944335938
1772096382.656156,3381,579.845458984375
1772096391.4120576,3382,606.5435791015625
1772096392.7549648,3383,585.77734375
1772096393.2613475,3384,584.992919921875
1772096395.5726678,3385,585.0543823242188
1772096397.0753326,3386,615.8856811523438
1772096401.6561801,3387,590.1337280273438
1772096408.056563,3388,598.8417358398438
1772096408.1844199,3389,534.8506469726562
1772096435.557208,3390,612.34716796875
1772096639.9567206,3391,598.9102783203125
1772096647.8076692,3392,595.3563842773438
1772096648.8130362,3393,565.9905395507812
1772096650.9982064,3394,595.1194458007812
1772096661.5335538,3395,614.4149780273438
1772096670.6355796,3396,593.6378173828125
1772096670.889624,3397,574.0409545898438
1772096672.2538795,3398,583.8389892578125
1772096680.2344887,3399,607.871337890625
1772096688.7769024,3400,626.732666015625
1772096699.3287346,3401,614.2718505859375
1772096707.1844494,3402,622.8788452148438
1772096707.9504697,3403,589.4839477539062
1772096711.318009,3404,600.8605346679688
1772096711.8213394,3405,582.5057983398438
1772096713.5976303,3406,580.65966796875
1772096723.2882223,3407,595.1621704101562
1772096725.1420853,3408,594.900390625
1772096725.2674491,3409,539.7372436523438
1772096731.454702,3410,591.0311279296875
1772096737.8831253,3411,602.6275634765625
1772096738.0085518,3412,586.60888671875
1772096740.207058,3413,590.406982421875
1772096744.069605,3414,578.709716796875
1772096747.0941246,3415,600.9541015625
1772096751.1323898,3416,587.684814453125
1772096751.2578878,3417,530.0361328125
1772096751.7123384,3418,576.4461059570312
1772096755.0363216,3419,596.9743041992188
1772096759.6978555,3420,577.409912109375
1772096789.4980614,3421,613.3789672851562
1772096791.2847102,3422,603.6024169921875
1772096791.8688097,3423,569.2369995117188
1772096795.8682323,3424,611.9404907226562
1772096799.633483,3425,634.131591796875
1772096799.8937244,3426,549.5263671875
1772096811.5081291,3427,627.8990478515625
1772096814.046283,3428,601.285888671875
1772096819.246127,3429,600.0324096679688
1772096819.3772013,3430,549.0056762695312
1772096823.1196904,3431,609.3436889648438
1772096827.8068426,3432,583.5443725585938
1772096835.5786119,3433,598.5748291015625
1772096837.3243663,3434,587.1690063476562
1772096846.010224,3435,590.3294677734375
1772096850.4296556,3436,595.5267333984375
1772096852.3918157,3437,578.3451538085938
1772096859.7620504,3438,619.6497802734375
1772096861.7827137,3439,578.951904296875
1772096865.6176367,3440,583.9110107421875
1772096868.8177414,3441,610.3307495117188
1772096881.6792688,3442,606.9495849609375
1772096881.8080063,3443,549.6044921875
1772096881.936917,3444,559.4833374023438
1772096886.9424505,3445,622.6911010742188
1772096887.0857244,3446,528.2371215820312
1772096890.4141033,3447,608.5853881835938
1772096890.5451546,3448,529.9368286132812
1772096898.6199265,3449,612.822021484375
1772096904.9755554,3450,591.1063842773438
1772096909.4514694,3451,607.2339477539062
1772096914.008418,3452,603.971923828125
1772096914.2607121,3453,583.5694580078125
1772096918.0938478,3454,610.2973022460938
1772096920.3017414,3455,599.9594116210938
1772096922.7166684,3456,594.7176513671875
1772096924.9813933,3457,592.0947875976562
1772096938.1262784,3458,624.8167114257812
1772096939.489187,3459,603.5177612304688
1772096949.837859,3460,608.963134765625
1772097134.9292686,3461,592.3079223632812
1772097135.2512612,3462,589.4874877929688
1772097144.4166505,3463,627.3160400390625
1772097148.502233,3464,602.4591064453125
1772097152.043569,3465,630.0059814453125
1772097157.945888,3466,597.3303833007812
1772097159.7445836,3467,615.636474609375
1772097168.3130305,3468,614.5148315429688
1772097171.8999388,3469,591.8651733398438
1772097173.5668938,3470,578.4131469726562
1772097175.6971853,3471,594.6229248046875
1772097175.825838,3472,544.19482421875
1772097177.9770834,3473,617.6158447265625
1772097178.0982037,3474,554.719482421875
1772097189.2914653,3475,628.3804321289062
1772097191.1050613,3476,624.5482177734375
1772097191.227122,3477,534.2230834960938
1772097192.8288956,3478,596.074951171875
1772097200.9490273,3479,609.2216796875
1772097205.3927495,3480,635.2460327148438
1772097216.7323895,3481,623.7918090820312
1772097244.567476,3482,625.1338500976562
1772097248.2758555,3483,599.1353759765625
1772097255.4882114,3484,626.6961669921875
1772097259.2519991,3485,610.145263671875
1772097261.5199096,3486,612.616455078125
1772097264.8007135,3487,594.3890991210938
1772097272.293503,3488,609.5440063476562
1772097280.532505,3489,611.8778686523438
1772097285.7509232,3490,611.265869140625
1772097286.1742992,3491,567.4234008789062
1772097289.6057487,3492,603.9591064453125
1772097293.779978,3493,619.4168701171875
1772097296.8544414,3494,638.9331665039062
1772097303.226689,3495,612.4058227539062
1772097304.8507774,3496,616.880615234375
1772097306.23628,3497,599.6161499023438
1772097308.3213155,3498,627.0219116210938
1772097311.6217306,3499,607.7685546875
1772097313.362937,3500,613.9074096679688
1772097321.359515,3501,625.9617919921875
1772097330.036181,3502,614.2598266601562
1772097333.8398077,3503,591.2667846679688
1772097344.348709,3504,614.1693725585938
1772097353.6630914,3505,627.9593505859375
1772097357.7857058,3506,595.5526733398438
1772097365.711673,3507,596.609130859375
1772097367.6761289,3508,628.9188842773438
1772097368.0574431,3509,549.7267456054688
1772097373.2785683,3510,612.492431640625
1772097373.4021459,3511,551.9860229492188
1772097376.794717,3512,604.176513671875
1772097376.9542375,3513,534.5169677734375
1772097381.808425,3514,629.94287109375
1772097388.5104232,3515,612.0474853515625
1772097391.7432184,3516,625.5753784179688
1772097398.9865339,3517,628.97900390625
1772097405.471584,3518,610.7611083984375
1772097405.9156516,3519,577.0034790039062
1772097409.6121407,3520,596.7147216796875
1772097415.0068731,3521,604.5973510742188
1772097423.4045756,3522,610.8174438476562
1772097437.6265676,3523,638.430419921875
1772097445.0108397,3524,627.90576171875
1772097671.0839653,3525,640.5089111328125
1772097672.7862444,3526,606.677490234375
1772097674.5472825,3527,600.9965209960938
1772097687.7344952,3528,629.1311645507812
1772097687.8596265,3529,595.810546875
1772097696.3130574,3530,640.0101318359375
1772097696.564859,3531,582.0835571289062
1772097696.691049,3532,567.4654541015625
1772097707.4246292,3533,645.3493041992188
1772097726.7195256,3534,624.9308471679688
1772097729.087375,3535,595.5722045898438
1772097729.2748854,3536,562.1175537109375
1772097749.4135208,3537,646.5177612304688
1772097755.1685853,3538,615.1041259765625
1772097761.1434488,3539,649.8951416015625
1772097767.3285,3540,649.503662109375
1772097769.360933,3541,651.369140625
1772097778.6103265,3542,609.8414306640625
1772097786.7068386,3543,622.6294555664062
1772097796.439799,3544,612.8178100585938
1772097827.9570777,3545,648.0451049804688
1772097828.0848222,3546,555.1053466796875
1772097848.909434,3547,650.6061401367188
1772097852.5686998,3548,625.561279296875
1772097858.1272993,3549,648.7628173828125
1772097858.7476912,3550,633.7618408203125
1772097860.6459134,3551,648.8911743164062
1772097862.285016,3552,648.4586181640625
1772097862.9751117,3553,599.8197631835938
1772097874.4607933,3554,637.4739990234375
1772097874.582499,3555,602.0438232421875
1772097898.362297,3556,647.6466064453125
1772097901.5847595,3557,655.7456665039062
1772097904.5176518,3558,652.3214111328125
1772097909.175345,3559,617.8309936523438
1772097912.336226,3560,640.35400390625
1772097926.7484872,3561,658.8943481445312
1772097934.0684493,3562,644.0108032226562
1772097940.01848,3563,642.0112915039062
1772097950.9400978,3564,653.8056640625
1772097955.623159,3565,636.2529907226562
1772097955.7630568,3566,542.5848999023438
1772097995.0020711,1,-0.011614171788096428
1772097996.946136,2,-0.017435109242796898
1772098012.7404437,3,0.007542690262198448
1772098016.2421458,4,-0.06062154844403267
1772098026.7923799,5,-0.0005563516169786453
1772098032.1592185,6,0.005750163458287716
1772098046.426983,7,0.11558373272418976
1772098048.7701342,8,0.0431702621281147
1772098052.2367861,9,0.07263435423374176
1772098077.0523157,10,0.7178083658218384
1772098100.5356102,11,2.8290517330169678
1772098102.587127,12,2.2608823776245117
1772098108.7096584,13,3.1715617179870605
1772098109.0315874,14,2.717252254486084
1772098111.194644,15,3.1183066368103027
1772098111.606614,16,2.5564823150634766
1772098125.5394902,17,3.5877060890197754
1772098138.5419962,18,4.545551776885986
1772098142.6377048,19,3.855741500854492
1772098144.5744846,20,4.048735618591309
1772098179.4837441,21,5.117538928985596
1772098198.8164287,22,5.752630710601807
1772098230.4403987,23,7.052496910095215
1772098230.9578173,24,6.619968891143799
1772098255.490799,25,7.932901382446289
1772098283.1698425,26,9.300183296203613
1772098291.458052,27,9.167532920837402
1772098300.2340848,28,9.694809913635254
1772098303.7477791,29,9.898210525512695
1772098304.5730984,30,9.260826110839844
1772098304.955516,31,4.722036361694336
1772098323.6429286,32,10.215046882629395
1772098334.501739,33,10.010919570922852
1772098447.4193292,34,10.586455345153809
1772098463.1628432,35,10.35462760925293
1772098466.906131,36,10.883482933044434
1772098475.17462,37,10.371923446655273
1772098480.3561165,38,11.035090446472168
1772098488.1371963,39,11.094038009643555
1772098500.5438435,40,10.895628929138184
1772098523.0379272,41,11.79447078704834
1772098531.5126307,42,11.904882431030273
1772098539.2934425,43,12.42480182647705
1772098539.4864895,44,6.305900573730469
1772098545.9193306,45,12.21588134765625
1772098552.4827912,46,12.927340507507324
1772098560.1996431,47,12.27705192565918
1772098577.0248184,48,12.955504417419434
1772098584.2360537,49,13.464241981506348
1772098587.871026,50,13.213675498962402
1772098634.235013,51,14.50207233428955
1772098639.367528,52,14.436616897583008
1772098655.0903578,53,15.20828914642334
1772098665.4377534,54,15.130488395690918
1772098671.4824905,55,15.39990234375
1772098683.0424685,56,15.981345176696777
1772098683.7771704,57,11.51629638671875
1772098688.8951335,58,15.908781051635742
1772098694.552153,59,15.885717391967773
1772098699.9689252,60,16.690967559814453
1772098706.7577116,61,19.258010864257812
1772098709.821075,62,16.554643630981445
1772098720.7747486,63,20.18627166748047
1772098720.9010358,64,11.38391399383545
1772098741.6927202,65,20.78557586669922
1772098782.4413047,66,22.398269653320312
1772098999.1316328,67,23.70990753173828
1772098999.2614532,68,6.750352382659912
1772099008.3781424,69,19.481731414794922
1772099010.633702,70,24.49058723449707
1772099012.2824302,71,24.42700958251953
1772099012.4125032,72,8.983487129211426
1772099012.7993755,73,12.923154830932617
1772099021.4978173,74,21.42017364501953
1772099022.6873567,75,14.900486946105957
1772099025.0826428,76,18.74691390991211
1772099028.8767755,77,23.382997512817383
1772099033.30375,78,24.793136596679688
1772099045.0251558,79,25.470844268798828
1772099066.8549864,80,27.11136245727539
1772099067.9416046,81,21.26111602783203
1772099079.3398561,82,26.84010124206543
1772099082.697769,83,20.913402557373047
1772099086.4713452,84,27.542816162109375
1772099089.2845068,85,21.243310928344727
1772099097.0727344,86,24.191625595092773
1772099106.5579913,87,25.94024085998535
1772099114.5190263,88,28.62495231628418
1772099117.866963,89,24.157377243041992
1772099126.5264435,90,28.906509399414062
1772099127.405021,91,16.6566162109375
1772099144.2371664,92,29.287494659423828
1772099147.5461524,93,28.805438995361328
1772099147.6767251,94,16.87639617919922
1772099150.9464734,95,27.286178588867188
1772099156.647675,96,24.6516170501709
1772099156.8332896,97,7.417636394500732
1772099156.9556549,98,5.584787368774414
1772099163.5936325,99,24.819454193115234
1772099165.660067,100,22.078062057495117
1772099188.7625208,101,29.920053482055664
1772099196.4349005,102,30.609731674194336
1772099205.7378998,103,30.656665802001953
1772099220.4754038,104,30.86797523498535
1772099227.6170778,105,26.27518653869629
1772099230.7326121,106,30.46402359008789
1772099231.3742676,107,21.137300491333008
1772099242.82334,108,30.4389705657959
1772099243.8939714,109,18.367368698120117
1772099259.9451327,110,31.72625160217285
1772099272.2056608,111,31.44112777709961
1772099277.2403502,112,31.32884979248047
1772099287.564751,113,30.436674118041992
1772099292.005652,114,26.190793991088867
1772099297.0492756,115,31.09149932861328
1772099301.8956323,116,25.94497299194336
1772099308.1571398,117,31.41189193725586
1772099540.5509038,118,31.23080062866211
1772099548.7160573,119,30.37816047668457
1772099551.3651145,120,26.33502769470215
1772099565.1280859,121,31.751625061035156
1772099581.3768618,122,30.074010848999023
1772099590.1401677,123,27.302453994750977
1772099600.775951,124,33.38644027709961
1772099621.5009236,125,32.707252502441406
1772099622.6107001,126,21.343280792236328
1772099633.8458667,127,32.608699798583984
1772099633.9794822,128,5.293355464935303
1772099644.5574663,129,32.58502197265625
1772099668.154548,130,32.89846420288086
1772099671.8181698,131,28.376611709594727
1772099678.791971,132,27.616798400878906
1772099698.2921653,133,31.752552032470703
1772099714.0207078,134,33.87461853027344
1772099718.8662722,135,32.6569938659668
1772099727.131563,136,32.40716552734375
1772099735.187332,137,27.660629272460938
1772099743.4501574,138,32.724395751953125
1772099751.3732555,139,32.3088493347168
1772099756.2004147,140,28.882383346557617
1772099771.0084841,141,32.39565658569336
1772099798.9201217,142,34.8102912902832
1772099802.3636541,143,33.694026947021484
1772099820.2344549,144,34.75132369995117
1772099835.5940762,145,35.130165100097656
1772099841.2857974,146,34.486488342285156
1772099864.027561,147,35.50734329223633
1772100110.9122872,148,34.55049133300781
1772100116.0434434,149,34.884708404541016
1772100116.1646428,150,29.93768882751465
1772100122.5025668,151,34.94027328491211
1772100129.2387424,152,33.93751525878906
1772100148.602225,153,36.03485107421875
1772100161.7229574,154,36.5352897644043
1772100179.7514448,155,36.31877899169922
1772100189.3865325,156,36.110618591308594
1772100190.4737434,157,33.90502166748047
1772100193.4763794,158,35.97310256958008
1772100201.0924783,159,34.80183029174805
1772100204.4514892,160,36.47196960449219
1772100215.1318567,161,36.02262496948242
1772100226.7879066,162,37.081336975097656
1772100240.79019,163,36.50352478027344
1772100250.8888638,164,36.77431869506836
1772100253.4323592,165,37.940185546875
1772100256.5465264,166,37.097557067871094
1772100260.0405397,167,37.27684783935547
1772100261.548386,168,36.570213317871094
1772100269.4181638,169,38.411376953125
1772100272.8586953,170,37.06155014038086
1772100276.183059,171,37.143798828125
1772100291.3686504,172,37.95860290527344
1772100302.3279636,173,38.49766540527344
1772100302.4554713,174,23.83119010925293
1772100305.6412194,175,37.991912841796875
1772100306.9756434,176,37.268287658691406
1772100320.1357694,177,38.669952392578125
1772100326.5748413,178,39.523502349853516
1772100332.104512,179,38.80827331542969
1772100350.277597,180,39.00844192504883
1772100361.825999,181,39.19860076904297
1772100367.1341834,182,39.06761932373047
1772100391.3176303,183,168.32272338867188
1772100396.3937788,184,161.8768768310547
1772100554.0572326,185,31.39504623413086
1772100566.086015,186,35.52314376831055
1772100566.4263465,187,30.258420944213867
1772100577.6961358,188,151.92007446289062
1772100579.1080987,189,33.78009033203125
1772100591.6662416,190,34.868343353271484
1772100594.0614529,191,34.260711669921875
1772100600.185701,192,33.17451858520508
1772100632.5145283,193,139.54542541503906
1772100634.1994224,194,32.6440315246582
1772100640.6992586,195,135.41094970703125
1772100644.1651914,196,31.199594497680664
1772100645.6290114,197,31.494291305541992
1772100647.1628811,198,25.614097595214844
1772100653.2519553,199,130.0482177734375
1772100656.0105224,200,31.701372146606445
1772100664.1869648,201,125.29689025878906
1772100678.4009397,202,31.64165496826172
1772100686.871452,203,29.833065032958984
1772100688.2852252,204,30.00239372253418
1772100689.8809001,205,27.328771591186523
1772100690.8446681,206,25.12587547302246
1772100694.649437,207,28.7696475982666
1772100712.2013268,208,114.6004638671875
1772100718.3941708,209,28.149038314819336
1772100740.9048212,210,29.04781723022461
1772100751.783041,211,109.83456420898438
1772100767.2131445,212,28.65555763244629
1772100771.3688908,213,28.624631881713867
1772100778.5604925,214,29.518718719482422
1772100788.0098953,215,27.983808517456055
1772100795.8644319,216,104.33827209472656
1772100795.9938703,217,12.445202827453613
1772100796.1221795,218,10.950934410095215
1772100800.4488041,219,28.164716720581055
1772100802.0014002,220,27.35724639892578
1772100809.1071439,221,28.766590118408203
1772100830.9169223,222,29.067398071289062
1772100838.7930222,223,100.11700439453125
1772100839.0377798,224,27.992633819580078
1772100839.8364477,225,30.227577209472656
1772100859.4912808,226,30.368114471435547
1772100862.6830616,227,26.31960678100586
1772100891.4893148,228,29.301815032958984
1772101059.5640998,229,28.759872436523438
1772101065.3823426,230,28.265668869018555
1772101073.2101853,231,28.139413833618164
1772101073.759251,232,26.38962745666504
1772101085.1570435,233,29.286508560180664
1772101089.6995256,234,28.077693939208984
1772101091.8299923,235,28.317853927612305
1772101101.1834855,236,28.70777702331543
1772101106.6003258,237,30.617183685302734
1772101107.9118876,238,29.1179256439209
1772101113.0924852,239,95.96302795410156
1772101118.0027344,240,28.482769012451172
1772101124.2794998,241,26.840375900268555
1772101130.0166287,242,26.888280868530273
1772101137.3040173,243,31.168212890625
1772101139.2914276,244,91.52574920654297
1772101185.3119507,245,86.39641571044922
1772101188.985211,246,28.854589462280273
1772101195.378164,247,27.889137268066406
1772101204.9658976,248,30.467092514038086
1772101211.227535,249,30.026283264160156
1772101214.5575643,250,27.385719299316406
1772101215.873902,251,27.323734283447266
1772101223.318259,252,33.05580520629883
1772101231.052175,253,29.02985191345215
1772101236.9611049,254,29.53766441345215
1772101239.239073,255,29.5270938873291
1772101239.3632264,256,16.89865493774414
1772101239.7502115,257,29.12630844116211
1772101250.8155227,258,85.28141784667969
1772101253.6583166,259,28.59307861328125
1772101266.1419895,260,31.51702117919922
1772101270.3372838,261,30.785856246948242
1772101271.6531477,262,27.9429874420166
1772101280.9884846,263,30.643367767333984
1772101282.6950939,264,31.4803524017334
1772101283.3773184,265,31.582387924194336
1772101287.7083545,266,33.17100524902344
1772101296.2799304,267,36.44620132446289
1772101305.9581816,268,35.12308883666992
1772101315.9601908,269,34.22439956665039
1772101316.6641846,270,30.08325958251953
1772101320.2369862,271,30.796876907348633
1772101323.3839076,272,31.423179626464844
1772101323.5130951,273,14.014341354370117
1772101323.6464345,274,23.34450912475586
1772101323.7735243,275,17.470176696777344
1772101327.1801682,276,29.111143112182617
1772101347.5857656,277,34.0223503112793
1772101497.2443042,278,78.250244140625
1772101500.2561612,279,31.972518920898438
1772101510.6849902,280,34.41981506347656
1772101521.2926257,281,29.34943199157715
1772101535.9389856,282,32.419368743896484
1772101548.6593535,283,34.19038391113281
1772101557.356844,284,31.4766845703125
1772101560.7450042,285,31.27627944946289
1772101561.4701495,286,23.52756118774414
1772101571.1394753,287,32.58698272705078
1772101588.0452583,288,36.29875564575195
1772101607.9380555,289,33.14838409423828
1772101618.0255425,290,33.506343841552734
1772101622.6011417,291,33.45619201660156
1772101630.3756871,292,36.92058181762695
1772101635.4309092,293,31.103174209594727
1772101636.1200223,294,27.665544509887695
1772101683.038337,295,37.625099182128906
1772101695.873028,296,34.258174896240234
1772101698.3311713,297,32.96978759765625
1772101706.487934,298,34.55540084838867
1772101715.4308648,299,35.00943374633789
1772101721.4800754,300,33.796897888183594
1772101728.50751,301,35.63667678833008
1772101739.0031052,302,35.82231521606445
1772101746.3979871,303,35.06218338012695
1772101749.2206337,304,35.30434036254883
1772101757.8341177,305,35.038814544677734
1772101762.0146708,306,36.1115837097168
1772101783.4418266,307,39.91095733642578
1772101890.4618998,308,36.716392517089844
1772101899.7235806,309,36.26637649536133
1772101914.701165,310,36.46272659301758
1772101920.1539948,311,36.44563293457031
1772101964.3244352,312,59.33683776855469
1772101973.512747,313,41.20534896850586
1772101976.155314,314,34.27652359008789
1772101978.158085,315,36.83828353881836
1772101985.2809694,316,37.130802154541016
1772102004.3324552,317,45.70748519897461
1772102004.4617558,318,16.653162002563477
1772102048.9020567,319,41.97966384887695
1772102052.1662598,320,37.591514587402344
1772102053.2916932,321,34.15340042114258
1772102064.9943404,322,39.76018524169922
1772102068.5552108,323,37.226600646972656
1772102088.7925017,324,40.13035202026367
1772102104.8233557,325,38.3238410949707
1772102112.1401489,326,39.01613235473633
1772102125.7871625,327,38.702205657958984
1772102138.5628312,328,43.33624267578125
1772102155.8308766,329,39.75639724731445
1772102157.8581078,330,40.179908752441406
1772102170.1857908,331,43.11826705932617
1772102173.7445018,332,40.59699630737305
1772102174.5252516,333,38.399131774902344
1772102182.3399353,334,40.82791519165039
1772102202.0853696,335,40.803070068359375
1772102353.9282987,336,42.44438171386719
1772102357.3396523,337,34.52178192138672
1772102357.4675589,338,29.334957122802734
1772102387.6126003,339,43.252418518066406
1772102404.6994345,340,40.68240737915039
1772102413.22658,341,37.30396270751953
1772102418.5483136,342,40.288970947265625
1772102431.6599026,343,41.502742767333984
1772102438.4763267,344,41.32740020751953
1772102440.1200852,345,42.04736328125
1772102440.2500827,346,21.243404388427734
1772102440.3768487,347,41.5636100769043
1772102443.6402764,348,36.64291763305664
1772102447.5771618,349,40.48842239379883
1772102464.2371192,350,40.734249114990234
1772102495.843381,351,46.31060028076172
1772102528.5761673,352,42.46137619018555
1772102534.7911105,353,41.002899169921875
1772102538.8255548,354,42.205692291259766
1772102577.991402,355,46.434200286865234
1772102581.9690166,356,37.29407501220703
1772102588.3172126,357,44.39541244506836
1772102591.0094008,358,42.95317840576172
1772102597.9205544,359,42.96589660644531
1772102605.117229,360,43.43028259277344
1772102610.8793807,361,43.78013610839844
1772102615.5965734,362,42.16865539550781
1772102620.6707804,363,42.20688247680664
1772102620.7954164,364,11.318242073059082
1772102621.0507882,365,35.51335906982422
1772102621.1773293,366,15.945022583007812
1772102621.304938,367,33.09003829956055
1772102629.9145675,368,39.61267852783203
1772102630.0427828,369,10.892454147338867
1772102640.6958652,370,43.20685577392578
1772102646.6914105,371,41.24464416503906
1772102649.953732,372,36.39662551879883
1772102653.1875196,373,42.04977798461914
1772102656.9286215,374,43.50156021118164
1772102664.983133,375,41.976646423339844
1772102786.247326,376,42.974300384521484
1772102810.2437565,377,44.56999969482422
1772102816.023151,378,41.18308639526367
1772102816.1545684,379,27.023330688476562
1772102827.5163476,380,43.689884185791016
1772102831.0380034,381,42.68154525756836
1772102834.3316333,382,38.56719970703125
1772102853.819315,383,44.641048431396484
1772102857.0488532,384,44.74394989013672
1772102867.4003701,385,48.47850799560547
1772102872.2091994,386,38.31329345703125
1772102890.4118226,387,44.974124908447266
1772102903.500725,388,45.73413848876953
1772102908.9195359,389,42.052059173583984
1772102912.0107214,390,43.255699157714844
1772102931.6713555,391,45.61554718017578
1772102963.384199,392,46.152488708496094
1772102970.1243136,393,45.945369720458984
1772102973.3870778,394,43.03691482543945
1772102983.0517828,395,46.109901428222656
1772102990.210515,396,45.13790512084961
1772102996.6455398,397,45.00883865356445
1772103028.7069743,398,47.37264633178711
1772103058.651813,399,50.275508880615234
1772103069.5665596,400,47.92034912109375
1772103082.3757493,401,47.24730682373047
1772103096.9545517,402,46.36063003540039
1772103108.7155254,403,47.78763961791992
1772103260.842317,404,48.03614044189453
1772103269.3227336,405,47.83062744140625
1772103285.4762654,406,47.93221664428711
1772103290.787646,407,46.21260452270508
1772103291.0730767,408,33.40449142456055
1772103291.8889728,409,34.38721466064453
1772103298.268334,410,48.284934997558594
1772103315.4551702,411,48.20420837402344
1772103321.3037813,412,47.27912521362305
1772103331.757329,413,48.61345672607422
1772103336.5439932,414,43.985069274902344
1772103339.0629332,415,44.00413131713867
1772103339.327708,416,41.811500549316406
1772103340.8383026,417,39.37955093383789
1772103342.211011,418,46.9111328125
1772103349.861797,419,47.48723220825195
1772103358.6245797,420,48.2456169128418
1772103361.0156744,421,47.93217849731445
1772103363.405767,422,44.32851791381836
1772103363.5462832,423,21.21111488342285
1772103373.2775369,424,48.255306243896484
1772103378.403671,425,46.4010124206543
1772103379.9040751,426,45.82911682128906
1772103386.2570927,427,48.399295806884766
1772103390.655052,428,48.12630844116211
1772103424.9857867,429,47.19694519042969
1772103429.1197727,430,45.74094009399414
1772103436.7037165,431,42.05537796020508
1772103437.1610389,432,26.710920333862305
1772103441.74496,433,46.96105194091797
1772103444.6663697,434,44.78831100463867
1772103447.620382,435,43.05987548828125
1772103451.4616334,436,46.73240661621094
1772103460.0428987,437,46.007633209228516
1772103491.4545002,438,48.49769592285156
1772103491.7122407,439,35.17456817626953
1772103498.1864638,440,45.5371208190918
1772103521.3472552,441,47.23274612426758
1772103555.625074,442,49.32089614868164
1772103573.3420546,443,48.83393859863281
1772103692.4205823,444,49.930450439453125
1772103724.9635274,445,49.66188049316406
1772103746.145801,446,46.435054779052734
1772103754.1220193,447,50.01421356201172
1772103756.6798925,448,46.30087661743164
1772103761.7219782,449,47.792457580566406
1772103784.6158469,450,46.971466064453125
1772103793.952474,451,47.99021530151367
1772103798.79614,452,46.41788101196289
1772103803.5642667,453,46.33542251586914
1772103824.6372392,454,48.52482223510742
1772103828.104213,455,48.419532775878906
1772103834.2012537,456,45.872276306152344
1772103846.567627,457,48.145729064941406
1772103849.149215,458,45.4388313293457
1772103851.7180593,459,48.95833206176758
1772103866.5135887,460,48.557010650634766
1772103866.785563,461,28.4825382232666
1772103874.4171953,462,48.5977783203125
1772103884.7399616,463,47.72988510131836
1772103907.5896935,464,49.070735931396484
1772103907.7164242,465,15.124921798706055
1772103911.1629362,466,42.69108581542969
1772103931.0016122,467,47.62677764892578
1772103953.2876153,468,45.67837905883789
1772103956.9063976,469,45.34669494628906
1772103970.0432744,470,48.45429992675781
1772103979.6193888,471,46.40677261352539
1772103986.88037,472,44.750465393066406
1772103993.31813,473,47.25743865966797
1772104006.5023663,474,46.666011810302734
1772104170.0400188,475,45.714569091796875
1772104181.8391135,476,44.39237594604492
1772104185.2784536,477,46.014007568359375
1772104191.3402941,478,43.842010498046875
1772104196.4834602,479,45.59981155395508
1772104203.0140288,480,47.88656997680664
1772104215.4327645,481,48.296852111816406
1772104224.580121,482,49.21787643432617
1772104237.0590985,483,46.718544006347656
1772104246.0913033,484,44.41836929321289
1772104258.6226473,485,46.91836929321289
1772104265.4178715,486,45.67144775390625
1772104266.5530972,487,35.18262481689453
1772104311.4223988,488,47.66015625
1772104314.705001,489,48.202362060546875
1772104319.114503,490,46.324607849121094
1772104330.2675414,491,47.985679626464844
1772104337.3804896,492,44.867271423339844
1772104341.4492707,493,47.05436706542969
1772104350.8264818,494,48.71125030517578
1772104365.9127235,495,49.57723617553711
1772104409.1469266,496,51.34714889526367
1772104439.9310207,497,51.7119026184082
1772104443.0370784,498,47.78036880493164
1772104458.214301,499,51.61478805541992
1772104477.8677955,500,50.6121711730957
1772104571.0438697,501,52.591800689697266
1772104580.3133676,502,47.879608154296875
1772104586.655643,503,48.317874908447266
1772104592.0405157,504,48.00638198852539
1772104596.3525205,505,51.37443923950195
1772104597.4156454,506,46.946475982666016
1772104604.6828454,507,52.142459869384766
1772104607.6864092,508,50.24375534057617
1772104625.98567,509,50.09480667114258
1772104626.3142629,510,44.9207763671875
1772104643.3537095,511,51.98231887817383
1772104656.6057336,512,52.598819732666016
1772104656.733521,513,22.874008178710938
1772104666.020598,514,52.07062911987305
1772104669.8101478,515,49.23295593261719
1772104693.3538425,516,54.9222412109375
1772104693.8731377,517,45.93701171875
1772104694.065657,518,38.88140869140625
1772104710.4681783,519,55.621795654296875
1772104720.9703617,520,52.1822509765625
1772104741.1808174,521,54.200199127197266
1772104752.8920102,522,51.899452209472656
1772104762.6194434,523,55.824642181396484
1772104771.399267,524,54.30275344848633
1772104792.1596885,525,56.1884880065918
1772104827.289292,526,57.10615921020508
1772104829.579647,527,52.87439727783203
1772104829.725347,528,12.824544906616211
1772104834.912501,529,54.12223434448242
1772104842.1209383,530,57.20951843261719
1772104849.1497147,531,57.92387771606445
1772104857.4899497,532,57.63928985595703
1772104863.9508715,533,59.11433029174805
1772104864.0939288,534,-1.746870994567871
1772104864.2208347,535,40.41269302368164
1772104871.4248147,536,55.00831604003906
1772104872.3778784,537,46.97671127319336
1772104888.6509082,538,58.099647521972656
1772104895.5535035,539,54.57435989379883
1772105037.5367389,540,57.382259368896484
1772105044.7415726,541,56.71757507324219
1772105046.2452223,542,50.54880142211914
1772105051.587393,543,60.24580383300781
1772105055.341074,544,56.377559661865234
1772105056.3641644,545,55.43744659423828
1772105056.6147184,546,48.84954833984375
1772105075.2312574,547,55.97218704223633
1772105075.9177897,548,51.849159240722656
1772105076.0616577,549,13.57905387878418
1772105078.7606378,550,53.8632926940918
1772105093.6864324,551,57.16202163696289
1772105097.1248007,552,53.84852600097656
1772105101.9920497,553,61.09798812866211
1772105104.7045271,554,55.36737823486328
1772105115.7862282,555,57.32426071166992
1772105118.8119519,556,50.709815979003906
1772105125.9893274,557,54.229923248291016
1772105127.8952825,558,51.089229583740234
1772105134.2999012,559,59.1174430847168
1772105139.81328,560,56.21394729614258
1772105147.3254838,561,61.30644607543945
1772105148.548366,562,57.59647750854492
1772105154.277096,563,59.239742279052734
1772105159.4231243,564,57.86126708984375
1772105159.5504282,565,29.075908660888672
1772105161.3390775,566,52.07688522338867
1772105165.4697185,567,56.91118240356445
1772105169.18289,568,56.72956085205078
1772105172.3814623,569,56.6313591003418
1772105172.786036,570,50.26085662841797
1772105175.5013692,571,56.4405632019043
1772105181.0157723,572,60.98722839355469
1772105192.4347093,573,60.900291442871094
1772105199.2925236,574,57.95400619506836
1772105205.163918,575,56.54749298095703
1772105208.2979639,576,57.879947662353516
1772105213.3738859,577,58.800601959228516
1772105220.229754,578,59.89162063598633
1772105230.4508564,579,59.37448501586914
1772105231.1162922,580,59.3881950378418
1772105244.5094426,581,60.03559494018555
1772105246.4277284,582,60.23027801513672
1772105247.8134677,583,46.7377815246582
1772105255.2085116,584,59.816978454589844
1772105257.7411122,585,57.97550964355469
1772105263.0201955,586,58.303585052490234
1772105263.1469336,587,32.906944274902344
1772105274.7839794,588,57.841163635253906
1772105280.4539108,589,57.89814376831055
1772105285.2841136,590,60.90180587768555
1772105286.8545194,591,62.36715316772461
1772105290.272366,592,55.37263107299805
1772105297.544937,593,59.26400375366211
1772105300.2041094,594,56.86309051513672
1772105311.1027038,595,58.98782730102539
1772105317.196514,596,57.004539489746094
1772105317.3252037,597,34.62868118286133
1772105327.7059848,598,62.89287567138672
1772105355.0019732,599,63.980655670166016
1772105361.5793135,600,62.943817138671875
1772105373.9561543,601,58.706695556640625
1772105380.178056,602,62.84909439086914
1772105515.4984086,603,50.62309646606445
1772105520.6791723,604,61.25761032104492
1772105528.7987735,605,59.8089599609375
1772105535.5120034,606,62.001522064208984
1772105539.9703326,607,60.791053771972656
1772105544.6426308,608,60.21747589111328
1772105546.2823796,609,52.1150016784668
1772105561.6076012,610,64.03292083740234
1772105576.608504,611,63.64906692504883
1772105620.1903963,612,64.6947021484375
1772105627.4105234,613,62.244319915771484
1772105627.611299,614,53.600067138671875
1772105635.6274886,615,60.91261672973633
1772105637.050378,616,53.84624481201172
1772105641.0875158,617,59.34001922607422
1772105649.2850835,618,63.27312469482422
1772105665.353302,619,61.522674560546875
1772105684.3776171,620,64.28565216064453
1772105684.5154755,621,1.7276298999786377
1772105724.5871177,622,63.41483688354492
1772105750.5477917,623,63.85039138793945
1772105757.2726214,624,59.59326171875
1772105776.4284995,625,66.43231201171875
1772105780.0967476,626,56.49679946899414
1772105780.2243075,627,21.08049201965332
1772105787.6907072,628,65.87307739257812
1772105822.3461087,629,67.07598114013672
1772105840.0054018,630,67.06201934814453
1772105846.8593147,631,58.236141204833984
1772105859.0178168,632,67.64617156982422
1772105992.1142175,633,62.40718078613281
1772105998.555155,634,66.08853149414062
1772106033.7565484,635,64.35430908203125
1772106039.9099865,636,61.917423248291016
1772106040.0380604,637,9.917452812194824
1772106059.6980765,638,60.252017974853516
1772106068.3241844,639,62.13003921508789
1772106082.9299712,640,64.26878356933594
1772106112.3622513,641,67.8439712524414
1772106162.3221376,642,66.47852325439453
1772106173.1772826,643,68.89453125
1772106182.6585567,644,68.48115539550781
1772106188.242844,645,66.98399353027344
1772106192.954856,646,66.76068878173828
1772106196.1472406,647,61.44944381713867
1772106214.9829543,648,63.24448013305664
1772106220.739364,649,67.70697021484375
1772106225.2570636,650,71.05712890625
1772106246.3680706,651,68.33940124511719
1772106263.6286697,652,68.8799057006836
1772106274.2118711,653,71.8168716430664
1772106278.4088874,654,67.182861328125
1772106278.5941775,655,34.108970642089844
1772106279.0583897,656,59.2192268371582
1772106284.2386596,657,71.64697265625
1772106290.810242,658,71.86409759521484
1772106304.1065633,659,65.693115234375
1772106304.2338374,660,45.64756774902344
1772106316.1641903,661,69.45136260986328
1772106323.430571,662,69.59136962890625
1772106330.1507256,663,70.2550048828125
1772106531.3006346,664,70.03045654296875
1772106533.9926693,665,59.685752868652344
1772106537.8175912,666,66.35887908935547
1772106539.0587523,667,71.8481674194336
1772106547.6628923,668,70.91265106201172
1772106550.0521235,669,58.28398895263672
1772106553.6119084,670,70.65444946289062
1772106565.419277,671,75.06788635253906
1772106571.9303045,672,68.89977264404297
1772106578.463664,673,66.2630386352539
1772106599.2637558,674,71.03050231933594
1772106609.6177757,675,70.31272888183594
1772106616.425707,676,72.4104232788086
1772106617.092353,677,72.81912231445312
1772106620.3158169,678,66.30866241455078
1772106620.4455118,679,-18.384199142456055
1772106640.8410692,680,73.4131088256836
1772106643.6863232,681,69.38079833984375
1772106652.2152352,682,77.14015197753906
1772106663.7862644,683,75.96019744873047
1772106677.9025934,684,70.42937469482422
1772106683.011123,685,73.54060363769531
1772106691.0367715,686,71.48616790771484
1772106702.243836,687,73.64214324951172
1772106702.3714411,688,-5.862710952758789
1772106705.44107,689,73.38817596435547
1772106708.833734,690,72.50614929199219
1772106734.140176,691,74.18000793457031
1772106752.6973877,692,74.40904998779297
1772106762.5683692,693,74.47608184814453
1772106774.502149,694,74.36695861816406
1772106784.5623286,695,77.7694091796875
1772106799.2374883,696,72.89787292480469
1772106805.1201804,697,72.17456817626953
1772106815.6252465,698,75.06590270996094
1772106828.583211,699,77.69650268554688
1772106834.716893,700,76.88554382324219
1772106836.8897614,701,67.08141326904297
1772106843.0791907,702,73.38067626953125
1772106849.0825129,703,75.20355224609375
1772106973.3206174,704,25.457975387573242
1772106990.5343246,705,72.93253326416016
1772106990.7225204,706,1.377073049545288
1772106997.6197681,707,73.45061492919922
1772107004.5067742,708,75.20846557617188
1772107008.1108487,709,68.21524047851562
1772107032.6110988,710,72.06364440917969
1772107032.8683527,711,43.386695861816406
1772107036.3012774,712,67.95758819580078
1772107037.5507617,713,70.87387084960938
1772107048.98643,714,71.18111419677734
1772107068.0829368,715,75.90119934082031
1772107074.4621947,716,68.98863983154297
1772107085.3758106,717,67.12120056152344
1772107099.3544743,718,71.97626495361328
1772107105.3781593,719,74.18830871582031
1772107109.5868425,720,69.83220672607422
1772107113.1872966,721,72.53829193115234
1772107119.8049872,722,62.65070343017578
1772107124.1826618,723,74.69696807861328
1772107125.2975729,724,67.71391296386719
1772107144.2239323,725,73.95079803466797
1772107147.880582,726,71.16956329345703
1772107148.5740068,727,50.46472930908203
1772107184.6669228,728,75.01581573486328
1772107188.2330186,729,67.03795623779297
1772107199.4107947,730,68.2647705078125
1772107206.306269,731,70.53202056884766
1772107225.987804,732,73.30651092529297
1772107231.225694,733,70.61387634277344
1772107238.7767854,734,72.96417236328125
1772107249.1347077,735,72.16876220703125
1772107261.374621,736,70.56771850585938
1772107283.582845,737,73.15984344482422
1772107283.7126439,738,7.9533820152282715
1772107283.8416698,739,64.87327575683594
1772107286.497421,740,72.67861938476562
1772107291.5708795,741,73.47920227050781
1772107303.6834073,742,75.51988983154297
1772107326.2669146,743,69.88121795654297
1772107394.4304044,744,-1.3611156940460205
1772107403.0017748,745,73.38451385498047
1772107405.8196068,746,68.96998596191406
1772107421.523471,747,76.64816284179688
1772107424.7869372,748,68.36748504638672
1772107425.3391426,749,55.611717224121094
1772107443.8387954,750,73.50279235839844
1772107464.7791708,751,73.22029876708984
1772107478.7340744,752,76.1396255493164
1772107482.5188959,753,74.7279281616211
1772107507.2414346,754,73.2508316040039
1772107511.90695,755,69.88150787353516
1772107515.458047,756,76.4840087890625
1772107519.8734927,757,72.62531280517578
1772107523.4377327,758,62.43343734741211
1772107527.06894,759,72.17198181152344
1772107530.9178982,760,69.66606903076172
1772107547.5607328,761,78.08509063720703
1772107566.8453302,762,74.68704223632812
1772107569.1644459,763,73.1947250366211
1772107574.7612534,764,74.94031524658203
1772107578.0203168,765,75.0411376953125
1772107582.0976152,766,72.4985580444336
1772107594.049159,767,75.87413787841797
1772107595.934755,768,67.40013885498047
1772107605.7033603,769,72.70337677001953
1772107607.5466628,770,60.322635650634766
1772107610.9069076,771,71.56935119628906
1772107611.0404758,772,33.205955505371094
1772107623.2431607,773,72.92768096923828
1772107623.9502032,774,54.954769134521484
1772107638.7595527,775,73.31925201416016
1772107646.9534883,776,75.36422729492188
1772107659.0798979,777,72.15975189208984
1772107667.305523,778,76.67090606689453
1772107671.7042017,779,71.60050964355469
1772107676.1324692,780,71.01612854003906
1772107692.2866907,781,72.95683288574219
1772107692.4155571,782,11.151397705078125
1772107700.5270405,783,73.68187713623047
1772107715.900962,784,77.0330810546875
1772107746.700464,785,81.87064361572266
1772107917.4130292,786,70.5536117553711
1772107921.8197136,787,72.86286926269531
1772107940.227867,788,80.0374984741211
1772107967.6932545,789,88.39523315429688
1772107967.8314025,790,21.938589096069336
1772107975.6010513,791,72.86236572265625
1772107989.9027393,792,90.35523223876953
1772108009.955066,793,76.35188293457031
1772108015.2276237,794,75.20728302001953
1772108024.7331755,795,79.8028335571289
1772108029.7049766,796,78.81718444824219
1772108041.7203882,797,76.91368103027344
1772108055.619983,798,73.37474060058594
1772108107.7190552,799,90.70486450195312
1772108114.9423332,800,70.51061248779297
1772108119.0160692,801,74.89584350585938
1772108128.2972383,802,76.31327056884766
1772108131.1030385,803,68.76498413085938
1772108182.07313,804,87.9439697265625
1772108184.6813679,805,73.22612762451172
1772108190.173292,806,75.8193359375
1772108194.042485,807,75.39749908447266
1772108198.793653,808,87.43740844726562
1772108207.2290606,809,76.9326400756836
1772108219.2227316,810,79.31071472167969
1772108222.5561416,811,76.92647552490234
1772108232.8420477,812,93.15322875976562
1772108402.1851532,813,77.23872375488281
1772108409.8695207,814,77.54548645019531
1772108433.0473526,815,81.32134246826172
1772108442.809213,816,78.91612243652344
1772108454.2193017,817,79.54888153076172
1772108456.3010192,818,79.50576782226562
1772108456.891582,819,76.52831268310547
1772108465.7019265,820,77.6471939086914
1772108477.0833106,821,78.82832336425781
1772108498.3636165,822,80.93934631347656
1772108498.4959912,823,52.37016296386719
1772108504.8391666,824,78.41385650634766
1772108518.529794,825,78.98719787597656
1772108522.0772371,826,72.85897064208984
1772108540.8996243,827,82.94123077392578
1772108556.320159,828,95.74822998046875
1772108556.4514377,829,56.48863220214844
1772108571.2260375,830,81.37389373779297
1772108574.6976109,831,81.46419525146484
1772108575.6584048,832,67.9915542602539
1772108575.9087534,833,47.29662322998047
1772108591.62403,834,80.93545532226562
1772108596.224541,835,81.05490112304688
1772108607.161632,836,76.83068084716797
1772108615.6276762,837,91.99207305908203
1772108619.2285235,838,75.42748260498047
1772108640.0525277,839,99.1597900390625
1772108646.693703,840,88.37887573242188
1772108686.94485,841,97.7333984375
1772108718.6941676,842,93.84781646728516
1772108721.7152486,843,75.3141860961914
1772108731.4566143,844,76.58573150634766
1772108736.9965503,845,93.6136474609375
1772108773.620841,846,97.08892822265625
1772108974.2471185,847,87.94773864746094
1772108978.9770203,848,76.46663665771484
1772108979.8248973,849,73.7745590209961
1772108979.9668417,850,54.12204360961914
1772108989.8030517,851,97.83287811279297
1772108991.9044087,852,77.98085021972656
1772109001.3664658,853,80.08426666259766
1772109001.5030718,854,12.3590669631958
1772109002.3180308,855,71.46393585205078
1772109015.1792226,856,81.55221557617188
1772109019.4187925,857,79.93890380859375
1772109023.6421885,858,84.8124008178711
1772109032.092752,859,78.96427154541016
1772109032.5677776,860,77.65866088867188
1772109032.7031713,861,63.070640563964844
1772109054.4816077,862,81.4188003540039
1772109061.762336,863,80.3423843383789
1772109063.6781669,864,80.9186019897461
1772109064.2884638,865,56.263893127441406
1772109071.8862174,866,78.69918060302734
1772109075.0103502,867,81.11882019042969
1772109087.844369,868,83.24586486816406
1772109091.4215324,869,81.7398681640625
1772109097.2423027,870,93.55001068115234
1772109103.9109988,871,80.23766326904297
1772109110.6510165,872,79.21617126464844
1772109115.0832615,873,93.20701599121094
1772109119.6142907,874,91.62742614746094
1772109134.8163433,875,83.24567413330078
1772109134.942768,876,19.63402557373047
1772109143.4382224,877,83.49685668945312
1772109144.156579,878,73.14259338378906
1772109144.9019873,879,79.10833740234375
1772109148.6974165,880,81.45948028564453
1772109180.9977443,881,83.23883819580078
1772109189.2131848,882,82.0309066772461
1772109195.9053426,883,82.13977813720703
1772109198.6228788,884,75.50956726074219
1772109201.534506,885,99.4935302734375
1772109214.726488,886,95.58711242675781
1772109215.9432025,887,76.01548767089844
1772109218.207485,888,75.53839874267578
1772109218.3395643,889,40.87255859375
1772109219.5119212,890,95.70802307128906
1772109244.2262604,891,85.74141693115234
1772109252.8384678,892,83.3968276977539
1772109259.5619607,893,80.19985961914062
1772109266.875624,894,83.88845825195312
1772109279.204589,895,96.08688354492188
1772109371.7359226,896,72.95167541503906
1772109377.3301876,897,83.11209106445312
1772109390.818769,898,91.2572021484375
1772109404.779595,899,84.4629898071289
1772109417.190821,900,95.3221206665039
1772109425.2092752,901,89.73153686523438
1772109425.3419864,902,61.31808853149414
1772109432.3188434,903,85.54582977294922
1772109440.1549437,904,100.33775329589844
1772109450.9737694,905,86.05513000488281
1772109474.6756332,906,96.88192749023438
1772109517.6746464,907,94.95925903320312
1772109534.28079,908,85.71665954589844
1772109537.861543,909,82.15162658691406
1772109543.374167,910,82.87775421142578
1772109588.567082,911,94.92037200927734
1772109594.0027568,912,84.81159973144531
1772109598.877294,913,85.30229949951172
1772109605.1387794,914,98.91384887695312
1772109616.5615358,915,86.70632934570312
1772109621.8494604,916,94.93059539794922
1772109622.1818376,917,62.364864349365234
1772109624.8891554,918,83.02497863769531
1772109631.8706234,919,89.60491943359375
1772109651.295379,920,98.7242660522461
1772109651.4237149,921,14.950456619262695
1772109651.5478358,922,81.81782531738281
1772109655.5321398,923,85.49073791503906
1772109658.0432174,924,82.76581573486328
1772109664.982107,925,85.43299102783203
1772109671.7863133,926,82.27603149414062
1772109674.8745685,927,100.36083221435547
1772109679.8061705,928,83.46139526367188
1772109681.6634612,929,83.06209564208984
1772109691.365974,930,82.59564208984375
1772109723.8903573,931,100.51081085205078
1772109868.0660481,932,100.34053802490234
1772109880.2263663,933,98.44374084472656
1772109893.8915584,934,88.46224975585938
1772109897.4055107,935,85.4110336303711
1772109913.0258543,936,95.71334075927734
1772109936.0505297,937,98.44330596923828
1772109942.494979,938,91.26947784423828
1772109958.2802594,939,98.00120544433594
1772109971.6709826,940,90.44719696044922
1772109979.5974498,941,97.78764343261719
1772109984.6204245,942,86.58345794677734
1772109984.7488565,943,-12.323927879333496
1772109993.714948,944,101.87626647949219
1772110012.327412,945,103.75442504882812
1772110019.1344948,946,103.89221954345703
1772110060.8704276,947,99.60951232910156
1772110080.9999993,948,91.98440551757812
1772110096.9864485,949,100.25192260742188
1772110100.61311,950,83.9626693725586
1772110126.918564,951,92.29212951660156
1772110142.5873835,952,98.806396484375
1772110146.190642,953,94.34248352050781
1772110157.3446503,954,101.54084777832031
1772110336.1604917,955,93.61060333251953
1772110366.1071556,956,107.31005096435547
1772110366.2380147,957,44.64088821411133
1772110368.1204813,958,87.08958435058594
1772110375.426564,959,106.40341186523438
1772110381.1499314,960,89.91525268554688
1772110382.3089602,961,82.23986053466797
1772110386.1067855,962,107.41661834716797
1772110393.0837567,963,98.1664810180664
1772110403.3630648,964,90.73900604248047
1772110410.2021883,965,92.2518081665039
1772110435.2102075,966,106.86549377441406
1772110439.5500693,967,84.77582550048828
1772110439.681001,968,-11.776169776916504
1772110439.8100128,969,51.95330810546875
1772110444.1604393,970,88.79251861572266
1772110447.485513,971,88.82575225830078
1772110453.6038263,972,93.56514739990234
1772110455.4892554,973,91.5808334350586
1772110462.1894631,974,87.34498596191406
1772110475.9855337,975,90.96165466308594
1772110502.691429,976,102.14580535888672
1772110505.9338148,977,87.92021942138672
1772110506.0593574,978,50.45547103881836
1772110509.406699,979,93.68214416503906
1772110510.2671053,980,70.6695785522461
1772110514.7239766,981,89.18224334716797
1772110521.8053408,982,87.79635620117188
1772110522.363446,983,53.56703186035156
1772110526.5396886,984,91.63821411132812
1772110541.9466586,985,108.5887222290039
1772110542.0776758,986,8.133066177368164
1772110559.1411936,987,104.73291778564453
1772110561.0000188,988,87.3843765258789
1772110566.4645588,989,93.18423461914062
1772110570.5111463,990,86.99651336669922
1772110573.9121165,991,83.57894897460938
1772110590.0934289,992,93.83696746826172
1772110592.0974927,993,91.99402618408203
1772110599.3459327,994,104.45174407958984
1772110609.3551424,995,104.00347137451172
1772110622.1393847,996,89.7200698852539
1772110625.5951698,997,96.74745178222656
1772110642.027431,998,96.09278106689453
1772110648.5399046,999,92.38032531738281
1772110661.94823,1000,103.48274993896484
1772110790.8563595,1001,102.22180938720703
1772110797.3710868,1002,94.06717681884766
1772110802.2056053,1003,95.81266021728516
1772110802.337353,1004,36.49485397338867
1772110815.1484451,1005,112.13996887207031
1772110817.170571,1006,111.6668472290039
1772110831.6608088,1007,95.97421264648438
1772110835.7933187,1008,93.2940444946289
1772110837.5344982,1009,90.93301391601562
1772110842.2846658,1010,111.02093505859375
1772110847.5566082,1011,92.16661071777344
1772110864.8911538,1012,94.49717712402344
1772110867.549789,1013,88.68875122070312
1772110896.598482,1014,109.35847473144531
1772110900.0315433,1015,85.15169525146484
1772110901.2456527,1016,79.45465087890625
1772110901.3722804,1017,68.14637756347656
1772110901.5002913,1018,59.58022689819336
1772110903.5756216,1019,80.93019104003906
1772110931.2958865,1020,110.38175964355469
1772110936.584291,1021,92.13874053955078
1772110943.0149634,1022,91.06291961669922
1772110946.6581454,1023,92.42361450195312
1772110955.4366262,1024,103.6126708984375
1772110966.3018875,1025,95.14266967773438
1772110971.8220778,1026,82.39122009277344
1772110979.5592773,1027,108.8497085571289
1772110979.69043,1028,33.6368293762207
1772110982.4932058,1029,94.86500549316406
1772110989.8647733,1030,88.64479064941406
1772111001.1306212,1031,92.01483154296875
1772111012.8638334,1032,92.5471420288086
1772111020.362175,1033,94.7794189453125
1772111020.491949,1034,25.886276245117188
1772111032.2697117,1035,104.79013061523438
1772111042.6012824,1036,101.48493957519531
1772111061.6399803,1037,96.75251007080078
1772111061.76771,1038,36.3238525390625
1772111070.7178698,1039,111.70282745361328
1772111072.0674965,1040,112.1026611328125
1772111075.26847,1041,92.86296081542969
1772111090.5226274,1042,106.81523132324219
1772111094.2019463,1043,97.4797592163086
1772111117.509388,1044,105.53247833251953
1772111269.2115235,1045,96.6739730834961
1772111300.9011781,1046,112.66675567626953
1772111301.0852942,1047,82.9897689819336
1772111304.3199594,1048,97.70932006835938
1772111312.9195,1049,106.09088134765625
1772111336.884955,1050,114.22019958496094
1772111350.0782745,1051,101.61907196044922
1772111350.977415,1052,86.59100341796875
1772111372.3480973,1053,112.48505401611328
1772111408.005676,1054,106.58248901367188
1772111412.1858861,1055,96.51004028320312
1772111440.9656255,1056,117.21968841552734
1772111447.428607,1057,96.92859649658203
1772111450.5211754,1058,112.4101333618164
1772111451.2339072,1059,69.45762634277344
1772111462.4923346,1060,96.14891815185547
1772111468.2924187,1061,101.7617416381836
1772111483.6917267,1062,111.78044128417969
1772111500.1980371,1063,110.23322296142578
1772111501.91619,1064,83.33475494384766
1772111513.1010365,1065,110.29752349853516
1772111536.913168,1066,99.30501556396484
1772111539.5914009,1067,98.15216064453125
1772111543.129813,1068,96.83089447021484
1772111554.662931,1069,116.53820037841797
1772111558.5455172,1070,100.87694549560547
1772111558.9306262,1071,56.37464141845703
1772111565.972188,1072,106.5053939819336
1772111596.0732248,1073,109.42095184326172
1772111668.2550948,1074,81.50088500976562
1772111673.943462,1075,98.56466674804688
1772111680.9463646,1076,96.09292602539062
1772111684.3816185,1077,111.18077850341797
1772111684.5068154,1078,59.856624603271484
1772111688.1634448,1079,93.82144165039062
1772111709.0636983,1080,109.74845123291016
1772111714.365373,1081,101.22846221923828
1772111733.5499773,1082,109.49571990966797
1772111738.3921285,1083,90.24146270751953
1772111738.6565127,1084,71.20796203613281
1772111756.6500034,1085,110.87730407714844
1772111762.9211135,1086,105.71162414550781
1772111772.39464,1087,99.71633911132812
1772111774.6645336,1088,98.72721099853516
1772111790.3806438,1089,104.16806030273438
1772111795.7992265,1090,104.12635803222656
1772111804.9518113,1091,100.01998901367188
1772111811.1071196,1092,108.77257537841797
1772111818.9740925,1093,97.56452941894531
1772111824.0904558,1094,104.81349182128906
1772111847.1639507,1095,106.35283660888672
1772111876.0959334,1096,109.49961853027344
1772111894.8337831,1097,104.40360260009766
1772111914.9869945,1098,100.17876434326172
1772111916.392313,1099,82.42955017089844
1772111924.9395387,1100,102.40753173828125
1772111936.387298,1101,107.14250946044922
1772111945.8139217,1102,98.60281372070312
1772111957.4376948,1103,106.97217559814453
1772111966.2455199,1104,102.43120574951172
1772112173.649896,1105,102.01634979248047
1772112174.6162841,1106,108.61575317382812
1772112178.1819508,1107,101.62797546386719
1772112199.097542,1108,108.36524200439453
1772112202.3771818,1109,94.97591400146484
1772112208.5209951,1110,98.60948944091797
1772112231.5676203,1111,111.62715911865234
1772112232.6145744,1112,84.73348236083984
1772112241.0538678,1113,105.08045196533203
1772112253.3110604,1114,96.41732788085938
1772112287.986208,1115,105.75025177001953
1772112302.4449675,1116,106.05381774902344
1772112321.1757944,1117,101.36783599853516
1772112328.3636367,1118,98.77839660644531
1772112343.549973,1119,102.67182159423828
1772112358.5847118,1120,102.92778778076172
1772112358.7159517,1121,90.94464874267578
1772112384.0267696,1122,108.00621795654297
1772112384.2904568,1123,69.00448608398438
1772112389.240281,1124,98.41533660888672
1772112402.284641,1125,103.63401794433594
1772112415.0151742,1126,101.21302032470703
1772112422.6826036,1127,109.20164489746094
1772112432.2825894,1128,103.20758819580078
1772112437.5062273,1129,99.34293365478516
1772112442.311137,1130,112.72764587402344
1772112442.439658,1131,93.79209899902344
1772112444.5700622,1132,104.00272369384766
1772112462.104244,1133,111.26465606689453
1772112463.0349357,1134,71.22755432128906
1772112464.927626,1135,91.08829498291016
1772112484.351148,1136,105.92303466796875
1772112516.5704563,1137,106.79656982421875
1772112702.7611105,1138,112.26146697998047
1772112703.7822685,1139,93.48832702636719
1772112713.4680645,1140,110.39567565917969
1772112736.675039,1141,111.2907485961914
1772112741.4258444,1142,111.01217651367188
1772112747.8514438,1143,101.96473693847656
1772112782.6943197,1144,106.53108215332031
1772112841.4088373,1145,108.03064727783203
1772112847.0992327,1146,111.98716735839844
1772112873.4785879,1147,111.61544036865234
1772112878.428337,1148,100.1644287109375
1772112881.6998682,1149,103.19178009033203
1772112881.9548385,1150,87.30015563964844
1772112884.4018888,1151,87.51886749267578
1772112893.7012336,1152,110.24555969238281
1772112904.7629035,1153,106.41879272460938
1772112960.5562124,1154,112.48773193359375
1772112962.753204,1155,88.91040802001953
1772112966.8263338,1156,109.36946105957031
1772112978.6542802,1157,110.27161407470703
1772112986.3646743,1158,103.1125717163086
1772113007.4270775,1159,109.45772552490234
1772113106.0515606,1160,106.23635864257812
1772113122.88912,1161,104.60304260253906
1772113126.61047,1162,103.62957000732422
1772113139.840922,1163,107.61546325683594
1772113140.6431816,1164,87.74483489990234
1772113149.6212406,1165,107.79056549072266
1772113200.991629,1166,110.89314270019531
1772113209.6470969,1167,110.73458862304688
1772113225.8433683,1168,109.38520050048828
1772113230.7558057,1169,100.44063568115234
1772113233.4966276,1170,103.23747253417969
1772113246.914948,1171,114.67723083496094
1772113247.4925978,1172,88.42899322509766
1772113251.5522723,1173,107.09738159179688
1772113301.245006,1174,108.50408935546875
1772113348.1645317,1175,111.11651611328125
1772113382.5459645,1176,116.8934555053711
1772113387.3931246,1177,111.48910522460938
1772113403.6250887,1178,108.88799285888672
1772113637.8611534,1179,111.72906494140625
1772113646.3385556,1180,111.11529541015625
1772113659.7241669,1181,109.02886962890625
1772113659.8540254,1182,52.9297981262207
1772113671.749079,1183,114.15257263183594
1772113684.101121,1184,106.78425598144531
1772113699.278663,1185,113.26922607421875
1772113715.8406248,1186,109.90419006347656
1772113723.5058107,1187,110.11040496826172
1772113723.7013752,1188,55.1861572265625
1772113736.8496106,1189,118.12427520751953
1772113740.9647381,1190,110.71831512451172
1772113749.2727182,1191,108.77255249023438
1772113749.470359,1192,75.36640930175781
1772113749.8514528,1193,96.9229965209961
1772113777.1622713,1194,119.22041320800781
1772113780.6260734,1195,109.56815338134766
1772113823.7163913,1196,114.87992858886719
1772113828.7322507,1197,121.25004577636719
1772113854.8855245,1198,118.4923095703125
1772113855.0184677,1199,93.77330780029297
1772113857.6692786,1200,103.56874084472656
1772113858.5396595,1201,109.0974349975586
1772113870.2855783,1202,124.55828857421875
1772113876.4436312,1203,103.93716430664062
1772113889.2131286,1204,111.39579010009766
1772113889.3419883,1205,50.89931869506836
1772113915.2239742,1206,117.75233459472656
1772113924.5175414,1207,116.7422866821289
1772113927.965202,1208,111.49088287353516
1772113937.2409735,1209,113.97240447998047
1772114007.3017929,1210,111.55217742919922
1772114011.1986096,1211,101.73851776123047
1772114033.3452268,1212,120.65200805664062
1772114037.0884898,1213,107.09690856933594
1772114037.215001,1214,80.46752166748047
1772114082.9455166,1215,121.5123291015625
1772114097.4154613,1216,119.92378234863281
1772114106.0952053,1217,109.85021209716797
1772114130.2422523,1218,113.97127532958984
1772114133.5722141,1219,105.87619018554688
1772114142.960901,1220,117.11685943603516
1772114146.268057,1221,102.39871978759766
1772114149.1184986,1222,106.4332046508789
1772114170.0226576,1223,122.93026733398438
1772114186.2981153,1224,124.14979553222656
1772114208.580086,1225,122.45987701416016
1772114208.7075307,1226,110.929443359375
1772114224.5688426,1227,117.83550262451172
1772114228.1562138,1228,104.9760513305664
1772114228.2839327,1229,72.80624389648438
1772114232.6591086,1230,108.8854751586914
1772114236.1066277,1231,114.7806167602539
1772114245.2799478,1232,111.97652435302734
1772114248.5017245,1233,115.83814239501953
1772114278.435096,1234,120.75556945800781
1772114286.6286035,1235,120.65423583984375
1772114300.8413253,1236,118.38927459716797
1772114306.5463564,1237,123.98945617675781
1772114312.0829127,1238,110.5456771850586
1772114315.5522006,1239,115.47636413574219
1772114319.081407,1240,109.50017547607422
1772114323.0120738,1241,107.9805679321289
1772114328.509172,1242,111.20640563964844
1772114343.9622183,1243,116.03598022460938
1772114472.063565,1244,119.11869812011719
1772114481.226622,1245,111.94054412841797
1772114490.2065785,1246,112.58678436279297
1772114498.1512032,1247,120.93084716796875
1772114504.1720731,1248,120.69377899169922
1772114506.059553,1249,109.53518676757812
1772114511.1679654,1250,113.92854309082031
1772114511.294548,1251,103.41474151611328
1772114514.7609293,1252,106.09679412841797
1772114529.3576627,1253,118.09915924072266
1772114538.2380078,1254,117.41024017333984
1772114544.5106432,1255,118.29934692382812
1772114549.6045117,1256,107.77286529541016
1772114563.1373599,1257,119.54805755615234
1772114563.3263733,1258,87.27349853515625
1772114590.0861018,1259,122.59007263183594
1772114596.5900707,1260,121.1034164428711
1772114596.7319493,1261,51.01253890991211
1772114598.7167752,1262,105.03227996826172
1772114606.7769728,1263,114.98693084716797
1772114615.8820038,1264,114.9709243774414
1772114621.0519025,1265,110.95917510986328
1772114627.0173092,1266,123.66281127929688
1772114630.715643,1267,119.92506408691406
1772114636.4058657,1268,106.5232925415039
1772114639.8264034,1269,101.78959655761719
1772114654.001069,1270,120.33964538574219
1772114665.553547,1271,111.6435317993164
1772114680.193932,1272,115.63001251220703
1772114691.52134,1273,117.32393646240234
1772114699.3699644,1274,118.22332763671875
1772114706.621751,1275,111.63943481445312
1772114716.3325105,1276,110.0217514038086
1772114716.4592214,1277,61.1507568359375
1772114726.3464289,1278,108.61365509033203
1772114739.592554,1279,116.43119812011719
1772114742.4903288,1280,109.261962890625
1772114751.6210115,1281,114.51333618164062
1772114759.970598,1282,118.51058959960938
1772114766.1451592,1283,115.53660583496094
1772114770.5557816,1284,102.37520599365234
1772114910.0749755,1285,120.1889877319336
1772114927.7074654,1286,116.9078140258789
1772114937.9140284,1287,118.73573303222656
1772114955.4263277,1288,111.20256805419922
1772114966.9363463,1289,106.34669494628906
1772114978.1522698,1290,113.27642059326172
1772114981.3621333,1291,119.1607894897461
1772114981.7038121,1292,93.08244323730469
1772114994.6940665,1293,117.92144012451172
1772115018.0415072,1294,117.55738067626953
1772115031.3994093,1295,116.19610595703125
1772115037.6169217,1296,119.13050842285156
1772115040.7422755,1297,105.31791687011719
1772115058.64099,1298,117.86408996582031
1772115064.5788221,1299,116.62610626220703
1772115088.776456,1300,115.87687683105469
1772115088.9090834,1301,103.29568481445312
1772115089.0532916,1302,55.512699127197266
1772115091.4742818,1303,116.46735382080078
1772115101.3102264,1304,106.91047668457031
1772115110.2991097,1305,112.54312133789062
1772115128.9342515,1306,108.12574005126953
1772115146.3454776,1307,117.80667877197266
1772115164.115651,1308,116.62992858886719
1772115170.844501,1309,116.65494537353516
1772115182.5102131,1310,123.68406677246094
1772115200.4371476,1311,114.8846435546875
1772115204.3296573,1312,109.93083953857422
1772115218.9547455,1313,118.93508911132812
1772115226.9353218,1314,125.05126190185547
1772115238.4583547,1315,119.3746109008789
1772115358.4905715,1316,119.27352142333984
1772115363.1738348,1317,113.49825286865234
1772115432.7956362,1318,120.79055786132812
1772115441.2900188,1319,109.13262176513672
1772115449.777674,1320,106.54917907714844
1772115452.0402508,1321,116.7947006225586
1772115461.1490521,1322,117.16312408447266
1772115465.09094,1323,110.46073913574219
1772115469.7993302,1324,112.52383422851562
1772115474.267621,1325,104.79008483886719
1772115482.1723635,1326,117.18608856201172
1772115485.8863375,1327,115.02127075195312
1772115486.629237,1328,103.0264892578125
1772115488.0891752,1329,104.00142669677734
1772115488.8368835,1330,105.04785919189453
1772115502.4562035,1331,113.3388900756836
1772115513.2219465,1332,118.78719329833984
1772115523.9118943,1333,117.6497573852539
1772115547.1631532,1334,116.334228515625
1772115553.5960758,1335,115.42227935791016
1772115560.6327424,1336,111.51110076904297
1772115568.9711378,1337,113.58999633789062
1772115587.8008893,1338,114.70043182373047
1772115590.7811682,1339,118.1917495727539
1772115592.772032,1340,106.10077667236328
1772115601.752443,1341,110.3292236328125
1772115631.1773715,1342,116.24187469482422
1772115631.3048608,1343,105.77539825439453
1772115639.4227116,1344,113.13863372802734
1772115646.8425577,1345,116.41170501708984
1772115670.6520534,1346,113.45333862304688
1772115671.529282,1347,112.66964721679688
1772115676.1190221,1348,112.82325744628906
1772115697.1861384,1349,118.11891174316406
1772115872.1581085,1350,111.214111328125
1772115877.6826663,1351,110.66680908203125
1772115897.2741978,1352,113.96674346923828
1772115920.6728482,1353,111.69599914550781
1772115924.1356997,1354,101.49188232421875
1772115968.9093401,1355,112.09275817871094
1772115987.4154236,1356,111.8664321899414
1772116008.64763,1357,115.6314468383789
1772116025.8928177,1358,116.20037078857422
1772116029.2753203,1359,113.94015502929688
1772116044.377199,1360,110.99214172363281
1772116052.1850684,1361,112.76782989501953
1772116066.336457,1362,111.24136352539062
1772116070.7249453,1363,115.83799743652344
1772116075.9812279,1364,113.26914978027344
1772116097.0286121,1365,115.33506774902344
1772116110.9067185,1366,112.32489776611328
1772116120.5842187,1367,111.01911163330078
1772116136.7049441,1368,113.18375396728516
1772116148.4466927,1369,116.72908782958984
1772116151.802226,1370,110.69608306884766
1772116160.5509133,1371,114.35759735107422
1772116269.6339827,1372,114.89238739013672
1772116297.209111,1373,112.35611724853516
1772116301.1967573,1374,116.71952056884766
1772116325.391589,1375,116.95980072021484
1772116330.214773,1376,113.62755584716797
1772116336.836895,1377,111.48471069335938
1772116345.6322598,1378,110.3728256225586
1772116361.690128,1379,114.72744750976562
1772116371.4596608,1380,112.441162109375
1772116375.1935282,1381,114.53022003173828
1772116384.6356947,1382,119.24529266357422
1772116399.9989061,1383,118.4399185180664
1772116422.4062977,1384,118.51397705078125
1772116424.1072588,1385,113.87187957763672
1772116435.8760362,1386,117.86122131347656
1772116440.6087143,1387,112.15155029296875
1772116462.1945436,1388,111.04993438720703
1772116470.4059446,1389,116.63676452636719
1772116496.073272,1390,113.50609588623047
1772116501.4138727,1391,113.45594787597656
1772116508.422164,1392,114.91035461425781
1772116522.482159,1393,111.17697143554688
1772116525.8877635,1394,110.39936065673828
1772116536.266295,1395,108.26789093017578
1772116548.8878534,1396,113.55606842041016
1772116556.6078737,1397,107.00724029541016
1772116564.631127,1398,108.51992797851562
1772116573.6624641,1399,112.22026062011719
1772116586.3439903,1400,111.20760345458984
1772116740.312373,1401,115.8632583618164
1772116758.3947713,1402,117.16326904296875
1772116765.5692136,1403,117.02595520019531
1772116769.3041706,1404,109.90878295898438
1772116774.665727,1405,112.53650665283203
1772116802.1084275,1406,115.95626831054688
1772116802.2390351,1407,84.04839324951172
1772116806.5254052,1408,114.93964385986328
1772116810.013592,1409,112.16935729980469
1772116814.8422482,1410,108.49813842773438
1772116820.41879,1411,113.10831451416016
1772116825.5030768,1412,112.65412902832031
1772116835.2053802,1413,111.744873046875
1772116839.3994868,1414,114.5225601196289
1772116843.30877,1415,113.58007049560547
1772116849.8558173,1416,112.01128387451172
1772116851.846199,1417,116.55744171142578
1772116855.1493278,1418,108.91985321044922
1772116873.2142878,1419,112.19941711425781
1772116888.803296,1420,115.65998840332031
1772116918.19414,1421,114.79081726074219
1772116918.539561,1422,93.88288879394531
1772116926.967991,1423,113.6504135131836
1772116941.3951507,1424,116.35857391357422
1772116968.483858,1425,114.28855895996094
1772116995.9973187,1426,112.795166015625
1772117005.8660123,1427,113.29562377929688
1772117009.0433273,1428,105.88870239257812
1772117013.0559638,1429,111.39222717285156
1772117026.275772,1430,117.33169555664062
1772117042.317739,1431,118.14414978027344
1772117053.7715,1432,117.92391204833984
1772117072.6490479,1433,116.36470794677734
1772117284.609452,1434,112.78644561767578
1772117289.768767,1435,107.13603973388672
1772117291.1069682,1436,105.0526123046875
1772117296.8369412,1437,116.46501159667969
1772117309.225881,1438,113.76136016845703
1772117317.0323074,1439,116.03919219970703
1772117317.1596062,1440,94.34565734863281
1772117321.9337385,1441,112.2642593383789
1772117346.1142087,1442,115.4535903930664
1772117354.7345576,1443,116.6111831665039
1772117360.80326,1444,112.22943115234375
1772117368.2017639,1445,107.27007293701172
1772117377.3858802,1446,111.9339599609375
1772117403.2144508,1447,111.68235778808594
1772117420.857967,1448,111.42552185058594
1772117439.334025,1449,112.27875518798828
1772117445.2890737,1450,112.22227478027344
1772117445.4178653,1451,82.02725982666016
1772117469.2596593,1452,113.30941009521484
1772117481.865878,1453,108.41497802734375
1772117482.1161244,1454,92.66319274902344
1772117486.490643,1455,109.89940643310547
1772117491.989302,1456,116.2055435180664
1772117503.9956024,1457,110.33517456054688
1772117507.4630802,1458,110.07830047607422
1772117511.213143,1459,114.1212387084961
1772117513.7578537,1460,111.51378631591797
1772117528.9333448,1461,116.28752136230469
1772117533.3698497,1462,110.98332214355469
1772117536.583271,1463,105.66629028320312
1772117540.7384255,1464,113.12974548339844
1772117546.683061,1465,119.2020034790039
1772117546.9451916,1466,104.44306945800781
1772117575.1874168,1467,113.78875732421875
1772117585.5302176,1468,115.80905151367188
1772117777.3822222,1469,111.48416137695312
1772117790.7863617,1470,114.93314361572266
1772117795.794356,1471,108.63330841064453
1772117829.5452356,1472,115.7589111328125
1772117832.5451782,1473,112.83363342285156
1772117835.8421414,1474,112.8133773803711
1772117845.4903991,1475,114.9932861328125
1772117851.474446,1476,110.29592895507812
1772117856.266411,1477,109.63653564453125
1772117874.285893,1478,112.800537109375
1772117877.595319,1479,112.8729019165039
1772117894.793347,1480,116.2752914428711
1772117900.3151958,1481,114.61910247802734
1772117901.229187,1482,104.1741943359375
1772117917.1126518,1483,115.21879577636719
1772117920.1718314,1484,104.63824462890625
1772117936.2877061,1485,113.5488052368164
1772117937.693483,1486,108.56411743164062
1772117940.0325677,1487,105.75215148925781
1772117949.485331,1488,113.43397521972656
1772117960.418573,1489,114.2799072265625
1772117960.5447905,1490,92.74286651611328
1772117971.7661078,1491,114.37743377685547
1772117989.1835558,1492,112.5712890625
1772117990.5744936,1493,111.3132095336914
1772118010.0276558,1494,112.22481536865234
1772118013.9375877,1495,104.3862533569336
1772118016.2241862,1496,106.8631362915039
1772118020.5455139,1497,110.65784454345703
1772118027.4553537,1498,108.2073974609375
1772118036.1984918,1499,107.02327728271484
1772118037.6397517,1500,102.74962615966797
1772118043.5492952,1501,114.34838104248047
1772118043.6779816,1502,92.03376007080078
1772118053.2104778,1503,106.76258087158203
1772118053.3423727,1504,89.91618347167969
1772118100.5487096,1505,113.8358154296875
1772118188.519471,1506,91.46648406982422
1772118195.6838865,1507,106.15594482421875
1772118211.6661675,1508,112.26653289794922
1772118211.9378123,1509,95.22818756103516
1772118212.0649686,1510,89.66068267822266
1772118214.962192,1511,106.05177307128906
1772118223.7947378,1512,112.21148681640625
1772118228.9317546,1513,105.92250061035156
1772118235.5533483,1514,110.10259246826172
1772118259.9962058,1515,113.2745361328125
1772118271.2254136,1516,113.10130310058594
1772118282.9128408,1517,110.42193603515625
1772118291.8781478,1518,112.89067077636719
1772118295.9635386,1519,110.02485656738281
1772118315.7212903,1520,111.81946563720703
1772118315.8507059,1521,90.68840026855469
1772118318.8344388,1522,107.9077377319336
1772118343.0988529,1523,107.01760864257812
1772118358.4729714,1524,107.7396011352539
1772118365.9561572,1525,106.3505859375
1772118371.6611362,1526,102.10983276367188
1772118380.5217247,1527,106.30175018310547
1772118380.7721443,1528,92.26966094970703
1772118387.771579,1529,108.55570220947266
1772118388.4969172,1530,102.59481048583984
1772118414.8652568,1531,108.88780212402344
1772118425.5222244,1532,102.8004379272461
1772118434.8488708,1533,102.70398712158203
1772118446.2179863,1534,109.0429458618164
1772118470.5163438,1535,106.13166809082031
1772118490.5944967,1536,105.38703918457031
1772118510.5526426,1537,109.0123519897461
1772118697.3155184,1538,106.25375366210938
1772118697.5024977,1539,88.0128402709961
1772118711.8754482,1540,105.86396789550781
1772118716.2866673,1541,104.4303207397461
1772118716.4144812,1542,62.24989318847656
1772118740.9234347,1543,105.7383041381836
1772118744.9866526,1544,102.65522003173828
1772118747.5243638,1545,108.06773376464844
1772118759.4830198,1546,102.74561309814453
1772118766.0868218,1547,106.5058364868164
1772118771.8990343,1548,102.1799087524414
1772118786.1737795,1549,103.75650787353516
1772118796.635005,1550,105.0533218383789
1772118800.9071946,1551,103.24549865722656
1772118810.4936578,1552,110.02873229980469
1772118813.890476,1553,105.72673034667969
1772118822.2657695,1554,102.16303253173828
1772118823.686399,1555,103.30640411376953
1772118828.0302038,1556,101.9388198852539
1772118848.3804197,1557,108.11503601074219
1772118851.4179227,1558,103.19280242919922
1772118856.468444,1559,100.01109313964844
1772118859.6584344,1560,100.74852752685547
1772118863.2011473,1561,102.96711730957031
1772118874.9488766,1562,107.59049987792969
1772118887.3085036,1563,106.72163391113281
1772118887.851188,1564,97.32337188720703
1772118892.334582,1565,108.0215072631836
1772118947.8577,1566,105.65650939941406
1772118961.725563,1567,103.27200317382812
1772118968.3883443,1568,101.59550476074219
1772118983.3401127,1569,104.96537017822266
1772118986.720844,1570,99.29789733886719
1772118990.4973025,1571,103.08828735351562
1772119035.191618,1572,106.23330688476562
1772119137.086827,1573,107.60533905029297
1772119149.0369637,1574,103.38961029052734
1772119162.881312,1575,104.12815856933594
1772119163.0044472,1576,88.02349090576172
1772119166.2693448,1577,103.46504211425781
1772119182.326972,1578,105.02344512939453
1772119200.3239248,1579,102.1749267578125
1772119217.5595438,1580,105.98484802246094
1772119221.1120818,1581,101.48880767822266
1772119233.7218332,1582,106.39655303955078
1772119244.3186748,1583,100.02162170410156
1772119253.6605024,1584,100.7976303100586
1772119267.1930552,1585,104.51416015625
1772119271.103066,1586,98.48944091796875
1772119284.1058314,1587,105.015625
1772119298.4511652,1588,102.42092895507812
1772119320.3165221,1589,107.55815124511719
1772119334.4331412,1590,103.0282974243164
1772119346.0379329,1591,102.06705474853516
1772119379.35512,1592,103.57550811767578
1772119382.8926928,1593,100.48303985595703
1772119388.9867659,1594,101.37001037597656
1772119394.885573,1595,99.87604522705078
1772119398.1447616,1596,100.42787170410156
1772119401.8890388,1597,98.54676055908203
1772119442.6042585,1598,103.67511749267578
1772119568.4508162,1599,105.1434097290039
1772119571.5975525,1600,101.06201171875
1772119576.7008717,1601,102.8245620727539
1772119588.8818748,1602,102.67802429199219
1772119592.2623293,1603,100.87384033203125
1772119608.2848692,1604,103.00627899169922
1772119611.739379,1605,99.7697982788086
1772119641.472984,1606,103.81852722167969
1772119649.2277117,1607,103.84852600097656
1772119659.330084,1608,103.29149627685547
1772119664.2247496,1609,103.36137390136719
1772119664.3491874,1610,95.34906005859375
1772119710.2414129,1611,105.3296890258789
1772119710.3678482,1612,81.67386627197266
1772119713.915963,1613,100.99899291992188
1772119720.2271996,1614,104.16230010986328
1772119730.6310337,1615,103.47130584716797
1772119735.3966608,1616,100.97123718261719
1772119758.8078945,1617,102.25032806396484
1772119782.018857,1618,105.84030151367188
1772119817.8507257,1619,103.2703628540039
1772119817.9816356,1620,89.09228515625
1772119835.4171429,1621,101.03274536132812
1772119870.6084747,1622,103.37992858886719
1772120017.7538924,1623,103.92776489257812
1772120055.511044,1624,103.2639389038086
1772120073.3671365,1625,105.33760833740234
1772120078.9751308,1626,100.17669677734375
1772120085.4809725,1627,103.10617065429688
1772120088.8319004,1628,104.1974105834961
1772120095.82744,1629,99.8378677368164
1772120102.636395,1630,100.20067596435547
1772120106.9841633,1631,101.93673706054688
1772120126.8672247,1632,101.98906707763672
1772120136.0024257,1633,102.62020111083984
1772120151.7352269,1634,102.29182434082031
1772120153.5814042,1635,93.03720092773438
1772120180.8820333,1636,101.16020965576172
1772120183.0155668,1637,95.7464828491211
1772120188.8496487,1638,100.61113739013672
1772120193.5003226,1639,103.36629486083984
1772120214.340176,1640,104.43872833251953
1772120220.5412176,1641,101.28253173828125
1772120274.4448402,1642,102.55278015136719
1772120274.5687258,1643,71.17018127441406
1772120274.7501397,1644,83.6159439086914
1772120280.7692032,1645,97.49465942382812
1772120470.395331,1646,99.25757598876953
1772120503.2699077,1647,99.77506256103516
1772120525.0593176,1648,98.89725494384766
1772120525.3167093,1649,89.760498046875
1772120547.9282336,1650,98.2563705444336
1772120549.5057807,1651,92.69185638427734
1772120551.8717191,1652,95.90484619140625
1772120565.39987,1653,93.41133880615234
1772120584.0369258,1654,98.69715881347656
1772120596.1314044,1655,95.623291015625
1772120609.839576,1656,100.06854248046875
1772120615.210041,1657,93.16876220703125
1772120626.9554222,1658,98.74845123291016
1772120642.1785207,1659,96.65171813964844
1772120644.0953014,1660,93.1026611328125
1772120650.6200492,1661,91.7563247680664
1772120678.046844,1662,97.77958679199219
1772120700.5157828,1663,96.0768051147461
1772120701.3171043,1664,88.68401336669922
1772120702.0983074,1665,89.39619445800781
1772120727.3024101,1666,94.09053039550781
1772120730.8435287,1667,91.6087875366211
1772120742.3603394,1668,96.68208312988281
1772120750.7804723,1669,94.83890533447266
1772120773.7892153,1670,94.87216186523438
1772120850.046291,1671,91.88682556152344
1772120867.9421546,1672,93.16130828857422
1772120893.4122136,1673,94.16632080078125
1772120906.7155442,1674,91.58438110351562
1772120928.7023635,1675,93.64861297607422
1772120950.9944468,1676,94.2507095336914
1772120972.4444354,1677,94.42301177978516
1772120984.717314,1678,93.53843688964844
1772121013.1911128,1679,95.16783905029297
1772121013.3194652,1680,78.65533447265625
1772121038.779968,1681,93.25608825683594
1772121038.9112792,1682,73.94232177734375
1772121053.1307704,1683,93.89408874511719
1772121072.3173456,1684,92.8028335571289
1772121075.6358228,1685,92.25883483886719
1772121080.7944033,1686,87.78797149658203
1772121120.3877423,1687,92.27154541015625
1772121125.2768898,1688,90.87342071533203
1772121130.4452434,1689,91.12198638916016
1772121134.4333506,1690,90.47412872314453
1772121144.516275,1691,90.69962310791016
1772121152.7417746,1692,89.77616119384766
1772121163.9135034,1693,91.46446990966797
1772121313.0938785,1694,90.3125228881836
1772121313.2227404,1695,78.48246765136719
1772121351.0910254,1696,94.70992279052734
1772121351.2263606,1697,62.36083984375
1772121356.374381,1698,91.51350402832031
1772121362.498934,1699,90.16255950927734
1772121372.2000508,1700,90.58657836914062
1772121372.3267713,1701,80.82799530029297
1772121379.4604423,1702,90.14334106445312
1772121431.0575519,1703,92.17408752441406
1772121458.2151475,1704,92.32335662841797
1772121475.8339143,1705,89.557373046875
1772121485.605946,1706,92.33567810058594
1772121489.448837,1707,91.21614837646484
1772121495.3381205,1708,87.77823638916016
1772121518.0225043,1709,91.5090103149414
1772121533.7960906,1710,92.2013931274414
1772121541.7016535,1711,89.98878479003906
1772121543.7343266,1712,91.3754653930664
1772121571.449215,1713,90.45585632324219
1772121584.9364867,1714,89.5898208618164
1772121610.28008,1715,92.0851058959961
1772121617.1804473,1716,89.70243072509766
1772121619.8112164,1717,85.75574493408203
1772121631.7684875,1718,88.98084259033203
1772121760.258014,1719,89.39707946777344
1772121770.2363427,1720,89.8215560913086
1772121771.744933,1721,83.38462829589844
1772121801.8340547,1722,90.1104507446289
1772121806.8022733,1723,93.1493148803711
1772121810.1109147,1724,92.88589477539062
1772121848.6743186,1725,92.84989929199219
1772121852.579592,1726,87.84657287597656
1772121865.1468294,1727,90.60559844970703
1772121874.0706768,1728,89.5718002319336
1772121888.9615662,1729,91.75707244873047
1772121947.5556915,1730,91.86540985107422
1772121951.0768745,1731,92.28453826904297
1772121966.151901,1732,93.32557678222656
1772121971.9583907,1733,92.18305969238281
1772121972.0957801,1734,69.73809051513672
1772121986.5142145,1735,93.62310791015625
1772122000.7364032,1736,91.48253631591797
1772122009.7617724,1737,93.61634826660156
1772122034.9716117,1738,94.20382690429688
1772122081.4791548,1739,92.57582092285156
1772122089.208525,1740,90.84081268310547
1772122116.8076406,1741,90.62308502197266
1772122256.6462214,1742,87.16263580322266
1772122272.539802,1743,91.39332580566406
1772122274.4003098,1744,88.58367919921875
1772122310.2362013,1745,91.30655670166016
1772122326.5563757,1746,89.09175872802734
1772122342.4274054,1747,89.01171875
1772122351.4054186,1748,91.49307250976562
1772122361.9132895,1749,89.399169921875
1772122371.5143435,1750,89.70145416259766
1772122386.4505644,1751,91.97510528564453
1772122401.7990623,1752,89.5263671875
1772122405.2280047,1753,90.30936431884766
1772122411.3169932,1754,88.75650024414062
1772122416.999168,1755,87.21269226074219
1772122428.2618504,1756,88.09492492675781
1772122459.5600362,1757,88.79521942138672
1772122461.5611806,1758,86.40229034423828
1772122478.6042469,1759,88.03952026367188
1772122490.6333363,1760,89.79380798339844
1772122510.014396,1761,90.9866714477539
1772122517.1950488,1762,89.9437255859375
1772122534.5301983,1763,94.28321075439453
1772122551.5494206,1764,94.29528045654297
1772122555.7456548,1765,91.49796295166016
1772122556.8140757,1766,82.71139526367188
1772122644.2211437,1767,88.70762634277344
1772122655.3589272,1768,91.84779357910156
1772122673.726977,1769,90.24510192871094
1772122680.7458513,1770,88.23731994628906
1772122684.199657,1771,91.60981750488281
1772122686.6239135,1772,87.94654083251953
1772122704.9920573,1773,92.32362365722656
1772122705.1178231,1774,71.27648162841797
1772122716.3168194,1775,91.82720184326172
1772122730.200218,1776,91.37776947021484
1772122783.1026227,1777,93.09681701660156
1772122786.4313374,1778,90.63900756835938
1772122792.6349177,1779,85.79258728027344
1772122794.2370977,1780,82.1289291381836
1772122812.6411984,1781,88.23292541503906
1772122823.041489,1782,90.20832824707031
1772122849.0775886,1783,92.3506851196289
1772122870.9715528,1784,91.61677551269531
1772122880.8782692,1785,93.2297134399414
1772122905.0640726,1786,91.23778533935547
1772122959.960998,1787,89.97852325439453
1772122969.2762825,1788,86.74895477294922
1772123100.9570005,1789,78.01602172851562
1772123116.1640215,1790,88.36386108398438
1772123126.0204902,1791,87.3921127319336
1772123171.8405926,1792,89.73224639892578
1772123171.9660528,1793,55.47141647338867
1772123179.9299166,1794,87.23821258544922
1772123194.1163917,1795,87.51310729980469
1772123194.2430027,1796,68.69512176513672
1772123194.7122214,1797,83.32172393798828
1772123208.837186,1798,88.97396087646484
1772123229.1280823,1799,85.95397186279297
1772123245.0572596,1800,86.19486999511719
1772123248.729249,1801,85.55457305908203
1772123251.451096,1802,85.45233154296875
1772123258.5042317,1803,86.88034057617188
1772123277.722501,1804,89.06137084960938
1772123286.6250396,1805,84.36756896972656
1772123300.9147544,1806,86.46536254882812
1772123312.4325533,1807,84.45079803466797
1772123315.8172088,1808,82.12564086914062
1772123315.9424186,1809,76.02560424804688
1772123324.924457,1810,84.1617660522461
1772123342.18726,1811,87.21532440185547
1772123344.2169282,1812,79.64374542236328
1772123368.0778894,1813,84.31665802001953
1772123387.8852875,1814,85.81369018554688
1772123391.3314185,1815,79.25232696533203
1772123394.5630927,1816,84.01786041259766
1772123405.6280587,1817,85.73130798339844
1772123412.6757464,1818,83.31005859375
1772123413.0686214,1819,69.43212890625
1772123441.8687088,1820,86.10177612304688
1772123523.6665425,1821,84.31013488769531
1772123528.1665494,1822,79.65617370605469
1772123529.285171,1823,77.5142822265625
1772123537.70614,1824,84.84503936767578
1772123538.1668742,1825,76.3668212890625
1772123593.4697554,1826,85.23253631591797
1772123594.9694543,1827,77.1201171875
1772123601.0189693,1828,79.01355743408203
1772123612.466275,1829,85.49049377441406
1772123641.0799122,1830,84.01937103271484
1772123641.21356,1831,66.29888916015625
1772123654.862276,1832,81.00746154785156
1772123659.3354273,1833,83.98959350585938
1772123669.4115655,1834,82.31352996826172
1772123674.313849,1835,79.4627456665039
1772123692.7034543,1836,85.07867431640625
1772123699.211159,1837,83.20030975341797
1772123706.776773,1838,83.10340881347656
1772123718.3792357,1839,83.51983642578125
1772123720.1417089,1840,82.4977798461914
1772123727.5176935,1841,83.7282485961914
1772123751.5167944,1842,83.53854370117188
1772123755.000553,1843,80.66848754882812
1772123761.7895844,1844,81.1773681640625
1772123761.91648,1845,52.87339782714844
1772123766.1804106,1846,80.19660186767578
1772123806.4241493,1847,88.61225128173828
1772123809.6238549,1848,81.42363739013672
1772123823.351108,1849,88.58320617675781
1772123956.7658722,1850,89.23152923583984
1772123972.1032722,1851,84.07795715332031
1772123972.6362064,1852,75.97840118408203
1772123988.93763,1853,84.20919036865234
1772123989.0650973,1854,66.73577117919922
1772123999.5630977,1855,80.37522888183594
1772124005.0535202,1856,80.5613784790039
1772124020.0259254,1857,82.29047393798828
1772124028.7374952,1858,80.68250274658203
1772124043.5178308,1859,81.94976043701172
1772124043.679762,1860,70.21124267578125
1772124063.1325703,1861,83.20549011230469
1772124067.9139721,1862,82.02904510498047
1772124076.8587556,1863,83.21012115478516
1772124088.4696226,1864,81.21636962890625
1772124091.080614,1865,77.66085815429688
1772124094.2064164,1866,83.67475891113281
1772124100.5751498,1867,78.1843490600586
1772124115.2182672,1868,80.9558334350586
1772124119.7930725,1869,78.79837036132812
1772124123.6789656,1870,80.7489242553711
1772124127.1676307,1871,81.6382064819336
1772124127.7258341,1872,74.48055267333984
1772124142.9826636,1873,85.41047668457031
1772124147.7960443,1874,80.517333984375
1772124154.5690188,1875,81.5
1772124158.7587705,1876,83.552978515625
1772124158.9410186,1877,70.29788970947266
1772124180.9730928,1878,82.30160522460938
1772124198.4299474,1879,82.14908599853516
1772124211.8395438,1880,85.37239837646484
1772124224.0598364,1881,79.7503662109375
1772124231.3000972,1882,85.96493530273438
1772124231.7337716,1883,74.52383422851562
1772124236.7999182,1884,77.09022521972656
1772124246.8895624,1885,82.69481658935547
1772124260.0970411,1886,81.88777923583984
1772124270.6991963,1887,85.0977554321289
1772124274.2119715,1888,78.07527923583984
1772124394.945818,1889,77.5825424194336
1772124415.164578,1890,83.65470123291016
1772124425.1885667,1891,76.86199951171875
1772124435.5270743,1892,83.57884979248047
1772124448.1846595,1893,85.82417297363281
1772124454.8275917,1894,78.92241668701172
1772124464.7266269,1895,86.15850067138672
1772124474.6937993,1896,85.64640045166016
1772124480.6950161,1897,76.12287139892578
1772124501.4016063,1898,80.02388763427734
1772124528.9783177,1899,86.56278991699219
1772124553.5099883,1900,87.71903228759766
1772124556.929802,1901,78.7564468383789
1772124569.4496481,1902,79.75735473632812
1772124590.4442308,1903,88.457275390625
1772124606.2376883,1904,86.22731018066406
1772124614.0591686,1905,81.81519317626953
1772124632.7027996,1906,87.15145874023438
1772124641.3036902,1907,86.76590728759766
1772124648.005703,1908,81.97325897216797
1772124648.1292198,1909,66.72059631347656
1772124660.5775416,1910,87.01095581054688
1772124671.6885154,1911,88.13198852539062
1772124682.266729,1912,88.71749877929688
1772124687.8968453,1913,79.53916931152344
1772124689.1265943,1914,69.3797607421875
1772124700.8092165,1915,90.4565658569336
1772124719.2245936,1916,87.8875961303711
1772124816.6643453,1917,88.14839172363281
1772124823.992872,1918,85.39176177978516
1772124827.4318488,1919,83.80278015136719
1772124839.7944093,1920,89.32707977294922
1772124844.5685441,1921,85.83208465576172
1772124850.4345498,1922,84.22301483154297
1772124862.6694114,1923,92.38198852539062
1772124865.9150643,1924,92.61935424804688
1772124875.880635,1925,88.82591247558594
1772124889.571084,1926,89.0106201171875
1772124913.3461146,1927,92.90125274658203
1772124928.1247525,1928,93.33839416503906
1772124934.8400865,1929,90.99881744384766
1772124939.6119127,1930,83.07250213623047
1772124947.0172858,1931,90.30615234375
1772124955.5696962,1932,86.81126403808594
1772124970.4554071,1933,94.84850311279297
1772124986.2571962,1934,94.5556869506836
1772124994.887599,1935,92.65605163574219
1772124999.6563272,1936,85.38504791259766
1772125001.7244544,1937,85.2183609008789
1772125017.9913173,1938,93.0804214477539
1772125036.099522,1939,96.06220245361328
1772125053.682285,1940,90.97494506835938
1772125067.20343,1941,93.73834228515625
1772125069.408359,1942,87.63667297363281
1772125094.1853113,1943,93.49200439453125
1772125097.406928,1944,91.55850219726562
1772125097.9111881,1945,75.42549133300781
1772125106.3141224,1946,90.29173278808594
1772125123.2919335,1947,93.59262084960938
1772125282.1575754,1948,94.61603546142578
1772125283.9722877,1949,82.67131805419922
1772125284.1208904,1950,69.73696899414062
1772125287.6590781,1951,84.26358795166016
1772125288.5447655,1952,86.2811050415039
1772125333.4718075,1953,97.2114486694336
1772125340.378697,1954,98.82337188720703
1772125366.250648,1955,100.60057830810547
1772125380.4406612,1956,97.82799530029297
1772125384.0016458,1957,83.69677734375
1772125388.33849,1958,91.00723266601562
1772125392.2164207,1959,96.08773040771484
1772125394.1940095,1960,99.2435073852539
1772125410.3225935,1961,96.76699829101562
1772125410.4616551,1962,88.52259826660156
1772125422.0040202,1963,99.08314514160156
1772125426.4955204,1964,90.28912353515625
1772125426.6220555,1965,88.48224639892578
1772125436.964573,1966,90.34207916259766
1772125444.1960897,1967,95.64305877685547
1772125465.6331391,1968,99.38004302978516
1772125470.8455334,1969,92.2576675415039
1772125470.9739256,1970,69.56417083740234
1772125485.177376,1971,97.39348602294922
1772125487.6213067,1972,91.46712493896484
1772125489.9598644,1973,92.58604431152344
1772125490.0878906,1974,65.75011444091797
1772125499.612693,1975,95.56694030761719
1772125510.6731014,1976,96.63751220703125
1772125514.0569518,1977,94.09269714355469
1772125531.4677663,1978,98.48186492919922
1772125551.4003818,1979,96.58837127685547
1772125558.5533812,1980,93.21329498291016
1772125566.086649,1981,97.78289031982422
1772125580.0441654,1982,98.76390075683594
1772125590.2683892,1983,94.57804870605469
1772125590.3999324,1984,68.90719604492188
1772125618.5842962,1985,99.52629852294922
1772125763.4203217,1986,93.13607788085938
1772125766.8116465,1987,91.14596557617188
1772125767.9344976,1988,99.14446258544922
1772125771.3943527,1989,86.03535461425781
1772125786.1173985,1990,98.64901733398438
1772125795.4752686,1991,89.86961364746094
1772125821.719622,1992,100.27178192138672
1772125821.884694,1993,36.71677780151367
1772125826.3310323,1994,96.62602233886719
1772125831.3263464,1995,98.87857818603516
1772125838.346503,1996,90.59550476074219
1772125842.200736,1997,96.65862274169922
1772125845.6607482,1998,97.54205322265625
1772125876.7287507,1999,99.22268676757812
1772125880.5741537,2000,99.02317810058594
1772125922.1022093,2001,101.08531951904297
1772125925.3562598,2002,96.43631744384766
1772125937.2812972,2003,100.59089660644531
1772125954.9974067,2004,99.65587615966797
1772125959.9855428,2005,88.04020690917969
1772125961.914741,2006,89.9740219116211
1772125964.977107,2007,87.81755065917969
1772125985.5011797,2008,99.76026916503906
1772125993.0592177,2009,99.27477264404297
1772126002.571726,2010,98.63660430908203
1772126005.8101957,2011,80.26472473144531
1772126005.9439542,2012,65.00942993164062
1772126012.3146627,2013,95.49913024902344
1772126018.0456758,2014,91.46949005126953
1772126020.1260026,2015,92.13822174072266
1772126023.625448,2016,92.60783386230469
1772126040.0374415,2017,91.30235290527344
1772126040.604838,2018,79.59900665283203
1772126060.2171316,2019,96.72502899169922
1772126068.6779249,2020,96.14414978027344
1772126196.2864232,2021,96.96463012695312
1772126199.751401,2022,96.22330474853516
1772126200.283721,2023,68.88106536865234
1772126207.143469,2024,92.8051528930664
1772126218.8140905,2025,92.03158569335938
1772126222.2862215,2026,83.7021484375
1772126239.1116695,2027,94.55772399902344
1772126241.9712422,2028,92.30412292480469
1772126247.0167122,2029,93.03996276855469
1772126259.8900626,2030,96.8076400756836
1772126273.595087,2031,93.99983978271484
1772126278.1683965,2032,93.0487060546875
1772126310.7063913,2033,97.43846893310547
1772126311.9041605,2034,90.87222290039062
1772126323.1472266,2035,96.21729278564453
1772126325.5296173,2036,92.99028015136719
1772126326.9733841,2037,85.54562377929688
1772126327.6523583,2038,78.05899810791016
1772126334.5343978,2039,87.23609924316406
1772126350.5827608,2040,93.5377426147461
1772126367.3892088,2041,96.14301300048828
1772126377.62833,2042,93.73788452148438
1772126387.8749359,2043,97.11360931396484
1772126401.5949326,2044,93.16307830810547
1772126409.6263137,2045,88.75289916992188
1772126433.3199654,2046,92.97898864746094
1772126440.8607163,2047,93.15550994873047
1772126445.4009547,2048,87.47035217285156
1772126479.913746,2049,96.94183349609375
1772126485.4438932,2050,90.48072052001953
1772126526.7294326,2051,98.07756042480469
1772126648.7400389,2052,88.51063537597656
1772126652.2506714,2053,81.33670043945312
1772126661.416387,2054,94.03738403320312
1772126664.9044902,2055,88.45413208007812
1772126665.7374306,2056,78.55261993408203
1772126679.0998409,2057,91.6020278930664
1772126682.3643527,2058,87.5260009765625
1772126698.545556,2059,88.4859848022461
1772126698.684715,2060,49.10887145996094
1772126703.1221294,2061,84.82648468017578
1772126703.2610273,2062,61.83720779418945
1772126720.2214866,2063,87.0712890625
1772126735.4521751,2064,91.00083923339844
1772126756.185667,2065,92.8707275390625
1772126759.7754505,2066,86.07527923583984
1772126787.907428,2067,93.25858306884766
1772126819.2023997,2068,94.41950225830078
1772126829.4132233,2069,91.30085754394531
1772126836.2541995,2070,98.4578628540039
1772126847.0139256,2071,96.16350555419922
1772126867.0175917,2072,89.9820785522461
1772126870.558958,2073,90.60143280029297
1772126881.9430842,2074,91.03872680664062
1772126891.3193197,2075,95.53878021240234
1772126899.2884293,2076,92.37496185302734
1772126909.0865078,2077,91.97689819335938
1772126919.7295778,2078,97.42284393310547
1772126928.864,2079,89.60392761230469
1772126929.057436,2080,54.48432922363281
1772126942.054608,2081,87.94922637939453
1772126955.9763901,2082,88.79258728027344
1772127037.0622876,2083,86.04195404052734
1772127037.1858208,2084,70.09481811523438
1772127040.901834,2085,96.28392028808594
1772127045.465078,2086,87.3061752319336
1772127047.0396702,2087,84.82989501953125
1772127047.4425962,2088,85.14676666259766
1772127054.1219854,2089,92.54134368896484
1772127081.6051822,2090,95.08047485351562
1772127094.4880314,2091,88.50273132324219
1772127094.621213,2092,42.80702590942383
1772127100.9392393,2093,82.43008422851562
1772127104.258326,2094,89.98396301269531
1772127109.4337358,2095,83.84300994873047
1772127117.0622563,2096,95.11116790771484
1772127122.5843694,2097,86.90206146240234
1772127129.8612366,2098,88.29676055908203
1772127142.7756305,2099,94.75332641601562
1772127147.7742782,2100,80.2118911743164
1772127147.9017138,2101,53.774864196777344
1772127169.0190005,2102,92.58136749267578
1772127227.2922757,2103,92.28744506835938
1772127227.4206471,2104,51.115535736083984
1772127241.795292,2105,84.40364837646484
1772127259.776383,2106,96.1047134399414
1772127260.8956227,2107,78.51034545898438
1772127290.8989763,2108,95.26121520996094
1772127291.0373533,2109,72.67461395263672
1772127298.7756505,2110,96.59032440185547
1772127314.110209,2111,95.68348693847656
1772127317.5140886,2112,80.43212890625
1772127326.1433008,2113,88.96166229248047
1772127334.2791533,2114,89.29097747802734
1772127343.049355,2115,85.10177612304688
1772127458.8448656,2116,91.42265319824219
1772127463.426416,2117,84.05489349365234
1772127475.4919024,2118,90.44551086425781
1772127479.3907466,2119,84.06336975097656
1772127483.644979,2120,84.33210754394531
1772127488.265544,2121,85.85957336425781
1772127488.392691,2122,52.79402160644531
1772127490.8852885,2123,86.9570541381836
1772127492.651493,2124,73.73729705810547
1772127500.5195854,2125,95.01246643066406
1772127525.212641,2126,96.77244567871094
1772127553.1651545,2127,95.2799072265625
1772127566.3800395,2128,95.85370635986328
1772127582.6308193,2129,94.92366027832031
1772127587.9713564,2130,95.07622528076172
1772127595.51652,2131,86.1179428100586
1772127627.2621286,2132,100.08992004394531
1772127677.998093,2133,100.53828430175781
1772127690.1712327,2134,94.14034271240234
1772127702.9821625,2135,103.78762817382812
1772127725.5657907,2136,101.72224426269531
1772127732.6467125,2137,88.55081939697266
1772127735.8983622,2138,100.32366943359375
1772127744.9699557,2139,91.00782012939453
1772127748.3972657,2140,83.98643493652344
1772127768.4702983,2141,96.78941345214844
1772127842.8191116,2142,84.13534545898438
1772127848.006779,2143,95.00128173828125
1772127853.0907784,2144,92.25833129882812
1772127866.47214,2145,93.1919937133789
1772127866.8600664,2146,71.73494720458984
1772127905.165707,2147,105.76521301269531
1772127914.8872306,2148,88.77213287353516
1772127921.0600443,2149,101.18946838378906
1772127948.0964198,2150,102.14070892333984
1772127959.9461758,2151,98.198974609375
1772128003.9019585,2152,106.04864501953125
1772128008.8302605,2153,96.22665405273438
1772128017.7262125,2154,96.20069885253906
1772128023.2253342,2155,87.16658782958984
1772128033.0971708,2156,95.1119155883789
1772128040.4792318,2157,106.11296081542969
1772128046.658809,2158,98.14446258544922
1772128049.6638734,2159,94.92328643798828
1772128052.6575258,2160,87.4212875366211
1772128057.2564504,2161,103.16401672363281
1772128070.940281,2162,103.01455688476562
1772128072.6770146,2163,84.65835571289062
1772128085.9807723,2164,94.83099365234375
1772128089.864889,2165,86.12571716308594
1772128099.5791247,2166,91.01079559326172
1772128115.923469,2167,102.52902221679688
1772128126.0810702,2168,101.1393051147461
1772128133.567145,2169,97.02022552490234
1772128137.090388,2170,86.35546875
1772128137.2189007,2171,55.15170669555664
1772128142.4060087,2172,92.542236328125
1772128148.4166715,2173,104.75540924072266
1772128152.0303273,2174,100.01016235351562
1772128170.9171424,2175,104.4603042602539
1772128315.4938366,2176,100.71882629394531
1772128322.9680343,2177,94.7398681640625
1772128326.4062169,2178,84.70186614990234
1772128327.996101,2179,98.85697174072266
1772128352.6697252,2180,105.45166015625
1772128374.7892904,2181,95.72032165527344
1772128385.757584,2182,98.56214141845703
1772128418.2820437,2183,99.50269317626953
1772128434.8729575,2184,98.20413208007812
1772128439.646765,2185,90.5409927368164
1772128450.2434285,2186,91.12393188476562
1772128461.7218428,2187,88.39158630371094
1772128488.3460224,2188,94.95912170410156
1772128508.2877743,2189,104.5004653930664
1772128516.2565033,2190,89.83601379394531
1772128522.3038054,2191,83.73409271240234
1772128530.654245,2192,87.12458038330078
1772128543.0420485,2193,89.3176040649414
1772128565.0202942,2194,97.52094268798828
1772128568.7497995,2195,97.42286682128906
1772128587.202654,2196,92.9287338256836
1772128599.3372636,2197,86.47712707519531
1772128608.0901165,2198,92.98025512695312
1772128610.2846563,2199,98.39205169677734
1772128619.613203,2200,103.09705352783203
1772128695.0467403,2201,87.56214904785156
1772128703.213508,2202,85.64146423339844
1772128704.550984,2203,84.32911682128906
1772128711.1041093,2204,86.63504791259766
1772128730.4341767,2205,100.6707534790039
1772128739.601211,2206,91.3635482788086
1772128744.3917727,2207,92.51145935058594
1772128748.5368521,2208,93.99247741699219
1772128768.684128,2209,88.67561340332031
1772128800.444885,2210,89.89550018310547
1772128824.7368603,2211,95.39545440673828
1772128847.7862935,2212,94.09829711914062
1772128860.769787,2213,89.36723327636719
1772128868.5044718,2214,86.71788024902344
1772128885.4181879,2215,82.34182739257812
1772128895.5507278,2216,87.64076232910156
1772128905.8809042,2217,87.50325775146484
1772128906.3636584,2218,77.28602600097656
1772128937.9164598,2219,94.98502349853516
1772128946.914322,2220,86.13027954101562
1772128947.0394576,2221,39.44503402709961
1772128952.8389773,2222,86.7589111328125
1772128973.09263,2223,93.55979919433594
1772128988.3974707,2224,93.03958892822266
1772128995.6450367,2225,82.42176055908203
1772129003.8148715,2226,99.9192123413086
1772129004.1344225,2227,55.5400505065918
1772129007.5338154,2228,75.89620208740234
1772129014.5840642,2229,80.85816955566406
1772129019.6218808,2230,85.97118377685547
1772129022.839926,2231,70.93447875976562
1772129026.4013941,2232,79.74437713623047
1772129138.0870893,2233,87.35247802734375
1772129166.9535644,2234,94.44841766357422
1772129170.231817,2235,79.22664642333984
1772129174.373941,2236,84.01644134521484
1772129177.4443605,2237,80.85995483398438
1772129190.0976372,2238,92.18448638916016
1772129200.7446897,2239,85.94633483886719
1772129220.5956116,2240,89.30216979980469
1772129227.9987051,2241,80.85347747802734
1772129239.387776,2242,84.54696655273438
1772129268.0181496,2243,91.64427947998047
1772129274.5207677,2244,81.43999481201172
1772129284.7218149,2245,85.81671142578125
1772129284.84959,2246,33.013267517089844
1772129289.0024602,2247,84.5113754272461
1772129304.0332618,2248,91.62567138671875
1772129311.547161,2249,83.66365051269531
1772129313.2705748,2250,78.6488265991211
1772129316.7681732,2251,75.7142333984375
1772129320.7143269,2252,76.94232177734375
1772129347.4265902,2253,89.05818939208984
1772129350.9080708,2254,78.67745971679688
1772129376.5934255,2255,82.7085189819336
1772129382.0647712,2256,79.02995300292969
1772129392.979002,2257,84.27314758300781
1772129393.6011992,2258,86.85621643066406
1772129398.0668619,2259,77.06879425048828
1772129409.7718282,2260,88.7459487915039
1772129413.395454,2261,74.57302856445312
1772129434.7523756,2262,97.76236724853516
1772129438.0144362,2263,87.75746154785156
1772129444.4385529,2264,91.75432586669922
1772129447.7620194,2265,86.91344451904297
1772129448.893574,2266,74.9391098022461
1772129449.0177221,2267,68.35992431640625
1772129451.9113145,2268,73.60493469238281
1772129461.7339315,2269,84.47736358642578
1772129586.1839795,2270,86.32918548583984
1772129586.3089757,2271,79.13999938964844
1772129593.3766243,2272,100.13516235351562
1772129617.470596,2273,93.55704498291016
1772129630.9723105,2274,89.86885070800781
1772129635.1604877,2275,92.82464599609375
1772129640.8296924,2276,91.34066009521484
1772129644.3256943,2277,83.7508773803711
1772129654.3150551,2278,91.64013671875
1772129657.8316054,2279,85.49852752685547
1772129657.9611049,2280,55.046146392822266
1772129665.432082,2281,75.7473373413086
1772129668.969307,2282,72.6390609741211
1772129683.2237234,2283,91.60782623291016
1772129683.3578606,2284,70.05484771728516
1772129692.2668703,2285,83.42554473876953
1772129695.5608923,2286,80.19254302978516
1772129702.819742,2287,88.76453399658203
1772129707.7093565,2288,75.4385986328125
1772129710.8973176,2289,85.07023620605469
1772129730.9038675,2290,104.6232681274414
1772129742.027662,2291,87.80677032470703
1772129747.8140912,2292,80.78650665283203
1772129751.402847,2293,84.38196563720703
1772129771.9273863,2294,91.0136947631836
1772129772.1282628,2295,53.25177001953125
1772129778.3467171,2296,88.70536041259766
1772129781.6643815,2297,87.17024230957031
1772129789.3856452,2298,97.50686645507812
1772129797.0237656,2299,78.99241638183594
1772129827.6720734,2300,87.8642807006836
1772129837.988451,2301,74.84701538085938
1772129846.4333506,2302,76.27316284179688
1772129859.1218486,2303,79.60719299316406
1772129865.7214901,2304,88.11550903320312
1772129870.888607,2305,83.84446716308594
1772129877.639567,2306,87.86668395996094
1772129901.1874084,2307,89.23758697509766
1772130001.0863626,2308,94.33877563476562
1772130008.8657928,2309,82.8530502319336
1772130009.0257356,2310,60.80353546142578
1772130012.7685921,2311,83.69998931884766
1772130012.894665,2312,53.96299362182617
1772130035.8117747,2313,96.23456573486328
1772130051.159324,2314,86.07373046875
1772130057.9572816,2315,97.45308685302734
1772130063.7432525,2316,79.25885772705078
1772130085.8290489,2317,107.64216613769531
1772130104.8332376,2318,89.51235961914062
1772130109.2415812,2319,90.44493103027344
1772130119.4936996,2320,89.24092864990234
1772130129.631853,2321,92.83172607421875
1772130153.7289817,2322,91.29056549072266
1772130165.6182332,2323,101.65705871582031
1772130182.9228039,2324,100.3826904296875
1772130192.3642306,2325,97.49726104736328
1772130197.4319057,2326,95.52333068847656
1772130197.6996481,2327,75.35797882080078
1772130201.023517,2328,93.95108795166016
1772130204.3121228,2329,77.38533782958984
1772130206.8973303,2330,92.64311218261719
1772130221.3688238,2331,104.90545654296875
1772130225.0013363,2332,76.47608184814453
1772130236.1002507,2333,90.6315689086914
1772130254.808886,2334,97.3675308227539
1772130265.06469,2335,94.25541687011719
1772130266.7014394,2336,93.00306701660156
1772130267.7897701,2337,77.79291534423828
1772130272.482868,2338,92.96417236328125
1772130275.0655112,2339,90.0018539428711
1772130286.095877,2340,90.90373229980469
1772130286.2209995,2341,63.06697463989258
1772130303.4477649,2342,107.2208251953125
1772130386.519572,2343,89.30142974853516
1772130389.7577507,2344,82.71788787841797
1772130389.8816488,2345,48.45103073120117
1772130421.4500103,2346,108.56169891357422
1772130432.3211157,2347,101.54476928710938
1772130439.1999855,2348,96.5961685180664
1772130454.0454478,2349,96.61541748046875
1772130469.3674827,2350,97.73921966552734
1772130477.8923857,2351,90.93965148925781
1772130481.138308,2352,96.9700698852539
1772130493.5605447,2353,94.34618377685547
1772130498.1469605,2354,96.20783996582031
1772130504.5388842,2355,102.52263641357422
1772130508.6971517,2356,87.80292510986328
1772130516.4508708,2357,95.00518035888672
1772130523.35555,2358,91.38312530517578
1772130523.4862082,2359,45.236114501953125
1772130536.4872172,2360,96.82997131347656
1772130566.5716631,2361,98.32425689697266
1772130566.6998172,2362,64.50614929199219
1772130601.6761627,2363,106.3632583618164
1772130608.984851,2364,95.09093475341797
1772130618.1361535,2365,97.01921081542969
1772130628.4013357,2366,96.13728332519531
1772130635.6179943,2367,102.6499252319336
1772130641.7030904,2368,95.56029510498047
1772130648.7110436,2369,94.7231216430664
1772130655.2882717,2370,96.24095153808594
1772130675.5944428,2371,100.88240051269531
1772130681.484602,2372,95.55443572998047
1772130697.9467387,2373,100.36493682861328
1772130815.3250027,2374,99.36029052734375
1772130815.4544518,2375,37.744544982910156
1772130820.2532904,2376,96.951171875
1772130823.931882,2377,96.43409729003906
1772130841.0802412,2378,100.03437042236328
1772130844.7315357,2379,96.8550033569336
1772130852.4710698,2380,102.50718688964844
1772130859.620992,2381,94.07676696777344
1772130861.8003325,2382,85.43675231933594
1772130861.9289896,2383,78.96186828613281
1772130862.0559654,2384,53.50364303588867
1772130871.773054,2385,94.22301483154297
1772130883.090974,2386,105.83403778076172
1772130897.6610627,2387,99.90242767333984
1772130904.7976303,2388,91.53456115722656
1772130904.926934,2389,76.88020324707031
1772130936.0532606,2390,97.1299057006836
1772130962.1730335,2391,101.6369857788086
1772130962.3027508,2392,63.07032012939453
1772130965.4792485,2393,92.52588653564453
1772130973.8581812,2394,107.8338851928711
1772130992.5799768,2395,102.98284149169922
1772131005.5604491,2396,93.28861236572266
1772131009.0424864,2397,102.81887817382812
1772131018.3314312,2398,102.56562805175781
1772131028.261632,2399,108.15709686279297
1772131038.1442914,2400,98.54383087158203
1772131041.4720478,2401,86.86322021484375
1772131057.0025663,2402,100.3953857421875
1772131060.5491993,2403,87.90059661865234
1772131064.8655133,2404,96.984130859375
1772131083.6531043,2405,106.11463165283203
1772131096.3942678,2406,90.44063568115234
1772131096.946219,2407,85.32515716552734
1772131121.25925,2408,100.24334716796875
1772131225.1933148,2409,102.01270294189453
1772131228.1953487,2410,92.46891784667969
1772131228.3235931,2411,59.394935607910156
1772131237.1915407,2412,92.04461669921875
1772131242.041511,2413,98.05535125732422
1772131253.3312082,2414,102.65349578857422
1772131272.0310261,2415,104.83560943603516
1772131278.6816452,2416,96.28716278076172
1772131279.0678725,2417,82.05213165283203
1772131281.9852886,2418,91.91139221191406
1772131290.0459018,2419,113.89558410644531
1772131309.479085,2420,99.86993408203125
1772131313.7496362,2421,98.09870910644531
1772131326.120499,2422,98.74193572998047
1772131353.6704507,2423,107.38436126708984
1772131357.1486557,2424,84.95496368408203
1772131373.3482897,2425,101.21314239501953
1772131381.8138983,2426,101.68775939941406
1772131392.0928757,2427,97.46947479248047
1772131395.5289223,2428,92.00518798828125
1772131399.0512385,2429,101.91766357421875
1772131399.1771324,2430,68.6301040649414
1772131416.6793027,2431,103.68852233886719
1772131417.2776918,2432,73.9776840209961
1772131420.562638,2433,91.30311584472656
1772131440.9870489,2434,103.92017364501953
1772131444.3492017,2435,81.45726776123047
1772131449.4075944,2436,98.01199340820312
1772131463.2426093,2437,112.87728118896484
1772131465.0504632,2438,83.66500854492188
1772131465.5618966,2439,76.87206268310547
1772131468.1807158,2440,86.70484161376953
1772131479.9218526,2441,100.026123046875
1772131493.9261973,2442,100.03975677490234
1772131504.4536607,2443,95.50314331054688
1772131515.1418247,2444,101.44457244873047
1772131520.2532046,2445,92.04556274414062
1772131528.009528,2446,103.22457885742188
1772131531.7135086,2447,88.89739227294922
1772131655.2507167,2448,102.04845428466797
1772131657.472135,2449,104.57826232910156
1772131665.9828172,2450,95.80626678466797
1772131677.3293967,2451,110.35279083251953
1772131684.397032,2452,99.96949768066406
1772131690.473354,2453,95.72337341308594
1772131696.7657382,2454,96.20301055908203
1772131705.7235885,2455,94.33123016357422
1772131722.5275629,2456,97.81609344482422
1772131734.098835,2457,104.60697937011719
1772131738.0514865,2458,97.06487274169922
1772131749.4734285,2459,102.03240203857422
1772131749.598295,2460,69.77310943603516
1772131755.3058524,2461,100.34730529785156
1772131765.2778237,2462,103.15037536621094
1772131771.6257253,2463,91.96208953857422
1772131778.2810273,2464,93.3512191772461
1772131781.8324146,2465,103.04244232177734
1772131787.1759403,2466,97.51486206054688
1772131798.674048,2467,104.81465911865234
1772131807.7385447,2468,104.21480560302734
1772131813.5483415,2469,106.88780975341797
1772131816.751232,2470,90.97925567626953
1772131827.9275036,2471,103.34602355957031
1772131841.5711155,2472,104.36055755615234
1772131845.1543462,2473,105.77847290039062
1772131848.5207496,2474,115.7770767211914
1772131852.1933396,2475,102.9389419555664
1772131856.1231525,2476,96.7254867553711
1772131856.3892019,2477,76.07015991210938
1772131866.9080732,2478,108.85639190673828
1772131883.4823017,2479,104.7044448852539
1772131895.2277362,2480,94.60993957519531
1772131906.4641705,2481,99.4721450805664
1772131930.1544378,2482,100.03590393066406
1772131950.0123026,2483,103.16912841796875
1772131962.471051,2484,94.98747253417969
1772131998.6684964,2485,109.21365356445312
1772132121.944072,2486,84.47469329833984
1772132127.455373,2487,98.68000030517578
1772132133.340283,2488,94.34075164794922
1772132148.5550206,2489,111.58800506591797
1772132160.7062752,2490,98.46852111816406
1772132168.2583597,2491,94.51709747314453
1772132173.6707187,2492,91.0993423461914
1772132186.776387,2493,98.8530502319336
1772132195.9109676,2494,95.09918975830078
1772132204.745675,2495,106.52854919433594
1772132214.9793441,2496,106.01337432861328
1772132218.1884236,2497,93.43724822998047
1772132237.5979671,2498,103.29307556152344
1772132245.490097,2499,97.64925384521484
1772132253.2574286,2500,113.34901428222656
1772132256.7778647,2501,102.96158599853516
1772132259.7062469,2502,93.7184066772461
1772132263.0264678,2503,96.45330810546875
1772132270.6152577,2504,93.60054016113281
1772132282.4328752,2505,107.97709655761719
1772132292.9353375,2506,103.24560546875
1772132310.4714441,2507,107.2547836303711
1772132314.5745614,2508,99.88750457763672
1772132325.1114292,2509,99.15007019042969
1772132341.6851966,2510,102.04390716552734
1772132347.175847,2511,94.78498840332031
1772132410.2720866,2512,112.2882080078125
1772132424.5410285,2513,109.81147003173828
1772132501.0218792,2514,97.16943359375
1772132507.7485313,2515,93.36469268798828
1772132507.8768787,2516,56.1044921875
1772132541.048262,2517,102.49531555175781
1772132547.744492,2518,92.9671401977539
1772132563.8636367,2519,102.857177734375
1772132569.4650435,2520,101.20919036865234
1772132581.9746566,2521,106.9065170288086
1772132596.5800507,2522,107.73450469970703
1772132599.3636527,2523,91.28795623779297
1772132612.6471324,2524,90.9679946899414
1772132638.338512,2525,103.49317932128906
1772132641.5693316,2526,90.65861511230469
1772132661.9590316,2527,104.30903625488281
1772132667.5511456,2528,94.2056655883789
1772132675.908205,2529,100.45637512207031
1772132679.1588569,2530,81.75415802001953
1772132714.8223937,2531,112.97293090820312
1772132784.5857573,2532,100.70374298095703
1772132814.251081,2533,104.44367218017578
1772132852.8655543,2534,109.71792602539062
1772132965.97807,2535,106.2127914428711
1772132974.1550696,2536,108.69957733154297
1772132985.852426,2537,98.34459686279297
1772133009.2201355,2538,107.05333709716797
1772133015.3355417,2539,102.13499450683594
1772133032.8721373,2540,107.66789245605469
1772133045.4479918,2541,97.833984375
1772133059.1323948,2542,106.53534698486328
1772133067.2667193,2543,112.18196868896484
1772133104.4116926,2544,118.10814666748047
1772133112.1700726,2545,106.75257873535156
1772133140.3791292,2546,105.18633270263672
1772133174.2488408,2547,115.6637191772461
1772133177.7208211,2548,110.17698669433594
1772133182.6260717,2549,96.87508392333984
1772133186.1760597,2550,106.75627899169922
1772133186.765245,2551,79.97848510742188
1772133190.1833253,2552,100.57300567626953
1772133207.5820324,2553,106.57547760009766
1772133213.2261412,2554,95.22710418701172
1772133234.8448653,2555,107.69426727294922
1772133239.4938076,2556,101.52326202392578
1772133243.03331,2557,92.95350646972656
1772133270.9613256,2558,104.45796966552734
1772133439.8825629,2559,112.96953582763672
1772133444.2955985,2560,99.96021270751953
1772133445.6610384,2561,90.79594421386719
1772133455.0046575,2562,104.32052612304688
1772133463.9532993,2563,100.40291595458984
1772133469.2207372,2564,98.80726623535156
1772133469.5063474,2565,69.84382629394531
1772133471.9792972,2566,89.0921859741211
1772133485.3686366,2567,112.49071502685547
1772133495.8253028,2568,114.31804656982422
1772133496.382783,2569,76.08297729492188
1772133500.3007574,2570,101.98653411865234
1772133503.7891972,2571,93.97796630859375
1772133508.7069097,2572,100.13511657714844
1772133519.2042089,2573,99.86144256591797
1772133538.2008839,2574,110.10655212402344
1772133541.286179,2575,94.53458404541016
1772133544.8677678,2576,84.05130004882812
1772133547.5896387,2577,102.28170013427734
1772133561.0427022,2578,109.60831451416016
1772133562.3339303,2579,94.05040740966797
1772133563.6447332,2580,96.68622589111328
1772133597.7680242,2581,112.29866790771484
1772133608.6143901,2582,103.44953155517578
1772133614.9444175,2583,100.27498626708984
1772133629.2184548,2584,97.8113784790039
1772133641.1563437,2585,104.69450378417969
1772133671.874665,2586,111.73216247558594
1772133693.788534,2587,99.5218734741211
1772133693.9173949,2588,59.006324768066406
1772133694.461138,2589,69.78048706054688
1772133697.6560555,2590,95.6878433227539
1772133701.2827544,2591,92.9535140991211
1772133708.35286,2592,101.94335174560547
1772133715.5665264,2593,108.32524871826172
1772133722.0550792,2594,110.08631896972656
1772133804.8975213,2595,99.93470001220703
1772133811.7821476,2596,89.56640625
1772133816.8671422,2597,101.3062515258789
1772133822.5213983,2598,92.34490203857422
1772133827.1597526,2599,101.89360809326172
1772133827.8747184,2600,85.59463500976562
1772133839.4337375,2601,109.3260726928711
1772133852.0813296,2602,99.63858032226562
1772133856.8025782,2603,93.77407836914062
1772133861.4551222,2604,98.84231567382812
1772133886.8387878,2605,108.48637390136719
1772133893.9325657,2606,101.51705932617188
1772133894.0581546,2607,61.12630081176758
1772133897.3745308,2608,100.43354034423828
1772133921.472873,2609,107.728271484375
1772133922.8448262,2610,92.90467834472656
1772133929.5099447,2611,111.99175262451172
1772133941.3941627,2612,105.3543472290039
1772133949.3117054,2613,102.81729888916016
1772133956.8973978,2614,95.84071350097656
1772133966.1493843,2615,99.65115356445312
1772133970.4711416,2616,94.1409683227539
1772133991.0198238,2617,101.52324676513672
1772134020.5106554,2618,106.76667785644531
1772134037.4807408,2619,105.78147888183594
1772134045.6345167,2620,101.61589813232422
1772134055.1321042,2621,93.79932403564453
1772134063.5832057,2622,103.79402160644531
1772134073.3738203,2623,102.14417266845703
1772134083.9014192,2624,103.25470733642578
1772134088.4188626,2625,96.41474151611328
1772134091.3047347,2626,95.42288970947266
1772134097.9180312,2627,103.30695343017578
1772134106.3605504,2628,96.22179412841797
1772134128.6380444,2629,97.61164093017578
1772134229.281544,2630,103.61616516113281
1772134237.5214403,2631,104.1793441772461
1772134256.6054327,2632,105.48661804199219
1772134271.98192,2633,96.8121566772461
1772134279.34176,2634,106.04412841796875
1772134284.5413818,2635,96.30316925048828
1772134291.057766,2636,99.09119415283203
1772134293.5637305,2637,102.52688598632812
1772134326.3324134,2638,109.060302734375
1772134337.6082902,2639,95.65245056152344
1772134342.7292209,2640,107.51750183105469
1772134346.1686356,2641,83.71424102783203
1772134381.1901343,2642,106.36566162109375
1772134396.5190248,2643,112.85281372070312
1772134413.0904207,2644,110.60794067382812
1772134446.0490832,2645,120.3397216796875
1772134452.3864837,2646,110.29900360107422
1772134473.1866953,2647,113.47897338867188
1772134473.3119907,2648,73.2620849609375
1772134498.1088629,2649,108.81486511230469
1772134509.559626,2650,110.25231170654297
1772134516.5852396,2651,108.40778350830078
1772134520.508539,2652,108.38465881347656
1772134530.6912029,2653,110.15003967285156
1772134611.3466048,2654,89.53844451904297
1772134612.9381368,2655,88.08089447021484
1772134616.4426715,2656,107.12867736816406
1772134653.1935682,2657,116.02719116210938
1772134659.5185993,2658,116.13582611083984
1772134667.7762802,2659,120.26184844970703
1772134671.038737,2660,102.78816986083984
1772134680.039111,2661,101.91863250732422
1772134688.997974,2662,108.64791107177734
1772134700.3807607,2663,108.70359802246094
1772134714.823731,2664,106.8802490234375
1772134728.434577,2665,111.16678619384766
1772134743.2897696,2666,108.65287780761719
1772134767.3621454,2667,109.07891082763672
1772134779.675446,2668,110.99761962890625
1772134802.6926606,2669,108.05082702636719
1772134812.370306,2670,100.39158630371094
1772134821.6059697,2671,101.7716293334961
1772134831.8847182,2672,122.4704360961914
1772134835.4199767,2673,94.32463836669922
1772134843.5843492,2674,116.98968505859375
1772134858.2327838,2675,107.50765228271484
1772134862.3988397,2676,100.77816772460938
1772134870.6566298,2677,109.63380432128906
1772134900.5125332,2678,108.28727722167969
1772134905.0247095,2679,95.38660430908203
1772134916.0089438,2680,100.20415496826172
1772134935.873402,2681,105.17823028564453
1772135055.6156375,2682,61.563880920410156
1772135068.8405607,2683,101.95048522949219
1772135071.2622757,2684,104.81574249267578
1772135074.0126681,2685,91.04338836669922
1772135093.9314716,2686,111.07814025878906
1772135099.8652985,2687,102.93060302734375
1772135110.6682,2688,95.26712799072266
1772135134.0247257,2689,105.92361450195312
1772135137.3248096,2690,98.51925659179688
1772135139.2409785,2691,100.02696228027344
1772135165.8060238,2692,110.10906982421875
1772135188.2859306,2693,105.30746459960938
1772135213.0415862,2694,100.82813262939453
1772135224.5234601,2695,110.13685607910156
1772135225.537817,2696,86.1161880493164
1772135231.5461748,2697,105.28795623779297
1772135241.7561088,2698,103.43143463134766
1772135242.576563,2699,75.81694793701172
1772135246.8827639,2700,99.62677001953125
1772135265.3867147,2701,106.24922943115234
1772135299.5330133,2702,116.51781463623047
1772135317.5384102,2703,115.26115417480469
1772135328.5759091,2704,102.08702850341797
1772135336.554939,2705,98.78262329101562
1772135340.377374,2706,91.89942932128906
1772135355.6274724,2707,102.6567153930664
1772135362.5318348,2708,103.9019546508789
1772135380.555628,2709,115.60421752929688
1772135387.999618,2710,108.61479949951172
1772135392.9293108,2711,105.73521423339844
1772135484.6784716,2712,103.7790756225586
1772135490.1858249,2713,95.62689208984375
1772135502.944425,2714,105.4203109741211
1772135515.8056877,2715,93.09497833251953
1772135520.8984911,2716,104.21143341064453
1772135521.774605,2717,95.9793701171875
1772135529.9188762,2718,103.72781372070312
1772135530.049164,2719,63.54800796508789
1772135533.7056098,2720,100.54605865478516
1772135547.7529101,2721,110.45741271972656
1772135574.5930717,2722,103.32139587402344
1772135581.2442896,2723,99.1373519897461
1772135585.7805462,2724,96.31000518798828
1772135593.1597273,2725,102.6099853515625
1772135596.5556574,2726,99.60989379882812
1772135600.3563633,2727,95.26036071777344
1772135605.25644,2728,105.3846664428711
1772135605.383205,2729,59.71723556518555
1772135612.3617659,2730,100.03919219970703
1772135624.2984967,2731,100.3575210571289
1772135645.112282,2732,104.01872253417969
1772135659.4426649,2733,101.7488784790039
1772135669.1159406,2734,96.13461303710938
1772135672.3440938,2735,93.9509506225586
1772135716.915937,2736,121.03922271728516
1772135728.215261,2737,101.9156265258789
1772135731.8644354,2738,103.92902374267578
1772135745.6118479,2739,111.5645751953125
1772135756.4974902,2740,102.66511535644531
1772135772.9402905,2741,108.59232330322266
1772135780.171672,2742,100.2623291015625
1772135784.55001,2743,99.82003784179688
1772135788.395178,2744,112.99366760253906
1772135795.6836224,2745,95.29439544677734
1772135795.8743348,2746,77.88797760009766
1772135797.4347272,2747,97.58692169189453
1772135813.1805782,2748,100.68480682373047
1772135939.914206,2749,113.16414642333984
1772135943.4627755,2750,99.7603530883789
1772135952.2043822,2751,101.48120880126953
1772135961.1787815,2752,105.4261474609375
1772135964.8987694,2753,105.30351257324219
1772135971.964185,2754,105.34489440917969
1772135972.0939033,2755,91.92438507080078
1772135977.8494647,2756,95.7404556274414
1772135991.4238153,2757,107.32921600341797
1772135997.019407,2758,105.56246948242188
1772136004.9880872,2759,122.98926544189453
1772136016.5402322,2760,116.93840789794922
1772136023.2984204,2761,117.4725341796875
1772136024.5573785,2762,79.6578140258789
1772136028.0617173,2763,108.7635269165039
1772136028.190068,2764,96.85116577148438
1772136031.8018491,2765,106.93174743652344
1772136035.0395684,2766,93.2872085571289
1772136038.947022,2767,93.3397445678711
1772136052.2226536,2768,105.34513092041016
1772136085.4685833,2769,117.72180938720703
1772136105.170495,2770,128.6288299560547
1772136105.311651,2771,60.94098663330078
1772136111.0376625,2772,102.96646881103516
1772136114.7762282,2773,117.70436096191406
1772136129.3238077,2774,113.0259017944336
1772136129.4523642,2775,58.151161193847656
1772136129.5794525,2776,61.41559982299805
1772136134.236738,2777,110.48533630371094
1772136134.3634188,2778,63.810516357421875
1772136143.5207198,2779,107.9109878540039
1772136144.2587464,2780,91.15538787841797
1772136155.0445378,2781,110.16207885742188
1772136158.6195636,2782,123.86785125732422
1772136167.7406743,2783,115.50425720214844
1772136183.128104,2784,116.21341705322266
1772136198.8732662,2785,121.21819305419922
1772136205.3514092,2786,108.90653228759766
1772136210.3599336,2787,127.05390167236328
1772136214.5410464,2788,112.41156005859375
1772136217.792902,2789,109.20319366455078
1772136223.4354713,2790,115.73078918457031
1772136225.7960634,2791,115.9261474609375
1772136250.141216,2792,120.2226791381836
1772136345.574418,2793,121.43766021728516
1772136352.3384233,2794,110.5625
1772136355.9054623,2795,101.19831848144531
1772136370.6941447,2796,120.75348663330078
1772136392.574908,2797,124.0316390991211
1772136409.029518,2798,121.67042541503906
1772136413.2867,2799,114.94293212890625
1772136420.6001709,2800,131.2528533935547
1772136428.3787344,2801,116.74555969238281
1772136428.5100799,2802,72.25001525878906
1772136432.0186057,2803,102.31396484375
1772136438.4603264,2804,132.61473083496094
1772136455.5215912,2805,121.02277374267578
1772136463.0825796,2806,139.1826171875
1772136466.5872204,2807,102.87109375
1772136466.7203186,2808,45.31367492675781
1772136476.2199306,2809,122.67179107666016
1772136494.5471654,2810,119.88697814941406
1772136502.6915941,2811,122.0455322265625
1772136510.1425939,2812,124.51422119140625
1772136516.3775632,2813,127.22673034667969
1772136522.4103584,2814,133.0149383544922
1772136522.5320137,2815,80.97139739990234
