wall_time,step,value
1772076030.1229768,2,-100.66200256347656
1772076032.1436353,3,-119.96952056884766
1772076035.0498517,4,-121.6634521484375
1772076035.3393378,5,-100.0
1772076039.2653742,6,-133.91184997558594
1772076048.4153042,7,-198.1810302734375
1772076051.9451177,8,-122.12854766845703
1772076059.327508,9,-153.45469665527344
1772076064.0300598,10,-142.34487915039062
1772076067.658369,11,-124.54520416259766
1772076068.7261562,12,-107.11900329589844
1772076075.12805,13,-158.52145385742188
1772076084.5572467,14,-148.28785705566406
1772076092.844055,15,-165.91075134277344
1772076099.4281673,16,-151.63516235351562
1772076104.565399,17,-36.61050796508789
1772076120.269566,18,-214.05479431152344
1772076125.0056155,19,-122.69054412841797
1772076127.6389904,20,-116.55545806884766
1772076132.7831867,21,-135.06556701660156
1772076141.099097,22,-160.5001220703125
1772076147.8495357,23,-151.0321807861328
1772076151.3924832,24,-22.723371505737305
1772076151.7206745,25,-100.31841278076172
1772076162.9439256,26,-76.27957153320312
1772076164.3354504,27,-107.21846008300781
1772076174.2720504,28,-172.61825561523438
1772076180.1689465,29,-136.93026733398438
1772076183.9129958,30,-121.68824005126953
1772076184.201285,31,-100.0
1772076191.8308258,32,-174.52444458007812
1772076193.8798769,33,-108.79019927978516
1772076197.4488328,34,-130.9949493408203
1772076201.9328127,35,-24.568326950073242
1772076206.959572,36,-42.38057327270508
1772076214.7669168,37,-48.79765319824219
1772076219.9162931,38,-134.91354370117188
1772076221.4414816,39,-111.00518798828125
1772076221.7501373,40,-100.74223327636719
1772076222.0478222,41,-101.8550796508789
1772076228.904179,42,-164.9495086669922
1772076233.5448346,43,-32.18287658691406
1772076233.8712232,44,-100.0
1772076237.0328445,45,-122.40238189697266
1772076240.7675865,46,-125.234619140625
1772076246.9897935,47,-130.60142517089844
1772076248.225759,48,-106.619384765625
1772076253.7362716,49,-139.18092346191406
1772076254.1294928,50,-100.0
1772076255.8734112,51,-116.37303924560547
1772076264.9721205,52,-163.75352478027344
1772076272.90613,53,-150.5260772705078
1772076273.5690417,54,-101.68478393554688
1772076274.1583278,55,-102.60204315185547
1772076276.4912817,56,-121.99766540527344
1772076278.86279,57,-117.44740295410156
1772076280.047877,58,-113.27032470703125
1772076283.0627081,59,-23.465919494628906
1772076286.2626345,60,-120.23573303222656
1772076290.9551706,61,-44.79903793334961
1772076295.703723,62,-136.0398712158203
1772076296.0725904,63,-100.0
1772076299.039905,64,-20.550804138183594
1772076302.8604784,65,-121.32001495361328
1772076308.7676625,66,-133.871337890625
1772076325.0978289,67,-203.75701904296875
1772076327.5991163,68,-115.3641357421875
1772076337.7822714,69,-163.22610473632812
1772076400.7136703,70,-100.40609741210938
1772076400.8949564,71,-99.94963836669922
1772076404.3623347,72,-125.84232330322266
1772076410.16843,73,-138.50900268554688
1772076410.657704,74,-100.54328155517578
1772076418.218501,75,-154.97341918945312
1772076421.738067,76,-27.521089553833008
1772076425.9199,77,-38.102909088134766
1772076429.2540817,78,-27.590307235717773
1772076432.2144227,79,-129.0841064453125
1772076437.3577068,80,-154.00003051757812
1772076438.4772325,81,-106.27281951904297
1772076442.1888833,82,-140.73793029785156
1772076442.6709144,83,-101.5816879272461
1772076449.0013192,84,-158.2097930908203
1772076449.592439,85,-101.234375
1772076451.169211,86,-112.6451187133789
1772076456.191961,87,-125.4521713256836
1772076459.4780633,88,-132.2307586669922
1772076463.8823318,89,-138.46026611328125
1772076469.1018677,90,-147.2699432373047
1772076469.687584,91,-101.51482391357422
1772076474.4750266,92,-53.85055923461914
1772076476.0567641,93,-109.08690643310547
1772076484.6244583,94,-147.23414611816406
1772076485.5356212,95,-101.57453155517578
1772076487.0506234,96,-110.96228790283203
1772076498.783755,97,-190.8554229736328
1772076504.4158812,98,-133.37112426757812
1772076504.8481257,99,-100.70916748046875
1772076507.8171077,100,-118.10220336914062
1772076509.7376983,101,-110.56221771240234
1772076519.4010847,102,-83.40602111816406
1772076522.1691632,103,-119.14661407470703
1772076529.9187157,104,-171.33157348632812
1772076531.6405473,105,-110.515380859375
1772076539.5990946,106,-169.183837890625
1772076543.0548582,107,-116.41645812988281
1772076543.6816525,108,-101.4162826538086
1772076545.6451006,109,-114.38542938232422
1772076546.986944,110,-105.8237533569336
1772076547.5284681,111,-102.24788665771484
1772076551.6942272,112,-147.04208374023438
1772076559.1606185,113,-175.77398681640625
1772076559.8836155,114,-100.33785247802734
1772076561.7486467,115,-112.761962890625
1772076564.0078776,116,-116.31623840332031
1772076566.4427752,117,-113.08892822265625
1772076568.9369037,118,-128.0047149658203
1772076571.177231,119,-114.43174743652344
1772076572.6629987,120,-112.89585876464844
1772076577.5315015,121,-150.173828125
1772076581.2810051,122,-132.71841430664062
1772076582.319318,123,-106.17414855957031
1772076584.6249309,124,-112.95467376708984
1772076588.3128297,125,-124.0258560180664
1772076591.4009888,126,-119.78659057617188
1772076592.0010488,127,-103.2145767211914
1772076595.705495,128,-31.613426208496094
1772076600.6088781,129,-130.59902954101562
1772076601.8962066,130,-107.27588653564453
1772076605.9010053,131,-138.19041442871094
1772076606.5104356,132,-102.7825698852539
1772076609.750857,133,-23.957368850708008
1772076610.033167,134,-100.0
1772076613.13115,135,-117.95793914794922
1772076616.2877142,136,-16.309471130371094
1772076622.3156252,137,-137.1575164794922
1772076627.0408196,138,-128.46971130371094
1772076631.8816516,139,-139.8704833984375
1772076632.919065,140,-109.38529968261719
1772076634.5499897,141,-111.08978271484375
1772076635.9599938,142,-107.9947280883789
1772076636.3837655,143,-101.74549102783203
1772076636.5198884,144,-100.0
1772076640.2393026,145,-120.66645050048828
1772076643.4717982,146,-19.693071365356445
1772076647.2166717,147,-118.91507720947266
1772076648.394234,148,-102.54331970214844
1772076648.8433514,149,-101.90290832519531
1772076649.0334663,150,-100.5999984741211
1772076654.9552512,151,-138.34242248535156
1772076668.3526328,152,-206.76040649414062
1772076669.7684922,153,-102.343994140625
1772076675.6898155,154,-140.62710571289062
1772076689.7723782,155,-195.81179809570312
1772076691.4011865,156,-110.61891174316406
1772076693.5130363,157,-111.65489959716797
1772076698.6995018,158,-130.0004119873047
1772076699.937228,159,-108.08736419677734
1772076705.3025072,160,-137.93829345703125
1772076744.2562563,161,-113.93113708496094
1772076747.753898,162,-122.57241821289062
1772076749.7044058,163,-109.84700775146484
1772076751.968922,164,-120.01232147216797
1772076755.982108,165,-40.36320495605469
1772076759.7672198,166,-129.24192810058594
1772076765.7692232,167,-47.45408248901367
1772076772.297717,168,-153.8446807861328
1772076778.0441418,169,-132.02001953125
1772076779.6402292,170,-106.98701477050781
1772076783.6600227,171,-21.179759979248047
1772076784.383758,172,-102.0284652709961
1772076784.80834,173,-101.7249526977539
1772076785.055776,174,-100.8553466796875
1772076786.2821097,175,-108.96827697753906
1772076791.8484457,176,-132.69700622558594
1772076793.6085918,177,-111.09395599365234
1772076794.1441739,178,-101.59030151367188
1772076794.344483,179,-100.5999984741211
1772076806.0053358,180,-175.20388793945312
1772076808.5038197,181,-112.38737487792969
1772076813.5360625,182,-136.9895477294922
1772076820.429913,183,-142.3175048828125
1772076825.1762226,184,-122.39083862304688
1772076825.577763,185,-100.59180450439453
1772076830.9033191,186,-133.15792846679688
1772076831.5360909,187,-101.30829620361328
1772076834.7002728,188,-118.68309783935547
1772076835.9135926,189,-104.1530990600586
1772076846.839092,190,-168.99102783203125
1772076849.1653602,191,-116.28203582763672
1772076855.1459582,192,-146.17269897460938
1772076858.240027,193,-122.2857437133789
1772076859.3684793,194,-106.11551666259766
1772076861.406624,195,-114.07600402832031
1772076865.5599298,196,-123.8121337890625
1772076873.964386,197,-148.75669860839844
1772076879.71211,198,-37.85714340209961
1772076887.9134586,199,-158.6822052001953
1772076899.767113,200,-201.1138916015625
1772076904.3450532,201,-138.91998291015625
1772076906.4965632,202,-119.9851303100586
1772076906.784716,203,-100.28009796142578
1772076913.2899303,204,-142.2512969970703
1772076915.4866283,205,-115.38864135742188
1772076920.849062,206,-136.92739868164062
1772076922.9544942,207,-109.17093658447266
1772076924.1837122,208,-109.94316101074219
1772076939.2869325,209,-102.6170425415039
1772076941.304541,210,-112.39141845703125
1772076942.173945,211,-104.12574768066406
1772076945.793262,212,-117.33085632324219
1772076950.5412564,213,-137.9866943359375
1772076954.9347413,214,-124.94862365722656
1772076964.0789063,215,-168.05032348632812
1772076967.5637345,216,-117.18701934814453
1772076967.8334038,217,-100.0
1772076968.0142014,218,-100.65016174316406
1772076971.7269537,219,-135.59490966796875
1772076974.6868296,220,-123.6921157836914
1772076980.2879157,221,-137.27163696289062
1772076985.3538365,222,-133.31167602539062
1772076990.0404305,223,-133.83505249023438
1772076995.5201626,224,-137.65138244628906
1772076995.88226,225,-100.0
1772077000.6842701,226,-137.5996551513672
1772077002.3482969,227,-108.10172271728516
1772077002.6017284,228,-100.2335433959961
1772077006.751308,229,-127.06842041015625
1772077009.034043,230,-110.00444030761719
1772077026.3460684,231,-209.1909942626953
1772077027.6078856,232,-103.2695541381836
1772077027.8081799,233,-100.47193145751953
1772077038.9523387,234,-177.20018005371094
1772077074.1439114,235,-320.23138427734375
1772077133.704983,236,-119.80430603027344
1772077134.369698,237,-101.79034423828125
1772077136.6845267,238,-123.04451751708984
1772077139.0721626,239,-118.98274230957031
1772077139.3692822,240,-100.5705795288086
1772077141.2807775,241,-115.59857177734375
1772077141.7203312,242,-100.5222396850586
1772077144.777861,243,-119.78937530517578
1772077148.0074058,244,-16.75956153869629
1772077151.7028828,245,-115.73259735107422
1772077152.0705943,246,-100.36652374267578
1772077154.496444,247,-111.8906021118164
1772077156.4797108,248,-114.32041931152344
1772077156.6868427,249,-100.0
1772077161.933863,250,-139.2137451171875
1772077162.3135355,251,-100.0
1772077168.415932,252,-146.3317108154297
1772077169.2901843,253,-104.67938995361328
1772077169.8570669,254,-103.5601577758789
1772077174.9031167,255,-133.9394989013672
1772077176.1816692,256,-107.69904327392578
1772077176.3437746,257,-100.0
1772077176.971388,258,-105.83721923828125
1772077180.0480404,259,-16.941835403442383
1772077181.2887993,260,-105.41510009765625
1772077182.1336584,261,-107.93388366699219
1772077183.8179743,262,-107.53350067138672
1772077187.6262372,263,-134.75259399414062
1772077190.005218,264,-118.28775787353516
1772077190.6689084,265,-103.03943634033203
1772077192.0875137,266,-109.75820922851562
1772077195.700946,267,-124.1683578491211
1772077201.8663867,268,-133.89854431152344
1772077202.5692177,269,-102.42245483398438
1772077204.1844783,270,-110.21870422363281
1772077204.3937864,271,-100.0
1772077206.3498015,272,-110.6602783203125
1772077208.8643332,273,-112.45479583740234
1772077215.2256634,274,-138.85997009277344
1772077218.6778083,275,-125.3632583618164
1772077219.0799935,276,-101.59463500976562
1772077220.9818752,277,-116.94083404541016
1772077224.6962383,278,-125.27037811279297
1772077227.7538772,279,-120.91973876953125
1772077228.2671204,280,-101.13428497314453
1772077228.4622629,281,-100.61524200439453
1772077231.9357433,282,-136.42984008789062
1772077236.8755338,283,-42.922550201416016
1772077237.6956363,284,-104.0256576538086
1772077238.0279963,285,-100.8953628540039
1772077240.031473,286,-111.20291900634766
1772077244.9976623,287,-139.93341064453125
1772077247.3383918,288,-114.07778930664062
1772077248.4071283,289,-101.85009002685547
1772077254.31657,290,-128.7748260498047
1772077257.3660069,291,-116.337158203125
1772077257.6956172,292,-100.3573989868164
1772077259.7230573,293,-119.70331573486328
1772077261.6784008,294,-111.38001251220703
1772077265.7758634,295,-123.21318817138672
1772077270.16603,296,-124.38880157470703
1772077272.7450423,297,-119.69146728515625
1772077273.774766,298,-106.4563980102539
1772077274.9592493,299,-110.36978149414062
1772077291.8953753,300,-230.11376953125
1772077296.9536078,301,-125.84493255615234
1772077301.4173417,302,-42.38492965698242
1772077305.240478,303,-133.1318359375
1772077310.5053277,304,-123.20408630371094
1772077313.26167,305,-123.80284118652344
1772077315.028527,306,-110.55402374267578
1772077315.2773597,307,-100.74440002441406
1772077318.5517106,308,-126.4552001953125
1772077326.1912959,309,50.69302749633789
1772077333.1913207,310,-52.224708557128906
1772077337.515314,311,-127.01068115234375
1772077337.8657572,312,-100.0
1772077341.032997,313,-125.36321258544922
1772077342.5817273,314,-110.53350067138672
1772077351.511477,315,-177.59408569335938
1772077352.137194,316,-100.0
1772077355.9915297,317,-124.64203643798828
1772077360.5430837,318,-149.39869689941406
1772077364.314229,319,-124.61128234863281
1772077367.1139374,320,-119.91482543945312
1772077372.809175,321,-127.58820343017578
1772077376.5221822,322,-131.25267028808594
1772077377.930453,323,-110.31905364990234
1772077382.3909621,324,-116.80038452148438
1772077386.1287982,325,-134.32679748535156
1772077386.4109457,326,-100.0
1772077387.5640213,327,-104.96428680419922
1772077389.0561724,328,-115.13754272460938
1772077390.8006525,329,-104.89057922363281
1772077395.1489093,330,-145.24412536621094
1772077400.3216734,331,-129.80389404296875
1772077403.183527,332,-120.53162384033203
1772077405.836111,333,-128.80084228515625
1772077409.7923415,334,-137.98431396484375
1772077425.3444405,335,-130.54737854003906
1772077433.4810264,336,-142.41525268554688
1772077434.3358223,337,-102.89430236816406
1772077436.540547,338,-115.20143127441406
1772077439.676428,339,-20.10575294494629
1772077440.2880943,340,-101.34567260742188
1772077440.7130148,341,-102.64864349365234
1772077448.748435,342,-60.30033874511719
1772077456.3022304,343,-150.55242919921875
1772077459.7643924,344,-113.96234130859375
1772077466.7832432,345,-144.6510009765625
1772077472.8969977,346,-141.63502502441406
1772077473.440082,347,-101.13499450683594
1772077474.495065,348,-107.22159576416016
1772077480.000754,349,-149.18692016601562
1772077483.3825526,350,-109.03672790527344
1772077487.4154775,351,-126.9829330444336
1772077489.3663695,352,-111.25553131103516
1772077502.6471348,353,-177.84347534179688
1772077504.8423092,354,-109.49593353271484
1772077511.6292317,355,-138.68600463867188
1772077513.131899,356,-107.92484283447266
1772077518.768539,357,-144.55686950683594
1772077520.686986,358,-113.37133026123047
1772077520.9599128,359,-100.38542175292969
1772077524.231097,360,-130.1774444580078
1772077524.5254536,361,-100.0
1772077528.2332177,362,-117.95875549316406
1772077530.7338462,363,-122.48310852050781
1772077533.8884187,364,-120.43670654296875
1772077539.8398883,365,-158.87855529785156
1772077542.7201045,366,-122.99344635009766
1772077543.6919549,367,-104.95091247558594
1772077546.0401824,368,-117.06312561035156
1772077550.529625,369,-131.11363220214844
1772077554.8480847,370,-124.13154602050781
1772077558.0693197,371,-118.28840637207031
1772077562.200184,372,-123.94593048095703
1772077566.441617,373,-31.369821548461914
1772077569.5788352,374,-119.60997009277344
1772077569.8455284,375,-100.0
1772077574.7128344,376,-25.182470321655273
1772077575.9680882,377,-107.48358154296875
1772077578.143168,378,-106.97139739990234
1772077580.1517653,379,-116.1321792602539
1772077585.8080537,380,-142.84375
1772077595.361193,381,-160.92018127441406
1772077597.200181,382,-108.24910736083984
1772077598.527778,383,-114.42772674560547
1772077598.9448383,384,-101.3219985961914
1772077601.431374,385,-112.12279510498047
1772077604.8822658,386,-19.35919761657715
1772077609.962433,387,-147.7448272705078
1772077614.2145357,388,-138.02037048339844
1772077618.8725026,389,-134.40538024902344
1772077621.3028271,390,-107.58009338378906
1772077622.5184164,391,-110.35846710205078
1772077624.5754461,392,-118.94468688964844
1772077627.3621652,393,-122.6844711303711
1772077634.5131893,394,-144.48165893554688
1772077636.7348068,395,-111.49862670898438
1772077646.0081615,396,-167.54380798339844
1772077647.360776,397,-101.3483657836914
1772077653.5282757,398,-144.61166381835938
1772077654.7117872,399,-107.8092269897461
1772077656.2968621,400,-109.85841369628906
1772077657.7841098,401,-109.97308349609375
1772077669.2953773,402,-168.68251037597656
1772077675.2101936,403,-137.773193359375
1772077681.089043,404,-131.61468505859375
1772077690.8370025,405,-169.0240020751953
1772077693.120038,406,-110.167236328125
1772077693.3274274,407,-100.0
1772077699.7612183,408,-143.48712158203125
1772077701.0324888,409,-104.84169006347656
1772077701.7693684,410,-103.55458068847656
1772077703.3051531,411,-105.69187927246094
1772077707.1783595,412,-117.58051300048828
1772077716.6892514,413,-169.9851837158203
1772077717.3303943,414,-100.0
1772077724.849395,415,-152.3136444091797
1772077727.8539166,416,-115.15097045898438
1772077728.1053872,417,-100.0
1772077729.5680525,418,-109.3536605834961
1772077828.2995188,419,-108.80905151367188
1772077831.4691381,420,-18.181049346923828
1772077833.736369,421,-111.69205474853516
1772077837.866154,422,-31.57659339904785
1772077846.0284271,423,-151.1106719970703
1772077846.6058269,424,-100.38542938232422
1772077855.9186556,425,-170.42132568359375
1772077862.1288536,426,-141.99404907226562
1772077868.7459862,427,-143.83177185058594
1772077870.2820032,428,-113.68290710449219
1772077871.4463093,429,-110.52165222167969
1772077874.094456,430,-117.15580749511719
1772077875.8322082,431,-104.13082122802734
1772077876.5553849,432,-103.32624816894531
1772077877.7401972,433,-108.49279022216797
1772077880.510137,434,-119.61235809326172
1772077884.9691067,435,-125.77497100830078
1772077888.705423,436,-115.89447021484375
1772077892.473151,437,-116.27965545654297
1772077899.0323815,438,-134.83290100097656
1772077899.4734087,439,-100.0
1772077903.9838958,440,-144.02133178710938
1772077905.3044393,441,-108.9285659790039
1772077910.1342692,442,-135.1646728515625
1772077914.4091575,443,-22.70964813232422
1772077918.804556,444,-42.83901596069336
1772077923.2755015,445,-26.831382751464844
1772077923.604304,446,-100.0
1772077923.8961835,447,-101.7546615600586
1772077930.3147361,448,-160.27743530273438
1772077943.6249096,449,-68.3460464477539
1772077955.7527323,450,-58.4313850402832
1772077956.6731749,451,-101.84705352783203
1772077961.234818,452,-137.27084350585938
1772077965.2874413,453,-122.8664321899414
1772077968.4472456,454,-132.27841186523438
1772077970.7272952,455,-116.22935485839844
1772077974.8968973,456,-126.08514404296875
1772077975.2409675,457,-100.0
1772077976.5126052,458,-110.2571792602539
1772077979.2407026,459,-119.25872039794922
1772077980.012792,460,-105.35047912597656
1772077983.0633519,461,-124.05264282226562
1772077985.0541663,462,-112.72520446777344
1772077994.9287658,463,-170.248779296875
1772077997.5140462,464,-111.21530151367188
1772077999.4701898,465,-114.70159149169922
1772077999.689034,466,-100.0
1772078005.8337553,467,-132.20396423339844
1772078008.5750115,468,-111.69011688232422
1772078010.4327698,469,-114.44277954101562
1772078020.5117316,470,-162.35354614257812
1772078023.690033,471,-126.54364013671875
1772078027.2746434,472,-130.61351013183594
1772078029.8661537,473,-112.60076904296875
1772078031.3283017,474,-115.21278381347656
1772078034.438025,475,-114.80850982666016
1772078042.186539,476,-153.2393035888672
1772078053.0335953,477,-159.29563903808594
1772078053.7379484,478,-100.81373596191406
1772078055.8416417,479,-110.10130310058594
1772078062.446471,480,-143.24147033691406
1772078074.7119331,481,-206.023681640625
1772078089.5502088,482,-193.37069702148438
1772078091.495404,483,-107.46751403808594
1772078092.6323698,484,-107.61786651611328
1772078096.7286,485,-123.05542755126953
1772078105.2169042,486,-159.68759155273438
1772078107.8027327,487,-116.13056182861328
1772078108.2648776,488,-101.9425048828125
1772078110.463209,489,-113.22271728515625
1772078110.697258,490,-100.0
1772078110.825287,491,-100.0
1772078111.865399,492,-109.3078384399414
1772078112.1513274,493,-101.03959655761719
1772078121.8485067,494,-174.1562042236328
1772078123.8172867,495,-105.92267608642578
1772078134.2005768,496,-175.8251495361328
1772078174.5919752,497,-102.03487396240234
1772078183.7342637,498,-58.3714485168457
1772078186.3598409,499,-111.84774017333984
1772078191.5602036,500,-134.1710205078125
1772078191.9767447,501,-100.61261749267578
1772078196.5268993,502,-130.11080932617188
1772078200.3628323,503,-131.60850524902344
1772078203.4341435,504,-125.6072998046875
1772078207.7606192,505,-139.23788452148438
1772078212.3521433,506,-129.2466583251953
1772078217.2470746,507,-129.03038024902344
1772078228.4597833,508,-164.01243591308594
1772078237.4728682,509,-157.0655059814453
1772078238.0041335,510,-100.0
1772078239.9440475,511,-111.7716293334961
1772078241.3866956,512,-110.5512466430664
1772078252.0333877,513,-73.97554779052734
1772078262.0282214,514,-169.8219451904297
1772078262.7673364,515,-100.0
1772078267.6327198,516,-37.532196044921875
1772078268.9374754,517,-105.60102844238281
1772078271.3399494,518,-116.26973724365234
1772078272.3932295,519,-108.32321166992188
1772078273.8110359,520,-114.55781555175781
1772078273.9998338,521,-100.0
1772078282.7844093,522,-177.41128540039062
1772078283.3698053,523,-100.0
1772078285.1018207,524,-107.16435241699219
1772078304.8115444,525,-234.90103149414062
1772078311.2632208,526,-148.40838623046875
1772078318.5712707,527,-46.07904815673828
1772078319.8200889,528,-102.99169921875
1772078320.6188235,529,-104.04840850830078
1772078330.15464,530,-177.5001983642578
1772078336.0745165,531,-124.25299072265625
1772078338.6351683,532,-109.12925720214844
1772078341.4836016,533,-111.2398452758789
1772078341.7714236,534,-100.0
1772078348.6327116,535,-149.07620239257812
1772078351.1139646,536,-109.92138671875
1772078359.8543134,537,-139.1126251220703
1772078363.6350508,538,-116.51382446289062
1772078371.0387218,539,-133.6227264404297
1772078378.8246217,540,-155.97804260253906
1772078383.1138568,541,-132.7144317626953
1772078384.4639971,542,-110.15913391113281
1772078386.18559,543,-118.29039001464844
1772078386.742741,544,-102.22867584228516
1772078389.7603412,545,-13.068676948547363
1772078392.1201916,546,-113.56815338134766
1772078393.2721567,547,-108.69488525390625
1772078416.0459025,548,-254.92027282714844
1772078419.4982276,549,-118.42362976074219
1772078419.7357254,550,-100.0
1772078430.1982994,551,-157.34136962890625
1772078434.91008,552,-21.203500747680664
1772078436.1521287,553,-104.71785736083984
1772078443.6472356,554,-166.1650390625
1772078444.6223834,555,-102.88624572753906
1772078446.5368917,556,-117.5390625
1772078452.1410384,557,-148.5275115966797
1772078452.937177,558,-102.0430679321289
1772078459.0811522,559,-152.4225616455078
1772078459.9547572,560,-105.26492309570312
1772078474.6571522,561,-214.19383239746094
1772078477.460499,562,-108.63551330566406
1772078481.83632,563,-130.9316864013672
1772078485.345282,564,-123.44391632080078
1772078486.272172,565,-103.33539581298828
1772078487.9133325,566,-111.4822006225586
1772078603.1141596,567,-100.0
1772078604.10622,568,-110.92384338378906
1772078605.8220904,569,-108.65412139892578
1772078608.7201717,570,-114.45773315429688
1772078609.8012931,571,-107.39752960205078
1772078612.4043655,572,-114.378662109375
1772078619.9514337,573,-146.89767456054688
1772078621.9057934,574,-115.34215545654297
1772078630.620054,575,39.41701126098633
1772078635.7680628,576,-141.2583770751953
1772078642.5206747,577,-162.79164123535156
1772078643.2158556,578,-102.92546081542969
1772078647.0089695,579,-135.7565460205078
1772078652.745387,580,-149.2808074951172
1772078654.62394,581,-110.58250427246094
1772078660.0614288,582,-146.20907592773438
1772078661.3198879,583,-105.27586364746094
1772078673.5274196,584,-192.64077758789062
1772078674.2487679,585,-100.0
1772078674.3688962,586,-100.0
1772078674.5037937,587,-100.0
1772078678.102975,588,-118.64744567871094
1772078680.832138,589,-111.62037658691406
1772078681.6740565,590,-104.11699676513672
1772078681.998822,591,-101.73810577392578
1772078683.446455,592,-106.78050231933594
1772078687.2121615,593,-118.39214324951172
1772078689.9429684,594,-126.78016662597656
1772078690.2261071,595,-100.0
1772078694.8801973,596,-132.8518829345703
1772078696.1598375,597,-106.70877838134766
1772078696.3320172,598,-100.0
1772078697.386973,599,-109.84893798828125
1772078699.926041,600,-113.04241943359375
1772078701.7741053,601,-109.36518096923828
1772078702.5048678,602,-104.02887725830078
1772078704.4158783,603,-120.29661560058594
1772078705.963339,604,-111.50204467773438
1772078712.1054146,605,-29.974414825439453
1772078715.5088787,606,-121.20806884765625
1772078718.1121137,607,-112.90937042236328
1772078720.6410854,608,-118.20133972167969
1772078724.169195,609,-27.064464569091797
1772078728.9382062,610,-143.01112365722656
1772078734.4893398,611,-144.95584106445312
1772078734.9539397,612,-100.17031860351562
1772078735.4800642,613,-103.67391204833984
1772078736.3101509,614,-102.4254379272461
1772078739.4163127,615,-12.966306686401367
1772078739.6857762,616,-100.0
1772078744.6169891,617,-140.4202880859375
1772078748.9413838,618,-136.0855712890625
1772078757.5780845,619,-159.14877319335938
1772078763.6074634,620,-133.47430419921875
1772078768.818743,621,-44.931617736816406
1772078780.1728585,622,-192.64187622070312
1772078785.9435751,623,-126.6712417602539
1772078786.4641101,624,-100.72296142578125
1772078787.2893636,625,-101.9608383178711
1772078787.5201392,626,-100.54805755615234
1772078791.0402317,627,-131.16038513183594
1772078791.5532634,628,-101.71978759765625
1772078792.7371373,629,-110.33026123046875
1772078793.8162348,630,-110.81095886230469
1772078794.1110785,631,-101.03951263427734
1772078797.5041287,632,-117.5315933227539
1772078800.3526046,633,-121.56619262695312
1772078800.8578048,634,-102.4189682006836
1772078804.4447904,635,-129.01515197753906
1772078809.033223,636,-140.08523559570312
1772078810.4159095,637,-110.90946960449219
1772078813.52789,638,-15.642863273620605
1772078818.7670922,639,-139.9287109375
1772078820.0104766,640,-110.5480728149414
1772078824.4177232,641,-128.39125061035156
1772078824.7768128,642,-100.0
1772078827.0718045,643,-113.14323425292969
1772078829.1749485,644,-107.93629455566406
1772078836.191062,645,-147.37091064453125
1772078839.376601,646,-118.81826782226562
1772078845.02474,647,-152.6680450439453
1772078850.2552521,648,-31.849952697753906
1772078856.3958976,649,-136.28256225585938
1772078857.9613132,650,-109.90367889404297
1772078865.6448042,651,-153.07443237304688
1772078868.224861,652,-124.34783935546875
1772078870.2359495,653,-119.09386444091797
1772078877.2629328,654,-142.17457580566406
1772078878.480088,655,-107.7026596069336
1772078878.6810236,656,-100.0
1772078886.6015718,657,-51.39791488647461
1772078888.489495,658,-107.41432189941406
1772078888.6821597,659,-100.0
1772078888.8728094,660,-100.75161743164062
1772078891.6251514,661,-114.29568481445312
1772078898.185999,662,-150.16749572753906
1772078900.8489134,663,-122.52293395996094
1772078904.5447986,664,-137.77272033691406
1772078911.9670064,665,-165.69305419921875
1772078995.4035587,666,-160.81446838378906
1772079001.0059795,667,-34.35900115966797
1772079003.4484951,668,-116.6629638671875
1772079006.6060925,669,-125.65789031982422
1772079007.0397017,670,-100.86951446533203
1772079007.176046,671,-100.0
1772079008.3982735,672,-109.61285400390625
1772079010.794241,673,-122.06390380859375
1772079011.7648365,674,-106.21546936035156
1772079022.128756,675,-191.62063598632812
1772079030.481847,676,-165.76681518554688
1772079032.0878994,677,-109.56916809082031
1772079032.2974417,678,-100.0
1772079035.0011706,679,-114.24137878417969
1772079039.6710105,680,-130.0325927734375
1772079040.5521524,681,-102.92567443847656
1772079049.376869,682,-158.36817932128906
1772079056.232285,683,-151.94447326660156
1772079056.7461193,684,-100.79141998291016
1772079060.9400024,685,-119.83572387695312
1772079068.3211513,686,-36.27822494506836
1772079070.9883428,687,-115.7031478881836
1772079079.1449559,688,-58.191650390625
1772079090.9212322,689,-164.65248107910156
1772079091.6567943,690,-100.36351013183594
1772079092.5846214,691,-107.25968933105469
1772079094.2416897,692,-109.77589416503906
1772079096.6198277,693,-114.5777816772461
1772079098.6173813,694,-115.30254364013672
1772079100.0783684,695,-110.7516098022461
1772079101.7703292,696,-110.48937225341797
1772079110.7301838,697,43.25380325317383
1772079111.3694131,698,-100.0
1772079116.2089329,699,-124.33460235595703
1772079121.9409602,700,-140.57373046875
1772079125.1838114,701,-112.55948638916016
1772079125.645484,702,-101.2793960571289
1772079130.8584197,703,-36.29543685913086
1772079134.6986194,704,-119.56636047363281
1772079135.0187688,705,-100.0
1772079139.529266,706,-130.0771484375
1772079140.1439347,707,-102.36431121826172
1772079140.5931313,708,-101.48895263671875
1772079140.8103354,709,-100.92491149902344
1772079141.0045903,710,-100.20376586914062
1772079151.3102748,711,-205.11077880859375
1772079204.2656891,712,-423.2188720703125
1772079209.6093733,713,-110.71929931640625
1772079219.5627291,714,-162.48794555664062
1772079220.3349416,715,-100.0
1772079230.702303,716,-162.1783447265625
1772079231.9532452,717,-102.11085510253906
1772079238.9547858,718,-129.0752716064453
1772079242.1232889,719,-123.40425872802734
1772079242.4429233,720,-100.0
1772079244.535867,721,-110.5785140991211
1772079246.729925,722,-115.25275421142578
1772079249.989226,723,-127.6698989868164
1772079259.050471,724,-160.12362670898438
1772079259.9483116,725,-101.11432647705078
1772079261.8260894,726,-109.27542877197266
1772079268.8757029,727,-144.3726348876953
1772079272.600619,728,-27.327598571777344
1772079276.6553986,729,-121.37456512451172
1772079284.576959,730,-155.143310546875
1772079290.5205293,731,-153.53817749023438
1772079293.8241413,732,-20.015287399291992
1772079294.100071,733,-100.0
1772079295.807237,734,-109.02536010742188
1772079299.6287115,735,-16.292943954467773
1772079306.0257533,736,-130.88446044921875
1772079457.848554,737,-121.9485092163086
1772079458.2193487,738,-100.0
1772079458.9224238,739,-103.22942352294922
1772079462.2504158,740,-123.82836151123047
1772079463.3309228,741,-109.4786148071289
1772079465.9638517,742,-114.34846496582031
1772079481.3559778,743,-98.04580688476562
1772079485.5456266,744,-23.447416305541992
1772079490.8256636,745,-42.20576477050781
1772079494.4768338,746,-126.80770874023438
1772079494.9546757,747,-100.86617279052734
1772079500.6727493,748,-26.739877700805664
1772079505.4976208,749,-143.46343994140625
1772079511.9840965,750,-144.91578674316406
1772079512.620962,751,-100.3122787475586
1772079533.8168745,752,-129.03709411621094
1772079535.5928643,753,-103.56411743164062
1772079541.6758332,754,-150.4679412841797
1772079542.9138522,755,-106.83946990966797
1772079549.9939747,756,-152.35159301757812
1772079553.6278656,757,-111.35273742675781
1772079556.9699817,758,-127.740966796875
1772079557.451203,759,-101.39450073242188
1772079564.5135343,760,-137.458740234375
1772079565.0103292,761,-100.0
1772079568.7681274,762,-120.71512603759766
1772079569.4879322,763,-100.99078369140625
1772079571.8200862,764,-119.47700500488281
1772079577.2890544,765,-129.81761169433594
1772079585.9197044,766,-158.30889892578125
1772079591.1813502,767,-154.89767456054688
1772079593.376335,768,-114.35050201416016
1772079593.834026,769,-101.41441345214844
1772079600.8011038,770,-146.18418884277344
1772079603.1044421,771,-109.34739685058594
1772079603.850858,772,-104.31128692626953
1772079614.7298448,773,-55.066650390625
1772079619.871948,774,-148.89869689941406
1772079626.953084,775,-55.08694839477539
1772079632.8894067,776,-133.36485290527344
1772079643.370961,777,-153.7256317138672
1772079651.2145474,778,-57.7191047668457
1772079659.7249959,779,-64.90126037597656
1772079661.4165463,780,-107.2191390991211
1772079661.6627877,781,-100.8107681274414
1772079666.282161,782,-147.42874145507812
1772079671.0337892,783,-123.84143829345703
1772079674.5425994,784,-20.2939453125
1772079678.7849245,785,-129.72718811035156
1772079682.8482568,786,-128.00201416015625
1772079683.983909,787,-108.79151916503906
1772079686.5597084,788,-110.8104248046875
1772079687.6307826,789,-105.38592529296875
1772079688.0810974,790,-101.43785095214844
1772079697.327172,791,-77.15959930419922
1772079698.7842283,792,-107.7405014038086
1772079703.4965584,793,-132.05596923828125
1772079705.1668892,794,-109.29923248291016
1772079706.1556654,795,-102.86894226074219
1772079712.8734155,796,-143.5380401611328
1772079715.8541698,797,-110.59852600097656
1772079716.169996,798,-100.5999984741211
1772079717.6745706,799,-111.58004760742188
1772079722.1692662,800,-127.55570983886719
1772079723.8233795,801,-111.14285278320312
1772079724.2133386,802,-101.65483093261719
1772079724.405921,803,-100.82492065429688
1772079729.0653117,804,-132.3553009033203
1772079731.8640082,805,-118.31852722167969
1772079739.368142,806,-135.74053955078125
1772079739.8609977,807,-100.0
1772079755.1910431,808,-86.92792510986328
1772079756.9377964,809,-109.33661651611328
1772079759.6799498,810,-114.33529663085938
1772079766.026952,811,-137.20486450195312
1772079768.3125086,812,-106.88066864013672
1772079928.2265086,813,-101.8724594116211
1772079931.1125374,814,-121.6235580444336
1772079932.1837711,815,-106.4607162475586
1772079934.7827184,816,-124.75535583496094
1772079944.3049803,817,-77.58788299560547
1772079945.4734392,818,-103.12054443359375
1772079946.8943992,819,-110.42677307128906
1772079947.9455807,820,-107.64195251464844
1772079949.343848,821,-106.34719848632812
1772079955.5109475,822,-142.55551147460938
1772079955.9861033,823,-100.0
1772079958.3770533,824,-106.43607330322266
1772079959.7864242,825,-112.40260314941406
1772079960.4280949,826,-103.52922821044922
1772079960.6402073,827,-100.52729034423828
1772079966.2688606,828,-144.04055786132812
1772079969.568063,829,-28.265058517456055
1772079969.8391955,830,-100.0
1772079979.912454,831,-189.23025512695312
1772079982.02747,832,-116.64070129394531
1772079985.803406,833,-121.93707275390625
1772079989.3919044,834,-139.20504760742188
1772079992.0830579,835,-113.32884979248047
1772079995.6564276,836,-109.9610595703125
1772079996.2657716,837,-101.89237976074219
1772079999.295664,838,-115.5135269165039
1772080004.6724553,839,69.54302978515625
1772080011.096003,840,-133.79434204101562
1772080015.447622,841,-138.97418212890625
1772080027.7905242,842,-181.98699951171875
1772080036.8098066,843,-143.07211303710938
1772080040.2478662,844,-11.510963439941406
1772080041.5826397,845,-114.7070541381836
1772080044.8420045,846,-115.67631530761719
1772080046.6012762,847,-109.61587524414062
1772080049.7053983,848,-15.205644607543945
1772080053.1518295,849,-128.04530334472656
1772080053.4503744,850,-100.0
1772080061.6734464,851,-157.0047607421875
1772080071.7282526,852,-155.16091918945312
1772080080.753376,853,-165.59686279296875
1772080081.8662562,854,-102.37895202636719
1772080082.0891838,855,-100.3879165649414
1772080087.6913693,856,-148.47251892089844
1772080089.258423,857,-108.65409851074219
1772080092.1058943,858,-111.82160949707031
1772080097.5486698,859,-136.67274475097656
1772080098.890832,860,-106.32552337646484
1772080112.9070113,861,-179.73927307128906
1772080124.3616743,862,-168.27830505371094
1772080133.4500067,863,-153.2022247314453
1772080136.6183457,864,-119.45408630371094
1772080143.2743194,865,-42.145423889160156
1772080151.6592376,866,-140.60858154296875
1772080152.3292224,867,-100.0
1772080160.5597975,868,-50.52924728393555
1772080164.3630972,869,-136.78717041015625
1772080170.256071,870,-37.87889862060547
1772080172.9145815,871,-107.23518371582031
1772080176.2665508,872,-122.28001403808594
1772080176.5541134,873,-100.0
1772080180.159872,874,-138.62423706054688
1772080182.4339616,875,-108.12354278564453
1772080192.4597397,876,-54.33475112915039
1772080193.9293084,877,-106.43321990966797
1772080194.1522195,878,-100.72229766845703
1772080195.2661152,879,-111.64216613769531
1772080195.4436018,880,-100.0
1772080198.1675582,881,-109.33715057373047
1772080198.9562035,882,-105.60567474365234
1772080205.2602358,883,-143.0648193359375
1772080212.9076521,884,-148.65354919433594
1772080213.9316363,885,-103.6093521118164
1772080220.3254588,886,-141.29769897460938
1772080224.940479,887,-132.07217407226562
1772080229.8586285,888,-139.0218963623047
1772080232.088261,889,-116.01846313476562
1772080238.4140613,890,-145.01583862304688
1772080240.5874143,891,-108.27677917480469
1772080240.8192716,892,-100.0
1772080241.690891,893,-107.65846252441406
1772080242.5553153,894,-104.53279876708984
1772080242.7302413,895,-100.0
1772080251.7602565,896,-171.0370330810547
1772080384.3920708,897,-106.13164520263672
1772080389.77321,898,-128.96414184570312
1772080391.4565623,899,-112.16046142578125
1772080394.6355143,900,-22.758602142333984
1772080395.6488843,901,-103.40945434570312
1772080396.0006237,902,-101.46844482421875
1772080403.777274,903,-154.52011108398438
1772080404.947136,904,-105.57111358642578
1772080419.4012787,905,-203.283203125
1772080423.632353,906,-30.085044860839844
1772080432.486097,907,-157.76547241210938
1772080438.27126,908,-125.68815612792969
1772080447.1783128,909,-184.33172607421875
1772080451.5978367,910,-134.1982879638672
1772080451.9445612,911,-100.0
1772080452.4168618,912,-102.59028625488281
1772080456.9068289,913,-124.69866943359375
1772080457.6614723,914,-103.6010513305664
1772080458.409031,915,-106.13580322265625
1772080458.562325,916,-100.0
1772080463.4660895,917,-129.94212341308594
1772080465.8048606,918,-112.77479553222656
1772080467.1687539,919,-109.50125122070312
1772080468.0552578,920,-103.07193756103516
1772080470.6996503,921,-127.52909088134766
1772080471.7547429,922,-102.46176147460938
1772080478.613642,923,-151.3017120361328
1772080481.2614894,924,-116.19666290283203
1772080486.7932477,925,-136.01535034179688
1772080495.0488188,926,-46.76096725463867
1772080503.3738048,927,-39.233787536621094
1772080513.0472312,928,-152.6583709716797
1772080514.6963625,929,-104.56198120117188
1772080523.0068982,930,-68.46831512451172
1772080523.8829105,931,-101.59053802490234
1772080527.751801,932,-40.214874267578125
1772080530.5188978,933,-108.48064422607422
1772080541.1432657,934,-86.95933532714844
1772080547.2871332,935,-46.11686325073242
1772080556.065016,936,-166.73550415039062
1772080556.7174387,937,-100.59113311767578
1772080556.9050765,938,-100.74209594726562
1772080558.4409254,939,-111.92179107666016
1772080558.6391714,940,-100.0
1772080561.2297554,941,-108.23592376708984
1772080562.070645,942,-103.82699584960938
1772080565.1949182,943,-119.72650909423828
1772080575.7648432,944,-161.61151123046875
1772080579.759371,945,-129.55189514160156
1772080581.5574262,946,-108.45223236083984
1772080581.8250816,947,-100.34928894042969
1772080586.1129656,948,-138.1628875732422
1772080588.464976,949,-116.85636138916016
1772080589.12899,950,-102.39390563964844
1772080595.5839057,951,-122.6857681274414
1772080601.3651881,952,-45.5551872253418
1772080603.9363425,953,-104.55075073242188
1772080604.3115513,954,-100.62904357910156
1772080604.8860843,955,-104.12128448486328
1772080605.7278934,956,-104.49372863769531
1772080615.468545,957,-143.99021911621094
1772080617.3886297,958,-105.60172271728516
1772080617.6404605,959,-100.0
1772080617.994911,960,-101.67082977294922
1772080624.9707804,961,-146.00682067871094
1772080627.3411283,962,-115.01305389404297
1772080630.7691536,963,-125.98287200927734
1772080638.506573,964,-172.13760375976562
1772080640.9394884,965,-120.8790054321289
1772080643.1416283,966,-109.69500732421875
1772080649.965743,967,-154.8308563232422
1772080656.8746994,968,-156.4970245361328
1772080668.5537007,969,-174.91378784179688
1772080671.9371204,970,-116.20661926269531
1772080675.637836,971,-124.31002044677734
1772080678.5189478,972,-115.96656799316406
1772080681.8663788,973,-114.08129119873047
1772080685.623495,974,-123.29788970947266
1772080842.6250305,975,-152.0426483154297
1772080854.7714179,976,-177.48167419433594
1772080855.7215948,977,-100.53857421875
1772080857.0054893,978,-109.3781509399414
1772080859.337265,979,-118.04659271240234
1772080863.500509,980,-124.15835571289062
1772080864.617597,981,-103.33567810058594
1772080870.4379323,982,-136.18862915039062
1772080874.3803103,983,-117.23377227783203
1772080881.8884387,984,-143.01513671875
1772080882.539621,985,-100.56981658935547
1772080882.6668553,986,-100.0
1772080885.8658795,987,-115.64683532714844
1772080891.1798842,988,-130.40829467773438
1772080896.5141292,989,-29.538036346435547
1772080897.197162,990,-102.52220916748047
1772080899.340108,991,-117.24165344238281
1772080904.6317008,992,-36.80095672607422
1772080906.7266035,993,-110.7393798828125
1772080910.0907836,994,-33.646060943603516
1772080911.0835712,995,-105.22306060791016
1772080914.2836041,996,-122.47898864746094
1772080914.7320673,997,-101.19999694824219
1772080926.873366,998,-170.56854248046875
1772080928.8128994,999,-110.37371826171875
1772080930.539419,1000,-116.05086517333984
1772080933.4539666,1001,-119.54979705810547
1772080936.800565,1002,-111.6978759765625
1772080938.9223032,1003,-123.005126953125
1772080950.4451408,1004,-162.838134765625
1772080956.363623,1005,-142.4713134765625
1772080957.0024478,1006,-100.93956756591797
1772080957.195724,1007,-100.5880126953125
1772080958.8604367,1008,-107.83885192871094
1772080959.3329072,1009,-102.42781829833984
1772080963.2026217,1010,-116.97659301757812
1772080966.0603528,1011,-116.39714050292969
1772080971.4021268,1012,-138.26869201660156
1772080972.4253604,1013,-104.56840515136719
1772080973.9936328,1014,-111.5696792602539
1772080978.2834132,1015,-126.21375274658203
1772080978.828723,1016,-101.80660247802734
1772080983.76179,1017,-119.36986541748047
1772080984.6176505,1018,-101.93008422851562
1772080984.8335516,1019,-100.58795928955078
1772080988.843082,1020,-115.90443420410156
1772080995.361482,1021,-124.2253646850586
1772081010.5756001,1022,-73.24290466308594
1772081013.2583904,1023,-116.20525360107422
1772081013.4839966,1024,-100.0
1772081018.1227653,1025,-117.27823638916016
1772081021.2269034,1026,-117.5331039428711
1772081023.2465515,1027,-113.1971435546875
1772081031.2101352,1028,-157.97283935546875
1772081042.1893008,1029,-162.30538940429688
1772081047.9825852,1030,-138.01278686523438
1772081050.9860713,1031,-116.49187469482422
1772081052.128547,1032,-107.88777160644531
1772081053.128973,1033,-103.97327423095703
1772081067.7669108,1034,-224.74520874023438
1772081070.057647,1035,-111.70272064208984
1772081072.584505,1036,-116.53229522705078
1772081077.609927,1037,-31.470624923706055
1772081082.3770869,1038,-125.16089630126953
1772081089.7694402,1039,-138.11773681640625
1772081093.1190772,1040,-18.366195678710938
1772081097.3760183,1041,-123.79141235351562
1772081100.777387,1042,-115.97344970703125
1772081104.799309,1043,-134.81663513183594
1772081110.408819,1044,-51.78253936767578
1772081112.5133033,1045,-118.92184448242188
1772081121.5447462,1046,-159.5092315673828
1772081125.025152,1047,-126.38162231445312
1772081142.4880867,1048,-122.9559097290039
1772081150.2194836,1049,-166.92001342773438
1772081166.8653767,1050,-245.3962860107422
1772081338.6237173,1051,-124.5676498413086
1772081339.7232912,1052,-105.14735412597656
1772081340.3302681,1053,-101.83724212646484
1772081342.7338724,1054,-126.32300567626953
1772081344.9312105,1055,-111.0589599609375
1772081346.450291,1056,-109.36700439453125
1772081349.5467565,1057,-9.75457763671875
1772081353.3851073,1058,-42.191829681396484
1772081355.9138942,1059,-111.61022186279297
1772081356.2079573,1060,-100.57414245605469
1772081360.1063447,1061,-128.9982452392578
1772081360.8279836,1062,-103.35826873779297
1772081364.6549375,1063,-114.83416748046875
1772081367.2109807,1064,-108.62273406982422
1772081380.7598052,1065,-231.6201629638672
1772081385.856927,1066,-125.58293914794922
1772081389.2729292,1067,-121.86012268066406
1772081391.5844457,1068,-120.58246612548828
1772081391.9294915,1069,-100.74986267089844
1772081395.785857,1070,-128.14747619628906
1772081398.442284,1071,-130.22695922851562
1772081400.106225,1072,-110.66849517822266
1772081400.364547,1073,-100.402099609375
1772081401.4460044,1074,-106.17325592041016
1772081404.2971122,1075,-116.70376586914062
1772081404.7581224,1076,-101.63996124267578
1772081409.6173196,1077,-132.98826599121094
1772081410.187528,1078,-101.71420288085938
1772081413.162339,1079,-119.76819610595703
1772081413.642182,1080,-101.11907958984375
1772081417.4839044,1081,-126.15775299072266
1772081418.155815,1082,-102.41143798828125
1772081420.3061767,1083,-108.7029800415039
1772081422.4242194,1084,-119.913818359375
1772081423.1511421,1085,-103.35628509521484
1772081423.3711147,1086,-100.46556854248047
1772081427.1461005,1087,-123.023681640625
1772081427.4799159,1088,-100.0
1772081429.5532296,1089,-118.08467102050781
1772081430.4417195,1090,-106.02039337158203
1772081435.471309,1091,-140.11903381347656
1772081438.121241,1092,-114.60830688476562
1772081438.3790956,1093,-100.0
1772081440.1700826,1094,-121.88162994384766
1772081442.2995872,1095,-120.02898406982422
1772081445.2486625,1096,-114.21724700927734
1772081446.8161848,1097,-107.62171173095703
1772081452.489845,1098,-138.6232147216797
1772081453.9799843,1099,-105.0511474609375
1772081455.0523334,1100,-110.0797348022461
1772081456.4586258,1101,-109.86957550048828
1772081457.0991125,1102,-102.78732299804688
1772081457.2609372,1103,-100.0
1772081458.4436073,1104,-109.07634735107422
1772081461.4771554,1105,-114.47207641601562
1772081467.7997124,1106,-137.78741455078125
1772081470.3640187,1107,-109.2278823852539
1772081472.5539887,1108,-116.65869903564453
1772081475.1270666,1109,-118.38396453857422
1772081475.4350455,1110,-100.5906753540039
1772081475.56265,1111,-100.0
1772081476.599062,1112,-106.93299865722656
1772081483.8626337,1113,-171.2366485595703
1772081486.8090372,1114,-115.9583740234375
1772081489.0974283,1115,-111.8718032836914
1772081493.2261376,1116,-120.48239135742188
1772081493.6100285,1117,-100.87356567382812
1772081493.7393227,1118,-100.0
1772081494.539432,1119,-102.76215362548828
1772081499.0719507,1120,-28.197763442993164
1772081501.1519344,1121,-109.75349426269531
1772081502.9675372,1122,-112.17697143554688
1772081506.1487987,1123,-20.79914665222168
1772081506.9858472,1124,-102.4719009399414
1772081512.0864449,1125,-128.77444458007812
1772081514.7596176,1126,-123.79523468017578
1772081516.5590138,1127,-107.16117095947266
1772081518.7128205,1128,-110.85221862792969
1772081526.0366297,1129,-171.4742431640625
1772081529.0895844,1130,-114.36404418945312
1772081529.5362132,1131,-101.22681427001953
1772081529.7375338,1132,-100.43842315673828
1772081529.9216666,1133,-100.22474670410156
1772081531.8076253,1134,-110.73881530761719
1772081538.7205188,1135,-147.1790771484375
1772081542.3669834,1136,-138.2479248046875
1772081543.5842438,1137,-104.7347412109375
1772081544.8962836,1138,-110.0482406616211
1772081545.5512924,1139,-104.11760711669922
1772081545.7058003,1140,-100.0
1772081550.8800602,1141,-125.74442291259766
1772081552.0453978,1142,-106.28282165527344
1772081558.0628936,1143,-150.74378967285156
1772081562.7899504,1144,-123.32855224609375
1772081572.639516,1145,-154.3372344970703
1772081574.1537218,1146,-108.16677856445312
1772081575.5757225,1147,-109.94255065917969
1772081577.4515753,1148,-111.46561431884766
1772081578.359734,1149,-106.31372833251953
1772081578.5171077,1150,-100.0
1772081578.6374843,1151,-100.0
1772081580.2393842,1152,-109.32555389404297
1772081582.2381935,1153,-108.9272232055664
1772081583.9780025,1154,-116.0536117553711
1772081592.4138396,1155,-143.767333984375
1772081597.7702382,1156,-130.46800231933594
1772081598.7213023,1157,-103.1632080078125
1772081616.256283,1158,-256.51776123046875
1772081617.4168234,1159,-100.24669647216797
1772081624.3608518,1160,-133.3662872314453
1772081629.5774152,1161,-131.57131958007812
1772081631.9689343,1162,-120.21363067626953
1772081633.728642,1163,-108.32860565185547
1772081636.8093815,1164,-20.84906005859375
1772081643.095477,1165,-46.53488540649414
1772081648.5206003,1166,-140.64315795898438
1772081798.0584939,1167,-119.23532104492188
1772081798.8595438,1168,-104.25761413574219
1772081799.020905,1169,-100.0
1772081799.881823,1170,-101.71078491210938
1772081806.6027427,1171,-144.90609741210938
1772081808.0733292,1172,-110.07157897949219
1772081816.3659449,1173,-146.72413635253906
1772081818.2834587,1174,-106.05376434326172
1772081818.5936391,1175,-101.37049865722656
1772081824.6958787,1176,-151.4268341064453
1772081830.2555203,1177,-139.50244140625
1772081832.4921947,1178,-116.15035247802734
1772081833.8359337,1179,-113.10978698730469
1772081840.07966,1180,-143.7322235107422
1772081843.042562,1181,-119.90061950683594
1772081849.2886453,1182,-135.11767578125
1772081849.7069187,1183,-100.0
1772081851.4012852,1184,-109.4606704711914
1772081859.7899687,1185,-63.67190933227539
1772081862.697318,1186,-108.35395812988281
1772081864.01159,1187,-108.07716369628906
1772081868.2338107,1188,-127.03350067138672
1772081870.8569462,1189,-118.3432388305664
1772081871.9737642,1190,-106.9341049194336
1772081874.5441408,1191,-129.30845642089844
1772081875.113835,1192,-101.85556030273438
1772081875.3052266,1193,-100.89844512939453
1772081875.8866334,1194,-105.94634246826172
1772081876.5248563,1195,-103.55181121826172
1772081876.9117494,1196,-101.64537811279297
1772081878.9059205,1197,-110.55149841308594
1772081882.9877377,1198,-137.38243103027344
1772081884.3641422,1199,-109.84029388427734
1772081884.5599976,1200,-100.0
1772081884.6841402,1201,-100.0
1772081898.3385892,1202,-172.86904907226562
1772081902.4593203,1203,-25.874374389648438
1772081905.1324673,1204,-108.06510162353516
1772081905.4845953,1205,-100.89392852783203
1772081908.1231194,1206,-115.45137023925781
1772081910.0598872,1207,-103.61233520507812
1772081910.6056585,1208,-101.54308319091797
1772081913.0142138,1209,-110.43104553222656
1772081913.9007413,1210,-102.8411865234375
1772081914.4439745,1211,-101.6827621459961
1772081914.5846124,1212,-100.0
1772081918.7810006,1213,-20.67935562133789
1772081919.194976,1214,-100.0
1772081921.9001472,1215,-119.41957092285156
1772081925.5472937,1216,-119.25553131103516
1772081925.9947782,1217,-101.16999816894531
1772081928.3633122,1218,-118.20875549316406
1772081928.6841094,1219,-100.1255874633789
1772081930.3482535,1220,-106.47601318359375
1772081938.178903,1221,-157.89231872558594
1772081939.529744,1222,-103.85176849365234
1772081949.2662776,1223,-153.25531005859375
1772081950.031995,1224,-100.0
1772081953.3581758,1225,-133.4528350830078
1772081954.7168922,1226,-106.45491790771484
1772081957.7087545,1227,-115.41974639892578
1772081958.6970131,1228,-104.58556365966797
1772081959.995073,1229,-110.92691802978516
1772081962.2024813,1230,-108.60389709472656
1772081964.648921,1231,-122.8678207397461
1772081967.706042,1232,-114.90730285644531
1772081969.3231184,1233,-107.62325286865234
1772081969.5212333,1234,-100.0
1772081969.7732542,1235,-100.54714965820312
1772081969.909245,1236,-100.0
1772081978.8339713,1237,-142.49171447753906
1772081981.3546731,1238,-110.48165130615234
1772081983.6597736,1239,-114.24446868896484
1772081985.290612,1240,-114.03781127929688
1772081988.5871284,1241,-19.52289581298828
1772081993.0084372,1242,-129.16506958007812
1772081998.1873143,1243,-133.87655639648438
1772082000.0440645,1244,-113.13910675048828
1772082006.2506294,1245,-138.4681396484375
1772082008.0826497,1246,-107.4268798828125
1772082009.8043625,1247,-109.92463684082031
1772082011.17589,1248,-108.89639282226562
1772082013.1543553,1249,-111.72816467285156
1772082019.8199527,1250,-134.275390625
1772082021.3566701,1251,-103.5667724609375
1772082023.371739,1252,-114.43163299560547
1772082024.4327757,1253,-105.27327728271484
1772082024.8143997,1254,-101.02381134033203
1772082024.9726927,1255,-100.0
1772082026.3146424,1256,-107.95415496826172
1772082027.980309,1257,-116.36646270751953
1772082028.461025,1258,-103.32281494140625
1772082030.6761498,1259,-116.47920227050781
1772082033.7813263,1260,-132.14053344726562
1772082034.3247685,1261,-102.76532745361328
1772082034.5390997,1262,-100.08843231201172
1772082036.0904114,1263,-109.6676254272461
1772082036.507873,1264,-101.08902740478516
1772082036.6524255,1265,-100.0
1772082039.2434566,1266,-120.6051254272461
1772082039.8505664,1267,-104.30035400390625
1772082041.5138917,1268,-114.02906799316406
1772082042.2439442,1269,-103.70956420898438
1772082042.411763,1270,-100.0
1772082045.5396857,1271,-122.42845916748047
1772082046.1411395,1272,-102.25635528564453
1772082048.9624507,1273,-121.9681396484375
1772082050.2072637,1274,-102.28349304199219
1772082051.1110346,1275,-105.93260955810547
1772082051.4541807,1276,-100.21968841552734
1772082052.9534614,1277,-106.83634185791016
1772082054.6451063,1278,-117.47798156738281
1772082054.922836,1279,-100.81050872802734
1772082058.4099667,1280,-131.3898468017578
1772082059.4901822,1281,-106.77482604980469
1772082063.4175408,1282,-118.49607849121094
1772082066.27466,1283,-112.04743957519531
1772082066.5389504,1284,-100.0
1772082068.5832481,1285,-113.86103057861328
1772082068.8222597,1286,-100.0
1772082072.9304407,1287,-118.11433410644531
1772082078.474888,1288,-139.9609375
1772082079.019583,1289,-100.37602996826172
1772082079.4082298,1290,-101.79855346679688
1772082079.6293442,1291,-100.213623046875
1772082081.3562496,1292,-113.64418029785156
1772082081.6447597,1293,-100.67338562011719
1772082082.6071439,1294,-105.13396453857422
1772082086.3471365,1295,-133.5976104736328
1772082089.9907098,1296,-112.86097717285156
1772082092.7804925,1297,-121.0263442993164
1772082094.832484,1298,-112.83322143554688
1772082096.700779,1299,-114.39884185791016
1772082097.7755115,1300,-106.4378662109375
1772082103.0330591,1301,-153.05946350097656
1772082103.8474145,1302,-102.02030944824219
1772082104.9716694,1303,-108.3639907836914
1772082115.084378,1304,-162.119384765625
1772082115.8851843,1305,-100.77535247802734
1772082122.0521727,1306,-33.328163146972656
1772082285.702658,1307,-104.5390396118164
1772082291.0358064,1308,-141.2627410888672
1772082292.8466427,1309,-113.73738098144531
1772082295.6201248,1310,-110.1331787109375
1772082295.9233956,1311,-100.0
1772082296.1734078,1312,-100.25117492675781
1772082296.3032293,1313,-100.0
1772082300.62442,1314,-119.71044921875
1772082305.403972,1315,-125.24922943115234
1772082307.0682871,1316,-106.0479965209961
1772082310.375451,1317,-119.87358093261719
1772082310.7376916,1318,-100.0
1772082313.7666903,1319,-120.7467041015625
1772082320.0667768,1320,-148.10943603515625
1772082323.9160607,1321,-128.89918518066406
1772082327.13638,1322,-117.57379150390625
1772082327.6695085,1323,-101.52867126464844
1772082329.036957,1324,-112.45907592773438
1772082331.5941882,1325,-122.0294418334961
1772082338.0904074,1326,-140.5000762939453
1772082342.7186584,1327,-122.4754638671875
1772082345.905535,1328,-115.9879150390625
1772082349.5612893,1329,-130.2025604248047
1772082353.5378425,1330,-35.86865997314453
1772082354.0087457,1331,-100.37550354003906
1772082354.2184799,1332,-100.37055206298828
1772082355.8100624,1333,-116.05851745605469
1772082357.8907495,1334,-110.05415344238281
1772082358.2140322,1335,-100.92423248291016
1772082359.670126,1336,-106.44927978515625
1772082367.267319,1337,-152.46267700195312
1772082375.042955,1338,-54.644676208496094
1772082377.3062396,1339,-111.02880096435547
1772082377.5270545,1340,-100.0
1772082378.057761,1341,-102.68953704833984
1772082381.100104,1342,-117.47122192382812
1772082383.81944,1343,-122.43444061279297
1772082390.4104679,1344,-139.82569885253906
1772082394.2321713,1345,-126.41876983642578
1772082395.841612,1346,-109.78800964355469
1772082397.594876,1347,-109.67051696777344
1772082405.5145748,1348,-155.78811645507812
1772082406.1548855,1349,-100.27316284179688
1772082416.217298,1350,-158.98048400878906
1772082420.2668207,1351,-23.34065818786621
1772082423.4678016,1352,-127.96089172363281
1772082425.377658,1353,-117.5897445678711
1772082428.6200294,1354,-13.824294090270996
1772082429.8590968,1355,-103.61372375488281
1772082430.3820386,1356,-102.78456115722656
1772082434.6191833,1357,-119.92678833007812
1772082439.9887536,1358,-134.13087463378906
1772082440.6864243,1359,-101.3302993774414
1772082442.4753134,1360,-111.08822631835938
1772082446.8112907,1361,-143.44949340820312
1772082448.9824295,1362,-114.91194152832031
1772082449.3457572,1363,-100.76223754882812
1772082450.2583148,1364,-105.06990814208984
1772082452.2031984,1365,-109.16263580322266
1772082453.324165,1366,-105.88304138183594
1772082453.9639444,1367,-101.56553649902344
1772082458.4500327,1368,-146.1408233642578
1772082460.19345,1369,-110.76795959472656
1772082460.8762617,1370,-102.51146697998047
1772082461.0382674,1371,-100.0
1772082461.1670835,1372,-100.0
1772082461.3584082,1373,-100.27714538574219
1772082464.656068,1374,-120.11872100830078
1772082465.2015846,1375,-101.00456237792969
1772082479.9493713,1376,-201.26901245117188
1772082485.6748471,1377,-138.870849609375
1772082491.8942313,1378,-140.84835815429688
1772082493.6451843,1379,-107.27580261230469
1772082493.8500347,1380,-100.0
1772082495.4351304,1381,-114.50341033935547
1772082502.995226,1382,-135.09127807617188
1772082503.5639787,1383,-100.0
1772082507.2737763,1384,-124.50807189941406
1772082512.501293,1385,-126.37317657470703
1772082514.4798405,1386,-112.31990051269531
1772082524.0107205,1387,-40.25391387939453
1772082530.7965634,1388,-37.85877990722656
1772082544.238734,1389,-91.83271789550781
1772082552.505492,1390,-166.63076782226562
1772082559.4494708,1391,-132.12725830078125
1772082570.4678297,1392,-193.5731964111328
1772082572.5573115,1393,-109.27750396728516
1772082576.0535045,1394,-126.05792999267578
1772082587.082236,1395,-156.13046264648438
1772082599.1983836,1396,-70.22744750976562
1772082602.3349617,1397,-113.69252014160156
1772082632.1069007,1398,-176.73741149902344
1772082748.7522755,1399,-145.74221801757812
1772082758.2840285,1400,-137.34861755371094
1772082763.33788,1401,-28.667163848876953
1772082772.4607852,1402,-181.64627075195312
1772082774.1564338,1403,-106.91461181640625
1772082776.6211681,1404,-113.17707061767578
1772082780.3964133,1405,-122.99641418457031
1772082790.124094,1406,-152.2689971923828
1772082799.4716518,1407,-160.13375854492188
1772082800.5292351,1408,-102.14276885986328
1772082819.0671525,1409,-219.57334899902344
1772082834.8664498,1410,-183.21896362304688
1772082839.0215962,1411,-129.0006866455078
1772082841.2572227,1412,-114.08133697509766
1772082851.6929011,1413,-169.7891845703125
1772082855.6600022,1414,-122.80474090576172
1772082857.51803,1415,-109.63802337646484
1772082857.774285,1416,-100.0
1772082861.06804,1417,-18.274919509887695
1772082863.6808038,1418,-121.00741577148438
1772082871.2660341,1419,-136.88641357421875
1772082886.0344613,1420,-210.40887451171875
1772082891.0517876,1421,-131.30694580078125
1772082891.7243135,1422,-103.04998016357422
1772082891.867568,1423,-100.0
1772082903.5640242,1424,-180.63023376464844
1772082917.5141113,1425,-198.4150390625
1772082924.0122693,1426,-134.575439453125
1772082925.926945,1427,-109.2318344116211
1772082935.9067516,1428,-55.531272888183594
1772082938.3706555,1429,-109.11492919921875
1772082949.2913153,1430,-151.74815368652344
1772082958.072632,1431,-68.51161193847656
1772082958.7341235,1432,-100.0
1772082959.628374,1433,-108.16664123535156
1772082964.427689,1434,-140.1171875
1772082964.8430974,1435,-100.0
1772082968.2022772,1436,-120.89299774169922
1772082974.2989044,1437,-47.78474426269531
1772082976.0986056,1438,-107.50416564941406
1772082983.5315216,1439,-166.7945098876953
1772082988.564377,1440,-148.12010192871094
1772082989.0345573,1441,-100.0
1772082990.9472659,1442,-113.52721405029297
1772082999.5962677,1443,-139.14341735839844
1772083000.4286551,1444,-100.16053009033203
1772083003.8829257,1445,-123.00031280517578
1772083006.7488408,1446,-126.01468658447266
1772083010.1057467,1447,-17.59383201599121
1772083011.789204,1448,-108.1312484741211
1772083012.555048,1449,-102.57122802734375
1772083014.378269,1450,-117.84151458740234
1772083016.7612917,1451,-113.33430480957031
1772083017.69856,1452,-108.27130126953125
1772083018.6780336,1453,-104.50708770751953
1772083027.4505577,1454,-174.84584045410156
1772083029.8048449,1455,-114.20211029052734
1772083037.9432528,1456,-139.3995361328125
1772083038.7645462,1457,-101.56562042236328
1772083041.578614,1458,-122.11016845703125
1772083045.648012,1459,-131.2375030517578
1772083046.6727128,1460,-104.39736938476562
1772083050.316729,1461,-127.9083023071289
1772083053.2668886,1462,-111.13729095458984
1772083054.0938787,1463,-101.40567016601562
1772083054.4254491,1464,-100.84097290039062
1772083056.3219419,1465,-112.55071258544922
1772083258.793767,1466,-100.0
1772083260.1622956,1467,-105.61358642578125
1772083260.555444,1468,-102.20057678222656
1772083261.7382996,1469,-105.0432357788086
1772083263.5637577,1470,-117.55674743652344
1772083264.3641093,1471,-103.800537109375
1772083264.7218058,1472,-101.56444549560547
1772083270.3510394,1473,-132.1547088623047
1772083270.9474065,1474,-100.24147033691406
1772083272.748394,1475,-113.50372314453125
1772083273.154567,1476,-101.54324340820312
1772083277.721528,1477,-130.90020751953125
1772083281.3378558,1478,-128.64666748046875
1772083284.9395866,1479,-121.29531860351562
1772083288.2361572,1480,-116.04731750488281
1772083290.7225487,1481,-112.55583190917969
1772083292.7139316,1482,-116.45052337646484
1772083293.1353579,1483,-101.08433532714844
1772083296.028244,1484,-116.42890167236328
1772083299.1156232,1485,-111.67507934570312
1772083299.4135895,1486,-100.0
1772083300.4949832,1487,-105.06462860107422
1772083302.6580782,1488,-109.35391235351562
1772083303.0500295,1489,-100.9486312866211
1772083306.1718845,1490,-18.19729232788086
1772083306.4826415,1491,-100.0
1772083307.6141613,1492,-103.65945434570312
1772083309.259895,1493,-113.08629608154297
1772083310.2249966,1494,-105.56637573242188
1772083310.7970982,1495,-102.49063110351562
1772083311.276152,1496,-102.11884307861328
1772083312.2516575,1497,-106.98230743408203
1772083315.5639188,1498,-120.08660125732422
1772083320.8110938,1499,-123.2598876953125
1772083328.4910154,1500,-150.46571350097656
1772083330.5949178,1501,-113.91004943847656
1772083332.0114331,1502,-114.31061553955078
1772083332.9299953,1503,-105.35063171386719
1772083333.1050797,1504,-100.0
1772083334.040523,1505,-107.09391784667969
1772083334.3474104,1506,-101.04413604736328
1772083334.6575572,1507,-100.8470687866211
1772083334.7965164,1508,-100.0
1772083335.8846905,1509,-109.7264404296875
1772083336.1393805,1510,-100.225830078125
1772083337.0669398,1511,-106.67887878417969
1772083338.6668649,1512,-111.81305694580078
1772083338.9906726,1513,-100.29450225830078
1772083340.363292,1514,-105.75151824951172
1772083342.3483834,1515,-111.22724914550781
1772083342.7059143,1516,-100.54924011230469
1772083346.8433218,1517,-120.39141845703125
1772083348.6829965,1518,-105.26829528808594
1772083357.347356,1519,-156.91259765625
1772083359.3410792,1520,-108.6351089477539
1772083359.578275,1521,-100.0
1772083364.5148623,1522,-132.29220581054688
1772083368.0760143,1523,-126.55339813232422
1772083370.8105102,1524,-113.5926742553711
1772083375.3400266,1525,-118.804931640625
1772083381.3871667,1526,-140.4509735107422
1772083386.314227,1527,-121.86526489257812
1772083392.5558112,1528,-150.18814086914062
1772083393.1717718,1529,-100.25811004638672
1772083397.2943573,1530,-129.02593994140625
1772083397.741428,1531,-100.0
1772083397.8683796,1532,-100.0
1772083399.1413949,1533,-108.08338165283203
1772083409.07185,1534,-153.66070556640625
1772083411.2446995,1535,-113.7486572265625
1772083419.4688196,1536,-157.72483825683594
1772083425.2601707,1537,-131.51783752441406
1772083426.9270456,1538,-107.81880950927734
1772083429.2621334,1539,-115.82988739013672
1772083431.5978003,1540,-106.80368041992188
1772083434.8956633,1541,-120.82768249511719
1772083445.6025734,1542,-163.9028778076172
1772083447.9548502,1543,-106.2955093383789
1772083451.885817,1544,-124.59471130371094
1772083454.7639842,1545,-124.08513641357422
1772083467.8177183,1546,-192.7825469970703
1772083476.2916903,1547,-147.08155822753906
1772083482.541242,1548,-140.9361114501953
1772083485.5806649,1549,-111.51689910888672
1772083487.3404398,1550,-105.03250885009766
1772083487.6929636,1551,-101.48699951171875
1772083492.6235716,1552,-134.03970336914062
1772083495.9485471,1553,-124.09477996826172
1772083497.5174682,1554,-106.7876968383789
1772083498.8944016,1555,-105.73291015625
1772083499.1892848,1556,-100.16667938232422
1772083500.4288645,1557,-106.99945068359375
1772083501.0682313,1558,-104.7922592163086
1772083502.3174446,1559,-108.11714935302734
1772083502.517624,1560,-100.0
1772083504.4918325,1561,-111.46807098388672
1772083507.4054444,1562,-123.64784240722656
1772083515.27653,1563,-153.9830780029297
1772083517.1646934,1564,-107.5298843383789
1772083526.7342334,1565,-72.74016571044922
1772083528.6518369,1566,-107.0143051147461
1772083538.5401864,1567,-152.02723693847656
1772083542.0282898,1568,-118.52616119384766
1772083543.413616,1569,-109.44524383544922
1772083544.1104755,1570,-104.52611541748047
1772083548.94058,1571,-138.36068725585938
1772083550.700353,1572,-107.88951873779297
1772083551.1162968,1573,-101.29600524902344
1772083558.8949864,1574,-152.90554809570312
1772083561.259865,1575,-119.1146469116211
1772083561.579408,1576,-100.60624694824219
1772083562.7010872,1577,-108.57889556884766
1772083566.9253137,1578,-129.23611450195312
1772083567.4678755,1579,-100.39191436767578
1772083567.7889805,1580,-101.08139038085938
1772083575.6075928,1581,-142.05111694335938
1772083578.602046,1582,-119.6646728515625
1772083587.4945872,1583,-63.29749298095703
1772083592.394383,1584,-130.9542236328125
1772083593.0213954,1585,-100.97057342529297
1772083593.3967297,1586,-101.08439636230469
1772083605.5527644,1587,-213.51431274414062
1772083820.1828048,1588,-161.1463623046875
1772083824.0443723,1589,-119.29679870605469
1772083824.5554934,1590,-101.69961547851562
1772083824.6882591,1591,-100.0
1772083833.4436226,1592,-174.74961853027344
1772083837.3551176,1593,-115.80964660644531
1772083837.9326863,1594,-102.80279541015625
1772083839.1720526,1595,-108.43307495117188
1772083842.2769032,1596,-118.47128295898438
1772083845.9939313,1597,-126.67756652832031
1772083853.6625896,1598,-46.88424301147461
1772083854.86509,1599,-103.75126647949219
1772083858.0905027,1600,-121.80537414550781
1772083858.4433036,1601,-100.47036743164062
1772083858.983673,1602,-103.59175109863281
1772083860.2545645,1603,-106.64936828613281
1772083867.401811,1604,-141.45603942871094
1772083876.913756,1605,-169.9404296875
1772083878.3802774,1606,-104.32384490966797
1772083880.2668836,1607,-107.34281921386719
1772083885.0584533,1608,-24.147356033325195
1772083885.7306728,1609,-102.01392364501953
1772083889.1937938,1610,-31.279508590698242
1772083900.8973215,1611,-187.23602294921875
1772083904.3629143,1612,-125.48400115966797
1772083904.9394405,1613,-103.33257293701172
1772083917.0995986,1614,-159.55165100097656
1772083927.7862735,1615,-170.0283660888672
1772083929.480258,1616,-103.56770324707031
1772083931.46745,1617,-118.43931579589844
1772083935.0541868,1618,-19.646427154541016
1772083935.7799346,1619,-102.87619018554688
1772083941.0678272,1620,-36.17027282714844
1772083953.672818,1621,-197.46058654785156
1772083954.5746884,1622,-100.0
1772083958.8523328,1623,-118.17416381835938
1772083960.747987,1624,-114.44606018066406
1772083967.6881912,1625,-160.38983154296875
1772083974.9878855,1626,-143.56578063964844
1772083992.2033896,1627,-225.34109497070312
1772083994.5595748,1628,-109.07535552978516
1772083994.742794,1629,-100.0
1772083996.642708,1630,-110.0798568725586
1772083999.6362472,1631,-119.93128967285156
1772084004.1405277,1632,-126.26925659179688
1772084012.7542958,1633,-157.5023956298828
1772084013.9574974,1634,-102.9844970703125
1772084015.5754547,1635,-106.6828384399414
1772084018.970207,1636,-27.803613662719727
1772084027.2504537,1637,-146.5845489501953
1772084028.3294382,1638,-100.95552825927734
1772084029.2589195,1639,-105.23381805419922
1772084029.7870271,1640,-102.67449951171875
1772084036.1133716,1641,-143.44786071777344
1772084039.521614,1642,-115.0619888305664
1772084043.0531187,1643,-137.36204528808594
1772084047.881221,1644,-123.57682037353516
1772084049.6756616,1645,-110.40108489990234
1772084054.076152,1646,-128.06765747070312
1772084057.3326564,1647,-129.6221160888672
1772084062.0514953,1648,-128.86412048339844
1772084063.6587718,1649,-104.82357788085938
1772084075.0258095,1650,-199.7958984375
1772084077.4034154,1651,-107.8293685913086
1772084078.515376,1652,-106.9869384765625
1772084089.6081033,1653,-157.16610717773438
1772084090.8896456,1654,-102.5977554321289
1772084091.1780884,1655,-101.52508544921875
1772084095.5095046,1656,-145.8379364013672
1772084095.9159856,1657,-100.0
1772084096.099212,1658,-100.34122467041016
1772084096.235841,1659,-100.0
1772084096.4908092,1660,-101.20407104492188
1772084098.3461857,1661,-106.3901138305664
1772084099.2716703,1662,-109.01624298095703
1772084100.226638,1663,-105.87123107910156
1772084101.290996,1664,-109.39008331298828
1772084103.4739122,1665,-115.96540832519531
1772084104.2100465,1666,-101.4756851196289
1772084108.8430405,1667,-130.2589111328125
1772084119.5869877,1668,-184.8595733642578
1772084123.3633797,1669,-17.586851119995117
1772084308.3862703,1670,-144.0276336669922
1772084309.7379875,1671,-107.40050506591797
1772084310.0234027,1672,-101.13362884521484
1772084318.452169,1673,-145.16673278808594
1772084321.963368,1674,-109.81285095214844
1772084325.7389073,1675,-121.76426696777344
1772084328.5232003,1676,-123.1707534790039
1772084337.0829592,1677,-181.4647979736328
1772084338.2653298,1678,-105.62080383300781
1772084339.0508595,1679,-105.6571273803711
1772084339.212865,1680,-100.0
1772084345.098741,1681,-128.27032470703125
1772084348.1307127,1682,-123.79554748535156
1772084370.762523,1683,-289.6863708496094
1772084376.9066627,1684,-128.81272888183594
1772084380.14537,1685,-113.64515686035156
1772084380.5545392,1686,-100.52581787109375
1772084386.4744005,1687,-148.9273223876953
1772084389.7068686,1688,-117.56534576416016
1772084394.9224904,1689,-137.7428741455078
1772084399.508489,1690,-41.195350646972656
1772084402.2818878,1691,-113.95572662353516
1772084405.4818902,1692,-21.872623443603516
1772084406.9324994,1693,-108.64096069335938
1772084410.3074763,1694,-128.49700927734375
1772084410.9099638,1695,-102.50206756591797
1772084412.1567066,1696,-114.95064544677734
1772084414.202145,1697,-113.44097900390625
1772084415.3393886,1698,-106.32415771484375
1772084417.68117,1699,-118.96488952636719
1772084420.9776444,1700,-111.0581283569336
1772084438.9222393,1701,-187.2650909423828
1772084450.02584,1702,-151.81683349609375
1772084452.4178085,1703,-108.36122131347656
1772084454.1754122,1704,-116.98611450195312
1772084455.8222697,1705,-112.58609008789062
1772084460.8109858,1706,-118.83383178710938
1772084468.3207593,1707,-64.58979797363281
1772084471.4341462,1708,-118.4891357421875
1772084473.1937592,1709,-112.10706329345703
1772084478.8497293,1710,-25.362939834594727
1772084479.863407,1711,-101.82125091552734
1772084487.6515622,1712,-158.4420928955078
1772084496.5006664,1713,-153.01333618164062
1772084499.170471,1714,-124.72249603271484
1772084506.7001712,1715,-37.64659881591797
1772084508.8981218,1716,-107.85165405273438
1772084510.3469388,1717,-107.527587890625
1772084511.5632646,1718,-110.16664123535156
1772084511.972012,1719,-101.63748168945312
1772084512.2347062,1720,-100.99592590332031
1772084514.931885,1721,-119.763916015625
1772084515.2749887,1722,-100.41014862060547
1772084522.7463622,1723,-145.45762634277344
1772084526.2508698,1724,-113.62982177734375
1772084529.0673916,1725,-116.89517974853516
1772084531.7544117,1726,-115.16815948486328
1772084533.1626422,1727,-108.27679443359375
1772084533.9113927,1728,-104.95203399658203
1772084541.8667052,1729,-161.7997283935547
1772084545.190078,1730,-113.89873504638672
1772084546.5206964,1731,-109.79863739013672
1772084547.147064,1732,-104.16915130615234
1772084549.097839,1733,-118.2098159790039
1772084553.5467012,1734,-116.2193374633789
1772084556.9676516,1735,-28.935001373291016
1772084560.6170888,1736,-119.76829528808594
1772084563.6913023,1737,-119.24896240234375
1772084572.5659294,1738,-153.17420959472656
1772084575.9459853,1739,-132.6575927734375
1772084578.8183327,1740,-120.07906341552734
1772084579.1706343,1741,-100.12802124023438
1772084579.306968,1742,-100.0
1772084580.6743617,1743,-107.01207733154297
1772084580.8755698,1744,-100.0
1772084581.0572505,1745,-100.16834259033203
1772084581.1948822,1746,-100.0
1772084581.3866322,1747,-100.59490203857422
1772084594.0101724,1748,-199.0218048095703
1772084598.3293195,1749,-116.25222778320312
1772084601.7382026,1750,-126.47627258300781
1772084603.2976952,1751,-109.96613311767578
1772084605.3352942,1752,-120.015625
1772084608.4822893,1753,-116.757080078125
1772084610.2747984,1754,-112.46662139892578
1772084613.7691474,1755,-122.53819274902344
1772084618.4760067,1756,-133.59523010253906
1772084618.9536295,1757,-101.46807861328125
1772084622.1224046,1758,-28.317981719970703
1772084624.0104024,1759,-117.29737091064453
1772084753.7705371,1760,-113.96321105957031
1772084755.1489553,1761,-106.64266204833984
1772084756.8777444,1762,-108.4266586303711
1772084761.7726436,1763,-129.15972900390625
1772084762.4788215,1764,-101.58358001708984
1772084764.9741726,1765,-117.4583740234375
1772084767.1935434,1766,-111.6572494506836
1772084768.8656669,1767,-108.6575927734375
1772084775.629045,1768,-138.36358642578125
1772084777.772598,1769,-110.09649658203125
1772084779.0197902,1770,-106.3968505859375
1772084779.9149966,1771,-106.38175964355469
1772084781.2303867,1772,-108.83212280273438
1772084787.9191198,1773,-165.5803985595703
1772084789.2912772,1774,-104.46366882324219
1772084793.2599878,1775,-29.55752944946289
1772084793.8992195,1776,-100.437744140625
1772084797.164801,1777,-116.62592315673828
1772084797.5174015,1778,-100.0
1772084797.9329467,1779,-102.61602783203125
1772084802.1242251,1780,-115.00418853759766
1772084805.2611117,1781,-127.79512786865234
1772084809.7729545,1782,-126.01194763183594
1772084811.2765646,1783,-107.87409973144531
1772084820.5597663,1784,-145.96298217773438
1772084823.3950844,1785,-111.57743835449219
1772084828.957877,1786,-141.35406494140625
1772084831.338783,1787,-110.66719055175781
1772084841.9963381,1788,-67.89803314208984
1772084847.882414,1789,-135.4084014892578
1772084849.8582144,1790,-107.22282409667969
1772084856.9040134,1791,-50.96769332885742
1772084857.7088327,1792,-101.50919342041016
1772084863.884908,1793,-142.75962829589844
1772084865.838265,1794,-108.92913055419922
1772084867.4684498,1795,-104.97419738769531
1772084871.9129074,1796,-19.438135147094727
1772084876.7147062,1797,-127.9908218383789
1772084887.2343626,1798,-56.522186279296875
1772084889.320897,1799,-106.95388793945312
1772084889.6992679,1800,-100.19160461425781
1772084898.9217646,1801,-54.94063949584961
1772084903.9070742,1802,-121.27699279785156
1772084908.9810462,1803,-134.18629455566406
1772084911.2981412,1804,-115.57064056396484
1772084917.5460122,1805,-129.3738555908203
1772084922.5938642,1806,-147.47695922851562
1772084931.1148856,1807,-148.5430145263672
1772084940.3004432,1808,-151.53758239746094
1772084943.201371,1809,-117.11222839355469
1772084947.0174923,1810,-134.018310546875
1772084951.746735,1811,-126.49248504638672
1772084953.5477731,1812,-109.88928985595703
1772084960.1209881,1813,-50.964759826660156
1772084967.9485483,1814,-147.2611541748047
1772084975.736976,1815,-178.7003173828125
1772084980.4793477,1816,-135.46469116210938
1772084982.5734093,1817,-112.33931732177734
1772084986.1857955,1818,-132.25286865234375
1772084989.1322956,1819,-118.0304946899414
1772084989.5137177,1820,-101.39677429199219
1772084991.2318103,1821,-109.64892578125
1772084995.0863073,1822,-138.88555908203125
1772085000.2336528,1823,-124.3646469116211
1772085006.8300767,1824,-131.1923065185547
1772085008.5131934,1825,-104.8421401977539
1772085010.625212,1826,-119.69498443603516
1772085019.0184479,1827,-46.07821273803711
1772085024.5135536,1828,-137.86012268066406
1772085027.5782902,1829,-122.04370880126953
1772085029.5831835,1830,-108.86184692382812
1772085030.1869893,1831,-103.39561462402344
1772085035.404067,1832,-132.512939453125
1772085035.947756,1833,-100.10411834716797
1772085037.2905352,1834,-106.59735107421875
1772085037.5482066,1835,-100.39408111572266
1772085039.544555,1836,-109.68633270263672
1772085044.9622233,1837,-125.09024810791016
1772085047.4981892,1838,-121.93236541748047
1772085049.3381326,1839,-115.12042236328125
1772085052.4606516,1840,-121.31441497802734
1772085053.1624458,1841,-101.55523681640625
1772085056.345243,1842,-127.94300842285156
1772085057.5262704,1843,-107.4832763671875
1772085057.7720454,1844,-100.5999984741211
1772085058.4140337,1845,-104.71234893798828
1772085058.7632098,1846,-102.11407470703125
1772085064.185202,1847,-126.27918243408203
1772085067.5320172,1848,-119.19784545898438
1772085070.753656,1849,-20.320533752441406
1772085077.9212515,1850,-152.25526428222656
1772085193.666453,1851,-100.8390121459961
1772085195.1787198,1852,-107.29000854492188
1772085197.7771041,1853,-109.04618072509766
1772085205.2261899,1854,-143.9215850830078
1772085210.4748929,1855,-131.4588165283203
1772085210.902508,1856,-100.0
1772085213.9608998,1857,-118.62647247314453
1772085214.379031,1858,-101.63844299316406
1772085217.0400162,1859,-130.2291259765625
1772085220.337396,1860,-119.0453872680664
1772085230.4435425,1861,-158.94525146484375
1772085234.637133,1862,-118.08506774902344
1772085237.8261127,1863,-114.97579956054688
1772085243.2635164,1864,-149.44329833984375
1772085245.855957,1865,-111.48017120361328
1772085258.2504961,1866,-182.1133270263672
1772085266.1705432,1867,-139.28358459472656
1772085267.8837268,1868,-114.194580078125
1772085271.162645,1869,-119.64533996582031
1772085275.9911885,1870,-120.78809356689453
1772085278.058923,1871,-108.79377746582031
1772085283.362245,1872,-127.60830688476562
1772085286.4119954,1873,-131.17596435546875
1772085291.7046185,1874,-141.83773803710938
1772085292.2587092,1875,-101.23702239990234
1772085292.686447,1876,-101.98076629638672
1772085293.5749707,1877,-106.0611801147461
1772085298.81589,1878,-125.53754425048828
1772085308.333233,1879,-155.05258178710938
1772085312.0423288,1880,-110.77436065673828
1772085312.6512113,1881,-102.51107788085938
1772085313.5464208,1882,-106.51982116699219
1772085318.94065,1883,-156.00692749023438
1772085322.6044831,1884,-119.8847885131836
1772085324.5650916,1885,-109.22797393798828
1772085329.0595257,1886,-120.21101379394531
1772085339.699364,1887,-172.9637908935547
1772085340.4407175,1888,-100.0
1772085346.959268,1889,-43.40137481689453
1772085349.3785982,1890,-111.39778900146484
1772085352.2940047,1891,-122.56986236572266
1772085352.6191852,1892,-100.81842041015625
1772085352.7476444,1893,-100.0
1772085362.5613518,1894,-155.21726989746094
1772085363.344204,1895,-100.0
1772085365.7738435,1896,-110.28227996826172
1772085366.058621,1897,-100.0
1772085370.8594525,1898,-132.87799072265625
1772085371.9773588,1899,-109.59133911132812
1772085373.1312785,1900,-103.79706573486328
1772085379.9391787,1901,-154.46206665039062
1772085384.7933805,1902,-139.75950622558594
1772085386.052718,1903,-106.86631774902344
1772085387.201525,1904,-103.32490539550781
1772085387.4005768,1905,-100.0
1772085395.137127,1906,-156.5357666015625
1772085400.380226,1907,-123.82810974121094
1772085402.0587387,1908,-108.99095153808594
1772085402.2560904,1909,-100.0
1772085405.3860915,1910,-125.74607849121094
1772085416.3137903,1911,-190.94369506835938
1772085417.345161,1912,-102.4686050415039
1772085424.6198573,1913,-161.4166259765625
1772085425.2042148,1914,-100.0
1772085425.6744554,1915,-103.50957489013672
1772085432.624268,1916,-139.75355529785156
1772085437.8032143,1917,-145.3684539794922
1772085444.1222458,1918,-37.91510009765625
1772085454.0244696,1919,-156.4546661376953
1772085455.6619825,1920,-112.76362609863281
1772085458.3393245,1921,-119.1238784790039
1772085463.7876027,1922,-43.65876770019531
1772085464.2037911,1923,-100.0
1772085469.0053916,1924,-24.98411750793457
1772085470.2392097,1925,-107.99435424804688
1772085473.1963272,1926,-111.05789947509766
1772085483.9800065,1927,-163.6636505126953
1772085486.1872845,1928,-106.77593994140625
1772085490.701177,1929,-36.71689224243164
1772085505.4817905,1930,-187.76869201660156
1772085514.9386318,1931,-150.58824157714844
1772085680.2666526,1932,-133.3518524169922
1772085680.620972,1933,-100.0
1772085687.1393347,1934,-144.62118530273438
1772085692.9736478,1935,-133.67494201660156
1772085694.4256403,1936,-107.97319030761719
1772085701.4420302,1937,-174.29794311523438
1772085710.2404752,1938,-56.92676544189453
1772085711.4677153,1939,-104.28305053710938
1772085711.6281834,1940,-100.0
1772085711.75492,1941,-100.0
1772085715.5845094,1942,-141.97276306152344
1772085720.6746254,1943,-145.03494262695312
1772085727.9060845,1944,-171.70626831054688
1772085729.931585,1945,-109.74504089355469
1772085739.3067586,1946,-173.692138671875
1772085742.511418,1947,-113.96505737304688
1772085744.3637476,1948,-111.7856674194336
1772085746.0612276,1949,-108.08731842041016
1772085747.819191,1950,-106.18305206298828
1772085755.8543563,1951,-136.00843811035156
1772085773.2737458,1952,-175.5309295654297
1772085775.8903222,1953,-108.03219604492188
1772085777.635293,1954,-112.59125518798828
1772085782.1909387,1955,-124.04096221923828
1772085785.8359923,1956,-125.3797607421875
1772085786.1937807,1957,-100.0
1772085791.4167216,1958,-132.2421875
1772085798.983387,1959,-136.78543090820312
1772085803.3431914,1960,-124.27142333984375
1772085803.7536464,1961,-100.0
1772085812.2489765,1962,-153.4099578857422
1772085814.2848537,1963,-107.30175018310547
1772085826.1862378,1964,-157.62200927734375
1772085829.3117938,1965,-117.87248992919922
1772085831.1067219,1966,-112.2192611694336
1772085832.844879,1967,-107.85189819335938
1772085835.2100043,1968,-117.94993591308594
1772085849.6031263,1969,-179.139892578125
1772085851.9139526,1970,-110.95320892333984
1772085853.6750827,1971,-106.1817626953125
1772085856.5151122,1972,-115.02247619628906
1772085856.790991,1973,-100.0
1772085856.97151,1974,-100.4326171875
1772085860.2400453,1975,-126.40361785888672
1772085866.548695,1976,-137.59068298339844
1772085867.030792,1977,-100.0
1772085868.706804,1978,-111.45889282226562
1772085871.8818474,1979,-130.34744262695312
1772085873.7622316,1980,-117.47366333007812
1772085875.8093348,1981,-106.34899139404297
1772085886.6782317,1982,-172.11456298828125
1772085887.8731499,1983,-104.64701843261719
1772085910.604848,1984,-222.67628479003906
1772085913.838247,1985,-107.68778991699219
1772085915.8075001,1986,-113.42864227294922
1772085927.6954148,1987,-189.5825958251953
1772085928.5619779,1988,-100.27159118652344
1772085928.6914904,1989,-100.0
1772085934.4502985,1990,-129.32339477539062
1772085935.279806,1991,-102.09952545166016
1772085946.6936011,1992,-177.5966796875
1772085950.378928,1993,-133.7640838623047
1772085953.9222507,1994,-128.59727478027344
1772085967.8183475,1995,-89.86651611328125
1772085986.7792711,1996,-253.5808868408203
1772085994.5595405,1997,-36.118534088134766
1772085998.1859493,1998,-130.04129028320312
1772086140.2022557,1999,-24.347885131835938
1772086146.369398,2000,-142.43247985839844
1772086146.9822328,2001,-101.08316040039062
1772086155.3060834,2002,-156.60719299316406
1772086157.12224,2003,-109.52517700195312
1772086162.95338,2004,-31.176651000976562
1772086168.0734522,2005,-142.31295776367188
1772086169.8570757,2006,-105.6387939453125
1772086170.4984272,2007,-105.63770294189453
1772086170.6460707,2008,-100.0
1772086177.2817976,2009,-135.80364990234375
1772086184.4275243,2010,-144.66220092773438
1772086189.4197476,2011,-30.137800216674805
1772086191.8191001,2012,-115.6268539428711
1772086193.6894848,2013,-106.35395812988281
1772086200.1082184,2014,-132.0568389892578
1772086202.2190728,2015,-105.34058380126953
1772086203.5497713,2016,-108.75220489501953
1772086203.8243093,2017,-100.54857635498047
1772086205.7076058,2018,-115.43122100830078
1772086207.225122,2019,-110.43717956542969
1772086209.2182477,2020,-110.41868591308594
1772086213.994544,2021,-144.78167724609375
1772086214.4444165,2022,-100.4924087524414
1772086217.5748358,2023,-118.16313934326172
1772086219.771779,2024,-112.37499237060547
1772086222.892054,2025,-115.37808227539062
1772086223.3058407,2026,-101.20063018798828
1772086228.2872107,2027,-29.76245880126953
1772086233.1643498,2028,-141.69515991210938
1772086236.3640635,2029,-127.2774658203125
1772086251.14784,2030,-191.92774963378906
1772086255.8202672,2031,-117.3835678100586
1772086258.9894817,2032,-116.39817810058594
1772086261.1636891,2033,-115.18390655517578
1772086262.5082543,2034,-104.20519256591797
1772086262.8178713,2035,-100.44647216796875
1772086263.0836616,2036,-100.63310241699219
1772086272.0429769,2037,-140.52420043945312
1772086272.6848242,2038,-100.0
1772086277.171772,2039,-120.39910125732422
1772086277.674311,2040,-100.4898681640625
1772086284.3889267,2041,-150.23936462402344
1772086287.3620436,2042,-120.23253631591797
1772086288.442647,2043,-108.274169921875
1772086288.7457685,2044,-100.4900131225586
1772086292.082432,2045,-123.21310424804688
1772086298.6360743,2046,-149.4398651123047
1772086305.9935973,2047,-160.27120971679688
1772086313.7915363,2048,-134.1046600341797
1772086314.8817687,2049,-105.96329498291016
1772086323.242688,2050,-38.93584060668945
1772086325.32816,2051,-120.40296936035156
1772086332.2502515,2052,-30.794485092163086
1772086335.7542968,2053,-125.42118835449219
1772086348.363438,2054,-75.00337982177734
1772086353.0607772,2055,-115.99446868896484
1772086368.0262027,2056,-199.70729064941406
1772086379.9703743,2057,-159.84817504882812
1772086381.7778614,2058,-108.8589859008789
1772086381.9727907,2059,-100.0
1772086389.6143618,2060,-153.96119689941406
1772086390.634757,2061,-102.34136962890625
1772086399.271936,2062,-165.14756774902344
1772086407.8457851,2063,-154.06053161621094
1772086416.044307,2064,-50.32461929321289
1772086425.6110008,2065,-167.63966369628906
1772086430.9609733,2066,-132.36495971679688
1772086436.0827196,2067,-128.4383087158203
1772086439.6920607,2068,-25.201866149902344
1772086441.2917955,2069,-108.96334075927734
1772086442.4126186,2070,-107.87955474853516
1772086444.0916975,2071,-117.61906433105469
1772086445.9698052,2072,-111.48590087890625
1772086448.554259,2073,-110.25863647460938
1772086455.742017,2074,-58.08576202392578
1772086456.6910026,2075,-102.99980163574219
1772086457.9546149,2076,-103.64535522460938
1772086605.290084,2077,-159.3892822265625
1772086610.1312978,2078,-125.88167572021484
1772086611.809851,2079,-110.67454528808594
1772086616.778377,2080,-127.74171447753906
1772086627.7858129,2081,-181.6107940673828
1772086629.9626157,2082,-108.6597900390625
1772086631.7552962,2083,-118.43509674072266
1772086632.173383,2084,-101.5093002319336
1772086636.2695186,2085,-125.53627014160156
1772086638.3483338,2086,-113.15060424804688
1772086639.4357584,2087,-106.95828247070312
1772086639.7885993,2088,-101.68315887451172
1772086645.7277927,2089,-122.09739685058594
1772086646.9052184,2090,-104.22687530517578
1772086647.7952397,2091,-106.0096435546875
1772086653.1881404,2092,-30.10868263244629
1772086656.7141137,2093,-118.30326843261719
1772086672.9626195,2094,-190.91734313964844
1772086674.3791952,2095,-100.92743682861328
1772086676.2989624,2096,-113.98895263671875
1772086679.527707,2097,-135.23605346679688
1772086683.7722409,2098,-29.677204132080078
1772086684.4238143,2099,-100.54078674316406
1772086685.526737,2100,-111.5171890258789
1772086693.9312487,2101,-138.43820190429688
1772086694.5802243,2102,-100.08965301513672
1772086694.7653685,2103,-100.75018310546875
1772086696.2040887,2104,-108.00101470947266
1772086698.2904797,2105,-105.3681640625
1772086701.7226152,2106,-126.4238052368164
1772086708.9464724,2107,-51.9856071472168
1772086711.3080835,2108,-112.38593292236328
1772086712.9079397,2109,-114.18681335449219
1772086715.8195517,2110,-128.1556854248047
1772086716.2274375,2111,-101.80377197265625
1772086716.4908834,2112,-101.79705047607422
1772086719.7855902,2113,-118.92390441894531
1772086723.082296,2114,-130.57891845703125
1772086723.3748815,2115,-100.0
1772086724.7708304,2116,-109.05616760253906
1772086734.8176768,2117,-171.90179443359375
1772086741.218384,2118,-147.97259521484375
1772086752.3935611,2119,-83.02971649169922
1772086758.0516472,2120,-41.10321044921875
1772086759.0015316,2121,-105.64981079101562
1772086772.0140193,2122,-208.529052734375
1772086783.3244839,2123,-158.5453643798828
1772086786.7893062,2124,-119.5601577758789
1772086787.146481,2125,-100.4249496459961
1772086789.9630473,2126,-117.55142211914062
1772086791.635074,2127,-106.46318817138672
1772086797.937479,2128,-159.54766845703125
1772086799.3372514,2129,-105.0496597290039
1772086800.640692,2130,-106.81436920166016
1772086802.0287695,2131,-112.462890625
1772086811.9456189,2132,-148.3997039794922
1772086812.6504824,2133,-100.0
1772086824.7521386,2134,-169.08766174316406
1772086825.483835,2135,-100.0
1772086825.6093233,2136,-100.0
1772086828.391801,2137,-117.12452697753906
1772086831.5032365,2138,-123.83977508544922
1772086833.259935,2139,-116.17449188232422
1772086836.4743938,2140,-136.0459747314453
1772086836.845447,2141,-100.36620330810547
1772086837.858949,2142,-109.29261016845703
1772086841.4923687,2143,-130.07203674316406
1772086843.8440554,2144,-111.26167297363281
1772086847.1292312,2145,-130.2018280029297
1772086857.5468044,2146,-148.2974853515625
1772086861.336906,2147,-130.61485290527344
1772086861.7047477,2148,-100.85012817382812
1772086864.8355923,2149,-122.11614227294922
1772086871.7412827,2150,-43.14967346191406
1772086875.2750635,2151,-118.57228088378906
1772086887.020193,2152,-179.06707763671875
1772086889.3537178,2153,-106.64195251464844
1772086890.8530936,2154,-108.2140884399414
1772086891.728467,2155,-107.3084487915039
1772086901.7703102,2156,-73.58837127685547
1772086907.9145606,2157,-37.886634826660156
1772086909.515389,2158,-108.26786804199219
1772086912.8170443,2159,-22.3610782623291
1772086919.2742867,2160,-145.26824951171875
1772087165.6935768,2161,-277.0217590332031
1772087169.7610552,2162,-113.58810424804688
1772087174.9544752,2163,-139.8734130859375
1772087177.317067,2164,-117.00428771972656
1772087183.4671748,2165,-136.10691833496094
1772087183.915434,2166,-100.0
1772087184.0441756,2167,-100.0
1772087185.9645064,2168,-114.33016967773438
1772087193.6745446,2169,-139.75743103027344
1772087198.7007368,2170,-131.36244201660156
1772087204.348196,2171,-148.36419677734375
1772087206.1883564,2172,-114.4185562133789
1772087208.199232,2173,-114.21102905273438
1772087219.2338693,2174,-182.4013214111328
1772087222.6040757,2175,-113.57015991210938
1772087224.7483509,2176,-109.25774383544922
1772087231.3060842,2177,-131.8108367919922
1772087238.859424,2178,-147.29627990722656
1772087239.5638134,2179,-100.45916748046875
1772087240.207802,2180,-103.8913803100586
1772087240.3744664,2181,-100.0
1772087241.6437876,2182,-109.33414459228516
1772087271.0827763,2183,-326.7686767578125
1772087274.4745018,2184,-107.37488555908203
1772087278.1780396,2185,-127.52457427978516
1772087280.1505415,2186,-119.14482116699219
1772087282.8145616,2187,-121.71583557128906
1772087292.9696739,2188,-152.61265563964844
1772087296.8114731,2189,-119.91845703125
1772087303.9147174,2190,-142.47796630859375
1772087319.0651047,2191,-84.53421020507812
1772087320.8622956,2192,-102.42346954345703
1772087321.0366569,2193,-100.0
1772087328.728651,2194,-166.2349395751953
1772087349.6112456,2195,-261.9981994628906
1772087352.3907347,2196,-106.60453796386719
1772087355.5939925,2197,-120.90762329101562
1772087357.090609,2198,-111.36621856689453
1772087362.602468,2199,-146.67799377441406
1772087364.4940379,2200,-110.55997467041016
1772087373.1391335,2201,-142.3837432861328
1772087373.9199293,2202,-100.72056579589844
1772087388.530166,2203,-173.46893310546875
1772087393.86617,2204,-129.3348388671875
1772087398.9692757,2205,-119.81185913085938
1772087399.4016132,2206,-100.0
1772087404.064062,2207,-128.90582275390625
1772087410.0589783,2208,-125.28900909423828
1772087413.7570372,2209,-125.29927062988281
1772087417.0249798,2210,-115.73979949951172
1772087418.9089448,2211,-110.0344467163086
1772087431.1804059,2212,-66.16555786132812
1772087437.196577,2213,-136.72850036621094
1772087439.1787813,2214,-107.86373138427734
1772087442.4423828,2215,-20.40906524658203
1772087442.7335622,2216,-100.0
1772087444.8014848,2217,-112.54378509521484
1772087457.962156,2218,-176.38186645507812
1772087587.9065044,2219,-119.3899154663086
1772087604.1340375,2220,-101.72600555419922
1772087608.2177951,2221,-16.79704475402832
1772087616.1713035,2222,-148.1409149169922
1772087631.632298,2223,-214.55625915527344
1772087632.7617495,2224,-100.60424041748047
1772087635.9783452,2225,-122.81721496582031
1772087643.8516457,2226,-174.49978637695312
1772087646.0280492,2227,-104.85122680664062
1772087647.6283832,2228,-108.55696868896484
1772087660.3319802,2229,-158.8871612548828
1772087666.2491922,2230,-132.47628784179688
1772087666.7037265,2231,-100.0
1772087668.881113,2232,-119.39968872070312
1772087675.3626225,2233,-149.9333038330078
1772087680.1713529,2234,-129.97164916992188
1772087683.6850111,2235,-18.5578556060791
1772087684.227621,2236,-101.540283203125
1772087691.0506003,2237,-135.12583923339844
1772087694.617781,2238,-27.7748966217041
1772087694.9365819,2239,-100.0
1772087699.0558543,2240,-137.41796875
1772087703.1493516,2241,-22.49296760559082
1772087706.2518241,2242,-112.0643081665039
1772087706.7633371,2243,-100.59638977050781
1772087709.4538553,2244,-120.75199890136719
1772087720.028988,2245,-183.58851623535156
1772087736.9177465,2246,-89.02919006347656
1772087740.1618252,2247,-120.86186981201172
1772087754.826357,2248,-195.00949096679688
1772087755.913606,2249,-100.0
1772087758.170738,2250,-117.77861785888672
1772087758.425752,2251,-100.0
1772087774.0099673,2252,-215.6817626953125
1772087775.3058884,2253,-101.19590759277344
1772087775.4373267,2254,-100.0
1772087776.6844676,2255,-107.2249755859375
1772087793.7377977,2256,-261.0515441894531
1772087797.739703,2257,-20.401416778564453
1772087800.2028158,2258,-108.24948120117188
1772087806.8438327,2259,-51.07724380493164
1772087807.4035838,2260,-100.0
1772087809.836057,2261,-118.46550750732422
1772087819.465437,2262,47.93791198730469
1772087827.9800012,2263,-180.61814880371094
1772087832.4574518,2264,-129.50042724609375
1772087844.3372283,2265,-171.78089904785156
1772087859.5573895,2266,-189.27517700195312
1772087865.3706954,2267,-128.65699768066406
1772087871.1854281,2268,-158.34628295898438
1772087875.7638543,2269,-137.31320190429688
1772087878.480865,2270,-120.18135833740234
1772087879.596106,2271,-106.66939544677734
1772087890.410448,2272,-164.36122131347656
1772087893.225287,2273,-117.21044921875
1772087907.0864635,2274,-178.59713745117188
1772088117.7385576,2275,-150.7932891845703
1772088121.6729703,2276,-24.146440505981445
1772088124.4660542,2277,-119.05906677246094
1772088124.9294152,2278,-101.05421447753906
1772088126.3058429,2279,-111.01397705078125
1772088128.682583,2280,-120.12996673583984
1772088130.5386999,2281,-115.36558532714844
1772088131.658747,2282,-108.78287506103516
1772088133.1231399,2283,-111.25730895996094
1772088135.081386,2284,-107.43345642089844
1772088146.3701913,2285,-175.84507751464844
1772088155.4981635,2286,-151.52281188964844
1772088156.2145462,2287,-101.27851867675781
1772088173.1630504,2288,-221.87496948242188
1772088175.105628,2289,-108.30104064941406
1772088178.9602094,2290,-140.33892822265625
1772088196.020437,2291,-221.13426208496094
1772088197.5430553,2292,-101.72125244140625
1772088201.6755114,2293,-125.63593292236328
1772088202.7729204,2294,-109.17628479003906
1772088230.8080301,2295,-248.2357635498047
1772088232.6960604,2296,-100.41720581054688
1772088239.1474338,2297,-44.315452575683594
1772088258.4662921,2298,-214.152099609375
1772088262.7950215,2299,-26.635976791381836
1772088278.9290903,2300,-133.6719207763672
1772088280.051334,2301,-100.0
1772088280.1761947,2302,-100.0
1772088297.967822,2303,-129.8616943359375
1772088299.8182874,2304,-105.28675079345703
1772088310.5388658,2305,-165.76846313476562
1772088324.4811857,2306,-80.02226257324219
1772088331.2418082,2307,-39.4636116027832
1772088332.7509687,2308,-110.85967254638672
1772088337.806021,2309,-25.64009666442871
1772088344.8029869,2310,-43.14558410644531
1772088347.338902,2311,-112.82151794433594
1772088363.370624,2312,-231.19143676757812
1772088377.4538972,2313,-197.6288604736328
1772088384.1162097,2314,-37.205970764160156
1772088392.332344,2315,-138.99119567871094
1772088398.5114923,2316,-33.89323806762695
1772088399.1206686,2317,-100.0
1772088408.0114343,2318,-52.692806243896484
1772088419.408119,2319,-67.6277084350586
1772088422.1577158,2320,-108.50699615478516
1772088423.534146,2321,-104.99810028076172
1772088426.9936368,2322,-29.11691665649414
1772088428.7855358,2323,-104.71156311035156
1772088429.102489,2324,-100.0
1772088429.428408,2325,-101.1320571899414
1772088441.5822165,2326,-80.31953430175781
1772088603.834527,2327,-118.46908569335938
1772088606.3552034,2328,-113.04329681396484
1772088613.808421,2329,-169.26438903808594
1772088636.88715,2330,-265.7828369140625
1772088641.2025979,2331,-126.96207427978516
1772088645.6760483,2332,-126.80388641357422
1772088652.8665211,2333,-136.37950134277344
1772088669.472791,2334,-232.40438842773438
1772088671.9526875,2335,-110.51399993896484
1772088686.6553216,2336,-81.3009033203125
1772088694.5376165,2337,-161.92359924316406
1772088708.5131574,2338,-200.16946411132812
1772088710.5081854,2339,-108.50619506835938
1772088719.0859933,2340,-151.27423095703125
1772088726.9303222,2341,-145.15235900878906
1772088748.1509728,2342,-106.10352325439453
1772088754.123903,2343,-138.49386596679688
1772088757.5144022,2344,-117.86125946044922
1772088763.2339416,2345,-136.14755249023438
1772088767.044782,2346,-122.10979461669922
1772088767.352355,2347,-100.0
1772088768.1621957,2348,-108.90203857421875
1772088783.1787791,2349,-215.1192626953125
1772088787.8975656,2350,-139.87290954589844
1772088802.2512627,2351,-196.1119842529297
1772088807.904746,2352,-131.4348907470703
1772088821.8655362,2353,-193.00970458984375
1772088830.1236084,2354,-31.3404598236084
1772088835.4019752,2355,-124.17992401123047
1772088837.8354342,2356,-119.3714599609375
1772088848.4260745,2357,-189.33868408203125
1772088853.5061607,2358,-145.9949493408203
1772088854.5395744,2359,-106.48524475097656
1772088865.1299741,2360,-55.176307678222656
1772088875.3171134,2361,-148.33563232421875
1772088875.9256265,2362,-100.0
1772088876.0491548,2363,-100.0
1772088892.3320036,2364,-194.0829315185547
1772088897.5919473,2365,-39.071136474609375
1772088899.9672039,2366,-118.59476470947266
1772088904.336968,2367,-129.5486297607422
1772088906.0987816,2368,-109.0468521118164
1772088910.4998858,2369,-28.510164260864258
1772089086.5056305,2370,-145.14505004882812
1772089091.031191,2371,-124.73963165283203
1772089093.562879,2372,-122.80706787109375
1772089096.7047782,2373,-14.717530250549316
1772089103.2112262,2374,-163.6038818359375
1772089115.8011231,2375,-176.1331329345703
1772089116.857724,2376,-101.56651306152344
1772089119.082342,2377,-111.58291625976562
1772089119.3937645,2378,-100.5999984741211
1772089126.697125,2379,-156.77972412109375
1772089131.6952455,2380,-31.398094177246094
1772089132.4926734,2381,-104.65606689453125
1772089154.6087778,2382,-248.94671630859375
1772089178.9256015,2383,-153.73597717285156
1772089199.1477027,2384,-96.26023864746094
1772089208.2797015,2385,-149.04672241210938
1772089217.7610729,2386,-141.15447998046875
1772089220.0819054,2387,-116.86602783203125
1772089228.705299,2388,-144.9479217529297
1772089234.4341557,2389,-26.48138427734375
1772089250.9270086,2390,-231.06968688964844
1772089254.0321574,2391,-114.40628051757812
1772089263.5226192,2392,-48.489830017089844
1772089272.57779,2393,-43.655479431152344
1772089273.4349546,2394,-101.24302673339844
1772089278.4475253,2395,-51.58058166503906
1772089279.075835,2396,-101.83236694335938
1772089291.2343943,2397,-79.51005554199219
1772089305.5786736,2398,-177.577392578125
1772089310.9490967,2399,-139.31072998046875
1772089312.9827552,2400,-116.01997375488281
1772089327.8504505,2401,-96.23296356201172
1772089335.0756397,2402,-143.49192810058594
1772089345.6344333,2403,-60.35483169555664
1772089350.3010025,2404,-134.738037109375
1772089351.9380074,2405,-113.3073501586914
1772089357.899949,2406,-139.75791931152344
1772089368.0805244,2407,-62.772727966308594
1772089370.6033452,2408,-109.0357666015625
1772089372.916624,2409,-114.48087310791016
1772089381.1225824,2410,-159.2145538330078
1772089388.312084,2411,-142.52120971679688
1772089397.3687387,2412,-45.45137405395508
1772089556.5772202,2413,-88.05021667480469
1772089564.481574,2414,-162.94671630859375
1772089566.6352892,2415,-104.53709411621094
1772089581.6652706,2416,-203.45907592773438
1772089587.9091702,2417,-31.3367977142334
1772089592.4741719,2418,-141.2438201904297
1772089592.8425686,2419,-100.0
1772089593.80346,2420,-107.40821075439453
1772089594.0296545,2421,-100.7836685180664
1772089596.0137405,2422,-112.40230560302734
1772089604.650817,2423,-145.46949768066406
1772089631.4339583,2424,-172.65249633789062
1772089637.826535,2425,-129.9443817138672
1772089642.3817472,2426,-121.50704193115234
1772089656.552382,2427,-77.73085021972656
1772089682.9138315,2428,-152.06976318359375
1772089686.6035314,2429,-113.38333129882812
1772089686.8330395,2430,-100.0
1772089703.3285074,2431,-247.6908416748047
1772089705.706266,2432,-108.90896606445312
1772089708.5548878,2433,-123.55950164794922
1772089718.8666902,2434,-196.55267333984375
1772089735.59402,2435,-96.19442749023438
1772089741.9541757,2436,-31.799345016479492
1772089742.4749262,2437,-100.13041687011719
1772089783.1371117,2438,-291.3768615722656
1772089790.4917037,2439,-131.4037322998047
1772089810.013252,2440,-119.68315887451172
1772089816.1704683,2441,-135.94386291503906
1772089818.6981678,2442,-112.19864654541016
1772089819.0188909,2443,-100.62397766113281
1772089829.898396,2444,-71.90901947021484
1772089842.1080594,2445,19.274444580078125
1772089854.5976574,2446,-168.66317749023438
1772090062.4103348,2447,-170.44265747070312
1772090095.2883189,2448,-322.0678405761719
1772090097.5137641,2449,-101.16034698486328
1772090103.8986545,2450,-132.03684997558594
1772090124.714204,2451,-205.3151092529297
1772090135.5931175,2452,-169.40585327148438
1772090139.2462258,2453,-115.61170959472656
1772090139.5402381,2454,-100.0
1772090164.4268382,2455,-149.06991577148438
1772090171.915208,2456,-40.07866668701172
1772090192.6654396,2457,-243.45895385742188
1772090193.9954448,2458,-100.0
1772090197.706982,2459,-114.41503143310547
1772090214.187522,2460,-112.90789031982422
1772090219.4395592,2461,-125.17371368408203
1772090224.5695865,2462,-31.93191909790039
1772090226.530942,2463,-110.67345428466797
1772090239.2983246,2464,-171.01084899902344
1772090243.7129383,2465,-17.111330032348633
1772090247.5941944,2466,-118.54926300048828
1772090263.488432,2467,-173.28578186035156
1772090264.6491573,2468,-101.10272979736328
1772090272.5777085,2469,-161.6284637451172
1772090278.6330483,2470,-136.6057586669922
1772090285.1255774,2471,-140.97967529296875
1772090290.8268018,2472,-130.1292724609375
1772090302.9528346,2473,-177.1492462158203
1772090310.5390515,2474,74.43069458007812
1772090312.5862324,2475,-111.28427124023438
1772090314.4581804,2476,-108.9654312133789
1772090327.6353147,2477,-82.63218688964844
1772090332.4271529,2478,-128.1960906982422
1772090334.945981,2479,-116.4037094116211
1772090336.6835842,2480,-106.88140869140625
1772090355.9171154,2481,-213.0059051513672
1772090361.1747282,2482,-138.2530975341797
1772090361.5460207,2483,-100.0
1772090364.5854664,2484,-121.56706237792969
1772090518.4100833,2485,-223.5482940673828
1772090540.2580624,2486,-136.44186401367188
1772090542.6018913,2487,-105.91207122802734
1772090545.914949,2488,-30.27471351623535
1772090546.6973588,2489,-101.36332702636719
1772090559.7870507,2490,-85.78144073486328
1772090563.034206,2491,-117.07953643798828
1772090566.753945,2492,-119.6895523071289
1772090573.2902868,2493,-142.7698211669922
1772090637.399143,2494,-507.8607482910156
1772090650.06329,2495,-187.27928161621094
1772090653.6415436,2496,-18.71636962890625
1772090659.2442527,2497,-141.4317626953125
1772090678.7527099,2498,-213.6794891357422
1772090681.579177,2499,-111.7944564819336
1772090688.4513927,2500,-158.09860229492188
1772090694.1226757,2501,-141.1651611328125
1772090720.536519,2502,-192.35696411132812
1772090727.6173532,2503,-133.04019165039062
1772090742.9122887,2504,-69.8152847290039
1772090744.6232436,2505,-106.96842193603516
1772090746.95552,2506,-110.50296020507812
1772090764.2023506,2507,-100.3489990234375
1772090772.5792441,2508,-140.37066650390625
1772090775.9890752,2509,-19.172101974487305
1772090783.3902621,2510,-153.19845581054688
1772090804.19292,2511,-133.57225036621094
1772090826.0821922,2512,-232.2294158935547
1772091055.4995475,2513,-131.0396270751953
1772091058.9559112,2514,-15.204753875732422
1772091060.0635955,2515,-105.40198516845703
1772091078.657406,2516,-232.79640197753906
1772091101.4833329,2517,-244.39039611816406
1772091102.9282646,2518,-100.0
1772091103.116776,2519,-100.64129638671875
1772091128.2342038,2520,-170.7843780517578
1772091131.4901714,2521,-112.3565673828125
1772091134.932376,2522,-21.236989974975586
1772091149.1155827,2523,-59.56893539428711
1772091150.129019,2524,-100.0
1772091150.2514367,2525,-100.0
1772091153.8798864,2526,-142.5087890625
1772091176.4649134,2527,-232.93663024902344
1772091183.5212576,2528,-131.41964721679688
1772091187.7881396,2529,-122.90834045410156
1772091189.5479274,2530,-108.60621643066406
1772091200.0106215,2531,-187.80517578125
1772091201.3913095,2532,-104.13946533203125
1772091218.7440174,2533,-113.31771850585938
1772091224.0626607,2534,-32.360618591308594
1772091229.3785846,2535,-20.88728904724121
1772091232.0237553,2536,-115.18106079101562
1772091237.3231444,2537,-30.505273818969727
1772091240.775113,2538,-13.77604866027832
1772091246.922768,2539,-152.8156280517578
1772091257.8888137,2540,-154.52511596679688
1772091281.5474515,2541,-61.989749908447266
1772091306.2492692,2542,-179.6042938232422
1772091317.2173762,2543,-189.5046844482422
1772091329.1914043,2544,-155.34304809570312
1772091332.3301768,2545,-119.24612426757812
1772091343.329484,2546,-167.22360229492188
1772091352.8536773,2547,-62.566993713378906
1772091593.1218011,2548,-190.60752868652344
1772091594.2511415,2549,-100.29351806640625
1772091602.5384326,2550,-153.39630126953125
1772091614.339049,2551,-164.98593139648438
1772091617.6106021,2552,-121.25296783447266
1772091619.5546563,2553,-109.70526885986328
1772091620.3324153,2554,-103.83688354492188
1772091625.418231,2555,-20.86170196533203
1772091626.038284,2556,-101.54151153564453
1772091628.8753765,2557,-124.04708099365234
1772091630.8189058,2558,-112.38965606689453
1772091631.1538963,2559,-100.91555786132812
1772091632.3510995,2560,-104.63118743896484
1772091637.2910378,2561,-132.09515380859375
1772091640.4557858,2562,-131.7756805419922
1772091643.56276,2563,-114.8609619140625
1772091644.9711416,2564,-111.4990463256836
1772091648.880623,2565,-36.16688537597656
1772091652.170357,2566,-117.67462158203125
1772091652.46076,2567,-100.0
1772091653.5145676,2568,-104.35420227050781
1772091653.8250678,2569,-101.29296112060547
1772091655.7456403,2570,-109.68666076660156
1772091665.2280595,2571,-75.23307037353516
1772091671.4588633,2572,-134.0422821044922
1772091675.809921,2573,-25.607208251953125
1772091679.9608104,2574,-142.296142578125
1772091681.8987439,2575,-108.44097900390625
1772091690.1462471,2576,-150.69593811035156
1772091695.1741056,2577,-136.89468383789062
1772091700.4913344,2578,-131.58920288085938
1772091703.7870865,2579,-113.4076919555664
1772091717.9762928,2580,-178.6788787841797
1772091719.009347,2581,-100.4913558959961
1772091730.2199526,2582,-175.85076904296875
1772091734.2416253,2583,-127.84800720214844
1772091734.9727647,2584,-103.85089874267578
1772091739.3059733,2585,-37.7730598449707
1772091744.6728563,2586,-125.56970977783203
1772091756.001183,2587,-167.27944946289062
1772091760.8321793,2588,-32.22514724731445
1772091761.8793256,2589,-102.90480041503906
1772091765.210665,2590,-117.23844909667969
1772091770.5387824,2591,-138.2032928466797
1772091773.9540472,2592,-12.668211936950684
1772091774.347478,2593,-100.25814819335938
1772091775.5693793,2594,-109.93502807617188
1772091776.0807195,2595,-101.24012756347656
1772091778.6762476,2596,-117.79572296142578
1772091782.0927756,2597,-133.6977081298828
1772091789.3880277,2598,-169.8936004638672
1772091790.7305286,2599,-102.2507095336914
1772091794.4667354,2600,-126.8725814819336
1772091802.1862054,2601,-145.1021270751953
1772091804.9404361,2602,-114.05034637451172
1772091806.3488016,2603,-104.98831176757812
1772091806.722015,2604,-101.51697540283203
1772091812.475624,2605,-152.0073699951172
1772091815.4421022,2606,-121.30480194091797
1772091817.4185438,2607,-108.24349975585938
1772091818.1874406,2608,-104.66886901855469
1772091823.873722,2609,-127.71037292480469
1772091825.1124856,2610,-107.8430404663086
1772091828.9412928,2611,-123.15897369384766
1772091833.930666,2612,-127.81932830810547
1772091844.2679644,2613,-171.68331909179688
1772091845.7862272,2614,-109.87451171875
1772091848.7932887,2615,-119.14861297607422
1772091849.1492167,2616,-100.26319122314453
1772091851.3848193,2617,-122.54808044433594
1772091852.6865358,2618,-108.97767639160156
1772091856.043272,2619,-128.6223907470703
1772091864.346131,2620,-47.13075637817383
1772091866.2513583,2621,-105.01776123046875
1772091871.5444214,2622,-44.8587760925293
1772091877.219501,2623,-134.34030151367188
1772091879.1653621,2624,-110.05197143554688
1772091879.3763602,2625,-100.0
1772091887.0738678,2626,-153.2555694580078
1772091892.0436378,2627,-121.48883056640625
1772091892.4958208,2628,-100.38014221191406
1772091895.9785845,2629,-117.51373291015625
1772091904.2350342,2630,-147.34768676757812
1772092122.3790784,2631,-102.24183654785156
1772092130.5741389,2632,-161.16932678222656
1772092132.6844368,2633,-107.57189178466797
1772092134.73172,2634,-115.46925354003906
1772092138.5669935,2635,-34.63481140136719
1772092140.5149875,2636,-113.86660766601562
1772092143.9447868,2637,-134.15086364746094
1772092144.394534,2638,-100.85374450683594
1772092148.271882,2639,-133.82736206054688
1772092148.706451,2640,-100.72022247314453
1772092150.6017244,2641,-109.9525146484375
1772092151.9484708,2642,-109.6681900024414
1772092155.43423,2643,-19.805007934570312
1772092158.4524004,2644,-126.64192199707031
1772092159.8516514,2645,-103.45880889892578
1772092162.210528,2646,-121.61736297607422
1772092163.4680514,2647,-103.43048858642578
1772092163.7858176,2648,-101.27816009521484
1772092164.2087476,2649,-101.5949935913086
1772092168.3318996,2650,-121.96490478515625
1772092172.1194656,2651,-120.04353332519531
1772092178.0903623,2652,-40.670413970947266
1772092181.1648715,2653,-116.38999938964844
1772092187.9531605,2654,-135.2952423095703
1772092190.2750018,2655,-117.69637298583984
1772092195.777243,2656,-23.33879852294922
1772092197.3571477,2657,-108.17274475097656
1772092207.0152845,2658,-171.44064331054688
1772092209.5835807,2659,-120.54325103759766
1772092209.8356621,2660,-100.0
1772092210.0266235,2661,-100.68738555908203
1772092217.8491275,2662,-154.71397399902344
1772092220.568174,2663,-114.7234878540039
1772092222.4623349,2664,-110.76341247558594
1772092226.4140644,2665,-122.89603424072266
1772092229.876274,2666,-125.5931625366211
1772092238.0175607,2667,-64.15036010742188
1772092240.3079038,2668,-113.61292266845703
1772092242.123035,2669,-105.69758605957031
1772092244.162878,2670,-109.14824676513672
1772092246.2237933,2671,-109.14476013183594
1772092248.9711342,2672,-123.86227416992188
1772092259.275177,2673,-169.00198364257812
1772092265.4504986,2674,-137.77284240722656
1772092269.4512875,2675,-122.85517120361328
1772092270.0821848,2676,-101.71125030517578
1772092274.0929232,2677,-127.71640014648438
1772092275.4739037,2678,-104.82156372070312
1772092281.6335742,2679,-132.8761444091797
1772092282.925792,2680,-107.18684387207031
1772092283.1144621,2681,-100.0
1772092289.1641417,2682,-145.77610778808594
1772092301.8041315,2683,-191.44644165039062
1772092305.7481039,2684,-19.83689308166504
1772092308.7069745,2685,-112.46672821044922
1772092312.4589927,2686,-133.93898010253906
1772092312.8117688,2687,-100.0
1772092314.529695,2688,-110.27448272705078
1772092314.7648659,2689,-100.0
1772092316.07552,2690,-113.42728424072266
1772092316.7804594,2691,-103.2370376586914
1772092318.4099545,2692,-116.4372329711914
1772092318.8648705,2693,-102.09369659423828
1772092320.7495565,2694,-111.98966979980469
1772092331.4908118,2695,-168.94093322753906
1772092334.2512233,2696,-106.0158920288086
1772092336.2357018,2697,-109.68985748291016
1772092341.2593007,2698,-125.2088851928711
1772092342.8273816,2699,-108.85552978515625
1772092343.533764,2700,-103.38190460205078
1772092343.704089,2701,-100.0
1772092343.826624,2702,-100.0
1772092345.8023355,2703,-111.97923278808594
1772092352.6090565,2704,-57.969173431396484
1772092356.7153404,2705,-131.74330139160156
1772092358.130154,2706,-106.0218505859375
1772092365.7476401,2707,-158.39312744140625
1772092367.7238111,2708,-109.1093521118164
1772092370.9876647,2709,-21.720285415649414
1772092373.4227946,2710,-111.06985473632812
1772092374.9697,2711,-107.48653411865234
1772092375.8423338,2712,-103.1715087890625
1772092377.813135,2713,-115.94441986083984
1772092384.3309746,2714,-138.78884887695312
1772092388.5142238,2715,-126.70515441894531
1772092390.5657623,2716,-108.46942901611328
1772092398.3389049,2717,-154.06277465820312
1772092404.2024803,2718,-135.65480041503906
1772092408.2352636,2719,-121.5562515258789
1772092409.7910466,2720,-110.82560729980469
1772092414.2104995,2721,-127.73532104492188
1772092417.4248383,2722,-122.16287231445312
1772092418.2225835,2723,-106.35859680175781
1772092420.216849,2724,-113.64960479736328
1772092420.5830998,2725,-101.09833526611328
1772092422.5703487,2726,-110.07539367675781
1772092424.8942788,2727,-115.65773010253906
1772092425.333412,2728,-100.73863220214844
1772092429.2429643,2729,-134.1420440673828
1772092430.89144,2730,-107.7253646850586
1772092431.6127975,2731,-105.73497772216797
1772092435.362028,2732,-30.222585678100586
1772092437.227994,2733,-107.99375915527344
1772092444.59081,2734,-137.15866088867188
1772092660.7149355,2735,-160.11416625976562
1772092662.4927666,2736,-103.10376739501953
1772092664.4895978,2737,-116.88777160644531
1772092666.842243,2738,-122.88265228271484
1772092671.8394437,2739,-130.790283203125
1772092673.5421,2740,-109.75079345703125
1772092674.5403385,2741,-109.22821044921875
1772092674.7076907,2742,-100.0
1772092680.6011074,2743,-154.37457275390625
1772092684.0437474,2744,-18.350208282470703
1772092685.4225879,2745,-104.25968933105469
1772092686.1559696,2746,-102.22351837158203
1772092689.466712,2747,-121.49577331542969
1772092690.4972649,2748,-105.06139373779297
1772092699.306495,2749,-80.52494812011719
1772092701.1010277,2750,-107.2665023803711
1772092705.0576143,2751,-120.08285522460938
1772092711.2428005,2752,-43.77385711669922
1772092713.8994613,2753,-120.29703521728516
1772092714.2194812,2754,-100.57125854492188
1772092716.7932494,2755,-112.22779846191406
1772092720.4625974,2756,-113.38980865478516
1772092722.3051062,2757,-107.15694427490234
1772092722.5408838,2758,-100.0
1772092735.1240697,2759,-159.63890075683594
1772092736.2362242,2760,-101.02528381347656
1772092738.9468048,2761,-111.28750610351562
1772092739.3525205,2762,-101.76355743408203
1772092748.0178642,2763,-173.49415588378906
1772092751.4794068,2764,-111.24781799316406
1772092754.5574985,2765,-115.67839813232422
1772092763.5860958,2766,-159.05226135253906
1772092764.2988682,2767,-100.53849792480469
1772092765.473823,2768,-108.10890197753906
1772092765.6801994,2769,-100.0
1772092765.805501,2770,-100.0
1772092765.9950323,2771,-100.41060638427734
1772092767.3073378,2772,-108.51699829101562
1772092783.3291264,2773,-192.7638397216797
1772092788.3897128,2774,-23.12582015991211
1772092793.4744701,2775,-120.71533966064453
1772092797.2180872,2776,-114.72517395019531
1772092801.81619,2777,-119.1621322631836
1772092802.1888704,2778,-100.0
1772092811.2021437,2779,-151.4302215576172
1772092813.0351562,2780,-111.29898071289062
1772092815.656988,2781,-116.78854370117188
1772092819.498566,2782,-140.71441650390625
1772092822.3429701,2783,-129.3826446533203
1772092835.2387295,2784,-188.6966552734375
1772092841.3031294,2785,-145.6759490966797
1772092843.8108213,2786,-112.0362319946289
1772092849.6245396,2787,-127.27847290039062
1772092860.015122,2788,-166.940673828125
1772092866.534468,2789,-159.73143005371094
1772092867.8046594,2790,-107.22193145751953
1772092868.4797525,2791,-102.40998840332031
1772092872.4420836,2792,-17.936216354370117
1772092877.058592,2793,-129.65577697753906
1772092880.0737586,2794,-124.9437026977539
1772092884.5683584,2795,-27.099149703979492
1772092887.5069323,2796,-116.19879150390625
1772092887.8522427,2797,-100.17073822021484
1772092893.7187793,2798,-142.5117645263672
1772092896.0663855,2799,-117.01414489746094
1772092910.3924487,2800,-201.63919067382812
1772092914.8106313,2801,-25.59013557434082
1772092917.530424,2802,-127.5753173828125
1772092920.4910707,2803,-115.80884552001953
1772092925.3566,2804,-124.63720703125
1772092927.01565,2805,-106.18138885498047
1772092927.385522,2806,-101.5169448852539
1772092931.2758565,2807,-132.73556518554688
1772092935.2923589,2808,-21.366382598876953
1772092936.491613,2809,-107.12549591064453
1772092939.888184,2810,-13.97430419921875
1772092940.9027781,2811,-104.45021057128906
1772092941.1843748,2812,-100.94985961914062
1772092947.5340152,2813,-175.74398803710938
1772092949.8663943,2814,-108.29380798339844
1772092954.2186272,2815,-125.39566040039062
1772092957.9955108,2816,-35.02607727050781
1772092961.9774232,2817,-26.293170928955078
1772092963.5298042,2818,-110.78923797607422
1772092963.7288768,2819,-100.0
1772092972.4504144,2820,-164.51341247558594
1772093145.3551507,2821,-167.83950805664062
1772093147.0045283,2822,-112.46414947509766
1772093151.1299605,2823,-138.35108947753906
1772093155.0424893,2824,-129.18865966796875
1772093158.458239,2825,-17.544666290283203
1772093160.482663,2826,-108.97239685058594
1772093162.635252,2827,-122.18121337890625
1772093163.0431292,2828,-100.39627075195312
1772093164.7065,2829,-118.96595764160156
1772093168.642318,2830,-118.50101470947266
1772093172.621883,2831,-128.74342346191406
1772093173.7537613,2832,-106.7828598022461
1772093177.5471778,2833,-127.14022064208984
1772093181.8584356,2834,-128.57533264160156
1772093183.8185678,2835,-114.0
1772093184.3140023,2836,-102.27862548828125
1772093185.6748035,2837,-108.13094329833984
1772093185.9943354,2838,-100.7487564086914
1772093192.2676919,2839,-127.76263427734375
1772093192.7830398,2840,-100.0
1772093195.689536,2841,-127.6925048828125
1772093196.7012026,2842,-104.37609100341797
1772093199.7247553,2843,-129.44161987304688
1772093200.103058,2844,-100.43814086914062
1772093206.4746537,2845,-137.60986328125
1772093209.6113057,2846,-115.3360595703125
1772093210.5392118,2847,-102.38040161132812
1772093210.7000482,2848,-100.0
1772093210.8265805,2849,-100.0
1772093212.0127792,2850,-106.51578521728516
1772093213.803264,2851,-112.07769775390625
1772093215.6589298,2852,-111.75877380371094
1772093219.051421,2853,-122.58635711669922
1772093219.5320137,2854,-100.82817077636719
1772093220.5232782,2855,-106.6261215209961
1772093220.6926668,2856,-100.0
1772093220.815811,2857,-100.0
1772093221.4886954,2858,-101.6897964477539
1772093221.9898188,2859,-103.45171356201172
1772093230.7322245,2860,-164.27874755859375
1772093235.657608,2861,-123.35515594482422
1772093244.1074376,2862,-53.85043716430664
1772093246.5522797,2863,-119.67567443847656
1772093248.9315467,2864,-120.00369262695312
1772093252.369689,2865,-110.57998657226562
1772093252.7443573,2866,-100.5335464477539
1772093254.4984236,2867,-107.97320556640625
1772093254.826594,2868,-100.4159927368164
1772093255.0184906,2869,-100.51447296142578
1772093256.1074686,2870,-109.38563537597656
1772093256.5294535,2871,-101.88483428955078
1772093259.8513255,2872,-116.26151275634766
1772093260.1724386,2873,-100.0
1772093263.795855,2874,-116.3548812866211
1772093264.394887,2875,-101.18193054199219
1772093266.799768,2876,-111.43915557861328
1772093273.510596,2877,-133.2452392578125
1772093275.664666,2878,-118.25037384033203
1772093280.6456416,2879,-37.236915588378906
1772093281.451576,2880,-103.64839935302734
1772093283.8470411,2881,-121.3048324584961
1772093285.0346618,2882,-107.6278305053711
1772093288.5556316,2883,-120.537841796875
1772093297.5480418,2884,-151.94041442871094
1772093301.8987188,2885,-123.2844009399414
1772093303.5225992,2886,-108.01126098632812
1772093303.9059355,2887,-101.22837829589844
1772093308.1530035,2888,-124.3861083984375
1772093308.5871537,2889,-100.14559173583984
1772093312.5225987,2890,-37.404788970947266
1772093314.4099522,2891,-108.55992126464844
1772093320.619024,2892,-143.83888244628906
1772093324.1980414,2893,-115.40480041503906
1772093332.0343924,2894,-142.90357971191406
1772093343.6137211,2895,-186.95628356933594
1772093348.4177723,2896,-142.1800537109375
1772093351.8418756,2897,-124.60453033447266
1772093354.2079568,2898,-108.35930633544922
1772093358.1881797,2899,-125.46986389160156
1772093361.5465395,2900,-35.69204330444336
1772093362.5615807,2901,-108.78978729248047
1772093364.9491148,2902,-125.14698791503906
1772093367.2104557,2903,-119.3779296875
1772093369.1639352,2904,-110.70561981201172
1772093369.421137,2905,-100.0
1772093370.316974,2906,-103.12200164794922
1772093370.6348546,2907,-101.25303649902344
1772093379.8832877,2908,-153.73619079589844
1772093382.353721,2909,-115.63605499267578
1772093383.9276989,2910,-106.7706069946289
1772093385.2439291,2911,-104.34089660644531
1772093385.896199,2912,-101.97659301757812
1772093387.7671144,2913,-122.46612548828125
1772093391.5310109,2914,-130.0939178466797
1772093399.6676407,2915,-164.68406677246094
1772093401.8743353,2916,-112.53857421875
1772093405.6745296,2917,-127.6044921875
1772093410.4117098,2918,-138.92247009277344
1772093412.1074414,2919,-109.10369110107422
1772093422.6350758,2920,-53.736724853515625
1772093424.3571372,2921,-107.10871124267578
1772093428.100833,2922,-33.42963790893555
1772093429.0035236,2923,-104.64163208007812
1772093429.2920918,2924,-100.87422943115234
1772093429.538051,2925,-101.1910400390625
1772093433.306293,2926,-120.50812530517578
1772093436.8735719,2927,-118.24989318847656
1772093442.9863105,2928,-131.4224853515625
1772093451.2349105,2929,-143.664794921875
1772093456.1117575,2930,-21.46551513671875
1772093462.5304441,2931,-126.14524841308594
1772093690.5721383,2932,-107.62606048583984
1772093690.7637606,2933,-100.0
1772093692.9613426,2934,-113.25885772705078
1772093694.4696243,2935,-110.1431884765625
1772093695.074502,2936,-102.70149993896484
1772093700.2258286,2937,-35.13894271850586
1772093702.892792,2938,-112.9967269897461
1772093704.9911194,2939,-111.1402587890625
1772093708.3532884,2940,-27.51466178894043
1772093715.7813768,2941,-146.53562927246094
1772093719.3942971,2942,-20.19898796081543
1772093722.3484623,2943,-112.51627349853516
1772093722.8692985,2944,-103.33003997802734
1772093727.2758117,2945,-138.8000030517578
1772093729.050492,2946,-108.43433380126953
1772093734.9230945,2947,-138.8327178955078
1772093739.3069701,2948,-117.1922836303711
1772093741.2875621,2949,-110.32401275634766
1772093743.2982109,2950,-115.82816314697266
1772093744.1712775,2951,-102.20639038085938
1772093745.5797727,2952,-111.48481750488281
1772093748.1936743,2953,-111.17179107666016
1772093749.8463109,2954,-107.80929565429688
1772093750.401123,2955,-101.60600280761719
1772093752.4087143,2956,-108.8630142211914
1772093755.3392394,2957,-124.0508041381836
1772093761.7385502,2958,-135.80389404296875
1772093763.6749513,2959,-106.22986602783203
1772093772.1940653,2960,-50.65584182739258
1772093776.3639145,2961,-124.37498474121094
1772093777.4979818,2962,-106.27008819580078
1772093777.826388,2963,-101.5788803100586
1772093786.3532877,2964,-167.9659881591797
1772093790.4112456,2965,-26.214576721191406
1772093791.2173302,2966,-103.11612701416016
1772093792.8908737,2967,-107.73334503173828
1772093793.7292635,2968,-105.10262298583984
1772093796.5051398,2969,-116.05868530273438
1772093801.2819433,2970,-35.73111343383789
1772093806.9540966,2971,-128.69261169433594
1772093808.5257201,2972,-108.86890411376953
1772093809.313469,2973,-105.11542510986328
1772093815.115535,2974,-41.40888214111328
1772093818.4024951,2975,-113.12174224853516
1772093820.602748,2976,-113.27519226074219
1772093822.2303245,2977,-110.88796997070312
1772093836.0022697,2978,-230.2069854736328
1772093838.4131696,2979,-110.80729675292969
1772093839.4318597,2980,-102.04859924316406
1772093845.1627088,2981,-133.4235382080078
1772093849.3782687,2982,-125.53570556640625
1772093851.7349262,2983,-109.36148071289062
1772093851.9852052,2984,-100.0
1772093855.1422873,2985,-29.20274543762207
1772093855.8105772,2986,-104.18955993652344
1772093857.1308625,2987,-108.08655548095703
1772093863.6390045,2988,-35.51694869995117
1772093865.826703,2989,-112.80581665039062
1772093874.6685002,2990,-137.007568359375
1772093876.754374,2991,-105.26792907714844
1772093889.8013694,2992,-232.428955078125
1772093896.3005164,2993,-145.67572021484375
1772093909.6114693,2994,-197.96343994140625
1772093912.0022485,2995,-109.79972076416016
1772093912.2152028,2996,-100.0
1772093917.6435688,2997,-136.8436737060547
1772093921.1007967,2998,-113.67037200927734
1772093921.483806,2999,-100.39450073242188
1772093932.833765,3000,-196.36647033691406
1772093935.6810853,3001,-124.09783935546875
1772093939.9611669,3002,-140.7587127685547
1772093940.652418,3003,-102.0178451538086
1772093942.48287,3004,-109.91893005371094
1772093947.146917,3005,-129.7654266357422
1772093947.5627413,3006,-100.0
1772093950.2509465,3007,-119.17994689941406
1772093960.2672853,3008,-159.89976501464844
1772093962.8545773,3009,-119.34231567382812
1772093966.9221075,3010,-115.14530181884766
1772093972.3221772,3011,-124.4258804321289
1772093974.410908,3012,-105.41975402832031
1772093974.636397,3013,-100.0
1772093982.413661,3014,-141.35101318359375
1772093984.0015907,3015,-103.95170593261719
1772093986.2194555,3016,-117.65544891357422
1772093990.2655268,3017,-146.80519104003906
1772093993.674708,3018,-19.01909828186035
1772093993.9946628,3019,-100.0
1772093994.1238453,3020,-100.0
1772093996.385493,3021,-122.38610076904297
1772094002.947392,3022,-141.45201110839844
1772094012.161634,3023,-194.32139587402344
1772094159.5864792,3024,-117.22315979003906
1772094161.7954044,3025,-111.80445098876953
1772094163.4663417,3026,-108.31976318359375
1772094164.1763256,3027,-106.03398895263672
1772094171.3925424,3028,-35.37577819824219
1772094174.3704784,3029,-115.22931671142578
1772094177.6109483,3030,-117.15657806396484
1772094194.7309017,3031,-111.2087173461914
1772094197.0789473,3032,-107.67493438720703
1772094199.0743613,3033,-105.91353607177734
1772094203.4036202,3034,-131.74569702148438
1772094205.3530178,3035,-115.19245910644531
1772094207.6511655,3036,-111.83964538574219
1772094211.0196908,3037,-120.13333129882812
1772094214.434108,3038,-29.04283905029297
1772094219.5891998,3039,-123.033935546875
1772094232.475738,3040,-199.76107788085938
1772094235.138231,3041,-109.58619689941406
1772094239.1795154,3042,-112.30170440673828
1772094241.0995946,3043,-111.52442932128906
1772094257.7432168,3044,-202.25267028808594
1772094263.50501,3045,-134.75372314453125
1772094270.4818604,3046,-154.77078247070312
1772094271.3307707,3047,-101.08312225341797
1772094273.739124,3048,-110.19512176513672
1772094275.5962625,3049,-111.63656616210938
1772094280.3720276,3050,-21.744712829589844
1772094283.5643668,3051,-128.73385620117188
1772094286.250926,3052,-114.55559539794922
1772094288.8435302,3053,-116.80400848388672
1772094296.6376238,3054,-142.87596130371094
1772094300.7150009,3055,-136.3696746826172
1772094307.1277182,3056,-135.6721954345703
1772094314.4226117,3057,-58.608314514160156
1772094314.9877558,3058,-100.0
1772094315.3738928,3059,-101.19659423828125
1772094322.128571,3060,-135.29075622558594
1772094324.3756022,3061,-113.8587875366211
1772094327.7307837,3062,-130.44564819335938
1772094331.9150262,3063,-123.54660034179688
1772094333.3981235,3064,-106.34454345703125
1772094335.1501439,3065,-116.55228424072266
1772094335.4992723,3066,-100.94591522216797
1772094344.9730012,3067,-152.24481201171875
1772094348.4811342,3068,-12.177752494812012
1772094349.7766986,3069,-110.19172668457031
1772094351.1794581,3070,-109.09103393554688
1772094354.4439278,3071,-20.35549545288086
1772094368.074447,3072,-201.1074981689453
1772094375.5958123,3073,-128.9824676513672
1772094378.2653024,3074,-118.67537689208984
1772094383.083335,3075,-126.4823989868164
1772094390.0268497,3076,-157.04808044433594
1772094390.6494546,3077,-101.15017700195312
1772094392.9445856,3078,-112.76712036132812
1772094393.357797,3079,-100.32059478759766
1772094394.892631,3080,-103.44530487060547
1772094395.4030032,3081,-103.16580963134766
1772094399.3741555,3082,-128.97509765625
1772094404.5500731,3083,-152.04531860351562
1772094407.3137448,3084,-115.30357360839844
1772094412.7580423,3085,-150.12075805664062
1772094413.9291866,3086,-105.47998809814453
1772094414.1243072,3087,-100.0
1772094414.2513266,3088,-100.0
1772094419.3869991,3089,-125.87303161621094
1772094420.5055964,3090,-108.08783721923828
1772094428.0021596,3091,-158.15989685058594
1772094431.9880867,3092,-16.4180908203125
1772094433.3131473,3093,-104.79623413085938
1772094436.5457923,3094,-119.47095489501953
1772094437.115772,3095,-101.95140838623047
1772094438.8404777,3096,-115.90593719482422
1772094445.9329503,3097,-144.883544921875
1772094446.5072637,3098,-100.0
1772094446.7447107,3099,-101.25049591064453
1772094446.8915951,3100,-100.0
1772094447.9470904,3101,-106.27128601074219
1772094453.0022738,3102,-23.555437088012695
1772094467.9126003,3103,-228.94796752929688
1772094485.7724516,3104,-191.2698516845703
1772094631.720282,3105,-107.81118774414062
1772094632.0748546,3106,-100.45072937011719
1772094632.2582448,3107,-100.18913269042969
1772094637.9395068,3108,-133.08956909179688
1772094645.5442016,3109,-137.4586181640625
1772094648.8664634,3110,-123.23153686523438
1772094654.0823653,3111,-25.424211502075195
1772094654.447957,3112,-100.0
1772094657.7074306,3113,-119.81595611572266
1772094666.960032,3114,-179.5686492919922
1772094668.0107188,3115,-102.4945068359375
1772094669.8574884,3116,-107.41509246826172
1772094670.5616503,3117,-105.57182312011719
1772094671.6276,3118,-106.28272247314453
1772094673.8984742,3119,-112.55277252197266
1772094676.578118,3120,-120.41411590576172
1772094680.3313498,3121,-130.9754638671875
1772094680.6859019,3122,-100.0
1772094683.8412652,3123,-126.8944320678711
1772094689.230175,3124,-133.54153442382812
1772094691.3736172,3125,-110.99774169921875
1772094700.394158,3126,-72.44273376464844
1772094703.664939,3127,-119.37954711914062
1772094713.5483859,3128,-164.4048309326172
1772094718.3075788,3129,-116.0287094116211
1772094723.0399215,3130,-30.12039566040039
1772094729.8021955,3131,-130.8690185546875
1772094735.9937932,3132,-146.87767028808594
1772094738.4247966,3133,-115.1246566772461
1772094747.6599455,3134,-80.95614624023438
1772094751.14682,3135,-126.29240417480469
1772094752.705301,3136,-110.2553482055664
1772094754.0279884,3137,-104.11711120605469
1772094756.183793,3138,-111.73274230957031
1772094756.6093993,3139,-100.61177062988281
1772094767.777983,3140,-118.87361145019531
1772094785.8792462,3141,-203.8485107421875
1772094790.1455722,3142,-25.44995880126953
1772094792.384095,3143,-110.9700927734375
1772094792.6188204,3144,-100.0
1772094793.41994,3145,-101.12870025634766
1772094799.5949972,3146,-134.33242797851562
1772094800.200776,3147,-100.9245834350586
1772094801.674729,3148,-107.32691955566406
1772094805.1536148,3149,-29.073726654052734
1772094815.4980533,3150,-160.98062133789062
1772094823.2976289,3151,-137.20619201660156
1772094824.8880732,3152,-107.30927276611328
1772094825.2461965,3153,-100.95128631591797
1772094825.3877609,3154,-100.0
1772094828.4588954,3155,-13.649166107177734
1772094831.1208808,3156,-118.68465423583984
1772094832.8112664,3157,-109.47187042236328
1772094834.3158743,3158,-115.06185150146484
1772094834.891617,3159,-102.22648620605469
1772094845.7251306,3160,-82.49835205078125
1772094851.354494,3161,-136.64927673339844
1772094851.8511498,3162,-100.29090881347656
1772094853.3458498,3163,-108.09712219238281
1772094853.77001,3164,-101.26821899414062
1772094854.2507088,3165,-104.8371353149414
1772094859.756072,3166,-31.085161209106445
1772094871.8882055,3167,-188.32528686523438
1772094872.873543,3168,-100.49254608154297
1772094874.2194567,3169,-107.6020736694336
1772094888.9056091,3170,-91.6606216430664
1772094892.3633153,3171,-109.9000015258789
1772094907.4969563,3172,-193.4867401123047
1772094912.0447822,3173,-114.80328369140625
1772094915.161139,3174,-122.93760681152344
1772094916.7684393,3175,-114.32047271728516
1772094918.2421558,3176,-104.79965209960938
1772094918.4503758,3177,-100.0
1772094918.57735,3178,-100.0
1772094918.7625663,3179,-100.16055297851562
1772094923.810324,3180,-38.7171516418457
1772094924.3065214,3181,-100.7885971069336
1772094925.0380847,3182,-103.83155059814453
1772094930.695234,3183,-129.3130340576172
1772094931.339916,3184,-101.46419525146484
1772094933.2272975,3185,-114.95550537109375
1772094939.554944,3186,-127.4683609008789
1772094940.3620894,3187,-101.38455200195312
1772094944.9706728,3188,-136.5247039794922
1772095097.0578246,3189,-120.13944244384766
1772095100.2675276,3190,-116.26519775390625
1772095102.2333872,3191,-105.04280853271484
1772095104.4675758,3192,-113.70487976074219
1772095105.2655528,3193,-102.81965637207031
1772095105.4277956,3194,-100.0
1772095114.8242524,3195,-165.68446350097656
1772095116.5686984,3196,-103.17174530029297
1772095126.250411,3197,-155.4368133544922
1772095129.0982378,3198,-121.8994140625
1772095129.5866761,3199,-101.5638656616211
1772095131.8157988,3200,-117.32490539550781
1772095132.0541117,3201,-100.0
1772095139.649031,3202,-173.68624877929688
1772095162.8595824,3203,-255.92100524902344
1772095167.4475796,3204,-125.6155776977539
1772095167.8190963,3205,-100.06281280517578
1772095171.53279,3206,-17.201101303100586
1772095186.6894293,3207,-189.8041229248047
1772095189.5151055,3208,-110.21023559570312
1772095191.210395,3209,-114.29147338867188
1772095194.473938,3210,-22.154144287109375
1772095194.7969942,3211,-100.0
1772095200.2679741,3212,-133.03627014160156
1772095204.235302,3213,-120.14108276367188
1772095219.8195863,3214,-188.90103149414062
1772095228.4599333,3215,-147.37391662597656
1772095229.0983658,3216,-100.38849639892578
1772095230.8645914,3217,-106.64157104492188
1772095231.115358,3218,-100.0
1772095233.2254562,3219,-120.3438949584961
1772095245.8250995,3220,-98.72107696533203
1772095252.362791,3221,-127.4957275390625
1772095258.1070328,3222,-131.25347900390625
1772095258.7981114,3223,-101.54588317871094
1772095259.1028361,3224,-101.5587158203125
1772095262.410816,3225,-123.5867919921875
1772095263.074272,3226,-103.12950134277344
1772095267.1819,3227,-130.8172607421875
1772095270.315975,3228,-116.5809555053711
1772095276.3947225,3229,-151.87741088867188
1772095281.2914248,3230,-36.71585464477539
1772095283.0252683,3231,-110.5879135131836
1772095301.0676079,3232,-263.1470031738281
1772095302.7070477,3233,-101.6139907836914
1772095305.815812,3234,-118.46984100341797
1772095309.8683212,3235,-137.55381774902344
1772095312.2677937,3236,-123.34648132324219
1772095322.6577795,3237,-191.69651794433594
1772095336.8100111,3238,-194.56846618652344
1772095340.1718156,3239,-124.29784393310547
1772095347.7566054,3240,-139.78688049316406
1772095351.3849154,3241,-24.487340927124023
1772095351.7056677,3242,-100.0
1772095354.059838,3243,-123.36092376708984
1772095359.6596153,3244,-146.2142333984375
1772095361.0378609,3245,-104.46990966796875
1772095363.074515,3246,-115.42210388183594
1772095364.4593623,3247,-107.29100036621094
1772095368.5559542,3248,-137.62521362304688
1772095370.8279185,3249,-118.24479675292969
1772095376.080767,3250,-130.21437072753906
1772095376.7109156,3251,-101.24105834960938
1772095380.5228088,3252,-28.731813430786133
1772095388.2657573,3253,-137.0206298828125
1772095391.692142,3254,-118.6397933959961
1772095395.999035,3255,-145.4873809814453
1772095396.3952603,3256,-100.0
1772095397.873851,3257,-111.51144409179688
1772095400.1936705,3258,-108.65349578857422
1772095407.767894,3259,-79.84117889404297
1772095414.253622,3260,-22.984989166259766
1772095621.681654,3261,-108.5467529296875
1772095627.8241594,3262,-150.469482421875
1772095645.6663113,3263,-238.06268310546875
1772095666.8225815,3264,-248.52584838867188
1772095672.299665,3265,-45.927467346191406
1772095674.1262743,3266,-115.02996826171875
1772095677.8985147,3267,-117.00776672363281
1772095679.6373897,3268,-106.83014678955078
1772095684.937914,3269,-133.80152893066406
1772095689.4825387,3270,-25.758987426757812
1772095690.0586731,3271,-101.3846435546875
1772095694.1119502,3272,-125.42276763916016
1772095699.1219225,3273,-117.2464599609375
1772095702.7062843,3274,-22.308290481567383
1772095705.2710662,3275,-109.43489837646484
1772095709.803499,3276,-130.8218994140625
1772095714.4973278,3277,-136.0872802734375
1772095719.2116506,3278,-141.74317932128906
1772095722.7313702,3279,-27.082134246826172
1772095727.782854,3280,-136.42491149902344
1772095731.2899969,3281,-134.4936065673828
1772095734.771425,3282,-122.02067565917969
1772095748.1622484,3283,-207.54010009765625
1772095751.6806684,3284,-121.27998352050781
1772095753.9207888,3285,-111.32190704345703
1772095755.1795447,3286,-108.26582336425781
1772095765.6746154,3287,-157.48667907714844
1772095767.1141658,3288,-105.77079010009766
1772095774.1244898,3289,-136.30482482910156
1772095784.0446498,3290,-173.00747680664062
1772095787.522854,3291,-123.24884033203125
1772095787.8300562,3292,-100.0
1772095791.9671454,3293,-128.504150390625
1772095809.872863,3294,-259.4295654296875
1772095821.4874296,3295,-61.95752716064453
1772095827.6020708,3296,-146.17630004882812
1772095831.3598034,3297,-126.73554992675781
1772095832.298745,3298,-105.74742126464844
1772095834.2195668,3299,-108.6933364868164
1772095838.089981,3300,-18.37001609802246
1772095838.4429321,3301,-100.0
1772095843.7757251,3302,-36.46503829956055
1772095844.2091737,3303,-100.0
1772095847.782565,3304,-127.26231384277344
1772095856.6090336,3305,-148.4051513671875
1772095857.3540876,3306,-100.67534637451172
1772095860.8753712,3307,-120.94070434570312
1772095863.3382232,3308,-114.14801788330078
1772095865.2634456,3309,-114.46208190917969
1772095866.9003356,3310,-114.96378326416016
1772095871.9622004,3311,-125.70861053466797
1772095873.6733227,3312,-107.3664321899414
1772095885.8355873,3313,-173.31031799316406
1772095888.554475,3314,-111.2265396118164
1772095888.8104403,3315,-100.0
1772095889.898147,3316,-103.08238983154297
1772095893.0787992,3317,-23.30954933166504
1772095904.2982812,3318,-186.46241760253906
1772095911.296264,3319,-55.43153762817383
1772095914.335199,3320,-114.80733489990234
1772095922.793582,3321,-68.59537506103516
1772095941.203972,3322,-195.09963989257812
1772096107.609515,3323,-118.18768310546875
1772096111.7148993,3324,-117.2468032836914
1772096114.4970305,3325,-112.33428955078125
1772096114.7632353,3326,-100.0
1772096122.003613,3327,-134.6547088623047
1772096124.710809,3328,-117.80612182617188
1772096127.8325715,3329,-16.882610321044922
1772096131.236198,3330,-22.11655616760254
1772096137.3783274,3331,-132.11029052734375
1772096148.7471273,3332,-163.83303833007812
1772096152.6828752,3333,-31.512636184692383
1772096153.099062,3334,-100.62459564208984
1772096156.6298702,3335,-122.04505920410156
1772096160.0343947,3336,-24.230846405029297
1772096171.8967624,3337,-194.33053588867188
1772096173.0098808,3338,-103.25592041015625
1772096177.4974902,3339,-127.50808715820312
1772096182.923357,3340,-133.76637268066406
1772096187.7210133,3341,-129.7318572998047
1772096192.1708546,3342,-138.3411407470703
1772096197.881768,3343,-29.200908660888672
1772096205.8999174,3344,-142.6768798828125
1772096217.4245825,3345,-199.39578247070312
1772096225.097813,3346,-142.8440399169922
1772096227.266394,3347,-113.67466735839844
1772096232.7262006,3348,-126.34989166259766
1772096238.7643013,3349,-146.0690155029297
1772096254.2909777,3350,-201.72666931152344
1772096255.511925,3351,-100.0
1772096255.634312,3352,-100.0
1772096258.414256,3353,-124.19417572021484
1772096260.6731315,3354,-126.72718811035156
1772096261.675588,3355,-104.11724090576172
1772096273.9635465,3356,-194.64271545410156
1772096278.7639954,3357,-118.4549789428711
1772096285.3873022,3358,-153.48121643066406
1772096287.8735852,3359,-115.90010833740234
1772096291.083164,3360,-115.25133514404297
1772096294.5248864,3361,-25.583518981933594
1772096308.66426,3362,-181.34759521484375
1772096315.669757,3363,-133.6666717529297
1772096317.7661955,3364,-115.66620635986328
1772096319.473503,3365,-107.83332061767578
1772096323.977946,3366,-16.337444305419922
1772096327.5931332,3367,-137.89572143554688
1772096328.7064197,3368,-104.45936584472656
1772096338.5444403,3369,-150.1335906982422
1772096342.0892885,3370,-113.8949203491211
1772096349.7624924,3371,-137.43560791015625
1772096351.305525,3372,-107.423828125
1772096357.8587167,3373,-146.16525268554688
1772096360.265434,3374,-119.44107055664062
1772096362.198138,3375,-121.36402893066406
1772096362.5403612,3376,-100.80974578857422
1772096365.406162,3377,-115.49723052978516
1772096367.8083913,3378,-112.34577941894531
1772096369.4229376,3379,-114.12459564208984
1772096378.5083165,3380,-154.1106414794922
1772096382.0595787,3381,-122.8067855834961
1772096382.6378527,3382,-101.45633697509766
1772096390.9363115,3383,-69.39592742919922
1772096392.6671686,3384,-106.27674865722656
1772096393.227676,3385,-102.21637725830078
1772096395.4334307,3386,-118.390869140625
1772096396.9849598,3387,-107.13517761230469
1772096401.3687072,3388,-125.06127166748047
1772096407.6815298,3389,-130.26702880859375
1772096408.1791637,3390,-100.0
1772096433.9757683,3391,-166.42247009277344
1772096639.4427922,3392,-172.96231079101562
1772096647.312784,3393,-154.89883422851562
1772096648.7381268,3394,-109.1947250366211
1772096650.86054,3395,-121.8758316040039
1772096660.9072177,3396,-183.55169677734375
1772096670.105372,3397,-182.35955810546875
1772096670.8732014,3398,-101.26310729980469
1772096672.1749892,3399,-107.23682403564453
1772096679.764215,3400,-52.347442626953125
1772096688.3040285,3401,-147.90432739257812
1772096698.6583827,3402,-158.0481414794922
1772096706.7385132,3403,-149.11004638671875
1772096707.9053688,3404,-107.64874267578125
1772096711.1061752,3405,-17.408367156982422
1772096711.7918634,3406,-102.4290771484375
1772096713.4929922,3407,-114.66545867919922
1772096722.6500545,3408,-184.1548614501953
1772096725.0222583,3409,-108.80513763427734
1772096725.2626345,3410,-100.0
1772096731.0836093,3411,-163.25218200683594
1772096737.4836953,3412,-147.51087951660156
1772096738.002613,3413,-100.0
1772096740.0747473,3414,-118.36747741699219
1772096743.850251,3415,-132.1211395263672
1772096746.9230962,3416,-118.3710708618164
1772096750.8915339,3417,-125.0938949584961
1772096751.253001,3418,-100.0
1772096751.692064,3419,-101.95279693603516
1772096754.826029,3420,-18.26887321472168
1772096759.4093966,3421,-121.15680694580078
1772096787.9016678,3422,-261.6543884277344
1772096791.1608758,3423,-109.17646026611328
1772096791.8387532,3424,-103.17179870605469
1772096795.6264057,3425,-139.4794921875
1772096799.4020681,3426,-120.40226745605469
1772096799.883563,3427,-101.25544738769531
1772096810.8348057,3428,-177.3934783935547
1772096813.8747542,3429,-115.47107696533203
1772096818.9137878,3430,-150.01815795898438
1772096819.371476,3431,-100.0
1772096822.8913271,3432,-35.334617614746094
1772096827.5227218,3433,-121.63805389404297
1772096835.1222293,3434,-152.34072875976562
1772096837.2270694,3435,-107.96807861328125
1772096845.5065033,3436,-145.2756805419922
1772096850.187389,3437,-141.2381591796875
1772096852.2859583,3438,-114.86042022705078
1772096859.2783341,3439,-42.42325210571289
1772096861.638955,3440,-108.86837768554688
1772096865.3717253,3441,-115.53150177001953
1772096868.6191108,3442,-119.52059936523438
1772096880.9056633,3443,-98.41200256347656
1772096881.8033602,3444,-100.0
1772096881.931708,3445,-100.0
1772096886.6075943,3446,-145.44244384765625
1772096887.077465,3447,-100.0
1772096890.2021961,3448,-124.09703826904297
1772096890.540157,3449,-100.0
1772096898.114323,3450,-147.830078125
1772096904.6103854,3451,-124.03654479980469
1772096909.1859436,3452,-150.03646850585938
1772096913.7522318,3453,-145.190673828125
1772096914.250038,3454,-101.80498504638672
1772096917.8678784,3455,-118.23130798339844
1772096920.1627944,3456,-109.23064422607422
1772096922.5668013,3457,-111.47514343261719
1772096924.8621762,3458,-123.58930206298828
1772096937.272109,3459,-99.29976654052734
1772096939.4180157,3460,-108.65789031982422
1772096949.2601695,3461,-163.45997619628906
1772097134.7539856,3462,-112.48265838623047
1772097135.2300875,3463,-100.93000030517578
1772097143.84222,3464,-159.9723358154297
1772097148.257995,3465,-114.35859680175781
1772097151.849828,3466,-125.20318603515625
1772097157.6141832,3467,-136.10186767578125
1772097159.6576536,3468,-110.46765899658203
1772097167.8415084,3469,-149.79945373535156
1772097171.6994596,3470,-21.183609008789062
1772097173.4845479,3471,-110.81403350830078
1772097175.5633876,3472,-113.68350982666016
1772097175.8203385,3473,-100.0
1772097177.8530076,3474,-119.89196014404297
1772097178.0931587,3475,-100.0
1772097188.6713328,3476,-145.29322814941406
1772097191.0050054,3477,-111.81401824951172
1772097191.2216153,3478,-100.0
1772097192.7467122,3479,-112.07868957519531
1772097200.4182084,3480,-143.8070831298828
1772097205.1225011,3481,-141.99911499023438
1772097216.073597,3482,-167.0812225341797
1772097242.8909912,3483,-252.86387634277344
1772097248.0740151,3484,-121.66192626953125
1772097255.0502183,3485,-45.849449157714844
1772097259.0188549,3486,-121.02147674560547
1772097261.387827,3487,-114.93878936767578
1772097264.6077745,3488,-20.41555404663086
1772097271.853154,3489,-160.93478393554688
1772097280.009952,3490,-133.17469787597656
1772097285.4505768,3491,-121.13447570800781
1772097286.1558814,3492,-101.17926025390625
1772097289.4104958,3493,-115.9761962890625
1772097293.5130022,3494,-129.96536254882812
1772097296.6836274,3495,-115.50487518310547
1772097302.8608248,3496,-131.30911254882812
1772097304.656858,3497,-104.95082092285156
1772097306.1458228,3498,-113.64015197753906
1772097308.1118019,3499,-115.66618347167969
1772097311.4241564,3500,-19.921817779541016
1772097313.2587128,3501,-107.58727264404297
1772097320.6508029,3502,-135.00608825683594
1772097329.5614696,3503,-59.36604690551758
1772097333.6150203,3504,-122.33991241455078
1772097343.695378,3505,-159.44143676757812
1772097353.1348033,3506,-174.04360961914062
1772097357.5550542,3507,-26.646642684936523
1772097365.2587917,3508,-79.58427429199219
1772097367.554022,3509,-113.4642105102539
1772097368.0278714,3510,-101.95284271240234
1772097372.970532,3511,-125.87379455566406
1772097373.3966236,3512,-100.0
1772097376.5870392,3513,-14.002044677734375
1772097376.9489148,3514,-100.0
1772097381.5170932,3515,-121.6888656616211
1772097388.1196094,3516,-50.160152435302734
1772097391.5524206,3517,-113.8765640258789
1772097398.5297778,3518,-39.70487976074219
1772097405.1138608,3519,-123.69171905517578
1772097405.8932445,3520,-103.67648315429688
1772097409.3695483,3521,-127.08889770507812
1772097414.7020416,3522,-143.89031982421875
1772097422.8484645,3523,-40.229576110839844
1772097436.7639892,3524,-164.1587371826172
1772097444.59985,3525,-67.44982147216797
1772097668.8510199,3526,-295.07965087890625
1772097672.6431003,3527,-113.72817993164062
1772097674.413923,3528,-111.32902526855469
1772097686.89107,3529,-167.13909912109375
1772097687.8544521,3530,-100.0
1772097695.8260431,3531,-155.689208984375
1772097696.5463912,3532,-100.61253356933594
1772097696.6835678,3533,-100.0
1772097706.7936337,3534,-87.76925659179688
1772097725.1006505,3535,-128.07550048828125
1772097728.8789892,3536,-110.56881713867188
1772097729.2639868,3537,-99.97755432128906
1772097748.2128968,3538,-244.88002014160156
1772097754.8500464,3539,-133.0196533203125
1772097760.6845195,3540,-45.23343276977539
1772097766.828872,3541,-132.81007385253906
1772097769.1991246,3542,-109.65118408203125
1772097777.965225,3543,-141.35281372070312
1772097786.1241212,3544,-142.18968200683594
1772097795.6926003,3545,-175.40707397460938
1772097825.8064487,3546,-182.42056274414062
1772097828.0784144,3547,-100.0
1772097847.4029162,3548,-131.09042358398438
1772097852.353378,3549,-122.49877166748047
1772097857.7943277,3550,-38.00053405761719
1772097858.712555,3551,-103.41548919677734
1772097860.5054138,3552,-113.4579086303711
1772097862.1873252,3553,-109.28827667236328
1772097862.9263961,3554,-103.5642318725586
1772097873.753204,3555,-94.01245880126953
1772097874.578176,3556,-100.0
1772097896.42869,3557,-204.19309997558594
1772097901.3825874,3558,-132.56712341308594
1772097904.3312373,3559,-121.65443420410156
1772097908.8447268,3560,-21.548505783081055
1772097912.1073213,3561,-130.84445190429688
1772097925.7087128,3562,-165.3197784423828
1772097933.613365,3563,-150.74371337890625
1772097939.5973923,3564,-123.85404968261719
1772097950.187523,3565,-90.60858154296875
1772097955.247265,3566,-125.8912582397461
1772097955.757355,3567,-100.0
1772097994.9022062,2,-100.66322326660156
1772097996.8463247,3,-119.8886489868164
1772098011.6092217,4,-101.305908203125
1772098016.0251036,5,-22.459732055664062
1772098026.0413818,6,-187.93048095703125
1772098031.833383,7,-37.36740493774414
1772098045.4961262,8,-187.79930114746094
1772098048.5893004,9,-109.76826477050781
1772098052.0252333,10,-126.13897705078125
1772098075.7999194,11,-160.52317810058594
1772098099.3223047,12,-261.7395324707031
1772098102.4848983,13,-111.48899841308594
1772098108.2819457,14,-143.9400634765625
1772098109.0169976,15,-101.5250015258789
1772098111.0636086,16,-113.754150390625
1772098111.5781686,17,-102.79842376708984
1772098124.5677345,18,-190.29495239257812
1772098137.628034,19,-179.4991455078125
1772098142.3912654,20,-19.519405364990234
1772098144.4411716,21,-114.93714904785156
1772098177.272437,22,-321.0983581542969
1772098197.5285406,23,-212.7529754638672
1772098228.3276374,24,-128.4477996826172
1772098230.9309733,25,-103.80469512939453
1772098254.1794405,26,-263.3185729980469
1772098281.6040893,27,-282.879638671875
1772098290.9763594,28,-165.27748107910156
1772098299.768946,29,-165.09500122070312
1772098303.5429857,30,-130.94186401367188
1772098304.5306284,31,-106.74857330322266
1772098304.925261,32,-101.41336822509766
1772098322.3255696,33,-123.16211700439453
1772098333.933076,34,-181.68846130371094
1772098447.1305895,35,-131.52947998046875
1772098462.433345,36,-222.69894409179688
1772098466.647386,37,-125.33177947998047
1772098474.6464007,38,-151.18226623535156
1772098480.0383267,39,-46.25704574584961
1772098487.7027757,40,-156.92417907714844
1772098499.768172,41,-71.24903869628906
1772098521.8537602,42,-269.40509033203125
1772098531.0832455,43,-149.4220428466797
1772098538.8626337,44,-151.9790802001953
1772098539.471641,45,-100.25094604492188
1772098545.5814576,46,-41.591617584228516
1772098552.120386,47,-139.37135314941406
1772098559.6398132,48,-161.012939453125
1772098575.6401207,49,-210.5250244140625
1772098583.7365806,50,-140.90480041503906
1772098587.6092918,51,-23.10310173034668
1772098630.7434576,52,-447.84991455078125
1772098639.0315762,53,-141.5359649658203
1772098653.9460146,54,-113.71733093261719
1772098664.5381103,55,-156.30287170410156
1772098671.157886,56,-42.94969177246094
1772098682.3617454,57,-187.9791259765625
1772098683.7349415,58,-105.4996109008789
1772098688.6202366,59,-43.41635513305664
1772098694.2460716,60,-128.7115936279297
1772098699.6840656,61,-41.183494567871094
1772098706.359039,62,-34.14263153076172
1772098709.6289363,63,-128.49424743652344
1772098720.1844356,64,-167.179931640625
1772098720.8955042,65,-100.0
1772098740.598212,66,-128.30526733398438
1772098780.2849302,67,-416.55206298828125
1772098998.9358974,68,-122.17388153076172
1772098999.2557588,69,-100.0
1772099007.9104984,70,-152.65586853027344
1772099010.5192237,71,-119.71356964111328
1772099012.19214,72,-106.78269958496094
1772099012.4070964,73,-100.0
1772099012.7668564,74,-103.05423736572266
1772099020.9597929,75,-172.6063232421875
1772099022.6198928,76,-111.96601867675781
1772099024.9516745,77,-117.85801696777344
1772099028.6652725,78,-26.891504287719727
1772099033.0789533,79,-120.93360900878906
1772099044.343005,80,-178.888427734375
1772099065.6113508,81,-257.1611328125
1772099067.8938076,82,-106.0249252319336
1772099078.6785915,83,-183.7716827392578
1772099082.5228736,84,-25.91527557373047
1772099086.2706196,85,-120.03532409667969
1772099089.1138465,86,-123.49288940429688
1772099096.600454,87,-155.30694580078125
1772099105.9544377,88,-170.68508911132812
1772099114.1314404,89,-140.33322143554688
1772099117.695705,90,-118.16197204589844
1772099126.0897067,91,-170.8820343017578
1772099127.365658,92,-108.07914733886719
1772099143.1906226,93,-170.37684631347656
1772099147.373676,94,-23.01020622253418
1772099147.670999,95,-100.0
1772099150.76623,96,-131.45138549804688
1772099156.3445914,97,-42.88076400756836
1772099156.8244317,98,-100.20257568359375
1772099156.951484,99,-100.0
1772099163.1597064,100,-147.13661193847656
1772099165.5589278,101,-122.70561218261719
1772099187.4216158,102,-239.5418243408203
1772099196.0465581,103,-146.5303955078125
1772099205.261739,104,-161.81570434570312
1772099219.7013257,105,-7.294484615325928
1772099227.2437813,106,-147.0155792236328
1772099230.551716,107,-116.2286376953125
1772099231.3414786,108,-103.25934600830078
1772099242.1461952,109,-173.08082580566406
1772099243.830812,110,-103.94123077392578
1772099259.0514374,111,-89.69038391113281
1772099271.5108829,112,-176.6621551513672
1772099276.9523706,113,-134.50289916992188
1772099287.0378776,114,-60.627174377441406
1772099291.7677057,115,-120.29057312011719
1772099296.79021,116,-148.86940002441406
1772099301.5914547,117,-124.06175231933594
1772099307.7993133,118,-138.83413696289062
1772099540.1916907,119,-147.7303009033203
1772099548.1509674,120,-59.291011810302734
1772099551.225038,121,-123.36064147949219
1772099564.462338,122,-206.20008850097656
1772099580.472091,123,-75.25860595703125
1772099589.670738,124,-150.40643310546875
1772099600.238938,125,-50.87983322143555
1772099620.4541273,126,-221.03424072265625
1772099622.5521166,127,-108.83158874511719
1772099633.2466278,128,-161.94529724121094
1772099633.9754047,129,-100.0
1772099643.8026507,130,-156.29013061523438
1772099666.7091649,131,-250.60096740722656
1772099671.6050153,132,-129.2327117919922
1772099678.359425,133,-48.87164306640625
1772099697.1747804,134,-128.99813842773438
1772099713.1748557,135,-95.8564682006836
1772099718.615826,136,-141.15597534179688
1772099726.5839028,137,-62.944061279296875
1772099734.6790042,138,-135.00106811523438
1772099742.9988186,139,-52.59149932861328
1772099750.9023664,140,-61.2255859375
1772099755.9598975,141,-29.599634170532227
1772099770.0077722,142,-193.4369354248047
1772099797.4674504,143,-266.9923095703125
1772099802.1263864,144,-14.747400283813477
1772099819.285805,145,-206.45643615722656
1772099834.7971697,146,-208.20849609375
1772099840.9505384,147,-142.54342651367188
1772099862.7124403,148,-279.1808776855469
1772100110.2121923,149,-94.52538299560547
1772100115.7570386,150,-133.2817840576172
1772100116.1606157,151,-100.0
1772100122.1250348,152,-139.604736328125
1772100128.8869977,153,-34.49798583984375
1772100147.5780685,154,-157.76380920410156
1772100161.0375168,155,-66.75927734375
1772100178.6921191,156,-220.29685974121094
1772100188.8576455,157,-166.98873901367188
1772100190.4212694,158,-107.28614807128906
1772100193.2843423,159,-123.0452651977539
1772100200.5689504,160,-167.91604614257812
1772100204.246881,161,-130.98841857910156
1772100214.5736325,162,-162.83399963378906
1772100226.1823568,163,-155.08389282226562
1772100240.0595415,164,-190.76564025878906
1772100250.2953825,165,-179.4528350830078
1772100253.3019688,166,-120.03286743164062
1772100256.3479185,167,-126.15850067138672
1772100259.8313363,168,-17.133872985839844
1772100261.4757483,169,-111.33941650390625
1772100269.0488698,170,-156.24020385742188
1772100272.6579278,171,-19.413930892944336
1772100275.9902937,172,-16.279634475708008
1772100290.6293166,173,-100.9713363647461
1772100301.7512543,174,-154.4673614501953
1772100302.4515448,175,-100.0
1772100305.476167,176,-27.460800170898438
1772100306.902806,177,-105.09608459472656
1772100319.4529521,178,-185.1287078857422
1772100326.2437737,179,-31.18520164489746
1772100331.8203902,180,-42.945674896240234
1772100349.3339677,181,-140.1851348876953
1772100361.166518,182,-175.33314514160156
1772100366.8608837,183,-150.75180053710938
1772100390.1124291,184,-145.4581756591797
1772100396.1175508,185,-140.77853393554688
1772100553.933333,186,-117.58409118652344
1772100565.4132252,187,-62.40073776245117
1772100566.411294,188,-101.06614685058594
1772100577.0790122,189,-172.68484497070312
1772100579.022701,190,-109.6137466430664
1772100591.026645,191,-75.69706726074219
1772100593.9115038,192,-118.80610656738281
1772100599.852054,193,-142.34373474121094
1772100630.6693578,194,-163.69354248046875
1772100634.107068,195,-110.17952728271484
1772100640.3430185,196,-159.56141662597656
1772100643.9818447,197,-126.9500961303711
1772100645.5501604,198,-111.85746765136719
1772100647.0652041,199,-113.85323333740234
1772100652.9488454,200,-134.78414916992188
1772100655.8580396,201,-122.84661102294922
1772100663.7138097,202,-162.86825561523438
1772100677.6535397,203,-160.65835571289062
1772100686.395874,204,-53.57050323486328
1772100688.204566,205,-116.20462799072266
1772100689.774778,206,-110.5267562866211
1772100690.7661068,207,-107.63338470458984
1772100694.453796,208,-16.919551849365234
1772100711.2937927,209,-233.46116638183594
1772100718.0616302,210,-151.45887756347656
1772100739.734597,211,-266.7066650390625
1772100751.224247,212,-190.00296020507812
1772100766.3583446,213,-185.31207275390625
1772100771.1582007,214,-23.57400894165039
1772100778.1569455,215,-56.13844680786133
1772100787.5151067,216,-62.465518951416016
1772100795.4285784,217,-46.46757125854492
1772100795.9896424,218,-100.0
1772100796.1180918,219,-100.0
1772100800.2155325,220,-141.0914306640625
1772100801.9028163,221,-115.88638305664062
1772100808.694001,222,-142.69149780273438
1772100829.781689,223,-223.0732421875
1772100838.3819082,224,-152.61720275878906
1772100839.0293725,225,-100.53929901123047
1772100839.7882886,226,-106.09575653076172
1772100858.2764614,227,-247.5300750732422
1772100862.5091467,228,-31.055171966552734
1772100889.8692465,229,-140.690673828125
1772101058.6509547,230,-79.57994079589844
1772101065.0815094,231,-141.11387634277344
1772101072.7852426,232,-146.08314514160156
1772101073.7313545,233,-103.37273406982422
1772101084.5344627,234,-49.238895416259766
1772101089.4535546,235,-137.9224395751953
1772101091.7023802,236,-118.93286895751953
1772101100.626196,237,-67.54301452636719
1772101106.3285065,238,-130.064453125
1772101107.8333051,239,-109.60895538330078
1772101112.8046596,240,-144.41275024414062
1772101117.718566,241,-37.92927932739258
1772101123.9265082,242,-30.782278060913086
1772101129.7212071,243,-142.73812866210938
1772101136.9112244,244,-140.3205108642578
1772101139.1902285,245,-119.14097595214844
1772101182.9178374,246,-394.20147705078125
1772101188.7900715,247,-134.6476593017578
1772101195.0625591,248,-144.1234588623047
1772101204.4734318,249,-81.05847930908203
1772101210.907244,250,-36.760440826416016
1772101214.3495603,251,-119.83935546875
1772101215.7995336,252,-105.53297424316406
1772101222.9301696,253,-153.7130889892578
1772101230.6157238,254,-64.5438003540039
1772101236.6520514,255,-57.51639175415039
1772101239.1185327,256,-111.50119018554688
1772101239.3578892,257,-100.0
1772101239.7346177,258,-101.89515686035156
1772101250.2363615,259,-171.0778350830078
1772101253.501248,260,-118.79554748535156
1772101265.369312,261,-181.12887573242188
1772101270.0411932,262,91.3574447631836
1772101271.5665567,263,-109.93014526367188
1772101280.5139682,264,-158.79446411132812
1772101282.615299,265,-108.67937469482422
1772101283.3338432,266,-103.89237213134766
1772101287.460389,267,-134.93922424316406
1772101295.8312292,268,-166.6835174560547
1772101305.4527612,269,-159.3175811767578
1772101315.4704494,270,-164.24705505371094
1772101316.6310887,271,-106.3960952758789
1772101320.0550563,272,-124.02399444580078
1772101323.2142653,273,-113.48939514160156
1772101323.5068736,274,-100.0
1772101323.6400895,275,-100.0
1772101323.768775,276,-100.0
1772101326.999337,277,-22.99983024597168
1772101346.6468184,278,-253.86878967285156
1772101496.388136,279,-227.68080139160156
1772101500.0824442,280,-134.79241943359375
1772101510.153787,281,-78.13448333740234
1772101520.7266521,282,-180.2362518310547
1772101535.1904233,283,-194.33558654785156
1772101547.89444,284,-185.24163818359375
1772101556.8862793,285,-154.02200317382812
1772101560.5628586,286,-14.194003105163574
1772101561.4320931,287,-105.5490493774414
1772101570.6155345,288,-59.149925231933594
1772101587.0476446,289,-212.81483459472656
1772101606.7653363,290,-263.43377685546875
1772101617.4291773,291,-158.2977752685547
1772101622.299253,292,-18.693771362304688
1772101629.979711,293,49.40102767944336
1772101635.1586483,294,-37.2769660949707
1772101636.0867496,295,-106.11608123779297
1772101680.5674944,296,-388.5134582519531
1772101695.1821387,297,-179.20712280273438
1772101698.1990938,298,-116.58389282226562
1772101706.0713284,299,-154.585693359375
1772101714.9418447,300,-179.56097412109375
1772101721.1116064,301,-45.082862854003906
1772101728.1574135,302,-162.14137268066406
1772101738.359209,303,-175.04067993164062
1772101745.9751313,304,-152.711669921875
1772101749.0778515,305,-125.35315704345703
1772101757.3820782,306,-163.76974487304688
1772101761.729264,307,-141.01821899414062
1772101782.3490784,308,-269.3916015625
1772101889.3671236,309,-120.22559356689453
1772101899.1596854,310,-59.29490280151367
1772101913.775002,311,-185.28753662109375
1772101919.8203478,312,-24.12329864501953
1772101962.0034773,313,-384.80206298828125
1772101973.0151744,314,-53.504859924316406
1772101975.9981627,315,-117.23804473876953
1772101978.0412867,316,-114.86370086669922
1772101984.8555195,317,-149.9950714111328
1772102003.1604545,318,-239.08645629882812
1772102004.4565256,319,-100.0
1772102046.2618701,320,-368.1174011230469
1772102051.9919286,321,-130.50311279296875
1772102053.2246606,322,-109.54125213623047
1772102064.3642874,323,-189.31231689453125
1772102068.3655477,324,-129.53932189941406
1772102087.5675726,325,-99.57256317138672
1772102103.830764,326,-185.01014709472656
1772102111.7371104,327,-57.52815246582031
1772102124.9845786,328,-210.01629638671875
1772102137.8470469,329,-166.25973510742188
1772102154.744859,330,-210.07553100585938
1772102157.7495208,331,-111.9609603881836
1772102169.382526,332,-172.8309326171875
1772102173.5561461,333,-123.07911682128906
1772102174.4748707,334,-105.82228088378906
1772102181.9104912,335,-138.3486785888672
1772102201.0374806,336,-197.98834228515625
1772102353.7186594,337,-122.44197845458984
1772102357.1729505,338,-30.8232364654541
1772102357.46257,339,-100.0
1772102385.9577062,340,-179.78562927246094
1772102403.7987647,341,-93.6465072631836
1772102412.7256565,342,-152.2404022216797
1772102418.2621515,343,-126.41513061523438
1772102430.8071485,344,-186.89755249023438
1772102438.093819,345,-67.86491394042969
1772102440.0240495,346,-112.68729400634766
1772102440.2456317,347,-100.0
1772102440.3724625,348,-100.0
1772102443.4654014,349,-113.43071746826172
1772102447.315686,350,-24.981252670288086
1772102463.365504,351,-205.9395751953125
1772102493.893394,352,-299.2366027832031
1772102526.7429893,353,-316.8478088378906
1772102534.465049,354,-31.144508361816406
1772102538.6145098,355,-27.860506057739258
1772102575.8527668,356,-222.17689514160156
1772102581.7527106,357,-37.756900787353516
1772102587.9655662,358,-34.70193862915039
1772102590.8604457,359,-117.96659088134766
1772102597.5573664,360,-149.95677185058594
1772102604.7245874,361,-44.95432662963867
1772102610.5508857,362,-153.12222290039062
1772102615.348671,363,-22.661876678466797
1772102620.3661819,364,-146.78662109375
1772102620.791124,365,-100.0
1772102621.0357106,366,-100.85018157958984
1772102621.1732984,367,-100.0
1772102621.3007517,368,-100.0
1772102629.3984585,369,-169.44325256347656
1772102630.0382628,370,-100.0
1772102640.0849216,371,-63.3558349609375
1772102646.389558,372,-159.15618896484375
1772102649.7821481,373,-15.907279014587402
1772102653.005448,374,-122.23245239257812
1772102656.7159653,375,-20.936840057373047
1772102664.5735025,376,-70.51348114013672
1772102786.0196457,377,-136.29525756835938
1772102808.821871,378,-247.9872589111328
1772102815.7022328,379,-42.790958404541016
1772102816.1502264,380,-100.0
1772102826.9054387,381,-164.7299346923828
1772102830.8385417,382,-128.2327423095703
1772102834.1540394,383,-21.850608825683594
1772102852.7901623,384,-238.26185607910156
1772102856.884488,385,-130.0217742919922
1772102866.850067,386,-77.53178405761719
1772102871.9727235,387,-129.89443969726562
1772102889.4306903,388,-218.67739868164062
1772102902.7772548,389,-198.61891174316406
1772102908.6304233,390,-133.19232177734375
1772102911.8241763,391,-124.37445068359375
1772102930.5702758,392,-222.46282958984375
1772102961.5273492,393,-176.267822265625
1772102969.735216,394,-38.28779602050781
1772102973.2070875,395,-20.982419967651367
1772102982.4852633,396,-52.761600494384766
1772102989.7516649,397,-149.9012908935547
1772102996.2150419,398,-32.827117919921875
1772103026.9340656,399,-299.4797668457031
1772103056.8855968,400,-203.8320770263672
1772103069.0126889,401,-175.5155487060547
1772103081.6219661,402,-154.9856414794922
1772103096.1105099,403,-193.96246337890625
1772103108.08708,404,-162.24732971191406
1772103260.1581793,405,-82.47903442382812
1772103268.727755,406,-168.86712646484375
1772103284.2153144,407,-205.98704528808594
1772103290.390846,408,-128.51841735839844
1772103291.05945,409,-100.72337341308594
1772103291.8328722,410,-102.7073745727539
1772103297.8158784,411,-40.97062301635742
1772103314.2643034,412,-203.38082885742188
1772103320.9527137,413,-148.65467834472656
1772103331.2137713,414,-169.3352508544922
1772103336.2487555,415,-129.1155548095703
1772103338.924161,416,-120.57275390625
1772103339.3096929,417,-100.6224136352539
1772103340.7493324,418,-111.90314483642578
1772103342.133648,419,-113.6479263305664
1772103349.4322598,420,-153.45181274414062
1772103358.199675,421,-44.33958435058594
1772103360.8711793,422,-111.70391845703125
1772103363.2859335,423,-118.39034271240234
1772103363.5412586,424,-100.0
1772103372.7259936,425,-53.8247184753418
1772103378.1022143,426,-39.72172927856445
1772103379.8128743,427,-109.46633911132812
1772103385.8489025,428,-144.19869995117188
1772103390.4222815,429,-134.5826416015625
1772103423.2455392,430,-282.94598388671875
1772103428.8871577,431,-135.02438354492188
1772103436.2196965,432,-165.41885375976562
1772103437.1431365,433,-102.06028747558594
1772103441.5043476,434,-130.65003967285156
1772103444.5131304,435,-117.4201431274414
1772103447.4532855,436,-125.10868835449219
1772103451.230086,437,-137.80404663085938
1772103459.5411713,438,-148.32083129882812
1772103489.5589488,439,-274.73663330078125
1772103491.6941137,440,-101.30282592773438
1772103497.8368456,441,-133.3343505859375
1772103519.8229394,442,-159.16331481933594
1772103553.4001758,443,-202.24366760253906
1772103572.4514217,444,-97.63682556152344
1772103691.7997134,445,34.68852996826172
1772103722.998829,446,-245.7959747314453
1772103744.7922127,447,-215.69163513183594
1772103753.6692736,448,-53.65779113769531
1772103756.5361593,449,-124.64168548583984
1772103761.4533744,450,-141.76356506347656
1772103783.4900124,451,-214.30279541015625
1772103793.4136262,452,-159.7366485595703
1772103798.5252805,453,-123.43685150146484
1772103803.2853858,454,-126.82190704345703
1772103823.4443874,455,-116.1070785522461
1772103827.9080706,456,-126.19507598876953
1772103833.8458092,457,-138.83665466308594
1772103845.876832,458,-77.57742309570312
1772103848.9861665,459,-111.757080078125
1772103851.5741315,460,-122.20352172851562
1772103865.7105231,461,-210.58685302734375
1772103866.7739477,462,-100.89102935791016
1772103873.9798694,463,-53.14379119873047
1772103884.1499398,464,-197.94577026367188
1772103906.397595,465,-244.39869689941406
1772103907.7114365,466,-100.0
1772103910.9349484,467,-22.528400421142578
1772103929.7114449,468,-205.74278259277344
1772103952.0772836,469,-233.3893585205078
1772103956.6666768,470,-31.12677764892578
1772103969.3348012,471,-191.84461975097656
1772103978.9353716,472,-168.2787628173828
1772103986.3597047,473,65.0792465209961
1772103992.960481,474,-135.4088134765625
1772104005.8463411,475,-177.6597442626953
1772104169.312917,476,-193.6730194091797
1772104181.1096942,477,-196.15345764160156
1772104185.0687788,478,-20.657848358154297
1772104190.998243,479,-147.6433868408203
1772104196.181944,480,-31.714651107788086
1772104202.6299188,481,-154.28956604003906
1772104214.7176392,482,-165.0629425048828
1772104224.0780153,483,-155.76565551757812
1772104236.3737273,484,-194.82579040527344
1772104245.6035879,485,-68.71463775634766
1772104257.8701103,486,-65.0640640258789
1772104265.037297,487,-46.34626770019531
1772104266.4871387,488,-111.82537841796875
1772104309.0465415,489,-346.8040466308594
1772104314.50994,490,-22.647268295288086
1772104318.8846273,491,-24.125776290893555
1772104329.5911748,492,-178.73660278320312
1772104336.9807973,493,-29.878843307495117
1772104341.2295313,494,-129.2056427001953
1772104350.3586001,495,-168.48806762695312
1772104364.85638,496,-99.14705657958984
1772104406.9337249,497,-211.08351135253906
1772104438.038697,498,-311.4487609863281
1772104442.8989162,499,-125.26493072509766
1772104457.4300444,500,-73.03410339355469
1772104476.7262692,501,-143.35101318359375
1772104570.647652,502,-141.03269958496094
1772104579.7990627,503,-166.74105834960938
1772104586.2855206,504,67.11075592041016
1772104591.6799204,505,-26.16843032836914
1772104596.0874772,506,-135.38543701171875
1772104597.3495777,507,-105.19197845458984
1772104604.2700894,508,-144.97218322753906
1772104607.5104897,509,-123.0778579711914
1772104624.890209,510,-191.07424926757812
1772104626.290082,511,-101.65819549560547
1772104642.4503746,512,-193.88804626464844
1772104655.685399,513,-187.58045959472656
1772104656.7275915,514,-100.0
1772104665.4932542,515,-149.0210418701172
1772104669.560377,516,-21.659011840820312
1772104691.76662,517,-211.37301635742188
1772104693.8452525,518,-103.2051010131836
1772104694.0561347,519,-100.34329223632812
1772104709.4309013,520,-194.3155059814453
1772104720.3187628,521,-176.94049072265625
1772104739.9588468,522,-92.39486694335938
1772104752.1514266,523,-158.1195831298828
1772104762.025765,524,-157.81417846679688
1772104770.8731592,525,-150.81785583496094
1772104790.9975166,526,-236.00588989257812
1772104824.7631373,527,-303.3817443847656
1772104829.432432,528,-109.45760345458984
1772104829.7197218,529,-100.0
1772104834.583151,530,-28.90073585510254
1772104841.6876218,531,-38.90536880493164
1772104848.6956522,532,-149.28184509277344
1772104856.983301,533,-155.27081298828125
1772104863.5572646,534,-49.874881744384766
1772104864.089025,535,-100.0
1772104864.2159896,536,-100.0
1772104870.9051478,537,-38.142906188964844
1772104872.3128698,538,-105.35166931152344
1772104887.510541,539,-211.73373413085938
1772104895.1193085,540,-57.008670806884766
1772105037.1454978,541,-27.63689613342285
1772105044.1862397,542,-139.9044952392578
1772105046.1371717,543,-108.09176635742188
1772105051.1639373,544,-127.43382263183594
1772105055.095833,545,-22.865764617919922
1772105056.2816474,546,-105.20685577392578
1772105056.6011536,547,-100.29743194580078
1772105073.9781063,548,-107.09148406982422
1772105075.8669214,549,-102.30854797363281
1772105076.0565653,550,-100.0
1772105078.554898,551,-119.4166488647461
1772105092.5988941,552,-177.83016967773438
1772105096.8571994,553,-125.3552474975586
1772105101.6236734,554,-125.75350189208984
1772105104.5071435,555,-112.90135955810547
1772105115.095776,556,-48.512752532958984
1772105118.5858047,557,-121.88296508789062
1772105125.5222738,558,-137.17543029785156
1772105127.7683182,559,-118.42984008789062
1772105133.7855823,560,-154.61053466796875
1772105139.4154167,561,-149.7105255126953
1772105146.8083284,562,-151.0883331298828
1772105148.4721382,563,-108.9556655883789
1772105153.881851,564,-132.12962341308594
1772105159.063187,565,77.28933715820312
1772105159.5447779,566,-100.0
1772105161.208107,567,-110.36736297607422
1772105165.1771495,568,-115.26911163330078
1772105168.9233594,569,-130.14955139160156
1772105172.1510918,570,-115.85676574707031
1772105172.7610579,571,-101.24591064453125
1772105175.2893496,572,-119.0916519165039
1772105180.6317804,573,-127.42929077148438
1772105191.7043643,574,-163.54510498046875
1772105198.7761326,575,-149.6991424560547
1772105204.7602546,576,-148.369384765625
1772105208.0893016,577,-128.44119262695312
1772105213.017935,578,-133.81419372558594
1772105219.7358575,579,-35.363155364990234
1772105229.7519414,580,-154.96852111816406
1772105231.05241,581,-101.31787109375
1772105243.545592,582,-185.23251342773438
1772105246.2975106,583,-117.85565948486328
1772105247.706972,584,-107.81396484375
1772105254.7124882,585,-136.62034606933594
1772105257.560889,586,-116.02890014648438
1772105262.6481922,587,-128.13613891601562
1772105263.141605,588,-100.0
1772105273.9754493,589,-200.39480590820312
1772105280.0889993,590,-140.64918518066406
1772105284.9524047,591,-137.31797790527344
1772105286.7453797,592,-109.0035171508789
1772105290.0412874,593,-121.53148651123047
1772105297.0508296,594,-35.419857025146484
1772105300.0263283,595,-119.37097930908203
1772105310.3602026,596,-63.66387939453125
1772105316.792101,597,-38.68593978881836
1772105317.3186462,598,-100.0
1772105326.9683511,599,-156.19430541992188
1772105353.1136894,600,-173.49563598632812
1772105361.1441503,601,-132.74497985839844
1772105373.1125352,602,-182.92027282714844
1772105379.7051141,603,-137.322509765625
1772105515.4917715,604,-100.0
1772105520.2825198,605,-45.77776336669922
1772105528.2476454,606,-169.54592895507812
1772105535.0351703,607,-152.39566040039062
1772105539.6723008,608,-21.3619327545166
1772105544.2805266,609,-142.11119079589844
1772105546.1681926,610,-109.55239868164062
1772105560.4682307,611,-191.304931640625
1772105575.543068,612,-204.18356323242188
1772105617.1760085,613,-207.50326538085938
1772105626.9371986,614,-164.71881103515625
1772105627.5968807,615,-100.8970947265625
1772105635.0965157,616,49.989013671875
1772105636.9543087,617,-108.19265747070312
1772105640.7599247,618,-28.58591651916504
1772105648.6645622,619,-153.80897521972656
1772105664.2515008,620,-207.98074340820312
1772105682.9366982,621,-215.6176300048828
1772105684.5068746,622,-100.0
1772105721.9443953,623,-322.4276428222656
1772105748.7608507,624,-123.8917236328125
1772105756.7606008,625,62.49180221557617
1772105775.0327697,626,-250.05519104003906
1772105779.8327575,627,-125.25619506835938
1772105780.2185643,628,-100.0
1772105787.1281302,629,-171.7449188232422
1772105819.991246,630,-280.87799072265625
1772105838.745608,631,-187.29344177246094
1772105846.3920197,632,-146.9488525390625
1772105858.1685874,633,-200.7956085205078
1772105991.6727433,634,-140.64784240722656
1772105998.0734801,635,-137.13381958007812
1772106031.3198116,636,-288.926025390625
1772106039.51141,637,-26.757251739501953
1772106040.031273,638,-100.0
1772106058.362855,639,-120.28239440917969
1772106067.7672658,640,-22.3350772857666
1772106081.9445071,641,-107.10247039794922
1772106110.2325606,642,-280.1300964355469
1772106159.2480881,643,-373.6721496582031
1772106172.440953,644,-160.6619110107422
1772106181.9446375,645,-66.47816467285156
1772106187.8320284,646,-43.49812316894531
1772106192.6316574,647,-33.405452728271484
1772106195.9288154,648,-125.10844421386719
1772106213.6557536,649,-231.86715698242188
1772106220.3450885,650,-134.99386596679688
1772106224.9527087,651,-131.74456787109375
1772106244.9198961,652,-259.1072998046875
1772106262.4555914,653,-86.20660400390625
1772106273.487189,654,-63.911380767822266
1772106278.095769,655,-126.16851806640625
1772106278.5869825,656,-100.45438385009766
1772106279.0328615,657,-102.8935546875
1772106283.8971338,658,-136.69607543945312
1772106290.3286371,659,-135.09454345703125
1772106303.1942174,660,-56.9239501953125
1772106304.2282095,661,-100.0
1772106315.3211257,662,-174.00808715820312
1772106322.9365325,663,-146.53297424316406
1772106329.6558263,664,-161.61251831054688
1772106529.6559052,665,-257.7326965332031
1772106533.8252647,666,-112.35381317138672
1772106537.5317142,667,-24.875694274902344
1772106538.968604,668,-109.09557342529297
1772106547.0641088,669,-43.885894775390625
1772106549.853011,670,-117.17550659179688
1772106553.369231,671,-25.128646850585938
1772106564.5365112,672,-182.30758666992188
1772106571.4808693,673,-124.25393676757812
1772106578.0088198,674,-40.86893081665039
1772106597.8475213,675,-257.0749816894531
1772106608.9127452,676,-153.1271514892578
1772106615.928894,677,-158.8222198486328
1772106617.0479255,678,-106.12228393554688
1772106620.0879717,679,-125.11833953857422
1772106620.43942,680,-100.0
1772106639.4476213,681,-238.75820922851562
1772106643.511956,682,-111.74134826660156
1772106651.6100118,683,-158.2955780029297
1772106663.0640192,684,-198.67526245117188
1772106676.9529042,685,-152.54786682128906
1772106682.6492927,686,-36.37547302246094
1772106690.4886575,687,-74.94303894042969
1772106701.4331405,688,-163.64102172851562
1772106702.366185,689,-100.0
1772106705.239522,690,-123.02986145019531
1772106708.571837,691,-121.2909927368164
1772106732.3124738,692,-127.5603256225586
1772106751.4154155,693,-220.22189331054688
1772106761.9408197,694,-54.98651885986328
1772106773.7208858,695,-165.23626708984375
1772106783.9599297,696,-171.97842407226562
1772106798.1362743,697,-201.69256591796875
1772106804.6319857,698,-134.15272521972656
1772106814.8726504,699,-189.04010009765625
1772106827.7048347,700,-75.26270294189453
1772106834.2645655,701,-135.40170288085938
1772106836.7274053,702,-116.04645538330078
1772106842.6499684,703,-129.8662567138672
1772106848.6873114,704,-31.571779251098633
1772106973.3154836,705,-100.0
1772106989.3047159,706,-199.94956970214844
1772106990.7146735,707,-100.41258239746094
1772106997.1131752,708,-140.53041076660156
1772107004.02473,709,-139.6245574951172
1772107007.859624,710,-121.86922454833984
1772107030.9986079,711,-257.30291748046875
1772107032.8568084,712,-100.75249481201172
1772107036.0561602,713,-120.89547729492188
1772107037.4661903,714,-106.82608795166016
1772107048.1203325,715,-163.40896606445312
1772107066.5559607,716,-156.14720153808594
1772107073.9770288,717,-137.0499267578125
1772107084.5366538,718,-155.2986297607422
1772107098.3644495,719,-82.02582550048828
1772107104.9237769,720,-51.428340911865234
1772107109.2727258,721,-125.7852783203125
1772107112.9213367,722,-18.347108840942383
1772107119.3481247,723,-53.879302978515625
1772107123.9034786,724,-128.8724365234375
1772107125.228831,725,-110.5064926147461
1772107142.9589927,726,-117.60624694824219
1772107147.6093972,727,-20.372943878173828
1772107148.5073478,728,-103.62390899658203
1772107182.5241492,729,-289.13641357421875
1772107187.992246,730,-18.386798858642578
1772107198.649183,731,-184.60340881347656
1772107205.817867,732,-129.6049346923828
1772107224.6008341,733,-225.2901611328125
1772107230.8722153,734,-129.3507537841797
1772107238.2008414,735,-150.02249145507812
1772107248.3455696,736,-144.54632568359375
1772107260.4094656,737,-82.35610961914062
1772107282.0424273,738,-104.60978698730469
1772107283.7068853,739,-100.0
1772107283.8349874,740,-100.0
1772107286.2969124,741,-117.9737777709961
1772107291.2247994,742,-144.27456665039062
1772107302.808201,743,-62.7458610534668
1772107324.6012666,744,-235.4238739013672
1772107394.423906,745,-100.0
1772107402.3920248,746,-53.70113754272461
1772107405.6376169,747,-129.96041870117188
1772107420.4089372,748,-81.16883850097656
1772107424.5459905,749,-131.65042114257812
1772107425.3039987,750,-104.56082916259766
1772107442.5509841,751,-218.61077880859375
1772107463.2896328,752,-225.5401153564453
1772107477.720212,753,-200.550537109375
1772107482.2332807,754,-124.2773208618164
1772107505.527568,755,-241.31114196777344
1772107511.5756052,756,-126.24378204345703
1772107515.2240407,757,-17.456823348999023
1772107519.5982945,758,-122.91677856445312
1772107523.192118,759,-24.84017562866211
1772107526.8084574,760,-28.908283233642578
1772107530.64929,761,-30.663480758666992
1772107546.5178056,762,18.196414947509766
1772107565.464694,763,-281.0989990234375
1772107569.0170262,764,-110.80938720703125
1772107574.3940544,765,-26.028759002685547
1772107577.798346,766,-19.656457901000977
1772107581.7868536,767,-136.80870056152344
1772107593.3042703,768,-75.67192840576172
1772107595.8083081,769,-114.673828125
1772107605.0159905,770,-155.90548706054688
1772107607.415518,771,-112.1632080078125
1772107610.6916308,772,-124.20447540283203
1772107611.033326,773,-100.0
1772107622.360527,774,-156.15576171875
1772107623.9070497,775,-106.5402603149414
1772107637.687098,776,-116.34026336669922
1772107646.3601165,777,66.99472045898438
1772107658.263734,778,-73.07213592529297
1772107666.7750912,779,-44.52245330810547
1772107671.356003,780,-136.84042358398438
1772107675.8320725,781,-133.5807342529297
1772107691.0970845,782,-86.68280029296875
1772107692.4096231,783,-100.0
1772107699.9579692,784,-152.75778198242188
1772107714.744715,785,-205.3349609375
1772107744.695872,786,-270.21673583984375
1772107916.6010756,787,-147.8242645263672
1772107921.4960916,788,-131.0050506591797
1772107938.8716705,789,-90.78569793701172
1772107965.8156998,790,-22.426706314086914
1772107967.8209105,791,-100.0
1772107975.065472,792,-161.84144592285156
1772107988.920042,793,-168.0420379638672
1772108008.379186,794,-121.99038696289062
1772108014.8479207,795,-142.384521484375
1772108024.0266407,796,-33.5258903503418
1772108029.3677535,797,-31.484411239624023
1772108040.957484,798,-61.42768859863281
1772108054.7121491,799,-115.52735900878906
1772108104.2175672,800,-281.8314208984375
1772108114.455246,801,-53.08498001098633
1772108118.715291,802,-135.22946166992188
1772108127.6091015,803,-167.21804809570312
1772108130.903804,804,-121.47933959960938
1772108178.552965,805,-361.0018615722656
1772108184.5047212,806,-116.57441711425781
1772108189.787063,807,-32.95526123046875
1772108193.752325,808,-134.17172241210938
1772108198.393594,809,-28.104856491088867
1772108206.5836973,810,-160.1374969482422
1772108218.3275588,811,39.94732666015625
1772108222.3117256,812,-27.222227096557617
1772108232.0883162,813,-168.78590393066406
1772108402.0107095,814,-116.46497344970703
1772108409.336376,815,-59.99538040161133
1772108431.4165673,816,-272.0256042480469
1772108442.04366,817,-172.3837127685547
1772108453.4600728,818,-193.3501739501953
1772108456.1539702,819,-114.75848388671875
1772108456.855364,820,-103.36555480957031
1772108465.0475812,821,-46.16868209838867
1772108476.2489474,822,-62.53356170654297
1772108496.8277278,823,-138.1691436767578
1772108498.4901438,824,-100.0
1772108504.3840086,825,-136.55572509765625
1772108517.5600104,826,-200.7520294189453
1772108521.817509,827,-14.989527702331543
1772108539.5769823,828,-206.0694122314453
1772108555.0685968,829,-59.81828308105469
1772108556.444549,830,-100.0
1772108570.1359737,831,-89.97354125976562
1772108574.4567308,832,-128.59901428222656
1772108575.5838249,833,-107.05883026123047
1772108575.8963256,834,-100.99747467041016
1772108590.580489,835,-215.36903381347656
1772108595.8977377,836,-145.54249572753906
1772108606.2960286,837,-158.6183624267578
1772108615.0322897,838,-163.6996612548828
1772108618.9680367,839,-116.32372283935547
1772108638.6874347,840,-213.9455108642578
1772108646.2001476,841,-42.190879821777344
1772108683.9615142,842,-309.1932067871094
1772108716.409049,843,-276.9077453613281
1772108721.4995058,844,-122.94790649414062
1772108730.8079922,845,-148.1186065673828
1772108736.5999048,846,-142.92845153808594
1772108771.4492013,847,-336.8624572753906
1772108973.5312383,848,-154.90283203125
1772108978.5872054,849,-135.84622192382812
1772108979.7730129,850,-103.92591857910156
1772108979.9605513,851,-100.0
1772108989.176214,852,49.15606689453125
1772108991.7672312,853,-118.38581848144531
1772109000.7244601,854,-176.6244354248047
1772109001.4961772,855,-100.0
1772109002.2654886,856,-106.07612609863281
1772109014.3630574,857,-60.88839340209961
1772109019.1281075,858,-127.14778137207031
1772109023.3520203,859,-117.68008422851562
1772109031.4499593,860,-139.51895141601562
1772109032.5365,861,-102.60649871826172
1772109032.6976457,862,-100.0
1772109052.888923,863,-132.9939422607422
1772109061.2092814,864,-147.75942993164062
1772109063.5185173,865,-118.43672943115234
1772109064.2483757,866,-102.53577423095703
1772109071.2892716,867,-154.97438049316406
1772109074.7774603,868,-113.36393737792969
1772109086.8731623,869,37.885658264160156
1772109091.1599522,870,-13.899396896362305
1772109096.8555322,871,-22.02145004272461
1772109103.450779,872,-150.02647399902344
1772109110.2320094,873,-132.9824981689453
1772109114.8082266,874,-128.88803100585938
1772109119.288553,875,-134.7937774658203
1772109133.72043,876,-126.03778076171875
1772109134.9372509,877,-100.0
1772109142.8073049,878,45.21435546875
1772109144.0896978,879,-103.44133758544922
1772109144.855218,880,-106.19242858886719
1772109148.4480834,881,-20.440185546875
1772109178.743771,882,-315.4643859863281
1772109188.5677884,883,-44.985130310058594
1772109195.3839276,884,-138.37057495117188
1772109198.4232988,885,-123.01355743408203
1772109201.3371131,886,-123.60297393798828
1772109213.8162904,887,-91.22638702392578
1772109215.8645973,888,-109.64883422851562
1772109218.041768,889,-113.73342895507812
1772109218.3334317,890,-100.0
1772109219.4162815,891,-105.07536315917969
1772109242.455838,892,-139.27993774414062
1772109252.1853411,893,-156.79244995117188
1772109259.0972214,894,-148.34559631347656
1772109266.3285284,895,-152.54083251953125
1772109278.3921058,896,-57.58378219604492
1772109371.7055159,897,-101.83746337890625
1772109376.9206529,898,-35.36509323120117
1772109389.848326,899,-164.6175994873047
1772109403.8327177,900,-204.34750366210938
1772109416.3115106,901,-223.96688842773438
1772109424.6654642,902,-166.4597930908203
1772109425.3368676,903,-100.0
1772109431.8319566,904,-134.07052612304688
1772109439.645352,905,-51.417869567871094
1772109450.1674,906,-97.04735565185547
1772109473.048366,907,-224.70523071289062
1772109515.0145502,908,-239.67198181152344
1772109533.0800905,909,12.356790542602539
1772109537.59222,910,-16.193151473999023
1772109542.9672186,911,-33.880088806152344
1772109585.5266418,912,-354.57794189453125
1772109593.6251113,913,74.75418090820312
1772109598.4886076,914,82.4685287475586
1772109604.7899628,915,-139.5165252685547
1772109615.9165146,916,-177.28871154785156
1772109621.5591784,917,-50.23710632324219
1772109622.1518545,918,-101.7437515258789
1772109624.725333,919,-119.91918182373047
1772109631.447798,920,-129.58135986328125
1772109650.1330702,921,-262.3310546875
1772109651.4180846,922,-100.0
1772109651.542307,923,-100.0
1772109655.3185658,924,-134.6605987548828
1772109657.8791897,925,-120.28052520751953
1772109664.5017993,926,-150.80831909179688
1772109671.2573998,927,-39.689842224121094
1772109674.6493564,928,-118.51971435546875
1772109679.5113823,929,-131.3681182861328
1772109681.5281994,930,-113.73005676269531
1772109690.8703313,931,-150.13235473632812
1772109722.038598,932,-314.5279541015625
1772109866.6149025,933,-185.97267150878906
1772109879.2887762,934,-62.33659744262695
1772109893.04785,935,44.52175521850586
1772109897.1752121,936,-24.48257827758789
1772109912.1606524,937,-201.5053253173828
1772109934.8356557,938,-232.72842407226562
1772109942.0419376,939,-149.29034423828125
1772109957.3582668,940,-189.5023193359375
1772109970.8866124,941,-218.8852081298828
1772109979.1228695,942,-158.0151824951172
1772109984.2822645,943,-24.97113609313965
1772109984.7426448,944,-100.0
1772109993.048407,945,-55.76618576049805
1772110011.2766926,946,-226.4962921142578
1772110018.7024558,947,-143.12110900878906
1772110057.6877985,948,-371.2789306640625
1772110079.7807045,949,-273.3442077636719
1772110096.0229547,950,-201.7699432373047
1772110100.398245,951,-23.005022048950195
1772110125.3028197,952,-288.69580078125
1772110141.6765645,953,-120.97122192382812
1772110145.9118621,954,-33.13797378540039
1772110156.474651,955,-76.810302734375
1772110335.7681193,956,-36.4151725769043
1772110364.4386134,957,-170.82000732421875
1772110366.2314312,958,-100.0
1772110367.962301,959,-114.12401580810547
1772110374.968765,960,-137.1298828125
1772110380.7805302,961,-47.397056579589844
1772110382.221649,962,-109.90667724609375
1772110385.8172212,963,-119.16220092773438
1772110392.7014127,964,-41.83020782470703
1772110402.793984,965,-73.28355407714844
1772110409.7821326,966,-160.79379272460938
1772110433.5005512,967,-206.1534881591797
1772110439.1970704,968,-131.7728271484375
1772110439.6742904,969,-100.0
1772110439.804917,970,-100.0
1772110443.8651817,971,-143.24569702148438
1772110447.2785494,972,-20.348989486694336
1772110453.2376575,973,-32.02744674682617
1772110455.3815475,974,-114.87935638427734
1772110461.732032,975,-52.225364685058594
1772110475.1189048,976,-100.0013656616211
1772110501.2040973,977,-286.2865295410156
1772110505.7128174,978,-114.14260864257812
1772110506.054265,979,-100.0
1772110509.2106018,980,-22.137916564941406
1772110510.2032232,981,-107.54251098632812
1772110514.4465868,982,-31.098052978515625
1772110521.3350627,983,-48.29083251953125
1772110522.3271546,984,-103.32823181152344
1772110526.2639527,985,-22.15690040588379
1772110541.0233488,986,-198.602783203125
1772110542.0718827,987,-100.0
1772110557.6265423,988,0.5147172212600708
1772110560.8575776,989,-111.80596923828125
1772110566.1668162,990,-38.48875427246094
1772110570.2720056,991,-111.86724090576172
1772110573.7151456,992,-26.532503128051758
1772110589.043262,993,-21.731300354003906
1772110591.9618368,994,-115.2158203125
1772110598.8398101,995,-135.0318603515625
1772110608.7597897,996,-46.03480529785156
1772110621.3696284,997,-94.89439392089844
1772110625.3678856,998,-17.788511276245117
1772110641.0473902,999,-96.10411071777344
1772110648.174002,1000,-56.327762603759766
1772110660.8783245,1001,-181.09530639648438
1772110790.1028063,1002,-180.4607391357422
1772110796.8265073,1003,-135.55201721191406
1772110801.881356,1004,-139.42672729492188
1772110802.3312526,1005,-100.0
1772110814.3518507,1006,-189.5092010498047
1772110817.038724,1007,-113.06358337402344
1772110830.7463417,1008,-58.024497985839844
1772110835.4470136,1009,-137.45718383789062
1772110837.4308617,1010,-119.37236785888672
1772110841.9985836,1011,-143.39590454101562
1772110847.2138546,1012,-155.3927001953125
1772110864.0316358,1013,-42.798484802246094
1772110867.4140902,1014,-113.08771514892578
1772110894.9683843,1015,-186.43434143066406
1772110899.8179212,1016,-14.668046951293945
1772110901.1667786,1017,-103.82233428955078
1772110901.3674018,1018,-100.0
1772110901.494838,1019,-100.0
1772110903.4472392,1020,-122.90409088134766
1772110929.6377661,1021,-35.78726577758789
1772110936.2388506,1022,-25.396894454956055
1772110942.5827496,1023,-148.64439392089844
1772110946.436787,1024,-26.623615264892578
1772110954.9346209,1025,-38.75629806518555
1772110965.6409218,1026,-190.8482208251953
1772110971.4179258,1027,-133.18821716308594
1772110979.0877836,1028,-35.05803298950195
1772110979.6837287,1029,-100.0
1772110982.3265147,1030,-107.62699890136719
1772110989.4031782,1031,-149.1029052734375
1772111000.4232664,1032,-180.4694366455078
1772111012.104587,1033,-190.96250915527344
1772111019.8636582,1034,67.54347229003906
1772111020.4862857,1035,-100.0
1772111031.511611,1036,-74.61264038085938
1772111041.9745965,1037,23.888887405395508
1772111060.5318441,1038,-114.24049377441406
1772111061.7624524,1039,-100.0
1772111070.1671686,1040,-144.77154541015625
1772111071.9907012,1041,-111.83170318603516
1772111075.0672567,1042,-119.52782440185547
1772111089.6545224,1043,22.01302719116211
1772111093.966104,1044,-130.0352020263672
1772111116.1415434,1045,-108.28958892822266
1772111268.9187338,1046,-146.0528106689453
1772111299.0951807,1047,-268.175537109375
1772111301.0788665,1048,-100.86367797851562
1772111304.1430438,1049,-30.52172088623047
1772111312.406431,1050,-37.38849639892578
1772111335.6183,1051,-134.6734619140625
1772111349.3510702,1052,-184.65127563476562
1772111350.92609,1053,-105.2556381225586
1772111371.1321917,1054,-176.94114685058594
1772111406.0184107,1055,-263.4040832519531
1772111411.9505045,1056,-117.2299575805664
1772111439.2554846,1057,-54.838199615478516
1772111447.0531695,1058,-155.0205535888672
1772111450.3256567,1059,-116.83148193359375
1772111451.1900985,1060,-101.88926696777344
1772111461.8783424,1061,-62.010528564453125
1772111467.9267728,1062,-149.540283203125
1772111482.808197,1063,-243.41041564941406
1772111499.223164,1064,-224.10479736328125
1772111501.8158588,1065,-112.25431060791016
1772111512.4307492,1066,-190.47186279296875
1772111535.413151,1067,-156.76220703125
1772111539.4468703,1068,-108.84648132324219
1772111542.9339197,1069,-17.06083869934082
1772111553.9433336,1070,-146.7869873046875
1772111558.2858188,1071,-29.377168655395508
1772111558.906865,1072,-102.47152709960938
1772111565.5549352,1073,-47.2468147277832
1772111594.1984706,1074,-187.18373107910156
1772111668.2302682,1075,-103.88871002197266
1772111673.5902798,1076,-140.83485412597656
1772111680.5037327,1077,-135.01329040527344
1772111684.151343,1078,-133.1918487548828
1772111684.5020888,1079,-100.0
1772111687.9435964,1080,-15.136849403381348
1772111707.7345555,1081,-55.97807693481445
1772111714.060554,1082,-30.181224822998047
1772111732.4545362,1083,-31.9171142578125
1772111738.1022055,1084,-18.350154876708984
1772111738.6381953,1085,-101.36845397949219
1772111755.835985,1086,-126.13724517822266
1772111762.5718708,1087,-156.63653564453125
1772111771.7910676,1088,42.255897521972656
1772111774.5265598,1089,-120.21862030029297
1772111789.4321098,1090,12.728904724121094
1772111795.5108075,1091,-30.651348114013672
1772111804.4629087,1092,-169.8974609375
1772111810.7434816,1093,-26.590097427368164
1772111818.5230443,1094,-170.15335083007812
1772111823.7683961,1095,-25.565853118896484
1772111845.8923528,1096,-271.6700439453125
1772111874.3334956,1097,-206.4667510986328
1772111893.742601,1098,-112.75495910644531
1772111913.6916416,1099,-45.07762145996094
1772111916.3108048,1100,-112.9917984008789
1772111924.4149473,1101,46.34623718261719
1772111935.6709514,1102,-58.7567024230957
1772111945.1123357,1103,-139.23934936523438
1772111956.758513,1104,-67.27206420898438
1772111965.6886098,1105,-51.93503952026367
1772112173.0513833,1106,-148.60447692871094
1772112174.5516973,1107,-107.52120971679688
1772112177.9124506,1108,-20.11278533935547
1772112197.5294604,1109,-14.617777824401855
1772112202.1641853,1110,-20.547651290893555
1772112208.1357093,1111,-156.75746154785156
1772112230.2425735,1112,-275.87066650390625
1772112232.5387175,1113,-107.34007263183594
1772112240.474772,1114,-50.829345703125
1772112252.4074981,1115,-55.26727294921875
1772112285.7830932,1116,-333.81427001953125
1772112301.5186005,1117,25.66721534729004
1772112320.0629826,1118,-211.9413604736328
1772112327.9279172,1119,-157.5968017578125
1772112342.6149278,1120,-110.6648941040039
1772112357.6635425,1121,3.24423885345459
1772112358.7109933,1122,-100.0
1772112382.4708812,1123,-145.36224365234375
1772112384.278464,1124,-101.00714874267578
1772112388.9242501,1125,-39.081119537353516
1772112401.4698899,1126,-209.1051483154297
1772112414.217012,1127,-179.22921752929688
1772112422.2222342,1128,-39.61479568481445
1772112431.734171,1129,38.91080856323242
1772112437.2065704,1130,83.91671752929688
1772112441.9786692,1131,-129.76953125
1772112442.4339256,1132,-100.0
1772112444.4093676,1133,-120.43053436279297
1772112461.0777903,1134,-77.45892333984375
1772112462.9750159,1135,-102.6222915649414
1772112464.8180377,1136,-105.18636322021484
1772112483.1402128,1137,-223.6148681640625
1772112514.5488756,1138,-249.4031982421875
1772112701.7908869,1139,-227.7588348388672
1772112703.7175603,1140,-100.79142761230469
1772112712.9102015,1141,-44.856876373291016
1772112735.3734643,1142,-233.3184356689453
1772112741.1481051,1143,-124.01953887939453
1772112747.4557264,1144,-136.73114013671875
1772112780.7821229,1145,-264.1507568359375
1772112837.7230852,1146,-308.71734619140625
1772112846.7980464,1147,-153.29063415527344
1772112871.8326263,1148,-174.47215270996094
1772112878.1338375,1149,-23.864437103271484
1772112881.4866872,1150,-117.83643341064453
1772112881.9429832,1151,-101.47301483154297
1772112884.2470555,1152,-123.19866943359375
1772112893.0505104,1153,-162.65052795410156
1772112904.023329,1154,34.09983444213867
1772112956.9826708,1155,-441.7704162597656
1772112962.5784934,1156,-110.28065490722656
1772112966.5225756,1157,-31.04747200012207
1772112977.7553658,1158,-66.5797119140625
1772112985.8801937,1159,72.7104721069336
1772113006.2294757,1160,-215.8433837890625
1772113104.958518,1161,-19.34261703491211
1772113121.8782554,1162,0.4600822627544403
1772113126.3766682,1163,-20.18874168395996
1772113138.8479776,1164,-179.5557403564453
1772113140.598806,1165,-103.34203338623047
1772113148.9751651,1166,-160.7499542236328
1772113198.2369373,1167,-173.20130920410156
1772113208.9561033,1168,-68.17686462402344
1772113224.90267,1169,3.663355827331543
1772113230.4491067,1170,-146.39865112304688
1772113233.30452,1171,-126.98876953125
1772113245.9746094,1172,29.65473175048828
1772113247.4575248,1173,-103.38036346435547
1772113251.2549305,1174,-30.025022506713867
1772113298.117856,1175,-451.8573913574219
1772113345.3385048,1176,-295.2315979003906
1772113380.0240302,1177,-303.02520751953125
1772113387.0941765,1178,-121.8487319946289
1772113402.6148503,1179,-99.21682739257812
1772113636.7013378,1180,-22.70733070373535
1772113645.7510166,1181,-170.05482482910156
1772113658.779496,1182,-167.7362518310547
1772113659.8472674,1183,-100.0
1772113671.0134773,1184,-144.10101318359375
1772113683.3525302,1185,-187.7471160888672
1772113698.2302272,1186,-108.54747772216797
1772113714.8082192,1187,-67.65119934082031
1772113723.002622,1188,-146.3348388671875
1772113723.6864352,1189,-100.63046264648438
1772113736.0562463,1190,23.18039321899414
1772113740.7275975,1191,-139.56044006347656
1772113748.7912998,1192,-42.671104431152344
1772113749.4623957,1193,-100.23527526855469
1772113749.8175433,1194,-100.86183166503906
1772113775.3858442,1195,-60.482479095458984
1772113780.3989263,1196,-28.283544540405273
1772113821.4578404,1197,-212.5575408935547
1772113828.4303803,1198,83.56697845458984
1772113852.8902433,1199,-279.72918701171875
1772113855.009228,1200,-100.0
1772113857.4961698,1201,-124.68699645996094
1772113858.4883773,1202,-102.46751403808594
1772113869.5650218,1203,-63.12837600708008
1772113875.92759,1204,-142.81771850585938
1772113888.4040318,1205,-89.01373291015625
1772113889.3367488,1206,-100.0
1772113913.7203517,1207,-237.08596801757812
1772113923.9496553,1208,-149.479248046875
1772113927.735543,1209,-24.730745315551758
1772113936.6633658,1210,55.15211868286133
1772114006.97161,1211,-23.078630447387695
1772114010.9413102,1212,-21.765592575073242
1772114031.9246135,1213,-157.51583862304688
1772114036.7605534,1214,-135.88961791992188
1772114037.2087595,1215,-100.0
1772114080.126828,1216,-345.7360534667969
1772114096.4079602,1217,37.89505386352539
1772114105.5261514,1218,-167.81832885742188
1772114128.7904842,1219,-250.71376037597656
1772114133.336705,1220,-19.23543930053711
1772114142.328559,1221,56.19519805908203
1772114146.053484,1222,-29.836135864257812
1772114148.9433372,1223,-129.13040161132812
1772114168.409557,1224,-17.272031784057617
1772114185.234079,1225,-61.57347106933594
1772114207.0946867,1226,-38.53116226196289
1772114208.7023802,1227,-100.0
1772114223.4174705,1228,-107.49933624267578
1772114227.950922,1229,-16.291698455810547
1772114228.2778146,1230,-100.0
1772114232.4064171,1231,-131.621826171875
1772114235.8952744,1232,-15.831768035888672
1772114244.662467,1233,44.37928009033203
1772114248.2948,1234,-16.959856033325195
1772114276.5424852,1235,-293.09197998046875
1772114286.0852134,1236,-40.6308479309082
1772114299.799498,1237,34.068382263183594
1772114306.2029283,1238,-35.723384857177734
1772114311.7366445,1239,-154.64169311523438
1772114315.3497653,1240,-17.161758422851562
1772114318.8712234,1241,-20.4863338470459
1772114322.7900443,1242,-120.01979064941406
1772114328.1795475,1243,-25.772018432617188
1772114342.9999073,1244,-83.79362487792969
1772114470.7870378,1245,-273.9645690917969
1772114480.666052,1246,-45.95560836791992
1772114489.5957518,1247,-158.39720153808594
1772114497.6762009,1248,-41.07014465332031
1772114503.7984352,1249,-133.90679931640625
1772114505.88286,1250,-116.90260314941406
1772114510.8032358,1251,-26.608646392822266
1772114511.2892666,1252,-100.0
1772114514.5465677,1253,-17.190319061279297
1772114528.438766,1254,-107.67105102539062
1772114537.6789086,1255,-143.34848022460938
1772114544.1510084,1256,-129.6104278564453
1772114549.3028653,1257,-126.32620239257812
1772114562.3350523,1258,-67.11817932128906
1772114563.3186631,1259,-100.4533920288086
1772114588.1202135,1260,-113.89215087890625
1772114596.114741,1261,-32.60619354248047
1772114596.718306,1262,-100.0
1772114598.555325,1263,-110.49615478515625
1772114606.1370263,1264,-142.68212890625
1772114615.3108842,1265,-58.079715728759766
1772114620.7187734,1266,-127.55091857910156
1772114626.6149135,1267,-145.1730499267578
1772114630.4868662,1268,-135.26190185546875
1772114636.0539958,1269,-33.406253814697266
1772114639.607366,1270,-24.771909713745117
1772114653.1121294,1271,-219.90447998046875
1772114664.8860207,1272,-145.7914581298828
1772114678.9066184,1273,-193.05160522460938
1772114690.7753954,1274,8.903542518615723
1772114698.838106,1275,-59.400184631347656
1772114706.1617806,1276,-163.927490234375
1772114715.7022429,1277,-165.51512145996094
1772114716.4535708,1278,-100.0
1772114725.6776903,1279,-79.69241333007812
1772114738.3618987,1280,36.27397155761719
1772114742.2646663,1281,-112.37379455566406
1772114751.0670307,1282,-49.395999908447266
1772114759.447961,1283,-133.01690673828125
1772114765.7743554,1284,-150.6685791015625
1772114770.2305422,1285,-145.7490997314453
1772114909.4032533,1286,-48.184757232666016
1772114926.520502,1287,-115.64837646484375
1772114937.145071,1288,-48.78061294555664
1772114954.3609188,1289,-6.899746417999268
1772114966.1981716,1290,-97.13993835449219
1772114977.4624553,1291,-174.78099060058594
1772114981.1629536,1292,-21.881244659423828
1772114981.6875224,1293,-102.72795104980469
1772114993.879074,1294,-207.79220581054688
1772115016.6537986,1295,-114.68434143066406
1772115030.2973018,1296,-178.9167022705078
1772115037.1662998,1297,-45.409427642822266
1772115040.566498,1298,-122.46478271484375
1772115057.7200575,1299,-230.5530242919922
1772115064.1195104,1300,-137.37466430664062
1772115087.1589131,1301,-161.13275146484375
1772115088.9012709,1302,-100.0
1772115089.0479,1303,-100.0
1772115091.319509,1304,-119.76487731933594
1772115100.7263198,1305,-158.32876586914062
1772115109.686489,1306,51.499874114990234
1772115127.7042887,1307,-200.7538604736328
1772115145.1744611,1308,-94.63754272460938
1772115163.0013108,1309,-31.861637115478516
1772115170.3310957,1310,-36.31435775756836
1772115181.68981,1311,34.106685638427734
1772115199.509876,1312,-202.31991577148438
1772115204.0564444,1313,-115.35912322998047
1772115217.9988503,1314,31.722017288208008
1772115226.3929093,1315,-147.90394592285156
1772115237.655164,1316,31.865394592285156
1772115357.943734,1317,-156.459716796875
1772115362.8705258,1318,-23.65801239013672
1772115428.7592583,1319,-459.2384033203125
1772115440.732169,1320,45.786006927490234
1772115449.2703843,1321,-56.10540008544922
1772115451.9014378,1322,-118.98829650878906
1772115460.5021145,1323,-36.89931106567383
1772115464.8468273,1324,-15.837964057922363
1772115469.486436,1325,-27.40423011779785
1772115473.9755762,1326,-136.83673095703125
1772115481.6271334,1327,-157.86514282226562
1772115485.654907,1328,-133.45228576660156
1772115486.5831342,1329,-105.25885009765625
1772115487.9936726,1330,-110.99067687988281
1772115488.7786014,1331,-106.21881866455078
1772115501.5727603,1332,-207.40545654296875
1772115512.5344818,1333,38.22947692871094
1772115523.263779,1334,43.912654876708984
1772115545.7086375,1335,-110.50684356689453
1772115553.2081285,1336,-123.57249450683594
1772115560.2441163,1337,-159.38356018066406
1772115568.4083061,1338,-41.84798049926758
1772115586.6574948,1339,-179.9638214111328
1772115590.5826192,1340,-128.27835083007812
1772115592.6316748,1341,-118.11063385009766
1772115601.146159,1342,-154.10736083984375
1772115629.2698033,1343,-45.071266174316406
1772115631.2998579,1344,-100.0
1772115638.8708797,1345,-165.470458984375
1772115646.351576,1346,-41.10226821899414
1772115669.0774484,1347,-19.387723922729492
1772115671.4792655,1348,-103.11947631835938
1772115675.8306606,1349,-130.4597625732422
1772115695.8871372,1350,-124.17970275878906
1772115870.8078902,1351,-14.50302791595459
1772115877.3114579,1352,-144.1167755126953
1772115896.1215656,1353,-136.2464599609375
1772115919.1820283,1354,-124.1549301147461
1772115923.9231088,1355,-27.95851707458496
1772115966.0393822,1356,-314.1310119628906
1772115986.2636063,1357,-5.245842933654785
1772116007.2545762,1358,-223.26759338378906
1772116024.8052075,1359,-85.78019714355469
1772116029.0772161,1360,-14.964808464050293
1772116043.4463704,1361,-76.85362243652344
1772116051.6701248,1362,-159.7236785888672
1772116065.4699602,1363,5.230772495269775
1772116070.4301126,1364,-20.031049728393555
1772116075.6304855,1365,-146.87168884277344
1772116095.7035165,1366,-112.25505065917969
1772116110.063187,1367,18.365882873535156
1772116119.9832044,1368,-167.2845458984375
1772116135.6376905,1369,-207.78968811035156
1772116147.7026958,1370,-164.61297607421875
1772116151.574286,1371,-27.62030792236328
1772116160.0288715,1372,-43.24964141845703
1772116268.8933034,1373,-42.09873962402344
1772116295.6777084,1374,-297.99761962890625
1772116300.9408727,1375,-38.49411392211914
1772116324.103421,1376,-301.7898864746094
1772116329.9212282,1377,-27.780437469482422
1772116336.4219637,1378,-139.85897827148438
1772116345.074732,1379,-153.063720703125
1772116360.7012484,1380,1.4459211826324463
1772116370.8762531,1381,-145.47821044921875
1772116374.9589174,1382,-115.35398864746094
1772116383.9998055,1383,55.68060302734375
1772116398.9671254,1384,-198.04833984375
1772116420.9188669,1385,-217.50762939453125
1772116423.9935005,1386,-109.42048645019531
1772116435.2090545,1387,30.178953170776367
1772116440.3107944,1388,-133.17469787597656
1772116460.8648746,1389,-18.585046768188477
1772116469.8797855,1390,-48.3868408203125
1772116494.5433414,1391,-137.2329559326172
1772116501.0712674,1392,-139.25926208496094
1772116507.991753,1393,66.29943084716797
1772116521.6222637,1394,-192.48487854003906
1772116525.6860087,1395,-22.508655548095703
1772116535.5451958,1396,-69.98216247558594
1772116548.118106,1397,-191.3642578125
1772116555.9617145,1398,-137.2884979248047
1772116564.1435006,1399,-154.4240264892578
1772116573.0488713,1400,60.14128494262695
1772116585.4303396,1401,-200.60353088378906
1772116739.8611224,1402,-168.9188232421875
1772116757.2557194,1403,-177.68870544433594
1772116765.0168192,1404,65.02611541748047
1772116769.0515072,1405,-18.105361938476562
1772116774.2959332,1406,-125.36032104492188
1772116800.397432,1407,-254.09461975097656
1772116802.2320385,1408,-100.0
1772116806.240008,1409,-137.13104248046875
1772116809.7823262,1410,-123.06542205810547
1772116814.5190594,1411,-125.53884887695312
1772116820.056207,1412,-151.59765625
1772116825.158818,1413,-29.44749641418457
1772116834.5513098,1414,-174.96397399902344
1772116839.1267273,1415,-34.904788970947266
1772116843.0629385,1416,-126.66442108154297
1772116849.4622927,1417,-156.27877807617188
1772116851.7186332,1418,-113.28218078613281
1772116854.9571185,1419,-108.77830505371094
1772116871.9590452,1420,1.6583619117736816
1772116888.005173,1421,3.755980968475342
1772116916.4939158,1422,-294.88616943359375
1772116918.5112343,1423,-101.61527252197266
1772116926.4367347,1424,-78.7108154296875
1772116940.4896991,1425,-62.11511993408203
1772116966.6198504,1426,-165.4092254638672
1772116994.2810633,1427,-64.77274322509766
1772117005.2705102,1428,69.89705657958984
1772117008.8678215,1429,-21.781227111816406
1772117012.791432,1430,-25.60838508605957
1772117025.47604,1431,26.72754669189453
1772117041.2303977,1432,4.29125452041626
1772117052.9828334,1433,46.52387619018555
1772117071.5349836,1434,-215.3153076171875
1772117283.778782,1435,-74.62239837646484
1772117289.43067,1436,70.97228240966797
1772117291.027534,1437,-111.94418334960938
1772117296.4398878,1438,-22.983444213867188
1772117308.4780443,1439,-198.96514892578125
1772117316.5340815,1440,-49.8919792175293
1772117317.1541994,1441,-100.0
1772117321.6169703,1442,-144.41909790039062
1772117344.804801,1443,-125.05146789550781
1772117354.2006938,1444,-54.68466567993164
1772117360.4377532,1445,-141.79190063476562
1772117367.7370327,1446,-54.929813385009766
1772117376.8771632,1447,38.78573226928711
1772117401.6140487,1448,-263.4634094238281
1772117419.7832994,1449,-226.4033203125
1772117438.1109326,1450,-197.95675659179688
1772117444.9194658,1451,-156.32437133789062
1772117445.4110203,1452,-100.0
1772117467.6383958,1453,-129.44322204589844
1772117481.016242,1454,-89.25611114501953
1772117482.103323,1455,-101.4104232788086
1772117486.2265146,1456,-133.00860595703125
1772117491.6606474,1457,-35.270912170410156
1772117503.3387961,1458,-164.6746826171875
1772117507.229314,1459,-13.71980094909668
1772117510.9674575,1460,-124.63252258300781
1772117513.582997,1461,-112.31843566894531
1772117527.9918194,1462,-84.73444366455078
1772117533.0785477,1463,-39.63758087158203
1772117536.3769748,1464,-19.458377838134766
1772117540.4441617,1465,-40.75801467895508
1772117546.2872605,1466,-34.510581970214844
1772117546.926153,1467,-100.72445678710938
1772117573.4541898,1468,-169.15887451171875
1772117584.8876984,1469,-58.094661712646484
1772117776.7905612,1470,-48.58401870727539
1772117790.0599666,1471,-167.64105224609375
1772117795.4929295,1472,-27.196489334106445
1772117827.4694371,1473,-312.0633544921875
1772117832.3744724,1474,-116.83618927001953
1772117835.6373897,1475,-29.29163932800293
1772117844.7906232,1476,-171.31651306152344
1772117851.1158364,1477,-132.9604034423828
1772117856.003479,1478,-36.83304214477539
1772117873.2123027,1479,3.6277289390563965
1772117877.3977954,1480,-20.150493621826172
1772117893.7086008,1481,-238.87652587890625
1772117899.9807978,1482,80.38951110839844
1772117901.1720955,1483,-103.70401763916016
1772117916.0141575,1484,-230.38082885742188
1772117919.9909322,1485,-128.6696319580078
1772117935.3515399,1486,-107.86648559570312
1772117937.6108956,1487,-108.22591400146484
1772117939.8852034,1488,-118.88763427734375
1772117948.8873494,1489,-65.46159362792969
1772117959.7347908,1490,-53.15776062011719
1772117960.5381875,1491,-100.0
1772117971.110083,1492,-167.00083923339844
1772117988.1018534,1493,-98.07305145263672
1772117990.4888349,1494,-108.71780395507812
1772118008.856868,1495,-125.75709533691406
1772118013.714725,1496,-118.73765563964844
1772118016.070261,1497,-116.64033508300781
1772118020.253769,1498,-118.17536163330078
1772118027.0049925,1499,-37.6195068359375
1772118035.6871822,1500,-168.76467895507812
1772118037.5503886,1501,-114.08937072753906
1772118043.1796594,1502,-139.71160888671875
1772118043.6721544,1503,-100.0
1772118052.636422,1504,-157.92239379882812
1772118053.336101,1505,-100.0
1772118097.724983,1506,-371.5699157714844
1772118188.512995,1507,-100.0
1772118195.2536623,1508,-35.814090728759766
1772118210.6586978,1509,-209.29214477539062
1772118211.9255066,1510,-100.98197937011719
1772118212.0590878,1511,-100.0
1772118214.7771683,1512,-131.0201873779297
1772118223.1891174,1513,-70.16355895996094
1772118228.613195,1514,-136.6468048095703
1772118235.1102824,1515,-124.28117370605469
1772118258.4230433,1516,-140.8166046142578
1772118270.551583,1517,-150.71531677246094
1772118282.104912,1518,-64.94830322265625
1772118291.3182054,1519,-156.26817321777344
1772118295.6870494,1520,-119.38406372070312
1772118314.3589911,1521,-40.82868957519531
1772118315.8444462,1522,-100.0
1772118318.6486132,1523,-122.48313903808594
1772118341.333575,1524,-134.60086059570312
1772118357.5118172,1525,18.50787925720215
1772118365.4632514,1526,-146.85125732421875
1772118371.3196008,1527,-137.17369079589844
1772118379.8332007,1528,-151.3636932373047
1772118380.759402,1529,-100.78633117675781
1772118387.3409574,1530,60.930721282958984
1772118388.4576526,1531,-107.009033203125
1772118413.2070127,1532,-77.2160873413086
1772118424.855294,1533,-61.893348693847656
1772118434.304911,1534,-171.3362579345703
1772118445.441075,1535,-72.38052368164062
1772118469.109833,1536,-164.99853515625
1772118489.3364308,1537,-131.09852600097656
1772118509.3502412,1538,-12.870240211486816
1772118696.8551605,1539,-143.44369506835938
1772118697.4942863,1540,-100.330810546875
1772118711.0936387,1541,-222.52175903320312
1772118716.0131748,1542,-18.132678985595703
1772118716.4074035,1543,-100.0
1772118739.1913624,1544,-267.17852783203125
1772118744.7179859,1545,-128.54051208496094
1772118747.3517025,1546,-114.57730865478516
1772118758.7752125,1547,-193.18167114257812
1772118765.6851063,1548,-166.23641967773438
1772118771.5339036,1549,-139.1588897705078
1772118785.2061381,1550,-113.24883270263672
1772118795.9596763,1551,20.19533348083496
1772118800.60034,1552,-138.541015625
1772118809.9732342,1553,29.85016441345215
1772118813.686968,1554,-24.25918197631836
1772118821.681778,1555,-42.23220443725586
1772118823.606542,1556,-109.08780670166016
1772118827.7367187,1557,-35.269073486328125
1772118847.1791008,1558,-23.821332931518555
1772118851.222338,1559,-119.95854187011719
1772118856.164514,1560,-149.55223083496094
1772118859.4662392,1561,-13.827003479003906
1772118862.9365437,1562,-22.238380432128906
1772118874.2793162,1563,-59.32524108886719
1772118886.4969401,1564,-67.69185638427734
1772118887.8220105,1565,-103.85635375976562
1772118892.0251298,1566,-120.99064636230469
1772118944.6818643,1567,-432.0740051269531
1772118960.9106982,1568,-108.27433013916016
1772118967.9593308,1569,57.812103271484375
1772118982.4066465,1570,-98.6223373413086
1772118986.517898,1571,-21.312332153320312
1772118990.2623289,1572,-14.769140243530273
1772119032.6302369,1573,-294.8917236328125
1772119136.630192,1574,-43.538822174072266
1772119148.3617864,1575,-79.12808227539062
1772119162.0787964,1576,-70.9569091796875
1772119162.9995272,1577,-100.0
1772119166.0778425,1578,-16.816593170166016
1772119181.3980181,1579,-88.58274841308594
1772119199.3095624,1580,-109.04043579101562
1772119216.4944568,1581,-27.168617248535156
1772119220.9006186,1582,-17.971887588500977
1772119232.9590821,1583,-71.91754913330078
1772119243.6071138,1584,-171.7318115234375
1772119253.077738,1585,-168.4447021484375
1772119266.391896,1586,-169.99063110351562
1772119270.8609295,1587,-143.32476806640625
1772119283.288894,1588,-75.8861312866211
1772119297.6761947,1589,-68.83168029785156
1772119318.8938224,1590,-18.758983612060547
1772119333.6054482,1591,-193.58860778808594
1772119345.2688801,1592,-78.9195785522461
1772119377.366238,1593,-110.60299682617188
1772119382.671135,1594,-29.38062286376953
1772119388.5803227,1595,-132.4244384765625
1772119394.5247204,1596,-137.69009399414062
1772119397.956235,1597,-25.76605987548828
1772119401.6636615,1598,-18.06277084350586
1772119440.3101685,1599,-211.75901794433594
1772119567.8933477,1600,-149.84530639648438
1772119571.4214253,1601,-19.798450469970703
1772119576.3784034,1602,-30.959360122680664
1772119588.1072693,1603,18.23029327392578
1772119592.0457077,1604,-21.654685974121094
1772119607.3105378,1605,-101.31070709228516
1772119611.5102825,1606,-17.74740219116211
1772119639.5561905,1607,-210.77310180664062
1772119648.7587917,1608,-164.32574462890625
1772119658.616163,1609,-191.6829376220703
1772119663.9183059,1610,-40.3893928527832
1772119664.3437178,1611,-100.0
1772119707.4774268,1612,-321.3631896972656
1772119710.362635,1613,-100.0
1772119713.686629,1614,-19.943796157836914
1772119719.829309,1615,-135.98587036132812
1772119729.96588,1616,44.7551383972168
1772119735.115053,1617,77.21778106689453
1772119757.3575432,1618,-83.16748046875
1772119780.7392461,1619,-117.60317993164062
1772119815.3746662,1620,-215.77630615234375
1772119817.9755154,1621,-100.0
1772119834.3429182,1622,-6.398497581481934
1772119868.4614496,1623,-205.26004028320312
1772120015.963067,1624,-88.85562896728516
1772120052.9572067,1625,-172.16647338867188
1772120072.3114102,1626,11.315340995788574
1772120078.6201153,1627,-159.3385467529297
1772120085.076551,1628,-153.08058166503906
1772120088.6235116,1629,-27.143659591674805
1772120095.4647498,1630,-170.19088745117188
1772120102.2154107,1631,-146.7341766357422
1772120106.7114408,1632,-142.0474090576172
1772120125.5372796,1633,-127.29515838623047
1772120135.4143162,1634,-174.2755889892578
1772120150.7113173,1635,21.91698455810547
1772120153.4718459,1636,-117.71098327636719
1772120178.9340677,1637,-277.13482666015625
1772120182.8762758,1638,-113.58331298828125
1772120188.484435,1639,-40.36855697631836
1772120193.197782,1640,-148.0054931640625
1772120213.1864984,1641,-30.769039154052734
1772120220.163985,1642,-34.44090270996094
1772120271.1089046,1643,-301.4893798828125
1772120274.5638494,1644,-100.0
1772120274.7437212,1645,-100.81327056884766
1772120280.3898578,1646,-35.28211212158203
1772120468.0427926,1647,-214.99388122558594
1772120501.3461728,1648,-168.78494262695312
1772120523.6386166,1649,-123.5250473022461
1772120525.2943897,1650,-101.79029846191406
1772120546.5710034,1651,-133.39569091796875
1772120549.401556,1652,-108.32398223876953
1772120551.7043755,1653,-123.71829986572266
1772120564.3125384,1654,7.615561485290527
1772120582.8297904,1655,-88.85987854003906
1772120595.3179047,1656,-167.39443969726562
1772120609.0151522,1657,-216.35113525390625
1772120614.8713586,1658,-148.74169921875
1772120626.0438392,1659,-185.37222290039062
1772120641.18758,1660,-95.30023193359375
1772120643.959828,1661,-109.6436996459961
1772120650.1917439,1662,-42.469966888427734
1772120676.3345408,1663,-160.18405151367188
1772120699.1363482,1664,-128.7774200439453
1772120701.2628334,1665,-106.51563262939453
1772120702.0479317,1666,-107.56854248046875
1772120725.5596175,1667,-156.94046020507812
1772120730.6153336,1668,-14.462965965270996
1772120741.434473,1669,-53.04882049560547
1772120750.2642725,1670,-77.67044067382812
1772120772.427305,1671,-31.265533447265625
1772120849.7885072,1672,-114.93598175048828
1772120866.6483235,1673,-104.51286315917969
1772120891.2245593,1674,-122.26864624023438
1772120905.8139553,1675,-100.11432647705078
1772120927.22414,1676,-7.954736709594727
1772120949.39958,1677,-64.43560028076172
1772120970.9673846,1678,-262.7317810058594
1772120983.8612726,1679,-167.64779663085938
1772121010.8397532,1680,-143.1603546142578
1772121013.3141804,1681,-100.0
1772121036.8871734,1682,-123.9893798828125
1772121038.903925,1683,-100.0
1772121051.9928396,1684,-63.24721145629883
1772121070.9979713,1685,-232.90078735351562
1772121075.4098783,1686,-18.113475799560547
1772121080.4618027,1687,-131.05555725097656
1772121117.8882115,1688,-306.046142578125
1772121124.9783363,1689,-23.436552047729492
1772121130.1046464,1690,-132.7844696044922
1772121134.171927,1691,-20.199247360229492
1772121143.8364022,1692,-141.08485412597656
1772121152.24165,1693,-176.8359375
1772121163.192416,1694,-71.54822540283203
1772121312.5330613,1695,-47.27150344848633
1772121313.2166913,1696,-100.0
1772121348.630655,1697,-173.75161743164062
1772121351.21404,1698,-100.0
1772121356.0133598,1699,-32.66448974609375
1772121362.106568,1700,-36.784461975097656
1772121371.6028216,1701,-164.78176879882812
1772121372.321775,1702,-100.0
1772121379.0136375,1703,-136.13648986816406
1772121427.0860925,1704,-226.25347900390625
1772121456.3900964,1705,-149.93504333496094
1772121474.6555636,1706,-106.36669158935547
1772121484.9505463,1707,-44.48189163208008
1772121489.2064588,1708,-127.11683654785156
1772121494.9681754,1709,-30.76091766357422
1772121516.4929402,1710,-184.0503692626953
1772121532.4431643,1711,-103.6579360961914
1772121541.0169678,1712,-37.21778869628906
1772121543.566425,1713,-119.92530059814453
1772121569.845707,1714,-134.1072998046875
1772121584.1187415,1715,-152.82571411132812
1772121608.7199974,1716,-267.8310546875
1772121616.7587676,1717,76.20619201660156
1772121619.6389508,1718,-117.47089385986328
1772121630.9990242,1719,-58.869789123535156
1772121759.0647933,1720,-186.3690185546875
1772121769.5825107,1721,-54.51583480834961
1772121771.6396098,1722,-112.48856353759766
1772121799.7032475,1723,-85.74185943603516
1772121806.4873488,1724,-133.94712829589844
1772121809.8705966,1725,-25.738407135009766
1772121846.0063276,1726,-266.365966796875
1772121852.34052,1727,-133.21157836914062
1772121864.1216893,1728,-172.4751739501953
1772121873.3167562,1729,-73.17639923095703
1772121887.736471,1730,-194.94427490234375
1772121943.128222,1731,-431.7073669433594
1772121950.8413215,1732,-15.06198501586914
1772121964.9837148,1733,-186.27342224121094
1772121971.5243526,1734,-138.05921936035156
1772121972.0886679,1735,-100.0
1772121985.3372571,1736,-68.00834655761719
1772121999.64075,1737,-77.43052673339844
1772122008.9852395,1738,-156.51905822753906
1772122032.9847403,1739,-142.27719116210938
1772122077.2702477,1740,-269.7904968261719
1772122088.69525,1741,-141.71182250976562
1772122114.8088453,1742,-284.62786865234375
1772122256.4819856,1743,-132.03196716308594
1772122271.4152713,1744,-102.94593048095703
1772122274.2843742,1745,-114.96601104736328
1772122307.894967,1746,-211.5658416748047
1772122325.4860294,1747,-82.04350280761719
1772122341.4072978,1748,-210.38136291503906
1772122350.7119195,1749,-81.11650085449219
1772122361.2864745,1750,-158.39169311523438
1772122370.887218,1751,-181.8837890625
1772122385.4938307,1752,-106.39260864257812
1772122400.792539,1753,-179.3799591064453
1772122405.015373,1754,-22.635208129882812
1772122410.9736764,1755,-142.93133544921875
1772122416.6000333,1756,-37.41959762573242
1772122427.5022554,1757,-71.24938201904297
1772122457.6444323,1758,-187.9309539794922
1772122461.4334364,1759,-108.9873046875
1772122477.5265448,1760,-234.90228271484375
1772122489.8791122,1761,-87.85572814941406
1772122508.7954767,1762,-237.88345336914062
1772122516.7282794,1763,-51.01396942138672
1772122533.3993948,1764,-150.549072265625
1772122550.3893704,1765,-91.55168914794922
1772122555.5027664,1766,-25.081880569458008
1772122556.74711,1767,-106.6870346069336
1772122643.9922528,1768,-21.953269958496094
1772122654.612787,1769,-164.30856323242188
1772122672.5349162,1770,-13.190936088562012
1772122680.2484837,1771,-148.1392059326172
1772122683.9918182,1772,-16.218706130981445
1772122686.48731,1773,-121.18782806396484
1772122703.7969594,1774,-117.33795928955078
1772122705.1124234,1775,-100.0
1772122715.6095874,1776,-84.5598373413086
1772122729.2701552,1777,-176.06112670898438
1772122779.4791038,1778,-176.49668884277344
1772122786.23927,1779,-123.32681274414062
1772122792.22188,1780,-49.81495666503906
1772122794.1336477,1781,-106.38765716552734
1772122811.6787593,1782,-111.61122131347656
1772122822.3603108,1783,-193.54747009277344
1772122847.6692371,1784,-129.489990234375
1772122869.6219852,1785,-220.89913940429688
1772122880.3065183,1786,-54.05010986328125
1772122903.6441348,1787,-159.6580352783203
1772122956.414776,1788,-305.8449401855469
1772122968.7116036,1789,-157.35198974609375
1772123100.9500785,1790,-100.0
1772123115.150193,1791,-179.1863250732422
1772123125.3048704,1792,-57.43455123901367
1772123168.7123806,1793,-116.80018615722656
1772123171.9597685,1794,-100.0
1772123179.4148974,1795,-127.45411682128906
1772123193.2102842,1796,-109.04802703857422
1772123194.2376394,1797,-100.0
1772123194.679505,1798,-103.57221221923828
1772123207.934625,1799,-166.93734741210938
1772123227.8628168,1800,-10.177946090698242
1772123244.0219603,1801,-192.19261169433594
1772123248.4722612,1802,-130.52833557128906
1772123251.2881632,1803,-129.0410919189453
1772123258.0386117,1804,-42.84447479248047
1772123276.4391973,1805,11.905278205871582
1772123286.070386,1806,-185.9172821044922
1772123299.9510295,1807,-195.37608337402344
1772123311.6851056,1808,-180.9588165283203
1772123315.605962,1809,-26.718936920166016
1772123315.936139,1810,-100.0
1772123324.34231,1811,-149.5431365966797
1772123341.1380281,1812,-211.79403686523438
1772123344.0876186,1813,-111.36843872070312
1772123366.6374733,1814,-142.51321411132812
1772123386.7096095,1815,8.176605224609375
1772123391.1185527,1816,-125.2326431274414
1772123394.3642178,1817,-127.810546875
1772123404.9751673,1818,-157.9263916015625
1772123412.2290914,1819,-68.5857162475586
1772123413.0484135,1820,-102.80583190917969
1772123440.2627647,1821,-150.1274871826172
1772123522.8710465,1822,-106.7211685180664
1772123527.8917296,1823,-20.95578956604004
1772123529.2085755,1824,-111.08120727539062
1772123537.1462755,1825,70.20188903808594
1772123538.1358273,1826,-102.264892578125
1772123589.9340026,1827,-382.1453552246094
1772123594.8710039,1828,-115.20260620117188
1772123600.6311703,1829,-143.8213348388672
1772123611.7663798,1830,58.035728454589844
1772123639.2222085,1831,-184.23773193359375
1772123641.207767,1832,-100.0
1772123654.0077808,1833,-212.01364135742188
1772123659.03235,1834,-34.58365249633789
1772123668.7283075,1835,-33.84144592285156
1772123673.9971795,1836,-125.80657958984375
1772123691.5344737,1837,-120.80828857421875
1772123698.798321,1838,-36.08066940307617
1772123706.2634206,1839,-54.44382858276367
1772123717.6426156,1840,-165.23876953125
1772123720.0352027,1841,-110.8167724609375
1772123726.997666,1842,76.56808471679688
1772123749.973924,1843,-32.83858871459961
1772123754.774619,1844,-18.882293701171875
1772123761.3666475,1845,-42.02685546875
1772123761.9099739,1846,-100.0
1772123765.9110768,1847,-123.50569152832031
1772123803.6394684,1848,-102.32254028320312
1772123809.4192374,1849,-24.914695739746094
1772123822.4562488,1850,-105.63662719726562
1772123955.9605422,1851,39.137813568115234
1772123971.1106484,1852,-117.65118408203125
1772123972.6040108,1853,-101.43836975097656
1772123987.918096,1854,-207.8777618408203
1772123989.059002,1855,-100.0
1772123998.838581,1856,-178.80828857421875
1772124004.7261112,1857,-148.26712036132812
1772124019.0551636,1858,-184.35403442382812
1772124028.1517425,1859,-53.228633880615234
1772124042.5481813,1860,-71.93009185791016
1772124043.6730893,1861,-100.0
1772124061.9496093,1862,-25.018875122070312
1772124067.6380935,1863,-24.807132720947266
1772124076.2029536,1864,-157.12454223632812
1772124087.7663808,1865,-90.51591491699219
1772124090.9031358,1866,-128.09637451171875
1772124094.0120072,1867,-22.4905948638916
1772124100.1714463,1868,-27.275354385375977
1772124114.3184633,1869,-85.96745300292969
1772124119.5331426,1870,-30.624553680419922
1772124123.4178042,1871,-135.7989959716797
1772124126.9359,1872,-17.521820068359375
1772124127.6903687,1873,-103.4697265625
1772124141.9137225,1874,-129.351318359375
1772124147.4868674,1875,-34.563053131103516
1772124154.1361668,1876,-41.56511306762695
1772124158.4781873,1877,-119.4032974243164
1772124158.9327478,1878,-100.77816772460938
1772124179.5262506,1879,-238.32034301757812
1772124197.1763742,1880,-103.61134338378906
1772124210.9676306,1881,-221.98037719726562
1772124223.237983,1882,-64.27840423583984
1772124230.8074849,1883,-152.72120666503906
1772124231.7076569,1884,-104.05815887451172
1772124236.452826,1885,-147.40431213378906
1772124246.1647568,1886,-179.71701049804688
1772124259.2057211,1887,27.242307662963867
1772124270.0075102,1888,-51.30245590209961
1772124273.9672182,1889,-15.443464279174805
1772124393.9737928,1890,-197.6993865966797
1772124413.7201717,1891,-206.68479919433594
1772124424.5035925,1892,-170.0936737060547
1772124434.8726966,1893,-147.58045959472656
1772124447.286994,1894,-70.23343658447266
1772124454.412042,1895,-42.63677215576172
1772124464.0557668,1896,-164.00213623046875
1772124473.9115102,1897,-178.3689727783203
1772124480.3104916,1898,-152.716796875
1772124499.9512925,1899,-10.417678833007812
1772124527.1589456,1900,-36.1439208984375
1772124551.8949137,1901,-67.56417846679688
1772124556.7149632,1902,-121.28321075439453
1772124568.707144,1903,-168.129638671875
1772124588.950987,1904,-45.53384780883789
1772124605.0783405,1905,12.7603759765625
1772124613.591567,1906,-49.288917541503906
1772124631.5433044,1907,-195.370361328125
1772124640.8330684,1908,-60.79141616821289
1772124647.5658927,1909,-42.413639068603516
1772124648.1244102,1910,-100.0
1772124659.7215455,1911,32.707252502441406
1772124670.9588392,1912,37.311283111572266
1772124681.5289843,1913,-182.7977294921875
1772124687.502601,1914,-29.719181060791016
1772124689.0467298,1915,-104.27452087402344
1772124700.0233028,1916,-179.82266235351562
1772124718.003261,1917,-213.36448669433594
1772124815.8630664,1918,26.49980926513672
1772124823.5435379,1919,-25.359813690185547
1772124827.2221315,1920,-15.33366870880127
1772124838.934136,1921,-58.48097610473633
1772124844.247722,1922,-141.97402954101562
1772124850.0579424,1923,-129.63804626464844
1772124861.9179764,1924,-2.8448715209960938
1772124865.6878142,1925,-14.8677978515625
1772124875.1646051,1926,-165.4654998779297
1772124888.6631143,1927,-183.47341918945312
1772124911.9094205,1928,-139.42784118652344
1772124927.1904037,1929,-99.0980224609375
1772124934.389952,1930,-138.9410400390625
1772124939.3104043,1931,-151.83775329589844
1772124946.53281,1932,-34.234310150146484
1772124955.0735445,1933,-57.64828109741211
1772124969.4780157,1934,-69.62339782714844
1772124985.3400226,1935,-96.30139923095703
1772124994.327219,1936,55.86437225341797
1772124999.350288,1937,-35.29367446899414
1772125001.5823622,1938,-106.08907318115234
1772125016.9189227,1939,-131.67880249023438
1772125034.7748778,1940,-132.62423706054688
1772125052.3110783,1941,18.68306541442871
1772125066.2323225,1942,15.729374885559082
1772125069.2601485,1943,-116.22119140625
1772125092.5666926,1944,-54.10714340209961
1772125097.1886137,1945,-28.488544464111328
1772125097.8809242,1946,-102.44664764404297
1772125105.7810843,1947,-177.06796264648438
1772125122.1356406,1948,5.280150413513184
1772125280.7920828,1949,-108.85659790039062
1772125283.8392036,1950,-116.79267883300781
1772125284.1066523,1951,-100.0
1772125287.418201,1952,-132.86141967773438
1772125288.4749382,1953,-106.25166320800781
1772125330.2633386,1954,-301.6169128417969
1772125339.950089,1955,-42.8725700378418
1772125364.6541934,1956,-139.25668334960938
1772125379.4139664,1957,-192.21336364746094
1772125383.7665877,1958,-20.397533416748047
1772125388.0246322,1959,-24.887075424194336
1772125391.9595106,1960,-23.891874313354492
1772125394.0712667,1961,-115.62579345703125
1772125409.2385476,1962,-84.11174774169922
1772125410.4548874,1963,-100.0
1772125421.26933,1964,-67.92658996582031
1772125426.2001817,1965,-39.682979583740234
1772125426.616283,1966,-100.0
1772125436.3886077,1967,-90.47008514404297
1772125443.725982,1968,-153.80650329589844
1772125464.119699,1969,-4.25070858001709
1772125470.5182672,1970,-44.050357818603516
1772125470.9682302,1971,-100.0
1772125484.2330654,1972,-72.5164794921875
1772125487.4300206,1973,-121.75437927246094
1772125489.8184772,1974,-118.94713592529297
1772125490.0817797,1975,-100.0
1772125498.99884,1976,-45.72792434692383
1772125509.988002,1977,-79.32371520996094
1772125513.807289,1978,-32.675804138183594
1772125530.4153817,1979,-124.8307876586914
1772125550.1350348,1980,-128.02906799316406
1772125558.1034622,1981,-67.60558319091797
1772125565.5923355,1982,-48.11540603637695
1772125579.131082,1983,-60.65108108520508
1772125589.650739,1984,50.11604690551758
1772125590.3922803,1985,-100.0
1772125616.7172906,1986,-180.98532104492188
1772125763.220021,1987,-10.909245491027832
1772125766.5827203,1988,-17.411930084228516
1772125767.862625,1989,-110.05073547363281
1772125771.182583,1990,-24.05843734741211
1772125785.1101265,1991,-213.55470275878906
1772125794.8392742,1992,-154.36985778808594
1772125820.120352,1993,-164.21571350097656
1772125821.8792558,1994,-100.0
1772125826.0398664,1995,-36.20645523071289
1772125830.9670417,1996,76.0799789428711
1772125837.816344,1997,-53.103858947753906
1772125841.934813,1998,-134.36505126953125
1772125845.4464455,1999,-18.01470947265625
1772125874.6385512,2000,-106.92333984375
1772125880.3412125,2001,-123.02002716064453
1772125919.2225814,2002,-355.80828857421875
1772125925.148418,2003,-27.44598388671875
1772125936.477054,2004,-184.4261016845703
1772125953.847232,2005,-208.60348510742188
1772125959.670663,2006,-38.83205795288086
1772125961.783765,2007,-113.15499114990234
1772125964.764964,2008,-125.50927734375
1772125984.1185117,2009,-214.6433868408203
1772125992.615174,2010,-139.8260955810547
1772126001.9744432,2011,-87.27130889892578
1772126005.5979753,2012,-16.26866912841797
1772126005.9336526,2013,-100.0
1772126011.894247,2014,-35.86293029785156
1772126017.6366498,2015,-143.4305419921875
1772126019.9908717,2016,-115.85579681396484
1772126023.3836234,2017,-15.081991195678711
1772126038.8076923,2018,-177.17601013183594
1772126040.563328,2019,-101.7151870727539
1772126058.9656305,2020,-208.87547302246094
1772126068.1177857,2021,-32.83256912231445
1772126195.8321533,2022,-32.77919387817383
1772126199.5398114,2023,-34.08976364135742
1772126200.2461677,2024,-102.56906127929688
1772126206.649356,2025,-52.72346878051758
1772126217.9437523,2026,-160.9960174560547
1772126222.0707376,2027,-22.406431198120117
1772126237.9807081,2028,-188.9590606689453
1772126241.7838783,2029,-125.37898254394531
1772126246.6803417,2030,-25.177915573120117
1772126259.0313287,2031,-94.20379638671875
1772126272.7183442,2032,-83.4855728149414
1772126277.8745108,2033,-124.24700164794922
1772126308.4078822,2034,-263.80267333984375
1772126311.8318136,2035,-108.0879898071289
1772126322.3906279,2036,-59.482906341552734
1772126325.3692067,2037,-103.21268463134766
1772126326.872331,2038,-110.48199462890625
1772126327.6053019,2039,-102.33045196533203
1772126334.0079565,2040,-131.80874633789062
1772126349.430578,2041,-88.48269653320312
1772126366.1992385,2042,3.2729814052581787
1772126376.9200668,2043,-156.49107360839844
1772126387.206864,2044,-163.00892639160156
1772126400.6302118,2045,-0.45177802443504333
1772126409.1234255,2046,-157.28517150878906
1772126431.7857604,2047,-18.53447151184082
1772126440.375343,2048,-161.7552032470703
1772126445.103154,2049,-21.367597579956055
1772126477.8830044,2050,-93.72360229492188
1772126485.0801153,2051,-133.14242553710938
1772126523.971059,2052,-315.0599060058594
1772126647.4164574,2053,-147.408935546875
1772126652.0220816,2054,-21.361936569213867
1772126660.7900245,2055,-56.9908561706543
1772126664.694096,2056,-19.459444046020508
1772126665.6788824,2057,-104.56289672851562
1772126678.1353345,2058,27.150165557861328
1772126682.1354663,2059,-23.0037899017334
1772126697.3939679,2060,-28.265399932861328
1772126698.678757,2061,-100.0
1772126702.8400807,2062,-117.77596282958984
1772126703.255282,2063,-100.0
1772126719.0638876,2064,-204.6388702392578
1772126734.3615427,2065,-177.75949096679688
1772126754.9100597,2066,-125.48307800292969
1772126759.5630717,2067,-28.16946792602539
1772126786.0391734,2068,-288.4434509277344
1772126816.9748635,2069,-303.98724365234375
1772126828.7602391,2070,-96.5390396118164
1772126835.826788,2071,-158.1875
1772126846.3161917,2072,-66.87286376953125
1772126865.7291684,2073,-209.87579345703125
1772126870.3221588,2074,-17.494831085205078
1772126881.2070336,2075,-60.40823745727539
1772126890.6794198,2076,-70.44513702392578
1772126898.7505639,2077,-41.57661056518555
1772126908.4084747,2078,-57.43505096435547
1772126918.9045734,2079,-64.38417053222656
1772126928.215492,2080,-163.56024169921875
1772126929.0476415,2081,-100.37763214111328
1772126941.3109188,2082,-71.86515045166016
1772126954.9986708,2083,-10.4304838180542
1772127036.3745337,2084,34.413726806640625
1772127037.1802394,2085,-100.0
1772127040.6604357,2086,-134.7689208984375
1772127045.1356697,2087,-25.454750061035156
1772127046.9361303,2088,-108.76009368896484
1772127047.4172223,2089,-102.29449462890625
1772127053.7293763,2090,-40.11518096923828
1772127079.8040168,2091,-80.69149780273438
1772127093.6223667,2092,-91.6917724609375
1772127094.6153073,2093,-100.0
1772127100.506127,2094,82.2054214477539
1772127104.0237064,2095,90.78471374511719
1772127109.0925567,2096,-44.439300537109375
1772127116.5668175,2097,-61.254573822021484
1772127122.2007198,2098,-31.1882266998291
1772127129.3351164,2099,-167.13092041015625
1772127141.9160562,2100,-104.9508285522461
1772127147.415217,2101,-31.495088577270508
1772127147.894597,2102,-100.0
1772127167.5751204,2103,-98.37968444824219
1772127223.1484976,2104,-329.5086975097656
1772127227.4151511,2105,-100.0
1772127240.8859754,2106,-102.11111450195312
1772127258.5827093,2107,10.533117294311523
1772127260.8228486,2108,-110.25016021728516
1772127288.8232105,2109,-119.37055206298828
1772127291.0316327,2110,-100.0
1772127298.258989,2111,-162.9124755859375
1772127313.1261609,2112,-72.1272964477539
1772127317.2932894,2113,-16.05718231201172
1772127325.5500338,2114,-47.981876373291016
1772127333.7586417,2115,-142.3611602783203
1772127342.393005,2116,-189.9035186767578
1772127456.5655544,2117,-104.2666015625
1772127463.0974813,2118,-23.354032516479492
1772127474.7110736,2119,-64.73048400878906
1772127479.1271024,2120,-16.259048461914062
1772127483.3203304,2121,-136.5205535888672
1772127487.9559138,2122,-22.715118408203125
1772127488.3865383,2123,-100.0
1772127490.711177,2124,-118.14957427978516
1772127492.5363011,2125,-115.47622680664062
1772127499.9595149,2126,-34.06476593017578
1772127523.5104175,2127,-16.739233016967773
1772127551.3187807,2128,-55.72662353515625
1772127565.4625416,2129,-80.00648498535156
1772127581.5282195,2130,-101.92029571533203
1772127587.6179228,2131,-123.44300079345703
1772127594.9979274,2132,-40.26422882080078
1772127624.8236167,2133,-277.2709045410156
1772127674.6060476,2134,-261.9942321777344
1772127689.3032308,2135,-179.2659912109375
1772127702.0389407,2136,-95.21886444091797
1772127723.9261515,2137,-134.1581573486328
1772127732.1840618,2138,-157.85665893554688
1772127735.677251,2139,-126.6918716430664
1772127744.280477,2140,-149.69418334960938
1772127748.1822362,2141,-19.93082046508789
1772127766.998469,2142,-135.24624633789062
1772127842.4785004,2143,-20.744543075561523
1772127847.643451,2144,56.60942840576172
1772127852.727849,2145,-123.8934555053711
1772127865.527192,2146,-172.86627197265625
1772127866.8403583,2147,-102.8839340209961
1772127902.3258533,2148,-209.5520477294922
1772127914.1657233,2149,-163.52352905273438
1772127920.6232111,2150,-48.024471282958984
1772127946.3906918,2151,-66.50007629394531
1772127959.1265304,2152,58.76835250854492
1772128001.0699623,2153,-213.888916015625
1772128008.523179,2154,-44.98372268676758
1772128017.1064694,2155,-57.77006912231445
1772128022.8315105,2156,-123.01820373535156
1772128032.3752723,2157,-63.550880432128906
1772128039.9922495,2158,-145.46510314941406
1772128046.2939427,2159,-38.6755485534668
1772128049.455153,2160,-127.8248519897461
1772128052.44171,2161,-127.24436950683594
1772128056.9269786,2162,-123.45220184326172
1772128069.976245,2163,-183.91500854492188
1772128072.566608,2164,-119.6859130859375
1772128085.0470676,2165,-184.9593505859375
1772128089.6067574,2166,-29.314504623413086
1772128098.869716,2167,54.947998046875
1772128114.9300187,2168,1.5890494585037231
1772128125.4235673,2169,52.06001281738281
1772128133.0474489,2170,52.404422760009766
1772128136.8855057,2171,-23.52823829650879
1772128137.212222,2172,-100.0
1772128142.0529552,2173,-28.802490234375
1772128147.9909961,2174,74.36845397949219
1772128151.7881541,2175,-23.282203674316406
1772128169.7426271,2176,-143.2506561279297
1772128315.1928966,2177,-139.13084411621094
1772128322.4441195,2178,-164.73060607910156
1772128326.1684062,2179,-132.0408172607422
1772128327.9028964,2180,-111.6637191772461
1772128350.9094043,2181,-244.261962890625
1772128373.1795368,2182,-67.5577163696289
1772128385.0069826,2183,-90.3561782836914
1772128416.1341496,2184,-119.25025939941406
1772128433.7746427,2185,18.601375579833984
1772128439.3180351,2186,81.452392578125
1772128449.528725,2187,-165.51101684570312
1772128460.8550203,2188,-69.75201416015625
1772128486.6780944,2189,-76.02408599853516
1772128506.9730918,2190,1.4408879280090332
1772128515.7172809,2191,-149.74520874023438
1772128521.893586,2192,81.73959350585938
1772128530.0358412,2193,57.74781036376953
1772128542.181968,2194,22.926523208618164
1772128563.3885734,2195,-167.36932373046875
1772128568.4994373,2196,-21.888696670532227
1772128585.753915,2197,2.443204879760742
1772128598.5733905,2198,-110.17208862304688
1772128607.4156733,2199,-61.807830810546875
1772128610.1339736,2200,-110.84898376464844
1772128619.0429754,2201,-144.43898010253906
1772128695.0361187,2202,-100.1952896118164
1772128702.6161644,2203,59.94280242919922
1772128704.4732842,2204,-115.44573974609375
1772128710.680455,2205,-30.84426498413086
1772128729.1109953,2206,-8.37332534790039
1772128738.9666362,2207,56.25672149658203
1772128744.0821617,2208,-18.88344955444336
1772128748.2514522,2209,-126.05536651611328
1772128767.2852938,2210,-13.687911033630371
1772128798.0944688,2211,-58.661590576171875
1772128822.9674735,2212,-163.2912139892578
1772128846.0716057,2213,-223.24681091308594
1772128859.895025,2214,-98.47196960449219
1772128868.0072863,2215,-138.12496948242188
1772128884.1839843,2216,-82.54198455810547
1772128894.8394217,2217,-144.67738342285156
1772128905.176793,2218,-164.4428253173828
1772128906.3361242,2219,-103.9814224243164
1772128935.3839705,2220,-302.33660888671875
1772128946.296981,2221,-66.40184020996094
1772128947.03195,2222,-100.0
1772128952.467929,2223,-30.811349868774414
1772128971.7175508,2224,-30.02948760986328
1772128987.3538604,2225,38.68733596801758
1772128995.1407683,2226,-37.707454681396484
1772129003.2252047,2227,-133.0569610595703
1772129004.118242,2228,-102.06871795654297
1772129007.3199663,2229,-28.425643920898438
1772129014.0703819,2230,-156.23434448242188
1772129019.2858644,2231,-143.23841857910156
1772129022.5914497,2232,-127.97977447509766
1772129026.1658142,2233,-21.66808319091797
1772129137.6866941,2234,-159.005126953125
1772129164.9185073,2235,-75.69842529296875
1772129170.0060842,2236,-15.88900375366211
1772129174.1044233,2237,-118.43511962890625
1772129177.240234,2238,-123.30899047851562
1772129189.2389977,2239,39.0205192565918
1772129200.0240815,2240,57.38221740722656
1772129219.2696013,2241,-7.728867053985596
1772129227.5103323,2242,-36.78013229370117
1772129238.685193,2243,15.225767135620117
1772129266.1141074,2244,-157.85121154785156
1772129274.071408,2245,-125.43116760253906
1772129284.0545025,2246,-45.01100540161133
1772129284.8431976,2247,-100.0
1772129288.695603,2248,-33.97079849243164
1772129302.9369397,2249,10.291269302368164
1772129311.0316489,2250,-46.99903869628906
1772129313.14518,2251,-109.72740936279297
1772129316.534913,2252,-21.399866104125977
1772129320.4393804,2253,-26.793596267700195
1772129345.6547701,2254,-83.68087768554688
1772129350.670891,2255,-31.596233367919922
1772129374.837586,2256,-142.13442993164062
1772129381.7175813,2257,-37.386070251464844
1772129392.2843935,2258,-190.8673095703125
1772129393.5590787,2259,-102.67787170410156
1772129397.7513525,2260,-26.39220428466797
1772129408.9826684,2261,-63.04269790649414
1772129413.1440504,2262,-35.89946365356445
1772129433.2616158,2263,-221.70306396484375
1772129437.783061,2264,93.59564208984375
1772129443.95396,2265,-40.811275482177734
1772129447.5342321,2266,-23.30485725402832
1772129448.8233085,2267,-105.7833480834961
1772129449.0120387,2268,-100.0
1772129451.7156994,2269,-119.44623565673828
1772129461.0993261,2270,-180.24855041503906
1772129583.8958447,2271,-329.4967041015625
1772129586.3042302,2272,-100.0
1772129592.9068296,2273,-39.90860366821289
1772129615.7580354,2274,-102.58257293701172
1772129630.0073361,2275,-192.6241455078125
1772129634.869904,2276,-17.469470977783203
1772129640.451997,2277,54.566688537597656
1772129644.0503333,2278,-15.534297943115234
1772129653.597197,2279,-51.36105728149414
1772129657.591773,2280,93.93038177490234
1772129657.9558585,2281,-100.0
1772129664.9390788,2282,-45.28597640991211
1772129668.7271106,2283,-17.974552154541016
1772129682.1980534,2284,11.92126178741455
1772129683.350776,2285,-100.0
1772129691.6526253,2286,-64.99333953857422
1772129695.349649,2287,-24.781179428100586
1772129702.345858,2288,-163.80914306640625
1772129707.4051332,2289,-22.535367965698242
1772129710.685949,2290,-33.25730514526367
1772129729.415495,2291,-109.11308288574219
1772129741.1427574,2292,49.44552993774414
1772129747.415579,2293,82.66218566894531
1772129751.1593053,2294,-127.87787628173828
1772129770.2983677,2295,-26.001543045043945
1772129772.118326,2296,-100.23994445800781
1772129777.9125206,2297,86.20053100585938
1772129781.4292898,2298,-23.29405975341797
1772129788.8256106,2299,68.94522857666016
1772129796.4713461,2300,-158.34088134765625
1772129825.7443583,2301,-123.91683197021484
1772129837.2716079,2302,-47.07728958129883
1772129845.8396091,2303,65.30723571777344
1772129858.103474,2304,5.299877166748047
1772129865.239243,2305,-160.70974731445312
1772129870.5109098,2306,-40.4356575012207
1772129877.133852,2307,-50.02095413208008
1772129899.561572,2308,-170.55552673339844
1772129999.6709979,2309,-211.83657836914062
1772130008.302481,2310,68.81105041503906
1772130009.0193417,2311,-100.0
1772130012.500141,2312,-25.048372268676758
1772130012.8878427,2313,-100.0
1772130034.2559373,2314,-50.47649002075195
1772130050.090366,2315,-113.49348449707031
1772130057.5325084,2316,-37.79964828491211
1772130063.350737,2317,-136.66510009765625
1772130084.2126865,2318,-236.592529296875
1772130103.511541,2319,-103.52037048339844
1772130108.951016,2320,-27.153823852539062
1772130118.7750678,2321,-61.814735412597656
1772130128.9140372,2322,-64.2430419921875
1772130152.2373254,2323,-33.67141342163086
1772130164.8559244,2324,-72.25704193115234
1772130181.748857,2325,-7.637180805206299
1772130191.7530274,2326,-63.715728759765625
1772130197.0793536,2327,78.98932647705078
1772130197.687459,2328,-100.62139892578125
1772130200.8001544,2329,-18.1621036529541
1772130204.0780933,2330,-20.130603790283203
1772130206.712297,2331,-110.72797393798828
1772130220.3254335,2332,-109.60527801513672
1772130224.7591062,2333,-131.94979858398438
1772130235.3497214,2334,-177.7257843017578
1772130253.6131563,2335,-112.31819915771484
1772130264.4027133,2336,-60.27452850341797
1772130266.59686,2337,-113.57201385498047
1772130267.7226627,2338,-110.5827407836914
1772130272.1832216,2339,-31.458110809326172
1772130274.8844547,2340,-110.96537780761719
1772130285.3632703,2341,35.71365737915039
1772130286.21521,2342,-100.0
1772130302.2636075,2343,-194.9724578857422
1772130385.8428502,2344,48.986236572265625
1772130389.5010238,2345,-124.44132232666016
1772130389.8759866,2346,-100.0
1772130419.204048,2347,-201.32888793945312
1772130431.5749943,2348,52.06959915161133
1772130438.7425363,2349,-52.75468444824219
1772130453.1071608,2350,11.077341079711914
1772130468.375111,2351,-7.993149280548096
1772130477.3036494,2352,-59.376373291015625
1772130480.9158545,2353,-11.793193817138672
1772130492.7277744,2354,-79.15552520751953
1772130497.8132007,2355,-147.0707244873047
1772130504.1381452,2356,-37.25503921508789
1772130508.3809228,2357,-18.395301818847656
1772130515.8625538,2358,66.04231262207031
1772130522.8408563,2359,-31.73436164855957
1772130523.4784977,2360,-100.0
1772130535.5744298,2361,-163.21978759765625
1772130564.5028293,2362,-66.4029769897461
1772130566.6939292,2363,-100.0
1772130599.254655,2364,-289.80462646484375
1772130608.5098825,2365,-154.46469116210938
1772130617.496617,2366,-159.12705993652344
1772130627.707981,2367,-49.0444221496582
1772130635.1469262,2368,-44.162696838378906
1772130641.3024943,2369,-31.986129760742188
1772130648.2747993,2370,-51.58101272583008
1772130654.9298692,2371,-41.56781005859375
1772130674.1034749,2372,-100.96600341796875
1772130681.0934224,2373,-39.53078842163086
1772130696.7935038,2374,8.252538681030273
1772130814.3914137,2375,-179.774169921875
1772130815.4473908,2376,-100.0
1772130819.89489,2377,-24.316938400268555
1772130823.6932907,2378,-24.47806167602539
1772130839.894925,2379,-114.47538757324219
1772130844.4720454,2380,-115.51068878173828
1772130851.9346523,2381,53.799896240234375
1772130859.1503918,2382,-36.471561431884766
1772130861.646633,2383,-118.34783172607422
1772130861.921894,2384,-100.0
1772130862.0492191,2385,-100.0
1772130871.0787978,2386,-177.3907470703125
1772130882.2630138,2387,-69.10374450683594
1772130896.6538913,2388,-97.86393737792969
1772130904.2795913,2389,-141.4058837890625
1772130904.9204977,2390,-100.0
1772130934.1779666,2391,-89.58153533935547
1772130960.280118,2392,-278.1887512207031
1772130962.2960114,2393,-100.0
1772130965.290584,2394,-19.020139694213867
1772130973.2714708,2395,-140.56912231445312
1772130991.253851,2396,-232.8507080078125
1772131004.714876,2397,-59.332008361816406
1772131008.7822142,2398,-24.669784545898438
1772131017.6873696,2399,43.29471969604492
1772131027.5659308,2400,24.64734649658203
1772131037.4924884,2401,-54.06724166870117
1772131041.2361581,2402,-15.47817611694336
1772131055.8639803,2403,22.27999496459961
1772131060.3092823,2404,-20.294567108154297
1772131064.5691743,2405,-16.885581970214844
1772131082.1996217,2406,16.07096290588379
1772131095.5035589,2407,47.08168029785156
1772131096.916946,2408,-102.05521392822266
1772131119.3190424,2409,-59.3084831237793
1772131223.8962183,2410,-99.57382202148438
1772131227.9612877,2411,-119.75880432128906
1772131228.3161798,2412,-100.0
1772131236.6458983,2413,40.78563690185547
1772131241.6710048,2414,-130.4998016357422
1772131252.5048637,2415,-40.78200149536133
1772131270.8388727,2416,11.735750198364258
1772131278.165884,2417,-36.5604133605957
1772131279.0376496,2418,-102.17426300048828
1772131281.7876968,2419,-131.64556884765625
1772131289.5063741,2420,-155.0843048095703
1772131308.2220702,2421,-205.16934204101562
1772131313.471702,2422,-43.35882568359375
1772131325.1757474,2423,-62.95293426513672
1772131351.543466,2424,-242.9213409423828
1772131356.918394,2425,-16.164447784423828
1772131372.1648645,2426,-117.71710968017578
1772131381.2227132,2427,-53.35078048706055
1772131391.4151137,2428,-159.27102661132812
1772131395.2883267,2429,-20.65668296813965
1772131398.8076391,2430,-23.983190536499023
1772131399.1711164,2431,-100.0
1772131415.4467342,2432,-123.58526611328125
1772131417.229232,2433,-105.443115234375
1772131420.3611119,2434,-14.549704551696777
1772131439.6071057,2435,6.007767200469971
1772131444.1102266,2436,-27.376155853271484
1772131449.0156636,2437,-29.46319580078125
1772131462.2867436,2438,9.918681144714355
1772131464.9105093,2439,97.15450286865234
1772131465.5280082,2440,-103.38298034667969
1772131467.9970324,2441,-124.89002227783203
1772131479.161958,2442,-177.11915588378906
1772131492.9188857,2443,-190.8973846435547
1772131503.737244,2444,-63.16698455810547
1772131514.3276331,2445,43.19948196411133
1772131519.895568,2446,-28.696102142333984
1772131527.511263,2447,60.270118713378906
1772131531.4494982,2448,-127.5189437866211
1772131654.3921356,2449,22.837373733520508
1772131657.3191059,2450,-110.69470977783203
1772131665.3689375,2451,-154.42002868652344
1772131676.517148,2452,-76.63298797607422
1772131683.9069967,2453,-171.05068969726562
1772131690.0381248,2454,-133.9525604248047
1772131696.31025,2455,-136.03294372558594
1772131705.036453,2456,69.07044219970703
1772131721.303182,2457,-191.41629028320312
1772131733.2077339,2458,58.19498825073242
1772131737.7577426,2459,-24.22109603881836
1772131748.603375,2460,50.625919342041016
1772131749.5921054,2461,-100.0
1772131754.9636757,2462,-121.24976348876953
1772131764.535917,2463,-159.45350646972656
1772131771.1595669,2464,-32.347373962402344
1772131777.803434,2465,-46.163658142089844
1772131781.5901535,2466,-22.381988525390625
1772131786.7958531,2467,-49.10666275024414
1772131797.8790321,2468,-165.53173828125
1772131807.0901113,2469,-135.7913055419922
1772131813.142105,2470,-32.45265579223633
1772131816.5458248,2471,-12.377756118774414
1772131827.199403,2472,-60.83420944213867
1772131840.7749243,2473,-179.16358947753906
1772131844.9188037,2474,-32.38901138305664
1772131848.279282,2475,-36.26651382446289
1772131851.92694,2476,-20.241989135742188
1772131855.8004472,2477,-119.51611328125
1772131856.3747725,2478,-101.62946319580078
1772131866.19836,2479,-71.84410095214844
1772131882.3265772,2480,-95.85144805908203
1772131894.3837838,2481,-179.6079559326172
1772131905.6779256,2482,-156.39398193359375
1772131928.5177093,2483,-247.65451049804688
1772131948.5014758,2484,-12.814516067504883
1772131961.6265419,2485,50.554359436035156
1772131995.9913542,2486,-187.919921875
1772132121.922959,2487,-101.80303955078125
1772132127.0632937,2488,76.42797088623047
1772132132.950977,2489,81.25811004638672
1772132147.5554662,2490,9.803170204162598
1772132159.8943803,2491,41.12319564819336
1772132167.7368796,2492,-76.3907699584961
1772132173.305144,2493,-30.871967315673828
1772132185.7840698,2494,-177.57223510742188
1772132195.2561536,2495,-141.79708862304688
1772132204.0235462,2496,48.0228271484375
1772132214.2955682,2497,-48.08860778808594
1772132217.975361,2498,-113.89356231689453
1772132236.1836314,2499,-212.24522399902344
1772132244.918304,2500,-155.30697631835938
1772132252.7273295,2501,66.1593246459961
1772132256.5274482,2502,-34.443687438964844
1772132259.5091088,2503,-121.87869262695312
1772132262.775149,2504,-17.136184692382812
1772132270.0654922,2505,-46.621856689453125
1772132281.4623823,2506,-174.5991668701172
1772132292.1512232,2507,-56.33660888671875
1772132309.139418,2508,-212.55078125
1772132314.264588,2509,-18.970529556274414
1772132324.39098,2510,-169.7567596435547
1772132340.5344558,2511,-176.91664123535156
1772132346.7747538,2512,-45.891300201416016
1772132405.7824924,2513,-357.8406066894531
1772132423.4636672,2514,-74.56963348388672
1772132500.5719512,2515,-41.451080322265625
1772132507.2558103,2516,-45.51736831665039
1772132507.8692822,2517,-100.0
1772132538.7752063,2518,-177.97325134277344
1772132547.2971108,2519,-70.69165802001953
1772132562.7809417,2520,-196.018798828125
1772132569.1080642,2521,-30.633787155151367
1772132581.1426268,2522,-101.05844116210938
1772132595.4156024,2523,17.04509735107422
1772132599.1603577,2524,-122.38607788085938
1772132611.61447,2525,1.6453932523727417
1772132636.621333,2526,-82.05493927001953
1772132641.3575428,2527,-12.817176818847656
1772132660.6323366,2528,-98.44416046142578
1772132667.1199358,2529,-26.10837173461914
1772132675.2784522,2530,71.88651275634766
1772132678.9316332,2531,-19.167821884155273
1772132712.3351886,2532,-145.7460174560547
1772132779.606118,2533,-421.4335632324219
1772132811.9271977,2534,-223.7493896484375
1772132850.1346927,2535,-101.2842788696289
1772132965.0789602,2536,-196.9087677001953
1772132973.5594823,2537,47.04255676269531
1772132985.0460863,2538,-74.1995849609375
1772133007.6221945,2539,-168.9170684814453
1772133014.872298,2540,-20.517562866210938
1772133031.5099354,2541,-112.44998931884766
1772133044.5678768,2542,-197.6435089111328
1772133058.161326,2543,-105.3137435913086
1772133066.7398224,2544,-40.032020568847656
1772133101.4978745,2545,-298.5235900878906
1772133111.6449282,2546,-62.91579055786133
1772133138.3924174,2547,-170.22396850585938
1772133171.5116637,2548,-327.39111328125
1772133177.4775038,2549,-28.054704666137695
1772133182.2963932,2550,-29.667705535888672
1772133185.9418502,2551,-25.71353530883789
1772133186.729564,2552,-103.95590209960938
1772133189.9414647,2553,-25.69382095336914
1772133206.4138207,2554,-102.27427673339844
1772133212.815083,2555,-155.18032836914062
1772133233.3670523,2556,-129.1792755126953
1772133239.1591966,2557,-140.6780242919922
1772133242.777573,2558,-25.702606201171875
1772133269.3833385,2559,-378.1858215332031
1772133437.8052442,2560,-299.0999755859375
1772133443.9932864,2561,-125.06703186035156
1772133445.5621414,2562,-114.00495147705078
1772133454.3276093,2563,35.13162612915039
1772133463.2398045,2564,-160.91943359375
1772133468.7928112,2565,-124.03414154052734
1772133469.4922793,2566,-100.69999694824219
1772133471.7831838,2567,-118.14569091796875
1772133484.3470688,2568,-190.9920196533203
1772133495.1268122,2569,-51.31032943725586
1772133496.344255,2570,-103.89177703857422
1772133500.0241277,2571,-19.669498443603516
1772133503.5345244,2572,-31.647186279296875
1772133508.3745468,2573,-19.420166015625
1772133518.4122367,2574,-153.24172973632812
1772133536.9197526,2575,-135.85995483398438
1772133541.078113,2576,-119.38538360595703
1772133544.6299264,2577,-24.738344192504883
1772133547.396269,2578,-115.9555435180664
1772133560.1018665,2579,20.175586700439453
1772133562.2401042,2580,-113.699462890625
1772133563.544294,2581,-114.4786148071289
1772133595.059898,2582,-270.85198974609375
1772133607.7884028,2583,-65.8403549194336
1772133614.4233878,2584,-22.71727180480957
1772133628.110934,2585,-180.73422241210938
1772133640.315109,2586,-106.16177368164062
1772133669.6698928,2587,-58.032840728759766
1772133692.2786183,2588,-210.17100524902344
1772133693.910626,2589,-100.0
1772133694.4241402,2590,-103.53645324707031
1772133697.4297535,2591,-129.41329956054688
1772133701.0154533,2592,-16.628379821777344
1772133707.9416325,2593,-43.030181884765625
1772133714.9674597,2594,-54.744083404541016
1772133721.5832145,2595,-53.178016662597656
1772133804.0539415,2596,-174.9027862548828
1772133811.3178685,2597,-134.38377380371094
1772133816.5032027,2598,-33.557865142822266
1772133822.102945,2599,75.74320220947266
1772133826.8387442,2600,-45.49007797241211
1772133827.830083,2601,-105.68378448486328
1772133838.552539,2602,-161.6413116455078
1772133851.0958169,2603,-69.02361297607422
1772133856.4628017,2604,-47.83354187011719
1772133861.0933425,2605,-36.035274505615234
1772133884.791858,2606,-237.7668914794922
1772133893.4312038,2607,-70.26152801513672
1772133894.0511708,2608,-100.0
1772133897.114553,2609,-109.4413833618164
1772133919.7675607,2610,-68.94644165039062
1772133922.7501001,2611,-111.79229736328125
1772133928.9859166,2612,-47.14741134643555
1772133940.5890324,2613,-72.71648406982422
1772133948.799425,2614,-136.09658813476562
1772133956.3659637,2615,-128.90408325195312
1772133965.5317326,2616,-156.38783264160156
1772133970.1663787,2617,-122.9282455444336
1772133989.6058602,2618,-46.909034729003906
1772134018.1033335,2619,-73.5339126586914
1772134036.2312267,2620,23.65577507019043
1772134045.045624,2621,-67.41172790527344
1772134054.4569204,2622,-150.9892578125
1772134062.9350045,2623,-57.7929801940918
1772134072.6314242,2624,-49.357643127441406
1772134083.1407993,2625,32.91875457763672
1772134088.1168935,2626,-19.210905075073242
1772134091.0952923,2627,-115.27096557617188
1772134097.439863,2628,71.74397277832031
1772134105.7515626,2629,-46.70462417602539
1772134126.9955766,2630,-122.70378112792969
1772134227.2788126,2631,-144.0033416748047
1772134236.8880653,2632,-78.42217254638672
1772134255.1915362,2633,-204.17222595214844
1772134270.9267454,2634,-211.28672790527344
1772134278.7712457,2635,-55.469234466552734
1772134284.1747308,2636,-29.816246032714844
1772134290.6166754,2637,-57.55672836303711
1772134293.3675244,2638,-112.19963073730469
1772134324.0239804,2639,-164.51939392089844
1772134336.8126018,2640,-172.37887573242188
1772134342.3775785,2641,-34.662593841552734
1772134345.9258134,2642,-125.11439514160156
1772134378.6483216,2643,-214.1179962158203
1772134395.4785361,2644,-76.6031494140625
1772134411.9281213,2645,-98.84320831298828
1772134443.7898068,2646,-81.85707092285156
1772134451.9295118,2647,-35.62031555175781
1772134471.6750274,2648,-154.94886779785156
1772134473.3058145,2649,-100.0
1772134496.3257148,2650,-36.99573516845703
1772134508.7924602,2651,-69.20294189453125
1772134516.0577452,2652,-34.64316177368164
1772134520.2145677,2653,-15.648353576660156
1772134529.9954789,2654,-59.349918365478516
1772134611.320363,2655,-100.87094116210938
1772134612.8243444,2656,-117.2918701171875
1772134616.1870906,2657,-25.91310691833496
1772134650.5170012,2658,-222.12045288085938
1772134659.095052,2659,-64.09566497802734
1772134667.1302826,2660,-134.43701171875
1772134670.7899747,2661,-24.639619827270508
1772134679.3831391,2662,-82.3433837890625
1772134688.3761597,2663,60.03021240234375
1772134699.5344694,2664,-67.67607116699219
1772134713.814502,2665,-3.325239658355713
1772134727.4174962,2666,-189.8515167236328
1772134742.0395458,2667,30.039695739746094
1772134765.4301412,2668,-206.39361572265625
1772134778.8904674,2669,-70.43775939941406
1772134800.8876302,2670,-43.66532897949219
1772134811.6817439,2671,54.42231369018555
1772134820.920035,2672,-39.47283935546875
1772134831.0947006,2673,-66.35895538330078
1772134835.1501503,2674,-21.410930633544922
1772134843.0305037,2675,-159.90748596191406
1772134857.1112986,2676,-194.47726440429688
1772134862.1202443,2677,-122.93370819091797
1772134870.0314603,2678,-130.72842407226562
1772134898.578349,2679,-175.79457092285156
1772134904.6959832,2680,-119.16326904296875
1772134915.204618,2681,44.60478973388672
1772134934.4218738,2682,-4.765212059020996
1772135055.6089115,2683,-100.0
1772135067.7820096,2684,-75.98652648925781
1772135071.0917795,2685,-112.99171447753906
1772135073.8140707,2686,96.45697784423828
1772135092.3669627,2687,-32.26228713989258
1772135099.4482212,2688,-38.78742980957031
1772135109.8866146,2689,-66.44041442871094
1772135132.238378,2690,-39.84194564819336
1772135137.0786202,2691,-29.68644142150879
1772135139.0923026,2692,-113.83195495605469
1772135163.9543314,2693,-70.68657684326172
1772135186.9301836,2694,-146.0039520263672
1772135211.3893354,2695,-31.89554786682129
1772135223.7033763,2696,48.15284729003906
1772135225.4503934,2697,-102.65180969238281
1772135231.136587,2698,79.57195281982422
1772135240.9827788,2699,-56.645328521728516
1772135242.5161884,2700,-101.72247314453125
1772135246.5821543,2701,-21.946786880493164
1772135263.9909377,2702,-209.45176696777344
1772135296.8587854,2703,-91.72142028808594
1772135316.3103545,2704,-99.87683868408203
1772135327.7859986,2705,-179.3014678955078
1772135335.9275377,2706,-141.35313415527344
1772135340.0882256,2707,85.43404388427734
1772135354.551112,2708,-77.58646392822266
1772135362.0619037,2709,-123.71519470214844
1772135379.287522,2710,-134.0772247314453
1772135387.501811,2711,-34.46744155883789
1772135392.5667758,2712,-32.88301086425781
1772135484.2391384,2713,-34.714088439941406
1772135489.7877324,2714,-51.98970031738281
1772135502.0599456,2715,-91.63746643066406
1772135514.8398073,2716,42.985538482666016
1772135520.5055137,2717,-143.0926055908203
1772135521.719038,2718,-104.72283172607422
1772135529.2965467,2719,-167.23744201660156
1772135530.042128,2720,-100.0
1772135533.4824293,2721,-24.236623764038086
1772135546.766875,2722,28.7764835357666
1772135572.5064776,2723,-309.82391357421875
1772135580.826894,2724,63.46315002441406
1772135585.4830713,2725,-123.74839782714844
1772135592.6320357,2726,-132.8379669189453
1772135596.3022766,2727,-38.999454498291016
1772135600.0555165,2728,-118.72232818603516
1772135604.9202144,2729,-28.088623046875
1772135605.376277,2730,-100.0
1772135611.7904644,2731,66.88115692138672
1772135623.44329,2732,-165.28805541992188
1772135643.7318904,2733,-47.854122161865234
1772135658.4549024,2734,-87.53266143798828
1772135668.327031,2735,55.20508575439453
1772135672.1165059,2736,-22.008913040161133
1772135713.5875518,2737,-364.08880615234375
1772135727.3568473,2738,57.5481071472168
1772135731.6072874,2739,-16.16883087158203
1772135744.728141,2740,-76.79161834716797
1772135755.7270858,2741,-167.66595458984375
1772135771.6952329,2742,-203.80154418945312
1772135779.6394153,2743,69.92333221435547
1772135784.2162874,2744,-140.21624755859375
1772135788.1193118,2745,-19.744077682495117
1772135795.1463044,2746,62.77104949951172
1772135795.8644352,2747,-100.38739013671875
1772135797.302632,2748,-110.3163833618164
1772135811.9918857,2749,-188.00057983398438
1772135938.7446978,2750,29.52733039855957
1772135943.1912646,2751,-15.941649436950684
1772135951.5308392,2752,56.25980758666992
1772135960.4719424,2753,54.5343132019043
1772135964.632309,2754,-16.464923858642578
1772135971.437579,2755,-161.6951904296875
1772135972.0876572,2756,-100.0
1772135977.4310646,2757,-32.855838775634766
1772135990.3585372,2758,-196.9117431640625
1772135996.644296,2759,-33.871639251708984
1772136004.435205,2760,-50.829463958740234
1772136015.6715558,2761,-153.88818359375
1772136022.8058338,2762,-29.31890296936035
1772136024.4714432,2763,-112.45166778564453
1772136027.7979593,2764,-19.013029098510742
1772136028.1835082,2765,-100.0
1772136031.5423892,2766,-20.94447898864746
1772136034.8209426,2767,-18.07999038696289
1772136038.6786373,2768,-19.736373901367188
1772136051.1915798,2769,-78.91986846923828
1772136083.0673175,2770,-197.99542236328125
1772136103.7995894,2771,-219.69281005859375
1772136105.303948,2772,-100.0
1772136110.583731,2773,-40.043983459472656
1772136114.4874725,2774,-21.606334686279297
1772136128.24666,2775,-113.68916320800781
1772136129.4455304,2776,-100.0
1772136129.5731254,2777,-100.0
1772136133.8817475,2778,-129.22146606445312
1772136134.3571572,2779,-100.0
1772136142.9034674,2780,-43.95456314086914
1772136144.2010121,2781,-107.44193267822266
1772136154.1994026,2782,-170.41847229003906
1772136158.3606086,2783,-20.023839950561523
1772136167.0225828,2784,-164.00982666015625
1772136181.8766456,2785,-182.91871643066406
1772136197.718291,2786,-199.377197265625
1772136204.8551104,2787,-55.029685974121094
1772136209.9570496,2788,-33.652130126953125
1772136214.2394683,2789,-33.03618240356445
1772136217.5581572,2790,-21.945144653320312
1772136223.0375473,2791,-47.30369186401367
1772136225.6222517,2792,-119.71875
1772136248.3426049,2793,-315.39642333984375
1772136344.619223,2794,4.689161777496338
1772136351.8617487,2795,-130.44314575195312
1772136355.6310997,2796,-22.13290786743164
1772136369.6565597,2797,7.05364990234375
1772136391.3073382,2798,-59.230445861816406
1772136407.790356,2799,5.073123931884766
1772136412.946236,2800,-17.51161766052246
1772136420.0243902,2801,-43.64820861816406
1772136427.831039,2802,-46.64991760253906
1772136428.5030758,2803,-100.0
1772136431.7668226,2804,-22.786888122558594
1772136438.0060518,2805,-153.0956573486328
1772136454.4417856,2806,-114.11080169677734
1772136462.5195158,2807,-69.4315185546875
1772136466.3274848,2808,-19.834941864013672
1772136466.7124622,2809,-100.0
1772136475.4792688,2810,-66.96900939941406
1772136493.2074392,2811,-100.33573150634766
1772136502.1033628,2812,83.38863372802734
1772136509.5927925,2813,-35.144020080566406
1772136515.9213743,2814,-59.3719596862793
1772136522.0820875,2815,-38.40932083129883
1772136522.5267088,2816,-100.0
