wall_time,step,value
1772595814.677321,2,-100.0
1772595818.594211,3,-125.7732162475586
1772595821.0959823,4,-113.63927459716797
1772595828.340066,5,-55.34518814086914
1772595837.0108542,6,-170.51885986328125
1772595841.279243,7,-125.47127532958984
1772595845.2807403,8,-121.99888610839844
1772595868.6434999,9,-142.56411743164062
1772595870.4603958,10,-103.75714111328125
1772595875.426138,11,-133.66615295410156
1772595895.780548,12,-116.98906707763672
1772595902.1967735,13,-131.46934509277344
1772595910.0293694,14,-145.0753936767578
1772595914.6539412,15,-139.20114135742188
1772595918.4864333,16,-119.1287841796875
1772595925.036473,17,-134.55364990234375
1772595927.477664,18,-120.38666534423828
1772595933.0772183,19,-135.98480224609375
1772595933.4274435,20,-100.0
1772595947.604219,21,-117.61248779296875
1772595949.7190826,22,-108.6401138305664
1772595953.2934983,23,-20.0419864654541
1772595958.3028574,24,-129.2104949951172
1772595958.741411,25,-100.4778060913086
1772595958.986619,26,-101.24665832519531
1772595959.2774262,27,-101.50093078613281
1772595963.5279105,28,-123.90973663330078
1772595966.1012993,29,-116.98568725585938
1772595971.689217,30,-30.7740478515625
1772595973.3998194,31,-108.6013412475586
1772595973.6339486,32,-100.22454071044922
1772595975.5852294,33,-122.52851104736328
1772595976.2674692,34,-103.36368560791016
1772595977.8694918,35,-113.78387451171875
1772595978.947443,36,-107.0457534790039
1772595989.1200027,37,-204.03170776367188
1772595991.7575436,38,-116.60720825195312
1772596000.03558,39,-153.21759033203125
1772596003.5329847,40,-26.400981903076172
1772596004.746592,41,-104.76374816894531
1772596004.9585178,42,-100.86018371582031
1772596007.406655,43,-116.74461364746094
1772596008.5440066,44,-107.55987548828125
1772596008.7585032,45,-100.20059204101562
1772596017.1541662,46,-195.40150451660156
1772596020.3829153,47,-27.857057571411133
1772596024.5489035,48,-136.18638610839844
1772596025.245449,49,-104.75011444091797
1772596027.6948476,50,-128.0254364013672
1772596028.0940785,51,-100.8606185913086
1772596030.612082,52,-119.48536682128906
1772596033.664823,53,-27.933218002319336
1772596039.005149,54,-137.16891479492188
1772596040.38306,55,-108.45758819580078
1772596059.3479252,56,-124.90335845947266
1772596068.8432703,57,-83.44245147705078
1772596069.8214567,58,-102.83930206298828
1772596074.7633812,59,-149.91473388671875
1772596077.316405,60,-115.56766510009766
1772596079.0840456,61,-111.27936553955078
1772596080.5882406,62,-117.05430603027344
1772596082.1135209,63,-118.61235809326172
1772596085.407359,64,-125.83145904541016
1772596090.590073,65,-143.0306396484375
1772596091.156642,66,-103.15108489990234
1772596092.4628239,67,-110.87064361572266
1772596096.5992231,68,-30.692182540893555
1772596107.3909316,69,-63.570247650146484
1772596115.4684474,70,-168.3728790283203
1772596370.8570316,71,-116.85517883300781
1772596373.137977,72,-115.22354888916016
1772596375.6647031,73,-120.45867156982422
1772596378.0521536,74,-117.61408233642578
1772596384.4616308,75,-41.46339797973633
1772596387.4125054,76,-124.05259704589844
1772596389.3796334,77,-116.314208984375
1772596403.0754886,78,-89.49732208251953
1772596408.0930843,79,-125.15357208251953
1772596409.4710588,80,-107.96018981933594
1772596410.36592,81,-105.38716888427734
1772596420.2284966,82,-61.223995208740234
1772596422.5901656,83,-113.0238265991211
1772596427.8128994,84,-145.38706970214844
1772596432.388448,85,-134.14901733398438
1772596440.66163,86,-162.79080200195312
1772596441.7382007,87,-106.8712158203125
1772596441.9955828,88,-100.86927795410156
1772596442.3350804,89,-101.26988983154297
1772596444.9426339,90,-114.56025695800781
1772596446.0124025,91,-111.229736328125
1772596459.4854414,92,-215.829345703125
1772596460.1920185,93,-100.0
1772596460.8120854,94,-105.64978790283203
1772596461.7304862,95,-111.72660827636719
1772596468.6066718,96,-139.3314208984375
1772596472.0293913,97,-9.287285804748535
1772596474.1335692,98,-123.19480895996094
1772596478.3026311,99,-45.04612731933594
1772596481.5665436,100,-127.11304473876953
1772596485.699991,101,-131.965087890625
1772596492.0756638,102,-52.53002166748047
1772596497.5257502,103,-137.37327575683594
1772596501.6312869,104,-125.61934661865234
1772596506.206607,105,-130.25770568847656
1772596513.4693344,106,-160.51963806152344
1772596516.1726298,107,-114.80712890625
1772596517.6849716,108,-104.53594970703125
1772596530.1539037,109,-192.5792999267578
1772596530.7812157,110,-100.0
1772596535.8071,111,-142.6969757080078
1772596540.7740383,112,-150.8181610107422
1772596545.2297106,113,-133.5115966796875
1772596547.0711985,114,-112.74930572509766
1772596548.04442,115,-106.19841766357422
1772596548.3167233,116,-100.45713806152344
1772596550.5514336,117,-118.5560531616211
1772596551.0602002,118,-104.06824493408203
1772596553.1967497,119,-120.5316162109375
1772596557.589852,120,-131.4876251220703
1772596559.0104673,121,-105.03629302978516
1772596560.395429,122,-106.61144256591797
1772596560.7398863,123,-101.29490661621094
1772596565.8126452,124,-137.46629333496094
1772596567.3822534,125,-110.30412292480469
1772596567.7237232,126,-101.13911437988281
1772596567.9580662,127,-101.0348892211914
1772596571.447787,128,-20.644197463989258
1772596577.3903213,129,-139.88009643554688
1772596582.1734016,130,-143.12142944335938
1772596586.8683827,131,-42.42152786254883
1772596589.0862832,132,-112.13124084472656
1772596589.2856004,133,-100.0
1772596589.5694504,134,-101.95874786376953
1772596593.9326522,135,-127.91402435302734
1772596594.785435,136,-105.27951049804688
1772596595.5104225,137,-105.85747528076172
1772596606.2207491,138,-186.1577911376953
1772596607.0433962,139,-101.87775421142578
1772596607.9477043,140,-107.13690185546875
1772596615.5557182,141,-169.24412536621094
1772596619.8194761,142,-49.39707565307617
1772596623.4911835,143,-116.16191864013672
1772596625.832142,144,-115.52986907958984
1772596627.7762408,145,-115.42632293701172
1772596630.718473,146,-128.48822021484375
1772596644.8183658,147,-94.6265640258789
1772596648.3096368,148,-39.459476470947266
1772596648.7875705,149,-102.4691390991211
1772596653.052965,150,-29.025739669799805
1772596653.364243,151,-100.0
1772596660.2615414,152,-146.81800842285156
1772596665.5098324,153,-140.7239227294922
1772596668.862832,154,-37.59585189819336
1772596748.192707,155,-31.106029510498047
1772596753.5666528,156,-141.8013916015625
1772596754.7978282,157,-106.62039184570312
1772596755.5172062,158,-104.64492797851562
1772596755.7113235,159,-100.60887908935547
1772596757.749536,160,-116.67194366455078
1772596758.5165489,161,-101.76065826416016
1772596764.2869325,162,-137.8144989013672
1772596773.545424,163,-173.8647918701172
1772596775.8290298,164,-124.22299194335938
1772596785.314612,165,-172.47125244140625
1772596789.293883,166,-126.85430145263672
1772596791.9676058,167,-112.79236602783203
1772596800.286973,168,-170.031982421875
1772596806.837882,169,-148.57508850097656
1772596827.5404377,170,-248.3211669921875
1772596830.1428826,171,-108.86309051513672
1772596835.8604743,172,-127.77916717529297
1772596844.613637,173,-166.6844482421875
1772596845.356585,174,-101.08622741699219
1772596845.7095268,175,-101.12567138671875
1772596847.287134,176,-111.49861907958984
1772596850.2939408,177,-112.83060455322266
1772596856.972662,178,-155.83065795898438
1772596858.902944,179,-110.87059020996094
1772596861.4853985,180,-113.86761474609375
1772596864.5110555,181,-23.88894271850586
1772596867.6596792,182,-114.81250762939453
1772596871.2384484,183,-124.72415924072266
1772596873.7604601,184,-117.53571319580078
1772596874.272292,185,-102.37708282470703
1772596876.9925504,186,-115.56039428710938
1772596879.7464094,187,-123.56141662597656
1772596881.8446195,188,-116.7318344116211
1772596882.3343463,189,-102.000244140625
1772596889.8473942,190,-153.51705932617188
1772596893.1000812,191,-19.41501235961914
1772596896.4385984,192,-22.3182373046875
1772596896.8201177,193,-101.34700775146484
1772596898.4455097,194,-108.02574157714844
1772596898.6479228,195,-100.0
1772596899.5551977,196,-102.55560302734375
1772596906.5282493,197,-152.6551055908203
1772596913.7717302,198,50.19281005859375
1772596919.4920237,199,-29.454309463500977
1772596922.9562917,200,-119.22124481201172
1772596923.2635593,201,-100.5269546508789
1772596925.8207836,202,-114.68265533447266
1772596929.8794856,203,-32.45074462890625
1772596932.1746976,204,-117.7103271484375
1772596947.3650033,205,-122.7517318725586
1772596948.1590307,206,-100.0
1772596951.3420892,207,-130.0142364501953
1772596954.1099598,208,-123.15866088867188
1772596959.382986,209,-137.0771026611328
1772596960.7651243,210,-111.587158203125
1772596962.8371623,211,-118.61427307128906
1772596963.1058023,212,-100.44888305664062
1772596964.5257146,213,-111.8816146850586
1772596964.8199008,214,-101.39726257324219
1772596969.7594757,215,-154.08883666992188
1772596973.0766146,216,-120.75321197509766
1772596973.7906594,217,-103.36368560791016
1772596974.989086,218,-107.76476287841797
1772596975.2746603,219,-101.47698211669922
1772596975.7876134,220,-102.39185333251953
1772596975.9337223,221,-100.0
1772596981.677624,222,-128.76560974121094
1772596984.5758493,223,-118.54418182373047
1772596987.77853,224,-19.44126319885254
1772596988.1614573,225,-100.36559295654297
1772597000.8538318,226,-95.32676696777344
1772597002.4361382,227,-111.07315826416016
1772597004.9496517,228,-114.60302734375
1772597008.967093,229,-130.92857360839844
1772597010.3704798,230,-108.7601318359375
1772597011.5202308,231,-108.2000961303711
1772597012.0135326,232,-102.42561340332031
1772597012.427415,233,-101.37604522705078
1772597012.566484,234,-100.0
1772597016.7151275,235,-126.85182189941406
1772597017.1247208,236,-101.02515411376953
1772597023.669691,237,-145.22622680664062
1772597025.8388102,238,-112.36070251464844
1772597027.5561388,239,-116.4323501586914
1772597034.2739751,240,-140.412841796875
1772597038.6684654,241,-124.89690399169922
1772597041.0217438,242,-109.70464324951172
1772597041.2369597,243,-100.0
1772597047.0531359,244,-148.02456665039062
1772597112.8300202,245,-106.24765014648438
1772597113.0255113,246,-100.54037475585938
1772597123.2095685,247,-156.33470153808594
1772597123.8196332,248,-100.7991943359375
1772597127.876431,249,-133.9558563232422
1772597129.8133886,250,-110.7127685546875
1772597132.354557,251,-131.51226806640625
1772597133.4114585,252,-106.37675476074219
1772597136.3864229,253,-122.85134887695312
1772597136.6924868,254,-100.5293197631836
1772597138.3898325,255,-114.71029663085938
1772597146.2462347,256,-136.23118591308594
1772597153.2284305,257,-137.23214721679688
1772597156.9624145,258,-131.21554565429688
1772597159.093459,259,-111.2752456665039
1772597159.8046904,260,-105.70581817626953
1772597161.8994362,261,-113.94580078125
1772597169.9621074,262,-170.81797790527344
1772597174.85,263,-134.81784057617188
1772597178.1242883,264,-128.57826232910156
1772597179.2625065,265,-106.72484588623047
1772597181.5676303,266,-115.41332244873047
1772597187.0387163,267,-146.22314453125
1772597187.3906035,268,-100.0
1772597191.4546971,269,-136.55372619628906
1772597192.0298338,270,-103.384765625
1772597192.1589627,271,-100.0
1772597198.3711095,272,-160.7006378173828
1772597201.0559034,273,-120.72034454345703
1772597208.075125,274,-164.1858367919922
1772597209.527627,275,-106.82357788085938
1772597210.3979068,276,-103.81708526611328
1772597214.28539,277,-144.2161407470703
1772597216.289642,278,-114.48454284667969
1772597217.996761,279,-114.51347351074219
1772597222.4866166,280,-131.3175048828125
1772597223.1477842,281,-101.42607116699219
1772597226.4214177,282,-118.41967010498047
1772597229.730725,283,-124.74720764160156
1772597236.1629114,284,-147.01617431640625
1772597243.3400419,285,-135.32664489746094
1772597244.3180213,286,-107.12808990478516
1772597246.0513742,287,-111.94242095947266
1772597247.967091,288,-109.1626205444336
1772597248.554246,289,-102.79680633544922
1772597251.754313,290,-14.737565040588379
1772597266.6957126,291,-192.40081787109375
1772597270.858208,292,-134.221435546875
1772597274.05354,293,-15.302268028259277
1772597274.3297958,294,-100.0
1772597275.9707701,295,-109.97940063476562
1772597278.0537949,296,-120.66956329345703
1772597280.1018686,297,-111.58891296386719
1772597282.6752,298,-121.0787353515625
1772597289.3935854,299,-136.52798461914062
1772597291.0280404,300,-108.22925567626953
1772597295.984827,301,-131.7130126953125
1772597299.1847107,302,-120.64547729492188
1772597304.0732913,303,-49.597930908203125
1772597309.7528815,304,-152.70977783203125
1772597310.1342256,305,-100.0
1772597314.6077793,306,-150.4947509765625
1772597315.25514,307,-103.71150207519531
1772597316.4433324,308,-109.84261322021484
1772597319.7533767,309,-123.21388244628906
1772597333.6659617,310,-225.142333984375
1772597334.6484127,311,-103.13215637207031
1772597335.6825912,312,-105.90231323242188
1772597337.729801,313,-108.4451904296875
1772597340.2298868,314,-128.51116943359375
1772597342.1366687,315,-109.56609344482422
1772597345.6022875,316,-33.23169708251953
1772597363.7478247,317,-198.53106689453125
1772597366.0554883,318,-113.25830841064453
1772597367.9605796,319,-115.7226791381836
1772597369.9801445,320,-109.75326538085938
1772597375.8116016,321,-153.95419311523438
1772597376.252202,322,-100.70661163330078
1772597377.895168,323,-110.82551574707031
1772597380.1747296,324,-110.09441375732422
1772597380.3965352,325,-100.0
1772597380.5164425,326,-100.0
1772597383.1730478,327,-130.2371063232422
1772597385.2116556,328,-118.11945343017578
1772597387.299164,329,-113.70596313476562
1772597390.642474,330,-127.54739379882812
1772597393.603125,331,-123.35921478271484
1772597396.0821137,332,-109.47417449951172
1772597400.4435914,333,-134.75885009765625
1772597402.4989786,334,-110.83908081054688
1772597403.7583017,335,-109.70785522460938
1772597405.3787253,336,-106.84941864013672
1772597417.33538,337,-105.33607482910156
1772597562.9079328,338,-102.23941040039062
1772597565.7205465,339,-116.81666564941406
1772597572.838545,340,-137.77084350585938
1772597573.5720916,341,-103.42379760742188
1772597573.7605827,342,-100.49134826660156
1772597576.8973484,343,-120.57035064697266
1772597580.664404,344,-131.1885223388672
1772597593.2432845,345,-194.03822326660156
1772597595.5546324,346,-112.12871551513672
1772597597.2486758,347,-107.24728393554688
1772597598.297759,348,-108.92066192626953
1772597598.4690557,349,-100.0
1772597600.264113,350,-115.872802734375
1772597603.4010994,351,-119.2469482421875
1772597604.9141262,352,-111.0276107788086
1772597606.9136,353,-114.35552215576172
1772597608.32448,354,-111.3055191040039
1772597609.7928598,355,-112.97582244873047
1772597615.9730752,356,-149.18478393554688
1772597616.8273115,357,-103.16447448730469
1772597619.460565,358,-111.86067962646484
1772597624.9793606,359,-135.29957580566406
1772597627.0018837,360,-116.15786743164062
1772597632.617071,361,-144.6147918701172
1772597634.4103842,362,-108.24796295166016
1772597637.3813078,363,-25.87758445739746
1772597640.6431108,364,-15.99001407623291
1772597640.8993378,365,-100.0
1772597643.002224,366,-109.87895965576172
1772597646.9614434,367,-131.01840209960938
1772597652.67113,368,-132.6187286376953
1772597667.4295945,369,-244.66514587402344
1772597672.100278,370,-128.9950408935547
1772597678.7295363,371,-149.8284149169922
1772597683.3688405,372,-137.2087860107422
1772597683.68406,373,-100.0
1772597687.8336778,374,-124.510009765625
1772597690.052341,375,-116.92681884765625
1772597692.73935,376,-114.79181671142578
1772597694.92879,377,-115.19514465332031
1772597701.2559378,378,-146.80050659179688
1772597708.7451,379,-150.6796417236328
1772597709.2213817,380,-100.0
1772597710.1860926,381,-103.86685943603516
1772597713.3081815,382,-127.09620666503906
1772597716.9161053,383,-129.8898468017578
1772597727.2093713,384,-173.6447296142578
1772597728.2925792,385,-105.64651489257812
1772597734.6302896,386,-145.42117309570312
1772597735.097727,387,-100.87162017822266
1772597743.7351289,388,-70.63731384277344
1772597748.2973912,389,-128.45651245117188
1772597751.1393464,390,-124.0820083618164
1772597754.478251,391,-117.83975219726562
1772597756.76108,392,-109.59390258789062
1772597761.0379255,393,-133.4611053466797
1772597765.0332778,394,-25.439918518066406
1772597765.5054836,395,-101.5857925415039
1772597769.692762,396,-124.62283325195312
1772597774.5835385,397,-130.4586181640625
1772597778.273877,398,-122.43315124511719
1772597782.6500018,399,-133.50979614257812
1772597788.8078365,400,-157.41371154785156
1772597795.3387983,401,-150.8681640625
1772597798.7885883,402,-132.05059814453125
1772597806.8822103,403,-137.89053344726562
1772597810.552239,404,-124.14257049560547
1772597811.431264,405,-108.03154754638672
1772597811.6313207,406,-100.62940979003906
1772597817.5468476,407,-155.48023986816406
1772597823.4370666,408,-134.2976531982422
1772597828.2252812,409,-135.6751708984375
1772597830.4896443,410,-112.80599975585938
1772597834.9852884,411,-133.31564331054688
1772597835.4243162,412,-101.19771575927734
1772597837.6504586,413,-118.1417236328125
1772597841.0943334,414,-130.78382873535156
1772597846.2980447,415,-139.91233825683594
1772597847.3029613,416,-104.85823059082031
1772597850.4149265,417,-121.99235534667969
1772597850.7209685,418,-100.56852722167969
1772597852.41253,419,-110.17870330810547
1772597852.6142075,420,-100.0
1772597852.7301598,421,-100.0
1772597856.7295375,422,-139.68902587890625
1772598057.5392082,423,-34.92657470703125
1772598057.8481936,424,-100.71703338623047
1772598065.5288866,425,-170.5388641357422
1772598067.282719,426,-109.35111999511719
1772598072.2100232,427,-130.72947692871094
1772598076.0052223,428,-125.27806091308594
1772598079.6972313,429,-112.64645385742188
1772598082.2675655,430,-109.94143676757812
1772598082.5630405,431,-100.5999984741211
1772598087.1206973,432,-143.1807098388672
1772598088.0785377,433,-104.11627960205078
1772598089.5204809,434,-110.58936309814453
1772598092.846282,435,-124.32381439208984
1772598100.0616295,436,-139.27725219726562
1772598101.497256,437,-105.58495330810547
1772598103.2812212,438,-108.9779052734375
1772598103.537256,439,-100.56534576416016
1772598110.2557967,440,-147.63587951660156
1772598115.221946,441,-139.34056091308594
1772598116.5831332,442,-110.32063293457031
1772598119.9080784,443,-122.47808074951172
1772598120.5123498,444,-101.9103775024414
1772598123.9059668,445,-120.52973937988281
1772598124.1724358,446,-100.0
1772598124.3460262,447,-100.5999984741211
1772598125.7362204,448,-110.5431900024414
1772598126.1900206,449,-101.5030746459961
1772598126.5412304,450,-101.00580596923828
1772598126.6673546,451,-100.0
1772598128.889957,452,-117.3529052734375
1772598133.9274578,453,-128.7246551513672
1772598136.3026307,454,-115.61489868164062
1772598138.7688105,455,-126.09174346923828
1772598148.8311677,456,-180.53562927246094
1772598150.6301084,457,-110.60562896728516
1772598155.8349442,458,-130.3672637939453
1772598169.4446213,459,-124.09758758544922
1772598173.4972935,460,-125.49364471435547
1772598174.7161388,461,-107.34081268310547
1772598180.2597625,462,-140.61282348632812
1772598180.7079098,463,-100.59579467773438
1772598181.6978505,464,-106.24434661865234
1772598187.6741838,465,-153.5030059814453
1772598189.0942416,466,-106.43871307373047
1772598193.8076522,467,-143.13294982910156
1772598195.8783777,468,-110.05402374267578
1772598199.8547034,469,-120.42723846435547
1772598200.681581,470,-102.00979614257812
1772598202.690538,471,-107.58048248291016
1772598205.7461696,472,-23.126726150512695
1772598215.9590626,473,-169.118408203125
1772598218.641524,474,-117.78592681884766
1772598219.9135725,475,-106.46529388427734
1772598223.6032891,476,-28.05575180053711
1772598224.1964948,477,-101.39286804199219
1772598229.3083074,478,-147.96343994140625
1772598229.7312517,479,-100.67674255371094
1772598233.5406146,480,-122.76310729980469
1772598242.5050473,481,-174.2150115966797
1772598248.0684385,482,-146.16233825683594
1772598249.604317,483,-109.7180404663086
1772598250.2250006,484,-103.66437530517578
1772598252.6336164,485,-121.91161346435547
1772598253.4340503,486,-103.21540069580078
1772598262.3512304,487,-159.76893615722656
1772598268.1868982,488,-132.76431274414062
1772598273.646729,489,-139.93643188476562
1772598278.1517103,490,-129.04556274414062
1772598281.0103636,491,-123.89737701416016
1772598284.8281267,492,-133.16470336914062
1772598285.7522273,493,-107.64913177490234
1772598286.9355721,494,-105.72472381591797
1772598287.111098,495,-100.0
1772598289.766756,496,-120.06548309326172
1772598299.5596492,497,-167.66065979003906
1772598301.9875817,498,-119.03516387939453
1772598306.565638,499,-128.68368530273438
1772598313.418455,500,-141.44178771972656
1772598313.8923655,501,-100.0
1772598320.4572775,502,-138.60975646972656
1772598329.410658,503,-88.44615173339844
1772598332.7634838,504,-33.39618682861328
1772598338.7462342,505,-127.78764343261719
1772598340.1307697,506,-107.41470336914062
1772598351.0172842,507,-169.33865356445312
1772598553.6272752,508,-149.12252807617188
1772598555.0543475,509,-110.91580963134766
1772598560.7542195,510,-133.3209686279297
1772598563.4904153,511,-117.18683624267578
1772598565.544102,512,-114.39107513427734
1772598565.7528167,513,-100.0
1772598566.7119892,514,-108.22286987304688
1772598567.264905,515,-104.3187026977539
1772598569.7200446,516,-122.6197738647461
1772598570.6619835,517,-107.35015869140625
1772598579.8572001,518,-150.9710693359375
1772598583.9294147,519,-126.00469970703125
1772598584.836195,520,-105.42616271972656
1772598586.392614,521,-112.46636962890625
1772598590.725355,522,-123.74947357177734
1772598595.6815474,523,-124.19505310058594
1772598599.8962855,524,-128.7196044921875
1772598606.5378206,525,-142.5740203857422
1772598618.0239403,526,-178.80601501464844
1772598618.724002,527,-100.26737976074219
1772598620.7385237,528,-119.47334289550781
1772598622.543209,529,-118.27295684814453
1772598623.938458,530,-108.577392578125
1772598625.0412543,531,-113.67619323730469
1772598625.3776345,532,-101.7677001953125
1772598626.7245064,533,-115.05766296386719
1772598631.9615061,534,-34.75283432006836
1772598632.4335542,535,-100.99797058105469
1772598637.704494,536,-127.1251220703125
1772598639.6845474,537,-106.87178039550781
1772598642.7593496,538,-123.70821380615234
1772598648.153322,539,-131.0957489013672
1772598652.5365453,540,-127.02249908447266
1772598653.9274235,541,-112.40773010253906
1772598667.8471084,542,-198.98861694335938
1772598670.159183,543,-113.77723693847656
1772598672.0365794,544,-117.67707061767578
1772598673.9141035,545,-118.18870544433594
1772598675.0652952,546,-114.2706527709961
1772598679.4401393,547,-129.42886352539062
1772598685.9784632,548,-139.42953491210938
1772598688.51412,549,-112.88313293457031
1772598690.169861,550,-105.4818344116211
1772598690.6934552,551,-104.11418914794922
1772598691.1062717,552,-100.67282104492188
1772598695.5371156,553,-140.5675048828125
1772598699.4392126,554,-22.450016021728516
1772598700.6313188,555,-104.98239135742188
1772598700.9120712,556,-100.31964111328125
1772598702.9924116,557,-115.68572998046875
1772598710.497863,558,-149.93069458007812
1772598713.2100315,559,-113.400390625
1772598716.400758,560,-120.13217163085938
1772598721.4522939,561,-148.980712890625
1772598725.5934093,562,-127.1572265625
1772598736.1307929,563,-63.27968978881836
1772598737.690925,564,-111.05001831054688
1772598742.4744422,565,-136.2484893798828
1772598746.9931445,566,-141.7225799560547
1772598748.0792003,567,-108.43824005126953
1772598754.176897,568,-141.28697204589844
1772598756.4713817,569,-110.16014099121094
1772598756.902241,570,-101.2374267578125
1772598757.0832558,571,-100.61369323730469
1772598768.112411,572,-176.12356567382812
1772598770.9037614,573,-120.50543212890625
1772598774.7600985,574,-132.6371307373047
1772598780.2406733,575,-134.6772918701172
1772598781.783321,576,-106.9442138671875
1772598782.5200272,577,-104.33200073242188
1772598784.8570263,578,-120.62032318115234
1772598785.6909044,579,-103.8964614868164
1772598788.7292538,580,-129.75961303710938
1772598796.837044,581,-145.43812561035156
1772598806.2007833,582,-178.27365112304688
1772598807.1694555,583,-103.53351593017578
1772598816.4420748,584,-149.37603759765625
1772598819.385244,585,-122.49391174316406
1772598819.6829517,586,-100.59806823730469
1772598824.3267903,587,-139.44493103027344
1772598824.7764237,588,-99.9917221069336
1772598825.6268067,589,-106.06037902832031
1772598828.6141138,590,-119.97242736816406
1772598830.1386197,591,-108.00300598144531
1772598833.4735684,592,-118.8947982788086
1772598841.574127,593,-36.10856246948242
1772598842.128395,594,-100.30551147460938
1772598849.5642583,595,-186.18310546875
1772599027.1601007,596,-115.4347152709961
1772599027.3701913,597,-100.0
1772599028.2062213,598,-106.30842590332031
1772599029.2583055,599,-111.07756042480469
1772599041.7623541,600,-96.04752349853516
1772599048.9000688,601,-149.9851837158203
1772599054.6980302,602,-137.86532592773438
1772599058.4095209,603,-122.4457015991211
1772599059.2022567,604,-104.98383331298828
1772599062.661258,605,-130.26748657226562
1772599066.4579766,606,-19.41503143310547
1772599070.6074378,607,-114.78702545166016
1772599073.1241946,608,-126.58100891113281
1772599083.8340583,609,-196.38516235351562
1772599087.0408137,610,-131.53578186035156
1772599097.5061178,611,-161.45001220703125
1772599098.097277,612,-100.0
1772599098.3302875,613,-100.72876739501953
1772599102.286432,614,-130.9676055908203
1772599102.9140134,615,-103.62442016601562
1772599109.186841,616,-154.37376403808594
1772599113.7618918,617,-152.9530487060547
1772599116.0592415,618,-117.08770751953125
1772599120.1295865,619,-124.47798919677734
1772599122.2333732,620,-110.21575164794922
1772599127.4314263,621,-141.60604858398438
1772599136.4811697,622,-161.87954711914062
1772599140.9523146,623,-122.8424072265625
1772599142.2442598,624,-112.5453109741211
1772599144.448663,625,-111.76496124267578
1772599146.862469,626,-109.97467803955078
1772599147.1358812,627,-100.7686767578125
1772599150.7362533,628,-122.45711517333984
1772599153.5432544,629,-132.01229858398438
1772599153.8384542,630,-100.46864318847656
1772599157.698458,631,-143.1124725341797
1772599158.3935297,632,-103.73743438720703
1772599159.5946584,633,-107.63352966308594
1772599166.6961894,634,-143.5889434814453
1772599173.5624514,635,-56.43912887573242
1772599176.3063653,636,-110.2088851928711
1772599179.6191318,637,-124.03241729736328
1772599184.450442,638,-137.52772521972656
1772599184.8484032,639,-100.59700012207031
1772599187.3023624,640,-111.91636657714844
1772599191.214575,641,-123.46036529541016
1772599196.6120772,642,-130.931396484375
1772599201.4944408,643,-22.49739646911621
1772599209.2017188,644,-148.8672637939453
1772599209.7545295,645,-100.5999984741211
1772599211.791852,646,-115.80360412597656
1772599212.401417,647,-103.72276306152344
1772599214.9480052,648,-109.5694351196289
1772599215.6873786,649,-105.36566162109375
1772599216.9979877,650,-117.21302795410156
1772599220.537374,651,-127.60286712646484
1772599227.2023506,652,-165.79055786132812
1772599228.4424846,653,-102.2897720336914
1772599232.268693,654,-21.50510597229004
1772599233.5375235,655,-108.21300506591797
1772599236.6220536,656,-120.50135040283203
1772599239.172409,657,-109.09329986572266
1772599239.9523416,658,-105.28848266601562
1772599242.8526165,659,-122.66130065917969
1772599243.1056135,660,-100.0
1772599247.929431,661,-131.78477478027344
1772599250.7679873,662,-108.07144165039062
1772599258.992219,663,-136.6080322265625
1772599259.6302767,664,-101.06425476074219
1772599262.4039938,665,-129.91995239257812
1772599266.6931229,666,-126.99728393554688
1772599269.9874818,667,-33.72963333129883
1772599274.8523881,668,-25.76889419555664
1772599276.2094333,669,-106.73458099365234
1772599279.3006766,670,-113.80923461914062
1772599281.121193,671,-111.947265625
1772599295.7067368,672,-245.55905151367188
1772599297.1443083,673,-108.35540008544922
1772599298.9193306,674,-108.9934310913086
1772599299.2251623,675,-101.19999694824219
1772599302.280368,676,-33.771766662597656
1772599311.8573623,677,-86.85940551757812
1772599318.791866,678,-160.84771728515625
1772599497.993105,679,-100.0
1772599509.350187,680,-188.82395935058594
1772599511.1380565,681,-111.86019897460938
1772599517.4984338,682,-165.31878662109375
1772599517.930607,683,-100.0
1772599518.4776523,684,-102.9725112915039
1772599521.4220254,685,-28.44869041442871
1772599522.7760687,686,-114.62708282470703
1772599527.7061646,687,-125.77953338623047
1772599531.9692032,688,-135.65101623535156
1772599533.7524202,689,-110.38288879394531
1772599537.3188317,690,-131.44142150878906
1772599540.8893616,691,-24.864837646484375
1772599544.0053208,692,-128.710205078125
1772599545.80696,693,-115.8747787475586
1772599550.2989843,694,-24.700302124023438
1772599550.6732981,695,-100.0
1772599550.7901173,696,-100.0
1772599565.1052923,697,-198.3301239013672
1772599569.8623478,698,-137.37464904785156
1772599571.0023453,699,-104.95619201660156
1772599573.0909815,700,-108.7935791015625
1772599580.0741282,701,-142.61932373046875
1772599583.2879725,702,-20.45106315612793
1772599598.8187692,703,-247.7301025390625
1772599600.451311,704,-106.16661071777344
1772599601.563411,705,-109.74201965332031
1772599602.1644135,706,-103.70671081542969
1772599602.4714978,707,-102.65409851074219
1772599605.7432811,708,-121.75337219238281
1772599609.3822722,709,-124.7750473022461
1772599619.8992908,710,-196.0816192626953
1772599620.5141041,711,-100.0
1772599621.8573735,712,-106.71170043945312
1772599626.9354415,713,-129.46859741210938
1772599629.5522573,714,-122.30259704589844
1772599633.0903587,715,-132.46200561523438
1772599634.2618303,716,-106.38236999511719
1772599638.0103483,717,-137.34075927734375
1772599639.4666038,718,-111.6690673828125
1772599640.8793821,719,-113.32585144042969
1772599643.1083233,720,-116.66397094726562
1772599646.6485643,721,-34.704078674316406
1772599650.0815485,722,-127.66167449951172
1772599653.8313136,723,-122.21708679199219
1772599658.1205213,724,-49.504493713378906
1772599673.1672573,725,-232.8968505859375
1772599673.9756246,726,-100.0
1772599675.6543007,727,-109.37120819091797
1772599678.817476,728,-115.86559295654297
1772599682.9552476,729,-123.27747344970703
1772599690.2864916,730,-36.89433288574219
1772599690.819268,731,-100.42639923095703
1772599695.3937366,732,-145.279052734375
1772599696.5831363,733,-107.27388763427734
1772599696.7406042,734,-100.0
1772599704.9983015,735,-166.86131286621094
1772599708.9992766,736,-20.528982162475586
1772599723.8142824,737,-106.58240509033203
1772599730.4354465,738,-138.34112548828125
1772599736.112989,739,-167.27456665039062
1772599736.58002,740,-100.44100952148438
1772599742.8341246,741,-158.11167907714844
1772599752.7729952,742,-161.439697265625
1772599758.8636403,743,-131.3539276123047
1772599767.175355,744,-141.0665283203125
1772599774.6303146,745,-34.378135681152344
1772599779.025325,746,-132.87954711914062
1772599786.5980957,747,-161.93370056152344
1772599794.9462464,748,-144.41151428222656
1772600057.4976525,749,-124.5752182006836
1772600058.9447625,750,-110.97599792480469
1772600065.8822033,751,-155.2379608154297
1772600068.7740877,752,-123.29141998291016
1772600078.392708,753,-50.54710388183594
1772600083.2687852,754,-24.89459228515625
1772600086.4253905,755,-117.75143432617188
1772600087.642357,756,-106.22252655029297
1772600088.92867,757,-102.33643341064453
1772600092.0015438,758,-124.94804382324219
1772600094.234397,759,-112.66155242919922
1772600096.8056715,760,-115.71212768554688
1772600098.7442036,761,-118.52295684814453
1772600103.5761406,762,-126.02830505371094
1772600112.5151317,763,-169.23326110839844
1772600113.1202524,764,-100.35386657714844
1772600124.591468,765,-173.59716796875
1772600125.326455,766,-100.95722198486328
1772600126.552293,767,-105.74696350097656
1772600131.6321611,768,-143.51641845703125
1772600136.225229,769,-138.54396057128906
1772600139.6209068,770,-119.6749267578125
1772600149.7211058,771,-179.63746643066406
1772600159.0340047,772,-173.6691436767578
1772600162.7864466,773,-119.08706665039062
1772600163.6082616,774,-103.81102752685547
1772600166.6410851,775,-118.6395034790039
1772600169.5807223,776,-126.30913543701172
1772600195.5793736,777,-283.38519287109375
1772600200.0806873,778,-116.32017517089844
1772600205.4495242,779,-33.576236724853516
1772600207.4932542,780,-120.39727783203125
1772600220.178107,781,-168.51071166992188
1772600221.8891041,782,-106.0716323852539
1772600227.6200774,783,-142.555419921875
1772600228.615264,784,-102.70498657226562
1772600233.8091826,785,-136.33132934570312
1772600239.4505622,786,-134.56997680664062
1772600239.9995136,787,-100.98004913330078
1772600240.7841086,788,-103.8160400390625
1772600244.64706,789,-120.10704803466797
1772600247.5762386,790,-131.03065490722656
1772600248.0484893,791,-101.43428039550781
1772600251.712524,792,-33.746620178222656
1772600254.3191938,793,-127.2423095703125
1772600258.3116822,794,-25.712011337280273
1772600259.3448603,795,-103.40979766845703
1772600270.160204,796,-173.35772705078125
1772600272.2259786,797,-114.316650390625
1772600278.9062133,798,-59.72873306274414
1772600282.8842356,799,-121.28264617919922
1772600283.2241635,800,-100.5166015625
1772600285.8838632,801,-120.57941436767578
1772600286.1211658,802,-100.0
1772600286.2420485,803,-100.0
1772600291.8170826,804,-129.8609619140625
1772600293.4947777,805,-117.72901153564453
1772600293.6763132,806,-100.0
1772600311.089126,807,-224.43959045410156
1772600317.303404,808,-153.16676330566406
1772600317.8946924,809,-101.97614288330078
1772600321.3247626,810,-119.3719482421875
1772600336.649105,811,-213.72328186035156
1772600339.9591331,812,-124.7401351928711
1772600341.5731878,813,-115.97622680664062
1772600344.1631873,814,-110.2963638305664
1772600347.364081,815,-122.92753601074219
1772600579.03354,816,-101.03872680664062
1772600589.704225,817,-173.41563415527344
1772600593.008415,818,-129.5915069580078
1772600595.0208259,819,-119.004150390625
1772600596.4331992,820,-108.2447738647461
1772600598.1600006,821,-108.23750305175781
1772600601.635313,822,-122.41220092773438
1772600602.1176748,823,-101.36701202392578
1772600606.2726233,824,-129.77984619140625
1772600609.0578778,825,-123.63257598876953
1772600609.2914662,826,-100.0
1772600612.1651254,827,-9.686140060424805
1772600613.5190723,828,-108.2425308227539
1772600615.3440537,829,-118.6783218383789
1772600616.537032,830,-104.50949096679688
1772600617.9663064,831,-108.97776794433594
1772600619.3682659,832,-111.72795104980469
1772600619.553886,833,-100.0
1772600629.991331,834,-163.21214294433594
1772600630.6825218,835,-100.1533203125
1772600635.9365284,836,-131.38934326171875
1772600639.2031538,837,-123.22948455810547
1772600643.418216,838,-127.92353057861328
1772600645.369569,839,-106.54427337646484
1772600647.5032458,840,-109.78514862060547
1772600649.9524941,841,-110.82762145996094
1772600653.0380828,842,-119.58576965332031
1772600661.6453707,843,-84.81095886230469
1772600662.201488,844,-100.7033920288086
1772600667.66418,845,-152.00112915039062
1772600671.3101106,846,-119.65298461914062
1772600675.3950229,847,-124.03378295898438
1772600680.2514489,848,-128.3129425048828
1772600680.8348293,849,-102.30009460449219
1772600681.07219,850,-100.35860443115234
1772600683.2126012,851,-114.53857421875
1772600684.610977,852,-108.41643524169922
1772600687.6862955,853,-133.343505859375
1772600689.9143815,854,-109.01948547363281
1772600690.3612483,855,-101.40801239013672
1772600690.777531,856,-103.10896301269531
1772600694.27601,857,-120.02308654785156
1772600697.4865503,858,-124.87469482421875
1772600697.744918,859,-100.0
1772600699.404351,860,-115.4501724243164
1772600699.6501105,861,-100.73460388183594
1772600703.4168773,862,-122.49002838134766
1772600712.8593698,863,-170.93399047851562
1772600735.1701288,864,-228.25079345703125
1772600748.1634724,865,-174.270751953125
1772600754.7750852,866,-131.98907470703125
1772600756.2709658,867,-111.40431213378906
1772600756.987082,868,-101.97014617919922
1772600760.6011457,869,-120.86904907226562
1772600765.5832627,870,-21.890552520751953
1772600765.9241214,871,-100.0
1772600766.042543,872,-100.0
1772600766.6050978,873,-101.69889068603516
1772600774.3414335,874,-148.20745849609375
1772600775.2142918,875,-103.17132568359375
1772600776.753263,876,-106.59761810302734
1772600781.8640814,877,-147.24948120117188
1772600785.4033065,878,-117.02186584472656
1772600785.8901098,879,-102.70762634277344
1772600789.8940396,880,-140.13778686523438
1772600791.6946213,881,-111.01740264892578
1772600794.9784458,882,-31.785152435302734
1772600797.7872345,883,-116.29568481445312
1772600804.4112988,884,-141.9746856689453
1772600817.5202582,885,-186.42527770996094
1772600821.4097426,886,-117.13978576660156
1772600821.730666,887,-100.4962158203125
1772600821.8500001,888,-100.0
1772600822.2549086,889,-101.19940185546875
1772600825.2806451,890,-120.73580169677734
1772600825.8703892,891,-101.25138854980469
1772600837.6267538,892,-187.85699462890625
1772600841.6974163,893,-134.8037109375
1772600846.27786,894,-129.1908416748047
1772600848.5190976,895,-118.11714172363281
1772600850.8609,896,-121.88702392578125
1772600853.9449315,897,-120.62510681152344
1772600857.0092406,898,-121.56008911132812
1772600862.8549254,899,-144.62872314453125
1772600864.5291378,900,-114.39886474609375
1772600867.1762526,901,-128.1154022216797
1772600879.617995,902,-88.26779174804688
1772601073.63836,903,-126.5186996459961
1772601080.0147922,904,-150.20022583007812
1772601080.5681965,905,-101.46307373046875
1772601090.2561507,906,-73.35574340820312
1772601092.5932217,907,-108.25750732421875
1772601094.3093903,908,-115.46527862548828
1772601101.3514154,909,-133.17919921875
1772601102.6622117,910,-112.1439208984375
1772601102.9842348,911,-101.6031265258789
1772601103.663165,912,-105.48287963867188
1772601105.1682258,913,-114.77655029296875
1772601105.3516357,914,-100.0
1772601114.3599942,915,-180.0212860107422
1772601115.5771604,916,-108.03610229492188
1772601116.2891383,917,-104.15828704833984
1772601120.9622118,918,-139.09445190429688
1772601121.3532872,919,-100.69405364990234
1772601121.5264437,920,-100.25450897216797
1772601126.210377,921,-51.794044494628906
1772601131.9997528,922,-149.74607849121094
1772601137.3034322,923,-127.45549774169922
1772601149.958946,924,-193.8662567138672
1772601151.4621143,925,-110.61724853515625
1772601156.5030873,926,-29.791650772094727
1772601159.6382678,927,-21.996192932128906
1772601159.9047425,928,-100.0
1772601160.7511919,929,-105.19711303710938
1772601166.1822941,930,-51.059425354003906
1772601172.7511058,931,-152.16778564453125
1772601174.7420788,932,-112.73585510253906
1772601174.9351583,933,-100.0
1772601175.7774963,934,-106.64149475097656
1772601177.8742409,935,-117.93824768066406
1772601178.0826924,936,-100.0
1772601178.2013283,937,-100.0
1772601180.4861326,938,-109.92725372314453
1772601187.2022285,939,-154.6029510498047
1772601194.8168094,940,-149.7001495361328
1772601197.3161154,941,-122.31925201416016
1772601202.4376738,942,-127.22754669189453
1772601202.9447951,943,-100.59977722167969
1772601203.725324,944,-104.8377456665039
1772601206.4229567,945,-117.49890899658203
1772601208.2072175,946,-108.56143951416016
1772601212.4314551,947,-128.1924285888672
1772601216.6651423,948,-137.31256103515625
1772601217.025599,949,-100.46839141845703
1772601220.9540517,950,-128.48736572265625
1772601222.8396902,951,-118.43639373779297
1772601230.3372657,952,-151.10995483398438
1772601232.900672,953,-126.9037094116211
1772601242.7992792,954,-82.7186279296875
1772601247.779155,955,-131.00672912597656
1772601261.8004992,956,-171.61065673828125
1772601271.0143702,957,-166.6276397705078
1772601280.8027842,958,-152.7899169921875
1772601287.2443783,959,-48.376155853271484
1772601293.1591973,960,-148.61456298828125
1772601294.2123866,961,-101.95477294921875
1772601295.1364803,962,-102.12898254394531
1772601302.6062648,963,-180.92633056640625
1772601304.859075,964,-115.93679809570312
1772601306.3280654,965,-113.65312194824219
1772601310.7776015,966,-139.28016662597656
1772601314.1825936,967,-114.3414077758789
1772601320.6032102,968,-155.14285278320312
1772601323.938228,969,-128.71229553222656
1772601326.916955,970,-130.60281372070312
1772601330.0623243,971,-119.49927520751953
1772601333.1845033,972,-13.779545783996582
1772601338.2903113,973,-154.49656677246094
1772601341.0941234,974,-112.0281982421875
1772601344.7315013,975,-132.1427459716797
1772601348.9372125,976,-130.4202117919922
1772601352.0531414,977,-122.8522720336914
1772601354.6488967,978,-117.41493225097656
1772601358.0838728,979,-116.12810516357422
1772601363.2057254,980,-145.32508850097656
1772601494.8875616,981,-110.5813217163086
1772601499.2472532,982,-137.5815887451172
1772601501.0933652,983,-113.29338073730469
1772601504.2192206,984,-114.55599212646484
1772601505.0250852,985,-104.94087982177734
1772601506.3727212,986,-116.5213394165039
1772601508.7406867,987,-110.82381439208984
1772601509.839714,988,-104.33492279052734
1772601510.9921527,989,-110.68415069580078
1772601528.9804397,990,-113.34906005859375
1772601539.9501529,991,-63.38694763183594
1772601543.3200896,992,-124.36666870117188
1772601548.3222668,993,-139.6951141357422
1772601548.6749673,994,-100.0
1772601548.847301,995,-100.5999984741211
1772601549.0809302,996,-101.07913208007812
1772601552.176409,997,-115.77653503417969
1772601554.7774599,998,-123.12713623046875
1772601556.1843572,999,-111.72984313964844
1772601560.5599208,1000,-125.05111694335938
1772601561.71248,1001,-104.1195068359375
1772601563.3043451,1002,-115.44551849365234
1772601567.4392245,1003,-130.76100158691406
1772601570.672183,1004,-115.69344329833984
1772601573.1982253,1005,-114.02802276611328
1772601581.5693812,1006,-160.2317657470703
1772601583.705247,1007,-118.91863250732422
1772601585.734228,1008,-112.21885681152344
1772601594.5819082,1009,-195.83084106445312
1772601597.92139,1010,-117.6732177734375
1772601602.9162214,1011,-139.02427673339844
1772601612.6994412,1012,-81.90498352050781
1772601618.5444605,1013,-138.1930694580078
1772601622.822892,1014,-25.771760940551758
1772601624.1760468,1015,-110.09776306152344
1772601624.4550457,1016,-100.67955780029297
1772601627.9511144,1017,-125.896728515625
1772601630.980852,1018,-120.42446899414062
1772601634.563611,1019,-127.36985778808594
1772601648.5025456,1020,-188.31056213378906
1772601653.1130462,1021,-136.8656768798828
1772601668.1200423,1022,-216.77931213378906
1772601677.2003548,1023,-179.04541015625
1772601683.3546677,1024,-158.4538116455078
1772601683.801712,1025,-100.31629180908203
1772601686.8082983,1026,-27.34767723083496
1772601688.1131802,1027,-108.85269927978516
1772601694.811168,1028,-144.99874877929688
1772601697.381246,1029,-119.99642181396484
1772601702.1290934,1030,-144.73153686523438
1772601709.9064174,1031,-63.87454605102539
1772601711.847775,1032,-110.25006103515625
1772601712.0332499,1033,-100.0
1772601713.4141717,1034,-116.92180633544922
1772601716.8475308,1035,-129.92648315429688
1772601723.5854526,1036,-154.94007873535156
1772601734.6081975,1037,-162.07974243164062
1772601738.299707,1038,-18.586931228637695
1772601738.857553,1039,-103.54801940917969
1772601743.4897127,1040,-34.163265228271484
1772601750.0632532,1041,-147.51356506347656
1772601758.1932497,1042,-138.55238342285156
1772601759.5453148,1043,-108.5177001953125
1772601766.2986221,1044,-155.2346649169922
1772601767.5240717,1045,-106.1441879272461
1772601777.3132987,1046,-175.02581787109375
1772601789.9923787,1047,-207.47312927246094
1772601990.9494057,1048,-45.54073715209961
1772601994.6374152,1049,-120.90579986572266
1772602002.0870697,1050,-62.36056137084961
1772602003.397331,1051,-109.44940185546875
1772602003.6119998,1052,-100.45243072509766
1772602003.7404938,1053,-100.0
1772602009.3790286,1054,-160.57147216796875
1772602009.8380523,1055,-100.5999984741211
1772602018.13137,1056,-162.7435302734375
1772602018.6927147,1057,-100.78568267822266
1772602021.6467414,1058,-30.837976455688477
1772602036.76309,1059,-130.21435546875
1772602040.988334,1060,-119.43717956542969
1772602041.7033863,1061,-102.18949890136719
1772602044.910683,1062,-121.03006744384766
1772602046.233226,1063,-108.78406524658203
1772602054.2331016,1064,-171.46075439453125
1772602055.6400504,1065,-108.8890380859375
1772602056.9022026,1066,-109.84703826904297
1772602057.679198,1067,-104.21240234375
1772602065.5068977,1068,-152.0445556640625
1772602067.7907982,1069,-114.12255096435547
1772602074.3483958,1070,-41.202884674072266
1772602086.6712015,1071,-218.1400604248047
1772602087.3509662,1072,-100.0
1772602091.9940212,1073,-123.56924438476562
1772602104.528769,1074,-159.06605529785156
1772602111.2064092,1075,-131.64085388183594
1772602112.955752,1076,-111.3429183959961
1772602114.759682,1077,-114.71395874023438
1772602137.2977462,1078,-169.98814392089844
1772602142.9462817,1079,-49.35878372192383
1772602146.0311596,1080,-18.384485244750977
1772602156.1043777,1081,-173.00827026367188
1772602158.6807082,1082,-112.71598052978516
1772602165.8996265,1083,-143.25051879882812
1772602177.561009,1084,-92.22887420654297
1772602184.6242776,1085,-39.26717758178711
1772602186.233765,1086,-111.95295715332031
1772602187.2403886,1087,-106.60224151611328
1772602190.8000987,1088,-119.04167175292969
1772602191.0864818,1089,-100.0
1772602194.3462234,1090,-132.75552368164062
1772602194.6162376,1091,-100.0
1772602199.717982,1092,-130.7200164794922
1772602202.9930077,1093,-135.74008178710938
1772602203.2569225,1094,-100.0
1772602207.7461038,1095,-131.5688934326172
1772602211.3304255,1096,-135.20668029785156
1772602212.1653833,1097,-104.0988998413086
1772602213.9295561,1098,-114.00513458251953
1772602217.305223,1099,-124.07099151611328
1772602219.9353006,1100,-124.0213623046875
1772602233.5392907,1101,-194.5542755126953
1772602236.218725,1102,-112.36235046386719
1772602245.5950468,1103,-74.16674041748047
1772602253.520237,1104,-157.70730590820312
1772602257.7337759,1105,-136.37168884277344
1772602260.138068,1106,-127.08479309082031
1772602261.4444242,1107,-108.6430892944336
1772602266.3711956,1108,-151.2211456298828
1772602274.891095,1109,-168.72219848632812
1772602476.0682724,1110,-113.72003936767578
1772602478.3206968,1111,-113.73206329345703
1772602480.2310352,1112,-110.97869873046875
1772602489.5866013,1113,-85.25282287597656
1772602491.8879657,1114,-111.6227798461914
1772602493.412963,1115,-106.65030670166016
1772602496.314285,1116,-118.33139038085938
1772602498.385118,1117,-110.66952514648438
1772602503.7682552,1118,-133.8533477783203
1772602509.286627,1119,-149.5968017578125
1772602516.337411,1120,-151.63612365722656
1772602520.6564405,1121,-121.0248794555664
1772602524.4872746,1122,-133.51597595214844
1772602528.1350322,1123,-121.37425231933594
1772602534.9473014,1124,-132.42373657226562
1772602536.0392668,1125,-101.13428497314453
1772602544.1442294,1126,-51.29438400268555
1772602549.2562022,1127,-125.06879425048828
1772602552.457066,1128,-15.933002471923828
1772602557.923788,1129,-34.21231460571289
1772602567.8245556,1130,-170.98403930664062
1772602570.9585347,1131,-111.90496063232422
1772602577.3197243,1132,-151.64910888671875
1772602578.6412098,1133,-108.99568176269531
1772602579.4811444,1134,-108.2738037109375
1772602580.2711701,1135,-107.27554321289062
1772602587.7033813,1136,-143.8477783203125
1772602597.0073519,1137,-189.2021026611328
1772602609.1469526,1138,-96.09913635253906
1772602617.0825415,1139,-62.51983642578125
1772602627.0750034,1140,-179.20187377929688
1772602627.81608,1141,-101.98558044433594
1772602630.6903439,1142,-124.41432189941406
1772602638.4277558,1143,-166.80006408691406
1772602645.176195,1144,-156.67945861816406
1772602648.3350115,1145,-115.82945251464844
1772602653.9011998,1146,-149.48629760742188
1772602656.6456065,1147,-118.57076263427734
1772602658.6383588,1148,-109.51988220214844
1772602658.8956368,1149,-100.26557922363281
1772602662.1677456,1150,-125.41169738769531
1772602666.5362012,1151,-140.4973602294922
1772602667.4314668,1152,-105.35323333740234
1772602672.9321592,1153,-145.41941833496094
1772602679.2153091,1154,-131.2952423095703
1772602681.0600417,1155,-115.52767944335938
1772602688.4858992,1156,-175.68655395507812
1772602692.8231194,1157,-134.66676330566406
1772602695.771526,1158,-121.94596099853516
1772602700.7728832,1159,-141.24609375
1772602706.9371333,1160,-125.50308227539062
1772602707.7051325,1161,-101.92937469482422
1772602708.5016305,1162,-103.57160949707031
1772602724.2480724,1163,-199.65330505371094
1772602726.010488,1164,-104.45781707763672
1772602735.1388822,1165,-136.65621948242188
1772602737.9582236,1166,-125.60913848876953
1772602739.0314622,1167,-106.28254699707031
1772602740.0985882,1168,-111.28970336914062
1772602742.7218885,1169,-120.11215209960938
1772602748.2438073,1170,-134.68531799316406
1772602752.0403197,1171,-126.57796478271484
1772602756.978411,1172,-124.25452423095703
1772602759.6206002,1173,-117.65169525146484
1772602760.360129,1174,-103.07688903808594
1772602761.2874162,1175,-105.97772979736328
1772602764.0173216,1176,-110.6304702758789
1772602767.0142858,1177,-36.927860260009766
1772602768.4499433,1178,-109.76725769042969
1772602769.122357,1179,-104.6379165649414
1772602769.4794724,1180,-101.90894317626953
1772602773.5202608,1181,-133.19273376464844
1772602943.2368557,1182,-101.46694946289062
1772602947.4722717,1183,-33.305076599121094
1772602949.0942383,1184,-110.7472152709961
1772602955.1200302,1185,-155.5715789794922
1772602962.4127781,1186,-144.64170837402344
1772602977.1223106,1187,-230.0387420654297
1772602980.6313553,1188,-111.74503326416016
1772602983.1194167,1189,-122.26277923583984
1772602984.5835671,1190,-114.69625091552734
1772602990.8434117,1191,-157.7589111328125
1772602994.0746677,1192,-120.51863098144531
1772602997.2405846,1193,-119.21174621582031
1772602999.4482265,1194,-112.6814956665039
1772603000.9711607,1195,-108.84911346435547
1772603004.5462265,1196,-118.85263061523438
1772603005.0069811,1197,-101.44265747070312
1772603027.361546,1198,-210.1820831298828
1772603028.6663365,1199,-100.5999984741211
1772603029.1773136,1200,-103.028076171875
1772603032.4829884,1201,-132.64263916015625
1772603035.2313604,1202,-118.10216522216797
1772603039.2383697,1203,-117.87716674804688
1772603044.7705173,1204,-26.561126708984375
1772603046.0231903,1205,-112.03475952148438
1772603046.1828284,1206,-100.0
1772603057.6792414,1207,-188.08901977539062
1772603062.7785177,1208,-37.02122116088867
1772603068.024204,1209,-134.2119903564453
1772603069.486977,1210,-108.21224975585938
1772603074.9022627,1211,-33.085777282714844
1772603083.4136617,1212,-80.49658966064453
1772603084.6895015,1213,-103.2384262084961
1772603087.1302686,1214,-115.67025756835938
1772603087.9759936,1215,-103.1822280883789
1772603088.2924144,1216,-101.59406280517578
1772603100.0864918,1217,-214.80323791503906
1772603101.7002306,1218,-114.53317260742188
1772603120.2322009,1219,-217.9398651123047
1772603128.121407,1220,-138.4887237548828
1772603133.702943,1221,-139.3048095703125
1772603134.0732536,1222,-100.0
1772603137.0482383,1223,-111.86112976074219
1772603146.8761046,1224,-177.2425079345703
1772603159.4584975,1225,-82.59742736816406
1772603166.3592176,1226,-167.7890625
1772603169.7377546,1227,-121.1837387084961
1772603172.5611956,1228,-113.23938751220703
1772603173.594448,1229,-103.6052017211914
1772603174.5433967,1230,-102.22364807128906
1772603175.5564945,1231,-107.6736068725586
1772603178.7995133,1232,-117.89069366455078
1772603183.9686587,1233,-133.33822631835938
1772603187.0883086,1234,-116.24132537841797
1772603191.1159096,1235,-134.9871368408203
1772603193.4331942,1236,-124.23068237304688
1772603200.0674486,1237,-133.65216064453125
1772603205.397954,1238,-142.39862060546875
1772603208.2625265,1239,-131.31155395507812
1772603214.3772495,1240,-156.25706481933594
1772603220.6739993,1241,-45.445518493652344
1772603228.080545,1242,-144.8351287841797
1772603230.1661177,1243,-110.73282623291016
1772603234.416502,1244,-127.64323425292969
1772603241.351301,1245,-154.81607055664062
1772603486.381027,1246,-112.91938018798828
1772603489.5290549,1247,-124.64379119873047
1772603495.545171,1248,-35.808982849121094
1772603500.097954,1249,-124.82513427734375
1772603501.321099,1250,-107.96094512939453
1772603503.3784325,1251,-121.44107818603516
1772603503.8163564,1252,-101.56538391113281
1772603506.6585047,1253,-115.37261199951172
1772603507.425154,1254,-106.16875457763672
1772603508.680341,1255,-112.84317779541016
1772603510.30554,1256,-110.04961395263672
1772603512.1620383,1257,-110.92829895019531
1772603518.626059,1258,-150.88926696777344
1772603522.4690115,1259,-37.12291717529297
1772603528.1050382,1260,-138.76495361328125
1772603528.4962256,1261,-100.0
1772603530.6327121,1262,-110.79822540283203
1772603546.713296,1263,-116.47139739990234
1772603548.888149,1264,-107.43766784667969
1772603552.177018,1265,-119.81206512451172
1772603555.3613007,1266,-133.15048217773438
1772603563.3661919,1267,-160.88992309570312
1772603569.0078409,1268,-136.3305206298828
1772603576.1991262,1269,-159.31723022460938
1772603579.3870199,1270,-17.306903839111328
1772603580.936381,1271,-115.3239517211914
1772603584.0348246,1272,-127.28125
1772603584.3663402,1273,-100.3992919921875
1772603591.1993268,1274,-143.534423828125
1772603591.7930672,1275,-101.46665954589844
1772603604.3868546,1276,-170.18946838378906
1772603607.4481113,1277,-115.29747009277344
1772603608.409291,1278,-107.20130920410156
1772603609.101935,1279,-104.9447250366211
1772603619.0113893,1280,-144.7330322265625
1772603620.5055664,1281,-107.73588562011719
1772603620.7314787,1282,-100.59729766845703
1772603622.1672401,1283,-110.88945007324219
1772603626.2434497,1284,-130.52769470214844
1772603634.1773186,1285,-168.21975708007812
1772603640.5813034,1286,-146.60202026367188
1772603643.8463807,1287,-114.01522827148438
1772603645.2538226,1288,-106.21344757080078
1772603645.424425,1289,-100.0
1772603647.2666118,1290,-117.61827850341797
1772603648.7632573,1291,-109.00318145751953
1772603651.753719,1292,-122.7005615234375
1772603667.3842022,1293,-221.22357177734375
1772603686.3634524,1294,-196.7740020751953
1772603710.2236803,1295,-248.33450317382812
1772603713.956809,1296,-120.6842041015625
1772603729.1073592,1297,-239.23565673828125
1772603736.8356326,1298,-159.37200927734375
1772603738.2977567,1299,-111.20518493652344
1772603739.9869363,1300,-111.53785705566406
1772603748.4188807,1301,-62.60380554199219
1772603751.0660946,1302,-116.9305191040039
1772603756.193744,1303,-127.77783203125
1772603756.6004565,1304,-100.41838836669922
1772603757.1221213,1305,-101.5950927734375
1772603758.9155922,1306,-109.31437683105469
1772603761.7433412,1307,-113.94571685791016
1772603767.426103,1308,-31.230663299560547
1772603772.8890076,1309,-132.49349975585938
1772603776.3240895,1310,-137.08253479003906
1772603780.3717973,1311,-129.8425750732422
1772603948.2188663,1312,-124.68692016601562
1772603949.865876,1313,-113.11627960205078
1772603951.173035,1314,-110.297607421875
1772603954.6306736,1315,-126.81522369384766
1772603960.9104853,1316,-143.2744598388672
1772603961.6965153,1317,-104.36318969726562
1772603964.64148,1318,-132.48326110839844
1772603966.1203563,1319,-106.76571655273438
1772603967.8431685,1320,-106.8749771118164
1772603968.367337,1321,-101.98466491699219
1772603973.3153572,1322,-151.193359375
1772603974.929244,1323,-107.60733032226562
1772603977.752337,1324,-116.69084930419922
1772603979.2990055,1325,-106.02452850341797
1772603979.4821055,1326,-100.0
1772603980.6661286,1327,-109.38861083984375
1772603981.1227093,1328,-100.4730224609375
1772603986.0208528,1329,-138.3138427734375
1772603986.5318527,1330,-102.19513702392578
1772603988.7211561,1331,-116.34394836425781
1772603989.5697587,1332,-105.9261703491211
1772603990.115205,1333,-103.02067565917969
1772603992.0873218,1334,-113.74141693115234
1772603993.4960008,1335,-107.049072265625
1772604006.2407677,1336,-188.67147827148438
1772604007.250903,1337,-101.71244049072266
1772604007.7182834,1338,-102.23674011230469
1772604008.0791445,1339,-101.57209014892578
1772604011.2975194,1340,-122.9590835571289
1772604011.563687,1341,-100.0
1772604014.8183074,1342,-114.14400482177734
1772604015.0985508,1343,-100.0
1772604016.3914206,1344,-105.62360382080078
1772604018.1697798,1345,-112.74909210205078
1772604019.198551,1346,-107.94116973876953
1772604019.685736,1347,-102.64522552490234
1772604024.014979,1348,-28.41971206665039
1772604024.7103183,1349,-102.01205444335938
1772604026.2747133,1350,-105.9311752319336
1772604031.739322,1351,-136.8727569580078
1772604033.8170748,1352,-111.61134338378906
1772604035.289136,1353,-109.5214614868164
1772604035.4663718,1354,-100.0
1772604043.7500515,1355,-141.8864288330078
1772604044.4642634,1356,-100.98815155029297
1772604047.8340526,1357,-130.34622192382812
1772604052.3051198,1358,-126.90431213378906
1772604052.631875,1359,-100.0
1772604053.188108,1360,-102.85295867919922
1772604055.1289651,1361,-121.78449249267578
1772604061.6052747,1362,-143.6773223876953
1772604066.1844878,1363,-32.30835723876953
1772604069.1625307,1364,-115.16849517822266
1772604071.0030558,1365,-107.07710266113281
1772604072.54677,1366,-110.97835540771484
1772604073.0281658,1367,-101.6218490600586
1772604076.834857,1368,-114.50716400146484
1772604084.4615777,1369,-145.0296630859375
1772604086.215509,1370,-106.17680358886719
1772604088.2256691,1371,-109.10186767578125
1772604091.5458462,1372,-121.53234100341797
1772604092.0987206,1373,-100.52368927001953
1772604095.0324562,1374,-112.10828399658203
1772604096.4521413,1375,-109.03014373779297
1772604102.8660085,1376,-140.56765747070312
1772604103.7991323,1377,-103.4842300415039
1772604105.543557,1378,-113.44685363769531
1772604113.559504,1379,-46.7445182800293
1772604114.0336926,1380,-100.0
1772604115.48016,1381,-106.366455078125
1772604120.667824,1382,-131.644775390625
1772604123.0153399,1383,-111.65416717529297
1772604123.234349,1384,-100.0
1772604125.1548433,1385,-114.0102767944336
1772604131.8991988,1386,-151.9703826904297
1772604137.1875834,1387,-124.43280792236328
1772604139.7260191,1388,-126.08775329589844
1772604141.5045538,1389,-111.0871353149414
1772604144.5832577,1390,-117.30599975585938
1772604148.5812137,1391,-115.9039306640625
1772604151.3305192,1392,-118.4716567993164
1772604160.0684242,1393,-182.410888671875
1772604161.5946882,1394,-107.88462829589844
1772604164.6241589,1395,-116.8697280883789
1772604165.2253375,1396,-103.01457214355469
1772604167.1188705,1397,-115.56158447265625
1772604173.435562,1398,-142.4113311767578
1772604175.414764,1399,-111.99889373779297
1772604183.1425195,1400,-68.07938385009766
1772604184.4299166,1401,-105.62823486328125
1772604184.9120579,1402,-105.37129974365234
1772604186.8175826,1403,-113.13651275634766
1772604187.1740909,1404,-100.7550048828125
1772604191.0652647,1405,-135.1946258544922
1772604195.266605,1406,-122.93719482421875
1772604197.2012851,1407,-114.65464782714844
1772604199.1114023,1408,-105.6339111328125
1772604200.646095,1409,-109.39518737792969
1772604205.1252353,1410,-142.3843994140625
1772604211.1312258,1411,-59.487850189208984
1772604211.8984559,1412,-104.5963134765625
1772604217.16786,1413,-134.1754913330078
1772604219.3763309,1414,-117.70883178710938
1772604220.5911071,1415,-111.4932632446289
1772604221.435313,1416,-104.0791244506836
1772604226.6936843,1417,-144.60574340820312
1772604229.818864,1418,-121.21267700195312
1772604231.6739697,1419,-108.87234497070312
1772604245.6015294,1420,-187.65956115722656
1772604464.708202,1421,-129.27871704101562
1772604466.727485,1422,-109.55272674560547
1772604469.4653537,1423,-127.70063018798828
1772604470.9038754,1424,-111.51579284667969
1772604471.0794857,1425,-100.0
1772604473.0712886,1426,-121.56351470947266
1772604474.912597,1427,-117.36412811279297
1772604478.0840719,1428,-122.22076416015625
1772604480.6582484,1429,-111.90853118896484
1772604484.559603,1430,-44.54740905761719
1772604485.328469,1431,-101.86781311035156
1772604486.9059334,1432,-113.82379913330078
1772604492.4215074,1433,-144.1365966796875
1772604506.2086773,1434,-193.20664978027344
1772604507.1064487,1435,-101.11376190185547
1772604516.9435892,1436,-159.31796264648438
1772604518.0392485,1437,-106.08649444580078
1772604521.1039066,1438,-127.49958038330078
1772604525.3601604,1439,-133.81808471679688
1772604526.3080704,1440,-105.41651153564453
1772604528.9039948,1441,-110.62154388427734
1772604529.80936,1442,-104.905517578125
1772604531.5592244,1443,-111.19026947021484
1772604532.5813,1444,-106.55635833740234
1772604533.7367747,1445,-106.048828125
1772604536.700452,1446,-111.56396484375
1772604538.6313055,1447,-109.92131042480469
1772604539.045443,1448,-101.57838439941406
1772604539.3453355,1449,-100.88059997558594
1772604545.2748833,1450,-144.1815185546875
1772604545.7842433,1451,-100.12305450439453
1772604549.2263196,1452,-130.52044677734375
1772604550.521516,1453,-112.8150863647461
1772604554.9682949,1454,-134.46200561523438
1772604555.3038292,1455,-100.0
1772604565.9664156,1456,-184.39248657226562
1772604568.2299771,1457,-113.76622772216797
1772604569.369188,1458,-105.330322265625
1772604573.1031384,1459,-19.746044158935547
1772604577.2502854,1460,-46.658302307128906
1772604579.526506,1461,-118.4129638671875
1772604579.7860463,1462,-100.0
1772604580.5654602,1463,-103.38336944580078
1772604580.9977057,1464,-101.73176574707031
1772604587.2273393,1465,-161.74656677246094
1772604589.6112704,1466,-113.09138488769531
1772604589.894335,1467,-100.73005676269531
1772604593.8418376,1468,-118.54463195800781
1772604594.4890292,1469,-102.56613159179688
1772604601.6370885,1470,-172.21182250976562
1772604602.8851604,1471,-107.13069915771484
1772604613.365721,1472,-84.67988586425781
1772604619.5597546,1473,-133.6415252685547
1772604627.312357,1474,-161.67298889160156
1772604634.0119781,1475,-150.9877166748047
1772604635.4942236,1476,-108.99420166015625
1772604637.058586,1477,-115.07843017578125
1772604639.0994766,1478,-111.7626724243164
1772604641.0707657,1479,-116.53557586669922
1772604643.747,1480,-120.49418640136719
1772604644.9950767,1481,-113.96400451660156
1772604648.1214073,1482,-117.92411804199219
1772604654.042816,1483,-156.1696014404297
1772604655.5883272,1484,-105.91636657714844
1772604659.3349402,1485,-128.09251403808594
1772604664.0141673,1486,-37.195655822753906
1772604666.7685027,1487,-118.8235092163086
1772604668.4562562,1488,-111.21566772460938
1772604671.175472,1489,-126.37394714355469
1772604675.407269,1490,-126.80245208740234
1772604679.2271178,1491,-139.7773895263672
1772604687.5773141,1492,-157.64967346191406
1772604693.2306004,1493,-137.1513214111328
1772604696.677408,1494,-127.0867691040039
1772604700.8065808,1495,-128.58628845214844
1772604708.9626827,1496,-182.42144775390625
1772604715.3757474,1497,-38.875003814697266
1772604718.8303435,1498,-119.38544464111328
1772604729.2851129,1499,-67.71522521972656
1772604734.8254278,1500,-134.33395385742188
1772604743.1935334,1501,-164.21478271484375
1772604744.2891285,1502,-104.74137115478516
1772604748.6423633,1503,-123.66717529296875
1772604751.0670335,1504,-110.11477661132812
1772604765.447016,1505,-191.99871826171875
1772604944.3772976,1506,-134.58399963378906
1772604948.4672341,1507,-124.93717193603516
1772604951.7701483,1508,-126.61248016357422
1772604963.4303188,1509,-193.0658721923828
1772604964.6571403,1510,-107.11693572998047
1772604968.5474393,1511,-36.42037582397461
1772604976.410061,1512,-171.22494506835938
1772604978.3962576,1513,-115.14527130126953
1772604979.204691,1514,-105.589599609375
1772604980.49342,1515,-112.00859832763672
1772604986.2977662,1516,-139.9925079345703
1772604993.7211444,1517,-60.468299865722656
1772604994.3284018,1518,-101.10517883300781
1772605004.6345913,1519,-176.61199951171875
1772605009.553651,1520,-137.5809326171875
1772605023.7193894,1521,-236.87289428710938
1772605029.3768718,1522,-148.8669891357422
1772605031.186775,1523,-106.92826080322266
1772605031.4954185,1524,-100.96763610839844
1772605032.3906753,1525,-104.46795654296875
1772605037.3382468,1526,-135.6248016357422
1772605039.9441967,1527,-111.45795440673828
1772605040.1835146,1528,-100.0
1772605045.7929206,1529,-141.10935974121094
1772605050.4789486,1530,-153.93019104003906
1772605061.9568791,1531,-174.2230987548828
1772605064.7212548,1532,-115.54003143310547
1772605066.4945254,1533,-114.01803588867188
1772605067.298951,1534,-101.52923583984375
1772605069.528516,1535,-121.03404235839844
1772605069.8755178,1536,-100.78713989257812
1772605071.8973532,1537,-112.86893463134766
1772605072.7767808,1538,-106.0611343383789
1772605074.7158754,1539,-109.79464721679688
1772605076.9617574,1540,-113.00507354736328
1772605078.3611267,1541,-104.05529022216797
1772605079.0955262,1542,-105.97296905517578
1772605079.2423637,1543,-100.0
1772605082.3062663,1544,-131.09536743164062
1772605083.1847777,1545,-105.7052993774414
1772605083.4802043,1546,-101.07647705078125
1772605085.5932913,1547,-122.34830474853516
1772605088.0355694,1548,-121.46019744873047
1772605089.0297205,1549,-102.3361587524414
1772605094.4185023,1550,-151.96250915527344
1772605096.1064,1551,-113.15438842773438
1772605098.715141,1552,-117.19114685058594
1772605101.5200357,1553,-114.32792663574219
1772605106.2736034,1554,-21.725677490234375
1772605112.3373764,1555,-155.18626403808594
1772605120.0215988,1556,-58.35960006713867
1772605121.5761268,1557,-105.67404174804688
1772605124.9223692,1558,-114.8155517578125
1772605134.3526223,1559,-72.37787628173828
1772605135.5682788,1560,-106.475830078125
1772605150.40441,1561,-188.4113311767578
1772605151.9446404,1562,-104.05326080322266
1772605161.1564023,1563,-57.47690963745117
1772605163.3104596,1564,-111.10924530029297
1772605163.5212493,1565,-100.0
1772605164.9651303,1566,-105.99998474121094
1772605166.9116514,1567,-107.16140747070312
1772605176.3285556,1568,-183.5908966064453
1772605182.2592154,1569,-125.17882537841797
1772605187.163109,1570,-125.5675277709961
1772605187.6886575,1571,-102.14014434814453
1772605189.237634,1572,-109.10436248779297
1772605194.2148373,1573,-136.92962646484375
1772605200.7071257,1574,-146.2933807373047
1772605203.907228,1575,-19.649059295654297
1772605207.2817717,1576,-112.9607162475586
1772605208.2283592,1577,-104.65660095214844
1772605213.9159095,1578,-150.6521453857422
1772605215.9437165,1579,-107.92318725585938
1772605218.5215921,1580,-110.58341979980469
1772605219.2096255,1581,-105.85852813720703
1772605224.5364738,1582,-146.67738342285156
1772605232.1947818,1583,-137.234619140625
1772605419.39546,1584,-130.6859893798828
1772605422.5958374,1585,-120.02847290039062
1772605429.1866536,1586,-145.8909912109375
1772605430.9756715,1587,-109.27055358886719
1772605431.1634276,1588,-100.0
1772605434.272898,1589,-125.61439514160156
1772605439.0118656,1590,-117.90409851074219
1772605443.3074365,1591,-130.5204620361328
1772605443.6201544,1592,-100.0
1772605445.025717,1593,-106.18635559082031
1772605445.8264685,1594,-103.9411392211914
1772605447.5995452,1595,-111.14815521240234
1772605448.613105,1596,-103.99623107910156
1772605448.8833685,1597,-101.58861541748047
1772605450.3675401,1598,-108.73902893066406
1772605450.8894215,1599,-101.70063018798828
1772605463.1860027,1600,-157.76773071289062
1772605466.8921576,1601,-127.1489486694336
1772605467.8321185,1602,-104.17977905273438
1772605469.545372,1603,-106.92731475830078
1772605472.602212,1604,-133.65577697753906
1772605472.9201088,1605,-100.40191650390625
1772605478.6186786,1606,-134.493408203125
1772605480.1688352,1607,-103.7142105102539
1772605480.4031112,1608,-100.37451171875
1772605483.3814855,1609,-31.492942810058594
1772605487.3793087,1610,-22.160232543945312
1772605490.579609,1611,-123.66706085205078
1772605492.9331589,1612,-111.13758087158203
1772605493.1550217,1613,-100.0
1772605496.080015,1614,-29.945438385009766
1772605501.0920963,1615,-125.39151000976562
1772605507.350925,1616,-137.47012329101562
1772605517.2116022,1617,-182.7523193359375
1772605520.6753402,1618,-115.26457977294922
1772605521.6254954,1619,-108.47088623046875
1772605521.8962173,1620,-101.16881561279297
1772605524.5922024,1621,-126.08744049072266
1772605528.7080412,1622,-134.15821838378906
1772605530.4722261,1623,-112.04131317138672
1772605530.8899982,1624,-100.97494506835938
1772605531.016202,1625,-100.0
1772605531.244982,1626,-100.73966217041016
1772605535.4736862,1627,-138.5487823486328
1772605536.5822985,1628,-108.9178695678711
1772605537.7947247,1629,-109.19194793701172
1772605539.5687165,1630,-117.29475402832031
1772605544.6350574,1631,-127.16691589355469
1772605545.0179017,1632,-100.0
1772605545.4802048,1633,-102.98699951171875
1772605546.9479651,1634,-106.36637115478516
1772605547.197549,1635,-100.46410369873047
1772605547.331075,1636,-100.0
1772605552.8496287,1637,-35.65153503417969
1772605557.7345173,1638,-140.1280517578125
1772605558.299085,1639,-100.89898681640625
1772605565.3793766,1640,-145.76634216308594
1772605566.0568368,1641,-101.74321746826172
1772605578.4392474,1642,-158.36785888671875
1772605582.9148295,1643,-139.16171264648438
1772605587.3390617,1644,-128.01828002929688
1772605591.53591,1645,-141.34852600097656
1772605593.4739573,1646,-110.62101745605469
1772605595.2429829,1647,-115.7639389038086
1772605599.8854449,1648,-124.67158508300781
1772605601.1242104,1649,-110.445068359375
1772605610.8004644,1650,-168.831298828125
1772605616.5624766,1651,-139.6497802734375
1772605617.3312056,1652,-102.74126434326172
1772605618.78644,1653,-109.87715911865234
1772605626.5955873,1654,-150.141357421875
1772605628.045899,1655,-106.81043243408203
1772605628.220482,1656,-100.0
1772605636.1139572,1657,-49.80520248413086
1772605643.657408,1658,-137.5262451171875
1772605644.1782994,1659,-100.26640319824219
1772605648.9877698,1660,-132.48814392089844
1772605650.6698265,1661,-110.04928588867188
1772605653.371133,1662,-115.68115234375
1772605656.4113998,1663,-18.579458236694336
1772605658.4905438,1664,-119.12946319580078
1772605662.9050624,1665,-136.46778869628906
1772605686.0676203,1666,-252.56112670898438
1772605691.098306,1667,-125.3128890991211
1772605701.065269,1668,-148.9945526123047
1772605704.346897,1669,-114.43275451660156
1772605705.1790888,1670,-105.2588119506836
1772605710.0671282,1671,-119.30428314208984
1772605712.4294882,1672,-108.13294982910156
1772605712.8287256,1673,-101.85785675048828
1772605724.3655403,1674,-167.7704315185547
1772605920.6989071,1675,-37.39594268798828
1772605921.7344189,1676,-106.67742156982422
1772605929.179974,1677,-159.2892608642578
1772605931.5143313,1678,-110.80345916748047
1772605931.7930012,1679,-100.31292724609375
1772605933.423234,1680,-115.85566711425781
1772605933.8486063,1681,-101.62738800048828
1772605934.0978928,1682,-100.5167007446289
1772605937.6956053,1683,-29.400936126708984
1772605937.98737,1684,-100.0
1772605940.5463874,1685,-110.61823272705078
1772605943.013062,1686,-115.73194885253906
1772605944.8184416,1687,-105.7253189086914
1772605946.76898,1688,-115.73424530029297
1772605947.761206,1689,-108.69938659667969
1772605950.9460995,1690,-115.04454040527344
1772605955.8492515,1691,-132.17347717285156
1772605958.388244,1692,-115.36592864990234
1772605961.8104758,1693,-119.2575912475586
1772605966.1765177,1694,-129.77015686035156
1772605970.4966154,1695,-142.4153289794922
1772605972.205269,1696,-108.78085327148438
1772605985.0901637,1697,-185.9550323486328
1772605986.9773638,1698,-113.23853302001953
1772605992.9378045,1699,-60.060577392578125
1772605994.2808213,1700,-111.59228515625
1772605998.0215418,1701,-120.17713165283203
1772606006.8870287,1702,-186.25100708007812
1772606012.48237,1703,-140.46755981445312
1772606018.0010734,1704,-130.00057983398438
1772606018.450558,1705,-100.79869079589844
1772606025.1579673,1706,-136.34811401367188
1772606025.699128,1707,-100.63639068603516
1772606037.6161356,1708,-175.0325927734375
1772606042.7542937,1709,-123.6598129272461
1772606045.88126,1710,-17.728313446044922
1772606050.8827527,1711,-140.66673278808594
1772606053.8063698,1712,-114.23441314697266
1772606056.5710673,1713,-112.96746063232422
1772606057.4998999,1714,-101.53175354003906
1772606058.3294802,1715,-104.92979431152344
1772606061.5823011,1716,-133.81507873535156
1772606062.1781845,1717,-102.53169250488281
1772606064.8051271,1718,-125.1112289428711
1772606069.0274007,1719,-119.68712615966797
1772606070.7980497,1720,-107.30299377441406
1772606078.4991286,1721,-169.78143310546875
1772606083.7927616,1722,-27.552181243896484
1772606087.8634608,1723,-28.707117080688477
1772606096.2384245,1724,-156.33151245117188
1772606096.8064065,1725,-100.43956756591797
1772606098.7543268,1726,-113.04179382324219
1772606103.2163775,1727,-132.51071166992188
1772606106.1231382,1728,-116.32717895507812
1772606107.1074548,1729,-105.2374267578125
1772606111.835868,1730,-129.21104431152344
1772606112.854455,1731,-103.39916229248047
1772606114.0100303,1732,-105.15108489990234
1772606114.186659,1733,-100.0
1772606127.2255027,1734,-193.2278594970703
1772606130.5824726,1735,-131.4994354248047
1772606132.6663384,1736,-116.25279998779297
1772606139.3617227,1737,-142.45538330078125
1772606139.8133419,1738,-100.0
1772606143.179441,1739,-123.32499694824219
1772606150.0413892,1740,-137.90794372558594
1772606155.7201467,1741,-156.9913787841797
1772606159.1033204,1742,-34.7279167175293
1772606159.8054526,1743,-103.65788269042969
1772606166.1853912,1744,-148.57284545898438
1772606173.1630666,1745,-139.29676818847656
1772606177.8161001,1746,-125.66983795166016
1772606179.729572,1747,-111.54232025146484
1772606179.9238884,1748,-100.0
1772606187.4139464,1749,-138.8688507080078
1772606187.9687986,1750,-100.77507019042969
1772606188.2589736,1751,-100.66808319091797
1772606193.0342858,1752,-126.97087097167969
1772606199.809574,1753,-142.6357421875
1772606200.3326645,1754,-100.0
1772606202.7721195,1755,-116.76029205322266
1772606206.7306921,1756,-137.5442352294922
1772606261.564158,2,-151.66033935546875
1772606262.3135061,3,-103.7486572265625
1772606262.4452686,4,-100.0
1772606264.0165832,5,-109.68711853027344
1772606265.5720978,6,-107.59973907470703
1772606266.543646,7,-108.01433563232422
1772606274.0317454,8,-65.91732025146484
1772606278.4474125,9,-131.85678100585938
1772606281.6248507,10,-25.142330169677734
1772606287.833182,11,-155.25096130371094
1772606289.6469345,12,-117.5530014038086
1772606289.8918943,13,-100.5999984741211
1772606294.8729415,14,-138.52732849121094
1772606301.1782575,15,-45.92349624633789
1772606305.4015813,16,-133.0230712890625
1772606305.9360726,17,-102.39305114746094
1772606311.1287284,18,-127.64694213867188
1772606312.721883,19,-105.24012756347656
1772606317.7054107,20,-146.30113220214844
1772606318.115109,21,-100.46367645263672
1772606321.3897521,22,-14.57880687713623
1772606322.2210827,23,-102.8700180053711
1772606333.0972471,24,-162.0602264404297
1772606339.2661552,25,-59.25421142578125
1772606343.01127,26,-122.84990692138672
1772606344.1299274,27,-103.7484130859375
1772606350.881756,28,-154.34494018554688
1772606351.6395402,29,-101.59616088867188
1772606351.8428705,30,-100.70333099365234
1772606352.3620062,31,-103.49536895751953
1772606358.6724124,32,-131.31719970703125
1772606365.4206755,33,-135.7662811279297
1772606368.0469792,34,-122.47388458251953
1772606379.0830066,35,-181.4668731689453
1772606396.0878596,36,-216.11643981933594
1772606398.872378,37,-120.62291717529297
1772606399.1916268,38,-100.97819519042969
1772606403.9472196,39,-129.7294158935547
1772606409.3277047,40,-128.92678833007812
1772606417.7460134,41,-173.7665252685547
1772606418.2827797,42,-100.0
1772606421.376756,43,-120.22372436523438
1772606421.643636,44,-100.0
1772606421.873897,45,-101.20611572265625
1772606422.1055043,46,-100.4029312133789
1772606422.2295568,47,-100.0
1772606422.9127269,48,-105.15318298339844
1772606428.9119663,49,-149.67205810546875
1772606431.7061615,50,-121.3509292602539
1772606432.342044,51,-104.58613586425781
1772606433.323376,52,-106.33963012695312
1772606433.5376532,53,-100.17570495605469
1772606433.6658401,54,-100.0
1772606443.531424,55,-63.91994857788086
1772606456.0473413,56,-87.16661834716797
1772606457.4747052,57,-102.39035034179688
1772606461.504771,58,-132.98434448242188
1772606465.8041892,59,-129.30210876464844
1772606471.8512251,60,-125.82828521728516
1772606477.67504,61,-155.4739227294922
1772606480.5298889,62,-117.0797348022461
1772606481.2256083,63,-103.66597747802734
1772606487.979057,64,-161.19834899902344
1772606495.7764113,65,-148.37510681152344
1772606498.64966,66,-119.1183853149414
1772606499.0009959,67,-101.10649108886719
1772606504.025885,68,-148.19822692871094
1772606506.8845108,69,-121.67909240722656
1772606507.4661717,70,-102.52301025390625
1772606511.5654247,71,-123.53279876708984
1772606511.9786015,72,-100.68798065185547
1772606520.1617827,73,-141.55299377441406
1772606521.94567,74,-116.30721282958984
1772606522.2330499,75,-101.08193969726562
1772606522.9122791,76,-104.9117431640625
1772606527.4588299,77,-128.96669006347656
1772606531.607209,78,-126.10282897949219
1772606532.5889943,79,-104.19552612304688
1772606532.8509934,80,-101.73460388183594
1772606533.8077893,81,-103.59170532226562
1772606543.950897,82,-187.50381469726562
1772606546.1357121,83,-114.67621612548828
1772606549.5539124,84,-130.1631317138672
1772606551.2977943,85,-115.96843719482422
1772606551.5996451,86,-100.16433715820312
1772606556.2716982,87,-128.1053009033203
1772606556.60201,88,-100.0
1772606558.4660919,89,-115.69210052490234
1772606579.5949073,90,-104.99602508544922
1772606581.6212075,91,-114.41741180419922
1772606585.1079643,92,-124.50109100341797
1772606585.676091,93,-100.98157501220703
1772606588.3309886,94,-122.82597351074219
1772606595.6611578,95,-141.635986328125
1772606596.2898018,96,-100.53386688232422
1772606605.6680005,97,-176.68209838867188
1772606609.1862068,98,-22.281423568725586
1772606611.435657,99,-118.39749145507812
1772606615.812363,100,-118.963134765625
1772606617.4751894,101,-110.26158142089844
1772606620.83451,102,-119.35029602050781
1772606621.1306345,103,-100.0
1772606622.6692233,104,-111.8410415649414
1772606623.9904501,105,-106.65231323242188
1772606627.225173,106,-133.83580017089844
1772606632.843542,107,-133.42971801757812
1772606634.8631363,108,-109.88640594482422
1772606636.5799067,109,-112.26136016845703
1772606640.5367281,110,-137.76048278808594
1772606644.0340958,111,-129.5630645751953
1772606646.9706483,112,-121.63623809814453
1772606652.675501,113,-140.16893005371094
1772606659.5693295,114,-143.18594360351562
1772606660.5241191,115,-105.78713989257812
1772606664.3036938,116,-117.1457290649414
1772606668.362289,117,-128.27859497070312
1772606668.94132,118,-102.422119140625
1772606676.682965,119,-145.92507934570312
1772606677.219558,120,-100.5999984741211
1772606683.1701138,121,-151.02845764160156
1772606689.194429,122,-160.01947021484375
1772606690.8340232,123,-110.76673889160156
1772606692.139137,124,-112.30025482177734
1772606693.676605,125,-110.4164047241211
1772606696.2198114,126,-120.8976821899414
1772606699.727708,127,-127.51775360107422
1772606700.9114966,128,-109.2047119140625
1772606704.0415523,129,-131.27980041503906
1772606704.4729056,130,-101.00959777832031
1772606709.2075968,131,-37.973236083984375
1772606710.24404,132,-104.51285552978516
1772606714.0121121,133,-125.27499389648438
1772606715.0511382,134,-104.41487121582031
1772606715.724134,135,-105.07050323486328
1772606716.4897945,136,-105.2649154663086
1772606720.52504,137,-125.39859008789062
1772606722.5721586,138,-112.56099700927734
1772606725.0164213,139,-111.47163391113281
1772606726.5529728,140,-116.00133514404297
1772606726.7333324,141,-100.0
1772606729.698472,142,-127.48509979248047
1772606737.3558466,143,-154.3301239013672
1772606744.9597151,144,-177.15220642089844
1772606751.2745426,145,-149.2078399658203
1772606757.2104115,146,-142.83311462402344
1772606758.2216103,147,-102.70785522460938
1772606758.3694801,148,-100.0
1772606760.2271054,149,-111.81062316894531
1772606761.2730236,150,-104.75153350830078
1772606764.2397218,151,-22.204689025878906
1772606768.4329994,152,-121.73442077636719
1772606772.4741483,153,-140.2488555908203
1772606777.387253,154,-129.97283935546875
1772606787.5207095,155,-168.03550720214844
1772606792.921439,156,-143.85186767578125
1772606793.4268568,157,-101.43038177490234
1772606796.3613732,158,-22.90880012512207
1772606802.5957568,159,-139.00540161132812
1772606803.7376285,160,-110.0413818359375
1772606805.6647315,161,-119.7507553100586
1772606808.014962,162,-120.14534759521484
1772606810.55153,163,-119.98822784423828
1772606812.6534288,164,-126.02208709716797
1772606821.6417153,165,-149.87294006347656
1772606825.3599906,166,-125.90079498291016
1772606829.453273,167,-148.3872528076172
1772606831.7884247,168,-121.40084075927734
1772606833.4116616,169,-114.96391296386719
1772606835.2883134,170,-108.5003433227539
1772606847.8841338,171,-195.5804901123047
1772606856.5611541,172,-164.75025939941406
1772606857.6984,173,-107.2151107788086
1772606858.033896,174,-101.13561248779297
1772606858.1576257,175,-100.0
1772606860.000574,176,-106.74820709228516
1772606861.179554,177,-110.59199523925781
1772606870.220275,178,-171.36663818359375
1772606870.8841143,179,-100.23770141601562
1772606872.272873,180,-106.43926239013672
1772606874.684542,181,-123.38055419921875
1772606875.5547037,182,-108.13697052001953
1772606878.5937984,183,-19.63169288635254
1772606884.9304075,184,-154.4122314453125
1772606973.4741533,185,-123.36515808105469
1772606974.5951886,186,-105.80126190185547
1772606980.3613858,187,-134.42726135253906
1772606984.4456985,188,-133.30458068847656
1772606991.2269416,189,-161.16880798339844
1772606999.3042645,190,-57.98778533935547
1772606999.9636507,191,-101.09037017822266
1772607003.3941462,192,-122.31558227539062
1772607009.679068,193,-30.99799346923828
1772607014.1239352,194,-124.17953491210938
1772607014.783965,195,-103.75544738769531
1772607019.6393907,196,-132.90475463867188
1772607020.0560462,197,-100.54219818115234
1772607025.2265077,198,-137.61903381347656
1772607027.4009547,199,-116.57666778564453
1772607033.5229645,200,-48.089202880859375
1772607042.8640537,201,-164.52685546875
1772607047.6115556,202,-139.87643432617188
1772607052.225709,203,-26.296188354492188
1772607055.3541417,204,-22.641496658325195
1772607062.8095415,205,-140.57705688476562
1772607063.5617318,206,-101.15523529052734
1772607065.6107433,207,-108.93994903564453
1772607066.1062756,208,-102.01124572753906
1772607068.482144,209,-118.53797912597656
1772607077.689742,210,-57.43095016479492
1772607081.7430367,211,-126.03972625732422
1772607082.1449816,212,-100.5328369140625
1772607085.9856272,213,-130.6730499267578
1772607086.2817428,214,-100.0
1772607086.512958,215,-100.64285278320312
1772607089.4248385,216,-125.42672729492188
1772607094.2988062,217,-141.63998413085938
1772607094.738156,218,-101.10588073730469
1772607096.6035967,219,-111.87699127197266
1772607099.3750384,220,-124.19430541992188
1772607099.6259568,221,-100.0
1772607108.0021439,222,-151.80941772460938
1772607115.2033467,223,-69.63481903076172
1772607115.6487503,224,-100.0
1772607115.9929454,225,-101.5541000366211
1772607116.1307282,226,-100.0
1772607116.2585995,227,-100.0
1772607116.3839583,228,-100.0
1772607117.9685297,229,-107.82408142089844
1772607120.0118716,230,-113.55313110351562
1772607122.5630198,231,-124.6509780883789
1772607131.549941,232,-174.45628356933594
1772607134.5958686,233,-126.71723175048828
1772607141.1727495,234,-140.483642578125
1772607142.9888394,235,-114.89714813232422
1772607150.945715,236,-157.37860107421875
1772607158.844629,237,-157.4574737548828
1772607164.0832584,238,-132.9432373046875
1772607164.9124858,239,-104.80914306640625
1772607169.8905938,240,-155.5989532470703
1772607172.2397406,241,-124.33670043945312
1772607173.8898988,242,-111.59280395507812
1772607178.7369697,243,-153.69065856933594
1772607184.173449,244,-147.7122039794922
1772607187.6637719,245,-124.64508056640625
1772607193.0523736,246,-148.77015686035156
1772607199.8830128,247,-152.5598907470703
1772607201.4097936,248,-108.30378723144531
1772607201.5852404,249,-100.0
1772607203.2804863,250,-112.39952850341797
1772607207.0822246,251,-135.03854370117188
1772607211.202343,252,-136.90333557128906
1772607215.6320815,253,-133.7812042236328
1772607215.9475667,254,-100.0
1772607220.5397809,255,-129.3118896484375
1772607221.3240054,256,-102.80033111572266
1772607221.8673208,257,-103.8494644165039
1772607229.401956,258,-167.2069854736328
1772607233.1950111,259,-114.44676971435547
1772607233.837117,260,-103.50779724121094
1772607235.4679039,261,-110.5009536743164
1772607237.17602,262,-112.7783432006836
1772607240.7796082,263,-136.13323974609375
1772607241.0691545,264,-100.0
1772607241.193806,265,-100.0
1772607241.314109,266,-100.0
1772607244.858168,267,-123.03487396240234
1772607247.7286122,268,-110.0406265258789
1772607247.983642,269,-100.0
1772607249.601031,270,-114.3750991821289
1772607256.890709,271,-165.3328399658203
1772607260.3945546,272,-115.60430908203125
1772607263.4695952,273,-121.52720642089844
1772607265.5943794,274,-109.84687042236328
1772607265.8112054,275,-100.0
1772607266.094579,276,-101.58819580078125
1772607267.0554862,277,-106.87295532226562
1772607269.3927295,278,-120.41051483154297
1772607269.6118317,279,-100.0
1772607271.673686,280,-114.6593017578125
1772607408.4909472,281,-136.2836456298828
1772607414.383301,282,-161.5880126953125
1772607416.2274292,283,-114.84187316894531
1772607420.3943431,284,-144.56507873535156
1772607428.6534736,285,-183.6909942626953
1772607446.8302674,286,-209.25428771972656
1772607461.9532769,287,-172.48233032226562
1772607471.3720267,288,-166.87380981445312
1772607473.197007,289,-111.7286605834961
1772607476.527548,290,-130.48561096191406
1772607477.026053,291,-102.12710571289062
1772607477.1622436,292,-100.0
1772607480.4720843,293,-129.06698608398438
1772607480.7457347,294,-100.0
1772607481.3026373,295,-104.2809066772461
1772607490.3615718,296,-165.78042602539062
1772607492.5787294,297,-116.54426574707031
1772607494.9784124,298,-119.41233825683594
1772607495.211243,299,-100.0
1772607496.7065363,300,-111.1936264038086
1772607497.232424,301,-101.681640625
1772607499.289722,302,-109.54410552978516
1772607502.0488195,303,-113.48938751220703
1772607503.761843,304,-117.09968566894531
1772607507.0342689,305,-128.9026641845703
1772607511.1481166,306,-124.28681182861328
1772607514.2568476,307,-25.6434268951416
1772607516.7589266,308,-111.76573944091797
1772607519.1363044,309,-119.25106811523438
1772607521.2104714,310,-119.38371276855469
1772607531.0564613,311,-54.056236267089844
1772607536.7057092,312,-143.50155639648438
1772607537.4106495,313,-103.32083892822266
1772607539.2796872,314,-114.24578094482422
1772607546.2761526,315,-47.87856674194336
1772607550.668962,316,-124.34501647949219
1772607550.9896586,317,-100.0
1772607551.8422232,318,-105.01178741455078
1772607552.8766127,319,-107.94693756103516
1772607554.379863,320,-110.69266510009766
1772607560.0295846,321,-31.071563720703125
1772607563.5699022,322,-129.852294921875
1772607576.0147085,323,18.295318603515625
1772607579.8536563,324,-120.0616226196289
1772607583.7457182,325,-125.5816421508789
1772607589.8087246,326,-58.775352478027344
1772607595.7606962,327,-150.01673889160156
1772607599.9142137,328,-20.740097045898438
1772607603.8103514,329,-140.6952362060547
1772607607.020545,330,-33.1763801574707
1772607610.541357,331,-131.89427185058594
1772607615.0790145,332,-137.6017608642578
1772607628.6744905,333,-186.7165985107422
1772607631.8100588,334,-130.20086669921875
1772607632.054094,335,-100.0
1772607633.8260937,336,-109.98812866210938
1772607642.3461874,337,-155.76458740234375
1772607644.226815,338,-111.76875305175781
1772607645.8372736,339,-110.15411376953125
1772607649.0361674,340,-115.24454498291016
1772607652.3137205,341,-21.355806350708008
1772607652.752895,342,-101.345703125
1772607653.4443545,343,-104.89331817626953
1772607655.8845325,344,-118.35857391357422
1772607656.117838,345,-100.0
1772607659.0423367,346,-123.16509246826172
1772607661.183723,347,-111.1256332397461
1772607668.8993144,348,-170.53732299804688
1772607670.223562,349,-105.90815734863281
1772607674.2735765,350,-147.3188934326172
1772607675.8719385,351,-109.43569946289062
1772607676.1719248,352,-101.30779266357422
1772607678.9289427,353,-119.60563659667969
1772607681.3214464,354,-125.64781951904297
1772607682.7941637,355,-109.83477020263672
1772607683.1132703,356,-101.16613006591797
1772607685.6743627,357,-112.25865936279297
1772607688.1871197,358,-109.5238265991211
1772607688.5413554,359,-100.51866912841797
1772607696.0338979,360,-146.6212921142578
1772607696.634167,361,-101.16983795166016
1772607718.0950184,362,-263.2068786621094
1772607919.3746035,363,-106.46011352539062
1772607924.6478415,364,-148.57481384277344
1772607925.8977919,365,-110.2109146118164
1772607933.9112737,366,-59.224674224853516
1772607939.9845922,367,-145.2593231201172
1772607942.218942,368,-107.05657196044922
1772607944.8260396,369,-123.12593841552734
1772607945.175171,370,-100.70188903808594
1772607945.296045,371,-100.0
1772607948.9312487,372,-21.775606155395508
1772607951.2479668,373,-122.3022232055664
1772607961.1766171,374,-176.2158203125
1772607963.2149122,375,-110.07140350341797
1772607967.2773256,376,-39.239540100097656
1772607971.8042624,377,-141.55172729492188
1772607977.6748047,378,-143.95578002929688
1772607978.3531213,379,-101.38683319091797
1772607985.9949417,380,-42.0275764465332
1772607990.1459947,381,-122.91304016113281
1772607991.2986946,382,-103.50633239746094
1772607994.34102,383,-23.04084587097168
1772607997.680659,384,-129.6234893798828
1772607998.1794388,385,-103.51667022705078
1772608007.3407168,386,-77.48702239990234
1772608010.2817457,387,-121.4472885131836
1772608010.6980383,388,-101.44888305664062
1772608011.7766879,389,-105.1183090209961
1772608011.9456148,390,-100.0
1772608017.0409684,391,-136.61752319335938
1772608024.1222117,392,-154.5763702392578
1772608024.6206765,393,-100.49604034423828
1772608024.7473106,394,-100.0
1772608031.1140916,395,-145.7728271484375
1772608034.0089529,396,-120.70905303955078
1772608036.1000936,397,-114.92210388183594
1772608047.4674785,398,-206.68475341796875
1772608055.152596,399,-153.4382781982422
1772608055.6035995,400,-100.0
1772608057.9867988,401,-117.3074951171875
1772608059.7251182,402,-105.52571105957031
1772608063.4747844,403,-120.84300231933594
1772608074.923045,404,-192.89236450195312
1772608075.9059565,405,-101.91757202148438
1772608081.4250672,406,-146.0481719970703
1772608081.807683,407,-100.0
1772608081.9303763,408,-100.0
1772608082.0478833,409,-100.0
1772608083.2642903,410,-107.9969711303711
1772608084.000934,411,-101.54259490966797
1772608086.1802797,412,-118.63501739501953
1772608086.4108794,413,-100.0
1772608090.6920652,414,-140.81358337402344
1772608092.7790587,415,-118.93466186523438
1772608100.154034,416,-162.49542236328125
1772608105.4373791,417,-139.7079315185547
1772608106.7765057,418,-109.50543975830078
1772608108.183544,419,-113.07173919677734
1772608109.9304547,420,-107.45979309082031
1772608113.2733276,421,-128.45571899414062
1772608115.8412688,422,-114.5484390258789
1772608120.4616892,423,-150.07618713378906
1772608120.8415434,424,-100.5735092163086
1772608126.1238341,425,-131.66342163085938
1772608127.7594025,426,-109.81903839111328
1772608129.1382077,427,-114.59524536132812
1772608132.2036593,428,-124.46287536621094
1772608135.2891424,429,-37.30141067504883
1772608137.0185652,430,-107.66425323486328
1772608137.3225145,431,-100.82015228271484
1772608143.3060083,432,-150.14405822753906
1772608145.4333715,433,-115.46662139892578
1772608148.099028,434,-115.21883392333984
1772608151.1854706,435,-115.73334503173828
1772608160.1337962,436,-82.38411712646484
1772608167.791675,437,-170.30250549316406
1772608172.2043304,438,-36.02558898925781
1772608181.7392898,439,-181.66989135742188
1772608188.289652,440,-151.04611206054688
1772608188.762246,441,-100.36964416503906
1772608194.075149,442,-137.79278564453125
1772608199.1847024,443,-128.77944946289062
1772608199.979386,444,-102.76448822021484
1772608210.4168859,445,-194.55519104003906
1772608440.8579683,446,-112.33074188232422
1772608443.8443959,447,-20.404558181762695
1772608446.0590167,448,-114.64270782470703
1772608447.6821952,449,-117.87589263916016
1772608451.341962,450,-130.1566162109375
1772608456.465149,451,-127.76476287841797
1772608458.957141,452,-112.99679565429688
1772608471.6109724,453,-97.68525695800781
1772608473.0827262,454,-108.4536361694336
1772608475.8182619,455,-127.80913543701172
1772608481.389815,456,-150.6786346435547
1772608481.7753232,457,-100.0
1772608491.79223,458,-58.059993743896484
1772608492.416658,459,-100.66337585449219
1772608493.2085562,460,-102.85516357421875
1772608493.689397,461,-102.17416381835938
1772608495.9144008,462,-107.97904968261719
1772608507.2163935,463,-162.8022918701172
1772608508.0342226,464,-100.18914031982422
1772608511.1410291,465,-119.45108795166016
1772608514.787732,466,-118.12403869628906
1772608530.5958884,467,-185.60752868652344
1772608532.1625092,468,-107.40467071533203
1772608541.2187626,469,-171.89247131347656
1772608547.1070642,470,-45.2663459777832
1772608555.8249664,471,-149.3928985595703
1772608556.338794,472,-100.0
1772608556.682041,473,-101.67599487304688
1772608558.6185389,474,-114.55069732666016
1772608571.9145734,475,-214.949462890625
1772608578.0273848,476,-138.31141662597656
1772608585.2503257,477,-156.45716857910156
1772608588.9699638,478,-127.9526596069336
1772608600.4099133,479,-191.91949462890625
1772608606.6667812,480,-130.79759216308594
1772608608.930964,481,-115.38475036621094
1772608611.7576694,482,-118.84532165527344
1772608612.0108302,483,-100.0
1772608615.0814,484,-113.53107452392578
1772608615.347854,485,-100.0
1772608616.4352098,486,-103.95736694335938
1772608631.3296626,487,-254.18714904785156
1772608632.6178124,488,-103.74698638916016
1772608634.6176202,489,-111.37376403808594
1772608636.8191593,490,-109.28492736816406
1772608638.8603342,491,-109.95954895019531
1772608644.6238942,492,-132.92181396484375
1772608646.2650404,493,-108.29669189453125
1772608657.819,494,-167.5376739501953
1772608659.5091512,495,-110.22817993164062
1772608665.293271,496,-138.1461944580078
1772608670.3040583,497,-125.72811889648438
1772608672.6199365,498,-118.52596282958984
1772608672.8429208,499,-100.0
1772608684.080442,500,-176.3705291748047
1772608685.7084563,501,-110.10545349121094
1772608686.444596,502,-102.23269653320312
1772608686.8332264,503,-100.61227416992188
1772608691.7798398,504,-128.93670654296875
1772608695.5002577,505,-118.83528900146484
1772608701.0670676,506,-143.154052734375
1772608701.4280896,507,-100.0
1772608703.5383291,508,-116.12910461425781
1772608704.675965,509,-109.89905548095703
1772608706.2662482,510,-113.07867431640625
1772608706.4662683,511,-100.0
1772608707.939759,512,-115.23204040527344
1772608713.9628618,513,-140.97682189941406
1772608729.704154,514,-191.75643920898438
1772608746.1558049,515,-206.1614990234375
1772608925.475631,516,-111.05555725097656
1772608930.315613,517,-48.2052116394043
1772608931.670965,518,-107.92790222167969
1772608932.8269746,519,-113.64066314697266
1772608933.9296658,520,-104.85658264160156
1772608934.156345,521,-100.33458709716797
1772608934.8418207,522,-106.48249816894531
1772608937.302794,523,-116.47199249267578
1772608942.9562001,524,-129.94944763183594
1772608947.3452344,525,-136.2288055419922
1772608952.057604,526,-43.201873779296875
1772608952.3854501,527,-100.0
1772608952.5139503,528,-100.0
1772608953.6097434,529,-104.42364501953125
1772608958.7058365,530,-133.73643493652344
1772608959.1390662,531,-100.3793716430664
1772608970.9242504,532,-198.5876922607422
1772608971.6721005,533,-100.75543212890625
1772608972.7487648,534,-109.77820587158203
1772608979.6091053,535,-152.9718780517578
1772608986.8335621,536,-146.98626708984375
1772608987.8010552,537,-104.5107192993164
1772608988.3446453,538,-104.50021362304688
1772608992.0476644,539,-132.10598754882812
1772608996.9067786,540,-129.96566772460938
1772609007.7885454,541,-157.4021453857422
1772609014.4963934,542,-144.7062225341797
1772609026.276343,543,-189.51852416992188
1772609040.3482585,544,-184.69692993164062
1772609046.1569695,545,-150.33163452148438
1772609046.9869838,546,-100.74915313720703
1772609052.0174563,547,-131.5651092529297
1772609052.3733625,548,-100.0
1772609055.3699582,549,-120.57994842529297
1772609055.9033487,550,-101.8243408203125
1772609063.0664983,551,-142.43838500976562
1772609065.2067037,552,-111.22830963134766
1772609065.5196257,553,-101.16907501220703
1772609068.5571218,554,-27.623153686523438
1772609070.8555038,555,-113.90255737304688
1772609077.6992188,556,-42.75615310668945
1772609078.765994,557,-104.9952621459961
1772609081.259902,558,-113.82836151123047
1772609089.488985,559,-165.3584747314453
1772609095.9823914,560,-149.03317260742188
1772609100.0889738,561,-133.3905487060547
1772609101.963122,562,-111.21614074707031
1772609112.34489,563,-65.48649597167969
1772609115.8503275,564,-16.562868118286133
1772609125.9002666,565,-159.5995635986328
1772609126.5719383,566,-100.76604461669922
1772609140.2985632,567,-196.0581512451172
1772609149.0330188,568,-164.6293487548828
1772609155.6011655,569,-131.9029998779297
1772609156.8154073,570,-107.33770751953125
1772609159.3076065,571,-117.16873931884766
1772609165.1294212,572,-144.3551788330078
1772609166.476378,573,-104.12550354003906
1772609167.3123245,574,-103.79109191894531
1772609177.052152,575,-172.2373809814453
1772609190.3776476,576,-205.3997039794922
1772609194.257593,577,-127.67068481445312
1772609195.2134173,578,-106.73136901855469
1772609202.1785674,579,-142.11581420898438
1772609207.4187415,580,-135.7504425048828
1772609221.0182352,581,-202.37977600097656
1772609482.8611321,582,-122.55630493164062
1772609486.8288963,583,-143.54330444335938
1772609487.1216104,584,-100.0
1772609490.671593,585,-126.11475372314453
1772609492.4193509,586,-116.14459228515625
1772609505.8897693,587,-186.5572509765625
1772609513.9225376,588,-148.9396209716797
1772609514.5439856,589,-101.47601318359375
1772609517.262915,590,-123.51968383789062
1772609524.1285422,591,-165.01202392578125
1772609564.912721,592,-339.3468322753906
1772609568.440253,593,-108.70039367675781
1772609572.66484,594,-133.64109802246094
1772609578.7953584,595,-134.35775756835938
1772609584.554678,596,-146.05941772460938
1772609586.2909763,597,-106.1192626953125
1772609586.8640523,598,-104.32780456542969
1772609598.041599,599,-181.9639129638672
1772609601.1297462,600,-114.53317260742188
1772609615.233313,601,-221.08360290527344
1772609616.8012629,602,-106.04629516601562
1772609621.4208798,603,-143.53488159179688
1772609623.5148268,604,-114.3359146118164
1772609629.4496167,605,-154.59059143066406
1772609629.9210806,606,-100.3230972290039
1772609632.9321573,607,-115.5559310913086
1772609638.1698055,608,-139.61257934570312
1772609644.3230085,609,-145.7986297607422
1772609660.6566794,610,-81.95160675048828
1772609667.4662483,611,-143.03240966796875
1772609681.5682235,612,-198.557861328125
1772609682.5726573,613,-102.39105224609375
1772609683.9454374,614,-112.50961303710938
1772609685.578876,615,-113.30760955810547
1772609701.7098944,616,-216.28956604003906
1772609704.0100367,617,-110.76892852783203
1772609704.2558036,618,-100.20458221435547
1772609705.1703658,619,-107.55792236328125
1772609705.4206803,620,-100.74444580078125
1772609705.546055,621,-100.0
1772609709.282767,622,-138.45973205566406
1772609718.347203,623,-147.63992309570312
1772609719.9686925,624,-109.14148712158203
1772609721.3275847,625,-107.84937286376953
1772609725.6967516,626,-128.03970336914062
1772609726.0800138,627,-100.76555633544922
1772609730.1280384,628,-137.91932678222656
1772609731.4496098,629,-111.82628631591797
1772609735.3115141,630,-122.64437866210938
1772609739.276383,631,-124.91856384277344
1772609742.9616382,632,-129.2615966796875
1772609745.9465234,633,-118.46253204345703
1772609746.1982403,634,-100.0
1772609777.2926419,635,-315.09893798828125
1772609900.858226,636,-139.7251739501953
1772609908.409881,637,-158.67999267578125
1772609918.9251606,638,-49.945220947265625
1772609919.5624278,639,-100.0
1772609922.1928458,640,-115.21131896972656
1772609937.0019903,641,-205.51980590820312
1772609959.9718118,642,-158.80526733398438
1772609970.7137885,643,-160.3175811767578
1772609974.986002,644,-132.48348999023438
1772609977.19386,645,-112.05596160888672
1772609988.9956605,646,-162.75042724609375
1772609993.4097717,647,-142.42649841308594
1772609993.7178216,648,-100.0
1772609997.8989282,649,-123.95628356933594
1772610001.0599122,650,-22.073331832885742
1772610001.6555226,651,-102.01799011230469
1772610002.9866405,652,-110.36766815185547
1772610005.6505444,653,-112.55236053466797
1772610010.2837903,654,-131.5395965576172
1772610015.6816661,655,-130.74549865722656
1772610020.4334555,656,-133.03192138671875
1772610024.5377822,657,-121.96863555908203
1772610038.5460687,658,-203.45545959472656
1772610055.697959,659,-217.15609741210938
1772610060.1612177,660,-120.79563903808594
1772610061.303005,661,-105.5401611328125
1772610063.5943942,662,-112.46537780761719
1772610063.8199272,663,-100.0
1772610067.2267904,664,-128.14208984375
1772610086.6826673,665,-205.49607849121094
1772610099.4672253,666,-81.4729232788086
1772610102.4115744,667,-117.02432250976562
1772610104.4354923,668,-115.68307495117188
1772610111.626604,669,-60.85734558105469
1772610114.807939,670,-118.00275421142578
1772610126.737741,671,-80.12156677246094
1772610128.8434422,672,-111.87267303466797
1772610130.188917,673,-108.63976287841797
1772610155.2241135,674,-149.34979248046875
1772610157.2115133,675,-105.5254898071289
1772610157.9849544,676,-102.9918441772461
1772610163.7559903,677,-131.7915496826172
1772610167.3862615,678,-119.86264038085938
1772610167.6913679,679,-100.0
1772610172.9204078,680,-24.636003494262695
1772610173.7824435,681,-103.90077209472656
1772610179.978794,682,-32.835670471191406
1772610180.6032524,683,-101.64945220947266
1772610184.4341543,684,-129.367919921875
1772610187.7078238,685,-30.607770919799805
1772610189.994933,686,-112.66024780273438
1772610192.173192,687,-119.00098419189453
1772610205.5346112,688,-198.20614624023438
1772610388.5065923,689,-117.6087875366211
1772610394.4659657,690,-140.1035919189453
1772610394.8931055,691,-100.0
1772610397.6515968,692,-118.85079956054688
1772610405.3877776,693,-48.82041931152344
1772610410.8676765,694,-27.57854461669922
1772610412.5218058,695,-106.64348602294922
1772610414.5206614,696,-109.1166000366211
1772610415.9685466,697,-111.58464050292969
1772610418.892257,698,-123.2464828491211
1772610419.3136926,699,-101.83316802978516
1772610438.6848717,700,-224.8654327392578
1772610448.681393,701,-171.95037841796875
1772610461.0995204,702,-206.93856811523438
1772610474.1029484,703,-99.89665985107422
1772610479.7568212,704,-143.3573760986328
1772610483.282028,705,-123.74219512939453
1772610485.6504848,706,-114.8720474243164
1772610487.7571442,707,-109.52432250976562
1772610487.9698522,708,-100.0
1772610489.3854866,709,-106.82816314697266
1772610494.8183763,710,-129.779052734375
1772610495.9001915,711,-106.71463775634766
1772610496.1613948,712,-101.49974060058594
1772610499.0538769,713,-128.34622192382812
1772610503.4264715,714,-139.5066375732422
1772610526.9072967,715,-302.56634521484375
1772610529.1630504,716,-108.874755859375
1772610533.4330924,717,-26.11138153076172
1772610545.2480726,718,-66.5054702758789
1772610549.0701225,719,-121.60773468017578
1772610557.6981146,720,-186.8118896484375
1772610567.7608085,721,-173.08251953125
1772610570.0414827,722,-116.13973999023438
1772610573.0718532,723,-16.387540817260742
1772610574.849699,724,-117.76815795898438
1772610585.1224234,725,-169.1607208251953
1772610594.734318,726,-174.60501098632812
1772610595.2355196,727,-100.0
1772610598.1792948,728,-20.96952247619629
1772610606.0022955,729,-160.92530822753906
1772610607.2329683,730,-107.60636901855469
1772610611.3229182,731,-26.73189353942871
1772610611.6594422,732,-100.0
1772610611.788682,733,-100.0
1772610613.643264,734,-116.05696868896484
1772610629.1863034,735,-195.75442504882812
1772610633.448389,736,-20.335397720336914
1772610638.426847,737,-146.32687377929688
1772610639.5526936,738,-107.82487487792969
1772610644.698201,739,-148.94973754882812
1772610645.8918715,740,-108.83528900146484
1772610646.5075557,741,-104.83783721923828
1772610648.6416209,742,-115.57598876953125
1772610657.4525127,743,-51.35189437866211
1772610660.5230427,744,-130.1919403076172
1772610660.7720666,745,-100.0
1772610672.3117235,746,-188.91940307617188
1772610681.131964,747,-165.65194702148438
1772610876.6440072,748,-124.20025634765625
1772610877.0977054,749,-100.87101745605469
1772610880.5799878,750,-138.10842895507812
1772610883.1368232,751,-121.35002136230469
1772610883.3617246,752,-100.0
1772610886.3689806,753,-116.90296936035156
1772610905.3550434,754,-222.04530334472656
1772610906.3771203,755,-100.0
1772610912.734564,756,-153.48297119140625
1772610918.032558,757,-141.57516479492188
1772610922.3147192,758,-130.2094268798828
1772610922.635762,759,-100.0
1772610922.8649602,760,-100.42584228515625
1772610924.4427814,761,-104.57980346679688
1772610930.54481,762,-134.8075714111328
1772610936.3223917,763,-151.66229248046875
1772610940.417351,764,-126.8912124633789
1772610945.4858305,765,-150.35972595214844
1772610946.9286761,766,-109.3377914428711
1772610948.5912938,767,-110.89988708496094
1772610948.786851,768,-100.0
1772610955.4372077,769,-60.705528259277344
1772610962.5790648,770,-145.31076049804688
1772610963.6196568,771,-103.03901672363281
1772610966.2594614,772,-123.11521911621094
1772610967.8867152,773,-108.4690170288086
1772610968.1424248,774,-100.6172866821289
1772610972.563974,775,-125.60176849365234
1772610974.4055738,776,-108.70536041259766
1772610978.382303,777,-131.13134765625
1772610978.7336898,778,-100.0
1772610985.9465787,779,-160.23719787597656
1772610992.5253587,780,-169.72842407226562
1772610994.3167973,781,-116.03165435791016
1772610996.5638802,782,-123.74227142333984
1772610997.0377798,783,-101.13683319091797
1772611003.9067926,784,-152.09532165527344
1772611007.3734653,785,-25.002460479736328
1772611014.199062,786,-151.78927612304688
1772611019.4056,787,-151.44876098632812
1772611025.388109,788,-146.31199645996094
1772611029.0107172,789,-122.6421890258789
1772611032.0765538,790,-119.16373443603516
1772611032.372758,791,-100.0
1772611048.856895,792,-215.03915405273438
1772611054.1812224,793,-43.263938903808594
1772611057.2623587,794,-128.5617218017578
1772611057.7466435,795,-101.37124633789062
1772611061.57142,796,-127.15653991699219
1772611066.6366055,797,-21.273406982421875
1772611071.3335228,798,-134.72720336914062
1772611072.2046688,799,-103.23775482177734
1772611076.355154,800,-133.597412109375
1772611080.5399108,801,-134.75051879882812
1772611082.7662978,802,-113.31487274169922
1772611088.7162852,803,-143.58184814453125
1772611092.740004,804,-121.41278076171875
1772611098.2131846,805,-145.224853515625
1772611099.1171548,806,-102.27873992919922
1772611101.000745,807,-109.38607025146484
1772611107.8425436,808,-155.05447387695312
1772611109.0046241,809,-103.7080307006836
1772611125.0377223,810,-194.05584716796875
1772611132.0920138,811,-132.30718994140625
1772611136.228453,812,-119.21966552734375
1772611140.3406718,813,-137.31629943847656
1772611142.7326577,814,-114.31713104248047
1772611144.7558112,815,-112.18310546875
1772611151.1074128,816,-130.40176391601562
1772611151.5721655,817,-100.0
1772611153.5297341,818,-117.686279296875
1772611156.7563174,819,-117.29037475585938
1772611171.5411336,820,-201.315185546875
1772611183.5800512,821,-170.0799102783203
1772611439.7233753,822,-120.60521697998047
1772611441.5002887,823,-104.85135650634766
1772611446.1563783,824,-128.33319091796875
1772611450.221356,825,-122.07746887207031
1772611451.9488225,826,-115.66618347167969
1772611452.9644997,827,-105.34877014160156
1772611453.3164382,828,-101.14142608642578
1772611454.3757157,829,-110.8456039428711
1772611457.7600179,830,-124.53426361083984
1772611462.5960755,831,-134.51771545410156
1772611464.525169,832,-115.26727294921875
1772611470.3806117,833,-128.38882446289062
1772611474.5559936,834,-125.65544891357422
1772611481.9562318,835,-160.70228576660156
1772611488.940393,836,-134.1100311279297
1772611492.0131295,837,-119.70308685302734
1772611494.163596,838,-113.89661407470703
1772611497.785429,839,-118.02783966064453
1772611500.621286,840,-130.0512237548828
1772611503.311578,841,-117.72755432128906
1772611503.5772703,842,-100.0
1772611504.3808043,843,-102.9464340209961
1772611504.8287892,844,-101.74129486083984
1772611506.6919072,845,-114.98770904541016
1772611509.4209104,846,-110.7947998046875
1772611511.0116231,847,-110.63101959228516
1772611512.2716942,848,-108.40245819091797
1772611519.0763578,849,-138.8563690185547
1772611520.5078247,850,-107.14594268798828
1772611521.8049839,851,-107.65608978271484
1772611521.9963098,852,-100.0
1772611529.2199724,853,-134.3483123779297
1772611531.556183,854,-116.14236450195312
1772611536.750351,855,-150.49769592285156
1772611538.8361535,856,-108.53438568115234
1772611542.5407193,857,-112.33414459228516
1772611544.3808255,858,-111.59375
1772611545.867627,859,-104.91778564453125
1772611550.9724448,860,-134.81271362304688
1772611554.8842378,861,-122.19612884521484
1772611557.0700157,862,-113.21923828125
1772611568.65302,863,-153.08084106445312
1772611569.8163629,864,-105.24431610107422
1772611574.7428114,865,-33.422935485839844
1772611582.0453677,866,-138.48753356933594
1772611590.308051,867,-152.9758758544922
1772611593.1081846,868,-120.47589111328125
1772611593.4205654,869,-100.71078491210938
1772611594.3162928,870,-102.07719421386719
1772611597.7407389,871,-115.31759643554688
1772611599.0762253,872,-111.44990539550781
1772611599.2683074,873,-100.0
1772611601.2502284,874,-108.3100357055664
1772611605.5085168,875,-130.58465576171875
1772611606.1584184,876,-100.7220458984375
1772611608.301206,877,-111.27401733398438
1772611609.612843,878,-111.00981903076172
1772611610.8648078,879,-104.68399047851562
1772611615.2360842,880,-129.80335998535156
1772611617.6511476,881,-123.48770141601562
1772611617.9003727,882,-100.0
1772611621.7018995,883,-121.95922088623047
1772611623.695843,884,-115.10879516601562
1772611626.1178722,885,-117.71002197265625
1772611627.8216913,886,-110.72846221923828
1772611639.852727,887,-172.81985473632812
1772611645.6924472,888,-144.39617919921875
1772611649.5563896,889,-119.7430419921875
1772611650.2127476,890,-101.80718231201172
1772611651.2989767,891,-108.66387939453125
1772611651.4703026,892,-100.0
1772611654.0638623,893,-122.86241912841797
1772611662.3174791,894,-157.07530212402344
1772611666.0668008,895,-120.41930389404297
1772611669.128247,896,-125.9301528930664
1772611670.4917586,897,-107.5584487915039
1772611671.5469015,898,-104.98756408691406
1772611672.7813418,899,-108.3207778930664
1772611676.1732893,900,-112.70520782470703
1772611680.2833874,901,-135.417236328125
1772611682.6083167,902,-118.67032623291016
1772611684.6994035,903,-112.73503875732422
1772611686.1722038,904,-110.48711395263672
1772611690.8517163,905,-143.32981872558594
1772611692.3002691,906,-102.32511138916016
1772611692.5309997,907,-100.47908020019531
1772611694.532588,908,-109.21622467041016
1772611696.1695101,909,-110.54786682128906
1772611700.302204,910,-133.56396484375
1772611705.7199955,911,-31.596908569335938
1772611708.3778932,912,-119.38027954101562
1772611710.7239742,913,-114.25008392333984
1772611714.5418344,914,-120.01787567138672
1772611718.8045382,915,-23.67267608642578
1772611722.1908212,916,-114.16825103759766
1772611724.685277,917,-116.16039276123047
1772611727.093358,918,-114.62947845458984
1772611728.2795527,919,-103.01610565185547
1772611731.7837415,920,-122.44546508789062
1772611740.6647744,921,-182.9804229736328
1772611741.4420815,922,-101.970458984375
1772611743.1320076,923,-105.81446838378906
1772611923.1951118,924,-143.61529541015625
1772611928.4750795,925,-126.6551742553711
1772611930.6417522,926,-120.4207763671875
1772611932.2041357,927,-110.7669677734375
1772611935.3743944,928,-26.999685287475586
1772611938.2918756,929,-115.97691345214844
1772611938.7369,930,-101.64071655273438
1772611941.4443197,931,-124.62902069091797
1772611943.4762647,932,-109.31336212158203
1772611945.0361664,933,-114.37268829345703
1772611949.4926693,934,-32.34990310668945
1772611955.5754592,935,-41.81937789916992
1772611958.3693638,936,-109.11837005615234
1772611959.4199731,937,-106.48408508300781
1772611961.233848,938,-109.36780548095703
1772611963.4380872,939,-123.43167877197266
1772611967.2207112,940,-126.59069061279297
1772611970.435931,941,-17.3220272064209
1772611970.7972274,942,-100.25900268554688
1772611978.756531,943,-156.2469940185547
1772611986.2127702,944,-39.06951141357422
1772611989.2525635,945,-123.65084075927734
1772611993.1646316,946,-127.10628509521484
1772611996.2365177,947,-115.5080795288086
1772612000.883274,948,-122.83953857421875
1772612001.4858418,949,-101.71470642089844
1772612005.2519834,950,-116.85490417480469
1772612012.2666414,951,-147.5225372314453
1772612012.7610333,952,-100.0
1772612018.7330666,953,-144.7698211669922
1772612023.972035,954,-137.81312561035156
1772612027.459685,955,-115.58594512939453
1772612030.309006,956,-117.11194610595703
1772612033.7651427,957,-121.261962890625
1772612038.2343032,958,-122.1352767944336
1772612043.299696,959,-130.8193817138672
1772612046.852323,960,-20.21187400817871
1772612050.2847884,961,-134.91616821289062
1772612053.4839115,962,-29.76974868774414
1772612058.1887186,963,-137.43707275390625
1772612059.3230073,964,-105.8082504272461
1772612062.3176348,965,-120.51139068603516
1772612062.7156668,966,-99.81260681152344
1772612065.8597376,967,-123.58482360839844
1772612072.5032296,968,-138.75601196289062
1772612078.5105,969,-55.211463928222656
1772612080.3078353,970,-114.42279052734375
1772612082.6757998,971,-123.74665069580078
1772612085.4744768,972,-119.6307373046875
1772612088.6544213,973,-116.1413345336914
1772612091.4366708,974,-124.72411346435547
1772612096.708203,975,-31.35154151916504
1772612098.1595771,976,-109.25352478027344
1772612100.5968165,977,-120.20233154296875
1772612102.726002,978,-113.31404113769531
1772612103.0215049,979,-100.42472839355469
1772612103.204492,980,-100.5677719116211
1772612106.7282662,981,-127.22652435302734
1772612107.3235378,982,-101.84290313720703
1772612110.4366684,983,-128.2325439453125
1772612111.4694157,984,-103.07584381103516
1772612116.0254989,985,-139.38485717773438
1772612117.3889372,986,-111.5979995727539
1772612117.5579844,987,-100.0
1772612123.6678154,988,-131.02345275878906
1772612126.5363858,989,-118.37454986572266
1772612130.2127817,990,-121.7670669555664
1772612131.5650842,991,-104.39299011230469
1772612133.4850986,992,-114.28211212158203
1772612134.7475088,993,-106.51737976074219
1772612135.6614249,994,-105.84317016601562
1772612139.3421617,995,-13.885689735412598
1772612139.6645913,996,-100.0
1772612139.916812,997,-101.52623748779297
1772612143.0530133,998,-22.609386444091797
1772612143.4686825,999,-100.05210876464844
1772612145.497057,1000,-115.95063018798828
1772612148.0601285,1001,-106.07981872558594
1772612149.900497,1002,-107.42037200927734
1772612150.7333722,1003,-103.91661834716797
1772612157.2823575,1004,-132.15505981445312
1772612159.8999135,1005,-108.02913665771484
1772612164.026222,1006,-131.35333251953125
1772612164.3560286,1007,-100.0
1772612166.9698267,1008,-128.2012939453125
1772612168.1427054,1009,-105.38702392578125
1772612169.9572732,1010,-117.35912322998047
1772612177.9331052,1011,-150.72607421875
1772612180.5318863,1012,-109.53305053710938
1772612183.7646232,1013,-128.87957763671875
1772612185.9138587,1014,-115.06784057617188
1772612187.1293187,1015,-106.15084838867188
1772612192.0999014,1016,-143.38734436035156
1772612194.8603625,1017,-123.23057556152344
1772612195.1159549,1018,-100.0
1772612195.2402675,1019,-100.0
1772612198.3485334,1020,-115.36701965332031
1772612200.0977545,1021,-104.03732299804688
1772612202.5250733,1022,-114.23273468017578
1772612208.2933562,1023,-139.19732666015625
1772612211.9166446,1024,-130.78298950195312
1772612212.261207,1025,-100.50274658203125
1772612217.507038,1026,-139.13543701171875
1772612222.6052845,1027,-138.33914184570312
1772612241.7884502,1028,-236.07672119140625
1772612463.5054083,1029,-111.55155181884766
1772612463.7813606,1030,-100.1882553100586
1772612468.5786939,1031,-129.20574951171875
1772612472.0448792,1032,-119.57783508300781
1772612474.351851,1033,-118.38035583496094
1772612476.3015513,1034,-118.41948699951172
1772612483.8525987,1035,-162.54302978515625
1772612487.2023454,1036,-127.44780731201172
1772612487.472961,1037,-100.0
1772612488.7244263,1038,-110.45653533935547
1772612493.5177794,1039,-41.17702865600586
1772612501.1758559,1040,-136.45106506347656
1772612508.5001981,1041,-155.86935424804688
1772612509.2759552,1042,-101.54182434082031
1772612514.2589693,1043,-54.33796691894531
1772612520.2096078,1044,-136.4725341796875
1772612520.9125924,1045,-101.16129302978516
1772612521.3888254,1046,-102.3989028930664
1772612525.7959404,1047,-126.2589340209961
1772612530.9602666,1048,-132.6897430419922
1772612537.5163708,1049,-151.95362854003906
1772612543.012079,1050,-130.05865478515625
1772612548.2577956,1051,-141.37928771972656
1772612551.7727091,1052,-119.20503997802734
1772612556.2766647,1053,-132.53457641601562
1772612557.7009287,1054,-107.12403869628906
1772612557.893031,1055,-100.0
1772612570.0061312,1056,38.3997802734375
1772612573.0421963,1057,-115.22023010253906
1772612576.1463645,1058,-31.46288299560547
1772612581.1563056,1059,-42.6507453918457
1772612582.8051887,1060,-104.7776870727539
1772612583.1165977,1061,-101.4194564819336
1772612587.1489534,1062,-30.012636184692383
1772612588.2381072,1063,-107.43546295166016
1772612598.6190073,1064,-189.5406494140625
1772612600.4715447,1065,-109.12135314941406
1772612607.3486042,1066,-140.5179443359375
1772612613.4267588,1067,-137.79949951171875
1772612617.3303905,1068,-129.6595916748047
1772612620.3650746,1069,-124.01504516601562
1772612623.4067628,1070,-116.83740234375
1772612623.8286881,1071,-101.36231231689453
1772612632.4517026,1072,-163.89320373535156
1772612633.2689703,1073,-101.47416687011719
1772612635.0279562,1074,-109.30376434326172
1772612647.4042952,1075,-213.34556579589844
1772612649.2213678,1076,-110.88003540039062
1772612657.0361524,1077,-145.95156860351562
1772612665.8199642,1078,-166.00961303710938
1772612668.9078672,1079,-117.1529769897461
1772612673.540469,1080,-142.9609832763672
1772612678.9566498,1081,-139.17861938476562
1772612684.6851954,1082,-137.3922119140625
1772612686.5161705,1083,-114.3766860961914
1772612686.8605678,1084,-101.09402465820312
1772612690.0201666,1085,-17.116897583007812
1772612693.6498442,1086,-127.13890838623047
1772612694.2526884,1087,-100.83483123779297
1772612697.6680079,1088,-118.52385711669922
1772612698.1434534,1089,-101.99725341796875
1772612705.89226,1090,-142.28424072265625
1772612706.5630496,1091,-100.28199005126953
1772612706.8166566,1092,-101.64817810058594
1772612710.0620053,1093,-132.60337829589844
1772612713.1464021,1094,-127.7315902709961
1772612713.4859257,1095,-100.40557098388672
1772612720.7811472,1096,-52.88933181762695
1772612727.5364084,1097,-159.9867401123047
1772612734.1041574,1098,-151.7825164794922
1772612734.9871404,1099,-102.00444793701172
1772612735.35645,1100,-101.73291778564453
1772612738.257418,1101,-116.6576156616211
1772612747.0194829,1102,-170.98265075683594
1772612753.4286532,1103,-143.0233917236328
1772612754.2209034,1104,-101.48351287841797
1772612756.7083888,1105,-113.59922790527344
1772612757.9791465,1106,-105.12338256835938
1772612759.0765104,1107,-102.2553939819336
1772612759.2506795,1108,-100.0
1772612760.0409026,1109,-104.31523895263672
1772612760.269198,1110,-100.18180084228516
1772612761.5951962,1111,-112.56207275390625
1772612900.4738424,1112,-114.55048370361328
1772612901.1655345,1113,-103.64573669433594
1772612904.4933193,1114,-135.684814453125
1772612910.5546098,1115,-137.6858673095703
1772612911.9634683,1116,-113.31696319580078
1772612912.2057605,1117,-100.75823974609375
1772612914.318996,1118,-108.61276245117188
1772612916.4524622,1119,-112.13709259033203
1772612922.0882869,1120,-133.27169799804688
1772612927.939155,1121,-145.417236328125
1772612935.2352362,1122,-146.71176147460938
1772612935.8131218,1123,-100.70323944091797
1772612936.06792,1124,-101.41448211669922
1772612940.589864,1125,-128.41323852539062
1772612945.0682435,1126,-147.1885223388672
1772612945.806695,1127,-103.72837829589844
1772612948.078255,1128,-116.09590911865234
1772612951.0538774,1129,-109.3731460571289
1772612951.981781,1130,-103.20899963378906
1772612954.6602585,1131,-118.13499450683594
1772612959.6948755,1132,-142.5757293701172
1772612963.181236,1133,-120.94449615478516
1772612963.699153,1134,-102.47041320800781
1772612963.8852463,1135,-100.62980651855469
1772612968.6212184,1136,-122.40463256835938
1772612969.0001595,1137,-100.0
1772612969.1318562,1138,-100.0
1772612970.7960565,1139,-106.80097961425781
1772612984.5157027,1140,-221.76730346679688
1772612985.988746,1141,-106.13801574707031
1772612989.6128979,1142,-125.99161529541016
1772612993.5173786,1143,-129.39146423339844
1772612993.9563904,1144,-101.58216094970703
1772612996.2611558,1145,-121.56111145019531
1772612997.714243,1146,-104.83782958984375
1772613002.4915075,1147,-37.690589904785156
1772613002.862686,1148,-100.0
1772613007.2032707,1149,-120.89833068847656
1772613011.728108,1150,-121.70294952392578
1772613014.373006,1151,-113.40145874023438
1772613015.281014,1152,-105.99250030517578
1772613016.1214879,1153,-103.62855529785156
1772613017.788691,1154,-108.50628662109375
1772613020.6521668,1155,-118.78369903564453
1772613024.7574885,1156,-127.41255187988281
1772613025.1012816,1157,-100.0
1772613026.0420105,1158,-104.14271545410156
1772613032.5886536,1159,-145.4080810546875
1772613034.8739603,1160,-112.21216583251953
1772613037.5087376,1161,-118.34580993652344
1772613042.3487062,1162,-138.87637329101562
1772613042.7344816,1163,-100.0
1772613045.8265445,1164,-118.60145568847656
1772613059.580371,1165,-170.49008178710938
1772613065.100676,1166,-137.48416137695312
1772613065.4843285,1167,-100.0
1772613066.5250292,1168,-110.91912078857422
1772613068.236975,1169,-116.04689025878906
1772613078.3522828,1170,-185.98585510253906
1772613081.0051668,1171,-112.2714614868164
1772613081.348746,1172,-100.61506652832031
1772613082.830369,1173,-115.54408264160156
1772613083.908109,1174,-107.7115707397461
1772613084.6530242,1175,-105.23983001708984
1772613086.8847725,1176,-119.80412292480469
1772613087.12732,1177,-100.0
1772613089.8687296,1178,-116.02307891845703
1772613090.3727064,1179,-102.29862213134766
1772613093.12446,1180,-122.51917266845703
1772613093.7752476,1181,-101.9657211303711
1772613094.4910383,1182,-108.88018798828125
1772613095.8317404,1183,-106.1783218383789
1772613098.4843547,1184,-114.88835144042969
1772613102.365596,1185,-124.13858032226562
1772613103.5116966,1186,-107.8287353515625
1772613109.1008446,1187,-136.3603057861328
1772613116.0925393,1188,-148.5127716064453
1772613119.2841203,1189,-122.00843048095703
1772613120.4930243,1190,-109.18480682373047
1772613124.17269,1191,-125.88228607177734
1772613126.5372112,1192,-113.32038116455078
1772613127.2189221,1193,-103.07904052734375
1772613132.9962082,1194,-127.12944793701172
1772613134.2844298,1195,-111.19911193847656
1772613145.5399568,1196,-168.47433471679688
1772613148.5139518,1197,-113.43610382080078
1772613149.2851417,1198,-105.89591979980469
1772613150.6053734,1199,-109.62523651123047
1772613150.9257774,1200,-100.20112609863281
1772613152.3701315,1201,-115.04350280761719
1772613161.005055,1202,-161.27435302734375
1772613164.2209213,1203,-123.27577209472656
1772613165.389013,1204,-107.33062744140625
1772613168.2378561,1205,-121.07219696044922
1772613176.1092181,1206,-150.70082092285156
1772613185.748532,1207,-166.56103515625
1772613188.2355971,1208,-116.92877197265625
1772613189.7574768,1209,-108.51002502441406
1772613190.1473262,1210,-101.4056625366211
1772613190.5732813,1211,-101.03550720214844
1772613190.8288746,1212,-101.24816131591797
1772613195.532553,1213,-125.65841674804688
1772613196.651476,1214,-104.28739929199219
1772613199.1087236,1215,-117.8107681274414
1772613199.852464,1216,-102.36106872558594
1772613207.0764263,1217,-30.386335372924805
1772613209.1051111,1218,-107.44914245605469
1772613212.0679073,1219,-115.09613037109375
1772613214.180127,1220,-124.14958953857422
1772613387.7110627,1221,-23.30734634399414
1772613392.3788538,1222,-130.34481811523438
1772613393.2442722,1223,-103.42462921142578
1772613395.2829583,1224,-113.07890319824219
1772613400.3655243,1225,-136.71913146972656
1772613408.269564,1226,-151.8970489501953
1772613414.6597648,1227,-136.04833984375
1772613416.9468184,1228,-117.63227844238281
1772613420.3869429,1229,-138.16685485839844
1772613422.8333044,1230,-109.54134368896484
1772613424.4517753,1231,-108.33070373535156
1772613425.5720317,1232,-103.95843505859375
1772613427.4415946,1233,-114.32763671875
1772613428.558326,1234,-105.27389526367188
1772613430.2769578,1235,-104.5399398803711
1772613434.7595167,1236,-122.43531799316406
1772613448.613518,1237,-167.7228546142578
1772613451.7399802,1238,-117.63884735107422
1772613453.6407294,1239,-110.31478118896484
1772613453.9844809,1240,-101.32514953613281
1772613461.2317202,1241,-138.28164672851562
1772613469.612712,1242,-145.99179077148438
1772613476.79013,1243,-137.8959197998047
1772613479.7254667,1244,-112.41937255859375
1772613482.33901,1245,-118.64095306396484
1772613485.069713,1246,-124.12368774414062
1772613485.389429,1247,-100.62471771240234
1772613486.6994147,1248,-111.73535919189453
1772613491.3237805,1249,-128.58168029785156
1772613494.0938528,1250,-112.03752136230469
1772613496.8179986,1251,-129.30136108398438
1772613498.8700194,1252,-110.90604400634766
1772613504.2275753,1253,-140.68356323242188
1772613504.6311383,1254,-100.0
1772613504.8678522,1255,-101.16417694091797
1772613509.6774457,1256,-150.65745544433594
1772613513.2429612,1257,-124.37789916992188
1772613516.4432888,1258,-123.43550872802734
1772613517.1239364,1259,-104.67971801757812
1772613525.6680248,1260,-171.21435546875
1772613535.8531227,1261,-156.58506774902344
1772613540.33619,1262,-123.02312469482422
1772613543.987056,1263,-120.16899108886719
1772613546.2444348,1264,-114.8241958618164
1772613546.4825249,1265,-100.0
1772613552.6590238,1266,-140.22796630859375
1772613556.44369,1267,-129.69728088378906
1772613566.1399496,1268,-179.88052368164062
1772613568.461671,1269,-112.74556732177734
1772613571.309283,1270,-109.55875396728516
1772613574.8427675,1271,-130.61026000976562
1772613578.892171,1272,-27.597518920898438
1772613580.4942005,1273,-110.2082290649414
1772613584.1559281,1274,-116.6064224243164
1772613586.2533803,1275,-112.76559448242188
1772613590.875685,1276,-25.204383850097656
1772613593.2114706,1277,-115.84673309326172
1772613597.265864,1278,-124.66168212890625
1772613601.5488908,1279,-129.06898498535156
1772613602.9259772,1280,-109.3616943359375
1772613603.3488736,1281,-102.34703063964844
1772613607.831078,1282,-127.5595474243164
1772613610.8204205,1283,-120.40690612792969
1772613615.5339727,1284,-127.815185546875
1772613618.7281208,1285,-132.1066131591797
1772613622.7861648,1286,-119.94734954833984
1772613631.1804993,1287,-180.88824462890625
1772613636.525425,1288,-145.905029296875
1772613647.923293,1289,-191.55657958984375
1772613652.1212227,1290,-117.36953735351562
1772613656.4891198,1291,-121.8669204711914
1772613656.9559622,1292,-101.1739273071289
1772613659.4045658,1293,-111.84256744384766
1772613668.240954,1294,-159.71237182617188
1772613678.1299431,1295,-152.936767578125
1772613678.8304434,1296,-100.25650024414062
1772613681.2752776,1297,-112.38823699951172
1772613682.5642135,1298,-107.09373474121094
1772613683.212665,1299,-103.24393463134766
1772613687.5574713,1300,-131.52508544921875
1772613687.9816537,1301,-100.73138427734375
1772613689.93196,1302,-109.20733642578125
1772613694.8736749,1303,-152.41468811035156
1772613695.6990905,1304,-101.95365905761719
1772613703.1166666,1305,-142.8099365234375
1772613932.0191376,1306,-113.57266235351562
1772613942.6602478,1307,-171.98988342285156
1772613945.761644,1308,-111.4814224243164
1772613955.1543732,1309,-163.5588836669922
1772613959.8675215,1310,-126.4000244140625
1772613963.3502164,1311,-128.0999755859375
1772613965.1906905,1312,-110.11289978027344
1772613965.4843116,1313,-100.30635833740234
1772613967.3797827,1314,-113.50707244873047
1772613972.8124785,1315,-122.94905090332031
1772613977.7743778,1316,-122.95618438720703
1772613980.8359911,1317,-125.68045043945312
1772613984.496882,1318,-121.03273010253906
1772613989.0533779,1319,-134.79824829101562
1772613989.4212554,1320,-100.0
1772613991.4927664,1321,-106.81734466552734
1772613997.1056473,1322,-133.96844482421875
1772614001.061087,1323,-138.66015625
1772614002.2232492,1324,-103.70365905761719
1772614003.2692857,1325,-104.92411804199219
1772614003.5654285,1326,-101.07457733154297
1772614012.4675906,1327,-149.0361328125
1772614015.8524592,1328,-22.233713150024414
1772614019.563935,1329,-22.212141036987305
1772614030.491602,1330,-162.29586791992188
1772614040.9238536,1331,-168.706298828125
1772614046.668294,1332,-148.4265594482422
1772614054.2537396,1333,-148.104248046875
1772614058.5733995,1334,-125.76478576660156
1772614060.141684,1335,-110.3404312133789
1772614060.4524748,1336,-100.8000259399414
1772614062.533505,1337,-111.29683685302734
1772614062.7717323,1338,-100.0
1772614063.8849325,1339,-107.0748062133789
1772614068.6898606,1340,-130.76377868652344
1772614072.4300888,1341,-121.06525421142578
1772614080.4827251,1342,-153.9001007080078
1772614081.302714,1343,-101.58302307128906
1772614083.6657774,1344,-112.29063415527344
1772614085.7722566,1345,-113.7118148803711
1772614085.9970174,1346,-100.0
1772614094.9626758,1347,-52.77046203613281
1772614099.5538747,1348,-132.63595581054688
1772614104.645057,1349,-128.87570190429688
1772614105.3309956,1350,-101.68645477294922
1772614108.981302,1351,-120.9364013671875
1772614109.3906844,1352,-100.53327178955078
1772614109.5172431,1353,-100.0
1772614116.9417543,1354,-144.72683715820312
1772614120.732561,1355,-115.6953353881836
1772614121.9878209,1356,-102.85971069335938
1772614123.5337934,1357,-108.85273742675781
1772614131.5362248,1358,-136.9423828125
1772614133.4544592,1359,-115.15788269042969
1772614135.256083,1360,-106.90789794921875
1772614144.4204314,1361,-151.41184997558594
1772614145.9402494,1362,-106.1236572265625
1772614151.0837452,1363,-138.79026794433594
1772614153.359136,1364,-120.51481628417969
1772614161.7643228,1365,-146.16848754882812
1772614166.5426471,1366,-139.396728515625
1772614169.4908164,1367,-115.84736633300781
1772614170.298501,1368,-101.36637878417969
1772614178.252292,1369,-148.0298614501953
1772614181.06114,1370,-120.58341979980469
1772614182.121826,1371,-105.25088500976562
1772614183.077573,1372,-104.15238189697266
1772614185.9019966,1373,-113.27681732177734
1772614190.0840054,1374,-21.553205490112305
1772614194.4278584,1375,-124.91862487792969
1772614196.8039746,1376,-109.66999053955078
1772614205.778771,1377,-182.42977905273438
1772614211.757673,1378,-149.7035675048828
1772614212.3971307,1379,-101.00386047363281
1772614215.052757,1380,-111.55685424804688
1772614215.308325,1381,-100.0
1772614219.5337992,1382,-128.105224609375
1772614219.9171026,1383,-100.0
1772614221.3884606,1384,-106.86785125732422
1772614221.9974403,1385,-104.95618438720703
1772614222.4191434,1386,-103.60856628417969
1772614226.3171892,1387,-114.62993621826172
1772614231.2510242,1388,-137.1722869873047
1772614235.5227332,1389,-134.44578552246094
1772614237.0051122,1390,-111.44608306884766
1772614483.4068134,1391,-100.23051452636719
1772614484.3638825,1392,-108.05348205566406
1772614484.86839,1393,-103.53500366210938
1772614490.4041681,1394,-135.45318603515625
1772614491.8584309,1395,-108.88645935058594
1772614492.3787856,1396,-101.97186279296875
1772614496.6758149,1397,-128.74888610839844
1772614497.1485515,1398,-100.7847900390625
1772614498.3157277,1399,-105.0280532836914
1772614499.5446026,1400,-106.73377990722656
1772614506.989378,1401,-145.30433654785156
1772614510.1466744,1402,-114.74101257324219
1772614510.9892135,1403,-103.42352294921875
1772614514.2847521,1404,-134.07229614257812
1772614517.4867744,1405,-10.283809661865234
1772614520.9547184,1406,-110.79826354980469
1772614523.1320155,1407,-121.55635833740234
1772614525.9711108,1408,-122.73992919921875
1772614526.925027,1409,-105.6029281616211
1772614527.258234,1410,-102.38358306884766
1772614528.3800602,1411,-105.9468765258789
1772614530.8373423,1412,-116.85812377929688
1772614537.3248959,1413,-148.6875762939453
1772614538.8931222,1414,-108.85163116455078
1772614539.1399424,1415,-100.7184066772461
1772614545.8931217,1416,-136.33316040039062
1772614549.6266987,1417,-126.71238708496094
1772614549.9339612,1418,-100.0
1772614551.218983,1419,-113.35185241699219
1772614553.9339502,1420,-118.71161651611328
1772614555.460102,1421,-108.71761322021484
1772614561.2203474,1422,-143.34646606445312
1772614565.51659,1423,-119.12361145019531
1772614567.9493532,1424,-113.70706176757812
1772614568.7720203,1425,-104.27587890625
1772614587.7476058,1426,-208.60533142089844
1772614589.6839767,1427,-106.59369659423828
1772614590.7567563,1428,-108.63642883300781
1772614594.5097544,1429,-125.04924774169922
1772614599.789844,1430,-134.88279724121094
1772614600.1962097,1431,-100.0
1772614603.3415587,1432,-25.530874252319336
1772614604.9448884,1433,-110.32337951660156
1772614606.5648203,1434,-112.73079681396484
1772614606.8930957,1435,-100.81617736816406
1772614608.1318443,1436,-111.15513610839844
1772614609.4124327,1437,-108.36378479003906
1772614609.6137445,1438,-100.0
1772614615.4055593,1439,-127.96805572509766
1772614618.2529402,1440,-123.31401824951172
1772614621.7870939,1441,-130.43045043945312
1772614622.9565535,1442,-106.9180908203125
1772614624.4747782,1443,-104.05135345458984
1772614625.8698099,1444,-106.76406860351562
1772614626.4758716,1445,-105.17447662353516
1772614627.3132222,1446,-103.99568939208984
1772614634.3719096,1447,-150.01089477539062
1772614635.0554066,1448,-101.4529800415039
1772614635.8858943,1449,-108.68378448486328
1772614638.6700275,1450,-110.96067810058594
1772614639.7466457,1451,-105.48407745361328
1772614645.9562616,1452,-133.65846252441406
1772614654.1162696,1453,-145.79342651367188
1772614654.9575608,1454,-101.72858428955078
1772614656.6295383,1455,-107.21692657470703
1772614657.780005,1456,-108.74604797363281
1772614672.7633145,1457,-198.2894744873047
1772614673.7141337,1458,-100.0
1772614684.1651657,1459,-67.29391479492188
1772614687.7405212,1460,-113.9863052368164
1772614688.0358157,1461,-100.0
1772614688.629369,1462,-104.70277404785156
1772614691.7148721,1463,-117.8962631225586
1772614695.8210902,1464,-131.15696716308594
1772614696.1948678,1465,-100.0
1772614697.1334915,1466,-107.98550415039062
1772614698.8433418,1467,-109.31027221679688
1772614701.26103,1468,-121.71736145019531
1772614702.0283673,1469,-103.37763977050781
1772614706.1893623,1470,-119.40044403076172
1772614711.3949914,1471,-133.1458282470703
1772614711.7877686,1472,-100.0
1772614714.2200797,1473,-113.99944305419922
1772614714.5323858,1474,-100.16118621826172
1772614718.701314,1475,-137.5792999267578
1772614722.2765286,1476,-115.29686737060547
1772614723.4697988,1477,-104.01559448242188
1772614727.1641836,1478,-115.47926330566406
1772614730.4123743,1479,-120.1148681640625
1772614733.57926,1480,-126.64313507080078
1772614734.9483056,1481,-109.70138549804688
1772614741.116048,1482,-128.0026092529297
1772614744.3692765,1483,-125.0343017578125
1772614744.987253,1484,-101.59185028076172
1772614746.484606,1485,-114.07974243164062
1772614747.092578,1486,-104.0753402709961
1772614747.4747741,1487,-102.37617492675781
1772614754.380188,1488,-171.36448669433594
1772614755.5837,1489,-102.13737487792969
1772614759.5650406,1490,-124.35140991210938
1772614760.0136166,1491,-100.61029815673828
1772614760.2645376,1492,-100.51719665527344
1772614760.3972468,1493,-100.0
1772614761.2523084,1494,-106.2390365600586
1772614766.0912259,1495,-51.197265625
1772614768.7407506,1496,-117.06562805175781
1772614773.2294295,1497,-38.68838882446289
1772614774.404769,1498,-107.22626495361328
1772614781.9726577,1499,-148.88873291015625
1772614782.5123298,1500,-100.0
1772614782.6372428,1501,-100.0
1772614785.1092365,1502,-118.55154418945312
1772614786.6287117,1503,-110.03559112548828
1772614794.0983598,1504,-142.84861755371094
1772614796.2706435,1505,-108.95721435546875
1772614797.6167393,1506,-108.08621215820312
1772614801.461123,1507,-47.4229850769043
1772615015.4606879,1508,-323.3819274902344
1772615017.4621074,1509,-100.64263153076172
1772615020.7180529,1510,-119.50182342529297
1772615024.0436306,1511,-119.97616577148438
1772615025.797185,1512,-111.68360900878906
1772615029.1765275,1513,-118.87750244140625
1772615034.4362423,1514,-141.41647338867188
1772615036.30027,1515,-110.0505142211914
1772615038.0297363,1516,-108.49738311767578
1772615038.4677632,1517,-102.52809143066406
1772615043.6193886,1518,-145.3359375
1772615046.2992663,1519,-115.5396728515625
1772615049.6580827,1520,-131.7407684326172
1772615053.29178,1521,-119.65943908691406
1772615059.3234546,1522,-42.06931686401367
1772615080.9649577,2,-149.63253784179688
1772615081.7791917,3,-100.96947479248047
1772615081.924599,4,-100.0
1772615083.4739602,5,-107.6045150756836
1772615085.0924466,6,-108.52592468261719
1772615085.6881647,7,-103.34188079833984
1772615086.5794156,8,-105.06120300292969
1772615089.4134367,9,-111.25753784179688
1772615091.5687957,10,-107.36265563964844
1772615092.0594916,11,-99.92447662353516
1772615092.4985027,12,-101.5658950805664
1772615097.7961414,13,-135.25111389160156
1772615106.515524,14,-160.6463623046875
1772615111.2063706,15,-141.17686462402344
1772615111.6754634,16,-101.03817749023438
1772615115.784658,17,-142.94679260253906
1772615117.1568727,18,-109.73316955566406
1772615117.5907605,19,-101.8622817993164
1772615122.4516618,20,-128.81613159179688
1772615128.7480533,21,-33.213111877441406
1772615132.37911,22,-125.0334243774414
1772615136.2802289,23,-125.73495483398438
1772615152.3023057,24,-85.83602142333984
1772615155.9429717,25,-121.20481872558594
1772615169.1401968,26,-216.2850799560547
1772615172.8677526,27,-127.04886627197266
1772615174.5017724,28,-111.67339324951172
1772615188.237135,29,-191.3064727783203
1772615190.1473715,30,-107.66827392578125
1772615196.644088,31,-164.11656188964844
1772615198.8863795,32,-110.57754516601562
1772615200.5813487,33,-108.93184661865234
1772615201.7663317,34,-112.00267028808594
1772615201.9405978,35,-100.0
1772615204.523305,36,-123.77720642089844
1772615209.8926682,37,-145.99191284179688
1772615224.188354,38,-201.1933135986328
1772615227.5566702,39,-124.02935028076172
1772615227.8448598,40,-100.0
1772615229.7657683,41,-114.01557922363281
1772615232.4124367,42,-124.34649658203125
1772615235.8576217,43,-22.4907283782959
1772615239.4260368,44,-117.41219329833984
1772615243.4582286,45,-129.75897216796875
1772615245.2653499,46,-114.48252868652344
1772615255.5789368,47,-178.95664978027344
1772615260.170719,48,-135.15447998046875
1772615270.1295035,49,-67.08155059814453
1772615272.6660073,50,-117.23368835449219
1772615288.624655,51,-221.8326416015625
1772615293.3477125,52,-125.6457748413086
1772615295.396452,53,-116.24852752685547
1772615298.1961954,54,-131.90536499023438
1772615298.4427664,55,-100.0
1772615298.5630527,56,-100.0
1772615302.5363672,57,-40.44239807128906
1772615306.466849,58,-135.51686096191406
1772615308.6015737,59,-109.45704650878906
1772615308.8070645,60,-100.0
1772615309.5435545,61,-104.12788391113281
1772615315.4011576,62,-147.70045471191406
1772615323.9592092,63,-47.39006042480469
1772615329.1553767,64,-43.26520919799805
1772615332.2415512,65,-122.32029724121094
1772615334.130114,66,-120.29490661621094
1772615334.3375473,67,-100.0
1772615334.7356427,68,-103.69124603271484
1772615338.3769567,69,-131.47064208984375
1772615344.3366146,70,-158.39926147460938
1772615344.7149491,71,-100.0
1772615347.5286999,72,-117.86112976074219
1772615348.388483,73,-108.5260009765625
1772615349.321498,74,-106.58380889892578
1772615354.8113017,75,-139.03817749023438
1772615355.2041311,76,-100.0
1772615355.4406166,77,-101.1226577758789
1772615359.449576,78,-135.9034881591797
1772615359.777566,79,-100.0
1772615361.1466272,80,-111.09876251220703
1772615363.7373927,81,-123.19695281982422
1772615365.575345,82,-114.55975341796875
1772615367.878067,83,-114.30062103271484
1772615370.2808676,84,-121.72300720214844
1772615377.9879336,85,-153.78025817871094
1772615379.7706401,86,-109.81717681884766
1772615388.2817447,87,-171.85243225097656
1772615625.68866,88,-109.65746307373047
1772615626.8427286,89,-106.19400024414062
1772615628.263907,90,-108.36270141601562
1772615629.6039808,91,-107.97179412841797
1772615633.5174909,92,-37.123714447021484
1772615634.023506,93,-101.64482879638672
1772615634.2096996,94,-100.59938049316406
1772615634.6082852,95,-103.29944610595703
1772615638.15159,96,-134.52528381347656
1772615638.5755403,97,-100.75685119628906
1772615638.697988,98,-100.0
1772615639.553974,99,-108.11467742919922
1772615640.4385364,100,-107.78826141357422
1772615646.7903502,101,-56.11859893798828
1772615650.2733045,102,-128.80889892578125
1772615654.1915798,103,-20.373933792114258
1772615656.0393212,104,-112.65635681152344
1772615656.2824254,105,-100.70944213867188
1772615660.2586913,106,-126.89041900634766
1772615673.7345493,107,-193.92376708984375
1772615677.2952232,108,-26.91067886352539
1772615680.7834427,109,-18.2906494140625
1772615681.79412,110,-105.76612091064453
1772615688.9077063,111,-164.2026824951172
1772615689.6343613,112,-101.57423400878906
1772615694.950018,113,-139.128173828125
1772615700.5141323,114,-46.312137603759766
1772615706.5115128,115,-140.23275756835938
1772615707.5054643,116,-104.11730194091797
1772615712.3251088,117,-149.68336486816406
1772615715.8236783,118,-28.316802978515625
1772615716.836528,119,-106.4381103515625
1772615718.28788,120,-111.81550598144531
1772615718.4706516,121,-100.0
1772615721.443611,122,-28.49506950378418
1772615723.8958693,123,-114.2883071899414
1772615728.0352654,124,-36.59220886230469
1772615730.3934612,125,-117.31420135498047
1772615730.680319,126,-100.70972442626953
1772615744.6561463,127,-203.62802124023438
1772615745.5400205,128,-100.70410919189453
1772615750.5141332,129,-54.36983871459961
1772615751.6404736,130,-105.85929107666016
1772615755.3308554,131,-140.9657745361328
1772615757.6263103,132,-119.5843734741211
1772615764.1790104,133,-157.3636932373047
1772615768.0668197,134,-131.03021240234375
1772615769.0407705,135,-107.57635498046875
1772615774.0743124,136,-130.31900024414062
1772615785.2336388,137,-174.3779296875
1772615787.5033643,138,-110.91209411621094
1772615787.7053967,139,-100.0
1772615790.6316288,140,-123.90904998779297
1772615797.4328668,141,-153.226318359375
1772615799.82745,142,-113.91829681396484
1772615804.0250077,143,-130.5175323486328
1772615804.6097186,144,-101.64875793457031
1772615807.569864,145,-117.54670715332031
1772615807.8876,146,-100.39077758789062
1772615808.6243322,147,-105.06334686279297
1772615811.6231196,148,-115.12828063964844
1772615811.8755357,149,-100.0
1772615818.6813273,150,-143.70181274414062
1772615819.2794988,151,-100.85435485839844
1772615819.513446,152,-101.50733947753906
1772615832.7543445,153,-108.70367431640625
1772615837.541214,154,-38.371788024902344
1772615841.0134664,155,-118.40450286865234
1772615841.7210143,156,-102.91204833984375
1772615845.6490254,157,-132.32797241210938
1772615847.6887212,158,-119.98094177246094
1772615848.7851539,159,-108.20793151855469
1772615850.086676,160,-114.03112030029297
1772615852.1632519,161,-116.53910064697266
1772615854.6814342,162,-120.53268432617188
1772615857.979356,163,-121.49738311767578
1772615858.5303996,164,-101.73280334472656
1772615859.7780104,165,-110.39312744140625
1772615863.0567706,166,-126.112548828125
1772615863.7776542,167,-105.25493621826172
1772615866.1044152,168,-118.17086791992188
1772615868.2392962,169,-119.71344757080078
1772615873.3064055,170,-137.59165954589844
1772615873.657891,171,-100.0
1772615876.026495,172,-113.72077178955078
1772615876.9843643,173,-104.90058135986328
1772615878.715021,174,-114.13880157470703
1772615879.0772395,175,-101.98611450195312
1772615879.2039058,176,-100.0
1772615880.32753,177,-106.53475952148438
1772615882.1686864,178,-108.41817474365234
1772615884.2164826,179,-115.65958404541016
1772615887.0563824,180,-129.82843017578125
1772615892.7542922,181,-126.99188232421875
1772615895.7926695,182,-129.25210571289062
1772615897.1690454,183,-104.99646759033203
1772615897.346359,184,-100.0
1772615899.7191598,185,-121.73090362548828
1772615901.0812109,186,-107.9339599609375
1772615901.5385559,187,-102.44131469726562
1772615903.4084094,188,-112.1944808959961
1772615907.5394228,189,-127.6968994140625
1772615909.810035,190,-115.7439193725586
1772615910.074437,191,-100.80770111083984
1772615911.0963578,192,-108.13089752197266
1772615916.3606956,193,-134.1441650390625
1772615921.69958,194,-156.5363311767578
1772615942.5343575,195,-102.17576599121094
1772615943.493086,196,-105.95277404785156
1772615943.7593234,197,-100.79940795898438
1772615943.9398165,198,-100.64295959472656
1772615946.1922708,199,-126.63426208496094
1772615948.1859536,200,-115.39624786376953
1772615949.2232218,201,-105.88939666748047
1772615949.6658714,202,-100.608642578125
1772615950.342462,203,-104.33599090576172
1772615954.2270558,204,-123.97332000732422
1772615956.3366988,205,-107.52203369140625
1772615959.4093266,206,-24.34149169921875
1772615961.1446226,207,-111.4518814086914
1772615966.6957285,208,-137.1824493408203
1772615976.2965124,209,-68.75765228271484
1772615985.0005233,210,-46.88444519042969
1772615987.4098463,211,-117.12049102783203
1772615991.4086032,212,-124.74502563476562
1772615992.6554782,213,-108.69109344482422
1772615994.1655858,214,-113.50792694091797
1772615994.915004,215,-106.67259216308594
1772615996.1843417,216,-107.04450988769531
1772615999.953623,217,-127.36746215820312
1772616000.705829,218,-104.8926773071289
1772616001.345343,219,-103.9748764038086
1772616012.6167066,220,-166.54730224609375
1772616014.1701128,221,-108.76445770263672
1772616014.7270815,222,-104.42655181884766
1772616016.3890924,223,-115.30514526367188
1772616017.0834796,224,-102.02143096923828
1772616018.1857564,225,-107.1772689819336
1772616018.5526648,226,-101.23792266845703
1772616022.7689242,227,-133.61239624023438
1772616035.7707207,228,-186.5798797607422
1772616036.9051633,229,-104.44353485107422
1772616040.099846,230,-125.6572265625
1772616040.5488143,231,-101.32211303710938
1772616041.5725276,232,-103.68463134765625
1772616041.7328482,233,-100.0
1772616045.9375403,234,-122.54364776611328
1772616049.1858232,235,-124.75269317626953
1772616053.799058,236,-133.04940795898438
1772616054.788622,237,-103.75698852539062
1772616060.6573083,238,-135.3770294189453
1772616061.144292,239,-101.32255554199219
1772616061.327967,240,-100.5999984741211
1772616068.8171663,241,-143.76051330566406
1772616069.3605735,242,-100.73694610595703
1772616071.2900167,243,-112.30426025390625
1772616074.0260959,244,-115.18754577636719
1772616074.4345922,245,-101.26526641845703
1772616076.3563192,246,-113.06818389892578
1772616077.361241,247,-102.60331726074219
1772616077.5156462,248,-100.0
1772616078.4023545,249,-109.2875747680664
1772616078.7863624,250,-101.78775024414062
1772616078.9682255,251,-100.43228149414062
1772616080.388777,252,-107.16276550292969
1772616081.13696,253,-105.82569122314453
1772616083.7606323,254,-124.41710662841797
1772616085.673019,255,-110.49043273925781
1772616090.0335593,256,-21.48417854309082
1772616090.4251864,257,-100.39244079589844
1772616091.7302454,258,-109.064697265625
1772616091.9063,259,-100.0
1772616094.0985765,260,-116.57972717285156
1772616095.7935824,261,-116.47090911865234
1772616097.3368485,262,-111.5649642944336
1772616098.3103418,263,-103.16378784179688
1772616099.0425508,264,-101.914306640625
1772616100.0731575,265,-106.51453399658203
1772616100.7943163,266,-105.33369445800781
1772616100.9396007,267,-100.0
1772616101.0599182,268,-100.0
1772616102.4886107,269,-109.2271957397461
1772616115.5878575,270,4.051922798156738
1772616123.4080405,271,-151.772216796875
1772616125.4627,272,-112.20758056640625
1772616125.8274436,273,-101.5685806274414
1772616125.955836,274,-100.0
1772616129.988826,275,-131.6598358154297
1772616130.4548488,276,-100.99140930175781
1772616130.5868127,277,-100.0
1772616130.71448,278,-100.0
1772616131.737444,279,-105.08045196533203
1772616131.908347,280,-100.0
1772616138.553975,281,-131.08689880371094
1772616139.4324348,282,-104.04911804199219
1772616140.688372,283,-109.00747680664062
1772616142.105264,284,-103.49931335449219
1772616143.067612,285,-105.47577667236328
1772616146.489429,286,-22.463712692260742
1772616152.4016123,287,-137.32810974121094
1772616153.3923311,288,-104.89456939697266
1772616156.21917,289,-120.39112091064453
1772616166.0197399,290,-185.2473907470703
1772616166.7146611,291,-100.7827377319336
1772616171.7137198,292,-129.2252197265625
1772616172.0707674,293,-100.0
1772616173.0316014,294,-107.80394744873047
1772616173.8086016,295,-105.995361328125
1772616174.1275828,296,-101.85604858398438
1772616174.2515652,297,-100.0
1772616177.2417867,298,-123.70182037353516
1772616181.2985938,299,-128.67726135253906
1772616181.7624137,300,-101.83143615722656
1772616183.7367868,301,-121.03584289550781
1772616188.0028932,302,-133.90696716308594
1772616191.857623,303,-35.06364822387695
1772616192.2634847,304,-100.94691467285156
1772616192.3887377,305,-100.0
1772616193.4104383,306,-105.6884994506836
1772616195.761503,307,-124.74559783935547
1772616196.0012748,308,-100.0
1772616201.8318808,309,-134.5468292236328
1772616206.56447,310,-135.4586944580078
1772616209.8633475,311,-130.17684936523438
1772616210.8506587,312,-102.53931427001953
1772616212.6336768,313,-115.95049285888672
1772616214.90728,314,-115.84295654296875
1772616216.3141208,315,-114.35847473144531
1772616218.9608142,316,-115.4858627319336
1772616219.2066462,317,-100.0
1772616228.5132568,318,-156.8143768310547
1772616231.365596,319,-112.13811492919922
1772616234.7607727,320,-130.81471252441406
1772616237.8722775,321,-25.710073471069336
1772616241.31393,322,-121.25985717773438
1772616243.5923462,323,-114.14815521240234
1772616243.8115811,324,-100.0
1772616246.7918155,325,-117.39370727539062
1772616344.3933625,326,-123.25794982910156
1772616348.112457,327,-123.10862731933594
1772616353.6174903,328,-140.6254119873047
1772616354.9688525,329,-111.68817901611328
1772616357.889889,330,-127.16830444335938
1772616362.1587944,331,-135.85665893554688
1772616365.4250052,332,-126.37276458740234
1772616365.6898234,333,-100.0
1772616367.667348,334,-108.29483795166016
1772616377.8329785,335,-154.7072296142578
1772616380.2942138,336,-115.12267303466797
1772616382.3532913,337,-112.76612854003906
1772616384.60226,338,-111.23828125
1772616385.5529602,339,-110.67401123046875
1772616386.3215954,340,-104.94975280761719
1772616390.2741613,341,-128.18572998046875
1772616391.7054522,342,-109.20800018310547
1772616392.7858934,343,-106.79075622558594
1772616393.5118527,344,-103.70608520507812
1772616394.6808686,345,-111.8289794921875
1772616399.0328038,346,-125.23780822753906
1772616399.6989894,347,-101.30835723876953
1772616399.8430517,348,-100.0
1772616401.265801,349,-108.70092010498047
1772616401.4496064,350,-100.0
1772616403.4736829,351,-117.9113998413086
1772616404.3122234,352,-106.9322738647461
1772616411.7940607,353,-162.56500244140625
1772616414.72385,354,-126.41485595703125
1772616417.155317,355,-122.66248321533203
1772616422.321714,356,-142.75119018554688
1772616426.786916,357,-140.29800415039062
1772616427.159815,358,-100.3778305053711
1772616431.014739,359,-124.64945220947266
1772616432.8086147,360,-114.77813720703125
1772616433.8597124,361,-101.77555847167969
1772616435.4933255,362,-118.38397979736328
1772616438.8460126,363,-128.77447509765625
1772616446.0732791,364,-152.5304718017578
1772616449.1078687,365,-117.22693634033203
1772616451.2681322,366,-109.80510711669922
1772616453.1045635,367,-115.42171478271484
1772616455.141231,368,-111.74756622314453
1772616462.3626451,369,-158.8363037109375
1772616467.3756635,370,-128.4984588623047
1772616470.5227222,371,-129.36871337890625
1772616472.0171933,372,-109.61943054199219
1772616475.064558,373,-114.96014404296875
1772616478.0639267,374,-127.11731719970703
1772616482.2655761,375,-131.3003387451172
1772616482.7355585,376,-101.47830963134766
1772616483.4744928,377,-104.05247497558594
1772616483.737785,378,-101.27200317382812
1772616484.657363,379,-106.87313842773438
1772616489.1378396,380,-135.3083953857422
1772616494.1605437,381,-148.8726806640625
1772616494.5105088,382,-100.0
1772616499.3955784,383,-126.76023864746094
1772616499.8556771,384,-101.36668395996094
1772616505.176481,385,-143.85081481933594
1772616507.4099658,386,-115.81019592285156
1772616512.0183036,387,-130.1103057861328
1772616513.5385156,388,-107.69721221923828
1772616517.019013,389,-120.97244262695312
1772616521.3153203,390,-122.91801452636719
1772616532.2961495,391,-183.38824462890625
1772616532.9090471,392,-100.0
1772616533.3696387,393,-104.33143615722656
1772616534.8187115,394,-114.99008178710938
1772616537.5238392,395,-120.66658782958984
1772616539.3996675,396,-114.9028549194336
1772616543.0654256,397,-123.44727325439453
1772616546.722945,398,-120.5975570678711
1772616551.0024092,399,-28.12596321105957
1772616555.1115916,400,-131.24072265625
1772616556.3795424,401,-106.9365234375
1772616558.4411955,402,-121.9494857788086
1772616559.9951363,403,-105.26844024658203
1772616562.5353668,404,-118.75880432128906
1772616564.5517251,405,-115.29414367675781
1772616569.1370728,406,-137.98548889160156
1772616570.704758,407,-106.46125793457031
1772616573.7961242,408,-16.12640953063965
1772616574.2739813,409,-101.77519226074219
1772616575.8560166,410,-113.35382843017578
1772616579.2352715,411,-18.84933853149414
1772616579.727505,412,-100.74041748046875
1772616584.260416,413,-36.231204986572266
1772616586.9369328,414,-108.95569610595703
1772616589.7984555,415,-127.85350036621094
1772616590.551596,416,-103.29212951660156
1772616591.0428867,417,-103.53729248046875
1772616593.6481068,418,-119.50899505615234
1772616595.9000492,419,-117.41264343261719
1772616596.1212323,420,-100.0
1772616600.0511944,421,-134.256591796875
1772616603.3637533,422,-137.981201171875
1772616604.8097425,423,-110.68010711669922
1772616605.731012,424,-111.13680267333984
1772616615.3149605,425,-182.55709838867188
1772616616.8585289,426,-102.49958038330078
1772616618.0505471,427,-110.06294250488281
1772616618.2175486,428,-100.0
1772616619.184404,429,-104.35123443603516
1772616620.090462,430,-105.55494689941406
1772616629.4246414,431,-86.37033081054688
1772616633.7847166,432,-124.80936431884766
1772616634.2476244,433,-101.64652252197266
1772616636.2411056,434,-115.1356430053711
1772616641.6581876,435,-150.3567657470703
1772616644.4403524,436,-120.09117126464844
1772616684.442341,437,-121.0142822265625
1772616685.2188585,438,-102.1472396850586
1772616688.1545892,439,-128.8745574951172
1772616691.1719437,440,-125.39024353027344
1772616692.195201,441,-104.02127075195312
1772616694.1186247,442,-114.76815795898438
1772616696.1627731,443,-115.99665832519531
1772616697.192029,444,-107.8014144897461
1772616704.785859,445,-162.96751403808594
1772616705.6084,446,-104.22306823730469
1772616706.467255,447,-102.88233947753906
1772616711.5219488,448,-124.0479965209961
1772616714.9030814,449,-122.5951919555664
1772616716.4108403,450,-109.46723175048828
1772616717.3705766,451,-108.03128051757812
1772616718.20167,452,-102.16710662841797
1772616719.546697,453,-112.1185073852539
1772616734.7106616,454,-91.38842010498047
1772616739.5705814,455,-131.51930236816406
1772616744.4561675,456,-130.30496215820312
1772616745.6980624,457,-111.24519348144531
1772616745.8596766,458,-100.0
1772616751.1938243,459,-147.3004150390625
1772616754.648563,460,-121.97538757324219
1772616760.6907222,461,-140.53306579589844
1772616762.4795818,462,-112.99269104003906
1772616764.7090898,463,-115.99981689453125
1772616773.4230886,464,-177.8642578125
1772616774.4465477,465,-106.18565368652344
1772616775.8890114,466,-115.35697937011719
1772616783.9409356,467,-160.74488830566406
1772616788.956799,468,-132.866943359375
1772616791.8566842,469,-112.9583740234375
1772616799.009823,470,-133.3948211669922
1772616800.3244915,471,-108.80430603027344
1772616803.3779,472,-124.30835723876953
1772616807.5474594,473,-131.51780700683594
1772616811.1727078,474,-118.10098266601562
1772616814.137817,475,-122.84355926513672
1772616816.4186473,476,-112.9867172241211
1772616821.8017154,477,-129.57778930664062
1772616829.5088284,478,-133.98953247070312
1772616839.161494,479,-178.05189514160156
1772616841.2906547,480,-107.9135971069336
1772616841.5438821,481,-100.79669189453125
1772616844.5985157,482,-118.88394165039062
1772616846.2459748,483,-110.69596862792969
1772616858.8576748,484,-173.36651611328125
1772616868.966105,485,-158.36688232421875
1772616873.5823455,486,-132.26133728027344
1772616884.955455,487,-167.07301330566406
1772616890.0430198,488,-26.290632247924805
1772616891.3433528,489,-111.2786865234375
1772616895.8246953,490,-128.61509704589844
1772616896.934459,491,-103.9605941772461
1772616897.6495624,492,-102.50788879394531
1772616902.5125258,493,-137.03382873535156
1772616903.0796654,494,-101.98484802246094
1772616904.281663,495,-109.68434143066406
1772616906.8097732,496,-121.90385437011719
1772616917.3158233,497,-179.95870971679688
1772616919.451595,498,-110.10718536376953
1772616920.5803816,499,-111.37612915039062
1772616925.977502,500,-161.5457000732422
1772616927.462404,501,-112.20132446289062
1772616927.8553863,502,-101.7901840209961
1772616928.3685236,503,-103.9437255859375
1772616929.5824533,504,-109.20906829833984
1772616931.3432472,505,-114.48267364501953
1772616931.5344043,506,-100.0
1772616934.1147375,507,-108.56829071044922
1772616938.2102807,508,-123.52473449707031
1772616941.6264992,509,-125.17411804199219
1772616942.065207,510,-101.02144622802734
1772616946.3853233,511,-33.839534759521484
1772616946.6989872,512,-100.0
1772616950.1194217,513,-123.0104751586914
1772616950.6603205,514,-102.37738037109375
1772616955.8125937,515,-129.46926879882812
1772616956.2816613,516,-100.7422866821289
1772616961.5756009,517,-145.8843231201172
1772616962.9948266,518,-112.28981018066406
1772616967.6887188,519,-26.073631286621094
1772616972.1994307,520,-129.6329345703125
1772616977.040666,521,-35.62773895263672
1772616977.8506904,522,-101.07754516601562
1772616981.3061612,523,-21.09492301940918
1772617040.9110725,524,-141.20680236816406
1772617042.274125,525,-101.91606140136719
1772617044.1680222,526,-114.15260314941406
1772617047.6733398,527,-121.64059448242188
1772617050.0509858,528,-116.03962707519531
1772617053.9543884,529,-140.4315643310547
1772617054.7224782,530,-101.06210327148438
1772617059.4413443,531,-127.40010070800781
1772617064.7302387,532,-125.3171615600586
1772617071.0553236,533,-41.6905632019043
1772617072.3785253,534,-106.94139099121094
1772617076.345948,535,-121.5251693725586
1772617092.303382,536,-202.4099578857422
1772617093.4664092,537,-102.15956115722656
1772617095.3212605,538,-116.47188568115234
1772617098.3860035,539,-127.08100891113281
1772617102.6621282,540,-128.1870880126953
1772617109.5317569,541,-137.7928924560547
1772617110.5665913,542,-106.45589447021484
1772617111.0960443,543,-102.22150421142578
1772617113.9904628,544,-125.58450317382812
1772617114.9914267,545,-108.5120620727539
1772617123.7055473,546,-151.4435577392578
1772617140.2593994,547,-198.79766845703125
1772617141.8409374,548,-103.50114440917969
1772617143.7692666,549,-112.7184066772461
1772617149.0598965,550,-153.06654357910156
1772617150.309143,551,-106.63860321044922
1772617160.0338542,552,-83.53913879394531
1772617162.032288,553,-109.41504669189453
1772617163.0558147,554,-107.3217544555664
1772617167.03348,555,-117.7639389038086
1772617167.8484695,556,-102.51566314697266
1772617171.0976624,557,-113.78304290771484
1772617182.564576,558,-210.24557495117188
1772617185.2740932,559,-123.65082550048828
1772617190.3116643,560,-27.920602798461914
1772617193.135435,561,-117.81822204589844
1772617193.5295322,562,-100.26769256591797
1772617194.055447,563,-103.28772735595703
1772617199.3669083,564,-140.0001220703125
1772617199.7045763,565,-100.0
1772617200.2716184,566,-103.59612274169922
1772617200.4177313,567,-100.0
1772617204.1853552,568,-128.78125
1772617205.1020048,569,-104.7628402709961
1772617205.3056157,570,-100.83695220947266
1772617207.37769,571,-107.83963775634766
1772617209.744111,572,-118.40650177001953
1772617219.3311937,573,-159.1161346435547
1772617220.744423,574,-108.13687133789062
1772617227.5990639,575,-154.24403381347656
1772617229.2635767,576,-107.00535583496094
1772617237.2189658,577,-147.8561248779297
1772617237.9863262,578,-103.1815185546875
1772617239.322706,579,-109.95052337646484
1772617244.5414667,580,-143.17538452148438
1772617245.635269,581,-107.14779663085938
1772617245.8501995,582,-100.52777099609375
1772617252.4177473,583,-160.2413787841797
1772617254.25659,584,-106.40019226074219
1772617256.51502,585,-119.9675521850586
1772617260.5833757,586,-133.03961181640625
1772617266.2014077,587,-143.53916931152344
1772617267.201613,588,-105.07467651367188
1772617267.4076247,589,-100.56163787841797
1772617268.1874604,590,-103.2792739868164
1772617268.5718322,591,-101.38663482666016
1772617269.8964963,592,-113.1759033203125
1772617276.7638984,593,-132.5253143310547
1772617278.5987432,594,-113.61019134521484
1772617282.6738641,595,-136.15313720703125
1772617283.4595354,596,-101.43941497802734
1772617303.8565812,597,-244.9374542236328
1772617306.0735648,598,-108.35296630859375
1772617306.5863845,599,-103.1706314086914
1772617313.7666025,600,-163.28018188476562
1772617317.0586753,601,-20.51264190673828
1772617327.600666,602,-188.2035675048828
1772617329.1563654,603,-107.25639343261719
1772617332.7676768,604,-123.0807876586914
1772617390.739223,605,-119.79413604736328
1772617393.9679816,606,-118.50726318359375
1772617397.1062837,607,-28.206310272216797
1772617397.8713365,608,-103.12193298339844
1772617400.9432535,609,-119.86186981201172
1772617403.823479,610,-122.45255279541016
1772617405.5209439,611,-108.06602478027344
1772617405.8724222,612,-101.05517578125
1772617406.253492,613,-100.63825988769531
1772617406.6003742,614,-101.54427337646484
1772617407.4599493,615,-105.71796417236328
1772617410.631456,616,-114.79823303222656
1772617411.7592702,617,-103.52571105957031
1772617413.6272266,618,-110.82373046875
1772617416.7420652,619,-119.35650634765625
1772617417.0575647,620,-100.43447875976562
1772617421.0425184,621,-31.148700714111328
1772617421.3585925,622,-100.0
1772617422.4254093,623,-104.27708435058594
1772617424.833797,624,-114.30929565429688
1772617429.0490394,625,-138.49658203125
1772617433.2105558,626,-23.696300506591797
1772617437.3529086,627,-121.19293212890625
1772617441.1926239,628,-131.2525634765625
1772617441.7596645,629,-102.25296783447266
1772617443.514444,630,-116.07571411132812
1772617443.768286,631,-100.19297790527344
1772617444.5053253,632,-99.67245483398438
1772617444.6549616,633,-100.0
1772617448.0263321,634,-125.70890045166016
1772617448.481559,635,-101.20875549316406
1772617449.6265504,636,-113.55200958251953
1772617453.288698,637,-21.81570053100586
1772617458.6274538,638,-132.80845642089844
1772617462.311448,639,-116.8204116821289
1772617462.8645427,640,-102.29935455322266
1772617470.9503338,641,-162.5814971923828
1772617475.2264314,642,-120.03668975830078
1772617475.673345,643,-101.19999694824219
1772617476.8572059,644,-107.83175659179688
1772617477.641677,645,-104.3438491821289
1772617486.0199337,646,-63.81746292114258
1772617490.6317317,647,-135.37210083007812
1772617490.9546323,648,-100.0
1772617493.351813,649,-111.16411590576172
1772617495.2503905,650,-118.20198059082031
1772617497.3154082,651,-120.66920471191406
1772617504.9465513,652,-157.0144500732422
1772617506.2029328,653,-107.32832336425781
1772617507.6856492,654,-114.16503143310547
1772617509.3293562,655,-116.75667572021484
1772617518.5766249,656,-194.7104949951172
1772617523.2249882,657,-141.1559295654297
1772617525.6055663,658,-115.8852767944336
1772617528.0987597,659,-124.73307800292969
1772617528.7697217,660,-103.03084564208984
1772617534.4992938,661,-130.12852478027344
1772617534.9365633,662,-100.5556411743164
1772617535.0654743,663,-100.0
1772617535.9095333,664,-108.99612426757812
1772617542.0197778,665,-46.04920196533203
1772617542.437857,666,-100.0
1772617545.349799,667,-124.57969665527344
1772617549.4478316,668,-130.46533203125
1772617556.4185746,669,-142.42349243164062
1772617565.383524,670,-58.192169189453125
1772617568.9854167,671,-127.4848861694336
1772617571.4962347,672,-112.06651306152344
1772617572.8985975,673,-107.924072265625
1772617574.695677,674,-114.2021484375
1772617576.090418,675,-112.38189697265625
1772617577.1145768,676,-107.0510025024414
1772617578.3189285,677,-105.39907836914062
1772617580.6112456,678,-113.2400131225586
1772617583.1104178,679,-123.56806182861328
1772617584.6238039,680,-111.3253402709961
1772617585.741768,681,-104.18277740478516
1772617586.5123153,682,-102.97207641601562
1772617586.7159567,683,-100.33363342285156
1772617587.5862815,684,-102.69412231445312
1772617590.5364704,685,-128.8622589111328
1772617592.1309984,686,-108.7259292602539
1772617593.9265003,687,-112.41865539550781
1772617597.8499985,688,-125.38758087158203
1772617605.1576018,689,-163.7724151611328
1772617608.5794897,690,-125.80532836914062
1772617608.955134,691,-101.46649169921875
1772617609.3146703,692,-101.53897094726562
1772617616.0484066,693,-144.73931884765625
1772617616.5288112,694,-100.70951843261719
1772617620.8796444,695,-128.09388732910156
1772617626.9503248,696,-146.17152404785156
1772617633.7025177,697,-133.2413787841797
1772617634.7068624,698,-101.83492279052734
1772617642.8082454,699,-151.00840759277344
1772617647.3213868,700,-127.75895690917969
1772617650.3115022,701,-120.12120056152344
1772617651.5247386,702,-105.98225402832031
1772617652.9764135,703,-108.14759063720703
1772617656.324579,704,-119.23231506347656
1772617661.465723,705,-26.44722557067871
1772617665.4418318,706,-132.27940368652344
1772617670.6919887,707,-138.00852966308594
1772617671.9836738,708,-113.48115539550781
1772617673.1594844,709,-107.55272674560547
1772617675.345764,710,-114.365478515625
1772617684.4410515,711,-179.1948699951172
1772617685.1366124,712,-101.36795806884766
1772617700.2601912,713,-223.4051513671875
1772617788.0678213,714,-136.32223510742188
1772617794.6271145,715,-153.04930114746094
1772617798.6083531,716,-120.4593276977539
1772617809.8417299,717,-194.7251739501953
1772617815.4418902,718,-129.04171752929688
1772617818.489822,719,-124.86199951171875
1772617823.6566122,720,-134.6790008544922
1772617824.8465426,721,-110.97976684570312
1772617825.4005778,722,-103.80876159667969
1772617825.5414407,723,-100.0
1772617828.4999201,724,-21.7999210357666
1772617828.7475655,725,-100.0
1772617828.8670986,726,-100.0
1772617831.002508,727,-121.49523162841797
1772617831.537993,728,-103.34294128417969
1772617833.0715792,729,-107.51123046875
1772617834.587648,730,-106.6803207397461
1772617841.8925612,731,-158.3014678955078
1772617846.584669,732,-137.90005493164062
1772617855.0430279,733,-155.21981811523438
1772617855.8420043,734,-102.44638061523438
1772617856.6255732,735,-103.47151184082031
1772617864.7194004,736,-142.37098693847656
1772617868.6544232,737,-133.21788024902344
1772617874.7566679,738,-145.13278198242188
1772617875.7394936,739,-104.87134552001953
1772617876.3910863,740,-103.2012939453125
1772617879.3310664,741,-111.53982543945312
1772617879.7066536,742,-100.88439178466797
1772617880.5692816,743,-107.03087615966797
1772617883.544433,744,-128.29116821289062
1772617888.0075223,745,-130.76634216308594
1772617890.3387656,746,-116.40865325927734
1772617896.0799637,747,-129.9138641357422
1772617896.5610037,748,-100.15596008300781
1772617898.332536,749,-112.67241668701172
1772617901.3918989,750,-126.15699005126953
1772617904.314419,751,-113.74586486816406
1772617906.8204422,752,-110.26583862304688
1772617907.3844488,753,-103.30074310302734
1772617910.459337,754,-31.113893508911133
1772617911.7276268,755,-105.80508422851562
1772617914.5201907,756,-128.7254638671875
1772617915.5462286,757,-106.28169250488281
1772617916.8246653,758,-110.7079849243164
1772617919.2993,759,-111.67803955078125
1772617923.5539076,760,-126.07678985595703
1772617928.7685158,761,-128.436279296875
1772617933.8921044,762,-127.50877380371094
1772617940.3270764,763,-149.1614532470703
1772617940.740273,764,-100.0
1772617945.608584,765,-147.6598663330078
1772617946.9785964,766,-107.51958465576172
1772617947.2555592,767,-101.10818481445312
1772617948.7942483,768,-109.93148040771484
1772617956.48291,769,-157.1156768798828
1772617959.6755965,770,-120.28439331054688
1772617960.7729871,771,-103.47344970703125
1772617963.818049,772,-21.795001983642578
1772617965.0264373,773,-103.60697174072266
1772617971.1314764,774,-145.864990234375
1772617972.6334784,775,-111.13909149169922
1772617975.4412944,776,-120.3952407836914
1772617975.6906557,777,-100.0
1772617983.4299748,778,-160.2650146484375
1772617984.91241,779,-103.5323257446289
1772617985.1890783,780,-100.55577850341797
1772617985.3132184,781,-100.0
1772617987.8542612,782,-121.23141479492188
1772617988.3216095,783,-101.4287338256836
1772617992.1754217,784,-127.46715545654297
1772617994.8861356,785,-131.44387817382812
1772617995.689501,786,-103.02457427978516
1772617999.7070866,787,-143.8345489501953
1772618004.2904856,788,-125.28752899169922
1772618006.3754845,789,-111.14379119873047
1772618009.208321,790,-117.89862823486328
1772618012.401277,791,-111.85993957519531
1772618016.8369682,792,-128.6011505126953
1772618017.159963,793,-100.0
1772618023.653228,794,-154.7149200439453
1772618025.6897306,795,-113.21516418457031
1772618026.8528757,796,-108.21408081054688
1772618034.6708965,797,-161.6766357421875
1772618037.9133282,798,-127.61917877197266
1772618054.93853,799,-259.07470703125
1772618057.9782913,800,-109.17511749267578
1772618059.736587,801,-112.72712707519531
1772618060.049537,802,-100.89238739013672
1772618061.337426,803,-111.02458190917969
1772618061.5146585,804,-100.0
1772618063.4804728,805,-110.68550872802734
1772618065.257419,806,-109.91214752197266
1772618066.914471,807,-109.81694793701172
1772618068.1983595,808,-109.96379852294922
1772618069.314596,809,-103.64189147949219
1772618072.8671286,810,-118.99142456054688
1772618075.9435375,811,-12.54730224609375
1772618176.8357694,812,-116.59880828857422
1772618178.8530211,813,-111.49237823486328
1772618181.1453295,814,-126.72525024414062
1772618182.0100558,815,-104.3419418334961
1772618184.0032706,816,-112.85365295410156
1772618186.982551,817,-129.4329376220703
1772618195.0799847,818,-157.34718322753906
1772618202.8873262,819,-148.64865112304688
1772618208.0483937,820,-29.312885284423828
1772618209.3073037,821,-108.57942199707031
1772618217.7037494,822,-161.18960571289062
1772618225.784849,823,-142.60162353515625
1772618234.4725795,824,-156.12037658691406
1772618237.9031253,825,-135.13951110839844
1772618244.93741,826,-145.76002502441406
1772618253.0502782,827,-149.99630737304688
1772618255.4933252,828,-120.85564422607422
1772618258.866922,829,-120.66590118408203
1772618262.570945,830,-117.0691909790039
1772618266.882613,831,-129.58148193359375
1772618270.3392904,832,-128.3029327392578
1772618270.6170964,833,-100.0
1772618271.570015,834,-106.83646392822266
1772618272.3372588,835,-106.20188903808594
1772618273.9228542,836,-109.2151870727539
1772618274.169732,837,-100.1427993774414
1772618277.0930796,838,-31.136648178100586
1772618278.6640306,839,-105.06783294677734
1772618280.2920935,840,-116.80023193359375
1772618284.1542602,841,-126.37195587158203
1772618286.5765617,842,-116.7287826538086
1772618291.330116,843,-37.621158599853516
1772618291.6653085,844,-100.0
1772618292.4563258,845,-103.5699691772461
1772618292.7205136,846,-100.7281723022461
1772618293.859584,847,-107.35658264160156
1772618299.5459476,848,-127.4106216430664
1772618306.7261448,849,-139.23150634765625
1772618309.6466453,850,-114.85577392578125
1772618309.8813856,851,-100.0
1772618311.6234705,852,-112.52069854736328
1772618311.8737252,853,-100.74254608154297
1772618311.9942582,854,-100.0
1772618312.6113992,855,-105.45173645019531
1772618315.9700189,856,-130.47557067871094
1772618318.0521355,857,-106.56497955322266
1772618329.072415,858,-164.57562255859375
1772618334.1696398,859,-120.75845336914062
1772618337.923975,860,-129.95278930664062
1772618343.3781888,861,-133.68075561523438
1772618343.9525688,862,-102.12984466552734
1772618345.410034,863,-108.00008392333984
1772618347.495752,864,-117.8790054321289
1772618349.7975543,865,-109.41686248779297
1772618352.6962597,866,-108.64395141601562
1772618357.0086427,867,-26.4830265045166
1772618361.424478,868,-133.86195373535156
1772618372.7125921,869,-185.27835083007812
1772618382.1085525,870,-160.95755004882812
1772618386.1471887,871,-121.72464752197266
1772618393.2820435,872,-46.56865310668945
1772618403.6040816,873,-152.92849731445312
1772618406.2672117,874,-115.02011108398438
1772618406.8203309,875,-103.74494171142578
1772618415.048168,876,-57.65811538696289
1772618419.064754,877,-125.3078384399414
1772618421.4979155,878,-116.66014099121094
1772618423.545677,879,-109.65428161621094
1772618427.0110044,880,-127.85948944091797
1772618431.2670848,881,-138.36587524414062
1772618438.8830123,882,-156.52687072753906
1772618439.4365828,883,-100.15969848632812
1772618441.4647968,884,-114.67577362060547
1772618445.8880858,885,-125.80907440185547
1772618449.7557266,886,-123.73509979248047
1772618453.8640325,887,-26.202024459838867
1772618455.3960195,888,-106.80630493164062
1772618457.807253,889,-116.68321990966797
1772618458.0632768,890,-100.0
1772618465.666058,891,-153.3639678955078
1772618466.2006028,892,-100.74284362792969
1772618467.842664,893,-108.19368743896484
1772618477.7033677,894,-174.47073364257812
1772618547.8904865,895,-121.20452880859375
1772618549.9325244,896,-112.12516784667969
1772618551.3980665,897,-115.004638671875
1772618551.7446072,898,-101.77998352050781
1772618554.1603777,899,-119.90518188476562
1772618554.5534506,900,-101.45308685302734
1772618556.7387922,901,-117.35110473632812
1772618558.9689772,902,-107.38722229003906
1772618559.178703,903,-100.0
1772618561.1880786,904,-125.98568725585938
1772618566.0986626,905,-119.78556060791016
1772618568.5207772,906,-110.12743377685547
1772618575.0465043,907,-163.6812286376953
1772618582.9595747,908,-146.43746948242188
1772618587.2909203,909,-126.92020416259766
1772618588.9022243,910,-105.68439483642578
1772618589.087035,911,-100.0
1772618591.995236,912,-122.54521179199219
1772618596.952542,913,-147.36700439453125
1772618605.3149211,914,-64.1345443725586
1772618607.1701627,915,-106.45928955078125
1772618609.4741414,916,-128.54287719726562
1772618613.3433785,917,-128.42730712890625
1772618613.608141,918,-100.0
1772618613.7296016,919,-100.0
1772618628.0045304,920,-179.22682189941406
1772618629.7232337,921,-103.89053344726562
1772618632.8374128,922,-125.58662414550781
1772618638.2183156,923,-141.9413299560547
1772618639.0351858,924,-102.3884048461914
1772618639.2340767,925,-100.51502227783203
1772618647.9544764,926,-50.08506774902344
1772618649.5626736,927,-111.15116882324219
1772618657.0493767,928,-169.281005859375
1772618660.4757125,929,-115.71603393554688
1772618661.1867807,930,-104.50410461425781
1772618670.9390182,931,-167.81283569335938
1772618672.226825,932,-105.4323959350586
1772618676.4653413,933,-146.2007598876953
1772618679.8511364,934,-114.78729248046875
1772618683.0993223,935,-113.29749298095703
1772618684.3788147,936,-106.2860107421875
1772618685.1693592,937,-106.67496490478516
1772618686.288562,938,-109.03458404541016
1772618689.0004945,939,-125.29498291015625
1772618693.8577316,940,-37.68277359008789
1772618696.6653657,941,-118.60401153564453
1772618698.9779494,942,-116.8848876953125
1772618707.5357776,943,-161.02957153320312
1772618711.8656209,944,-119.23674011230469
1772618715.0480123,945,-26.809349060058594
1772618717.481795,946,-120.93547058105469
1772618719.6100516,947,-112.29786682128906
1772618720.0589135,948,-102.06673431396484
1772618733.56996,949,-182.11390686035156
1772618734.6175058,950,-102.26087188720703
1772618736.880631,951,-110.4324722290039
1772618737.3375678,952,-101.20884704589844
1772618737.4755058,953,-100.0
1772618741.865351,954,-27.282201766967773
1772618750.0450873,955,-159.79327392578125
1772618751.4808614,956,-107.63774108886719
1772618751.6500127,957,-100.0
1772618756.6893287,958,-126.84451293945312
1772618758.338574,959,-104.2797622680664
1772618759.4263456,960,-106.4698257446289
1772618759.5902739,961,-100.0
1772618764.9440105,962,-29.94910430908203
1772618766.4213192,963,-106.5859375
1772618766.5934312,964,-100.0
1772618775.098608,965,-162.50523376464844
1772618779.9851153,966,-122.52930450439453
1772618780.3257422,967,-100.0
1772618785.283443,968,-133.14173889160156
1772618785.9173899,969,-100.90242004394531
1772618786.9045408,970,-105.34413146972656
1772618787.138292,971,-100.5999984741211
1772618788.3229885,972,-111.3840103149414
1772618792.5183804,973,-125.78838348388672
1772618798.7044146,974,-140.29510498046875
1772618807.4587483,975,-168.51820373535156
1772618808.2430809,976,-100.92931365966797
1772618809.2193277,977,-110.75801086425781
1772618811.4579518,978,-114.88560485839844
1772618816.2969859,979,-133.86520385742188
1772618823.5903697,980,-155.0653839111328
1772618826.959465,981,-124.13736724853516
1772618829.9148126,982,-125.94688415527344
1772618834.4606457,983,-25.31414031982422
1772618840.0995462,984,-143.73069763183594
1772618945.9135926,985,-113.62698364257812
1772618946.1163173,986,-100.0
1772618946.4028385,987,-101.24650573730469
1772618947.9810333,988,-110.17524719238281
1772618954.1904087,989,-141.90878295898438
1772618954.9063573,990,-104.19622039794922
1772618957.6599722,991,-113.50416564941406
1772618961.474109,992,-125.79158020019531
1772618966.4019296,993,-146.777099609375
1772618971.6315913,994,-130.70657348632812
1772618974.936741,995,-128.21368408203125
1772618978.3443377,996,-136.66461181640625
1772618978.6180027,997,-100.0
1772618981.1280246,998,-125.91726684570312
1772618981.5711675,999,-101.14046478271484
1772618981.7007692,1000,-100.0
1772618983.2236733,1001,-105.52294921875
1772618983.6517801,1002,-102.96394348144531
1772618988.8916364,1003,-138.54550170898438
1772618992.783662,1004,-122.52287292480469
1772619005.6385732,1005,-179.2149200439453
1772619007.5696728,1006,-107.43505096435547
1772619012.3133063,1007,-126.43248748779297
1772619013.7538207,1008,-107.73428344726562
1772619014.8212433,1009,-107.7629623413086
1772619016.4765632,1010,-103.87541198730469
1772619016.9032867,1011,-101.62482452392578
1772619020.9137266,1012,-143.06439208984375
1772619028.0280979,1013,-172.3592071533203
1772619034.0963254,1014,-130.052490234375
1772619034.547555,1015,-100.4749526977539
1772619047.832462,1016,-168.77159118652344
1772619049.8824399,1017,-110.14733123779297
1772619050.2266788,1018,-102.43794250488281
1772619050.4048774,1019,-100.0474624633789
1772619059.4085612,1020,-64.3989486694336
1772619061.890222,1021,-116.96659088134766
1772619066.1152642,1022,-147.28387451171875
1772619068.803473,1023,-113.66854858398438
1772619070.674617,1024,-107.50730895996094
1772619083.1705008,1025,-206.13206481933594
1772619083.8807836,1026,-100.0
1772619085.610416,1027,-116.06023406982422
1772619086.66461,1028,-109.62348937988281
1772619090.626833,1029,-31.219026565551758
1772619091.0468614,1030,-100.77835083007812
1772619097.9677482,1031,-135.169921875
1772619099.684706,1032,-111.87384033203125
1772619102.7379978,1033,-14.619563102722168
1772619103.010185,1034,-100.0
1772619109.8581898,1035,-40.47594451904297
1772619112.1304724,1036,-112.74236297607422
1772619118.242339,1037,-138.2784423828125
1772619122.5054915,1038,-143.15283203125
1772619133.6353767,1039,-166.8707275390625
1772619136.3900213,1040,-112.17449188232422
1772619137.0665119,1041,-102.65645599365234
1772619141.6588652,1042,-38.59834289550781
1772619142.5552204,1043,-105.65326690673828
1772619143.3225641,1044,-103.8993148803711
1772619144.931058,1045,-106.19661712646484
1772619146.1832092,1046,-106.717529296875
1772619152.3467023,1047,-139.84642028808594
1772619156.4887567,1048,-133.8535919189453
1772619157.0731857,1049,-101.8424301147461
1772619161.3948078,1050,-136.93081665039062
1772619162.3420653,1051,-105.87237548828125
1772619165.3618255,1052,-128.4916229248047
1772619165.8503497,1053,-102.74993896484375
1772619168.123322,1054,-122.17160034179688
1772619176.06697,1055,-176.21669006347656
1772619180.4506705,1056,-126.91142272949219
1772619184.6105406,1057,-139.4595489501953
1772619188.2187822,1058,-117.78924560546875
1772619192.4020483,1059,-132.2829132080078
1772619195.8178673,1060,-18.08045768737793
1772619198.879746,1061,-20.9700870513916
1772619206.8889632,1062,-71.60160064697266
1772619213.285446,1063,-162.581298828125
1772619216.1557133,1064,-115.92255401611328
1772619216.8999863,1065,-105.37351989746094
1772619217.7663383,1066,-107.83113098144531
1772619221.731674,1067,-122.78480529785156
1772619223.4427145,1068,-104.77781677246094
1772619227.3330462,1069,-121.16963958740234
1772619243.6740756,1070,-214.90899658203125
1772619246.1156342,1071,-113.39493560791016
1772619335.1386836,1072,-108.60550689697266
1772619338.9484522,1073,-122.04926300048828
1772619340.0903206,1074,-108.28250885009766
1772619351.1705346,1075,-203.8039093017578
1772619352.6406865,1076,-108.44783782958984
1772619355.8563035,1077,-121.708251953125
1772619358.539578,1078,-114.60845184326172
1772619358.7573526,1079,-100.0
1772619360.6096532,1080,-113.11070251464844
1772619364.5073838,1081,-139.8301544189453
1772619365.2019112,1082,-104.94410705566406
1772619382.9202425,1083,-229.1856689453125
1772619386.7133362,1084,-108.03876495361328
1772619388.3286536,1085,-115.87588500976562
1772619388.5147882,1086,-100.0
1772619396.7069833,1087,-180.84085083007812
1772619398.7356904,1088,-109.6039047241211
1772619399.0884392,1089,-101.18885803222656
1772619402.7864134,1090,-132.14073181152344
1772619409.8434036,1091,-133.86834716796875
1772619410.6348367,1092,-102.08293914794922
1772619413.0194867,1093,-112.81066131591797
1772619414.2160175,1094,-111.23592376708984
1772619415.1605875,1095,-102.73655700683594
1772619418.3521264,1096,-114.3327865600586
1772619418.7196395,1097,-101.34912872314453
1772619419.1836016,1098,-103.17594146728516
1772619424.3863943,1099,-127.82653045654297
1772619425.5184484,1100,-102.79352569580078
1772619426.402012,1101,-103.53546142578125
1772619427.73747,1102,-105.28155517578125
1772619429.489352,1103,-118.5296630859375
1772619430.3134665,1104,-107.50806427001953
1772619432.155412,1105,-108.33495330810547
1772619433.451031,1106,-109.71753692626953
1772619435.183479,1107,-111.72443389892578
1772619437.4283888,1108,-116.19071197509766
1772619439.04014,1109,-110.41001892089844
1772619441.3280807,1110,-109.13298034667969
1772619442.6647327,1111,-103.60292053222656
1772619443.0666463,1112,-102.20809173583984
1772619443.2570422,1113,-100.22492980957031
1772619446.8209386,1114,-122.68949890136719
1772619450.9540796,1115,-126.7922592163086
1772619455.5502412,1116,-136.11781311035156
1772619457.347001,1117,-109.7098617553711
1772619457.7019346,1118,-102.02518463134766
1772619461.0192752,1119,-126.54904174804688
1772619463.2335193,1120,-109.97697448730469
1772619464.5804794,1121,-108.5761489868164
1772619467.9295177,1122,-123.302978515625
1772619468.953404,1123,-106.87476348876953
1772619471.0427842,1124,-118.18412780761719
1772619471.4275992,1125,-101.89192962646484
1772619471.665218,1126,-100.63325500488281
1772619472.1760647,1127,-104.01233673095703
1772619474.8532157,1128,-128.3407440185547
1772619476.850927,1129,-109.1229248046875
1772619478.7657416,1130,-114.3751220703125
1772619478.9665384,1131,-100.0
1772619483.493368,1132,-144.333984375
1772619483.8866398,1133,-100.30886840820312
1772619484.6230075,1134,-103.97443389892578
1772619485.2868173,1135,-103.20188903808594
1772619485.431153,1136,-100.0
1772619489.0304763,1137,-28.110471725463867
1772619497.648275,1138,-57.63807678222656
1772619501.060274,1139,-112.67831420898438
1772619502.0622916,1140,-107.48423767089844
1772619502.3339715,1141,-101.01763916015625
1772619502.512322,1142,-100.6935043334961
1772619504.594381,1143,-109.65077209472656
1772619507.336723,1144,-118.81310272216797
1772619508.557497,1145,-106.40789794921875
1772619509.844481,1146,-104.6681900024414
1772619510.9746265,1147,-107.85726165771484
1772619511.150479,1148,-100.0
1772619512.4980497,1149,-113.51434326171875
1772619513.3948932,1150,-103.91563415527344
1772619513.6054866,1151,-100.2569351196289
1772619516.5799663,1152,-122.6167984008789
1772619519.4076667,1153,-122.77644348144531
1772619524.880679,1154,-135.32485961914062
1772619525.3747575,1155,-100.8702163696289
1772619525.6174824,1156,-101.06817626953125
1772619526.0851893,1157,-105.23400115966797
1772619532.2945344,1158,-147.65042114257812
1772619533.4703653,1159,-102.51342010498047
1772619538.1716325,1160,-29.58469581604004
1772619541.1341417,1161,-120.72296142578125
1772619541.3807144,1162,-100.0
1772619544.461725,1163,-116.2973861694336
1772619551.283573,1164,-129.9807586669922
1772619558.36727,1165,-137.3157958984375
1772619558.862697,1166,-100.0
1772619562.4150014,1167,-126.65859985351562
1772619564.7205236,1168,-108.81371307373047
1772619565.5428894,1169,-102.08421325683594
1772619566.7908728,1170,-110.02741241455078
1772619570.9263492,1171,-120.23473358154297
1772619582.7680504,1172,-165.2123260498047
1772619587.5557075,1173,-122.96343994140625
1772619590.476971,1174,-133.26112365722656
1772619593.1779075,1175,-119.80677795410156
1772619596.9870348,1176,-116.6629409790039
1772619598.5021865,1177,-107.2913818359375
1772619600.238536,1178,-113.58289337158203
1772619602.1080546,1179,-108.21553039550781
1772619604.0333624,1180,-113.61119079589844
1772619608.8372612,1181,-42.635746002197266
1772619610.1176395,1182,-110.92721557617188
1772619614.2692559,1183,-125.96798706054688
1772619617.8439837,1184,-131.28567504882812
1772619620.4472082,1185,-112.32332611083984
1772619624.6099072,1186,-126.6658706665039
1772619626.2761872,1187,-109.7371826171875
1772619628.4214406,1188,-116.0404052734375
1772619630.3722982,1189,-113.58578491210938
1772619633.7496467,1190,-20.866098403930664
1772619635.6053114,1191,-112.88365173339844
1772619754.428078,1192,-17.562658309936523
1772619755.7941563,1193,-107.20111083984375
1772619760.476006,1194,-142.548095703125
1772619762.6403372,1195,-111.92015075683594
1772619766.1940594,1196,-118.43595123291016
1772619768.3310664,1197,-121.08133697509766
1772619769.7450619,1198,-110.55607604980469
1772619776.7240622,1199,-31.3312931060791
1772619780.5932815,1200,-130.77732849121094
1772619784.9328985,1201,-123.45860290527344
1772619788.0192266,1202,-117.53131866455078
1772619790.0523899,1203,-119.10821533203125
1772619790.4777381,1204,-101.40608978271484
1772619791.217046,1205,-101.67146301269531
1772619791.5340674,1206,-100.19998168945312
1772619794.2038915,1207,-124.53152465820312
1772619797.904731,1208,-118.81550598144531
1772619801.6462429,1209,-113.63544464111328
1772619806.5204196,1210,-137.3380889892578
1772619809.5531194,1211,-116.52046203613281
1772619819.6940281,1212,-166.55880737304688
1772619821.5475535,1213,-105.99858093261719
1772619826.6082344,1214,-150.31637573242188
1772619829.7220964,1215,-121.6659164428711
1772619830.3019187,1216,-103.14891815185547
1772619837.9351957,1217,-140.90147399902344
1772619841.6914828,1218,-21.815349578857422
1772619843.4112506,1219,-110.38975524902344
1772619844.8712869,1220,-109.52308654785156
1772619846.207154,1221,-110.63128662109375
1772619848.1105883,1222,-109.69007110595703
1772619848.3584895,1223,-100.69917297363281
1772619848.4857554,1224,-100.0
1772619848.6604176,1225,-100.41464233398438
1772619854.132557,1226,-138.9702911376953
1772619858.5032444,1227,-137.96022033691406
1772619859.6447937,1228,-109.68115997314453
1772619866.5320907,1229,-143.3650360107422
1772619872.2054303,1230,-32.536521911621094
1772619874.8841143,1231,-116.221435546875
1772619875.1177015,1232,-100.0
1772619875.236376,1233,-100.0
1772619876.4030447,1234,-104.96726989746094
1772619880.8711393,1235,-134.51409912109375
1772619883.8351557,1236,-117.2334213256836
1772619884.0777798,1237,-100.0
1772619886.1803017,1238,-111.41825103759766
1772619886.555305,1239,-102.03536987304688
1772619887.1216202,1240,-102.62313079833984
1772619891.0752974,1241,-34.67146682739258
1772619892.4450378,1242,-108.72843170166016
1772619892.9419892,1243,-103.05828094482422
1772619900.8782501,1244,-149.0995635986328
1772619907.570413,1245,-156.1929931640625
1772619911.4291666,1246,-120.7171630859375
1772619914.2685003,1247,-116.22517395019531
1772619915.004844,1248,-101.06690979003906
1772619916.5942578,1249,-109.16553497314453
1772619917.4451828,1250,-103.89707946777344
1772619919.453169,1251,-110.87830352783203
1772619921.8131304,1252,-116.23542785644531
1772619922.9172108,1253,-111.9829330444336
1772619927.9300854,1254,-21.567293167114258
1772619931.0351048,1255,-20.72109031677246
1772619933.5110178,1256,-118.54999542236328
1772619934.437339,1257,-104.76854705810547
1772619939.3958416,1258,-137.4658203125
1772619942.0626345,1259,-118.88438415527344
1772619947.8148544,1260,-139.29931640625
1772619951.993606,1261,-129.14732360839844
1772619957.8742123,1262,-125.18769073486328
1772619961.7952998,1263,-21.914827346801758
1772619962.0847425,1264,-100.0
1772619962.2041867,1265,-100.0
1772619963.4761543,1266,-109.46487426757812
1772619964.9786255,1267,-109.63658905029297
1772619967.1744032,1268,-113.31399536132812
1772619969.979555,1269,-127.78289794921875
1772619970.2217612,1270,-100.0
1772619970.5005555,1271,-101.38806915283203
1772619971.8440387,1272,-104.10658264160156
1772619979.2378976,1273,-147.4628143310547
1772619981.4882095,1274,-115.4314193725586
1772619981.6871462,1275,-100.0
1772619983.6183288,1276,-120.40507507324219
1772619988.0580907,1277,-137.1880645751953
1772619988.3693857,1278,-100.0
1772619988.541586,1279,-100.92440032958984
1772619990.2225375,1280,-118.6276626586914
1772619990.5322037,1281,-100.46666717529297
1772619993.6682506,1282,-127.17488098144531
1772619994.9362175,1283,-109.8623275756836
1772619996.6669884,1284,-109.27432250976562
1772620002.25926,1285,-146.669677734375
1772620002.684312,1286,-100.1084976196289
1772620017.0122888,1287,-194.19398498535156
1772620017.8293104,1288,-100.0
1772620025.6288555,1289,-48.905269622802734
1772620028.404,1290,-120.43661499023438
1772620036.59227,1291,-61.207637786865234
1772620037.806337,1292,-107.1171875
1772620040.7875915,1293,-33.50980758666992
1772620041.2183547,1294,-101.47386932373047
1772620047.5019724,1295,-140.4558868408203
1772620049.1892242,1296,-109.96583557128906
1772620130.5784154,1297,-106.02550506591797
1772620135.0341141,1298,-149.79798889160156
1772620136.611549,1299,-113.51580810546875
1772620137.6837537,1300,-105.44296264648438
1772620138.3401883,1301,-104.89588928222656
1772620139.822518,1302,-108.6852035522461
1772620140.677023,1303,-103.57588958740234
1772620150.9743695,1304,-154.3568878173828
1772620151.6115983,1305,-100.0
1772620151.8934088,1306,-101.65583038330078
1772620153.8104475,1307,-115.1710433959961
1772620155.8043714,1308,-115.44263458251953
1772620156.9744763,1309,-112.2613525390625
1772620161.8928773,1310,-145.23988342285156
1772620162.5013213,1311,-100.7363052368164
1772620172.0389092,1312,-159.5099334716797
1772620175.2594104,1313,-117.54167175292969
1772620178.1464558,1314,-111.56979370117188
1772620178.6112015,1315,-99.91886901855469
1772620178.7914617,1316,-100.7095718383789
1772620181.042659,1317,-114.29975891113281
1772620185.9572468,1318,-150.5073699951172
1772620188.9985602,1319,-127.77886199951172
1772620197.2114336,1320,-153.0196533203125
1772620201.2101586,1321,-133.8801727294922
1772620202.4304461,1322,-107.66071319580078
1772620209.6063302,1323,-126.93701171875
1772620214.8325775,1324,-42.564945220947266
1772620219.5260067,1325,-127.6963119506836
1772620221.2026596,1326,-115.16450500488281
1772620223.1188316,1327,-106.59095764160156
1772620232.9026594,1328,-79.6025390625
1772620233.490656,1329,-100.0
1772620246.4053068,1330,-191.4822235107422
1772620251.2704196,1331,-23.63203239440918
1772620253.5860693,1332,-116.83277893066406
1772620259.4383926,1333,-136.10826110839844
1772620260.1461508,1334,-101.78887939453125
1772620262.0078456,1335,-119.90940856933594
1772620263.878265,1336,-120.42163848876953
1772620264.8505292,1337,-106.08976745605469
1772620268.5306706,1338,-24.72945785522461
1772620269.3724856,1339,-104.91271209716797
1772620270.6836023,1340,-112.12008666992188
1772620272.2436125,1341,-114.90872955322266
1772620272.4323356,1342,-100.0
1772620275.3428855,1343,-18.15667152404785
1772620279.5711286,1344,-125.01915740966797
1772620280.166754,1345,-101.67723083496094
1772620283.0773776,1346,-27.973955154418945
1772620289.4777625,1347,-140.72573852539062
1772620290.8535695,1348,-106.54923248291016
1772620297.1591349,1349,-161.17417907714844
1772620297.851764,1350,-102.01306915283203
1772620300.5012517,1351,-118.92337799072266
1772620305.7793586,1352,-141.6003875732422
1772620306.1354196,1353,-100.0
1772620309.6672013,1354,-133.01512145996094
1772620311.022219,1355,-106.4937973022461
1772620311.2462192,1356,-100.79847717285156
1772620311.3661125,1357,-100.0
1772620314.3873825,1358,-16.93514633178711
1772620321.4691663,1359,-154.30979919433594
1772620323.675904,1360,-108.76744842529297
1772620327.1503801,1361,-123.52491760253906
1772620332.4026718,1362,-31.644947052001953
1772620336.721293,1363,-38.104881286621094
1772620341.3160064,1364,-129.4862518310547
1772620345.4705353,1365,-131.92742919921875
1772620347.1843202,1366,-115.6418228149414
1772620350.1624327,1367,-113.41376495361328
1772620354.8748515,1368,-25.705568313598633
1772620357.755625,1369,-127.37527465820312
1772620363.2693005,1370,-147.56124877929688
1772620364.0296226,1371,-101.9276123046875
1772620367.1872633,1372,-121.99980163574219
1772620367.6113374,1373,-101.6174545288086
1772620369.0200276,1374,-112.46090698242188
1772620369.2542827,1375,-100.71638488769531
1772620370.7058592,1376,-107.72100830078125
1772620373.105085,1377,-109.86622619628906
1772620375.8681474,1378,-131.23350524902344
1772620380.3051295,1379,-128.87673950195312
1772620387.2352304,1380,-130.3863525390625
1772620390.4489655,1381,-127.77098846435547
1772620394.0302613,1382,-120.18028259277344
1772620396.517161,1383,-128.91903686523438
1772620397.7002645,1384,-105.01909637451172
1772620399.2516444,1385,-110.8381118774414
1772620405.6690838,1386,-167.17523193359375
1772620412.0190043,1387,-136.58416748046875
1772620412.9879494,1388,-104.10751342773438
1772620415.6660888,1389,-127.06976318359375
1772620416.857258,1390,-110.20918273925781
1772620421.5758686,1391,-127.83087921142578
1772620425.435057,1392,-127.41990661621094
1772620429.819738,1393,-133.31100463867188
1772620608.6020362,1394,-146.24586486816406
1772620610.490097,1395,-108.05062103271484
1772620616.0188496,1396,-130.3208465576172
1772620617.5862527,1397,-103.97989654541016
1772620618.9730632,1398,-109.86672973632812
1772620620.780643,1399,-114.03010559082031
1772620622.6920953,1400,-112.37726593017578
1772620624.0051968,1401,-107.79561614990234
1772620626.1072104,1402,-111.80770111083984
1772620628.4295382,1403,-125.20575714111328
1772620629.704054,1404,-110.52271270751953
1772620631.3734107,1405,-106.45941162109375
1772620634.333078,1406,-14.138307571411133
1772620643.0796838,1407,-155.28164672851562
1772620643.6297874,1408,-100.0
1772620645.188228,1409,-116.106689453125
1772620653.1154356,1410,-150.14569091796875
1772620653.871,1411,-101.18352508544922
1772620654.7273393,1412,-106.03470611572266
1772620657.23089,1413,-116.97411346435547
1772620662.4613473,1414,-142.87673950195312
1772620666.8855724,1415,-25.686477661132812
1772620669.4454012,1416,-119.29739379882812
1772620671.173981,1417,-120.09835815429688
1772620671.3662474,1418,-100.0
1772620674.9591844,1419,-29.868656158447266
1772620677.042889,1420,-113.32650756835938
1772620677.2522624,1421,-100.0
1772620678.0993192,1422,-103.33079528808594
1772620678.5343368,1423,-102.28670501708984
1772620679.5669935,1424,-102.73892974853516
1772620690.8132825,1425,-171.85772705078125
1772620693.0921679,1426,-110.59151458740234
1772620695.6103904,1427,-121.78559112548828
1772620698.3184268,1428,-119.9723892211914
1772620698.6614082,1429,-101.19999694824219
1772620700.6063097,1430,-116.5933609008789
1772620700.9164217,1431,-100.62024688720703
1772620703.6661298,1432,-113.51036834716797
1772620704.8456702,1433,-102.41567993164062
1772620709.6578047,1434,-26.093002319335938
1772620715.0216305,1435,-147.3259735107422
1772620715.3742716,1436,-100.0
1772620716.966159,1437,-113.62724304199219
1772620717.3812299,1438,-101.55485534667969
1772620724.281045,1439,-155.86058044433594
1772620734.0116534,1440,-172.9680938720703
1772620734.5861917,1441,-100.0
1772620736.624161,1442,-114.54319763183594
1772620740.046626,1443,-126.97901916503906
1772620740.310993,1444,-100.0
1772620744.0481179,1445,-25.798828125
1772620745.4351425,1446,-108.82757568359375
1772620748.0823967,1447,-113.15174102783203
1772620753.0590348,1448,-133.05833435058594
1772620757.594154,1449,-130.93092346191406
1772620762.672105,1450,-127.19100189208984
1772620769.242297,1451,-43.956268310546875
1772620771.013163,1452,-104.41991424560547
1772620772.1394806,1453,-107.902099609375
1772620779.623924,1454,-147.06813049316406
1772620784.6141348,1455,-128.6656494140625
1772620789.027155,1456,-22.4769287109375
1772620792.7923102,1457,-129.02671813964844
1772620802.0013373,1458,-50.330841064453125
1772620805.6571982,1459,-124.94860076904297
1772620807.1410904,1460,-115.6893539428711
1772620809.452499,1461,-114.00597381591797
1772620811.4190779,1462,-109.71739196777344
1772620812.2741945,1463,-105.19117736816406
1772620813.0260954,1464,-104.49413299560547
1772620813.223191,1465,-100.3995361328125
1772620814.812272,1466,-110.10546875
1772620815.8344114,1467,-109.67935943603516
1772620818.4377215,1468,-120.18655395507812
1772620823.845285,1469,-140.5792694091797
1772620827.597949,1470,-128.57435607910156
1772620832.4680698,1471,-123.20152282714844
1772620835.2490125,1472,-123.5927734375
1772620841.095038,1473,-127.28654479980469
1772620841.4890592,1474,-100.0
1772620841.6063633,1475,-100.0
1772620843.8415608,1476,-108.80790710449219
1772620844.1104786,1477,-100.0
1772620845.9920812,1478,-108.7356185913086
1772620846.1930912,1479,-100.0
1772620847.5772254,1480,-108.95867919921875
1772620851.7482507,1481,-141.51739501953125
1772620854.8311324,1482,-20.79641342163086
1772620855.6352594,1483,-105.23371124267578
1772620858.2143683,1484,-110.96247863769531
1772620860.7848976,1485,-110.06900024414062
1772620865.0845683,1486,-46.90367889404297
1772620866.3542573,1487,-109.02638244628906
1772620871.6452641,1488,-133.3642578125
1772620873.3314586,1489,-112.96678161621094
1772620874.854787,1490,-113.81581115722656
1772620875.1566205,1491,-100.70681762695312
1772620877.125357,1492,-118.21285247802734
1772620882.837648,1493,-147.04434204101562
1772620885.9652104,1494,-112.69698333740234
1772620886.4922712,1495,-100.44076538085938
1772620886.845276,1496,-101.74532318115234
1772620890.1311426,1497,-120.0797119140625
1772620891.1722622,1498,-105.48335266113281
1772620891.5628903,1499,-101.1531753540039
1772620892.7587316,1500,-104.75274658203125
1772620896.2295454,1501,-137.43051147460938
1772620899.301261,1502,-115.07630920410156
1772620904.5404139,1503,-143.72438049316406
1772621008.388242,1504,-125.84825134277344
1772621008.717769,1505,-100.0
1772621009.2212455,1506,-103.28170013427734
1772621010.6316803,1507,-105.32438659667969
1772621020.1653507,1508,-152.134765625
1772621030.1080987,1509,-152.044677734375
1772621030.7341902,1510,-100.3896255493164
1772621035.332151,1511,-145.55885314941406
1772621036.165277,1512,-105.28302764892578
1772621036.3072665,1513,-100.0
1772621036.4834523,1514,-100.47525024414062
1772621040.3264997,1515,-124.8734359741211
1772621044.0386717,1516,-131.27273559570312
1772621044.636567,1517,-101.40099334716797
1772621047.9657526,1518,-131.84852600097656
1772621048.7876513,1519,-103.6109848022461
1772621051.4522567,1520,-115.68991088867188
1772621052.6353946,1521,-108.36766815185547
1772621055.8653736,1522,-115.88250732421875
1772621056.7478404,1523,-103.36046600341797
1772621058.1813054,1524,-106.16301727294922
1772621058.982202,1525,-104.5780258178711
1772621064.7871346,1526,-134.86590576171875
1772621068.5305831,1527,-124.68940734863281
1772621069.571032,1528,-102.4298324584961
1772621070.6630812,1529,-104.09457397460938
1772621084.4215832,1530,-92.10466003417969
1772621093.0489497,1531,-181.25897216796875
1772621094.0440996,1532,-102.92984771728516
1772621101.1031036,1533,-152.80406188964844
1772621103.1278462,1534,-110.95970916748047
1772621105.7889574,1535,-127.90580749511719
1772621110.072107,1536,-142.09243774414062
1772621113.3060653,1537,-122.43367004394531
1772621115.8661041,1538,-117.8641586303711
1772621126.7504094,1539,-172.2122802734375
1772621127.546107,1540,-101.76873016357422
1772621127.7821045,1541,-100.68001556396484
1772621132.6009626,1542,-124.61294555664062
1772621132.9458344,1543,-100.0
1772621133.2842844,1544,-102.58824920654297
1772621133.4225078,1545,-100.0
1772621135.9010775,1546,-114.74976348876953
1772621136.2479942,1547,-100.55684661865234
1772621138.2612555,1548,-110.59708404541016
1772621143.3555021,1549,-147.20175170898438
1772621144.4750316,1550,-105.26598358154297
1772621146.8466423,1551,-112.5062484741211
1772621147.9083416,1552,-106.40345001220703
1772621154.6388817,1553,-153.41932678222656
1772621156.6856725,1554,-108.53167724609375
1772621160.5189087,1555,-142.4988555908203
1772621161.4779363,1556,-106.26629638671875
1772621163.723059,1557,-112.7075424194336
1772621165.9881873,1558,-109.39373016357422
1772621173.6461458,1559,-141.89540100097656
1772621177.1689396,1560,-116.86390686035156
1772621177.491356,1561,-100.24190521240234
1772621178.3209453,1562,-106.99278259277344
1772621179.3573267,1563,-111.99740600585938
1772621185.8622715,1564,-161.603515625
1772621189.9249907,1565,-132.5146484375
1772621190.8198864,1566,-105.71586608886719
1772621191.8984206,1567,-104.64002227783203
1772621195.982217,1568,-123.9189224243164
1772621198.373468,1569,-112.77406311035156
1772621202.1308582,1570,-135.2452850341797
1772621203.7256422,1571,-109.48436737060547
1772621208.8612146,1572,-156.08843994140625
1772621210.929091,1573,-116.54784393310547
1772621212.6662266,1574,-108.71084594726562
1772621213.462992,1575,-107.85454559326172
1772621214.2120926,1576,-102.2236099243164
1772621215.7322822,1577,-102.78543090820312
1772621219.2267194,1578,-116.55862426757812
1772621220.1560814,1579,-104.73722076416016
1772621224.3368592,1580,-132.97164916992188
1772621227.7281404,1581,-117.85131072998047
1772621230.930639,1582,-119.45103454589844
1772621232.909208,1583,-108.8788070678711
1772621241.892068,1584,-152.50848388671875
1772621244.750196,1585,-117.54669952392578
1772621256.8362172,1586,-178.24363708496094
1772621265.0920484,1587,-146.31849670410156
1772621267.2139482,1588,-110.95535278320312
1772621267.7411876,1589,-102.24077606201172
1772621272.517242,1590,-139.90830993652344
1772621274.6282105,1591,-107.15650177001953
1772621277.4550972,1592,-116.70899200439453
1772621286.603979,1593,-152.9950714111328
1772621291.0772514,1594,-130.246826171875
1772621294.3417125,1595,-129.995849609375
1772621296.0162654,1596,-112.63629913330078
1772621438.3755052,1597,-15.748358726501465
1772621440.9789348,1598,-114.4554443359375
1772621445.3222232,1599,-124.5317153930664
1772621445.689311,1600,-100.40010070800781
1772621447.187132,1601,-113.63313293457031
1772621448.1535616,1602,-111.75505828857422
1772621456.3505983,1603,-177.92190551757812
1772621463.197056,1604,-145.25157165527344
1772621464.262084,1605,-104.74752044677734
1772621468.6867251,1606,-145.8745880126953
1772621470.1702585,1607,-104.61468505859375
1772621477.1656156,1608,-134.08840942382812
1772621479.5999784,1609,-112.76168823242188
1772621481.0469296,1610,-105.16840362548828
1772621483.773384,1611,-112.49874114990234
1772621491.1315148,1612,-175.183349609375
1772621491.8782187,1613,-102.95613861083984
1772621504.5933971,1614,-75.00688171386719
1772621507.8785393,1615,-112.46765899658203
1772621511.068214,1616,-115.56277465820312
1772621514.9399347,1617,-126.9278335571289
1772621518.40312,1618,-112.22940063476562
1772621522.4290736,1619,-127.00989532470703
1772621527.4639578,1620,-136.33023071289062
1772621531.312913,1621,-25.172847747802734
1772621536.7111447,1622,-154.901123046875
1772621537.1785607,1623,-101.14246368408203
1772621537.968225,1624,-107.62129211425781
1772621543.3706386,1625,-133.13856506347656
1772621547.6340134,1626,-121.7525634765625
1772621550.7052536,1627,-14.854762077331543
1772621554.744953,1628,-125.4524917602539
1772621555.5891628,1629,-103.55999755859375
1772621556.6213336,1630,-109.45062255859375
1772621560.922644,1631,-130.74203491210938
1772621563.7102022,1632,-126.72992706298828
1772621566.5078878,1633,-116.02471923828125
1772621570.0312507,1634,-120.36404418945312
1772621572.7001474,1635,-115.76090240478516
1772621575.803046,1636,-115.76520538330078
1772621577.2201889,1637,-109.88570404052734
1772621581.8703835,1638,-139.80441284179688
1772621583.9742632,1639,-109.55944061279297
1772621589.230114,1640,-139.894775390625
1772621591.312126,1641,-111.51261901855469
1772621600.9421225,1642,15.830655097961426
1772621611.3769984,1643,-170.22950744628906
1772621612.6684227,1644,-108.66759490966797
1772621619.3736897,1645,-139.83737182617188
1772621619.8220553,1646,-100.0
1772621622.72408,1647,-15.701939582824707
1772621631.6846485,1648,-169.23898315429688
1772621632.3395326,1649,-101.04178619384766
1772621633.6711075,1650,-104.39324951171875
1772621638.6615074,1651,-124.3272933959961
1772621642.5900183,1652,-127.7002944946289
1772621645.4195025,1653,-114.4069595336914
1772621657.1653104,1654,-111.25055694580078
1772621659.1331205,1655,-109.43781280517578
1772621664.7315166,1656,-45.336212158203125
1772621666.4671595,1657,-115.18218994140625
1772621671.8217428,1658,-137.52708435058594
1772621672.6703959,1659,-105.36713409423828
1772621673.316208,1660,-101.43385314941406
1772621673.4591055,1661,-100.0
1772621675.6769524,1662,-115.2479248046875
1772621682.156943,1663,-133.5697021484375
1772621692.3252,1664,-168.9110107421875
1772621694.4491313,1665,-107.62381744384766
1772621698.9722931,1666,-127.77753448486328
1772621700.237992,1667,-111.36260986328125
1772621704.8668737,1668,-123.7464828491211
1772621706.0759778,1669,-106.75086212158203
1772621712.859374,1670,-132.87583923339844
1772621713.6913574,1671,-105.21624755859375
1772621717.4440658,1672,-118.31794738769531
1772621717.7419162,1673,-100.0
1772621717.8606734,1674,-100.0
1772621720.859071,1675,-127.45641326904297
1772621723.185633,1676,-122.15605163574219
1772621726.31224,1677,-131.03399658203125
1772621726.6701188,1678,-100.75180053710938
1772621731.8141274,1679,-130.0828094482422
1772621908.7438848,1680,-103.72763061523438
1772621912.658886,1681,-139.82183837890625
1772621915.404769,1682,-122.5208511352539
1772621917.806415,1683,-125.09952545166016
1772621919.4630384,1684,-108.93575286865234
1772621920.3240275,1685,-105.39013671875
1772621920.7838674,1686,-102.558837890625
1772621926.1411586,1687,-126.67523193359375
1772621928.7719662,1688,-110.49063110351562
1772621929.1156156,1689,-101.31941986083984
1772621930.7150345,1690,-108.4073486328125
1772621934.1101656,1691,-129.3622283935547
1772621934.5541217,1692,-101.19171142578125
1772621942.054106,1693,-143.91793823242188
1772621942.7020931,1694,-102.01872253417969
1772621944.9351232,1695,-114.73035430908203
1772621947.5902255,1696,-116.55545043945312
1772621948.2131245,1697,-104.6147232055664
1772621948.8463953,1698,-107.48534393310547
1772621949.8698416,1699,-113.36693572998047
1772621952.6890326,1700,-117.66493225097656
1772621958.6731853,1701,-127.010009765625
1772621962.5359592,1702,-132.51441955566406
1772621969.402133,1703,-136.09999084472656
1772621971.4832764,1704,-109.0619125366211
1772621971.6830351,1705,-100.0
1772621983.1880634,1706,-87.50516510009766
1772621988.6750546,1707,-128.04837036132812
1772621992.6051536,1708,-130.31631469726562
1772621992.957596,1709,-100.4239730834961
1772622000.8478363,1710,-139.02528381347656
1772622005.809021,1711,-147.02810668945312
1772622011.7301018,1712,-136.4847412109375
1772622013.8180342,1713,-111.38433837890625
1772622018.7363963,1714,-39.69118118286133
1772622022.4600103,1715,-21.146549224853516
1772622023.0675972,1716,-101.66682434082031
1772622023.4810371,1717,-101.80181121826172
1772622025.1662626,1718,-111.01034545898438
1772622032.901136,1719,-153.145751953125
1772622033.4456425,1720,-100.68221282958984
1772622036.0901537,1721,-112.92655944824219
1772622036.331656,1722,-100.0
1772622039.2047894,1723,-118.2716293334961
1772622044.195987,1724,-124.57098388671875
1772622047.4082189,1725,-18.867902755737305
1772622055.3747113,1726,-155.19261169433594
1772622055.9635708,1727,-101.10957336425781
1772622064.3231626,1728,-173.98846435546875
1772622070.2678673,1729,-153.72171020507812
1772622071.6842732,1730,-103.70185852050781
1772622075.1292748,1731,-117.32945251464844
1772622077.4033215,1732,-118.85121154785156
1772622079.7896883,1733,-126.42860412597656
1772622084.8927333,1734,-129.5702362060547
1772622086.0730026,1735,-101.95816802978516
1772622088.0507805,1736,-117.74270629882812
1772622093.2432518,1737,-130.1817169189453
1772622095.7623532,1738,-112.18658447265625
1772622096.1483822,1739,-102.16414642333984
1772622098.0433316,1740,-117.97525787353516
1772622105.0110328,1741,-139.73280334472656
1772622106.8815916,1742,-116.69332122802734
1772622109.6811528,1743,-115.60820007324219
1772622115.4930959,1744,-133.01190185546875
1772622117.1815886,1745,-104.39070129394531
1772622120.626969,1746,-115.28231811523438
1772622121.0704918,1747,-101.1773452758789
1772622131.354209,1748,-168.20851135253906
1772622135.2680466,1749,-29.678077697753906
1772622144.23883,1750,-161.71749877929688
1772622153.3494241,1751,-164.0832977294922
1772622153.911371,1752,-100.0
1772622154.8602633,1753,-104.46492767333984
1772622158.2358541,1754,-120.37332916259766
1772622158.620134,1755,-100.9354019165039
1772622163.4132304,1756,-131.9779052734375
1772622165.5841398,1757,-114.29043579101562
1772622173.9140954,1758,-174.87469482421875
1772622180.3793995,1759,-59.29562759399414
1772622183.588085,1760,-31.14430046081543
1772622188.5368376,1761,-133.38658142089844
1772622188.910121,1762,-100.46563720703125
1772622192.229906,1763,-123.66299438476562
1772622195.6860375,1764,-18.649688720703125
1772622197.1338382,1765,-108.5509033203125
1772622202.611508,1766,-150.67654418945312
1772622322.4748478,1767,-112.94042205810547
1772622326.3840492,1768,-130.8686981201172
1772622336.496225,1769,-206.54574584960938
1772622337.914095,1770,-105.46212005615234
1772622339.4103255,1771,-108.01228332519531
1772622339.701393,1772,-101.18949890136719
1772622341.8619955,1773,-120.70868682861328
1772622347.3353674,1774,-145.22018432617188
1772622348.1010506,1775,-103.15076446533203
1772622348.5091586,1776,-102.78781127929688
1772622350.8852103,1777,-120.17062377929688
1772622353.1450775,1778,-117.83146667480469
1772622360.921208,1779,-160.4882354736328
1772622363.8163364,1780,-112.26899719238281
1772622369.91463,1781,-139.17953491210938
1772622374.926437,1782,-124.74449157714844
1772622380.5322275,1783,-153.86138916015625
1772622384.2499208,1784,-127.13539123535156
1772622385.8432977,1785,-111.84925079345703
1772622388.4001875,1786,-118.58458709716797
1772622389.9021256,1787,-111.115966796875
1772622394.341777,1788,-125.13919067382812
1772622394.8343987,1789,-101.0697021484375
1772622395.1730578,1790,-101.53167724609375
1772622400.0271232,1791,-136.1396942138672
1772622403.5020735,1792,-112.12423706054688
1772622403.7582328,1793,-100.0
1772622404.252044,1794,-104.43995666503906
1772622405.6818368,1795,-108.7028579711914
1772622414.0564106,1796,-154.40890502929688
1772622418.193338,1797,-129.89039611816406
1772622419.0274396,1798,-102.12812805175781
1772622428.601866,1799,-157.1011505126953
1772622433.875631,1800,-137.3796844482422
1772622436.7502787,1801,-115.5155258178711
1772622438.8221138,1802,-106.67572784423828
1772622442.7867837,1803,-118.56060028076172
1772622443.634107,1804,-104.75189208984375
1772622446.9091976,1805,-124.70841217041016
1772622449.0858455,1806,-110.76124572753906
1772622450.894496,1807,-104.35225677490234
1772622451.6129446,1808,-103.31571197509766
1772622453.4262824,1809,-107.04808044433594
1772622458.843195,1810,-127.10829162597656
1772622459.431228,1811,-100.52033233642578
1772622459.5666435,1812,-100.0
1772622462.542417,1813,-17.200803756713867
1772622463.3545728,1814,-101.27461242675781
1772622463.5021365,1815,-100.0
1772622468.0773296,1816,-156.9599609375
1772622468.8453531,1817,-106.36467742919922
1772622470.58881,1818,-103.55835723876953
1772622475.422487,1819,-125.86953735351562
1772622475.8222187,1820,-100.50670623779297
1772622483.045161,1821,-50.51355743408203
1772622483.6111398,1822,-100.4189682006836
1772622484.3982694,1823,-108.76068115234375
1772622484.6998632,1824,-101.44857025146484
1772622485.31794,1825,-105.03013610839844
1772622487.495971,1826,-120.01525115966797
1772622492.6782866,1827,-136.8140106201172
1772622493.5842946,1828,-101.94151306152344
1772622495.4635992,1829,-115.65904235839844
1772622495.7783735,1830,-100.79129791259766
1772622498.0296824,1831,-122.35670471191406
1772622498.8620741,1832,-102.66344451904297
1772622501.9991846,1833,-132.73912048339844
1772622504.6224353,1834,-125.87367248535156
1772622510.6185448,1835,-63.53781509399414
1772622515.1949632,1836,-136.7897186279297
1772622516.1323967,1837,-104.66634368896484
1772622517.1551003,1838,-105.68919372558594
1772622517.371036,1839,-100.4647216796875
1772622517.4872696,1840,-100.0
1772622518.4370313,1841,-107.27630615234375
1772622522.0948358,1842,-139.7186279296875
1772622525.5221455,1843,-28.734394073486328
1772622528.4019248,1844,-112.885009765625
1772622531.598094,1845,-117.02232360839844
1772622540.0488763,1846,-159.31369018554688
1772622540.829059,1847,-103.98678588867188
1772622540.966811,1848,-100.0
1772622547.0855284,1849,-160.9671173095703
1772622549.5222845,1850,-122.49188995361328
1772622554.9894862,1851,-35.18975830078125
1772622561.5497262,1852,-141.36305236816406
1772622570.630591,1853,-146.53875732421875
1772622573.2319927,1854,-122.31361389160156
1772622576.6582034,1855,-134.84271240234375
1772622579.7395866,1856,-117.73661804199219
1772622580.1012402,1857,-100.80177307128906
1772622597.0953193,1858,-218.2250518798828
1772622600.9018524,1859,-122.77617645263672
1772622601.602672,1860,-101.68643951416016
1772622603.333337,1861,-110.63030242919922
1772622606.701342,1862,-129.2921600341797
1772622607.0742006,1863,-100.78952026367188
1772622608.9392574,1864,-119.14339447021484
1772622612.6038651,1865,-119.73480224609375
1772622618.4363155,1866,-136.4104461669922
1772622752.6983209,1867,-100.69890594482422
1772622754.9832234,1868,-110.84857177734375
1772622765.8089902,1869,-175.53660583496094
1772622771.5702264,1870,-157.80747985839844
1772622774.8647473,1871,-117.20948791503906
1772622782.650424,1872,-142.4569854736328
1772622784.7501938,1873,-115.03163146972656
1772622785.108243,1874,-101.23714447021484
1772622787.4384103,1875,-115.51841735839844
1772622787.9415226,1876,-101.7874526977539
1772622788.1865096,1877,-101.45018768310547
1772622788.8522944,1878,-105.00289916992188
1772622789.8375883,1879,-107.44831848144531
1772622794.2760756,1880,-140.1392059326172
1772622795.3341117,1881,-105.58525848388672
1772622795.4921346,1882,-100.0
1772622796.8282151,1883,-108.41259765625
1772622798.444001,1884,-106.61922454833984
1772622798.9072595,1885,-101.0610580444336
1772622800.2091594,1886,-108.66160583496094
1772622800.9323516,1887,-104.15133666992188
1772622803.2778826,1888,-108.59695434570312
1772622805.113916,1889,-109.37083435058594
1772622805.3173628,1890,-100.0
1772622809.902491,1891,-130.36573791503906
1772622811.012427,1892,-106.02923583984375
1772622818.619114,1893,-159.0128173828125
1772622819.6442418,1894,-105.30459594726562
1772622821.1811664,1895,-115.85151672363281
1772622826.221736,1896,-140.275390625
1772622831.0890555,1897,-126.60381317138672
1772622834.2120538,1898,-13.151537895202637
1772622841.3481286,1899,-153.05250549316406
1772622844.3339067,1900,-123.59915924072266
1772622845.9060938,1901,-113.61112976074219
1772622862.0021708,1902,-109.72517395019531
1772622867.2779608,1903,-124.45235443115234
1772622870.4040282,1904,-21.175823211669922
1772622873.8749275,1905,-117.8379135131836
1772622874.35645,1906,-101.34527587890625
1772622878.5545857,1907,-151.2466278076172
1772622882.0541382,1908,-121.89189147949219
1772622882.4123333,1909,-100.69429779052734
1772622882.75738,1910,-101.35465240478516
1772622883.5570416,1911,-106.61646270751953
1772622883.764055,1912,-100.16552734375
1772622884.9962022,1913,-115.31369018554688
1772622885.167486,1914,-100.0
1772622901.0429423,1915,-218.78189086914062
1772622908.4302645,1916,-159.7247772216797
1772622913.145227,1917,-134.6347198486328
1772622917.4464288,1918,-30.33057975769043
1772622917.7641592,1919,-100.0
1772622919.2823477,1920,-106.7353744506836
1772622926.158225,1921,-149.13336181640625
1772622931.7711103,1922,-142.11883544921875
1772622932.7551672,1923,-103.14122772216797
1772622934.7983124,1924,-118.26262664794922
1772622936.7421932,1925,-117.70220947265625
1772622938.1814024,1926,-103.13858795166016
1772622945.0501385,1927,-152.0499267578125
1772622952.4957597,1928,-163.57760620117188
1772622955.6679764,1929,-115.40845489501953
1772622958.6822178,1930,-20.73390007019043
1772622962.9793708,1931,-130.89776611328125
1772622963.4706647,1932,-100.86670684814453
1772622965.786258,1933,-123.70189666748047
1772622971.0252602,1934,-29.724166870117188
1772622976.0162504,1935,-130.5880889892578
1772622979.504925,1936,-123.52715301513672
1772622979.9490855,1937,-102.22271728515625
1772622981.171085,1938,-104.5774154663086
1772622983.4721053,1939,-110.81858825683594
1772622983.9008284,1940,-100.92960357666016
1772622985.91722,1941,-118.41572570800781
1772622986.1896052,1942,-100.50096130371094
1772622987.3030496,1943,-111.60858917236328
1772622990.8058233,1944,-122.27227020263672
1772622994.2582161,1945,-114.2347183227539
1772622995.6321893,1946,-105.59919738769531
1772622998.7012172,1947,-131.9876251220703
1772622999.8351188,1948,-107.63448333740234
1772623004.4730823,1949,-150.01617431640625
1772623004.8482096,1950,-100.40764617919922
1772623005.6820297,1951,-105.9189682006836
1772623005.838268,1952,-100.0
1772623008.1020749,1953,-113.4485092163086
1772623019.0121284,1954,-153.25057983398438
1772623019.6622276,1955,-100.340576171875
1772623020.9332616,1956,-106.3851547241211
1772623027.6991045,1957,-146.08938598632812
1772623034.6374445,1958,-136.57794189453125
1772623259.5984476,1959,-57.31593322753906
1772623260.2611692,1960,-100.6559829711914
1772623260.5580933,1961,-102.33537292480469
1772623264.6230705,1962,-21.717084884643555
1772623266.129157,1963,-105.4188003540039
1772623267.1866841,1964,-105.90446472167969
1772623268.5160263,1965,-108.12854766845703
1772623270.2140856,1966,-108.75321197509766
1772623272.444142,1967,-122.60392761230469
1772623283.7253475,1968,-159.6051483154297
1772623292.782159,1969,-50.40872573852539
1772623296.7652624,1970,-114.77537536621094
1772623300.7854793,1971,-138.2241973876953
1772623303.0258472,1972,-119.66067504882812
1772623303.8872144,1973,-103.67450714111328
1772623306.629961,1974,-115.89669799804688
1772623312.3080304,1975,-54.22001266479492
1772623315.4309397,1976,-121.45936584472656
1772623318.3183215,1977,-124.78750610351562
1772623320.2035613,1978,-113.93072509765625
1772623320.3983572,1979,-100.0
1772623323.761489,1980,-119.7334976196289
1772623335.6980526,1981,-185.36106872558594
1772623338.9303255,1982,-120.16496276855469
1772623343.5770383,1983,-139.839599609375
1772623347.0837147,1984,-123.47589111328125
1772623353.1656559,1985,-144.194091796875
1772623356.8691087,1986,-121.19942474365234
1772623358.428364,1987,-106.8537826538086
1772623360.2297862,1988,-109.86722564697266
1772623361.9691172,1989,-118.01886749267578
1772623364.4850273,1990,-126.3621597290039
1772623366.6832604,1991,-110.330810546875
1772623367.9933102,1992,-112.40640258789062
1772623370.2441826,1993,-124.994873046875
1772623374.062128,1994,-121.08671569824219
1772623374.3966854,1995,-100.20861053466797
1772623374.6281366,1996,-100.85828399658203
1772623377.403202,1997,-125.28121948242188
1772623377.9252198,1998,-102.39248657226562
1772623380.1491284,1999,-122.99720764160156
1772623382.258284,2000,-116.16106414794922
1772623383.932882,2001,-108.34650421142578
1772623390.1690648,2002,-141.9016571044922
1772623392.2293463,2003,-107.87413024902344
1772623393.8720427,2004,-115.99127197265625
1772623394.4981182,2005,-103.25714111328125
1772623396.9021394,2006,-114.1030502319336
1772623399.0037618,2007,-119.46672058105469
1772623399.9207406,2008,-104.01236724853516
1772623400.6221313,2009,-105.128662109375
1772623405.841116,2010,-130.54344177246094
1772623407.065883,2011,-108.14374542236328
1772623412.966593,2012,-153.53713989257812
1772623417.1360776,2013,-125.90167999267578
1772623417.988211,2014,-103.02655029296875
1772623420.557774,2015,-121.8955307006836
1772623422.5540934,2016,-112.4467544555664
1772623424.3151603,2017,-116.21746063232422
1772623429.369271,2018,-136.5192413330078
1772623433.245262,2019,-120.69874572753906
1772623438.3645127,2020,-135.19309997558594
1772623441.6542878,2021,-23.760704040527344
1772623443.8573487,2022,-114.88802337646484
1772623447.7293522,2023,-24.971567153930664
1772623453.2942498,2024,-148.0396270751953
1772623457.8832145,2025,-130.12973022460938
1772623458.3700733,2026,-102.19654846191406
1772623468.9152076,2027,-163.8505096435547
1772623473.499156,2028,-143.15057373046875
1772623473.8057961,2029,-100.0
1772623475.85459,2030,-116.51841735839844
1772623479.274822,2031,-123.08798217773438
1772623485.953218,2032,-134.8247528076172
1772623486.8199995,2033,-102.7712631225586
1772623488.563121,2034,-120.49201202392578
1772623490.6809976,2035,-114.80573272705078
1772623498.0442228,2036,-141.8566131591797
1772623499.4865885,2037,-105.96261596679688
1772623504.701547,2038,-148.26283264160156
1772623507.837169,2039,-11.460820198059082
1772623510.1901796,2040,-109.56914520263672
1772623511.3001232,2041,-103.44971466064453
1772623513.082422,2042,-103.75304412841797
1772623515.1951425,2043,-115.82898712158203
1772623518.0754826,2044,-110.3814926147461
1772623522.5350275,2045,-141.69874572753906
1772623527.6549058,2046,-132.8361358642578
1772623530.215133,2047,-115.85787200927734
1772623531.604229,2048,-108.3565673828125
1772623534.678934,2049,-121.57470703125
1772623536.4549766,2050,-110.3104476928711
1772623538.807155,2051,-111.13508605957031
1772623549.9056668,2052,-182.8989715576172
1772623703.7745554,2053,-135.44781494140625
1772623704.0362227,2054,-100.0
1772623715.0470548,2055,-192.48858642578125
1772623722.4142716,2056,-184.00938415527344
1772623724.181073,2057,-112.99446868896484
1772623724.365751,2058,-100.0
1772623732.6346693,2059,-143.57870483398438
1772623734.7688377,2060,-113.55675506591797
1772623736.8912642,2061,-114.1346435546875
1772623741.1142507,2062,-146.7132110595703
1772623743.7602217,2063,-114.06961822509766
1772623745.29352,2064,-111.20000457763672
1772623752.6270728,2065,-149.2989501953125
1772623757.6142251,2066,-30.188249588012695
1772623758.0978365,2067,-100.86924743652344
1772623763.4735262,2068,-45.82643127441406
1772623765.8109918,2069,-113.95966339111328
1772623767.7260714,2070,-114.11980438232422
1772623772.123952,2071,-131.54629516601562
1772623773.0520413,2072,-104.04765319824219
1772623778.2421186,2073,-133.2696990966797
1772623780.173488,2074,-110.87332153320312
1772623781.5611863,2075,-110.8791732788086
1772623781.9040458,2076,-102.42985534667969
1772623785.542188,2077,-122.77044677734375
1772623787.2604015,2078,-109.92205047607422
1772623793.1092699,2079,-148.6347198486328
1772623795.086071,2080,-116.86577606201172
1772623798.212043,2081,-19.655385971069336
1772623806.8026009,2082,-154.44601440429688
1772623817.1914508,2083,-70.45378875732422
1772623817.912512,2084,-101.44560241699219
1772623819.1494868,2085,-108.09782409667969
1772623821.8600998,2086,-116.43689727783203
1772623822.9837122,2087,-107.49961853027344
1772623826.1898882,2088,-31.520837783813477
1772623827.879269,2089,-107.27596282958984
1772623845.2400558,2090,-225.1180419921875
1772623847.5161943,2091,-110.75961303710938
1772623851.997252,2092,-123.16897583007812
1772623854.5851972,2093,-109.86003875732422
1772623854.8063135,2094,-100.0
1772623858.1231425,2095,-124.04049682617188
1772623861.1565728,2096,-14.465019226074219
1772623863.3471088,2097,-110.19276428222656
1772623864.6026442,2098,-110.40508270263672
1772623869.860127,2099,-141.19631958007812
1772623870.3201928,2100,-101.34647369384766
1772623877.682129,2101,-136.13279724121094
1772623887.5563035,2102,-91.71466064453125
1772623890.7665238,2103,-115.54495239257812
1772623891.2831676,2104,-103.10770416259766
1772623893.3395715,2105,-110.86833190917969
1772623893.5503247,2106,-100.0
1772623895.4421313,2107,-105.73652648925781
1772623900.050259,2108,-130.6418914794922
1772623901.1950126,2109,-104.79991149902344
1772623902.336127,2110,-110.02473449707031
1772623905.8920357,2111,-20.219345092773438
1772623918.6309264,2112,-191.8513641357422
1772623920.5290961,2113,-104.99439239501953
1772623921.530202,2114,-105.99310302734375
1772623922.2432508,2115,-103.43221282958984
1772623926.8301659,2116,-129.56712341308594
1772623928.0479043,2117,-112.3393325805664
1772623933.4560926,2118,-38.428428649902344
1772623934.769005,2119,-103.9080581665039
1772623936.429399,2120,-108.92424774169922
1772623936.7843335,2121,-101.56439208984375
1772623937.1821408,2122,-102.34986877441406
1772623944.7729998,2123,-174.5582733154297
1772623949.1160588,2124,-119.88973999023438
1772623950.522161,2125,-107.65089416503906
1772623958.2151463,2126,-147.51632690429688
1772623984.9951434,2127,-194.5299530029297
1772623989.4333258,2128,-118.20536041259766
1772623992.1959934,2129,-114.71923828125
1772624157.1248178,2130,-140.15219116210938
1772624164.0201454,2131,-152.01048278808594
1772624169.1240473,2132,-131.66622924804688
1772624175.986088,2133,-156.83450317382812
1772624178.5151112,2134,-116.61714935302734
1772624182.1635528,2135,-126.72483825683594
1772624186.7471907,2136,-30.038427352905273
1772624195.791291,2137,-80.40559387207031
1772624201.0312977,2138,-45.289588928222656
1772624201.425282,2139,-100.0
1772624203.5912843,2140,-119.75723266601562
1772624203.8774085,2141,-100.50755310058594
1772624204.1130624,2142,-100.77802276611328
1772624207.5637767,2143,-135.3739013671875
1772624208.7817836,2144,-110.9745101928711
1772624211.5637875,2145,-113.37271118164062
1772624212.0161626,2146,-102.38794708251953
1772624212.4202223,2147,-100.55486297607422
1772624216.484165,2148,-121.13822937011719
1772624216.8052719,2149,-100.0
1772624218.9718664,2150,-118.13573455810547
1772624232.6270025,2151,-203.2549285888672
1772624236.0700877,2152,-122.4605712890625
1772624248.146063,2153,-217.35520935058594
1772624252.012702,2154,-20.118419647216797
1772624254.1710405,2155,-113.73365020751953
1772624256.4311218,2156,-115.27876281738281
1772624258.031232,2157,-107.81095886230469
1772624263.909061,2158,-151.45477294921875
1772624267.057945,2159,-130.73458862304688
1772624274.9161491,2160,-174.0572052001953
1772624276.4521585,2161,-109.11554718017578
1772624282.2886205,2162,-134.10537719726562
1772624282.739168,2163,-100.69454956054688
1772624283.3893323,2164,-101.6083755493164
1772624287.3470428,2165,-128.18063354492188
1772624290.8820896,2166,-123.02346801757812
1772624292.2091143,2167,-107.60159301757812
1772624298.3292694,2168,-134.49327087402344
1772624298.7092788,2169,-100.0
1772624303.4841278,2170,-129.25967407226562
1772624305.0741003,2171,-104.8323745727539
1772624305.254221,2172,-100.0
1772624307.4530425,2173,-113.50809478759766
1772624314.9160862,2174,-146.60379028320312
1772624315.545064,2175,-100.4080810546875
1772624320.9880521,2176,-150.36093139648438
1772624321.3692417,2177,-100.0
1772624321.5397952,2178,-100.66411590576172
1772624326.6093566,2179,-57.65755844116211
1772624327.6104608,2180,-103.12052917480469
1772624330.438029,2181,-114.49943542480469
1772624336.0785377,2182,-139.00807189941406
1772624337.8842332,2183,-110.07304382324219
1772624339.9001303,2184,-120.29125213623047
1772624340.8927522,2185,-106.78982543945312
1772624346.9940746,2186,-130.21182250976562
1772624349.2622473,2187,-111.32732391357422
1772624351.172349,2188,-112.38545989990234
1772624360.4107027,2189,-175.25762939453125
1772624361.030165,2190,-100.5999984741211
1772624361.1491678,2191,-100.0
1772624368.9422503,2192,-151.99229431152344
1772624371.8270721,2193,-111.25178527832031
1772624380.1470897,2194,-156.32138061523438
1772624380.8403099,2195,-101.2235107421875
1772624386.3620918,2196,-47.75172424316406
1772624392.3169863,2197,-154.5693817138672
1772624400.4659553,2198,-153.60867309570312
1772624406.3951123,2199,-133.3557891845703
1772624406.8211615,2200,-100.51374816894531
1772624408.7180855,2201,-113.91079711914062
1772624411.8537545,2202,-114.54422760009766
1772624412.3910382,2203,-102.86270141601562
1772624412.6910653,2204,-101.31912994384766
1772624416.7730994,2205,-125.59281921386719
1772624417.1473799,2206,-100.24195861816406
1772624423.7319286,2207,-132.34628295898438
1772624424.1750348,2208,-100.0
1772624425.7670186,2209,-107.8143310546875
1772624426.1820984,2210,-101.10238647460938
1772624426.3158429,2211,-100.0
1772624429.437843,2212,-117.6666259765625
1772624436.651606,2213,-140.11151123046875
1772624440.818562,2214,-131.9810791015625
1772624443.2875135,2215,-116.67884826660156
1772624444.9480522,2216,-110.4498519897461
1772624445.189227,2217,-100.35052490234375
1772624453.8065183,2218,-154.438720703125
1772624560.5891082,2219,-132.11241149902344
1772624566.5753012,2220,-137.28932189941406
1772624569.7583404,2221,-16.525650024414062
1772624572.4859352,2222,-117.73626708984375
1772624576.2599142,2223,-130.552001953125
1772624581.861832,2224,-150.1820526123047
1772624586.564157,2225,-128.3191680908203
1772624588.0021896,2226,-106.16596984863281
1772624590.9399776,2227,-134.0059814453125
1772624594.2648776,2228,-124.8652572631836
1772624601.0063453,2229,-145.1634979248047
1772624604.836126,2230,-124.84210205078125
1772624606.3497367,2231,-109.3539047241211
1772624612.420863,2232,-140.96475219726562
1772624617.5208013,2233,-147.08328247070312
1772624620.0620084,2234,-123.90217590332031
1772624620.3344185,2235,-100.62059783935547
1772624625.3061404,2236,-130.27967834472656
1772624629.1602755,2237,-16.577831268310547
1772624632.6025019,2238,-117.25733184814453
1772624635.6970172,2239,-124.24362182617188
1772624635.9494233,2240,-100.0
1772624636.894142,2241,-103.9184799194336
1772624641.0053158,2242,-119.42012023925781
1772624644.0923507,2243,-132.18113708496094
1772624646.9791117,2244,-126.2978286743164
1772624652.3702927,2245,-130.70474243164062
1772624659.1720908,2246,-34.44979476928711
1772624666.0023117,2247,-144.212158203125
1772624667.4122036,2248,-112.78229522705078
1772624672.2376676,2249,-25.75266456604004
1772624674.8614073,2250,-117.36174774169922
1772624678.0536635,2251,-122.7470703125
1772624682.2610252,2252,-142.15187072753906
1772624688.980217,2253,-143.9946746826172
1772624692.993068,2254,-21.919687271118164
1772624697.742246,2255,-140.84596252441406
1772624698.0839033,2256,-100.0
1772624703.5023263,2257,-137.4611053466797
1772624705.9261148,2258,-114.45015716552734
1772624708.083172,2259,-107.81294250488281
1772624708.8495238,2260,-101.85961151123047
1772624712.2282557,2261,-129.92080688476562
1772624712.8901834,2262,-103.97749328613281
1772624719.4934423,2263,-48.233524322509766
1772624720.6567702,2264,-102.89435577392578
1772624723.6771562,2265,-23.88421630859375
1772624728.6758842,2266,-30.10301971435547
1772624735.7100856,2267,-153.6685791015625
1772624741.8432508,2268,-55.78396224975586
1772624744.1030872,2269,-113.3285140991211
1772624750.3001888,2270,-132.1025848388672
1772624752.6981933,2271,-115.52765655517578
1772624752.974291,2272,-100.49168395996094
1772624754.034456,2273,-112.73980712890625
1772624759.5566669,2274,-122.38773345947266
1772624760.165066,2275,-100.66897583007812
1772624763.66515,2276,-132.15896606445312
1772624765.444352,2277,-108.82389068603516
1772624770.7141492,2278,-137.57464599609375
1772624774.1479883,2279,-118.98172760009766
1772624774.5868137,2280,-101.18914031982422
1772624775.091042,2281,-104.45792388916016
1772624782.1512575,2282,-171.29110717773438
1772624786.8852878,2283,-133.00448608398438
1772624789.3798416,2284,-122.96305847167969
1772624791.036027,2285,-106.46504974365234
1772624798.254554,2286,-137.0084686279297
1772624805.7771366,2287,-153.91824340820312
1772624808.0260863,2288,-115.07808685302734
1772624808.4023964,2289,-100.71072387695312
1772624809.4124272,2290,-104.70611572265625
1772624811.256189,2291,-108.09728240966797
1772624813.6887023,2292,-115.95175170898438
1772624813.90742,2293,-100.0
1772624815.693792,2294,-114.29767608642578
1772624827.5983257,2295,-232.6279754638672
1772624830.0663037,2296,-109.70464324951172
1772624830.4463873,2297,-101.70186614990234
1772624835.4200275,2298,-148.43406677246094
1772624841.2842216,2299,-62.09016799926758
1772624847.469794,2300,-135.1982421875
1772625043.675187,2301,-27.800748825073242
1772625043.9229972,2302,-100.0
1772625047.3576312,2303,-133.37344360351562
1772625049.8521304,2304,-112.05574798583984
1772625052.880962,2305,-11.92142391204834
1772625053.2983546,2306,-101.23766326904297
1772625060.5623808,2307,-150.782958984375
1772625071.4955182,2308,-49.74156188964844
1772625072.6695714,2309,-104.57077026367188
1772625073.8600724,2310,-108.79854583740234
1772625078.2239852,2311,-143.7388153076172
1772625080.1350024,2312,-111.84185028076172
1772625081.923024,2313,-116.86676025390625
1772625088.92432,2314,-150.7676544189453
1772625093.277782,2315,-123.87266540527344
1772625093.5722032,2316,-100.0
1772625096.6360364,2317,-130.6948699951172
1772625096.988536,2318,-100.44465637207031
1772625108.4751668,2319,-166.89456176757812
1772625113.597011,2320,-142.57608032226562
1772625115.1955943,2321,-106.78461456298828
1772625134.9072516,2322,-225.8494415283203
1772625143.5461972,2323,-54.33543395996094
1772625144.2720752,2324,-101.00167083740234
1772625149.9591131,2325,-138.45155334472656
1772625157.312185,2326,-142.3530731201172
1772625158.781438,2327,-105.84483337402344
1772625162.7910595,2328,-120.38763427734375
1772625164.7613134,2329,-115.1806411743164
1772625169.6042554,2330,-34.9300422668457
1772625175.15029,2331,-147.83547973632812
1772625185.5496018,2332,-184.58729553222656
1772625187.5151646,2333,-105.0104751586914
1772625191.995344,2334,-33.24755859375
1772625196.475079,2335,-32.16771697998047
1772625200.3883097,2336,-123.26939392089844
1772625202.9719658,2337,-110.56781768798828
1772625203.5395114,2338,-104.77613067626953
1772625215.6004364,2339,-192.4498748779297
1772625216.4214854,2340,-101.10747528076172
1772625223.9730587,2341,-148.04421997070312
1772625225.3576167,2342,-102.48406982421875
1772625226.3532531,2343,-107.39274597167969
1772625226.7342954,2344,-100.90853118896484
1772625234.065128,2345,-128.35543823242188
1772625238.6703382,2346,-31.878389358520508
1772625243.0923173,2347,-145.08653259277344
1772625247.2598655,2348,-119.88197326660156
1772625263.6979702,2349,-84.64936828613281
1772625264.5807958,2350,-100.0
1772625264.9807556,2351,-102.52278900146484
1772625266.6202922,2352,-110.99396514892578
1772625269.6061954,2353,-16.03462028503418
1772625269.906584,2354,-100.0
1772625271.4771652,2355,-108.80680847167969
1772625274.5231392,2356,-115.93763732910156
1772625277.0760698,2357,-112.10771179199219
1772625279.9209378,2358,-127.67696380615234
1772625284.4266522,2359,-124.8714370727539
1772625285.608078,2360,-102.83287811279297
1772625288.5621226,2361,-23.342023849487305
1772625291.3105597,2362,-122.50820922851562
1772625294.2345223,2363,-116.74899291992188
1772625295.478592,2364,-110.9869155883789
1772625296.2083058,2365,-107.50825500488281
1772625296.7446563,2366,-103.52568054199219
1772625303.3340693,2367,-147.11767578125
1772625303.82344,2368,-100.21675872802734
1772625304.0530488,2369,-100.74662017822266
1772625312.3175209,2370,-142.88604736328125
1772625313.8599641,2371,-107.79851531982422
1772625314.0304708,2372,-100.0
1772625315.47577,2373,-109.65985870361328
1772625318.5129614,2374,-124.9925537109375
1772625319.9960904,2375,-111.05453491210938
1772625326.5972514,2376,-169.0498504638672
1772625333.282413,2377,-143.42092895507812
1772625557.5315108,2378,-190.3382568359375
1772625560.4074264,2379,-122.09352111816406
1772625568.2582536,2380,-160.4108428955078
1772625570.925919,2381,-127.66009521484375
1772625571.3214178,2382,-101.34146118164062
1772625573.5328856,2383,-111.80009460449219
1772625573.8145323,2384,-100.14830780029297
1772625580.9815707,2385,-42.68084716796875
1772625581.4531488,2386,-100.0
1772625585.0400994,2387,-117.48307800292969
1772625586.907348,2388,-109.98766326904297
1772625590.1713736,2389,-115.88107299804688
1772625591.285821,2390,-107.44129943847656
1772625595.725399,2391,-139.25294494628906
1772625596.393513,2392,-103.5147476196289
1772625597.7063084,2393,-104.25499725341797
1772625598.659236,2394,-107.59686279296875
1772625606.4372432,2395,-146.36624145507812
1772625607.490973,2396,-104.40154266357422
1772625611.9622066,2397,-125.1960678100586
1772625612.3650193,2398,-100.39762878417969
1772625613.4933512,2399,-105.21624755859375
1772625618.1262014,2400,-146.31741333007812
1772625622.8945503,2401,-145.41526794433594
1772625628.42039,2402,-128.04129028320312
1772625630.9900644,2403,-112.44598388671875
1772625631.771413,2404,-104.90916442871094
1772625631.972689,2405,-100.33875274658203
1772625636.9440506,2406,-151.3171844482422
1772625639.40561,2407,-107.9142074584961
1772625644.3803556,2408,-128.4676971435547
1772625649.6914968,2409,-131.68731689453125
1772625650.1037467,2410,-100.58944702148438
1772625650.2231395,2411,-100.0
1772625650.3471088,2412,-100.0
1772625657.9550364,2413,-153.496826171875
1772625661.209332,2414,-27.181779861450195
1772625664.8034549,2415,-143.25697326660156
1772625665.7505362,2416,-105.54702758789062
1772625668.949712,2417,-14.45059871673584
1772625670.668324,2418,-114.07562255859375
1772625674.4688754,2419,-125.95984649658203
1772625677.5190685,2420,-22.822538375854492
1772625681.251193,2421,-114.95384979248047
1772625685.942723,2422,-125.99498748779297
1772625691.2420995,2423,-124.25248718261719
1772625698.651937,2424,-150.14028930664062
1772625701.590562,2425,-123.59107971191406
1772625702.5643053,2426,-109.10281372070312
1772625704.8249586,2427,-112.22677612304688
1772625706.9798887,2428,-112.8336410522461
1772625711.8849416,2429,-125.60601043701172
1772625714.8210554,2430,-112.71670532226562
1772625721.2082968,2431,-145.4454345703125
1772625721.6044118,2432,-100.0
1772625727.4683356,2433,-161.17576599121094
1772625728.033268,2434,-101.02449035644531
1772625728.438814,2435,-101.88078308105469
1772625731.085193,2436,-113.6446533203125
1772625732.2151062,2437,-106.19019317626953
1772625737.3793776,2438,-26.385480880737305
1772625738.3262856,2439,-103.74259185791016
1772625742.3818302,2440,-140.503662109375
1772625743.6065,2441,-107.28662109375
1772625752.315147,2442,-170.548095703125
1772625752.955079,2443,-100.36450958251953
1772625754.3402348,2444,-107.50821685791016
1772625754.6260931,2445,-100.49967956542969
1772625755.9806232,2446,-106.47433471679688
1772625760.7263908,2447,-130.54782104492188
1772625766.0757322,2448,-121.99336242675781
1772625770.6838694,2449,-131.42282104492188
1772625773.581486,2450,-128.1885223388672
1772625775.2219446,2451,-112.14495086669922
1772625776.8535366,2452,-109.39907836914062
1772625780.597325,2453,-119.31916809082031
1772625781.4983137,2454,-104.81458282470703
1772625783.8752668,2455,-114.36129760742188
1772625786.7791297,2456,-112.81746673583984
1772625791.59626,2457,-36.645572662353516
1772625792.9002943,2458,-108.09297180175781
1772625793.9096806,2459,-107.88723754882812
1772625794.5652993,2460,-104.22605895996094
1772625794.7096078,2461,-100.0
1772625795.8329923,2462,-106.05791473388672
1772625800.0247421,2463,-141.77569580078125
1772625802.341792,2464,-112.77410125732422
1772625802.9056902,2465,-102.12860870361328
1772625808.0126386,2466,-131.2147216796875
1772625814.8387492,2467,-141.54859924316406
1772625816.9502943,2468,-115.46111297607422
1772625818.2122514,2469,-109.33148956298828
1772625820.7400756,2470,-113.05302429199219
1772625821.9900005,2471,-106.58153533935547
1772625822.5554633,2472,-103.5777816772461
1772625823.7978275,2473,-105.15048217773438
1772625824.2284648,2474,-101.32395935058594
1772625827.2995377,2475,-123.34112548828125
1772625830.372592,2476,-18.110191345214844
1772625832.9834976,2477,-116.73648071289062
1772625838.4694424,2478,-159.86801147460938
1772625838.8362653,2479,-100.0
1772625842.71464,2480,-135.78045654296875
1772625996.3267403,2481,-101.26604461669922
1772625996.7929218,2482,-103.47476959228516
1772625997.9991572,2483,-107.24081420898438
1772625999.7378476,2484,-109.42729949951172
1772626000.1565025,2485,-101.07423400878906
1772626011.4175882,2486,-174.3366241455078
1772626021.3907387,2487,-171.6040802001953
1772626028.2062252,2488,-125.07122039794922
1772626029.163745,2489,-103.96442413330078
1772626033.5507386,2490,-26.193572998046875
1772626036.0929124,2491,-119.54871368408203
1772626038.346738,2492,-111.35968780517578
1772626039.760129,2493,-110.54603576660156
1772626039.952266,2494,-100.0
1772626043.8160236,2495,-118.58619689941406
1772626053.0285366,2496,-175.81521606445312
1772626053.8055346,2497,-102.40489196777344
1772626058.8227057,2498,-53.365570068359375
1772626059.268089,2499,-100.2891845703125
1772626060.1180758,2500,-108.06305694580078
1772626063.205684,2501,-32.67255401611328
1772626063.4958544,2502,-100.0
1772626067.6409154,2503,-123.47914123535156
1772626068.3588798,2504,-102.54436492919922
1772626068.7257514,2505,-102.3646469116211
1772626068.9158595,2506,-100.63020324707031
1772626069.0377033,2507,-100.0
1772626073.9145474,2508,-136.36647033691406
1772626081.9964242,2509,-165.14260864257812
1772626084.374841,2510,-110.48184204101562
1772626098.5008256,2511,-191.23146057128906
1772626103.3436406,2512,-118.5337142944336
1772626106.490209,2513,-13.967503547668457
1772626109.6059144,2514,-116.44398498535156
1772626111.2797754,2515,-108.90522766113281
1772626112.6645117,2516,-106.46034240722656
1772626114.8846333,2517,-115.27507019042969
1772626117.007055,2518,-112.38233184814453
1772626118.670735,2519,-108.83383178710938
1772626130.0858402,2520,-186.9283905029297
1772626131.414525,2521,-106.569580078125
1772626132.1821327,2522,-103.72056579589844
1772626134.1353421,2523,-114.21295166015625
1772626135.58122,2524,-108.64362335205078
1772626137.5406363,2525,-119.03608703613281
1772626137.8055255,2526,-100.5999984741211
1772626138.0401587,2527,-100.09746551513672
1772626138.1661496,2528,-100.0
1772626139.949556,2529,-113.41468048095703
1772626140.4932902,2530,-103.67618560791016
1772626149.4767907,2531,-163.3466033935547
1772626153.2739818,2532,-127.617919921875
1772626158.7135758,2533,-139.4408721923828
1772626159.2130756,2534,-100.80039978027344
1772626159.397538,2535,-100.34236907958984
1772626159.5759058,2536,-100.16522979736328
1772626161.2069714,2537,-109.71319580078125
1772626163.5873642,2538,-112.62451171875
1772626163.87558,2539,-100.83421325683594
1772626168.5717235,2540,-128.3899688720703
1772626172.4836512,2541,-129.62493896484375
1772626172.8428812,2542,-100.63336181640625
1772626176.1022615,2543,-124.31999969482422
1772626182.659758,2544,-149.24058532714844
1772626185.7717888,2545,-116.17310333251953
1772626188.293296,2546,-114.62982177734375
1772626190.4925947,2547,-111.48624420166016
1772626192.3578992,2548,-109.23587799072266
1772626196.2530692,2549,-133.82373046875
1772626201.2945902,2550,-143.58551025390625
1772626202.9405127,2551,-111.15827941894531
1772626204.8025286,2552,-107.36302185058594
1772626210.8403113,2553,-132.6876220703125
1772626213.0935752,2554,-111.3483657836914
1772626223.6634974,2555,-165.72952270507812
1772626225.0468721,2556,-104.01878356933594
1772626226.3816583,2557,-105.72174835205078
1772626229.837629,2558,-119.6348648071289
1772626235.6828642,2559,-131.5576629638672
1772626237.8211517,2560,-118.05371856689453
1772626242.1638932,2561,-31.261438369750977
1772626261.7670214,2562,-120.1700439453125
1772626267.1536758,2563,-119.84362030029297
1772626267.7084658,2564,-101.2980728149414
1772626272.785738,2565,-153.83740234375
1772626276.4976459,2566,-134.2383270263672
1772626278.5906248,2567,-112.78363037109375
1772626299.0062606,2568,-206.08143615722656
1772626452.1164215,2569,-100.0
1772626454.387735,2570,-114.99250793457031
1772626459.8051033,2571,-34.45490646362305
1772626462.4603157,2572,-118.9630355834961
1772626462.7709124,2573,-100.020263671875
1772626464.976371,2574,-117.03231048583984
1772626465.2022014,2575,-100.0
1772626466.514809,2576,-110.36030578613281
1772626467.749986,2577,-107.3233413696289
1772626471.5077913,2578,-136.59197998046875
1772626471.8280993,2579,-100.0
1772626472.0186348,2580,-100.56202697753906
1772626475.2415197,2581,-25.95372772216797
1772626476.76916,2582,-111.99809265136719
1772626483.8114002,2583,-133.52462768554688
1772626484.9697444,2584,-104.95665740966797
1772626500.8094172,2585,-225.25914001464844
1772626504.5443244,2586,-124.39808654785156
1772626505.0527372,2587,-102.64261627197266
1772626509.1225905,2588,-125.21968841552734
1772626514.0473518,2589,-132.25479125976562
1772626514.9537377,2590,-106.60798645019531
1772626517.0568004,2591,-116.67250061035156
1772626518.4763105,2592,-104.05274200439453
1772626521.5628579,2593,-116.23905944824219
1772626525.5453234,2594,-139.63665771484375
1772626526.7464128,2595,-104.4509048461914
1772626530.650309,2596,-136.0519256591797
1772626534.554354,2597,-31.087324142456055
1772626534.9781165,2598,-101.22437286376953
1772626535.2733784,2599,-102.14414978027344
1772626537.0097876,2600,-107.84770202636719
1772626539.6832714,2601,-130.3048095703125
1772626540.863113,2602,-103.42098999023438
1772626546.0737398,2603,-147.69851684570312
1772626549.3733873,2604,-129.2978057861328
1772626551.8982856,2605,-113.44041442871094
1772626561.259203,2606,-166.83372497558594
1772626566.4986384,2607,-126.42634582519531
1772626567.864918,2608,-107.96305847167969
1772626571.153715,2609,-122.22676849365234
1772626571.4524698,2610,-100.0
1772626575.755397,2611,-128.4013671875
1772626579.964101,2612,-126.90481567382812
1772626580.2930632,2613,-100.0
1772626583.5467527,2614,-115.94589233398438
1772626587.290346,2615,-121.70274353027344
1772626595.482435,2616,-160.47509765625
1772626597.1947887,2617,-103.09075927734375
1772626600.6598778,2618,-128.2511444091797
1772626603.9051871,2619,-26.959564208984375
1772626610.8168366,2620,-127.98055267333984
1772626615.8488007,2621,-141.99588012695312
1772626616.8414779,2622,-104.57518005371094
1772626617.8011668,2623,-105.55536651611328
1772626620.1586182,2624,-118.10213470458984
1772626627.2292693,2625,-137.1780242919922
1772626628.3471432,2626,-107.46751403808594
1772626629.194761,2627,-104.43840789794922
1772626630.4750917,2628,-104.5273208618164
1772626630.8444626,2629,-102.06236267089844
1772626634.2183654,2630,-130.82029724121094
1772626636.6696472,2631,-112.20698547363281
1772626640.7467787,2632,-131.4765167236328
1772626643.4756954,2633,-120.3799819946289
1772626645.40896,2634,-108.46022033691406
1772626648.4583793,2635,-21.13523292541504
1772626649.6500478,2636,-110.42454528808594
1772626649.8271902,2637,-100.0
1772626652.1570735,2638,-110.17137908935547
1772626668.3526123,2639,-184.10693359375
1772626672.2986012,2640,-17.873950958251953
1772626672.8001394,2641,-100.95809936523438
1772626677.1062715,2642,-134.59396362304688
1772626679.0737898,2643,-109.49710083007812
1772626681.3136942,2644,-123.02981567382812
1772626686.4650338,2645,-129.7854461669922
1772626688.434008,2646,-110.01307678222656
1772626689.20333,2647,-103.2479476928711
1772626699.2835722,2648,-166.140625
1772626700.3040287,2649,-101.58220672607422
1772626701.3868663,2650,-102.84754180908203
1772626703.5772483,2651,-114.71885681152344
1772626706.6571538,2652,-21.266427993774414
1772626711.5786643,2653,-144.2145233154297
1772626712.8019423,2654,-109.41459655761719
1772626714.8518777,2655,-110.7793960571289
1772626716.179096,2656,-106.15860748291016
1772626720.1591165,2657,-23.291091918945312
1772626725.3191423,2658,-136.64666748046875
1772626727.1320012,2659,-115.346435546875
1772626732.6046498,2660,-139.460693359375
1772626733.3745193,2661,-102.63066864013672
1772626733.5078206,2662,-100.0
1772626738.3948407,2663,-125.04002380371094
1772626740.6751158,2664,-112.1229019165039
1772626743.7206812,2665,-19.0986328125
1772626747.2996438,2666,-125.80181121826172
1772626749.2656934,2667,-117.46874237060547
1772626750.6651926,2668,-110.11515045166016
1772626753.9149735,2669,-113.9600601196289
1772626770.778803,2670,-190.43017578125
1772626914.2040656,2671,-17.66948890686035
1772626916.0178268,2672,-109.23050689697266
1772626922.1296306,2673,-129.2632598876953
1772626923.112523,2674,-102.9487533569336
1772626929.5310795,2675,-144.44554138183594
1772626931.6906304,2676,-110.92311096191406
1772626934.8957183,2677,-27.039981842041016
1772626935.9969094,2678,-103.44633483886719
1772626941.9289954,2679,-129.13772583007812
1772626948.8201041,2680,-142.9988555908203
1772626949.3709788,2681,-100.0
1772626954.3044727,2682,-126.45259857177734
1772626958.8187747,2683,-134.7154541015625
1772626960.5725722,2684,-111.85755157470703
1772626965.1469474,2685,-123.92353057861328
1772626969.673537,2686,-132.9351806640625
1772626970.9130301,2687,-106.07627868652344
1772626975.3140075,2688,-118.6311264038086
1772626977.5955493,2689,-111.26718139648438
1772626981.714734,2690,-140.91844177246094
1772626986.7154708,2691,-46.892372131347656
1772626997.0202172,2692,-176.0717010498047
1772627011.1138952,2693,-78.36249542236328
1772627014.8030634,2694,-122.98749542236328
1772627016.3253253,2695,-110.89315795898438
1772627017.4229865,2696,-108.9843978881836
1772627017.641308,2697,-100.24352264404297
1772627018.7181013,2698,-106.6794204711914
1772627018.9948125,2699,-100.95238494873047
1772627020.8605123,2700,-106.43936920166016
1772627025.4420636,2701,-34.13689041137695
1772627027.7878706,2702,-119.76492309570312
1772627029.2111528,2703,-109.33451080322266
1772627043.4935164,2704,-197.84030151367188
1772627044.3865037,2705,-100.88068389892578
1772627045.5225623,2706,-106.47411346435547
1772627047.9379468,2707,-116.67759704589844
1772627049.912462,2708,-113.8834457397461
1772627050.1158013,2709,-100.0
1772627050.2999015,2710,-100.25178527832031
1772627052.5753121,2711,-115.67963409423828
1772627054.5221074,2712,-111.44093322753906
1772627056.314244,2713,-108.82679748535156
1772627057.3738995,2714,-107.74400329589844
1772627068.455955,2715,-204.79513549804688
1772627070.53148,2716,-110.65798950195312
1772627072.568742,2717,-118.0014419555664
1772627073.0118165,2718,-101.35023498535156
1772627073.3680332,2719,-100.94120788574219
1772627080.0179539,2720,-127.28628540039062
1772627082.1781294,2721,-112.24727630615234
1772627085.454495,2722,-118.0428695678711
1772627089.0931125,2723,-120.08119201660156
1772627090.7754092,2724,-107.85540771484375
1772627091.7953231,2725,-106.64459991455078
1772627093.5467994,2726,-112.16242218017578
1772627101.1471539,2727,-36.52364730834961
1772627101.6498544,2728,-100.0
1772627102.2661626,2729,-101.2723159790039
1772627103.1445034,2730,-103.68536376953125
1772627103.9213564,2731,-102.63873291015625
1772627105.0880606,2732,-109.63823699951172
1772627111.3566673,2733,-136.1842041015625
1772627115.410929,2734,-120.99598693847656
1772627117.0426414,2735,-108.6652603149414
1772627117.289118,2736,-100.53433227539062
1772627117.8657842,2737,-101.3880615234375
1772627121.39339,2738,-45.304054260253906
1772627124.5534816,2739,-123.86048889160156
1772627125.8405035,2740,-110.43444061279297
1772627126.121343,2741,-100.84657287597656
1772627132.6816244,2742,-125.55226135253906
1772627134.975336,2743,-110.45414733886719
1772627135.305298,2744,-100.86471557617188
1772627137.5835454,2745,-108.64250946044922
1772627139.4431899,2746,-109.05953216552734
1772627143.0260787,2747,-130.7208709716797
1772627148.9925256,2748,-165.91647338867188
1772627150.3143725,2749,-110.84745788574219
1772627154.6317468,2750,-120.6855697631836
1772627155.049458,2751,-100.09913635253906
1772627159.0737991,2752,-120.81167602539062
1772627159.4406056,2753,-100.57804870605469
1772627162.480619,2754,-126.12136840820312
1772627162.7467074,2755,-100.0
1772627167.4830859,2756,-127.43985748291016
1772627170.706546,2757,-124.51560974121094
1772627173.271199,2758,-110.21971893310547
1772627179.847743,2759,-40.6693115234375
1772627180.5719547,2760,-102.01039123535156
1772627184.0644646,2761,-122.00809478759766
1772627189.194652,2762,-137.10067749023438
1772627190.362945,2763,-105.91216278076172
1772627191.9125602,2764,-105.9146957397461
1772627194.0155585,2765,-109.88042449951172
1772627202.4177282,2766,-85.32476043701172
1772627425.314609,2767,-125.20165252685547
1772627426.8106992,2768,-107.99226379394531
1772627427.1630669,2769,-101.23233795166016
1772627427.4007063,2770,-100.56108093261719
1772627429.0895815,2771,-110.78153991699219
1772627432.5388572,2772,-137.97055053710938
1772627433.681941,2773,-104.15827178955078
1772627433.9635403,2774,-100.76919555664062
1772627435.21716,2775,-112.29319763183594
1772627435.5761456,2776,-101.36333465576172
1772627435.9888937,2777,-102.51609802246094
1772627437.0967464,2778,-112.4295425415039
1772627440.1120245,2779,-14.863505363464355
1772627442.439487,2780,-112.384765625
1772627442.8757114,2781,-101.82588195800781
1772627444.7436767,2782,-112.93145751953125
1772627446.2420583,2783,-110.98600769042969
1772627448.5953565,2784,-124.5655517578125
1772627451.0276623,2785,-121.21770477294922
1772627454.097926,2786,-27.250123977661133
1772627455.6409326,2787,-111.32239532470703
1772627460.1691892,2788,-122.23997497558594
1772627467.1624358,2789,-136.70179748535156
1772627467.8686934,2790,-101.54014587402344
1772627468.9993198,2791,-107.03821563720703
1772627469.2819357,2792,-101.05853271484375
1772627471.226323,2793,-114.95584869384766
1772627473.3714302,2794,-110.14385223388672
1772627474.8756034,2795,-105.84483337402344
1772627488.8409405,2796,-179.1072540283203
1772627492.561538,2797,-121.17642974853516
1772627501.5147426,2798,-187.28489685058594
1772627502.3332477,2799,-101.301513671875
1772627502.4607384,2800,-100.0
1772627502.637532,2801,-100.08373260498047
1772627505.297891,2802,-114.069580078125
1772627511.4025245,2803,-141.50588989257812
1772627512.83474,2804,-100.77880096435547
1772627513.7373147,2805,-105.59949493408203
1772627514.961969,2806,-105.70918273925781
1772627515.1948056,2807,-100.54110717773438
1772627521.9905393,2808,-145.95281982421875
1772627524.028269,2809,-104.32258605957031
1772627524.4655657,2810,-102.11942291259766
1772627525.2146966,2811,-105.28044891357422
1772627528.2840245,2812,-113.85256958007812
1772627529.3526657,2813,-105.64583587646484
1772627535.2185924,2814,-162.54286193847656
1772627545.0957766,2815,-67.15550994873047
1772627546.4294097,2816,-105.85591125488281
1772627550.6091006,2817,-132.48426818847656
1772627554.8753045,2818,-122.20849609375
1772627555.1991506,2819,-100.0
1772627555.3152835,2820,-100.0
1772627564.5306427,2821,-187.25973510742188
1772627567.3889508,2822,-114.82617950439453
1772627571.76996,2823,-22.499197006225586
1772627572.1056056,2824,-100.0
1772627576.4821007,2825,-130.04718017578125
1772627577.2814925,2826,-104.50796508789062
1772627579.9459176,2827,-118.34274291992188
1772627580.1954358,2828,-100.0
1772627584.2341225,2829,-135.9817352294922
1772627586.4508786,2830,-109.96479797363281
1772627588.2438395,2831,-110.2022705078125
1772627592.2434936,2832,-33.5364990234375
1772627595.087524,2833,-113.58345031738281
1772627595.6111095,2834,-102.17383575439453
1772627599.2192945,2835,-129.71331787109375
1772627603.003192,2836,-127.26972198486328
1772627610.6249247,2837,-146.79473876953125
1772627621.9798045,2838,-176.1309356689453
1772627625.9375937,2839,-126.92453002929688
1772627630.5142162,2840,-131.83770751953125
1772627636.9756634,2841,-146.1428985595703
1772627639.4529588,2842,-115.0597152709961
1772627642.537697,2843,-19.301288604736328
1772627643.1547253,2844,-103.34015655517578
1772627650.5286682,2845,-142.41798400878906
1772627652.5435793,2846,-109.06806182861328
1772627652.7955837,2847,-100.55414581298828
1772627652.9165385,2848,-100.0
1772627654.6674957,2849,-117.21261596679688
1772627659.4383695,2850,-124.54714965820312
1772627661.418543,2851,-115.25634002685547
1772627661.7895265,2852,-101.82839965820312
1772627671.0414958,2853,-165.86886596679688
1772627673.5687428,2854,-112.718994140625
1772627675.0574038,2855,-112.81385040283203
1772627677.050759,2856,-118.87039947509766
1772627678.0409985,2857,-105.93510437011719
1772627679.1039722,2858,-110.30469512939453
1772627681.1233506,2859,-119.59278869628906
1772627681.8678994,2860,-102.86195373535156
1772627682.0773542,2861,-100.59788513183594
1772627685.080157,2862,-119.73057556152344
1772627686.7794116,2863,-109.7021255493164
1772627687.7120268,2864,-102.48263549804688
1772627689.8196318,2865,-113.2825698852539
1772627691.6147838,2866,-106.87103271484375
1772627692.0928817,2867,-102.98650360107422
1772627692.5042546,2868,-102.278076171875
1772627694.3128102,2869,-109.12017822265625
1772627695.2960758,2870,-105.35615539550781
1772627696.0064962,2871,-102.27328491210938
1772627696.4336135,2872,-101.96839141845703
1772627698.5857413,2873,-116.3948974609375
1772627703.002607,2874,-130.0277099609375
1772627705.1334026,2875,-117.41675567626953
1772627706.1759336,2876,-105.9415054321289
1772627711.9560506,2877,-130.51820373535156
1772627712.90105,2878,-101.78675842285156
1772627713.050747,2879,-100.0
1772627714.1589437,2880,-111.36483764648438
1772627721.0742745,2881,-136.46585083007812
1772627985.6834981,2882,-113.15261840820312
1772627988.1653183,2883,-120.07996368408203
1772627988.503799,2884,-101.82111358642578
1772627994.6565137,2885,-148.13893127441406
1772627996.7139692,2886,-109.89469909667969
1772627996.9293125,2887,-100.0
1772627998.7283502,2888,-116.65496826171875
1772628002.5220056,2889,-21.665809631347656
1772628006.121062,2890,-114.18449401855469
1772628008.0676203,2891,-114.3603515625
1772628015.6006203,2892,-140.62548828125
1772628016.0626528,2893,-100.0
1772628021.4335167,2894,-137.55511474609375
1772628023.8257067,2895,-116.7618408203125
1772628041.8859255,2896,-207.71299743652344
1772628047.487514,2897,-134.6225128173828
1772628054.5369718,2898,-46.9951171875
1772628055.002537,2899,-100.0
1772628057.417755,2900,-121.13801574707031
1772628057.6589391,2901,-100.0
1772628057.8882425,2902,-101.0245132446289
1772628059.520891,2903,-105.19979095458984
1772628061.0552742,2904,-110.09442901611328
1772628061.2429605,2905,-100.0
1772628069.287122,2906,-141.60543823242188
1772628078.8525767,2907,-153.7030487060547
1772628079.5386565,2908,-101.09669494628906
1772628080.6806684,2909,-106.83992004394531
1772628083.96544,2910,-117.82037353515625
1772628087.976664,2911,-123.14749145507812
1772628089.0486877,2912,-103.80396270751953
1772628090.887633,2913,-107.04871368408203
1772628092.7635002,2914,-107.98313903808594
1772628095.1778812,2915,-115.46715545654297
1772628096.5210547,2916,-108.28063201904297
1772628096.6992264,2917,-100.0
1772628098.2181308,2918,-109.13406372070312
1772628102.7680755,2919,-22.236774444580078
1772628103.3229034,2920,-100.91686248779297
1772628106.7167969,2921,-120.22602081298828
1772628107.7678742,2922,-103.63522338867188
1772628109.3764331,2923,-108.70738220214844
1772628111.2181523,2924,-115.3091812133789
1772628113.9937415,2925,-116.19622802734375
1772628114.2997012,2926,-100.31178283691406
1772628115.5379617,2927,-109.96476745605469
1772628117.8588715,2928,-117.52857208251953
1772628122.290119,2929,-121.68344116210938
1772628124.4738703,2930,-114.22269439697266
1772628125.8212385,2931,-108.03485107421875
1772628126.4037194,2932,-104.62337493896484
1772628128.3440561,2933,-105.38500213623047
1772628130.523105,2934,-117.41177368164062
1772628134.8670936,2935,-122.21009826660156
1772628136.7139926,2936,-112.55364990234375
1772628137.1395757,2937,-101.97443389892578
1772628144.1594203,2938,-153.51715087890625
1772628152.0484998,2939,-166.31533813476562
1772628155.322759,2940,-120.86888885498047
1772628156.6082814,2941,-101.9325942993164
1772628156.8367784,2942,-100.27615356445312
1772628157.0213053,2943,-100.60795593261719
1772628162.6756418,2944,-28.414409637451172
1772628176.833052,2945,-85.06086730957031
1772628178.2374272,2946,-106.27930450439453
1772628178.4488747,2947,-100.47602844238281
1772628180.4452112,2948,-114.6792221069336
1772628180.6699808,2949,-100.0
1772628182.323047,2950,-107.93075561523438
1772628184.123637,2951,-112.00484466552734
1772628185.317737,2952,-106.79531860351562
1772628191.9557507,2953,-134.2816925048828
1772628194.0819986,2954,-110.31884765625
1772628194.3001451,2955,-100.0
1772628198.9060392,2956,-128.3291473388672
1772628200.9470205,2957,-110.38690948486328
1772628201.2018812,2958,-100.39224243164062
1772628209.9833794,2959,-184.0945587158203
1772628211.0167758,2960,-102.72748565673828
1772628211.1646545,2961,-100.0
1772628211.2853086,2962,-100.0
1772628212.7311282,2963,-112.04066467285156
1772628217.483262,2964,-20.325204849243164
1772628219.5463724,2965,-120.44771575927734
1772628222.5414891,2966,-17.590808868408203
1772628223.5928402,2967,-104.33970642089844
1772628241.4123685,2968,-199.8114471435547
1772628246.2386684,2969,-132.03868103027344
1772628247.455731,2970,-107.8515853881836
1772628249.539991,2971,-110.550048828125
1772628250.3987737,2972,-109.57967376708984
1772628251.7547238,2973,-110.21129608154297
1772628251.9414878,2974,-100.0
1772628253.8158133,2975,-119.59510040283203
1772628256.883063,2976,-113.55200958251953
1772628257.2809117,2977,-100.7137222290039
1772628257.5761166,2978,-100.8191909790039
1772628257.8333604,2979,-100.93722534179688
1772628260.8095696,2980,-11.00683879852295
1772628261.6606247,2981,-104.4931411743164
1772628262.7767994,2982,-105.40882110595703
1772628270.291332,2983,-171.39732360839844
1772628272.9212565,2984,-114.50450134277344
1772628274.8809624,2985,-109.06241607666016
1772628276.8961005,2986,-113.85009765625
1772628278.9772801,2987,-110.47850036621094
1772628279.3161423,2988,-101.36605072021484
1772628281.6734457,2989,-120.4773941040039
1772628283.3798087,2990,-109.90373229980469
1772628285.8122184,2991,-110.47932434082031
1772628286.1598394,2992,-101.55339050292969
1772628286.5115592,2993,-101.51686096191406
1772628290.4326842,2994,-122.3997573852539
1772628553.0696716,2995,-108.03461456298828
1772628557.3310974,2996,-127.9010238647461
1772628563.965726,2997,-141.89956665039062
1772628575.1022804,2998,-73.86091613769531
1772628581.0629313,2999,-153.444580078125
1772628581.8964975,3000,-101.75970458984375
1772628582.8115623,3001,-104.90335845947266
1772628592.913031,3002,45.849578857421875
1772628595.636895,3003,-118.70201110839844
1772628600.969246,3004,-129.60635375976562
1772628604.3197649,3005,-123.71941375732422
1772628604.6015565,3006,-100.0
1772628607.1947687,3007,-123.74301147460938
1772628611.5629504,3008,-41.09076690673828
1772628612.0657716,3009,-101.23526000976562
1772628615.6189313,3010,-125.53192138671875
1772628618.035327,3011,-119.77432250976562
1772628626.5713594,3012,-149.51368713378906
1772628645.9403348,3013,-127.49687957763672
1772628650.2405238,3014,-119.12971496582031
1772628651.6760771,3015,-111.34339141845703
1772628653.8222845,3016,-114.41374969482422
1772628655.7769833,3017,-110.75348663330078
1772628660.506939,3018,-137.71319580078125
1772628666.3378963,3019,-127.85675811767578
1772628673.9810865,3020,-141.0643768310547
1772628678.0675159,3021,-133.99559020996094
1772628681.826679,3022,-124.30622863769531
1772628689.853886,3023,-157.21875
1772628690.6821597,3024,-101.43141174316406
1772628693.6602602,3025,-12.225052833557129
1772628694.5744276,3026,-104.43753814697266
1772628694.7289178,3027,-100.0
1772628698.8099587,3028,-120.09545135498047
1772628702.0348175,3029,-29.135608673095703
1772628704.5531356,3030,-111.04680633544922
1772628706.1072712,3031,-108.39441680908203
1772628711.1150024,3032,-126.44804382324219
1772628712.3493483,3033,-107.15840911865234
1772628712.5712218,3034,-100.48851776123047
1772628713.2020378,3035,-106.93303680419922
1772628718.4608955,3036,-32.84177780151367
1772628723.2753584,3037,-132.44552612304688
1772628724.655885,3038,-106.35233306884766
1772628724.8293664,3039,-100.0
1772628726.139439,3040,-109.87422943115234
1772628729.877411,3041,-31.337942123413086
1772628733.6846926,3042,-134.9853973388672
1772628736.0997007,3043,-110.42143249511719
1772628737.8028526,3044,-105.68405151367188
1772628738.0573516,3045,-100.4277114868164
1772628740.363646,3046,-119.21039581298828
1772628748.8266513,3047,-149.636474609375
1772628753.4586914,3048,-26.647361755371094
1772628753.8239646,3049,-100.0
1772628753.9458444,3050,-100.0
1772628759.5280018,3051,-141.914794921875
1772628763.2824478,3052,-117.72129821777344
1772628763.915346,3053,-102.1717529296875
1772628765.7607253,3054,-110.45372772216797
1772628768.774479,3055,-21.38495635986328
1772628770.4584708,3056,-110.48536682128906
1772628777.9605522,3057,-63.94989013671875
1772628779.2499914,3058,-107.85223388671875
1772628785.530122,3059,-147.69593811035156
1772628788.660449,3060,-113.6572036743164
1772628791.358624,3061,-130.34017944335938
1772628792.1786594,3062,-103.0961685180664
1772628798.2922142,3063,-141.51522827148438
1772628798.7477744,3064,-100.0
1772628801.9226305,3065,-119.22006225585938
1772628802.591914,3066,-104.55986022949219
1772628806.2678356,3067,-28.883365631103516
1772628807.930981,3068,-109.06092834472656
1772628808.511409,3069,-105.46318054199219
1772628810.3314447,3070,-120.97138977050781
1772628810.547767,3071,-100.0
1772628811.1036162,3072,-104.44149780273438
1772628814.3456688,3073,-121.57755279541016
1772628830.972731,3074,-190.4684600830078
1772628837.6269395,3075,-139.85816955566406
1772628839.4976604,3076,-113.1988525390625
1772628840.4961667,3077,-108.10546875
1772628844.0182092,3078,-131.01123046875
1772628846.1312678,3079,-116.6266098022461
1772628846.5138578,3080,-101.33283233642578
1772628849.4816306,3081,-24.68483543395996
1772628853.0902507,3082,-117.29609680175781
1772629069.507315,3083,-103.0609130859375
1772629071.3525114,3084,-109.18419647216797
1772629076.55267,3085,-126.40254974365234
1772629078.929421,3086,-119.18221282958984
1772629080.7528465,3087,-113.06632232666016
1772629083.0179615,3088,-115.58900451660156
1772629084.8423858,3089,-115.14755249023438
1772629092.445039,3090,-144.26663208007812
1772629092.9956696,3091,-100.25579071044922
1772629098.53041,3092,-123.76912689208984
1772629103.6114664,3093,-122.9878158569336
1772629104.0298047,3094,-100.72264862060547
1772629105.7914925,3095,-109.40186309814453
1772629112.8610477,3096,-140.1155548095703
1772629120.7000062,3097,-169.58824157714844
1772629121.9201262,3098,-106.25016784667969
1772629127.4540782,3099,-51.199745178222656
1772629128.5407178,3100,-105.39662170410156
1772629129.7068312,3101,-108.87596893310547
1772629131.6672199,3102,-108.16194152832031
1772629133.4672875,3103,-119.62973022460938
1772629142.065805,3104,-146.69638061523438
1772629143.1943808,3105,-102.58654022216797
1772629146.4505744,3106,-120.29661560058594
1772629155.8866255,3107,-176.87747192382812
1772629156.5713298,3108,-100.3602294921875
1772629160.82741,3109,-127.11518859863281
1772629161.2668138,3110,-101.31543731689453
1772629164.8731635,3111,-122.54716491699219
1772629167.4095278,3112,-116.52365112304688
1772629173.0104976,3113,-149.26348876953125
1772629175.4287426,3114,-119.56029510498047
1772629180.85111,3115,-154.31373596191406
1772629183.2969174,3116,-117.18864440917969
1772629190.81474,3117,-49.021785736083984
1772629196.4827857,3118,-153.473876953125
1772629198.7232234,3119,-110.68649291992188
1772629200.4684749,3120,-110.15982818603516
1772629206.54064,3121,-53.11915588378906
1772629214.813203,3122,-158.03860473632812
1772629216.107883,3123,-105.42256927490234
1772629218.1943314,3124,-109.17555236816406
1772629223.715836,3125,-135.5139617919922
1772629225.789675,3126,-115.14954376220703
1772629226.015394,3127,-100.0
1772629230.1720812,3128,-117.02481079101562
1772629232.0508792,3129,-114.97604370117188
1772629235.0373943,3130,-119.53215789794922
1772629237.1522682,3131,-116.79566955566406
1772629241.947049,3132,-134.40065002441406
1772629253.4026928,3133,-165.8013916015625
1772629255.978229,3134,-117.0840835571289
1772629256.471545,3135,-101.85062408447266
1772629258.5616345,3136,-115.57212829589844
1772629264.3530908,3137,-162.87301635742188
1772629268.2626765,3138,-114.54351806640625
1772629271.3556252,3139,-118.60406494140625
1772629275.667908,3140,-125.32422637939453
1772629277.2489452,3141,-105.73685455322266
1772629280.676265,3142,-134.15916442871094
1772629282.984968,3143,-121.01898193359375
1772629289.8955586,3144,-132.43629455566406
1772629291.9282417,3145,-113.94270324707031
1772629292.124453,3146,-100.0
1772629292.6727364,3147,-103.3056869506836
1772629300.2115254,3148,-161.80377197265625
1772629300.8313916,3149,-100.22582244873047
1772629302.3644938,3150,-108.05438995361328
1772629309.9811306,3151,-148.9901123046875
1772629312.547153,3152,-117.93701171875
1772629312.796742,3153,-100.0
1772629316.799459,3154,-126.95256042480469
1772629317.904876,3155,-105.09358978271484
1772629318.6343274,3156,-105.5812759399414
1772629323.9640553,3157,-133.8575897216797
1772629327.6908128,3158,-133.854248046875
1772629330.7887676,3159,-15.529447555541992
1772629335.7297635,3160,-36.42155075073242
1772629337.8970947,3161,-110.38973236083984
1772629342.5469525,3162,-25.014732360839844
1772629344.1946576,3163,-111.74781036376953
1772629344.4347632,3164,-100.26544189453125
1772629344.7855763,3165,-101.80670166015625
1772629345.0331492,3166,-100.8344497680664
1772629355.8785841,3167,-200.49595642089844
1772629357.273764,3168,-104.79151916503906
1772629364.2107944,3169,-147.1321563720703
1772629373.6406326,3170,-150.3810272216797
1772629561.0031085,3171,-118.37490844726562
1772629562.3097057,3172,-109.66495513916016
1772629562.5583801,3173,-100.41030883789062
1772629564.4596322,3174,-107.86659240722656
1772629568.0947456,3175,-131.5937957763672
1772629577.4777794,3176,-158.27662658691406
1772629578.4035301,3177,-102.26407623291016
1772629585.9374568,3178,-143.17733764648438
1772629588.7492557,3179,-116.01970672607422
1772629592.1381655,3180,-14.395524978637695
1772629593.629212,3181,-111.7898178100586
1772629599.1349037,3182,-152.48463439941406
1772629601.0460837,3183,-111.54503631591797
1772629602.2370458,3184,-102.90079498291016
1772629602.6212258,3185,-101.14104461669922
1772629604.2856727,3186,-108.03683471679688
1772629608.252465,3187,-125.37216186523438
1772629617.788895,3188,-45.34346389770508
1772629621.12555,3189,-118.09642791748047
1772629623.0609255,3190,-112.93359375
1772629624.7399797,3191,-110.24954986572266
1772629625.0594163,3192,-99.91683959960938
1772629628.7759295,3193,-129.29629516601562
1772629632.0299098,3194,-127.39393615722656
1772629633.470656,3195,-113.50394439697266
1772629637.0545244,3196,-125.73973083496094
1772629638.403837,3197,-105.13201904296875
1772629639.0285432,3198,-105.34031677246094
1772629640.9546309,3199,-108.23617553710938
1772629646.1660993,3200,-135.04736328125
1772629647.9901972,3201,-103.4255142211914
1772629656.0544806,3202,-157.36798095703125
1772629657.6213508,3203,-108.00782775878906
1772629657.815083,3204,-100.0
1772629664.2532055,3205,-143.50416564941406
1772629667.7011547,3206,-115.57878112792969
1772629675.5309362,3207,-167.71852111816406
1772629677.9160283,3208,-112.56856536865234
1772629678.192866,3209,-100.5999984741211
1772629679.843367,3210,-112.19298553466797
1772629680.1178284,3211,-100.13505554199219
1772629683.777539,3212,-123.44971466064453
1772629687.4378388,3213,-116.71678161621094
1772629691.464403,3214,-119.1387939453125
1772629691.862013,3215,-100.88099670410156
1772629698.90158,3216,-152.34559631347656
1772629705.7346046,3217,-129.2208251953125
1772629733.3335114,3218,-194.094970703125
1772629740.9965878,3219,-163.2110595703125
1772629745.8371933,3220,-24.716318130493164
1772629751.0848567,3221,-128.9778289794922
1772629756.6525862,3222,-123.8134765625
1772629760.284437,3223,-122.84571075439453
1772629763.5733612,3224,-18.687942504882812
1772629764.882721,3225,-107.67185974121094
1772629770.0932076,3226,-125.09657287597656
1772629774.8999853,3227,-126.56190490722656
1772629777.164141,3228,-118.47119903564453
1772629778.2935307,3229,-107.91886901855469
1772629784.7898777,3230,-134.9786834716797
1772629788.5570185,3231,-117.99356079101562
1772629790.2936614,3232,-108.31365203857422
1772629790.6884067,3233,-100.9257583618164
1772629794.937445,3234,-20.734216690063477
1772629796.5714498,3235,-110.77139282226562
1772629797.9414694,3236,-105.78378295898438
1772629801.222212,3237,-126.32562255859375
1772629804.65203,3238,-16.596717834472656
1772629810.7521174,3239,-130.33680725097656
1772629811.4363325,3240,-102.8642578125
1772629811.6907265,3241,-100.6420669555664
1772629811.9469712,3242,-100.97696685791016
1772629816.5934794,3243,-134.0858612060547
1772629817.0461142,3244,-100.628662109375
1772629825.132236,3245,-141.68594360351562
1772629830.3895369,3246,-127.5112075805664
1772629833.3564217,3247,-119.33979797363281
1772629840.118411,3248,-36.13786697387695
1772629846.0393088,3249,-132.44326782226562
1772629846.5692856,3250,-100.32801055908203
1772629848.4714284,3251,-114.05622863769531
1772629856.5516882,3252,-155.65853881835938
1772629866.7085862,3253,-60.634033203125
1772629868.420707,3254,-111.3329849243164
1772629869.9442317,3255,-110.95028686523438
1772629871.5579796,3256,-106.64404296875
1772629873.9650738,3257,-114.2375717163086
1772629876.1420126,3258,-109.57334899902344
1772629880.0233986,3259,-142.40945434570312
1772630068.3739989,3260,-110.49486541748047
1772630070.157157,3261,-109.75048828125
1772630071.5881634,3262,-109.37319946289062
1772630074.0528948,3263,-107.07807159423828
1772630084.1845202,3264,-158.32730102539062
1772630086.1667943,3265,-105.1438217163086
1772630091.750945,3266,-30.475637435913086
1772630097.1962738,3267,-42.50090408325195
1772630100.598059,3268,-117.02064514160156
1772630106.9345334,3269,-140.73867797851562
1772630107.4775846,3270,-100.34481048583984
1772630122.125598,3271,-193.01829528808594
1772630126.613934,3272,-122.4911117553711
1772630128.0858724,3273,-107.64651489257812
1772630135.5303867,3274,-146.86312866210938
1772630140.536144,3275,-150.9766845703125
1772630143.1575232,3276,-110.4030990600586
1772630143.4778783,3277,-100.17111206054688
1772630147.301111,3278,-115.44847106933594
1772630151.2112682,3279,-122.88236236572266
1772630155.3814156,3280,-26.061283111572266
1772630159.3203552,3281,-120.84505462646484
1772630163.6038022,3282,-116.45658874511719
1772630164.5005279,3283,-102.38732147216797
1772630166.2688322,3284,-111.91341400146484
1772630166.6044264,3285,-101.02547454833984
1772630167.6735253,3286,-105.51524353027344
1772630171.5659058,3287,-22.23702049255371
1772630173.9094236,3288,-116.24982452392578
1772630182.1650593,3289,-58.9890251159668
1772630182.7492616,3290,-100.0
1772630200.4928784,3291,-207.584716796875
1772630205.5887916,3292,-120.5560531616211
1772630206.0521672,3293,-101.06037902832031
1772630206.1974454,3294,-100.0
1772630214.297764,3295,-151.1264190673828
1772630215.0194337,3296,-101.05372619628906
1772630216.4326077,3297,-111.43937683105469
1772630216.8026187,3298,-101.38742065429688
1772630222.0053685,3299,-29.295740127563477
1772630227.0134015,3300,-126.14100646972656
1772630228.6945405,3301,-103.49050903320312
1772630229.4351194,3302,-101.55128479003906
1772630231.3967621,3303,-111.13536071777344
1772630237.6810594,3304,-45.05937957763672
1772630238.5320423,3305,-103.48457336425781
1772630238.8676066,3306,-101.18344116210938
1772630246.8279865,3307,-135.10702514648438
1772630247.389204,3308,-100.0
1772630250.924275,3309,-133.62522888183594
1772630252.7955723,3310,-119.53326416015625
1772630256.012853,3311,-116.35941314697266
1772630256.56551,3312,-101.44730377197266
1772630261.0374937,3313,-123.8946762084961
1772630265.2369325,3314,-117.87104797363281
1772630266.871245,3315,-112.79293823242188
1772630267.067547,3316,-100.0
1772630272.675063,3317,-139.48768615722656
1772630273.349526,3318,-102.7270736694336
1772630275.5726814,3319,-119.0592041015625
1772630275.9805381,3320,-102.01265716552734
1772630278.1065767,3321,-111.39886474609375
1772630282.8303432,3322,-40.32162094116211
1772630286.263272,3323,-20.09654426574707
1772631083.5350432,2,-149.1998748779297
1772631084.7597587,3,-103.4202651977539
1772631085.2088296,4,-102.39666748046875
1772631085.4953299,5,-100.81494903564453
1772631086.3564568,6,-105.09877014160156
1772631086.583798,7,-100.66686248779297
1772631088.0270638,8,-107.48973083496094
1772631088.28115,9,-100.41537475585938
1772631088.7990592,10,-102.68864440917969
1772631104.8635366,2,-161.08261108398438
1772631105.7526119,3,-101.30780029296875
1772631106.0001066,4,-101.03795623779297
1772631107.4847798,5,-108.05987548828125
1772631109.2478297,6,-110.00311279296875
1772631113.42349,7,-132.95838928222656
1772631115.992754,8,-116.2863998413086
1772634545.252696,2,-149.55699157714844
1772634546.7908592,3,-111.91162109375
1772634550.5320053,4,-120.41157531738281
1772634556.5405967,5,-43.43976593017578
1772634559.3322566,6,-120.47933197021484
1772634562.3651135,7,-122.74313354492188
1772634566.8673213,8,-144.3946533203125
1772634570.8633206,9,-131.63589477539062
1772634592.9704502,10,-188.80751037597656
1772634629.0445015,2,-154.4353485107422
1772634638.903815,3,-90.96520233154297
1772634650.4437184,4,-87.14163208007812
1772634658.8193414,5,-82.39349365234375
1772634664.4050975,6,68.17058563232422
1772634667.8833272,7,-123.24691009521484
1772634709.6490548,2,-100.0
1772634713.8409557,3,-133.37477111816406
1772634716.3636746,4,-113.06858825683594
1772634722.7489393,5,-58.48499298095703
1772634723.530454,6,-103.35970306396484
1772634730.3725643,7,-165.6697998046875
1772634777.527287,2,-149.83255004882812
1772634782.983142,3,-147.11502075195312
1772634795.112838,4,-99.20930480957031
1772634802.666987,5,-163.4524688720703
1772634808.302991,6,-144.80880737304688
1772634812.0796938,7,-135.43826293945312
1772634819.0162961,8,-164.02674865722656
1772634829.7264683,9,-183.71054077148438
1772634839.0526054,10,-169.27401733398438
1772634848.1310802,11,-166.29627990722656
1772634852.8802006,12,-123.84076690673828
1772634856.3549836,13,-28.092525482177734
1772634861.1470933,14,-29.679264068603516
1772634867.5974078,15,-140.61964416503906
1772634873.2413013,16,-154.01470947265625
1772634875.916411,17,-116.29853820800781
1772634879.2754357,18,-118.77986145019531
1772634879.6299696,19,-100.0
1772634894.051397,20,-198.1778106689453
1772634896.4842403,21,-113.02003479003906
1772634897.2824943,22,-103.97232818603516
1772634905.8910453,23,-167.46189880371094
1772634910.402449,24,-28.562650680541992
1772634915.5534835,25,-128.30059814453125
1772634920.241507,26,-139.91453552246094
1772634920.9856527,27,-102.39219665527344
1772634921.2979965,28,-101.3271255493164
1772634930.947566,29,-166.9282989501953
1772634935.0359719,30,-130.3742218017578
1772634939.563129,31,-129.21461486816406
1772634940.0269537,32,-101.0927734375
1772634942.3068986,33,-119.26008605957031
1772634946.3083162,34,-131.68910217285156
1772634949.67564,35,-19.952455520629883
1772634952.8259423,36,-17.047218322753906
1772634954.9252472,37,-117.84272003173828
1772634959.3090212,38,-142.21095275878906
1772634960.6894724,39,-105.07170104980469
1772634967.4984891,40,-138.44589233398438
1772634970.443923,41,-125.55529022216797
1772634976.4917238,42,-52.13053512573242
1772634977.3897715,43,-103.49372863769531
1772634977.7543466,44,-101.83709716796875
1772634980.8268266,45,-120.29043579101562
1772634986.2441905,46,-142.3617401123047
1772634989.3253415,47,-111.94132995605469
1772634992.9225461,48,-126.9434814453125
1772634994.315575,49,-110.58744812011719
1772634995.5556574,50,-106.3115234375
1772635001.4065428,51,-140.50320434570312
1772635008.3019466,52,-141.22845458984375
1772635009.2506592,53,-103.50852966308594
1772635011.5857887,54,-120.50501251220703
1772635012.0487576,55,-101.90167236328125
1772635017.2271063,56,-147.33067321777344
1772635022.2520216,57,-126.70818328857422
1772635022.866318,58,-101.58856964111328
1772635025.466426,59,-129.8983612060547
1772635026.5307245,60,-110.54444885253906
1772635032.0356658,61,-136.97479248046875
1772635032.9736059,62,-105.2902603149414
1772635033.123642,63,-100.0
1772635042.5852573,64,-155.97044372558594
1772635045.377153,65,-118.08946228027344
1772635047.994806,66,-123.10823822021484
1772635052.4094746,67,-128.0220184326172
1772635053.78041,68,-108.7782974243164
1772635058.6185956,69,-128.68975830078125
1772635073.784739,70,-91.58592987060547
1772635075.3550885,71,-102.99301147460938
1772635078.1095734,72,-120.50650787353516
1772635081.3290386,73,-123.64165496826172
1772635111.3626492,74,-174.2397003173828
1772635111.9476264,75,-100.0
1772635119.8988032,76,-178.7020721435547
1772635121.9241939,77,-110.66394805908203
1772635122.3163822,78,-101.8370590209961
1772635130.4346414,79,-170.86671447753906
1772635132.5806038,80,-113.29119110107422
1772635133.6118374,81,-106.45051574707031
1772635140.9402475,82,-155.0201416015625
1772635141.6586668,83,-101.02645111083984
1772635143.2663882,84,-112.30425262451172
1772635143.5320628,85,-100.5999984741211
1772635147.7240124,86,-128.9522247314453
1772635149.581706,87,-119.67284393310547
1772635156.08988,88,-39.30946350097656
1772635159.8915756,89,-119.66213989257812
1772635160.8353705,90,-104.0170669555664
1772635169.7646315,91,-165.19459533691406
1772635180.2676797,92,-168.70387268066406
1772635181.5798848,93,-101.75015258789062
1772635182.9065993,94,-111.07067108154297
1772635183.1484988,95,-100.66219329833984
1772635188.6656492,96,-139.52328491210938
1772635193.423678,97,-132.19873046875
1772635199.3134346,98,-151.43011474609375
1772635205.1680906,99,-134.89569091796875
1772635206.3808622,100,-105.73273468017578
1772635213.337511,101,-148.7557830810547
1772635213.954623,102,-100.56869506835938
1772635214.540891,103,-101.67689514160156
1772635219.1404588,104,-124.06619262695312
1772635222.3939197,105,-23.120166778564453
1772635223.0245945,106,-101.71017456054688
1772635223.26662,107,-100.40532684326172
1772635225.3240283,108,-116.49575805664062
1772635227.7385373,109,-116.65532684326172
1772635232.973167,110,-36.82151794433594
1772635240.349618,111,-158.91229248046875
1772635241.44308,112,-102.77893829345703
1772635241.710325,113,-100.47352600097656
1772635242.0608876,114,-102.21967315673828
1772635243.9158778,115,-112.59442138671875
1772635245.986773,116,-117.85311889648438
1772635251.5711033,117,-156.0114288330078
1772635258.5782704,118,-150.5014190673828
1772635267.909221,119,-163.39794921875
1772635275.5734272,120,-155.2159881591797
1772635280.834266,121,-131.33258056640625
1772635281.3805249,122,-102.0230941772461
1772635281.5170174,123,-100.0
1772635283.1404946,124,-116.3415298461914
1772635286.156149,125,-117.69566345214844
1772635287.7315307,126,-107.91459655761719
1772635291.664748,127,-31.46430206298828
1772635292.9135997,128,-102.10336303710938
1772635293.187583,129,-101.27079010009766
1772635293.4331133,130,-101.0610580444336
1772635293.6124141,131,-100.46075439453125
1772635297.05915,132,-120.56499481201172
1772635300.049382,133,-115.95694732666016
1772635303.2030485,134,-127.30917358398438
1772635303.5394154,135,-100.66798400878906
1772635306.4476454,136,-112.9375991821289
1772635316.1319385,137,-177.6261749267578
1772635319.3306317,138,-125.42205047607422
1772635322.6038096,139,-120.26994323730469
1772635327.1763382,140,-39.40134048461914
1772635334.3531613,141,-157.87510681152344
1772635335.8213062,142,-103.55829620361328
1772635337.0038333,143,-106.08667755126953
1772635340.716935,144,-139.78948974609375
1772635344.099639,145,-124.29856872558594
1772635347.5412757,146,-117.80549621582031
1772635348.1270566,147,-103.39517211914062
1772635349.0698462,148,-106.30718231201172
1772635349.3671355,149,-100.30903625488281
1772635349.730615,150,-102.07620239257812
1772635349.924496,151,-100.29702758789062
1772635350.6837947,152,-104.70735931396484
1772635351.673411,153,-103.87828063964844
1772635352.5805218,154,-106.9756088256836
1772635353.8222778,155,-107.7603530883789
1772635354.1943452,156,-101.00625610351562
1772635358.2210543,157,-121.67948150634766
1772635363.4588559,158,-144.92955017089844
1772635365.133165,159,-107.05924224853516
1772635366.56331,160,-106.92839813232422
1772635367.4074671,161,-102.14177703857422
1772635368.1392581,162,-103.01480865478516
1772635368.46152,163,-100.65165710449219
1772635373.0803015,164,-124.21072387695312
1772635377.2201295,165,-133.54916381835938
1772635383.2768297,166,-154.8428192138672
1772635383.8242583,167,-101.11129760742188
1772635386.0428362,168,-120.11355590820312
1772635390.7888615,169,-141.7874755859375
1772635391.6528668,170,-102.24183654785156
1772635394.7015147,171,-115.18248748779297
1772635397.8828688,172,-27.137685775756836
1772635398.6116238,173,-101.76087188720703
1772635400.0976627,174,-113.82044982910156
1772635402.925753,175,-117.45331573486328
1772635404.3706279,176,-106.2428970336914
1772635404.6164315,177,-100.30988311767578
1772635406.9480417,178,-117.95845031738281
1772635407.7557154,179,-102.35294342041016
1772635413.5066075,180,-144.5086669921875
1772635464.598921,181,-168.04608154296875
1772635466.5758512,182,-113.12278747558594
1772635467.3326044,183,-103.00115966796875
1772635468.524014,184,-108.02840423583984
1772635470.8335786,185,-113.97628021240234
1772635473.5021415,186,-111.97024536132812
1772635480.1774147,187,-162.50816345214844
1772635485.465508,188,-137.38697814941406
1772635495.195421,189,-199.6891326904297
1772635496.1870923,190,-102.28583526611328
1772635503.742964,191,-146.87054443359375
1772635504.6438951,192,-103.32898712158203
1772635507.4189138,193,-117.96302795410156
1772635515.4713676,194,-146.81805419921875
1772635516.5490873,195,-103.23712158203125
1772635516.995458,196,-101.68741607666016
1772635519.0198712,197,-115.34630584716797
1772635522.1244931,198,-19.202030181884766
1772635525.2524607,199,-27.168651580810547
1772635526.6506484,200,-102.95916748046875
1772635529.1040773,201,-119.19901275634766
1772635531.865703,202,-126.6130142211914
1772635534.4671462,203,-115.22774505615234
1772635538.8429224,204,-132.9947052001953
1772635544.1644378,205,-39.867549896240234
1772635544.8036187,206,-102.1905288696289
1772635546.0753632,207,-110.23767852783203
1772635552.041908,208,-131.1757354736328
1772635556.0180879,209,-122.45315551757812
1772635558.8342566,210,-120.97518157958984
1772635559.545213,211,-102.12564849853516
1772635574.092387,212,-196.87435913085938
1772635576.922844,213,-113.19953918457031
1772635578.2973542,214,-104.95884704589844
1772635584.3554957,215,-134.0808868408203
1772635586.3397138,216,-110.95001983642578
1772635590.0600672,217,-123.2601547241211
1772635590.575969,218,-100.89401245117188
1772635591.4368448,219,-104.94298553466797
1772635597.3025444,220,-150.85250854492188
1772635602.30806,221,-133.6273193359375
1772635606.1794348,222,-33.01388168334961
1772635608.0795639,223,-106.5822525024414
1772635608.7485735,224,-104.4538803100586
1772635610.703559,225,-117.75523376464844
1772635612.6197643,226,-110.40192413330078
1772635613.2324927,227,-102.57748413085938
1772635614.4827719,228,-105.94871520996094
1772635614.6693287,229,-100.0
1772635621.9043925,230,-165.654052734375
1772635624.7071958,231,-117.7641372680664
1772635628.460428,232,-125.00530242919922
1772635632.836904,233,-119.39924621582031
1772635633.2517467,234,-100.6041030883789
1772635633.4429824,235,-100.74835968017578
1772635635.6476634,236,-116.64311981201172
1772635636.963702,237,-106.45458221435547
1772635638.7740643,238,-109.48003387451172
1772635641.169232,239,-114.84857177734375
1772635642.7677526,240,-116.74848175048828
1772635643.8974755,241,-106.16947937011719
1772635644.753817,242,-103.91773986816406
1772635657.420367,243,-193.91845703125
1772635663.6019871,244,-132.309814453125
1772635664.8134837,245,-109.7211685180664
1772635667.6912875,246,-130.50193786621094
1772635669.936463,247,-119.32232666015625
1772635670.797218,248,-103.21029663085938
1772635675.4104917,249,-142.40997314453125
1772635679.90949,250,-129.6548614501953
1772635682.9249997,251,-117.87108612060547
1772635684.4924612,252,-106.29796600341797
1772635687.469648,253,-128.93907165527344
1772635692.2402964,254,-141.18878173828125
1772635694.9299157,255,-113.2193603515625
1772635695.235415,256,-100.12870788574219
1772635696.5564024,257,-111.29051208496094
1772635700.9402921,258,-118.73809051513672
1772635705.059779,259,-15.955257415771484
1772635718.3166354,260,-192.52682495117188
1772635719.8890517,261,-106.04603576660156
1772635726.146874,262,-142.31219482421875
1772635728.3232899,263,-108.45313262939453
1772635729.157159,264,99.48606872558594
1772635730.339669,265,-112.29808807373047
1772635735.020191,266,-140.36648559570312
1772635742.1553001,267,-149.4882354736328
1772635742.8005836,268,-100.91630554199219
1772635752.3327308,269,-179.90493774414062
1772635753.1451705,270,-101.10670471191406
1772635756.659811,271,-133.1963348388672
1772635759.795971,272,-124.5149154663086
1772635832.4284894,273,-128.7672576904297
1772635832.8154998,274,-100.62449645996094
1772635833.7884145,275,-111.28838348388672
1772635840.6651673,276,-159.12539672851562
1772635842.2593153,277,-109.9306640625
1772635843.3411272,278,-111.77899932861328
1772635854.4776978,279,-195.35736083984375
1772635857.6548882,280,-120.08920288085938
1772635858.674117,281,-107.52473449707031
1772635860.2430987,282,-115.11065673828125
1772635862.3190782,283,-117.91845703125
1772635863.7381372,284,-113.66278839111328
1772635864.6046462,285,-108.45917510986328
1772635864.8769631,286,-100.84803009033203
1772635871.2354262,287,-139.6510772705078
1772635874.3960235,288,-127.96234893798828
1772635877.6755223,289,-123.140380859375
1772635882.8633249,290,-131.02024841308594
1772635891.9076717,291,-165.37130737304688
1772635893.3796136,292,-105.44384765625
1772635895.97986,293,-119.41366577148438
1772635896.5175083,294,-103.16645812988281
1772635897.1771338,295,-105.29412078857422
1772635899.9393625,296,-115.48857116699219
1772635902.290774,297,-115.26453399658203
1772635904.6744614,298,-115.79100799560547
1772635905.1991143,299,-102.3311996459961
1772635906.5641134,300,-113.21749114990234
1772635914.9243412,301,-58.51525115966797
1772635917.5974987,302,-120.15653228759766
1772635919.473841,303,-108.9350357055664
1772635930.9334316,304,-179.14443969726562
1772635939.4643276,305,-162.82235717773438
1772635940.580042,306,-103.15496063232422
1772635940.909088,307,-100.96485137939453
1772635945.5534067,308,-129.05636596679688
1772635948.95543,309,-113.15020751953125
1772635952.9136806,310,-132.33424377441406
1772635953.739705,311,-104.40019226074219
1772635962.928533,312,-172.60643005371094
1772635963.7057898,313,-101.25853729248047
1772635965.7069867,314,-107.41617584228516
1772635966.6676824,315,-103.06980895996094
1772635973.0696204,316,-138.9667510986328
1772635982.4753394,317,-58.370609283447266
1772635983.875409,318,-105.4077377319336
1772635988.557313,319,-43.522254943847656
1772635988.9305453,320,-100.0
1772635990.7442317,321,-110.71358489990234
1772635999.9469178,322,-160.59458923339844
1772636003.436968,323,-114.9812240600586
1772636005.040769,324,-109.54989624023438
1772636007.874751,325,-124.54129028320312
1772636008.1759212,326,-100.0
1772636008.3008041,327,-100.0
1772636008.8758981,328,-102.11602783203125
1772636009.6352608,329,-103.87537384033203
1772636012.6749978,330,-120.30178833007812
1772636014.6737795,331,-107.23651123046875
1772636023.756972,332,-161.4540557861328
1772636026.8285952,333,-122.90739440917969
1772636028.8757324,334,-119.08102416992188
1772636029.1635177,335,-100.38182067871094
1772636036.7169864,336,-141.81756591796875
1772636042.3904645,337,-151.07164001464844
1772636055.2681038,338,-208.69320678710938
1772636056.5300112,339,-102.89346313476562
1772636059.258091,340,-119.39131927490234
1772636065.6815364,341,-140.6483917236328
1772636067.1182156,342,-107.7970199584961
1772636072.3017166,343,-36.31641387939453
1772636076.0447145,344,-115.11592102050781
1772636082.9241536,345,-156.35992431640625
1772636086.4764462,346,-127.73301696777344
1772636087.8750591,347,-107.38804626464844
1772636089.9670198,348,-111.12311553955078
1772636096.3548672,349,-156.4595184326172
1772636101.611186,350,-141.1445770263672
1772636108.9790695,351,-140.9771270751953
1772636110.7481441,352,-109.75567626953125
1772636112.2832253,353,-114.7471923828125
1772636113.4884422,354,-108.21776580810547
1772636114.3929193,355,-106.86905670166016
1772636115.5146291,356,-111.03347778320312
1772636115.8012307,357,-100.72073364257812
1772636123.8907804,358,-161.5222930908203
1772636127.592116,359,-115.48196411132812
1772636129.0599027,360,-107.17816162109375
1772636131.4109218,361,-114.9207992553711
1772636131.7066479,362,-100.77045440673828
1772636136.2580583,363,-134.2934112548828
1772636263.1240735,364,-171.68023681640625
1772636264.1766577,365,-102.68265533447266
1772636267.781367,366,-123.18098449707031
1772636272.3957243,367,-130.94227600097656
1772636276.8758955,368,-142.90594482421875
1772636277.2280703,369,-100.0
1772636279.5321703,370,-111.93962860107422
1772636279.9536479,371,-100.50930786132812
1772636282.8115404,372,-128.55947875976562
1772636283.602868,373,-103.34906768798828
1772636285.795808,374,-120.80826568603516
1772636287.3449876,375,-110.77415466308594
1772636291.4835482,376,-120.24403381347656
1772636297.1009583,377,-134.56460571289062
1772636301.358118,378,-118.57904815673828
1772636309.668541,379,-152.97451782226562
1772636310.9476964,380,-103.18782043457031
1772636316.4842105,381,-155.190673828125
1772636320.3006496,382,-128.01710510253906
1772636322.6052861,383,-124.43749237060547
1772636326.6697383,384,-139.238525390625
1772636331.5657747,385,-125.83721160888672
1772636333.965828,386,-117.2898941040039
1772636341.4881294,387,-155.88052368164062
1772636350.636322,388,-166.0131072998047
1772636355.839069,389,-47.14719772338867
1772636357.1548088,390,-105.9501724243164
1772636358.6205661,391,-108.79158782958984
1772636360.049394,392,-107.74037170410156
1772636366.852486,393,-168.66748046875
1772636368.7274091,394,-111.13299560546875
1772636368.9325142,395,-100.0
1772636372.718023,396,-115.67107391357422
1772636378.4358995,397,-149.25894165039062
1772636385.1651218,398,-139.0781707763672
1772636392.1712968,399,59.95139694213867
1772636395.2179682,400,-118.50031280517578
1772636397.296435,401,-111.97422790527344
1772636397.988634,402,-105.06927490234375
1772636398.2522228,403,-101.13114929199219
1772636399.5693388,404,-112.95587158203125
1772636401.699715,405,-118.7816162109375
1772636402.2837136,406,-101.58910369873047
1772636403.8797407,407,-111.00932312011719
1772636404.4205577,408,-102.43183898925781
1772636404.6838546,409,-100.33402252197266
1772636408.4931448,410,-120.23226928710938
1772636408.8770607,411,-100.46741485595703
1772636410.2009673,412,-106.77752685546875
1772636413.146407,413,-117.25540161132812
1772636421.6474993,414,-54.89948654174805
1772636423.6651907,415,-107.42147827148438
1772636424.597543,416,-103.01869201660156
1772636424.8689523,417,-100.8182144165039
1772636425.0050526,418,-100.0
1772636425.1862626,419,-100.7491226196289
1772636425.9973593,420,-102.97465515136719
1772636430.5115361,421,-129.03297424316406
1772636430.9250026,422,-100.73423767089844
1772636434.7650793,423,-119.60150146484375
1772636443.8120742,424,-170.67977905273438
1772636445.1877456,425,-110.13616180419922
1772636446.2275038,426,-107.12028503417969
1772636448.141134,427,-112.9888916015625
1772636450.1250377,428,-109.54692840576172
1772636451.0333989,429,-103.85020446777344
1772636452.0358741,430,-107.93681335449219
1772636454.7239761,431,-117.58724212646484
1772636456.4595964,432,-105.85491180419922
1772636460.5696473,433,-126.9034423828125
1772636462.6920688,434,-117.01244354248047
1772636468.0490406,435,-139.6704559326172
1772636469.0631256,436,-105.40565490722656
1772636476.2754867,437,-158.07635498046875
1772636478.0044327,438,-106.90684509277344
1772636480.8158257,439,-116.55217742919922
1772636487.3466802,440,-156.76683044433594
1772636492.4103389,441,-132.78668212890625
1772636494.5007348,442,-121.54728698730469
1772636499.0599525,443,-122.84623718261719
1772636501.0756288,444,-115.33506774902344
1772636501.9996607,445,-107.17180633544922
1772636502.8588228,446,-102.52179718017578
1772636504.9874122,447,-120.18841552734375
1772636505.5626276,448,-101.34201049804688
1772636508.6531546,449,-117.56453704833984
1772636508.9945295,450,-100.916015625
1772636520.5244014,451,21.120059967041016
1772636525.9196496,452,-139.40008544921875
1772636528.1257722,453,-117.83641815185547
1772636530.1477604,454,-119.68545532226562
1772636531.0531538,455,-104.37200927734375
1772636533.586606,456,-126.59251403808594
1772636537.104016,457,-125.74556732177734
1772636537.5790827,458,-100.96002960205078
1772636537.764925,459,-100.72525787353516
1772636539.1475055,460,-107.76168060302734
1772636543.194104,461,-123.5806655883789
1772636543.5959444,462,-100.65037536621094
1772636546.7550635,463,-121.5943832397461
1772636548.1859577,464,-110.64099884033203
1772636550.2839925,465,-108.3037338256836
1772636554.156034,466,-124.89486694335938
1772636555.5658014,467,-107.81267547607422
1772636555.917505,468,-101.27752685546875
1772636562.8830523,469,-143.6351776123047
1772636655.6799843,470,-111.48095703125
1772636662.5218358,471,-137.98728942871094
1772636663.05341,472,-100.5999984741211
1772636663.4583976,473,-99.92144012451172
1772636664.2526944,474,-107.96725463867188
1772636665.8368556,475,-102.5090103149414
1772636666.9478476,476,-105.23543548583984
1772636667.6923435,477,-106.99127197265625
1772636670.1569185,478,-117.11589813232422
1772636672.4528465,479,-111.4249496459961
1772636672.6933463,480,-100.0
1772636675.2130454,481,-113.906494140625
1772636678.8119586,482,-138.5791473388672
1772636679.1729307,483,-100.5999984741211
1772636683.4985294,484,-131.9798126220703
1772636684.525039,485,-106.2470932006836
1772636688.8117638,486,-127.8841323852539
1772636691.651019,487,87.03575134277344
1772636695.6687648,488,-138.64154052734375
1772636700.9627228,489,-132.99632263183594
1772636703.8651109,490,-124.0096435546875
1772636711.2754428,491,-155.85922241210938
1772636712.1308575,492,-103.9183578491211
1772636715.0256684,493,-132.24974060058594
1772636715.63631,494,-102.89773559570312
1772636717.069325,495,-109.93167114257812
1772636718.6722052,496,-112.35657501220703
1772636721.4028788,497,-122.58746337890625
1772636723.7953393,498,91.33457946777344
1772636725.5705698,499,-105.7868881225586
1772636730.3071814,500,-123.64259338378906
1772636730.9574692,501,-100.84196472167969
1772636732.6975513,502,-110.98844146728516
1772636735.0641613,503,-107.24897766113281
1772636735.9700549,504,-106.42266082763672
1772636738.7222502,505,-110.15544128417969
1772636743.0959368,506,-133.14524841308594
1772636746.7879877,507,-122.18963623046875
1772636748.964039,508,-111.73652648925781
1772636754.809752,509,-146.38311767578125
1772636762.5085335,510,-161.8397979736328
1772636766.1618543,511,-128.91641235351562
1772636766.579144,512,-101.55917358398438
1772636767.4376411,513,-105.3242416381836
1772636769.0737348,514,-113.9668960571289
1772636773.4031227,515,-124.26567840576172
1772636781.2424617,516,-164.4739990234375
1772636781.8925683,517,-100.80371856689453
1772636789.9535372,518,-166.09864807128906
1772636791.31514,519,-107.65937042236328
1772636793.6306481,520,-118.97913360595703
1772636795.2354438,521,-107.62445068359375
1772636797.5085225,522,-130.90896606445312
1772636799.5792801,523,-109.71592712402344
1772636802.1800175,524,-125.58747100830078
1772636805.2927127,525,-132.033935546875
1772636809.0999186,526,-134.22454833984375
1772636810.9463484,527,-116.18938446044922
1772636820.835283,528,-156.23345947265625
1772636824.4598107,529,-125.7605209350586
1772636824.8586905,530,-101.41053771972656
1772636826.5091417,531,-103.98968505859375
1772636833.6126237,532,-149.1385040283203
1772636835.8266425,533,-112.07530212402344
1772636836.3886995,534,-101.89812469482422
1772636844.011742,535,-66.3603515625
1772636846.5556984,536,-117.47694396972656
1772636854.2672753,537,-158.05563354492188
1772636858.37216,538,-18.554309844970703
1772636860.7703638,539,-108.07413482666016
1772636865.5227659,540,-143.87826538085938
1772636867.7159257,541,-108.86444091796875
1772636870.4259012,542,-115.47003936767578
1772636870.9634504,543,-100.89994812011719
1772636874.962816,544,-124.38934326171875
1772636875.309203,545,-100.0
1772636879.9800427,546,-144.82827758789062
1772636881.3163087,547,-108.44601440429688
1772636881.6681015,548,-101.14166259765625
1772636883.0450692,549,-107.12865447998047
1772636883.683533,550,-102.7143325805664
1772636885.028661,551,-110.28965759277344
1772636889.362742,552,-122.84002685546875
1772636893.742431,553,-126.67546844482422
1772636900.621701,554,-165.5252685546875
1772636904.9093058,555,-122.95215606689453
1772636906.6036685,556,-109.79886627197266
1772636910.7869089,557,-127.68624877929688
1772636914.169762,558,-118.90180206298828
1772636924.3365145,559,-176.73350524902344
1772636930.5098271,560,-133.99490356445312
1772636932.3008766,561,-110.09839630126953
1772636934.5877812,562,-119.32024383544922
1772636936.2598302,563,-109.90208435058594
1772636938.9467535,564,-121.9377670288086
1772636942.8107805,565,-127.2294692993164
1772636945.3871331,566,-123.33550262451172
1772636959.6642284,567,-206.25697326660156
1772637069.7623608,568,-160.92828369140625
1772637072.1402352,569,-116.1966552734375
1772637078.276198,570,-151.39427185058594
1772637078.9773803,571,-100.2594985961914
1772637080.0753777,572,-111.21102905273438
1772637085.9153907,573,-144.4402313232422
1772637089.764558,574,80.93082427978516
1772637091.6829453,575,-113.43206787109375
1772637094.8209236,576,-25.47732162475586
1772637095.2836072,577,-101.0419692993164
1772637096.5572243,578,-109.31066131591797
1772637103.2821872,579,-126.83528137207031
1772637108.8903594,580,-135.95281982421875
1772637109.297709,581,-100.0
1772637127.6933208,582,-221.00350952148438
1772637134.7544336,583,-163.90390014648438
1772637136.0052023,584,-107.62666320800781
1772637137.089528,585,-104.84727478027344
1772637137.2653673,586,-100.0
1772637139.6992762,587,-122.4712905883789
1772637146.7144756,588,-156.42633056640625
1772637152.3254843,589,-139.57110595703125
1772637155.5317526,590,-118.80653381347656
1772637159.1388013,591,-131.55831909179688
1772637174.0916314,592,-107.89373779296875
1772637180.2371862,593,-135.40054321289062
1772637181.4443815,594,-103.38701629638672
1772637185.4989188,595,-118.8462905883789
1772637187.4929142,596,-116.5598373413086
1772637188.243356,597,-104.54069519042969
1772637190.0920749,598,-109.55752563476562
1772637195.4508312,599,-133.00592041015625
1772637205.7453873,600,-177.25868225097656
1772637207.0915751,601,-105.21795654296875
1772637209.3926961,602,-107.7115707397461
1772637210.2801929,603,-103.86479187011719
1772637213.1874156,604,-126.24634552001953
1772637219.8953667,605,-141.85781860351562
1772637221.1882567,606,-102.61344909667969
1772637227.5713174,607,-132.28697204589844
1772637233.4862185,608,-134.454345703125
1772637241.0602722,609,-144.95079040527344
1772637246.8839674,610,-149.55078125
1772637253.444362,611,-143.52658081054688
1772637257.8378146,612,-134.32386779785156
1772637258.3501456,613,-100.95446014404297
1772637265.1048615,614,-140.90188598632812
1772637267.568945,615,-108.23685455322266
1772637276.5486789,616,-165.7734375
1772637277.2286713,617,-100.0
1772637278.5406346,618,-111.48603057861328
1772637281.197023,619,-125.10624694824219
1772637283.2768888,620,-107.72665405273438
1772637283.7912073,621,-102.27631378173828
1772637285.196141,622,-108.34043884277344
1772637288.6824677,623,-120.67305755615234
1772637290.2872195,624,-109.54651641845703
1772637290.5750475,625,-100.82717895507812
1772637290.7643008,626,-100.38619232177734
1772637292.795891,627,-114.94213104248047
1772637297.4762676,628,-142.3968048095703
1772637298.227524,629,-104.39415740966797
1772637299.6310973,630,-111.76800537109375
1772637300.6860313,631,-104.44679260253906
1772637300.8782852,632,-100.0
1772637303.1900547,633,-113.61802673339844
1772637307.7278745,634,-123.71110534667969
1772637310.2653244,635,-116.10148620605469
1772637310.7923555,636,-101.87335205078125
1772637310.9968896,637,-100.40437316894531
1772637312.495188,638,-117.46630096435547
1772637313.358146,639,-105.24118041992188
1772637316.6355495,640,-29.845081329345703
1772637322.446399,641,-151.20204162597656
1772637332.588791,642,-184.30447387695312
1772637333.3890214,643,-100.78399658203125
1772637339.1167104,644,-126.49214935302734
1772637340.4996877,645,-108.61129760742188
1772637341.381074,646,-105.18690490722656
1772637345.4026914,647,-143.0071563720703
1772637345.740938,648,-100.0
1772637346.0353212,649,-100.65808868408203
1772637350.4350672,650,-140.9902801513672
1772637351.8758066,651,-107.6766586303711
1772637352.0627174,652,-100.0
1772637355.5371969,653,-124.340576171875
1772637357.1657474,654,-109.02044677734375
1772637358.7445107,655,-106.12567138671875
1772637363.5982478,656,-153.1383819580078
1772637366.3962715,657,-114.28112030029297
1772637370.8927493,658,-137.25363159179688
1772637379.9082456,659,-188.89759826660156
1772637453.7330837,660,-112.3831787109375
1772637457.9236996,661,-133.9046630859375
1772637465.905425,662,-165.8948974609375
1772637466.4764616,663,-100.0
1772637471.3763828,664,-130.7013702392578
1772637473.0392578,665,-113.69552612304688
1772637473.7456622,666,-103.69696807861328
1772637473.9007962,667,-100.0
1772637476.8125076,668,-121.6686782836914
1772637478.682549,669,-114.8888168334961
1772637481.394516,670,-123.22383880615234
1772637484.0188422,671,-111.2330551147461
1772637486.403782,672,-115.49676513671875
1772637486.8196774,673,-100.9862289428711
1772637487.2342608,674,-102.91231536865234
1772637489.100441,675,-107.43116760253906
1772637492.6591954,676,-24.11143684387207
1772637493.0282102,677,-100.39939880371094
1772637494.0930185,678,-106.97909545898438
1772637496.5888038,679,-123.51131439208984
1772637497.807439,680,-106.37637329101562
1772637507.4045317,681,-167.83773803710938
1772637508.2240944,682,-102.2236557006836
1772637508.420523,683,-100.6905746459961
1772637512.1312737,684,-120.6988296508789
1772637519.2334943,685,-61.81686019897461
1772637520.7625153,686,-102.10467529296875
1772637521.0047748,687,-100.87838745117188
1772637521.1329453,688,-100.0
1772637521.3072448,689,-100.78423309326172
1772637522.747958,690,-107.23861694335938
1772637526.4003234,691,-120.43182373046875
1772637527.4428873,692,-107.90391540527344
1772637527.7205393,693,-100.39015197753906
1772637528.7630646,694,-106.545166015625
1772637534.5149627,695,-159.03057861328125
1772637535.3084347,696,-101.93895721435547
1772637535.5070274,697,-100.74833679199219
1772637537.4362183,698,-118.97592163085938
1772637539.1656656,699,-112.20879364013672
1772637539.4369628,700,-100.29662322998047
1772637539.6206207,701,-100.46144104003906
1772637540.7865663,702,-113.86959838867188
1772637543.4516778,703,-120.47421264648438
1772637546.8529098,704,-108.7120132446289
1772637549.165079,705,-119.83900451660156
1772637549.8842661,706,-106.43782043457031
1772637551.5332086,707,-112.83484649658203
1772637551.9727337,708,-103.31075286865234
1772637552.1722515,709,-100.91991424560547
1772637553.5492232,710,-111.91377258300781
1772637554.276719,711,-102.61992645263672
1772637557.7151318,712,-121.3367919921875
1772637558.2532349,713,-101.87886810302734
1772637560.378746,714,-110.11227416992188
1772637565.426653,715,-140.3076171875
1772637566.098983,716,-104.52149963378906
1772637569.5941823,717,-120.09544372558594
1772637571.6295106,718,-111.065185546875
1772637572.013654,719,-101.42642211914062
1772637577.826591,720,-153.20376586914062
1772637579.779534,721,-108.41832733154297
1772637584.9318762,722,-130.45791625976562
1772637587.537129,723,-116.35609436035156
1772637587.8443935,724,-100.48976135253906
1772637588.9083045,725,-108.52764129638672
1772637589.8199153,726,-103.03421783447266
1772637590.032084,727,-100.61485290527344
1772637591.9534671,728,-115.38177490234375
1772637592.9257815,729,-107.94305419921875
1772637595.8531044,730,-124.88899993896484
1772637598.8760114,731,-117.60803985595703
1772637599.8440323,732,-106.68597412109375
1772637601.092508,733,-107.39180755615234
1772637601.7106917,734,-103.49884033203125
1772637601.8598416,735,-100.0
1772637602.3305988,736,-102.35545349121094
1772637605.5624425,737,-125.90106964111328
1772637607.3871558,738,-116.03661346435547
1772637608.918028,739,-106.6197280883789
1772637609.2513063,740,-101.12895965576172
1772637612.562628,741,-15.955830574035645
1772637616.2600713,742,-124.36397552490234
1772637616.6346724,743,-100.74512481689453
1772637619.3874135,744,-127.97586822509766
1772637621.7399468,745,-120.2008056640625
1772637626.2863626,746,-138.73681640625
1772637627.075259,747,-101.29380798339844
1772637631.0524747,748,-128.34315490722656
1772637631.7882936,749,-102.48806762695312
1772637631.9212003,750,-100.0
1772637633.2000427,751,-108.99158477783203
1772637635.315156,752,-118.1695785522461
1772637635.6291015,753,-100.49483489990234
1772637635.758076,754,-100.0
1772637642.7402966,755,-149.1375274658203
1772637645.8096454,756,-114.69956970214844
1772637649.4357343,757,-126.71729278564453
1772637649.7487392,758,-100.0
1772637652.164801,759,-115.37350463867188
1772637653.6654873,760,-109.61207580566406
1772637654.488654,761,-103.10741424560547
1772637658.6687622,762,-123.87287902832031
1772637659.9932826,763,-112.36297607421875
1772637660.3962438,764,-101.40824127197266
1772637660.5246801,765,-100.0
1772637661.821052,766,-110.36827850341797
1772637664.013351,767,-115.59033966064453
1772637665.8497214,768,-111.54227447509766
1772637666.4595983,769,-104.12516784667969
1772637672.8352945,770,-142.55252075195312
1772637674.962877,771,-109.82760620117188
1772637678.4029384,772,-125.373291015625
1772637678.8844836,773,-101.23479461669922
1772637683.8927712,774,-128.6580352783203
1772637687.1695242,775,-117.72826385498047
1772637689.097005,776,-109.40331268310547
1772637691.2898784,777,-107.84648132324219
1772637691.6520758,778,-101.09294891357422
1772637693.764505,779,-114.52550506591797
1772637695.260435,780,-106.92342376708984
1772637695.8106456,781,-102.95109558105469
1772637696.1864102,782,-101.93746948242188
1772637697.228582,783,-106.7759017944336
1772637698.0770736,784,-107.7208023071289
1772637704.4503078,785,-151.28427124023438
1772637704.9082909,786,-100.0
1772637706.3380375,787,-107.8240966796875
1772637708.3478146,788,-121.76779174804688
1772637708.7896185,789,-101.7938461303711
1772637713.259258,790,-133.12863159179688
1772637713.7307765,791,-101.2750015258789
1772637715.3845494,792,-106.89519500732422
1772637718.0966697,793,-118.5513916015625
1772637720.7876918,794,-113.82948303222656
1772637721.475525,795,-104.10633087158203
1772637722.9834008,796,-107.44515228271484
1772637723.2756612,797,-100.25001525878906
1772637727.5962744,798,-27.556415557861328
1772637729.6922998,799,-114.88568878173828
1772637732.9224823,800,-124.98860168457031
1772637733.4341445,801,-101.90755462646484
1772637734.9888134,802,-117.61251831054688
1772637736.4917796,803,-107.95747375488281
1772637736.6839364,804,-100.0
1772637737.73012,805,-102.47089385986328
1772637741.5151386,806,-138.94085693359375
1772637742.4120915,807,-104.88213348388672
1772637742.6039762,808,-100.0
1772637746.011626,809,-126.36246490478516
1772637753.3283472,810,-160.27426147460938
1772637753.901437,811,-100.3867416381836
1772637755.4275725,812,-114.6508560180664
1772637758.6193006,813,-26.48807144165039
1772637761.1725364,814,-115.17879486083984
1772637763.0548475,815,-111.9666519165039
1772637835.2503908,816,-112.53388977050781
1772637837.8602765,817,-114.82321166992188
1772637838.4673939,818,-102.11016082763672
1772637839.940071,819,-112.18536376953125
1772637846.8507073,820,-160.30224609375
1772637847.6013823,821,-102.52897644042969
1772637847.7887597,822,-100.80052947998047
1772637861.7364619,823,-229.3480682373047
1772637862.9455895,824,-103.05509185791016
1772637863.1385581,825,-100.5999984741211
1772637864.1087327,826,-110.06716918945312
1772637864.9468403,827,-103.4085693359375
1772637876.5606964,828,-179.52943420410156
1772637878.4528465,829,-110.74251556396484
1772637881.0593886,830,-119.57566833496094
1772637885.0203385,831,-119.01982879638672
1772637889.131964,832,-124.56755065917969
1772637895.4182074,833,-153.48631286621094
1772637900.7153192,834,-125.45999908447266
1772637901.362422,835,-100.85986328125
1772637902.9630759,836,-110.5952377319336
1772637905.2435086,837,-116.8847885131836
1772637906.4353285,838,-106.42225646972656
1772637908.365439,839,-106.90308380126953
1772637909.2828567,840,-106.26099395751953
1772637910.3551638,841,-107.74762725830078
1772637912.6877296,842,-110.025390625
1772637913.9575322,843,-107.48799133300781
1772637915.4370062,844,-114.59439086914062
1772637917.4591985,845,-119.62547302246094
1772637917.8741083,846,-100.71311950683594
1772637918.564275,847,-105.33267974853516
1772637920.1961517,848,-110.53700256347656
1772637928.1409278,849,-153.5472869873047
1772637930.1574497,850,-106.04716491699219
1772637930.6425686,851,-102.31787872314453
1772637932.7797968,852,-122.15970611572266
1772637933.9606714,853,-111.37993621826172
1772637934.8712971,854,-107.14128875732422
1772637935.1951876,855,-102.05618286132812
1772637935.5545604,856,-101.5505142211914
1772637939.4680624,857,-118.46235656738281
1772637940.5874057,858,-104.91355895996094
1772637940.9730656,859,-102.03579711914062
1772637943.3627818,860,-118.95011901855469
1772637949.3471518,861,-140.86769104003906
1772637950.2523477,862,-103.81784057617188
1772637958.5854871,863,-159.88340759277344
1772637961.6767728,864,-123.8704833984375
1772637964.395988,865,-119.05021667480469
1772637965.3317714,866,-102.33452606201172
1772637967.001238,867,-114.30203247070312
1772637968.2103224,868,-105.9546890258789
1772637968.946399,869,-103.17301940917969
1772637970.1686347,870,-108.32798767089844
1772637970.4129763,871,-100.11141204833984
1772637970.6520474,872,-100.83330535888672
1772637976.1868994,873,-140.83895874023438
1772637978.019622,874,-108.14322662353516
1772637980.8897488,875,-117.58399963378906
1772637983.9926956,876,-23.829051971435547
1772637985.9962804,877,-116.07352447509766
1772637990.4128969,878,-130.19105529785156
1772637991.2276747,879,-101.53324127197266
1772637992.5806785,880,-108.89875030517578
1772637995.0347714,881,-125.36629486083984
1772638000.1314602,882,-36.75801467895508
1772638003.9597795,883,-133.01075744628906
1772638006.4675095,884,-121.33013153076172
1772638006.731513,885,-100.0
1772638014.395137,886,-152.90048217773438
1772638016.1237507,887,-112.72565460205078
1772638026.641571,888,-165.38702392578125
1772638027.5970538,889,-100.95113372802734
1772638034.3957472,890,-143.22398376464844
1772638036.4746199,891,-106.33882141113281
1772638038.7706122,892,-116.91986083984375
1772638043.0905569,893,-131.16378784179688
1772638043.501075,894,-100.490234375
1772638043.7389312,895,-101.2943344116211
1772638047.8025494,896,-120.60287475585938
1772638049.9590018,897,-114.08279418945312
1772638050.6364079,898,-105.30348205566406
1772638051.1624568,899,-102.7588882446289
1772638051.364543,900,-100.73221588134766
1772638051.5557306,901,-100.352294921875
1772638053.1160092,902,-119.6787338256836
1772638057.3580568,903,-128.48056030273438
1772638058.9787257,904,-108.23348236083984
1772638060.5966728,905,-111.4516830444336
1772638063.0018396,906,-112.32888793945312
1772638065.764405,907,-113.63912200927734
1772638068.4594672,908,-122.14122772216797
1772638070.138379,909,-110.59809875488281
1772638073.210895,910,-15.114066123962402
1772638073.7952704,911,-103.3907470703125
1772638076.10792,912,-116.56617736816406
1772638080.461222,913,-134.8876190185547
1772638083.9625337,914,-124.57586669921875
1772638087.1591926,915,-116.12278747558594
1772638087.4428346,916,-100.0
1772638089.3802426,917,-114.09681701660156
1772638090.4995668,918,-108.11083221435547
1772638097.488257,919,-75.96565246582031
1772638106.914101,920,-165.55369567871094
1772638108.034335,921,-103.51358795166016
1772638114.1590946,922,-138.15541076660156
1772638114.6687849,923,-100.56098175048828
1772638115.3087018,924,-103.21381378173828
1772638116.8364012,925,-109.45289611816406
1772638119.7565403,926,-120.0567398071289
1772638123.5075297,927,-122.11457061767578
1772638124.7409308,928,-105.322021484375
1772638127.329804,929,-105.44547271728516
1772638128.859159,930,-112.30329895019531
1772638135.0438979,931,-161.4218292236328
1772638139.5835006,932,-33.398536682128906
1772638141.7510476,933,-108.17166137695312
1772638285.1256158,934,-113.02831268310547
1772638287.6864064,935,-124.94506072998047
1772638287.9203727,936,-100.0
1772638290.9843347,937,-125.21113586425781
1772638293.0735028,938,-109.66141510009766
1772638295.566688,939,-124.84906768798828
1772638296.0245464,940,-100.88982391357422
1772638299.4062777,941,-124.44139099121094
1772638301.9890656,942,-113.34381866455078
1772638306.332638,943,-121.1629409790039
1772638309.2234337,944,-117.54670715332031
1772638309.5187185,945,-100.60366821289062
1772638316.6802177,946,-165.8095703125
1772638317.2223084,947,-100.3540267944336
1772638317.637885,948,-101.86522674560547
1772638322.6251254,949,-132.2810516357422
1772638327.100791,950,-142.51858520507812
1772638327.5130076,951,-100.29898834228516
1772638329.5869029,952,-112.12177276611328
1772638332.8054152,953,-122.57099151611328
1772638335.4934144,954,-127.60149383544922
1772638336.075563,955,-104.36805725097656
1772638338.3447094,956,-111.45099639892578
1772638342.9282417,957,-137.62750244140625
1772638343.3289492,958,-100.59207153320312
1772638347.3666637,959,-136.24754333496094
1772638347.8562584,960,-101.62395477294922
1772638350.4819477,961,-123.38156127929688
1772638350.8107493,962,-100.22573852539062
1772638355.416727,963,-142.5067596435547
1772638358.4932485,964,-116.74258422851562
1772638361.3365722,965,-116.34912872314453
1772638364.3896716,966,-116.98930358886719
1772638366.0804915,967,-114.11615753173828
1772638366.726106,968,-103.67369842529297
1772638368.9893277,969,-111.23860931396484
1772638372.706835,970,-126.20881652832031
1772638373.2123823,971,-101.31869506835938
1772638373.3489275,972,-100.0
1772638375.7602706,973,-115.89752960205078
1772638377.5737956,974,-106.86812591552734
1772638378.67043,975,-108.52542877197266
1772638380.2940283,976,-106.10577392578125
1772638383.0248148,977,-115.596923828125
1772638386.981413,978,75.62265014648438
1772638390.3840835,979,-126.23399353027344
1772638392.5307152,980,-106.38329315185547
1772638393.596228,981,-103.32003784179688
1772638399.3401585,982,-33.102455139160156
1772638400.6326833,983,-105.72154998779297
1772638403.6936643,984,-123.68169403076172
1772638404.0279033,985,-100.9066390991211
1772638406.375632,986,-125.86909484863281
1772638410.2417934,987,-129.5444793701172
1772638412.7737,988,-119.66536712646484
1772638415.6490767,989,-117.88965606689453
1772638419.3885634,990,-133.69631958007812
1772638424.358163,991,-128.9794158935547
1772638430.2773998,992,-148.1235809326172
1772638431.80979,993,-109.79910278320312
1772638434.5617034,994,-124.69583892822266
1772638437.441746,995,-117.76898956298828
1772638437.8101428,996,-101.17530059814453
1772638440.9519644,997,-133.3665008544922
1772638443.3698485,998,-119.21664428710938
1772638445.1568203,999,-107.42091369628906
1772638445.5453124,1000,-100.3913345336914
1772638452.9035234,1001,-162.85836791992188
1772638453.683779,1002,-101.1441879272461
1772638455.9916506,1003,-118.71647644042969
1772638456.46353,1004,-101.36231994628906
1772638456.7097602,1005,-101.4904556274414
1772638458.4104824,1006,-106.81103515625
1772638458.6820111,1007,-100.5797119140625
1772638460.5408213,1008,-112.67327880859375
1772638465.2445455,1009,-46.094669342041016
1772638467.4969754,1010,-111.5020751953125
1772638468.450243,1011,-105.78085327148438
1772638472.109681,1012,-138.66954040527344
1772638472.9893177,1013,-105.68624877929688
1772638475.6739564,1014,-122.8269271850586
1772638478.7854304,1015,-16.462305068969727
1772638482.032014,1016,-128.7928009033203
1772638484.2301416,1017,-111.1845474243164
1772638484.9078283,1018,-101.80570220947266
1772638486.1771262,1019,-110.00662231445312
1772638486.4285922,1020,-100.53736114501953
1772638486.7845645,1021,-101.98186492919922
1772638489.3409057,1022,-118.03084564208984
1772638489.7199538,1023,-100.88642120361328
1772638492.3158174,1024,-123.13069152832031
1772638494.9929533,1025,-115.98562622070312
1772638500.3307922,1026,-140.30682373046875
1772638503.1872044,1027,-115.25595092773438
1772638503.6893733,1028,-101.53032684326172
1772638509.472699,1029,-132.00318908691406
1772638510.6490023,1030,-105.02033233642578
1772638513.6691022,1031,-134.84120178222656
1772638515.786554,1032,-114.10803985595703
1772638516.2468956,1033,-101.30485534667969
1772638519.7292109,1034,-121.2345962524414
1772638520.6131592,1035,-104.98539733886719
1772638521.891813,1036,-108.52587127685547
1772638523.110239,1037,-112.0489501953125
1772638524.6408315,1038,-113.11002349853516
1772638527.2888832,1039,-121.13815307617188
1772638527.6770718,1040,-101.27384948730469
1772638528.2495227,1041,-101.22223663330078
1772638532.179302,1042,-129.3015594482422
1772638537.192904,1043,-124.49127960205078
1772638537.634052,1044,-100.4398422241211
1772638537.8667843,1045,-101.142822265625
1772638540.027836,1046,-111.81563568115234
1772638540.6043298,1047,-101.11450958251953
1772638542.7628381,1048,-115.08724212646484
1772638544.7887342,1049,-111.9620590209961
1772638545.809261,1050,-103.50605773925781
1772638548.1030695,1051,-113.74850463867188
1772638548.4739563,1052,-100.79276275634766
1772638550.2853622,1053,-110.06842041015625
1772638551.7175186,1054,-116.90047454833984
1772638555.653535,1055,-122.07091522216797
1772638556.8719363,1056,-107.96562194824219
1772638557.036763,1057,-100.0
1772638557.8723698,1058,-106.18601989746094
1772638562.1813595,1059,-129.64434814453125
1772638566.429023,1060,-136.19720458984375
1772638569.024489,1061,-121.18253326416016
1772638569.896081,1062,-105.53604888916016
1772638576.7881162,1063,-161.89381408691406
1772638578.8544843,1064,-117.46611785888672
1772638579.1933453,1065,-100.49930572509766
1772638582.0180044,1066,-122.18244171142578
1772638586.4988635,1067,-122.77462768554688
1772638589.0260966,1068,-113.80224609375
1772638591.9459655,1069,-127.82853698730469
1772638592.9653006,1070,-106.56428527832031
1772638597.9476526,1071,-132.0240936279297
1772638730.179923,1072,-36.03068542480469
1772638731.110959,1073,-105.40571594238281
1772638732.828456,1074,-106.59927368164062
1772638734.9087527,1075,-110.63587951660156
1772638735.3113256,1076,-100.45642852783203
1772638744.0179515,1077,-183.97499084472656
1772638748.641314,1078,-21.201345443725586
1772638749.9136508,1079,-105.2987289428711
1772638750.4292326,1080,-102.68982696533203
1772638752.8070261,1081,-118.25420379638672
1772638753.631279,1082,-106.38617706298828
1772638763.8473897,1083,-205.71640014648438
1772638767.905954,1084,-121.78937530517578
1772638768.262026,1085,-100.65808868408203
1772638769.691509,1086,-107.3671875
1772638770.1272292,1087,-102.12723541259766
1772638772.0264943,1088,-110.07645416259766
1772638772.294508,1089,-100.71907806396484
1772638772.6564407,1090,-101.57892608642578
1772638774.6566837,1091,-116.91911315917969
1772638774.9397964,1092,-100.35295867919922
1772638783.6854138,1093,-150.65786743164062
1772638785.371537,1094,-105.3894271850586
1772638786.4052813,1095,-108.75852966308594
1772638790.6423526,1096,-138.81964111328125
1772638792.849426,1097,-113.0400390625
1772638800.504563,1098,-150.49842834472656
1772638808.6518662,1099,-165.2888946533203
1772638809.382732,1100,-101.70153045654297
1772638810.9135697,1101,-114.50342559814453
1772638813.4973207,1102,-110.37953186035156
1772638817.4317286,1103,-126.68595886230469
1772638818.8841877,1104,-106.30329132080078
1772638820.8505754,1105,-117.46258544921875
1772638822.986411,1106,-114.78675842285156
1772638823.2605963,1107,-100.49552154541016
1772638826.3753395,1108,-21.124780654907227
1772638826.6941085,1109,-100.0
1772638826.869765,1110,-99.85637664794922
1772638830.8884745,1111,-135.76280212402344
1772638831.3020756,1112,-100.33180236816406
1772638833.7215023,1113,-121.9719467163086
1772638842.6725924,1114,-70.2534408569336
1772638844.7740011,1115,-112.15760803222656
1772638845.039551,1116,-100.5571517944336
1772638846.8528342,1117,-114.89925384521484
1772638852.427299,1118,-138.44400024414062
1772638854.7073443,1119,-110.47224426269531
1772638855.0042133,1120,-100.15534973144531
1772638857.6012702,1121,-122.90770721435547
1772638857.978848,1122,-100.39965057373047
1772638859.585755,1123,-113.1008529663086
1772638862.7986429,1124,-17.648273468017578
1772638865.8837266,1125,-15.198074340820312
1772638866.4515676,1126,-102.54785919189453
1772638867.8823001,1127,-112.77818298339844
1772638869.1369357,1128,-106.80638885498047
1772638871.726759,1129,-123.33389282226562
1772638872.4884734,1130,-104.83595275878906
1772638875.4949148,1131,-116.91864776611328
1772638875.7555606,1132,-100.0
1772638876.6007376,1133,-105.32826232910156
1772638877.6558144,1134,-107.01659393310547
1772638878.6075888,1135,-110.8093032836914
1772638880.7838392,1136,-112.26376342773438
1772638881.1223116,1137,-101.11719512939453
1772638881.6691406,1138,-101.93297576904297
1772638881.8670151,1139,-100.70487213134766
1772638883.0566177,1140,-109.24749755859375
1772638883.300811,1141,-100.44247436523438
1772638885.2367518,1142,-113.06475830078125
1772638888.676508,1143,-129.4643096923828
1772638889.2110834,1144,-102.56820678710938
1772638889.5184612,1145,-101.62124633789062
1772638892.9918063,1146,76.9990463256836
1772638896.5501049,1147,-123.96976470947266
1772638897.8933733,1148,-107.04244995117188
1772638902.2589054,1149,-133.85853576660156
1772638908.3299844,1150,-150.92515563964844
1772638908.858158,1151,-101.17523193359375
1772638909.4976544,1152,-105.46287536621094
1772638913.7202756,1153,-135.12420654296875
1772638916.1626365,1154,-120.12944793701172
1772638917.3799434,1155,-103.57965850830078
1772638918.6670134,1156,-103.98040771484375
1772638922.305359,1157,-128.46372985839844
1772638924.719503,1158,-111.41321563720703
1772638926.7566106,1159,-111.81742095947266
1772638928.664461,1160,-116.21392822265625
1772638929.8799937,1161,-108.314453125
1772638930.6945028,1162,-103.20328521728516
1772638933.1480703,1163,-124.57166290283203
1772638935.8167024,1164,-124.3048095703125
1772638938.6705797,1165,-115.32368469238281
1772638941.2218678,1166,-115.00370788574219
1772638942.995138,1167,95.54002380371094
1772638943.9640992,1168,-107.55725860595703
1772638944.1302094,1169,-100.0
1772638946.3189585,1170,-117.1374740600586
1772638949.604988,1171,-118.554443359375
1772638958.4009807,1172,-142.08804321289062
1772638959.8137786,1173,-109.50396728515625
1772638964.0658324,1174,-134.77745056152344
1772638967.685286,1175,-122.80377197265625
1772638969.9538045,1176,-117.05572509765625
1772638976.6657052,1177,-58.203548431396484
1772638979.0563333,1178,-106.92801666259766
1772638979.351569,1179,-100.23977661132812
1772638979.7034278,1180,-101.22933959960938
1772638981.1855068,1181,-109.27622985839844
1772638981.5427752,1182,-101.3889389038086
1772638986.7002807,1183,-137.0635986328125
1772638987.5040927,1184,-103.05844116210938
1772638988.9977121,1185,-106.38077545166016
1772638991.1606731,1186,-121.91862487792969
1772638991.3833852,1187,-100.0
1772639001.3752842,1188,-170.8172607421875
1772639003.6819932,1189,-112.26470947265625
1772639005.4008286,1190,-105.95384979248047
1772639009.4467247,1191,-129.29881286621094
1772639010.2041137,1192,-103.14520263671875
1772639014.119279,1193,-129.30026245117188
1772639017.5100038,1194,-120.3203125
1772639019.7587416,1195,-119.78923034667969
1772639024.6562881,1196,66.09098052978516
1772639025.036593,1197,-100.0
1772639026.9406538,1198,-107.06334686279297
1772639027.298193,1199,-101.19999694824219
1772639027.480275,1200,-100.61991882324219
1772639029.5700986,1201,-115.73989868164062
1772639029.7973711,1202,-100.0
1772639029.957616,1203,-100.0
1772639031.8736382,1204,-113.54607391357422
1772639166.3570185,1205,-108.02969360351562
1772639166.8616867,1206,-104.7751235961914
1772639168.0486882,1207,-106.90916442871094
1772639170.842135,1208,-124.30109405517578
1772639174.1169386,1209,-121.06941986083984
1772639178.264967,1210,-136.44595336914062
1772639179.5599866,1211,-104.75818634033203
1772639182.4343226,1212,-120.90650177001953
1772639182.8219323,1213,-100.26365661621094
1772639190.277487,1214,-134.06552124023438
1772639193.4264133,1215,-122.63772583007812
1772639201.5709496,1216,-152.0370330810547
1772639203.5958009,1217,-112.30904388427734
1772639205.760207,1218,-116.02996826171875
1772639206.3735664,1219,-105.3918685913086
1772639206.5098,1220,-100.0
1772639207.360782,1221,-107.13058471679688
1772639207.7088182,1222,-101.66213989257812
1772639207.8459089,1223,-100.0
1772639213.9379456,1224,-143.1944122314453
1772639214.5456052,1225,-101.7891616821289
1772639217.3609774,1226,-118.9999008178711
1772639218.3525264,1227,-103.77861022949219
1772639219.1427886,1228,-104.2074203491211
1772639220.4573715,1229,-108.28163146972656
1772639222.4895816,1230,-116.29093933105469
1772639223.5805027,1231,-108.07991790771484
1772639224.2577136,1232,-104.31232452392578
1772639224.3957913,1233,-100.0
1772639228.4357502,1234,-126.02157592773438
1772639228.7750895,1235,-100.0
1772639231.8993094,1236,-126.9208984375
1772639234.5612671,1237,-116.942138671875
1772639236.910289,1238,-119.98330688476562
1772639239.2054217,1239,-122.70156860351562
1772639241.633521,1240,-114.93870544433594
1772639243.4804802,1241,-115.3653335571289
1772639247.1045604,1242,-119.23743438720703
1772639249.9460447,1243,-113.8965072631836
1772639250.2739265,1244,-100.68468475341797
1772639255.3151183,1245,-153.26609802246094
1772639255.8250735,1246,-101.23889923095703
1772639258.2498815,1247,-118.46070861816406
1772639258.501681,1248,-100.0
1772639260.4179187,1249,-121.59127807617188
1772639261.488279,1250,-102.49227142333984
1772639265.070411,1251,-116.3414077758789
1772639267.0441594,1252,-110.32913970947266
1772639268.441925,1253,-104.30692291259766
1772639268.6342735,1254,-100.0
1772639271.7080379,1255,-13.012066841125488
1772639272.5396767,1256,-104.68425750732422
1772639281.0813172,1257,-148.46182250976562
1772639290.1963127,1258,-154.2506103515625
1772639294.2135947,1259,-120.81295776367188
1772639296.9938688,1260,-118.23986053466797
1772639297.7525945,1261,-103.7554931640625
1772639299.2106755,1262,-110.03407287597656
1772639301.8086028,1263,-122.60902404785156
1772639303.7186768,1264,-111.52068328857422
1772639303.928811,1265,-100.0
1772639307.4233186,1266,-120.6714096069336
1772639309.6599593,1267,-108.82331848144531
1772639312.1293752,1268,-112.55387115478516
1772639314.3198178,1269,-114.84315490722656
1772639314.7829936,1270,-101.20068359375
1772639316.3143342,1271,87.51304626464844
1772639317.911871,1272,-114.44102478027344
1772639318.3752844,1273,-102.09053802490234
1772639319.8423688,1274,-111.76243591308594
1772639321.720735,1275,88.795166015625
1772639324.0733597,1276,-112.42066955566406
1772639326.5662344,1277,-111.31251525878906
1772639332.5721333,1278,-142.56234741210938
1772639335.8326352,1279,-28.094118118286133
1772639337.1051922,1280,-108.37273406982422
1772639339.9089198,1281,-123.70785522460938
1772639349.1215906,1282,-186.71646118164062
1772639352.4670286,1283,-112.80280303955078
1772639354.3955028,1284,-107.67953491210938
1772639355.610057,1285,-103.7457275390625
1772639356.6758685,1286,-102.77973937988281
1772639357.7012706,1287,-104.00879669189453
1772639358.9166014,1288,-109.0639419555664
1772639362.0440166,1289,-15.365653991699219
1772639367.7364616,1290,-142.64694213867188
1772639373.1168435,1291,-127.22753143310547
1772639377.6057332,1292,-27.315820693969727
1772639381.217787,1293,-32.25699234008789
1772639385.380961,1294,-118.40680694580078
1772639387.520348,1295,-112.98162078857422
1772639390.5351603,1296,-117.74520111083984
1772639390.85029,1297,-100.40690612792969
1772639394.881616,1298,-24.390466690063477
1772639399.1009402,1299,-121.74012756347656
1772639401.530686,1300,-119.35515594482422
1772639408.3212535,1301,-164.51239013671875
1772639408.7643197,1302,-100.0
1772639411.2180088,1303,-120.37861633300781
1772639415.653186,1304,-133.00083923339844
1772639417.5086102,1305,-116.6756362915039
1772639420.7117589,1306,-118.05426788330078
1772639421.203063,1307,-101.37429809570312
1772639421.3302338,1308,-100.0
1772639421.4475784,1309,-100.0
1772639422.7701993,1310,-106.39749908447266
1772639423.014863,1311,-100.62120819091797
1772639423.4185567,1312,-100.67285919189453
1772639423.615633,1313,-100.55781555175781
1772639426.3312776,1314,-123.75981140136719
1772639429.3542533,1315,-125.77543640136719
1772639431.547372,1316,-120.62628936767578
1772639432.0114834,1317,-101.72718048095703
1772639435.82632,1318,-139.35877990722656
1772639438.843934,1319,-131.27084350585938
1772639443.1758332,1320,-146.94442749023438
1772639446.4234903,1321,-15.584795951843262
1772639448.1650023,1322,-115.09773254394531
1772639450.8236377,1323,-129.13272094726562
1772639451.3056479,1324,-101.87120056152344
1772639452.7925391,1325,-111.38465881347656
1772639455.0676537,1326,-113.89689636230469
1772639458.1137435,1327,-30.91318702697754
1772639464.7053876,1328,-135.42800903320312
1772639465.2842646,1329,-100.89376068115234
1772639465.7685838,1330,-103.50652313232422
1772639466.0728836,1331,-100.79065704345703
1772639468.2006617,1332,-112.53937530517578
1772639470.1095717,1333,-110.81330871582031
1772639478.5359392,1334,-155.46359252929688
1772639594.5563471,1335,-100.41184997558594
1772639603.2754302,1336,-171.75498962402344
1772639608.9633396,1337,-143.85281372070312
1772639612.361863,1338,-22.321395874023438
1772639613.1163442,1339,-100.9552001953125
1772639616.0695424,1340,-122.88065338134766
1772639616.3565478,1341,-100.0
1772639617.651538,1342,-109.81566619873047
1772639618.1397347,1343,-102.26866912841797
1772639618.9802537,1344,-105.07147979736328
1772639623.525043,1345,-136.7161407470703
1772639627.3696716,1346,-29.752593994140625
1772639629.1600466,1347,-105.27484893798828
1772639631.7263658,1348,-113.49858093261719
1772639632.0926325,1349,-100.96014404296875
1772639634.086292,1350,-120.6187515258789
1772639637.0517583,1351,-116.26455688476562
1772639642.4684777,1352,-141.79055786132812
1772639642.9211562,1353,-100.1885757446289
1772639643.1036758,1354,-100.6364974975586
1772639644.1720755,1355,-110.05835723876953
1772639644.517657,1356,-101.37495422363281
1772639647.6854377,1357,-121.42777252197266
1772639653.1069288,1358,-135.1151580810547
1772639658.180858,1359,-138.94876098632812
1772639661.0183878,1360,-120.72159576416016
1772639663.130891,1361,-114.9793701171875
1772639665.2985613,1362,-117.6223373413086
1772639665.8291404,1363,-101.24015808105469
1772639666.6850622,1364,-105.90097045898438
1772639671.6864014,1365,-128.8595428466797
1772639677.2683241,1366,-142.41851806640625
1772639680.4348698,1367,87.21199035644531
1772639687.1877973,1368,-145.90493774414062
1772639691.653391,1369,-118.58158111572266
1772639694.2453485,1370,-126.97948455810547
1772639696.946964,1371,-114.07845306396484
1772639698.4926653,1372,-105.76441955566406
1772639704.1316655,1373,-141.3423309326172
1772639706.0212564,1374,-117.4668960571289
1772639707.9223158,1375,-120.75325775146484
1772639711.2414653,1376,-124.40449523925781
1772639712.2349966,1377,-104.36927795410156
1772639714.2286675,1378,-114.48771667480469
1772639719.7626398,1379,-36.287200927734375
1772639725.4429772,1380,-26.937755584716797
1772639726.996395,1381,-112.88617706298828
1772639727.3021314,1382,-100.8905029296875
1772639729.0846815,1383,-109.5677261352539
1772639729.4208796,1384,-100.94378662109375
1772639731.7997978,1385,-114.23815155029297
1772639733.7069502,1386,-110.30632781982422
1772639733.9719367,1387,-100.37261199951172
1772639736.3068352,1388,-121.0732192993164
1772639736.9018474,1389,-102.2130355834961
1772639742.1399724,1390,-25.61122703552246
1772639742.5657485,1391,-100.0
1772639745.6057973,1392,-28.074012756347656
1772639748.8284457,1393,-21.38611602783203
1772639749.6054392,1394,-104.8100357055664
1772639750.6235547,1395,-105.11542510986328
1772639752.1466532,1396,-107.28929138183594
1772639752.6041377,1397,-101.855712890625
1772639755.8036866,1398,-113.09039306640625
1772639757.1979024,1399,-109.6225357055664
1772639757.9163451,1400,-104.60971069335938
1772639758.7899277,1401,-103.4318618774414
1772639760.7005234,1402,-109.08418273925781
1772639761.1154737,1403,-101.15971374511719
1772639763.7585742,1404,-117.3863525390625
1772639765.9332778,1405,-123.63578033447266
1772639768.4985538,1406,-112.83550262451172
1772639769.7645922,1407,-111.08148956298828
1772639770.9949276,1408,-104.50768280029297
1772639773.6880784,1409,-111.14907836914062
1772639775.7501583,1410,-115.98035430908203
1772639776.4064176,1411,-103.55127716064453
1772639786.2935061,1412,-156.95045471191406
1772639786.9546218,1413,-100.0
1772639789.5104394,1414,-115.46236419677734
1772639791.4741054,1415,-112.00194549560547
1772639791.919099,1416,-101.24319458007812
1772639793.9487762,1417,-116.16609191894531
1772639797.114934,1418,-15.989964485168457
1772639801.490368,1419,-120.81209564208984
1772639805.9705029,1420,-133.2364501953125
1772639808.6765475,1421,-119.39875030517578
1772639813.5303996,1422,-123.98808288574219
1772639819.3063939,1423,-130.1071319580078
1772639819.7345695,1424,-100.0
1772639819.9736276,1425,-100.3932113647461
1772639822.5141537,1426,-125.30612182617188
1772639824.0609615,1427,-111.69046783447266
1772639825.1711564,1428,-106.85015869140625
1772639826.315444,1429,-110.77001190185547
1772639827.1365545,1430,-106.39208221435547
1772639828.092596,1431,-108.48236846923828
1772639832.8883228,1432,-128.15216064453125
1772639838.1010408,1433,-143.12522888183594
1772639842.276771,1434,-136.04579162597656
1772639846.0290809,1435,-121.93059539794922
1772639848.197964,1436,-108.5637435913086
1772639851.3304958,1437,-31.64518165588379
1772639851.619155,1438,-100.0
1772639856.0811412,1439,-125.0993881225586
1772639858.6014345,1440,-112.82337188720703
1772639863.524291,1441,-145.7330780029297
1772639866.1797097,1442,-115.51043701171875
1772639879.8461542,1443,-180.19371032714844
1772639882.71259,1444,-114.0206298828125
1772639882.95566,1445,-100.0
1772639884.0676599,1446,-113.44678497314453
1772639885.4773517,1447,-109.48302459716797
1772639885.7325583,1448,-100.49837493896484
1772639889.7880838,1449,-135.28494262695312
1772639893.2113178,1450,-117.4418716430664
1772639896.3981225,1451,-20.85592269897461
1772639902.8219943,1452,-142.0177764892578
1772639914.92244,1453,-172.9400177001953
1772640060.5614803,1454,-104.54918670654297
1772640061.7877617,1455,-110.691162109375
1772640062.2522168,1456,-102.67401123046875
1772640068.1157959,1457,-135.5808868408203
1772640068.612865,1458,-100.5999984741211
1772640071.4233944,1459,-121.09680938720703
1772640073.5316565,1460,-109.90243530273438
1772640073.820356,1461,-100.5999984741211
1772640075.6123157,1462,-111.09586334228516
1772640075.910473,1463,-100.62079620361328
1772640080.1977203,1464,-137.3845977783203
1772640082.5029395,1465,-107.53980255126953
1772640082.788451,1466,-100.5999984741211
1772640083.3562958,1467,-104.28168487548828
1772640086.0764604,1468,-118.12779998779297
1772640088.0699432,1469,-109.55854797363281
1772640093.1486392,1470,-131.6678466796875
1772640098.3494844,1471,-136.44139099121094
1772640106.373756,1472,-160.23831176757812
1772640111.9180963,1473,-25.82368278503418
1772640112.579505,1474,-102.24951171875
1772640115.3466427,1475,-125.4081039428711
1772640115.73894,1476,-101.58675384521484
1772640118.7954314,1477,-29.196786880493164
1772640120.139214,1478,-104.20399475097656
1772640124.5405712,1479,-124.7656478881836
1772640125.0927992,1480,-101.6462173461914
1772640125.3998892,1481,-101.21902465820312
1772640127.8869946,1482,-115.6553726196289
1772640132.8461826,1483,-120.40740203857422
1772640142.182104,1484,-165.31588745117188
1772640143.450541,1485,-104.24566650390625
1772640144.4205248,1486,-104.97728729248047
1772640145.9077227,1487,-111.28233337402344
1772640146.1175683,1488,-100.0
1772640146.3637884,1489,-100.98779296875
1772640150.9173646,1490,-131.39447021484375
1772640153.1160471,1491,-119.49663543701172
1772640153.9586132,1492,-104.38214111328125
1772640155.7498474,1493,-108.4796142578125
1772640158.8484027,1494,-132.01116943359375
1772640161.787444,1495,-126.86662292480469
1772640164.1890478,1496,-118.62596893310547
1772640165.907198,1497,-112.982421875
1772640166.2356784,1498,-100.86138916015625
1772640166.4720578,1499,-100.81497192382812
1772640167.8585708,1500,-116.10276794433594
1772640172.6439693,1501,-147.28355407714844
1772640174.6202862,1502,-111.75482177734375
1772640174.856497,1503,-100.0
1772640175.504564,1504,-102.83403015136719
1772640176.0677247,1505,-101.6778335571289
1772640179.0998454,1506,-35.91035461425781
1772640180.764247,1507,-107.58821105957031
1772640182.8996923,1508,-112.15869140625
1772640187.5887253,1509,-150.3104248046875
1772640188.5900004,1510,-103.58198547363281
1772640188.8058407,1511,-100.42550659179688
1772640191.332784,1512,-117.17095947265625
1772640191.7805643,1513,-100.83163452148438
1772640196.6358325,1514,-146.88766479492188
1772640199.6228352,1515,-113.3767318725586
1772640202.1966653,1516,-116.83419036865234
1772640202.5014982,1517,-100.3576431274414
1772640207.4797885,1518,-135.7352752685547
1772640208.5078757,1519,-103.95701599121094
1772640216.4662836,1520,-147.4130401611328
1772640219.0043635,1521,-113.33128356933594
1772640221.5722952,1522,-116.39881896972656
1772640222.186115,1523,-102.84944152832031
1772640224.0604217,1524,-108.79879760742188
1772640224.5186825,1525,-103.36682891845703
1772640227.6025317,1526,-21.230581283569336
1772640231.8836753,1527,-131.50355529785156
1772640232.4359233,1528,-101.4755859375
1772640232.7043545,1529,-100.70814514160156
1772640234.414521,1530,-111.74014282226562
1772640235.611692,1531,-108.4821548461914
1772640237.6363492,1532,-110.90325927734375
1772640239.3032584,1533,-115.17028045654297
1772640241.509567,1534,-109.53739929199219
1772640247.244799,1535,-128.82957458496094
1772640247.7404993,1536,-100.5475082397461
1772640256.9564192,1537,-183.66116333007812
1772640259.858192,1538,-119.15833282470703
1772640262.953463,1539,-126.53329467773438
1772640263.7942884,1540,98.25006866455078
1772640264.9794297,1541,-103.62519836425781
1772640267.8142948,1542,76.2811050415039
1772640270.4059486,1543,-120.96810150146484
1772640275.086675,1544,-138.7707977294922
1772640279.6126943,1545,-133.60801696777344
1772640282.7580664,1546,-121.83999633789062
1772640284.7467964,1547,-118.43494415283203
1772640286.6289663,1548,-116.72356414794922
1772640287.9853463,1549,-103.9981689453125
1772640289.9898167,1550,-117.03706359863281
1772640291.9077199,1551,88.26293182373047
1772640293.6182714,1552,-115.64251708984375
1772640296.7994182,1553,-130.96600341796875
1772640306.7799544,1554,-170.2324981689453
1772640308.1373732,1555,-106.29393768310547
1772640309.6593637,1556,-109.44876861572266
1772640312.3576763,1557,-123.39795684814453
1772640317.213102,1558,-149.51719665527344
1772640322.2536914,1559,-122.6103286743164
1772640322.857703,1560,-101.86585998535156
1772640325.4493937,1561,-125.80416870117188
1772640327.6220596,1562,-110.32978057861328
1772640329.0478008,1563,-117.56919860839844
1772640341.4767323,1564,-204.2408905029297
1772640344.7733202,1565,-120.04805755615234
1772640346.696704,1566,-111.18038940429688
1772640348.9504158,1567,-110.84960174560547
1772640349.1958272,1568,-100.0
1772640351.0139203,1569,-110.35873413085938
1772640354.459366,1570,-111.65228271484375
1772640354.967508,1571,-101.18009185791016
1772640365.0022829,1572,-89.47339630126953
1772640577.9914937,1573,-150.9403839111328
1772640580.9072323,1574,-109.94639587402344
1772640582.3949559,1575,-110.21463775634766
1772640585.9323692,1576,-133.5884246826172
1772640587.62048,1577,-106.6180648803711
1772640589.6058946,1578,-110.0604248046875
1772640592.4171546,1579,-117.18631744384766
1772640592.709873,1580,-100.0
1772640599.1950026,1581,-170.3154296875
1772640603.6852307,1582,-127.05301666259766
1772640611.1404057,1583,-157.5701904296875
1772640611.7173653,1584,-100.58642578125
1772640613.798703,1585,-115.98908996582031
1772640619.0984101,1586,-132.36341857910156
1772640620.7537584,1587,89.56644439697266
1772640622.2840981,1588,-106.52912139892578
1772640629.2859693,1589,-152.56471252441406
1772640629.833962,1590,-100.0
1772640631.2263741,1591,-114.68470764160156
1772640635.6531966,1592,-126.25599670410156
1772640640.945578,1593,-133.2982635498047
1772640643.013348,1594,-113.88140869140625
1772640643.5712528,1595,-104.14395904541016
1772640646.5383885,1596,-118.83826446533203
1772640654.0442996,1597,-139.1883544921875
1772640654.6073332,1598,-100.0
1772640655.7525399,1599,-110.89582061767578
1772640659.250372,1600,-117.64366149902344
1772640660.579976,1601,-109.04763793945312
1772640663.563763,1602,-121.13220977783203
1772640664.2013729,1603,-102.31610107421875
1772640664.3402514,1604,-100.0
1772640666.0217667,1605,-112.85773468017578
1772640670.5336704,1606,-144.27963256835938
1772640673.5011017,1607,-122.51438903808594
1772640676.13282,1608,-112.25486755371094
1772640676.3885357,1609,-100.0
1772640681.693192,1610,-134.78176879882812
1772640684.0923703,1611,-119.28070831298828
1772640684.5084326,1612,-100.86689758300781
1772640685.2110598,1613,-103.50519561767578
1772640692.3579419,1614,-142.3186492919922
1772640693.5413182,1615,-102.93635559082031
1772640693.70168,1616,-100.0
1772640697.765712,1617,-129.1421661376953
1772640698.1495972,1618,-100.2613296508789
1772640698.395696,1619,-100.4366683959961
1772640708.7729857,1620,-58.87049102783203
1772640712.3162596,1621,-118.39527130126953
1772640718.2498887,1622,-145.2790069580078
1772640720.3263533,1623,-118.06560516357422
1772640721.7328792,1624,-109.44022369384766
1772640722.089417,1625,-101.81595611572266
1772640725.4131246,1626,-24.27305793762207
1772640727.1727414,1627,-115.26538848876953
1772640728.8501577,1628,-106.30766296386719
1772640729.1711867,1629,-100.7050552368164
1772640729.349745,1630,-100.5999984741211
1772640734.460127,1631,-154.37547302246094
1772640736.3342102,1632,-108.7222671508789
1772640737.0610893,1633,-102.99968719482422
1772640740.1133504,1634,-24.06768035888672
1772640742.3449874,1635,-124.08689880371094
1772640744.1239223,1636,-107.84634399414062
1772640747.4752555,1637,-128.49468994140625
1772640749.0297105,1638,-109.67383575439453
1772640749.4583764,1639,-100.98941040039062
1772640749.6543837,1640,-100.4672622680664
1772640754.474664,1641,-127.55652618408203
1772640755.505471,1642,-105.7587890625
1772640756.123579,1643,-104.31843566894531
1772640757.1384583,1644,-105.8453140258789
1772640757.6188242,1645,-102.61760711669922
1772640759.3881576,1646,-108.97103881835938
1772640764.1659882,1647,-140.54641723632812
1772640767.269933,1648,-125.2725830078125
1772640768.1874728,1649,-103.84415435791016
1772640771.9743996,1650,-128.0731964111328
1772640772.412255,1651,-101.41797637939453
1772640775.468313,1652,-112.3850326538086
1772640775.8676498,1653,-101.2921142578125
1772640776.292737,1654,-103.28397369384766
1772640782.6931596,1655,-159.178955078125
1772640783.173647,1656,-100.0
1772640783.3028464,1657,-100.0
1772640786.1085317,1658,-129.07626342773438
1772640786.460085,1659,-100.75959014892578
1772640788.9656382,1660,-108.91477966308594
1772640791.8629088,1661,-124.6311264038086
1772640792.2196472,1662,-100.43311309814453
1772640792.467148,1663,-100.20535278320312
1772640793.9159443,1664,-107.54454040527344
1772640800.3569424,1665,-144.43679809570312
1772640802.6349685,1666,-111.4181900024414
1772640804.9016156,1667,-112.19709014892578
1772640805.3168206,1668,-102.09721374511719
1772640809.6604812,1669,-25.38329315185547
1772640814.9175482,1670,-136.18528747558594
1772640815.41942,1671,-101.12307739257812
1772640816.6366122,1672,-103.36682891845703
1772640819.7855406,1673,-125.12018585205078
1772640822.5554924,1674,-120.73521423339844
1772640828.1004672,1675,-143.2753448486328
1772640831.3985586,1676,-110.7911376953125
1772640832.3260174,1677,-105.15907287597656
1772640832.5397356,1678,-100.2690658569336
1772640833.2685237,1679,-104.09703826904297
1772640838.250124,1680,-140.42481994628906
1772640838.629216,1681,-100.0
1772640841.6268585,1682,-16.090042114257812
1772640842.6606512,1683,-101.79818725585938
1772640843.8141193,1684,-104.6164321899414
1772640845.3672152,1685,-113.3669662475586
1772640850.843576,1686,-137.61453247070312
1772640851.3884974,1687,-101.19999694824219
1772640851.6430664,1688,-101.07965850830078
1772640856.899662,1689,-133.5414581298828
1772640858.1056721,1690,-104.78640747070312
1772640864.2968657,1691,-41.51120376586914
1772640864.7634244,1692,-100.0
1772640864.9562972,1693,-100.38189697265625
1772640869.509202,1694,-149.74807739257812
1772640869.9252145,1695,-100.22216033935547
1772640872.3464162,1696,-110.21024322509766
1772640875.7505226,1697,-132.0428924560547
1772640883.7403893,1698,-161.33663940429688
1772640887.035997,1699,-126.2047119140625
1772641057.9915156,1700,-120.23113250732422
1772641059.6437066,1701,-104.96781158447266
1772641059.8454344,1702,-100.0
1772641067.0458539,1703,-151.99505615234375
1772641069.3410144,1704,-116.10353088378906
1772641069.8116689,1705,-102.5178451538086
1772641072.4446597,1706,-111.89501190185547
1772641072.773705,1707,-100.45246124267578
1772641075.5885406,1708,-115.90384674072266
1772641078.437496,1709,-116.1292953491211
1772641078.7579477,1710,-100.22828674316406
1772641081.3172715,1711,-120.35392761230469
1772641081.6602976,1712,-100.29351806640625
1772641083.92289,1713,-109.57971954345703
1772641088.613938,1714,69.12940979003906
1772641089.0529752,1715,-100.3583984375
1772641089.70187,1716,-103.11849212646484
1772641093.5705488,1717,-135.03848266601562
1772641094.7644186,1718,-108.25194549560547
1772641095.058018,1719,-100.74169921875
1772641097.7154686,1720,-115.8545150756836
1772641100.838739,1721,-108.8561019897461
1772641101.2337646,1722,-101.42814636230469
1772641103.3017423,1723,-113.32093048095703
1772641103.5582952,1724,-100.0
1772641103.9744704,1725,-103.068115234375
1772641104.220137,1726,-101.19349670410156
1772641106.1172512,1727,-108.89445495605469
1772641108.604645,1728,-125.77381896972656
1772641111.4326253,1729,-121.09339904785156
1772641112.6671607,1730,-106.78119659423828
1772641115.0584135,1731,-120.02497100830078
1772641116.7222035,1732,-109.71998596191406
1772641119.7511716,1733,-112.976806640625
1772641122.7607403,1734,-123.50898742675781
1772641125.0622385,1735,-112.64523315429688
1772641128.6916087,1736,-131.862548828125
1772641134.972272,1737,-147.35179138183594
1772641138.5146835,1738,-22.93508529663086
1772641140.7654202,1739,-120.23585510253906
1772641147.1315958,1740,57.4818115234375
1772641149.354246,1741,-110.93065643310547
1772641149.7563193,1742,-101.46632385253906
1772641151.7895277,1743,-116.43438720703125
1772641157.5197153,1744,-127.68701171875
1772641163.643771,1745,-39.317501068115234
1772641168.330439,1746,-40.127803802490234
1772641168.7640097,1747,-100.4041748046875
1772641169.0650048,1748,-101.63794708251953
1772641170.9076047,1749,-111.49198150634766
1772641171.2047923,1750,-100.71562957763672
1772641173.1261394,1751,-108.34159851074219
1772641175.7529347,1752,-119.02734375
1772641178.3485985,1753,-119.46013641357422
1772641186.2466655,1754,-140.0358123779297
1772641191.5922177,1755,-132.69674682617188
1772641197.318016,1756,-140.08827209472656
1772641198.1402264,1757,-102.14131164550781
1772641198.921767,1758,-105.00231170654297
1772641200.4023473,1759,-112.37353515625
1772641200.934075,1760,-103.29344177246094
1772641203.7800858,1761,-120.38239288330078
1772641205.8621237,1762,-109.3702621459961
1772641208.9726756,1763,-135.41976928710938
1772641210.8857224,1764,-107.73556518554688
1772641216.229141,1765,-156.21267700195312
1772641216.850348,1766,-101.11690521240234
1772641226.4085336,1767,-176.46453857421875
1772641229.8291337,1768,-119.96575164794922
1772641230.299746,1769,-101.75568389892578
1772641232.165919,1770,-121.28681945800781
1772641232.5397487,1771,-101.19701385498047
1772641237.05263,1772,-127.35242462158203
1772641237.4449022,1773,-100.0
1772641237.5962832,1774,-100.0
1772641240.7399054,1775,-127.72928619384766
1772641241.092082,1776,-100.23224639892578
1772641244.9652817,1777,-114.51404571533203
1772641245.8741565,1778,-103.30439758300781
1772641248.5077336,1779,-112.99706268310547
1772641248.9607048,1780,-101.45171356201172
1772641251.6083264,1781,-115.5364761352539
1772641255.3042905,1782,-125.83301544189453
1772641256.8370676,1783,-106.73363494873047
1772641259.1853373,1784,-119.39521789550781
1772641262.5531058,1785,-119.1707992553711
1772641263.0256343,1786,-101.23688507080078
1772641269.3387501,1787,-144.40872192382812
1772641269.8197904,1788,-100.0
1772641270.1173577,1789,-102.42571258544922
1772641274.550199,1790,-25.432640075683594
1772641275.6843164,1791,-110.1158676147461
1772641275.908527,1792,-99.97632598876953
1772641278.1814928,1793,-111.50253295898438
1772641286.3683195,1794,-182.70718383789062
1772641286.9258084,1795,-100.0
1772641293.8014045,1796,-144.03794860839844
1772641296.0527267,1797,-118.47924041748047
1772641298.085745,1798,-108.8383560180664
1772641299.9620576,1799,-116.36788940429688
1772641306.8117466,1800,-150.80377197265625
1772641309.8247728,1801,-123.53740692138672
1772641315.4520812,1802,-142.97096252441406
1772641315.8795524,1803,-100.0
1772641318.3636599,1804,-116.05809783935547
1772641323.6768484,1805,-129.23521423339844
1772641327.3339672,1806,-126.65132141113281
1772641331.3965123,1807,-135.75001525878906
1772641343.6436791,1808,-181.92868041992188
1772641347.0047073,1809,-111.3047866821289
1772641349.642751,1810,-117.13001251220703
1772641357.7977886,1811,-167.58154296875
1772641358.4797292,1812,-100.91786193847656
1772641358.6618485,1813,-100.32588958740234
1772641359.9097362,1814,-113.96214294433594
1772641360.9837422,1815,-102.19673156738281
1772641366.6524425,1816,-136.11782836914062
1772641367.1543782,1817,-100.32423400878906
1772641367.2752976,1818,-100.0
1772641371.185013,1819,-31.779478073120117
1772641532.196364,1820,-124.48918914794922
1772641532.4435906,1821,-100.0
1772641534.6333756,1822,-113.41696166992188
1772641537.7638683,1823,-12.447826385498047
1772641543.0308514,1824,-32.842960357666016
1772641546.4695177,1825,-20.53791046142578
1772641550.8276083,1826,-136.48968505859375
1772641557.3175242,1827,-145.26016235351562
1772641560.9949708,1828,-129.58944702148438
1772641564.7479696,1829,-126.45284271240234
1772641567.2701683,1830,-114.52884674072266
1772641568.2746537,1831,-107.9908218383789
1772641574.7287602,1832,-164.96214294433594
1772641577.9884562,1833,-116.74104309082031
1772641578.3392804,1834,-100.4435806274414
1772641578.4672666,1835,-100.0
1772641593.8840396,1836,-211.8968963623047
1772641594.8873224,1837,-100.53882598876953
1772641596.197596,1838,-110.78811645507812
1772641596.6680443,1839,-103.90957641601562
1772641599.159347,1840,-127.21327209472656
1772641599.4296136,1841,-100.0
1772641601.5815327,1842,-107.49534606933594
1772641602.098241,1843,-102.44324493408203
1772641604.4592612,1844,-118.8930435180664
1772641604.7729464,1845,-100.48634338378906
1772641605.5005653,1846,-107.3556137084961
1772641610.1269643,1847,-125.45556640625
1772641612.169779,1848,-114.65513610839844
1772641613.1296499,1849,-105.88760375976562
1772641613.6402245,1850,-102.72599792480469
1772641623.5898817,1851,-180.28045654296875
1772641625.4355247,1852,-109.69784545898438
1772641629.14867,1853,-133.6795196533203
1772641630.075992,1854,-102.80485534667969
1772641631.945582,1855,-116.02649688720703
1772641640.818349,1856,-178.7671661376953
1772641645.1796484,1857,-137.93064880371094
1772641645.510659,1858,-100.0
1772641645.6919863,1859,-100.69304656982422
1772641647.4518652,1860,-119.11113739013672
1772641650.94035,1861,-117.57567596435547
1772641658.5682971,1862,-139.02767944335938
1772641661.4667265,1863,-127.46875762939453
1772641665.5634959,1864,-133.94313049316406
1772641667.0356843,1865,-110.495849609375
1772641667.9737966,1866,-106.67420196533203
1772641670.8860507,1867,-120.18087768554688
1772641676.101532,1868,-132.5099639892578
1772641678.7897193,1869,-107.61932373046875
1772641680.5960145,1870,-109.39694213867188
1772641692.1724267,1871,-172.82371520996094
1772641692.9337234,1872,-100.0
1772641695.1949227,1873,-116.624755859375
1772641696.7647653,1874,-106.54891204833984
1772641698.9445033,1875,-105.88664245605469
1772641699.2931404,1876,-100.51923370361328
1772641701.1439779,1877,-112.95077514648438
1772641701.7155862,1878,-101.87972259521484
1772641702.154351,1879,-102.29788208007812
1772641706.3867788,1880,-120.61683654785156
1772641706.7324219,1881,-100.0
1772641713.9933548,1882,-157.40798950195312
1772641720.4525416,1883,-135.58934020996094
1772641724.5217416,1884,-128.7166290283203
1772641726.9687693,1885,-114.2384033203125
1772641730.1394253,1886,-20.231548309326172
1772641730.4369082,1887,-100.0
1772641730.5638676,1888,-100.0
1772641732.210661,1889,-107.93296813964844
1772641733.1164985,1890,-103.2183837890625
1772641735.2375965,1891,-118.47003936767578
1772641735.4660826,1892,-100.0
1772641740.312267,1893,-139.66964721679688
1772641743.895638,1894,-122.10321807861328
1772641748.764645,1895,-121.54623413085938
1772641757.1261997,1896,-180.0461883544922
1772641759.5948439,1897,-114.05860137939453
1772641764.517674,1898,-136.72210693359375
1772641768.740531,1899,-133.01039123535156
1772641770.3731966,1900,-107.72978210449219
1772641772.3571398,1901,-112.45122528076172
1772641773.06096,1902,-103.23121643066406
1772641773.4364707,1903,-101.58927917480469
1772641775.4209495,1904,-116.46798706054688
1772641775.7173643,1905,-100.5284423828125
1772641777.0407836,1906,-107.84221649169922
1772641779.9318752,1907,-126.38719940185547
1772641782.2052197,1908,-114.31248474121094
1772641784.6763442,1909,90.24180603027344
1772641784.932699,1910,-100.0
1772641785.5002668,1911,-104.7033920288086
1772641785.655984,1912,-100.0
1772641785.7744808,1913,-100.0
1772641788.7259784,1914,-117.9078598022461
1772641793.3561826,1915,-122.57000732421875
1772641797.6161928,1916,-142.13446044921875
1772641798.7901466,1917,-102.10758209228516
1772641800.4849808,1918,-109.55290222167969
1772641801.2570903,1919,-102.59632110595703
1772641803.9743788,1920,-116.42371368408203
1772641804.2427785,1921,-100.0
1772641814.8857718,1922,-174.72613525390625
1772641817.8206787,1923,-115.24427795410156
1772641820.3620882,1924,-107.70276641845703
1772641822.9302835,1925,-116.86761474609375
1772641825.198493,1926,-117.08929443359375
1772641825.564111,1927,-100.5490493774414
1772641826.6332657,1928,-107.52465057373047
1772641828.1407375,1929,-110.96028900146484
1772641828.3320844,1930,-100.0
1772641828.5087755,1931,-100.6232681274414
1772641828.7466447,1932,-101.16057586669922
1772641834.3319128,1933,-152.50634765625
1772641836.1139345,1934,-109.52767181396484
1772641838.7629573,1935,-122.54981231689453
1772641841.6378386,1936,-116.01849365234375
1772641998.3491242,1937,-123.55352020263672
1772641998.8167512,1938,-100.46208953857422
1772641999.6887872,1939,-107.09650421142578
1772642001.9287646,1940,-116.25471496582031
1772642005.232327,1941,-124.12277221679688
1772642007.282667,1942,-110.4324951171875
1772642008.0812986,1943,-104.9836196899414
1772642009.2661402,1944,-114.03865814208984
1772642012.9787834,1945,-133.29049682617188
1772642018.2831464,1946,-130.380615234375
1772642018.9723697,1947,-101.26020812988281
1772642021.1808052,1948,-122.1031494140625
1772642029.0488741,1949,-73.0430679321289
1772642034.620274,1950,-133.81155395507812
1772642038.1397061,1951,-117.88318634033203
1772642042.9303434,1952,-131.58078002929688
1772642047.1039433,1953,-136.77532958984375
1772642048.3164966,1954,-104.443359375
1772642050.142043,1955,-105.14190673828125
1772642050.886188,1956,-102.6810073852539
1772642051.1082747,1957,-100.29306030273438
1772642057.637337,1958,-143.96307373046875
1772642058.1174774,1959,-100.0
1772642058.2353594,1960,-100.0
1772642060.736188,1961,-122.5163803100586
1772642061.0525742,1962,-100.14649963378906
1772642064.3801227,1963,-121.97083282470703
1772642066.3003855,1964,-108.88019561767578
1772642067.7625947,1965,-114.13794708251953
1772642071.867922,1966,-115.40503692626953
1772642074.1407416,1967,-109.60916900634766
1772642081.490653,1968,-149.72691345214844
1772642082.1825938,1969,-101.75501251220703
1772642085.1446712,1970,-130.38450622558594
1772642087.1309774,1971,-114.24102020263672
1772642089.0557675,1972,-120.43345642089844
1772642090.0836797,1973,-103.74764251708984
1772642090.7652557,1974,-104.06897735595703
1772642092.786249,1975,-116.86367797851562
1772642093.7480788,1976,-105.48002624511719
1772642096.8496535,1977,-22.767385482788086
1772642098.8849528,1978,-118.57012939453125
1772642099.154451,1979,-100.41535949707031
1772642104.9326565,1980,50.581687927246094
1772642106.7579966,1981,-105.73260498046875
1772642110.8200963,1982,-133.81170654296875
1772642114.7615414,1983,-137.4783935546875
1772642116.7449183,1984,-116.61689758300781
1772642121.819837,1985,-130.40399169921875
1772642123.622447,1986,-107.73876190185547
1772642124.4336715,1987,-103.88805389404297
1772642124.9881363,1988,-102.34434509277344
1772642129.0924294,1989,-117.04488372802734
1772642132.544275,1990,-14.612821578979492
1772642135.3888845,1991,-125.44156646728516
1772642137.861551,1992,-116.3852310180664
1772642139.4610798,1993,-112.16594696044922
1772642141.0435765,1994,-112.77766418457031
1772642141.3634298,1995,-101.19999694824219
1772642142.403677,1996,-104.02737426757812
1772642144.252622,1997,-112.09101867675781
1772642144.518431,1998,-100.0
1772642145.506726,1999,-110.60537719726562
1772642149.085373,2000,-114.8581771850586
1772642149.7286212,2001,-101.62242126464844
1772642149.8626058,2002,-100.0
1772642152.3307273,2003,-118.34550476074219
1772642152.6909337,2004,-100.4926528930664
1772642155.3652413,2005,-123.48263549804688
1772642161.8982198,2006,-51.69073486328125
1772642163.8048062,2007,-115.02420043945312
1772642164.4676058,2008,-106.46907806396484
1772642167.6246147,2009,-132.1929168701172
1772642169.4474494,2010,-111.60388946533203
1772642170.7616389,2011,-112.33761596679688
1772642171.108691,2012,-101.44393157958984
1772642174.2091234,2013,-24.391189575195312
1772642178.8576703,2014,-127.97260284423828
1772642179.2728043,2015,-100.5999984741211
1772642185.1776843,2016,-48.052955627441406
1772642186.6293547,2017,-106.72360229492188
1772642187.9099956,2018,-112.8021469116211
1772642188.15615,2019,-100.66068267822266
1772642193.6089377,2020,-156.61700439453125
1772642200.4440615,2021,-153.5613250732422
1772642203.1155338,2022,-112.07241821289062
1772642210.341625,2023,-157.21865844726562
1772642214.9505494,2024,-134.5484161376953
1772642221.3256018,2025,-39.83317184448242
1772642224.8243523,2026,-128.97215270996094
1772642225.296896,2027,-100.41246032714844
1772642226.02193,2028,-102.54969787597656
1772642227.4667804,2029,-112.59910583496094
1772642236.508371,2030,-65.95118713378906
1772642242.0206904,2031,-131.4396514892578
1772642245.7553654,2032,-122.1108169555664
1772642246.3449864,2033,-101.9572525024414
1772642246.5335824,2034,-100.44232177734375
1772642248.3118098,2035,-112.37898254394531
1772642248.6365523,2036,-101.32887268066406
1772642256.6834543,2037,-168.0259246826172
1772642257.477276,2038,-101.66841888427734
1772642257.732979,2039,-100.61493682861328
1772642259.7263446,2040,-113.46133422851562
1772642262.4699073,2041,-119.59976959228516
1772642265.3305562,2042,-120.51643371582031
1772642269.8185716,2043,-132.55572509765625
1772642275.319375,2044,-134.407958984375
1772642276.9322777,2045,-108.22470092773438
1772642279.0776277,2046,-108.73143005371094
1772642279.5258768,2047,-102.06378936767578
1772642286.8273704,2048,-157.990966796875
1772642287.4529407,2049,-100.21265411376953
1772642287.6996262,2050,-101.0196304321289
1772642290.7568927,2051,-132.17471313476562
1772642293.6527216,2052,-118.89531707763672
1772642296.8038747,2053,-33.57809066772461
1772642299.1102216,2054,-118.09415435791016
1772642299.539634,2055,-101.43755340576172
1772642301.5143187,2056,-113.15885162353516
1772642306.1089857,2057,-23.64999008178711
1772642307.835559,2058,-107.40144348144531
1772642309.288195,2059,-111.5368423461914
1772642436.476671,2060,-111.53575134277344
1772642437.2914622,2061,-105.88542175292969
1772642440.3797102,2062,-30.13353157043457
1772642441.3179152,2063,-103.35254669189453
1772642445.928157,2064,-45.36057662963867
1772642447.3013678,2065,-103.00965118408203
1772642449.2858772,2066,-111.4947280883789
1772642451.8670974,2067,-115.22457122802734
1772642452.1241894,2068,-100.0
1772642452.4433613,2069,-101.7884292602539
1772642461.861974,2070,-157.6938934326172
1772642469.4277039,2071,-139.720947265625
1772642470.860666,2072,-102.81037902832031
1772642491.622663,2073,-242.6492462158203
1772642501.2655983,2074,-181.76275634765625
1772642504.7086694,2075,-21.989322662353516
1772642509.020519,2076,-134.43446350097656
1772642509.4269283,2077,-100.54361724853516
1772642511.1679451,2078,-112.00792694091797
1772642513.9263563,2079,-116.84703826904297
1772642518.4060984,2080,-128.10858154296875
1772642524.543099,2081,-135.53965759277344
1772642532.849751,2082,-48.55990982055664
1772642536.0452478,2083,-125.14924621582031
1772642541.1384153,2084,-144.54122924804688
1772642542.588609,2085,-105.0025634765625
1772642543.110038,2086,-102.48792266845703
1772642543.5571532,2087,-102.50660705566406
1772642545.363984,2088,-113.3092041015625
1772642548.2938569,2089,-122.65245056152344
1772642556.4844658,2090,-169.92062377929688
1772642563.466149,2091,-38.02855682373047
1772642564.3896208,2092,-102.45354461669922
1772642566.8670876,2093,-124.57007598876953
1772642570.0534694,2094,-127.3229751586914
1772642572.3263545,2095,-123.7259521484375
1772642575.0132189,2096,-121.38361358642578
1772642576.4198534,2097,-107.68131256103516
1772642577.1084905,2098,-104.29145050048828
1772642579.4206824,2099,-114.74169921875
1772642589.5546587,2100,-81.31072235107422
1772642605.5643637,2101,-206.1504669189453
1772642609.1794302,2102,-115.80802154541016
1772642612.412802,2103,-123.54224395751953
1772642618.0862098,2104,-139.9271240234375
1772642620.6369398,2105,-119.08583068847656
1772642622.3316624,2106,-114.43111419677734
1772642626.116798,2107,-119.33588409423828
1772642627.9728334,2108,-110.31690216064453
1772642628.7785997,2109,-103.52810668945312
1772642628.9973013,2110,-100.3186264038086
1772642636.7468634,2111,-151.1583709716797
1772642641.4500673,2112,-124.89251708984375
1772642642.3409019,2113,-105.5890121459961
1772642645.4980295,2114,-118.18001556396484
1772642647.685403,2115,-110.3902587890625
1772642648.0734887,2116,-101.556640625
1772642652.2014272,2117,-139.09593200683594
1772642653.7018616,2118,-105.99560546875
1772642653.8933358,2119,-100.0
1772642654.1806211,2120,-100.61991119384766
1772642664.1598525,2121,-173.40196228027344
1772642678.5873756,2122,-223.2413787841797
1772642683.7214687,2123,-129.2411346435547
1772642688.9661252,2124,-146.6448516845703
1772642691.1551232,2125,-111.8053207397461
1772642694.8895345,2126,-127.32278442382812
1772642700.101978,2127,-135.17593383789062
1772642710.755961,2128,-92.28292846679688
1772642716.0359495,2129,-146.16908264160156
1772642729.5949094,2130,-105.4533920288086
1772642732.0372603,2131,-116.78486633300781
1772642732.2365327,2132,-100.0
1772642732.3584778,2133,-100.0
1772642734.10492,2134,-111.381591796875
1772642735.684631,2135,-108.22957611083984
1772642735.9947782,2136,-100.82205200195312
1772642746.246773,2137,37.19776916503906
1772642864.9342446,2138,-101.85121154785156
1772642865.2476697,2139,-101.19327545166016
1772642871.0345402,2140,-151.81105041503906
1772642877.907442,2141,-141.33628845214844
1772642878.9856772,2142,-107.67374420166016
1772642883.3338156,2143,-128.09165954589844
1772642884.2939594,2144,-105.91446685791016
1772642888.7963772,2145,-128.73416137695312
1772642892.6957297,2146,-125.66014099121094
1772642893.59666,2147,-103.3150634765625
1772642898.2358344,2148,-143.4224395751953
1772642898.601526,2149,-100.0
1772642901.1716256,2150,-119.35523986816406
1772642901.4357657,2151,-100.0
1772642901.6919425,2152,-101.01775360107422
1772642903.530281,2153,-108.94789123535156
1772642906.7892869,2154,-125.6192398071289
1772642909.201771,2155,-111.13204193115234
1772642916.678095,2156,-143.0029754638672
1772642917.2538483,2157,-100.43733215332031
1772642922.6617792,2158,-148.1503143310547
1772642930.0482807,2159,-162.7268829345703
1772642933.4994676,2160,-22.068965911865234
1772642937.1257136,2161,-122.30133819580078
1772642938.610262,2162,-110.45508575439453
1772642939.3464909,2163,-105.57206726074219
1772642940.925111,2164,-105.90486145019531
1772642944.1064517,2165,-17.7159423828125
1772642946.620224,2166,-112.06900787353516
1772642949.3756096,2167,-121.1610336303711
1772642950.8527527,2168,-112.68498992919922
1772642955.1324675,2169,-130.92233276367188
1772642956.5540278,2170,-109.24690246582031
1772642960.7644534,2171,-130.50257873535156
1772642961.4782648,2172,-102.48685455322266
1772642966.7621312,2173,-141.95811462402344
1772642970.057463,2174,-20.336490631103516
1772642972.5181365,2175,-114.86088562011719
1772642978.1167877,2176,-134.75048828125
1772642980.0056584,2177,-115.11664581298828
1772642983.0995936,2178,-119.86944580078125
1772642989.6360292,2179,-152.1982421875
1772642991.848849,2180,-107.04865264892578
1772642994.1486874,2181,-112.03115844726562
1772642994.4066496,2182,-100.0
1772642995.2365932,2183,-105.75359344482422
1772642997.0607004,2184,-113.26924896240234
1772642999.0902188,2185,-109.98596954345703
1772642999.506853,2186,-101.77919006347656
1772643001.893143,2187,-113.61795806884766
1772643004.2620456,2188,-122.63317108154297
1772643005.2879133,2189,-106.60802459716797
1772643008.6120505,2190,-121.50230407714844
1772643010.4001052,2191,-108.65631866455078
1772643010.716126,2192,-100.71578216552734
1772643013.8589666,2193,-118.36111450195312
1772643019.0769823,2194,-46.533138275146484
1772643019.493277,2195,-100.0
1772643024.3248672,2196,-132.84658813476562
1772643030.2482846,2197,-33.60041046142578
1772643031.7085419,2198,-107.60863494873047
1772643032.0697362,2199,-101.63427734375
1772643032.3084939,2200,-101.00800323486328
1772643035.194651,2201,-118.8624038696289
1772643039.2436962,2202,-118.70298767089844
1772643040.4117737,2203,-104.1949462890625
1772643047.4513786,2204,-172.877197265625
1772643048.0914261,2205,-101.0768814086914
1772643048.2840137,2206,-100.29043579101562
1772643051.401337,2207,-12.773233413696289
1772643052.4363728,2208,-102.48369598388672
1772643055.6438057,2209,-134.29856872558594
1772643058.532424,2210,-115.53951263427734
1772643065.4023457,2211,-44.73624801635742
1772643066.7480936,2212,-106.41129302978516
1772643068.844721,2213,-112.64032745361328
1772643069.94133,2214,-106.64336395263672
1772643071.484648,2215,-114.4039535522461
1772643074.7888393,2216,-126.53589630126953
1772643079.0997257,2217,-129.9303436279297
1772643079.5713031,2218,-101.32201385498047
1772643082.6672974,2219,-116.10236358642578
1772643082.94978,2220,-100.0
1772643084.090444,2221,-107.0390396118164
1772643084.7844048,2222,-102.10121154785156
1772643089.9144087,2223,-131.1070556640625
1772643096.7097611,2224,-41.22880935668945
1772643098.1288543,2225,-103.5404281616211
1772643102.9716928,2226,-128.3707275390625
1772643105.4358249,2227,-115.52840423583984
1772643113.6673572,2228,-41.0816535949707
1772643116.772693,2229,-123.90001678466797
1772643118.0351336,2230,-110.3983383178711
1772643121.70188,2231,-126.46699523925781
1772643122.4268878,2232,-102.74478912353516
1772643126.6190858,2233,-130.90538024902344
1772643127.1968148,2234,-101.29764556884766
1772643127.8560169,2235,-101.24671173095703
1772643131.2588184,2236,-130.661865234375
1772643134.4283772,2237,-26.49803924560547
1772643135.4767096,2238,-107.48262786865234
1772643139.0017102,2239,-122.27859497070312
1772643146.0125015,2240,-164.3971405029297
1772643150.3079636,2241,-35.23786544799805
1772643152.7306406,2242,-114.2098159790039
1772643158.23922,2243,-138.5768585205078
1772643170.543819,2244,-178.34718322753906
1772643173.084223,2245,-118.91956329345703
1772643188.1480803,2246,-216.53118896484375
1772643350.3222563,2247,-118.71988677978516
1772643354.5648797,2248,-124.82955169677734
1772643355.0772529,2249,-101.92359161376953
1772643357.1325142,2250,-123.62906646728516
1772643361.449628,2251,-127.50741577148438
1772643370.662118,2252,-68.96493530273438
1772643379.5889835,2253,-157.16526794433594
1772643384.644872,2254,-135.7736053466797
1772643385.2429514,2255,-102.31629943847656
1772643391.195452,2256,-129.19351196289062
1772643394.2350276,2257,-109.65605163574219
1772643399.1416686,2258,-137.41221618652344
1772643399.533518,2259,-100.0
1772643402.2457352,2260,-127.52721405029297
1772643405.6310654,2261,-130.40994262695312
1772643407.1862051,2262,-108.21934509277344
1772643407.5023837,2263,-100.56929779052734
1772643407.7948992,2264,-100.97653198242188
1772643410.3319523,2265,-121.60773468017578
1772643411.1644902,2266,-104.36824798583984
1772643412.2747517,2267,-107.85416412353516
1772643413.298677,2268,-104.7798080444336
1772643414.1153095,2269,-103.36930847167969
1772643415.8680322,2270,-109.0248794555664
1772643416.2615747,2271,-100.70520782470703
1772643422.9172008,2272,-49.871700286865234
1772643427.2377687,2273,-129.1874542236328
1772643427.7487245,2274,-102.17520141601562
1772643432.389935,2275,-127.69436645507812
1772643432.9977753,2276,-102.69566345214844
1772643443.6748703,2277,-160.41465759277344
1772643446.2841308,2278,-112.89738464355469
1772643448.0374699,2279,-110.75647735595703
1772643461.187648,2280,-206.6621856689453
1772643464.6444423,2281,-118.60823059082031
1772643466.3725035,2282,-109.02696990966797
1772643468.645349,2283,-116.46776580810547
1772643471.7847383,2284,-28.438425064086914
1772643474.79373,2285,-132.3866424560547
1772643475.107902,2286,-100.0
1772643475.2276137,2287,-100.0
1772643482.2765746,2288,-137.51226806640625
1772643487.7055767,2289,-128.34735107421875
1772643493.0755873,2290,-137.1809539794922
1772643498.650941,2291,-155.15679931640625
1772643501.3184962,2292,-116.62490844726562
1772643503.6458278,2293,-119.07105255126953
1772643518.6286526,2294,-121.87001037597656
1772643523.0177982,2295,-24.78801155090332
1772643526.4738562,2296,-115.38993835449219
1772643526.8833814,2297,-100.4966049194336
1772643538.248606,2298,-173.61891174316406
1772643538.9828475,2299,-100.0
1772643545.6606643,2300,-137.38653564453125
1772643551.599101,2301,-131.0845947265625
1772643556.828678,2302,-127.2359848022461
1772643557.8986778,2303,-101.68423461914062
1772643565.9058702,2304,-160.11209106445312
1772643569.7004707,2305,-128.2069854736328
1772643575.163918,2306,-137.4522705078125
1772643575.9652674,2307,-103.66797637939453
1772643579.0357783,2308,-115.63362121582031
1772643579.45131,2309,-100.86976623535156
1772643581.0529094,2310,-110.27639770507812
1772643583.725422,2311,-117.23318481445312
1772643588.8606713,2312,-139.3850555419922
1772643589.405324,2313,-101.1449203491211
1772643591.987741,2314,-113.7361831665039
1772643597.9283445,2315,-158.50086975097656
1772643606.4055884,2316,-141.55397033691406
1772643609.957205,2317,-17.715145111083984
1772643613.6609836,2318,-132.72474670410156
1772643614.027546,2319,-100.31477355957031
1772643620.251703,2320,-162.72760009765625
1772643621.861305,2321,-106.57183074951172
1772643628.3483875,2322,-34.45355987548828
1772643628.827545,2323,-100.0
1772643632.5569444,2324,-130.01901245117188
1772643632.9335713,2325,-100.41548919677734
1772643637.5652976,2326,-136.91778564453125
1772643639.9873457,2327,-110.58830261230469
1772643642.0585835,2328,-112.44795989990234
1772643642.4646463,2329,-101.24894714355469
1772643645.2989178,2330,-116.7981185913086
1772643645.5769696,2331,-100.0
1772643647.396773,2332,-104.84344482421875
1772643648.146434,2333,-101.88709259033203
1772643652.7105975,2334,-128.81350708007812
1772643796.9484935,2335,-19.354820251464844
1772643804.380373,2336,-142.3563690185547
1772643813.476326,2337,-63.30060577392578
1772643818.6836238,2338,-29.199995040893555
1772643822.0833867,2339,-120.63357543945312
1772643822.43636,2340,-100.53987121582031
1772643823.4936357,2341,-112.71357727050781
1772643824.3703172,2342,-106.6319580078125
1772643824.756685,2343,-101.30191802978516
1772643827.003277,2344,-112.3487777709961
1772643827.395675,2345,-101.08184814453125
1772643841.6503778,2346,-176.74960327148438
1772643845.3404083,2347,-119.37141418457031
1772643851.7501082,2348,-142.40777587890625
1772643854.7284575,2349,-132.22679138183594
1772643857.9198248,2350,-130.8873748779297
1772643866.0333312,2351,-177.28892517089844
1772643874.7004426,2352,-175.17250061035156
1772643877.7971375,2353,-116.71481323242188
1772643879.9962323,2354,-106.18621063232422
1772643880.4118884,2355,-101.24397277832031
1772643881.0606267,2356,-105.53498077392578
1772643881.3852992,2357,-100.77759552001953
1772643883.2609372,2358,-115.95037078857422
1772643885.2588313,2359,-110.12193298339844
1772643886.2260113,2360,-106.4542465209961
1772643888.2659352,2361,-112.20809173583984
1772643888.8757167,2362,-102.0548324584961
1772643890.5020728,2363,-109.5848617553711
1772643891.3788283,2364,-104.46029663085938
1772643895.5740101,2365,-129.0751953125
1772643896.2837288,2366,-104.27632904052734
1772643900.444216,2367,-126.47581481933594
1772643901.7152622,2368,-106.1033706665039
1772643904.2283995,2369,-117.74665069580078
1772643904.9965386,2370,-106.87415313720703
1772643911.5716248,2371,-48.79966735839844
1772643918.4604874,2372,-149.75466918945312
1772643922.1259327,2373,-117.83546447753906
1772643924.7416642,2374,-115.49455261230469
1772643928.419879,2375,-139.64691162109375
1772643928.7401216,2376,-100.0
1772643933.4391685,2377,-144.61456298828125
1772643937.8999758,2378,-139.23660278320312
1772643945.7082634,2379,-156.6470489501953
1772643949.012467,2380,-120.95186614990234
1772643953.2759998,2381,-38.57714080810547
1772643965.5322692,2382,-183.427734375
1772643968.8602653,2383,-123.82160949707031
1772643971.149706,2384,-117.4222412109375
1772643980.6134224,2385,-71.65132904052734
1772643981.8566263,2386,-103.41112518310547
1772643982.4678633,2387,-104.22469329833984
1772643982.716315,2388,-101.69832611083984
1772643984.2205706,2389,-116.05516815185547
1772643984.7324774,2390,-101.11072540283203
1772643988.8649774,2391,-135.07188415527344
1772643992.6925201,2392,-139.11570739746094
1772643996.356891,2393,-126.42506408691406
1772643998.7146685,2394,-119.68247985839844
1772644002.7440457,2395,-125.94143676757812
1772644008.1658587,2396,-43.48052215576172
1772644012.1645584,2397,-123.50743865966797
1772644014.4605434,2398,-116.84500122070312
1772644019.2266784,2399,-117.59265899658203
1772644019.6126623,2400,-100.0
1772644027.129996,2401,-149.53562927246094
1772644027.6998494,2402,-100.66606140136719
1772644028.1667395,2403,-103.90078735351562
1772644042.1898346,2404,-206.8668212890625
1772644048.0512695,2405,-132.85084533691406
1772644048.571763,2406,-100.71813201904297
1772644050.4059043,2407,-110.43798065185547
1772644054.7793407,2408,-130.15545654296875
1772644058.9810908,2409,-140.83250427246094
1772644061.7556775,2410,-117.49456787109375
1772644064.1658323,2411,-126.98490905761719
1772644064.4224255,2412,-100.0
1772644074.6946948,2413,-76.58543395996094
1772644076.362171,2414,-104.40255737304688
1772644078.7313836,2415,-107.0288314819336
1772644083.8311539,2416,-130.14230346679688
1772644084.387909,2417,-100.50565338134766
1772644087.1078696,2418,-124.42015838623047
1772644089.626122,2419,-113.91940307617188
1772644089.8827925,2420,-100.0
1772644094.1801257,2421,-130.5363311767578
1772644096.8119965,2422,-122.33749389648438
1772644097.542682,2423,-105.19056701660156
1772644104.1238256,2424,-140.67124938964844
1772644104.773126,2425,-100.82251739501953
1772644109.2535198,2426,-133.60618591308594
1772644216.2297888,2427,-112.85012817382812
1772644216.9321332,2428,-102.91545867919922
1772644218.676223,2429,-114.64923858642578
1772644219.6904013,2430,-106.91332244873047
1772644220.0353117,2431,-102.13006591796875
1772644220.4440174,2432,-101.58799743652344
1772644221.093676,2433,-103.44084167480469
1772644221.587779,2434,-102.58291625976562
1772644221.9646518,2435,-103.16533660888672
1772644224.7720487,2436,-116.341552734375
1772644225.03268,2437,-100.0
1772644227.4285834,2438,-121.58369445800781
1772644229.9838405,2439,-114.36387634277344
1772644230.243908,2440,-100.0
1772644231.8596268,2441,-107.78119659423828
1772644232.6668973,2442,-106.5389633178711
1772644234.468663,2443,-109.94251251220703
1772644237.4465554,2444,-123.24725341796875
1772644238.0731068,2445,-104.048828125
1772644239.5077062,2446,-110.83390045166016
1772644239.7641177,2447,-100.47928619384766
1772644239.94135,2448,-100.66594696044922
1772644240.2388499,2449,-101.49982452392578
1772644242.3736918,2450,-118.39942169189453
1772644252.4983678,2451,2.735656261444092
1772644256.1464105,2452,-130.09136962890625
1772644256.5389175,2453,-101.6008529663086
1772644264.7222235,2454,-159.2020721435547
1772644267.0074685,2455,-111.43311309814453
1772644267.236184,2456,-100.0
1772644268.8376231,2457,-116.46631622314453
1772644269.8198805,2458,-108.97067260742188
1772644275.546778,2459,-143.3623504638672
1772644279.8362534,2460,-138.1146697998047
1772644280.2608871,2461,-100.14691925048828
1772644285.4961188,2462,-137.67138671875
1772644287.5948524,2463,-116.44393157958984
1772644291.2677739,2464,-122.10672760009766
1772644300.8104646,2465,-161.8711395263672
1772644304.8055012,2466,-120.42745208740234
1772644307.177415,2467,-113.15725708007812
1772644312.3623652,2468,-143.633056640625
1772644316.0911357,2469,-134.6487579345703
1772644320.559983,2470,-24.223661422729492
1772644321.5456696,2471,-106.09747314453125
1772644324.718857,2472,-11.563730239868164
1772644328.3298533,2473,-120.89714813232422
1772644329.2854996,2474,-106.2720718383789
1772644331.638364,2475,-114.84211730957031
1772644333.478378,2476,-106.44666290283203
1772644339.8504314,2477,-158.47377014160156
1772644344.6619499,2478,-24.859153747558594
1772644346.0600207,2479,-112.5749282836914
1772644346.5474486,2480,-101.46855926513672
1772644347.039894,2481,-102.43463897705078
1772644348.0038388,2482,-109.56224822998047
1772644352.2841482,2483,-26.789047241210938
1772644353.8010082,2484,-107.32231140136719
1772644354.862603,2485,-103.0218505859375
1772644359.0187128,2486,-133.05233764648438
1772644367.6049447,2487,-161.06521606445312
1772644369.113972,2488,-111.11009979248047
1772644371.8964946,2489,-115.70912170410156
1772644373.9603226,2490,-116.75978088378906
1772644375.272193,2491,-108.69509887695312
1772644376.7265136,2492,-111.08956146240234
1772644377.5769038,2493,-103.63680267333984
1772644379.6572936,2494,-117.86912536621094
1772644383.0029542,2495,-119.01460266113281
1772644388.2517333,2496,-127.7300796508789
1772644390.6356163,2497,-107.52543640136719
1772644398.250464,2498,-157.9793243408203
1772644398.8451025,2499,-100.30143737792969
1772644404.288071,2500,-32.1467399597168
1772644405.0058527,2501,-101.35528564453125
1772644407.6342554,2502,-112.09300994873047
1772644412.6128523,2503,-129.06336975097656
1772644413.1159823,2504,-100.1918716430664
1772644415.6536224,2505,-121.77613067626953
1772644416.3804038,2506,-103.38516235351562
1772644421.3405118,2507,-125.4302749633789
1772644423.9331977,2508,-107.40689849853516
1772644426.7894442,2509,-110.90921020507812
1772644430.0127025,2510,-12.827826499938965
1772644430.332162,2511,-100.0
1772644432.198415,2512,-110.93303680419922
1772644432.484201,2513,-100.5999984741211
1772644435.3250194,2514,-126.74073028564453
1772644437.8371034,2515,-113.78475189208984
1772644444.1653228,2516,-37.08572006225586
1772644450.6292753,2517,-132.95272827148438
1772644453.2216299,2518,-110.74580383300781
1772644453.7152212,2519,-102.0071792602539
1772644458.4829602,2520,-132.09130859375
1772644459.4647534,2521,-106.23621368408203
1772644463.025574,2522,-137.0979461669922
1772644465.157488,2523,-116.18620300292969
1772644467.3974075,2524,-110.30138397216797
1772644469.4096384,2525,-116.34579467773438
1772644472.3892002,2526,-114.9985580444336
1772644475.3335283,2527,-119.92202758789062
1772644481.2203114,2528,-159.7228240966797
1772644488.5183272,2529,-143.05203247070312
1772644491.7948165,2530,-118.92691040039062
1772644499.0014808,2531,-147.0695037841797
1772644508.262257,2532,-81.23843383789062
1772644517.2674344,2533,-170.76263427734375
1772644521.5625045,2534,-143.90908813476562
1772644523.223797,2535,-112.63219451904297
1772644620.6128573,2536,-122.79015350341797
1772644625.1470368,2537,-129.79763793945312
1772644635.228961,2538,-175.64268493652344
1772644636.2195442,2539,-101.01519775390625
1772644636.7097502,2540,-103.496337890625
1772644644.019548,2541,-153.5669708251953
1772644644.6908228,2542,-101.3935317993164
1772644646.8761423,2543,-111.3284683227539
1772644649.5647166,2544,-123.75946044921875
1772644654.9406745,2545,-128.654296875
1772644661.2076273,2546,-139.09878540039062
1772644663.0457819,2547,-108.46268463134766
1772644667.172667,2548,-34.942264556884766
1772644673.8930907,2549,-144.24093627929688
1772644675.1145573,2550,-103.19041442871094
1772644677.380964,2551,-111.3801498413086
1772644682.3423674,2552,-56.54320526123047
1772644687.5004892,2553,-127.93936920166016
1772644694.7482264,2554,-145.12271118164062
1772644697.865282,2555,-117.87677001953125
1772644701.1889265,2556,-129.1319122314453
1772644701.4782956,2557,-100.0
1772644701.6045175,2558,-100.0
1772644715.548952,2559,-206.4152069091797
1772644719.452376,2560,-15.61872673034668
1772644724.554998,2561,-139.13671875
1772644725.0293775,2562,-100.4727783203125
1772644733.2945344,2563,-144.62855529785156
1772644737.9574265,2564,70.18087005615234
1772644742.1947935,2565,-136.68551635742188
1772644744.6364594,2566,-113.11278533935547
1772644747.7944808,2567,-133.6754913330078
1772644750.4059026,2568,-117.49801635742188
1772644753.2444286,2569,-109.03145599365234
1772644756.1601045,2570,-111.45689392089844
1772644763.4208734,2571,-145.28822326660156
1772644763.932297,2572,-100.0
1772644764.587003,2573,-103.91407012939453
1772644764.8693917,2574,-100.0
1772644769.0345001,2575,-122.62995147705078
1772644780.2102356,2576,-179.0283660888672
1772644782.56493,2577,-109.02397155761719
1772644787.8403711,2578,-131.4409637451172
1772644788.25212,2579,-100.0
1772644795.3160243,2580,-160.92349243164062
1772644796.0524397,2581,-101.00186157226562
1772644797.1248238,2582,-106.06664276123047
1772644800.3404455,2583,-118.25749206542969
1772644806.412512,2584,-133.62135314941406
1772644806.9799633,2585,-100.86941528320312
1772644809.2164407,2586,-112.18023681640625
1772644814.332832,2587,-141.1330108642578
1772644819.4048254,2588,-141.4016571044922
1772644824.531272,2589,-152.91859436035156
1772644824.9981856,2590,-100.30941772460938
1772644825.4397383,2591,-103.04045104980469
1772644828.5394192,2592,-23.114418029785156
1772644830.1720715,2593,-107.9994888305664
1772644837.45846,2594,-167.36373901367188
1772644838.6195242,2595,-102.97502136230469
1772644840.4268503,2596,-122.01468658447266
1772644842.2442648,2597,-113.725341796875
1772644844.6675787,2598,-125.17739868164062
1772644849.362806,2599,-132.49610900878906
1772644851.8044243,2600,-117.01805114746094
1772644852.4075785,2601,-103.073486328125
1772644853.3489044,2602,-107.19005584716797
1772644854.8063347,2603,-108.7546157836914
1772644862.3327823,2604,-171.11215209960938
1772644865.4128275,2605,-120.31926727294922
1772644868.3564777,2606,-115.21817016601562
1772644870.9319975,2607,-118.0448226928711
1772644873.221399,2608,-111.44664001464844
1772644876.113837,2609,-117.57660675048828
1772644879.9405346,2610,-136.8155517578125
1772644887.5703967,2611,-71.4077377319336
1772644888.873018,2612,-103.9678955078125
1772644891.3016176,2613,-115.4387435913086
1772644894.4356747,2614,-118.212890625
1772644897.1568847,2615,-117.69490814208984
1772644907.68596,2616,-169.27288818359375
1772644912.691042,2617,-27.330833435058594
1772644913.6505368,2618,-105.6199951171875
1772644915.4973884,2619,-109.79772186279297
1772644916.0339115,2620,-102.16376495361328
1772644922.854353,2621,-140.8470001220703
1772644926.688718,2622,-129.2779083251953
1772644934.4371655,2623,-149.52418518066406
1772645085.5643384,2624,-120.46085357666016
1772645088.7718105,2625,-19.384845733642578
1772645089.1252232,2626,-100.9232177734375
1772645090.9815316,2627,-111.39505767822266
1772645094.3645878,2628,-120.74818420410156
1772645109.5093026,2629,-115.8997573852539
1772645113.7560837,2630,-115.3563003540039
1772645116.4848485,2631,-122.5211410522461
1772645121.6285005,2632,-137.47567749023438
1772645124.1877778,2633,-113.13309478759766
1772645124.712269,2634,-102.78589630126953
1772645129.861614,2635,-141.5638885498047
1772645138.427803,2636,-154.1080322265625
1772645146.4060094,2637,-73.48151397705078
1772645149.7657907,2638,-118.74430847167969
1772645152.7646308,2639,-120.50115966796875
1772645154.9966948,2640,-113.32527160644531
1772645165.5784297,2641,-71.4773941040039
1772645167.6850564,2642,-114.0112075805664
1772645169.4759455,2643,-116.42518615722656
1772645173.9486847,2644,-133.55873107910156
1772645177.3004553,2645,-117.68195343017578
1772645177.7554343,2646,-101.1330337524414
1772645180.7722964,2647,-126.9028091430664
1772645184.9657485,2648,-135.16555786132812
1772645187.5934825,2649,-116.68948364257812
1772645192.187196,2650,-129.8273162841797
1772645193.3168547,2651,-106.29259490966797
1772645197.3185794,2652,-127.51361083984375
1772645197.9281106,2653,-102.71888732910156
1772645207.6442516,2654,-180.4148712158203
1772645210.7242422,2655,-114.30770111083984
1772645213.6992815,2656,-113.81642150878906
1772645215.7084572,2657,-107.63341522216797
1772645215.986257,2658,-100.30728912353516
1772645216.1055784,2659,-100.0
1772645221.3382468,2660,-151.9953155517578
1772645231.913113,2661,-63.64503479003906
1772645233.7075615,2662,-104.50749969482422
1772645235.429756,2663,-108.3998794555664
1772645238.418846,2664,-128.38137817382812
1772645241.1247883,2665,-115.40061950683594
1772645241.4350276,2666,-100.27912139892578
1772645242.652341,2667,-107.68643951416016
1772645247.6339893,2668,-24.619089126586914
1772645253.3849745,2669,-151.45626831054688
1772645253.8311577,2670,-100.0
1772645256.5309026,2671,-122.66613006591797
1772645264.6672668,2672,-141.503173828125
1772645266.9955184,2673,-108.64177703857422
1772645267.877809,2674,-107.3885269165039
1772645276.165507,2675,-162.79586791992188
1772645281.6379566,2676,-151.4941864013672
1772645289.4604104,2677,-145.9766082763672
1772645292.412108,2678,-122.21700286865234
1772645292.986396,2679,-101.92194366455078
1772645295.2271159,2680,-112.52960968017578
1772645295.4836996,2681,-100.0
1772645298.5006294,2682,-128.81057739257812
1772645302.7162685,2683,-120.96037292480469
1772645303.9729865,2684,-110.41748809814453
1772645309.2277088,2685,-130.58013916015625
1772645314.8762531,2686,-140.7538604736328
1772645319.9738138,2687,-131.8917236328125
1772645320.5405078,2688,-100.93827819824219
1772645323.1724463,2689,-112.97334289550781
1772645323.848302,2690,-104.05648803710938
1772645328.548828,2691,-33.48921585083008
1772645334.1165793,2692,-131.58848571777344
1772645336.092507,2693,-116.08890533447266
1772645336.5508149,2694,-102.06604766845703
1772645341.04438,2695,-138.79518127441406
1772645344.3376162,2696,-13.927924156188965
1772645346.4930866,2697,-113.15267181396484
1772645347.475064,2698,-102.04234313964844
1772645351.8611536,2699,-136.7385711669922
1772645363.4195607,2700,-177.88784790039062
1772645366.6930401,2701,-124.85655212402344
1772645367.0137436,2702,-100.30033874511719
1772645368.326178,2703,-109.55525207519531
1772645373.1472783,2704,-38.79414749145508
1772645376.6761315,2705,-119.64485931396484
1772645379.1877823,2706,-115.299560546875
1772645386.9300876,2707,-158.55494689941406
1772645387.620946,2708,-101.15414428710938
1772645399.5255375,2709,-182.68345642089844
1772645570.0996513,2710,-137.6356658935547
1772645574.259488,2711,-133.24362182617188
1772645579.6878583,2712,-133.74993896484375
1772645582.2598507,2713,-116.73348236083984
1772645587.2787497,2714,-136.8337860107422
1772645595.5163789,2715,-148.27281188964844
1772645596.325239,2716,-101.73825073242188
1772645596.794885,2717,-102.7080078125
1772645598.665884,2718,-116.16778564453125
1772645605.4548876,2719,-143.96978759765625
1772645609.1264262,2720,-32.12751770019531
1772645612.7724066,2721,-17.0382137298584
1772645619.5805142,2722,-144.22642517089844
1772645621.778163,2723,-111.97289276123047
1772645623.300748,2724,-110.33349609375
1772645623.7816243,2725,-101.04769134521484
1772645645.0560684,2726,-254.39065551757812
1772645646.889166,2727,-102.32019805908203
1772645649.6403687,2728,-120.3008041381836
1772645652.001219,2729,-126.30938720703125
1772645652.7537973,2730,-104.89615631103516
1772645662.514568,2731,-162.93002319335938
1772645672.5489314,2732,-162.0491485595703
1772645676.3706446,2733,-134.6698455810547
1772645680.89961,2734,-132.4327392578125
1772645686.8672893,2735,-42.103660583496094
1772645691.527263,2736,-134.59535217285156
1772645694.162482,2737,-110.6452407836914
1772645698.7711318,2738,-29.521364212036133
1772645699.954426,2739,-106.05316925048828
1772645700.1873076,2740,-100.8331069946289
1772645703.6858466,2741,-24.733043670654297
1772645707.2282743,2742,-124.89494323730469
1772645707.7719784,2743,-101.87977600097656
1772645712.7086835,2744,-128.1275177001953
1772645717.8989637,2745,-120.19215393066406
1772645718.514436,2746,-102.1749038696289
1772645719.491035,2747,-110.93588256835938
1772645720.8704293,2748,-111.07486724853516
1772645723.9103572,2749,-22.11887550354004
1772645726.6674726,2750,-111.21000671386719
1772645729.7241633,2751,-134.2386474609375
1772645732.442691,2752,-110.65711975097656
1772645734.8126743,2753,-121.74127197265625
1772645735.1776514,2754,-100.87731170654297
1772645736.5302596,2755,-109.08257293701172
1772645740.2371078,2756,-127.870849609375
1772645752.905937,2757,-58.785518646240234
1772645760.6024835,2758,-145.8634490966797
1772645763.7398896,2759,-113.17378997802734
1772645766.140438,2760,-114.14554595947266
1772645766.9809687,2761,-103.29744720458984
1772645767.3104036,2762,-101.8052978515625
1772645773.3965228,2763,59.773406982421875
1772645773.9801087,2764,-101.1758804321289
1772645778.308762,2765,-44.31729507446289
1772645780.9786541,2766,-113.73731994628906
1772645785.2217295,2767,-15.405641555786133
1772645785.574222,2768,-100.0
1772645790.660685,2769,-154.31661987304688
1772645792.7402482,2770,-109.4416732788086
1772645795.2227068,2771,-115.80514526367188
1772645795.770538,2772,-102.885009765625
1772645797.9924374,2773,-116.52802276611328
1772645798.3083713,2774,-100.66411590576172
1772645802.1407285,2775,-119.81543731689453
1772645812.805721,2776,-190.6905059814453
1772645814.5876505,2777,-115.44392395019531
1772645819.227655,2778,-129.5121612548828
1772645821.9804661,2779,-117.90339660644531
1772645822.3234484,2780,-100.27043914794922
1772645827.6023722,2781,-129.5638427734375
1772645828.2834656,2782,-101.84709930419922
1772645830.8217704,2783,-125.4271011352539
1772645833.1562803,2784,-123.45805358886719
1772645833.5093856,2785,-101.0431900024414
1772645835.1651108,2786,-106.72357177734375
1772645837.2215645,2787,-121.7077865600586
1772645839.3657117,2788,-116.85697174072266
1772645843.2200828,2789,-118.56361389160156
1772645849.3714783,2790,-142.27090454101562
1772645852.9970071,2791,-32.20804214477539
1772645856.0073655,2792,-123.07820129394531
1772645866.8006065,2793,-174.7080535888672
1772645971.3008544,2794,-111.27516174316406
1772645972.539422,2795,-104.98616027832031
1772645982.8743966,2796,-195.24880981445312
1772645987.6844606,2797,-125.44719696044922
1772645990.0036662,2798,-121.2430648803711
1772645992.9972367,2799,-126.13611602783203
1772645998.0423634,2800,-126.29457092285156
1772646002.7716596,2801,-131.18588256835938
1772646008.6670113,2802,-144.39425659179688
1772646009.0955355,2803,-100.0
1772646009.2839272,2804,-100.40887451171875
1772646025.2129524,2805,-204.80699157714844
1772646026.2046537,2806,-100.0
1772646034.1726506,2807,-150.17271423339844
1772646036.6469662,2808,-107.78058624267578
1772646044.7108881,2809,-162.49742126464844
1772646049.6282911,2810,-134.83546447753906
1772646051.7183928,2811,-116.7893295288086
1772646055.6004689,2812,-118.60902404785156
1772646061.79283,2813,-33.304237365722656
1772646063.7216976,2814,-114.69911193847656
1772646063.932483,2815,-100.0
1772646068.3716562,2816,-119.51705169677734
1772646069.4439073,2817,-102.403076171875
1772646069.6053839,2818,-100.0
1772646078.8210733,2819,-168.69961547851562
1772646081.915643,2820,-113.64340209960938
1772646087.6224353,2821,-134.24752807617188
1772646091.5893471,2822,-140.97689819335938
1772646095.5062978,2823,-122.53944396972656
1772646098.7229848,2824,-115.0353012084961
1772646101.116055,2825,-120.0562973022461
1772646101.3554397,2826,-100.0
1772646103.3548748,2827,-113.7319564819336
1772646106.4466126,2828,-20.643333435058594
1772646116.7154067,2829,-190.69676208496094
1772646119.8357763,2830,-117.47055053710938
1772646123.1409175,2831,-16.039749145507812
1772646126.427931,2832,-126.08811950683594
1772646137.3615232,2833,-181.4695281982422
1772646138.6188025,2834,-104.54115295410156
1772646140.48476,2835,-117.1929931640625
1772646143.3554265,2836,-114.07047271728516
1772646148.0593722,2837,-141.8209991455078
1772646150.18686,2838,-111.21844482421875
1772646153.8428972,2839,-131.67276000976562
1772646164.265994,2840,-183.89346313476562
1772646165.4991887,2841,-105.94287109375
1772646171.612335,2842,-52.302589416503906
1772646172.092184,2843,-100.0
1772646174.8671937,2844,-117.03924560546875
1772646175.4749105,2845,-103.35100555419922
1772646186.0883904,2846,-192.76905822753906
1772646188.420699,2847,-110.58583068847656
1772646196.5175948,2848,-166.67889404296875
1772646198.012273,2849,-107.9547119140625
1772646217.5731318,2850,-251.47662353515625
1772646220.7326567,2851,-113.7615966796875
1772646228.019449,2852,-145.0283660888672
1772646233.7020168,2853,-140.34799194335938
1772646241.2531426,2854,-145.9920654296875
1772646245.6276727,2855,-30.575069427490234
1772646246.899102,2856,-108.64743041992188
1772646247.6537974,2857,-104.73121643066406
1772646254.4085262,2858,-139.6108856201172
1772646255.035172,2859,-100.86386108398438
1772646265.8592286,2860,-188.937255859375
1772646274.5331175,2861,-156.7144012451172
1772646275.2816458,2862,-101.09194946289062
1772646277.4944208,2863,-122.77577209472656
1772646285.551589,2864,-155.27879333496094
1772646446.18099,2865,-154.93527221679688
1772646454.5771549,2866,-148.76039123535156
1772646463.7601635,2867,-153.75245666503906
1772646466.652028,2868,-121.58329010009766
1772646472.2133265,2869,-156.05873107910156
1772646475.7067635,2870,-117.22164154052734
1772646478.182467,2871,-119.13385009765625
1772646480.6357663,2872,-122.37322998046875
1772646483.4825723,2873,-113.82967376708984
1772646486.30837,2874,-116.60707092285156
1772646490.957848,2875,-124.51261901855469
1772646496.2922866,2876,-140.89071655273438
1772646496.873384,2877,-101.36060333251953
1772646501.0622065,2878,-34.68382263183594
1772646504.251323,2879,-130.54061889648438
1772646507.359767,2880,-127.69232177734375
1772646513.6274667,2881,-139.4846649169922
1772646517.2437868,2882,-124.28697967529297
1772646522.149915,2883,-139.04486083984375
1772646522.565995,2884,-100.0
1772646522.8019922,2885,-101.05369567871094
1772646527.7941256,2886,-140.58258056640625
1772646535.5162158,2887,-161.16043090820312
1772646536.32529,2888,-102.47896575927734
1772646538.3086312,2889,-118.37287139892578
1772646538.534072,2890,-100.0
1772646539.3104806,2891,-102.44805908203125
1772646539.5660744,2892,-100.29150390625
1772646544.2434728,2893,-136.08836364746094
1772646546.917682,2894,-119.23847961425781
1772646548.1558385,2895,-107.5593490600586
1772646551.8458204,2896,-136.1813201904297
1772646562.3924026,2897,-163.14212036132812
1772646567.843934,2898,-126.37895965576172
1772646568.4765615,2899,-101.66510772705078
1772646573.3074894,2900,-125.90333557128906
1772646575.3444078,2901,-112.73275756835938
1772646578.8112419,2902,-115.96852111816406
1772646579.996043,2903,-106.23516845703125
1772646580.4015477,2904,-101.287353515625
1772646584.8777256,2905,-126.64971160888672
1772646588.8044052,2906,-132.71017456054688
1772646590.7702682,2907,-115.49703216552734
1772646593.5093722,2908,-117.46172332763672
1772646609.20221,2909,-224.82655334472656
1772646610.1800747,2910,-100.0
1772646613.2884169,2911,-128.87039184570312
1772646631.424095,2912,-195.26309204101562
1772646632.7639196,2913,-101.01182556152344
1772646633.0283825,2914,-100.64427947998047
1772646638.054011,2915,-136.56649780273438
1772646640.5033007,2916,-118.04779052734375
1772646645.6827204,2917,68.83253479003906
1772646655.570567,2918,41.143699645996094
1772646656.2525322,2919,-100.0
1772646659.5610504,2920,-126.5430908203125
1772646662.084724,2921,-117.33203125
1772646667.6027625,2922,-141.8187713623047
1772646670.2685344,2923,-117.69522857666016
1772646672.2927797,2924,-111.2288818359375
1772646680.6920815,2925,-151.37588500976562
1772646682.7586021,2926,-110.01470947265625
1772646686.1893694,2927,-125.16063690185547
1772646686.5049553,2928,-100.0
1772646694.0836577,2929,-159.80386352539062
1772646694.6940982,2930,-100.39205169677734
1772646694.884221,2931,-100.58580780029297
1772646697.2210772,2932,-110.19498443603516
1772646697.5314486,2933,-100.66799926757812
1772646699.9405181,2934,-107.22068786621094
1772646701.0509946,2935,-109.19335174560547
1772646708.9569054,2936,-145.58697509765625
1772646713.9635372,2937,-123.92849731445312
1772646717.9589586,2938,-118.83116149902344
1772646720.541392,2939,-114.86824798583984
1772646722.5476427,2940,-120.51631927490234
1772646725.7338855,2941,-16.383508682250977
1772646726.0230682,2942,-100.0
1772646731.0594063,2943,-36.44832992553711
1772646740.2197351,2944,-157.8592987060547
1772646745.0427754,2945,-127.0364990234375
1772646748.0001485,2946,-113.59835052490234
1772646861.1575918,2947,-114.80241394042969
1772646865.9903867,2948,-126.52427673339844
1772646869.1484609,2949,-119.30641174316406
1772646871.6444495,2950,-113.24618530273438
1772646874.4378147,2951,-119.73835754394531
1772646878.2347405,2952,-115.57466888427734
1772646878.7987463,2953,-101.56401824951172
1772646883.3470926,2954,-133.021484375
1772646883.781093,2955,-100.08323669433594
1772646883.909649,2956,-100.0
1772646884.0286412,2957,-100.0
1772646890.791757,2958,-50.79826736450195
1772646897.7786372,2959,-134.41494750976562
1772646898.9478393,2960,-105.9786605834961
1772646899.8901176,2961,-105.2321548461914
1772646900.1232758,2962,-100.60012817382812
1772646903.2315245,2963,-16.673158645629883
1772646905.0448022,2964,-115.59407806396484
1772646912.5800514,2965,-157.53733825683594
1772646914.0212948,2966,-102.27668762207031
1772646916.346102,2967,-120.26127624511719
1772646921.8842869,2968,-133.8196563720703
1772646926.611143,2969,-140.20877075195312
1772646930.2845585,2970,-131.68572998046875
1772646931.6381667,2971,-105.08422088623047
1772646934.9220815,2972,-15.314112663269043
1772646937.5412917,2973,-114.53688049316406
1772646941.4161289,2974,-24.06920623779297
1772646946.1870565,2975,-126.50798034667969
1772646950.8027258,2976,-143.6688995361328
1772646957.084101,2977,-26.590179443359375
1772646961.5560782,2978,-138.59408569335938
1772646961.906114,2979,-100.0
1772646962.0252595,2980,-100.0
1772646966.5463772,2981,-135.24952697753906
1772646970.0126045,2982,-133.06591796875
1772646970.3094156,2983,-100.0
1772646973.4450269,2984,-128.8479766845703
1772646974.0227866,2985,-103.57100677490234
1772646974.5570765,2986,-104.87360382080078
1772646977.745103,2987,79.6416015625
1772646980.6133387,2988,-115.02291870117188
1772646984.7105625,2989,-122.75494384765625
1772646991.9462495,2990,-150.5659942626953
1772646992.8495023,2991,-102.34921264648438
1772647000.9190485,2992,-75.89697265625
1772647002.3324554,2993,-104.58606719970703
1772647019.65417,2994,-208.11854553222656
1772647022.9065237,2995,-113.86614990234375
1772647026.1129568,2996,-125.4443359375
1772647028.7680798,2997,-117.79570007324219
1772647031.740469,2998,-120.48466491699219
1772647035.0037706,2999,-112.58578491210938
1772647036.636239,3000,-112.68328857421875
1772647037.2448666,3001,-103.25501251220703
1772647037.387528,3002,-100.0
1772647050.0446265,3003,-208.4991912841797
1772647054.6522303,3004,-118.41545867919922
1772647066.5433683,3005,-88.9571304321289
1772647068.9067905,3006,-113.22512817382812
1772647074.91632,3007,-146.02268981933594
1772647079.8934243,3008,-26.71839714050293
1772647083.507947,3009,-122.5427474975586
1772647083.9872227,3010,-102.16535186767578
1772647086.4061956,3011,-118.07315826416016
1772647091.6606927,3012,-146.82574462890625
1772647092.242981,3013,-100.82625579833984
1772647092.3882284,3014,-100.0
1772647095.7395966,3015,-129.55125427246094
1772647103.6702688,3016,-164.61309814453125
1772647105.5493047,3017,-114.85160064697266
1772647105.9732258,3018,-99.97638702392578
1772647113.0838497,3019,-139.0315399169922
1772647114.5164819,3020,-107.58839416503906
1772647117.9898689,3021,-135.16238403320312
1772647118.339832,3022,-100.0
1772647119.8366075,3023,-112.9293441772461
1772647120.5716574,3024,-104.86447143554688
1772647130.3100204,3025,-174.1921844482422
1772647137.072407,3026,-129.2169952392578
1772647147.1088455,3027,-169.02064514160156
1772647150.2356136,3028,-117.154296875
1772647153.3819997,3029,-116.2292251586914
1772647153.9576519,3030,-103.37474060058594
1772647156.043343,3031,-123.74247741699219
1772647158.8447664,3032,-114.04627227783203
1772647161.0855987,3033,-113.16407012939453
1772647165.7884557,3034,-139.42970275878906
1772647166.1814759,3035,-100.0
1772647166.7882395,3036,-103.06763458251953
1772647166.930542,3037,-100.0
1772647170.858554,3038,-134.0094757080078
1772647171.3883572,3039,-101.21136474609375
1772647179.6854513,3040,-160.74549865722656
1772647255.9451833,3041,-122.44602966308594
1772647259.3418436,3042,-123.3126220703125
1772647265.299971,3043,-147.9180450439453
1772647278.514094,3044,-195.1659393310547
1772647288.5493464,3045,-162.4884796142578
1772647301.820635,3046,-197.13124084472656
1772647305.690319,3047,-119.40171813964844
1772647308.0865834,3048,-112.46983337402344
1772647308.3892872,3049,-100.5999984741211
1772647308.6361873,3050,-101.65270233154297
1772647314.0128455,3051,-134.11334228515625
1772647316.4213607,3052,-120.76936340332031
1772647316.82349,3053,-101.91807556152344
1772647325.6283295,3054,-166.44029235839844
1772647326.2455268,3055,-100.0
1772647329.6754057,3056,-24.76667022705078
1772647331.6891198,3057,-109.64610290527344
1772647336.677525,3058,-122.37870025634766
1772647341.906851,3059,-138.5634002685547
1772647342.4923213,3060,-101.9814682006836
1772647348.9336853,3061,-38.947540283203125
1772647350.2371497,3062,-103.56254577636719
1772647355.5249379,3063,-133.79124450683594
1772647367.4613624,3064,-168.24624633789062
1772647370.661904,3065,-117.209716796875
1772647376.6121097,3066,-133.93055725097656
1772647381.477829,3067,-146.06301879882812
1772647384.1571505,3068,-115.36644744873047
1772647389.321792,3069,-125.38031005859375
1772647391.235686,3070,-110.58295440673828
1772647393.2291257,3071,-111.47858428955078
1772647397.8517785,3072,-42.63747787475586
1772647399.891074,3073,-109.8690414428711
1772647403.1108098,3074,-117.06582641601562
1772647403.775564,3075,-102.47572326660156
1772647406.0434918,3076,-119.90348815917969
1772647408.9143467,3077,-116.99227142333984
1772647409.1893008,3078,-100.0
1772647418.5016885,3079,33.922821044921875
1772647419.7202554,3080,-106.10973358154297
1772647419.9945195,3081,-100.97023010253906
1772647427.7129161,3082,-148.739501953125
1772647429.5466135,3083,-112.8568115234375
1772647429.8526833,3084,-101.19999694824219
1772647435.3570368,3085,-21.44342613220215
1772647441.6814556,3086,-127.17736053466797
1772647446.862578,3087,-126.09295654296875
1772647447.939444,3088,-104.9789810180664
1772647450.5813367,3089,-117.1015853881836
1772647462.2513561,3090,-170.36289978027344
1772647466.2982545,3091,-130.17530822753906
1772647475.8914464,3092,-159.63755798339844
1772647482.6666346,3093,-141.47080993652344
1772647485.1624703,3094,-111.77479553222656
1772647489.0858507,3095,-126.54179382324219
1772647494.981561,3096,-129.76597595214844
1772647496.5075464,3097,-109.80819702148438
1772647501.7968116,3098,-125.09199523925781
1772647503.3578987,3099,-110.6316146850586
1772647504.4126415,3100,-102.5724105834961
1772647506.8440611,3101,-118.5972900390625
1772647515.2822957,3102,-140.3922882080078
1772647517.9903693,3103,-122.2222671508789
1772647520.4354048,3104,-127.99180603027344
1772647521.9471972,3105,-108.02045440673828
1772647526.3324819,3106,-122.44928741455078
1772647538.0125172,3107,-167.9314727783203
1772647542.203477,3108,-30.548677444458008
1772647557.5857618,3109,-114.02564239501953
1772647674.8850694,3110,-22.362438201904297
1772647675.173644,3111,-100.0
1772647681.9156923,3112,-33.07412338256836
1772647682.4046865,3113,-100.0
1772647688.5556068,3114,-142.95989990234375
1772647694.055192,3115,-48.75798797607422
1772647694.4925025,3116,-100.0
1772647702.5967643,3117,-150.8321990966797
1772647706.2806795,3118,-34.22311782836914
1772647712.4840243,3119,-157.4039306640625
1772647716.1143405,3120,-133.01119995117188
1772647719.2421238,3121,-116.65594482421875
1772647719.5883424,3122,-100.62293243408203
1772647722.335398,3123,-129.60853576660156
1772647726.140352,3124,-124.45368194580078
1772647728.9666474,3125,-121.11065673828125
1772647734.0530617,3126,-136.38812255859375
1772647736.8701315,3127,-124.34796142578125
1772647743.9889476,3128,-158.3958282470703
1772647745.1258361,3129,-102.97075653076172
1772647747.9783223,3130,-112.44635772705078
1772647749.5966744,3131,-111.90145111083984
1772647753.8191943,3132,-133.0007781982422
1772647759.1878097,3133,-144.28135681152344
1772647761.1617439,3134,-111.37598419189453
1772647762.0520527,3135,-105.23181915283203
1772647762.2121499,3136,-100.0
1772647764.425319,3137,-117.87133026123047
1772647771.4940922,3138,-163.1421356201172
1772647772.458963,3139,-102.26181030273438
1772647774.6288688,3140,-117.12140655517578
1772647777.3803482,3141,-125.89747619628906
1772647777.7568657,3142,-100.60257720947266
1772647782.6619754,3143,63.58223342895508
1772647786.72315,3144,-128.28749084472656
1772647788.9012756,3145,-122.09903717041016
1772647791.1908803,3146,-113.09768676757812
1772647791.430083,3147,-100.0
1772647792.2718344,3148,-105.0265121459961
1772647795.1461859,3149,-118.1642837524414
1772647797.3508458,3150,-116.20800018310547
1772647797.9794698,3151,-103.41632843017578
1772647803.2362704,3152,-25.135475158691406
1772647806.5018551,3153,-113.39575958251953
1772647807.3146431,3154,-102.81192016601562
1772647810.4279838,3155,-125.50587463378906
1772647812.3808467,3156,-114.61123657226562
1772647816.283644,3157,-145.1702423095703
1772647820.156505,3158,-133.15423583984375
1772647822.6938741,3159,-121.17253875732422
1772647822.939656,3160,-100.0
1772647828.5182164,3161,-143.7002410888672
1772647830.0022662,3162,-106.55082702636719
1772647831.4469624,3163,-111.07911682128906
1772647843.402149,3164,-68.4252700805664
1772647847.1639752,3165,-122.14550018310547
1772647854.8438923,3166,-143.75340270996094
1772647860.2991362,3167,-136.1426239013672
1772647870.9991167,3168,-68.14293670654297
1772647884.8369021,3169,-192.65170288085938
1772647891.4845128,3170,-132.51661682128906
1772647892.750647,3171,-112.12715911865234
1772647898.3097785,3172,-139.33274841308594
1772647899.4421551,3173,-102.41292572021484
1772647901.2427084,3174,-113.8141098022461
1772647908.837499,3175,-155.704833984375
1772647911.4354742,3176,85.36485290527344
1772647916.6908214,3177,-137.18576049804688
1772647920.010815,3178,-123.5378189086914
1772647920.443838,3179,-101.79072570800781
1772647920.7713065,3180,-102.34809875488281
1772647930.2197423,3181,-156.2578582763672
1772647932.9797962,3182,-115.55921936035156
1772647933.2244227,3183,-100.0
1772647933.3489776,3184,-100.0
1772647935.1466627,3185,-109.78616333007812
1772647938.3879669,3186,-116.71977233886719
1772647943.6920936,3187,-137.843017578125
1772647949.188617,3188,-128.88877868652344
1772647959.684438,3189,-158.2382049560547
1772647963.0356505,3190,-118.63320922851562
1772647967.5952277,3191,-19.27422332763672
1772647982.2423165,3192,-204.08839416503906
1772648077.898292,3193,-119.468994140625
1772648083.269643,3194,-152.99063110351562
1772648086.794608,3195,-119.34033966064453
1772648091.5901845,3196,-134.95770263671875
1772648103.0027318,3197,-200.76646423339844
1772648106.1403959,3198,-122.91295623779297
1772648106.429498,3199,-100.0
1772648108.394805,3200,-118.95962524414062
1772648111.6031935,3201,-128.49473571777344
1772648112.5617666,3202,-108.29228210449219
1772648114.747833,3203,-122.21663665771484
1772648119.8127902,3204,-130.81504821777344
1772648120.3883593,3205,-100.51437377929688
1772648122.7792037,3206,-108.88695526123047
1772648125.1482975,3207,-114.7048110961914
1772648129.6057065,3208,-29.068523406982422
1772648129.9625704,3209,-100.0
1772648133.344335,3210,-125.55670928955078
1772648137.1808004,3211,-136.50509643554688
1772648141.5952845,3212,-140.36239624023438
1772648142.5734696,3213,-104.05243682861328
1772648145.9066386,3214,-135.0826873779297
1772648146.213162,3215,-100.0
1772648146.3400095,3216,-100.0
1772648152.9335608,3217,-161.06494140625
1772648154.1173396,3218,-107.06969451904297
1772648155.9965286,3219,-112.69436645507812
1772648157.4403465,3220,-109.82005310058594
1772648162.1551857,3221,-28.670076370239258
1772648162.7889223,3222,-102.13165283203125
1772648168.389447,3223,-147.63662719726562
1772648176.7093759,3224,-156.2014923095703
1772648200.7635522,3225,-311.707275390625
1772648202.2370882,3226,-100.0
1772648204.9320905,3227,-119.30037689208984
1772648207.0367348,3228,-116.75895690917969
1772648207.2789712,3229,-100.0
1772648209.6376557,3230,-115.70867919921875
1772648210.1818907,3231,-101.56878662109375
1772648211.7399743,3232,-113.22102355957031
1772648216.8049502,3233,-128.83984375
1772648218.1477728,3234,-105.46194458007812
1772648219.7554893,3235,-108.94621276855469
1772648222.6849725,3236,-114.59601593017578
1772648224.0192156,3237,-110.10863494873047
1772648225.260661,3238,-111.762939453125
1772648228.6777098,3239,-119.9123306274414
1772648229.2024324,3240,-101.08684539794922
1772648233.5098438,3241,-144.39149475097656
1772648236.689471,3242,-119.53289794921875
1772648247.9222865,3243,-168.39590454101562
1772648252.7324789,3244,-16.104188919067383
1772648256.6994593,3245,-120.12615966796875
1772648263.589615,3246,-147.13499450683594
1772648268.1235995,3247,-141.50765991210938
1772648277.4134142,3248,-158.8754425048828
1772648278.3740854,3249,-101.66585540771484
1772648286.0120523,3250,-49.0731201171875
1772648295.96408,3251,-192.6473388671875
1772648296.7007554,3252,-100.64641571044922
1772648301.5095158,3253,-128.3629608154297
1772648304.1960979,3254,87.15833282470703
1772648304.4531376,3255,-100.0
1772648310.1508448,3256,-142.42327880859375
1772648318.4683893,3257,-57.69065475463867
1772648327.740867,3258,-185.35438537597656
1772648329.2764423,3259,-109.68868255615234
1772648335.3647547,3260,-47.12054443359375
1772648336.261527,3261,-106.10130310058594
1772648337.3504717,3262,-110.14026641845703
1772648337.5322776,3263,-100.0
1772648339.616582,3264,-110.3309555053711
1772648342.5194256,3265,-124.47332000732422
1772648345.0951564,3266,-116.3229751586914
1772648351.7397478,3267,-163.63999938964844
1772648357.9172165,3268,-143.08462524414062
1772648358.3645978,3269,-100.0
1772648362.88016,3270,-132.864013671875
1772648373.1258643,3271,-155.19317626953125
1772648379.6445282,3272,-138.78179931640625
1772648382.9625638,3273,-114.96268463134766
1772648386.1852477,3274,-14.567228317260742
1772648386.4685695,3275,-100.0
1772648389.6180296,3276,-113.25001525878906
1772648475.7853863,3277,-110.79993438720703
1772648478.9378574,3278,-27.341716766357422
1772648481.2221937,3279,-123.72706604003906
1772648486.148606,3280,-142.81101989746094
1772648493.8406441,3281,-141.21156311035156
1772648499.0776427,3282,-23.64944839477539
1772648502.8344347,3283,-125.19303894042969
1772648505.5324626,3284,-117.86734008789062
1772648508.5810034,3285,-117.59164428710938
1772648512.9786491,3286,-34.70697021484375
1772648514.3871691,3287,-107.20305633544922
1772648516.1512842,3288,-109.7032241821289
1772648516.9395459,3289,-107.57482147216797
1772648519.5112839,3290,-123.4762191772461
1772648522.3697045,3291,-111.58110046386719
1772648525.6042173,3292,-27.30467414855957
1772648537.0986466,3293,-177.08078002929688
1772648544.8063428,3294,-146.0902862548828
1772648545.7229447,3295,-102.68158721923828
1772648545.8666198,3296,-100.0
1772648545.9900908,3297,-100.0
1772648548.4527292,3298,-118.17858123779297
1772648552.6681442,3299,-28.247148513793945
1772648553.8020287,3300,-102.25662994384766
1772648559.187974,3301,-138.87855529785156
1772648563.2109718,3302,-34.89988327026367
1772648563.8134253,3303,-101.801513671875
1772648566.204577,3304,-110.95415496826172
1772648574.257432,3305,52.778419494628906
1772648574.830598,3306,-100.0
1772648577.8931649,3307,-129.16529846191406
1772648579.9716988,3308,-117.47886657714844
1772648590.8103201,3309,-203.85716247558594
1772648605.162849,3310,-72.526611328125
1772648606.779077,3311,-107.94084167480469
1772648609.1644516,3312,-112.02230072021484
1772648619.4792325,3313,-176.41265869140625
1772648620.196766,3314,-100.0
1772648621.428651,3315,-108.66216278076172
1772648621.6697168,3316,-100.48076629638672
1772648625.125015,3317,-21.127315521240234
1772648625.435435,3318,-100.0
1772648625.7323544,3319,-101.23455810546875
1772648627.6318986,3320,-116.44486236572266
1772648640.2611964,3321,-168.97683715820312
1772648645.8525693,3322,-47.10927200317383
1772648646.428554,3323,-101.26250457763672
1772648651.899473,3324,-131.35479736328125
1772648656.7322955,3325,-140.19174194335938
1772648659.6214433,3326,-126.33340454101562
1772648662.8985367,3327,-123.19786834716797
1772648666.1392179,3328,-24.26662826538086
1772648673.509786,3329,-171.87448120117188
1772648678.5973575,3330,-129.7473907470703
1772648681.5917096,3331,-121.03490447998047
1772648682.107303,3332,-101.09375762939453
1772648684.709188,3333,-125.28064727783203
1772648687.9633572,3334,-25.878787994384766
1772648689.3413608,3335,-107.90399932861328
1772648689.5425034,3336,-100.0
1772648690.2359843,3337,-104.0887451171875
1772648692.5124216,3338,-109.09638977050781
1772648694.8327527,3339,-118.6653060913086
1772648698.810386,3340,-20.656688690185547
1772648699.9413614,3341,-102.29613494873047
1772648700.6194453,3342,-101.86432647705078
1772648707.5487146,3343,-154.75975036621094
1772648716.6140692,3344,-185.3240509033203
1772648721.547142,3345,-127.97102355957031
1772648737.2598581,3346,-119.44395446777344
1772648738.8758466,3347,-104.65880584716797
1772648741.8605423,3348,-119.89253997802734
1772648759.1645076,3349,-210.11834716796875
1772648765.3308597,3350,-141.70884704589844
1772648767.6954181,3351,-115.3653564453125
1772648770.8016753,3352,-30.194143295288086
1772648773.4923427,3353,-113.77291870117188
1772648774.1618876,3354,-101.63251495361328
1772648781.0355625,3355,-143.7788543701172
1772648782.9161372,3356,-116.38092041015625
1772648784.3883922,3357,-107.48170471191406
1772648785.5909612,3358,-107.05536651611328
1772648785.7702832,3359,-100.0
1772648790.0989864,3360,-126.82278442382812
1772648942.1808488,3361,-101.06549072265625
1772648944.6357496,3362,-127.8735580444336
1772648945.3202534,3363,-102.62208557128906
1772648946.7120075,3364,-107.50871276855469
1772648946.9807398,3365,-100.43221282958984
1772648954.0592875,3366,-154.34033203125
1772648957.0848467,3367,-116.46393585205078
1772648972.605361,3368,-198.97152709960938
1772648976.5489964,3369,-24.818798065185547
1772648978.5546653,3370,-105.64945983886719
1772648979.013676,3371,-101.319580078125
1772648981.2209573,3372,-117.24369049072266
1772648987.3008456,3373,-133.1237335205078
1772648991.634222,3374,-117.46825408935547
1772648994.0676372,3375,-110.1122817993164
1772648995.6541662,3376,-108.57923889160156
1772648998.7754383,3377,-132.47093200683594
1772649001.9703653,3378,-134.29998779296875
1772649004.1050565,3379,-109.71977996826172
1772649010.6294835,3380,-133.4797821044922
1772649011.6283827,3381,-101.41832733154297
1772649015.6987245,3382,-119.2110595703125
1772649016.421551,3383,-102.8494873046875
1772649023.580007,3384,-159.35301208496094
1772649024.4222476,3385,-102.06088256835938
1772649028.5910246,3386,-137.74307250976562
1772649031.8356261,3387,-131.5684356689453
1772649033.9251144,3388,-106.40211486816406
1772649036.635895,3389,-116.37482452392578
1772649037.1383545,3390,-101.10143280029297
1772649040.2173154,3391,-33.457420349121094
1772649044.8822377,3392,-146.11456298828125
1772649054.812686,3393,-176.2366180419922
1772649058.2387078,3394,-115.6491928100586
1772649060.3265607,3395,-113.99586486816406
1772649060.5509946,3396,-100.0
1772649060.8438103,3397,-101.42117309570312
1772649065.1893604,3398,-33.111873626708984
1772649066.420209,3399,-106.89495086669922
1772649067.3012743,3400,-106.49798583984375
1772649067.4613595,3401,-100.0
1772649072.3064375,3402,-146.3956298828125
1772649074.4059405,3403,-113.7343521118164
1772649085.0343864,3404,-177.6156768798828
1772649090.2676067,3405,-37.976951599121094
1772649099.0123043,3406,-166.57493591308594
1772649104.5317774,3407,-121.89954376220703
1772649106.918708,3408,-115.3973159790039
1772649107.268295,3409,-100.52052307128906
1772649119.2378788,3410,-193.26234436035156
1772649120.2105098,3411,-101.05400848388672
1772649131.4280317,3412,-84.37779235839844
1772649134.1164172,3413,-107.8462905883789
1772649137.7334464,3414,-127.83174896240234
1772649141.5322113,3415,-134.48362731933594
1772649144.073452,3416,-115.86238098144531
1772649146.194297,3417,-122.58013916015625
1772649154.9017048,3418,-149.58116149902344
1772649156.1230843,3419,-103.10027313232422
1772649157.7149644,3420,-108.43942260742188
1772649161.8291159,3421,-36.572147369384766
1772649163.598029,3422,-105.42467498779297
1772649174.4603689,3423,-57.91827392578125
1772649179.2907002,3424,-28.931501388549805
1772649183.4839659,3425,-123.7249984741211
1772649183.9048474,3426,-100.3651123046875
1772649186.844633,3427,-119.68241119384766
1772649189.0664504,3428,-114.2977523803711
1772649189.2945778,3429,-100.0
1772649189.9056597,3430,-102.58577728271484
1772649195.434726,3431,-148.88861083984375
1772649199.8231473,3432,-136.49644470214844
1772649202.6507843,3433,-111.19043731689453
1772649203.1528363,3434,-101.52176666259766
1772649206.2714915,3435,-13.9293851852417
1772649207.9084232,3436,-111.15884399414062
1772649210.6419704,3437,-127.31140899658203
1772649217.7603486,3438,-76.56855010986328
1772649234.469311,3439,-255.4307098388672
1772649245.50862,3440,-62.42204284667969
1772649251.307035,3441,-129.24826049804688
1772649423.4945297,3442,-119.84110260009766
1772649424.7855275,3443,-109.80516815185547
1772649426.6209476,3444,-113.05655670166016
1772649433.7322187,3445,-139.54762268066406
1772649436.8060255,3446,-119.94898986816406
1772649437.8145406,3447,-104.25125885009766
1772649440.12363,3448,-112.54004669189453
1772649459.515354,3449,-117.63874053955078
1772649463.2687597,3450,-131.07534790039062
1772649476.8053162,3451,-198.79641723632812
1772649486.289331,3452,-178.92034912109375
1772649488.0703318,3453,-107.43159484863281
1772649491.0445101,3454,-110.58505249023438
1772649491.642958,3455,-101.8161392211914
1772649492.13656,3456,-104.07683563232422
1772649494.203919,3457,-112.70015716552734
1772649499.803768,3458,-49.081016540527344
1772649504.768344,3459,-28.315288543701172
1772649509.788381,3460,-37.696590423583984
1772649510.3213794,3461,-100.33930206298828
1772649511.1410148,3462,-106.25836944580078
1772649512.677027,3463,-104.765869140625
1772649523.5257928,3464,-182.78639221191406
1772649526.3864665,3465,-110.17578887939453
1772649528.2189732,3466,-110.8208999633789
1772649529.125819,3467,-107.13080596923828
1772649534.2434378,3468,-134.98464965820312
1772649534.6509254,3469,-100.0
1772649542.194502,3470,-178.38589477539062
1772649547.11392,3471,-136.3594207763672
1772649550.916216,3472,-132.47784423828125
1772649558.4600492,3473,-59.37905502319336
1772649560.3266587,3474,-108.49778747558594
1772649560.6355994,3475,-100.90482330322266
1772649561.4619787,3476,-106.33687591552734
1772649567.5575526,3477,-32.554481506347656
1772649572.6908596,3478,-129.55918884277344
1772649574.1345265,3479,-109.2980728149414
1772649574.3184338,3480,-100.0
1772649576.0689564,3481,-115.99967956542969
1772649577.709356,3482,-107.3187255859375
1772649584.0065508,3483,-41.64885711669922
1772649590.2756324,3484,-30.991744995117188
1772649593.5914502,3485,-15.71800422668457
1772649595.5476613,3486,-118.52702331542969
1772649599.8719478,3487,-29.69097137451172
1772649611.0503373,3488,-157.6480255126953
1772649611.9642105,3489,-100.69438171386719
1772649613.989281,3490,-119.9280014038086
1772649614.3400092,3491,-100.65497589111328
1772649614.4695911,3492,-100.0
1772649619.8052456,3493,-154.52584838867188
1772649624.1797385,3494,-136.00665283203125
1772649625.7795098,3495,-107.79430389404297
1772649628.771544,3496,-111.66742706298828
1772649631.2692497,3497,-111.88700103759766
1772649633.564341,3498,-115.18734741210938
1772649634.4028225,3499,-105.45640563964844
1772649643.590084,3500,-175.13670349121094
1772649653.7665849,3501,-96.09110260009766
1772649657.3032007,3502,-26.381858825683594
1772649662.6995578,3503,-134.2505340576172
1772649665.8928914,3504,-114.1403579711914
1772649667.858658,3505,-111.42063903808594
1772649668.2427092,3506,-101.38114929199219
1772649672.489075,3507,70.10662841796875
1772649675.7625685,3508,-121.75234985351562
1772649676.6367285,3509,-105.09220886230469
1772649678.2355485,3510,-117.1138687133789
1772649679.7237728,3511,-111.13041687011719
1772649681.803341,3512,-119.87886810302734
1772649691.760264,3513,41.27696990966797
1772649692.786947,3514,-102.74945068359375
1772649696.5704265,3515,-133.8396453857422
1772649704.4988928,3516,-43.639896392822266
1772649711.9647043,3517,-163.75189208984375
1772649722.4428153,3518,-153.2904052734375
1772649731.3238614,3519,-152.54954528808594
1772649818.812042,3520,-100.28134155273438
1772649825.1618335,3521,-53.364444732666016
1772649825.692963,3522,-100.0
1772649826.3092935,3523,-102.65638732910156
1772649828.9566302,3524,-125.60546875
1772649834.6493769,3525,-148.8280029296875
1772649835.9093583,3526,-110.25664520263672
1772649841.4755876,3527,-151.99339294433594
1772649841.9806638,3528,-100.27035522460938
1772649849.2517018,3529,-152.4376983642578
1772649855.09979,3530,66.98943328857422
1772649857.4356143,3531,-111.06510162353516
1772649861.829203,3532,-127.51128387451172
1772649862.2448947,3533,-100.06381225585938
1772649862.3639736,3534,-100.0
1772649865.5961514,3535,-120.27803039550781
1772649865.9937794,3536,-100.72206115722656
1772649866.4591541,3537,-101.62248992919922
1772649867.9474401,3538,-109.69816589355469
1772649873.7875595,3539,-25.60478401184082
1772649876.6770458,3540,-119.03845977783203
1772649881.9111187,3541,-143.35104370117188
1772649883.0256536,3542,-103.96250915527344
1772649883.238651,3543,-100.1601333618164
1772649885.9107194,3544,-121.45655822753906
1772649886.3637974,3545,-101.33306121826172
1772649891.260597,3546,-130.32644653320312
1772649893.9986713,3547,-121.19650268554688
1772649894.2537556,3548,-100.0
1772649894.7260702,3549,-103.3313980102539
1772649899.6330643,3550,-27.549659729003906
1772649906.7279942,3551,-159.55589294433594
1772649908.0262299,3552,-109.58501434326172
1772649908.9336095,3553,-103.46415710449219
1772649916.1551437,3554,-140.64065551757812
1772649924.0109205,3555,-169.58285522460938
1772649925.2468343,3556,-104.979248046875
1772649929.084887,3557,-136.98410034179688
1772649938.4418476,3558,-59.1822624206543
1772649942.822099,3559,-131.79421997070312
1772649943.1738138,3560,-100.0
1772649945.43628,3561,-119.1630630493164
1772649948.2298732,3562,-123.56814575195312
1772649948.6263971,3563,-101.12786102294922
1772649948.8363671,3564,-100.44334411621094
1772649956.1334713,3565,-154.87576293945312
1772649957.7401097,3566,-111.27178192138672
1772649961.5407944,3567,-139.61317443847656
1772649963.7515898,3568,-110.65168762207031
1772649965.7242038,3569,-116.59352111816406
1772649966.29943,3570,-103.63175964355469
1772649968.3257306,3571,-112.01849365234375
1772649970.6206198,3572,-120.60977935791016
1772649971.9877348,3573,-104.50438690185547
1772649972.1717858,3574,-100.0
1772649972.2931314,3575,-100.0
1772649973.6599317,3576,-111.07179260253906
1772649981.2119539,3577,45.755706787109375
1772649984.250677,3578,-125.7718276977539
1772649989.3539429,3579,-145.90370178222656
1772649992.1233766,3580,-121.8835678100586
1772649994.7570474,3581,-112.56946563720703
1772649996.6814992,3582,-108.37785339355469
1772649997.020684,3583,-101.51730346679688
1772650000.5384362,3584,-127.87340545654297
1772650002.2491117,3585,-111.34956359863281
1772650003.4931226,3586,-105.00518035888672
1772650005.202367,3587,-110.23960876464844
1772650007.269554,3588,-108.35736846923828
1772650009.8445642,3589,-126.66920471191406
1772650010.3744125,3590,-102.14041900634766
1772650014.7575529,3591,-123.83678436279297
1772650015.7081175,3592,-103.67584991455078
1772650027.7614424,3593,-194.83319091796875
1772650031.8252482,3594,-121.95912170410156
1772650033.8295977,3595,-115.34053802490234
1772650034.1630623,3596,-100.89339447021484
1772650035.731264,3597,-112.50112915039062
1772650036.988015,3598,-109.58952331542969
1772650042.0546343,3599,-32.634246826171875
1772650046.3195515,3600,-131.2421112060547
1772650052.9568443,3601,-49.46311950683594
1772650064.1731446,3602,-210.28700256347656
1772650070.2664163,3603,-132.80319213867188
1772650071.7721546,3604,-111.68482208251953
1772650079.551192,3605,-143.64846801757812
1772650081.4470642,3606,-107.79728698730469
1772650091.734425,3607,-69.58613586425781
1772650102.1946862,3608,-195.4519805908203
1772650103.1497724,3609,-101.72698974609375
1772650106.6928413,3610,77.83037567138672
1772650109.747738,3611,-125.55115509033203
1772650115.2054763,3612,-127.31143188476562
1772650116.566294,3613,-108.25513458251953
1772650118.8744254,3614,-119.44790649414062
1772650123.2189376,3615,-43.9488410949707
1772650126.6293137,3616,-119.306396484375
1772650129.1208158,3617,-116.32054901123047
1772650132.2845972,3618,-20.175718307495117
1772650276.2620447,3619,-118.5323257446289
1772650279.5168014,3620,-119.85919189453125
1772650284.681305,3621,-144.2804718017578
1772650292.2521696,3622,-145.84664916992188
1772650295.140907,3623,-120.04415893554688
1772650295.548259,3624,-100.46080017089844
1772650295.7403982,3625,-100.28152465820312
1772650303.4046543,3626,-157.03573608398438
1772650311.9396584,3627,-158.39024353027344
1772650314.6924736,3628,-119.06404113769531
1772650321.5851986,3629,-142.914306640625
1772650324.9192605,3630,-124.22015380859375
1772650329.8942955,3631,-139.34732055664062
1772650330.3416293,3632,-100.31599426269531
1772650330.4696558,3633,-100.0
1772650330.8217232,3634,-102.53872680664062
1772650336.124933,3635,72.35267639160156
1772650336.7320185,3636,-101.78750610351562
1772650343.9210656,3637,-137.20980834960938
1772650351.3568473,3638,-147.98619079589844
1772650355.4852064,3639,-125.32203674316406
1772650357.9715161,3640,-112.16207885742188
1772650361.376222,3641,-119.68855285644531
1772650366.339868,3642,-145.7884521484375
1772650370.8209817,3643,-137.0679931640625
1772650376.556568,3644,-147.1137237548828
1772650381.437051,3645,-146.91893005371094
1772650385.1703808,3646,-116.81578063964844
1772650385.5710557,3647,-100.44387817382812
1772650389.7238016,3648,-135.05641174316406
1772650395.5479157,3649,-166.82400512695312
1772650396.2079337,3650,-101.4717788696289
1772650398.043696,3651,-107.4661636352539
1772650403.1088214,3652,-140.4381103515625
1772650405.5855784,3653,-124.86770629882812
1772650412.5806804,3654,-160.56703186035156
1772650413.1288016,3655,-100.0
1772650413.3086588,3656,-100.52220153808594
1772650420.8063807,3657,-161.01492309570312
1772650437.9522262,3658,-188.5810089111328
1772650446.9801483,3659,-165.77236938476562
1772650455.7176294,3660,-168.2449951171875
1772650457.8883889,3661,-108.14892578125
1772650462.854164,3662,-130.92660522460938
1772650463.6907754,3663,-103.15960693359375
1772650463.8449225,3664,-100.0
1772650469.361857,3665,-39.47562026977539
1772650479.794417,3666,-158.64035034179688
1772650488.951033,3667,38.94596862792969
1772650491.8757076,3668,-117.50570678710938
1772650494.3867364,3669,-118.701904296875
1772650495.0443547,3670,-104.22181701660156
1772650495.179841,3671,-100.0
1772650499.0920167,3672,-128.0303192138672
1772650500.633887,3673,-110.9927749633789
1772650501.993902,3674,-113.19496154785156
1772650505.2085156,3675,-123.0082015991211
1772650507.6812105,3676,-115.88839721679688
1772650508.347811,3677,-103.69058227539062
1772650511.330601,3678,-115.16716003417969
1772650516.2924368,3679,-124.41068267822266
1772650519.8140972,3680,-118.78618621826172
1772650524.6362565,3681,-35.077003479003906
1772650526.0117538,3682,-110.89620971679688
1772650526.8752756,3683,-104.87511444091797
1772650529.9578545,3684,-15.14783763885498
1772650532.764317,3685,-124.60716247558594
1772650563.0789573,3686,-312.39715576171875
1772650569.8930922,3687,-135.6243133544922
1772650572.1241908,3688,-120.54804229736328
1772650575.3789923,3689,-123.35938262939453
1772650578.3412561,3690,-110.47653198242188
1772650580.0572364,3691,-115.8853988647461
1772650580.8055582,3692,-103.6338882446289
1772650586.3320518,3693,-130.4188690185547
1772650687.9306827,3694,-127.75187683105469
1772650690.8661144,3695,-113.37106323242188
1772650695.205704,3696,-135.43919372558594
1772650705.0919466,3697,-157.57225036621094
1772650715.6273868,3698,-80.00521850585938
1772650743.7083452,3699,-306.2578430175781
1772650745.4446688,3700,-100.0
1772650748.1022127,3701,-113.92961120605469
1772650748.3717182,3702,-100.0
1772650755.5932012,3703,-141.54295349121094
1772650758.0853019,3704,-118.1585922241211
1772650781.6820083,3705,-272.21441650390625
1772650785.212239,3706,-120.24842834472656
1772650789.2022178,3707,-141.8536834716797
1772650793.7557964,3708,-128.38172912597656
1772650794.1808004,3709,-100.0
1772650796.0059884,3710,-118.6002426147461
1772650797.2846997,3711,-111.13206481933594
1772650797.475009,3712,-100.0
1772650798.788466,3713,-108.21563720703125
1772650807.3968956,3714,-166.40670776367188
1772650815.9630048,3715,-156.21319580078125
1772650818.474683,3716,-119.96649169921875
1772650825.0526376,3717,-150.21131896972656
1772650828.4216077,3718,-117.38630676269531
1772650831.6209123,3719,-14.14423656463623
1772650833.7979884,3720,-109.55461120605469
1772650834.6598504,3721,-103.3315200805664
1772650839.4418962,3722,-129.56124877929688
1772650841.6439743,3723,-113.17996978759766
1772650842.4684336,3724,-104.53499603271484
1772650855.707292,3725,-219.85198974609375
1772650857.4915357,3726,-107.1393051147461
1772650860.5522645,3727,-112.7352066040039
1772650863.94087,3728,-25.706422805786133
1772650867.1948526,3729,-137.7098388671875
1772650876.0685835,3730,-55.35202407836914
1772650901.77146,3731,-313.5863037109375
1772650904.0094616,3732,-104.20177459716797
1772650906.3651214,3733,-114.44473266601562
1772650909.6060433,3734,-124.9867935180664
1772650917.0705252,3735,-173.82078552246094
1772650917.668329,3736,-100.21749877929688
1772650924.7323117,3737,-149.08590698242188
1772650927.0357108,3738,-113.59539031982422
1772650929.6053615,3739,-123.23759460449219
1772650932.324864,3740,-113.94551086425781
1772650935.6263282,3741,-121.67842102050781
1772650938.5596504,3742,-127.1340560913086
1772650940.3521066,3743,-112.51490783691406
1772650942.2355614,3744,-112.80387115478516
1772650958.091287,3745,-209.00917053222656
1772650962.1355886,3746,-128.38890075683594
1772650962.564052,3747,-101.113525390625
1772650962.692276,3748,-100.0
1772650972.8274524,3749,-183.63552856445312
1772650977.6596456,3750,-140.17532348632812
1772650980.9017928,3751,-12.243480682373047
1772650981.4138968,3752,-101.44273376464844
1772650985.6431482,3753,-122.42840576171875
1772650986.0846643,3754,-100.12300872802734
1772650992.165048,3755,-143.86605834960938
1772650996.8386922,3756,-33.385833740234375
1772651123.52463,3757,-168.1568145751953
1772651138.7476716,3758,-185.36045837402344
1772651146.8265202,3759,-139.76734924316406
1772651153.3093975,3760,-137.75494384765625
1772651155.7500029,3761,-112.19770812988281
1772651163.4844923,3762,-182.56402587890625
1772651170.78063,3763,51.7278938293457
1772651176.9640448,3764,-133.50543212890625
1772651177.651085,3765,-102.31452941894531
1772651177.8519125,3766,-100.26625061035156
1772651182.1948502,3767,-124.7485122680664
1772651182.5725744,3768,-100.0
1772651182.8048172,3769,-101.1738052368164
1772651190.1552422,3770,-141.22523498535156
1772651191.1643033,3771,-104.48799133300781
1772651194.2467968,3772,-18.79637336730957
1772651208.1387272,3773,-96.09292602539062
1772651216.6625636,3774,-160.8235321044922
1772651222.56694,3775,-151.83023071289062
1772651236.2520337,3776,0.22028443217277527
1772651237.7707162,3777,-103.68466186523438
1772651243.459768,3778,-132.6962432861328
1772651246.346318,3779,-113.81611633300781
1772651252.9889169,3780,-60.6330680847168
1772651254.0034232,3781,-102.86707305908203
1772651258.9906828,3782,-152.28982543945312
1772651263.1074855,3783,-129.7356719970703
1772651267.9727938,3784,-137.55006408691406
1772651273.074542,3785,-123.6414566040039
1772651277.7123344,3786,-138.29074096679688
1772651281.9804552,3787,-133.42796325683594
1772651288.9018347,3788,-51.44194030761719
1772651290.9163203,3789,92.48290252685547
1772651296.5395868,3790,-155.013671875
1772651297.1073267,3791,-101.738037109375
1772651300.9024525,3792,-21.68104362487793
1772651301.5316513,3793,-101.68367767333984
1772651308.7787662,3794,-140.69480895996094
1772651309.6752477,3795,-102.89289855957031
1772651309.80963,3796,-100.0
1772651311.2040756,3797,94.92036437988281
1772651314.6528425,3798,-129.4666748046875
1772651315.2062376,3799,-102.0399169921875
1772651315.6755102,3800,-102.02892303466797
1772651317.509533,3801,-106.63407897949219
1772651323.37879,3802,-140.44056701660156
1772651333.6508527,3803,-154.6988067626953
1772651340.02042,3804,60.55451202392578
1772651342.802165,3805,-111.96642303466797
1772651346.8736537,3806,-16.798450469970703
1772651352.4151158,3807,-151.95697021484375
1772651356.6037457,3808,-122.80306243896484
1772651359.4755912,3809,-127.4212875366211
1772651360.6235616,3810,98.04850769042969
1772651360.804488,3811,-100.0
1772651362.564838,3812,-108.04280853271484
1772651366.8849354,3813,-124.16696166992188
1772651369.7243874,3814,-122.38607025146484
1772651370.805415,3815,-102.77510833740234
1772651370.9805648,3816,-100.0
1772651375.197928,3817,-140.50070190429688
1772651381.6409492,3818,-156.68812561035156
1772651385.929271,3819,-126.81475067138672
1772651388.485852,3820,-115.74813079833984
1772651398.2832193,3821,-157.01800537109375
1772651403.4564354,3822,-132.51443481445312
1772651408.656929,3823,-55.71982955932617
1772651409.7224646,3824,-104.36021423339844
1772651417.7570431,3825,-148.0937042236328
1772651420.8557374,3826,-110.50983428955078
1772651423.643294,3827,-112.3553237915039
1772651427.1526043,3828,-119.49342346191406
1772651526.5786238,3829,-135.63575744628906
1772651530.0853395,3830,-122.9383773803711
1772651532.2417896,3831,-111.99820709228516
1772651535.5160122,3832,-21.753860473632812
1772651537.5875282,3833,-111.08779907226562
1772651541.0297077,3834,-16.38103485107422
1772651548.39226,3835,-161.79685974121094
1772651569.1242254,3836,-121.25511932373047
1772651574.6296034,3837,-127.573486328125
1772651576.5881395,3838,-112.13712310791016
1772651581.893926,3839,-143.29513549804688
1772651585.3979442,3840,-118.06568908691406
1772651590.6612594,3841,-149.4991912841797
1772651596.0517013,3842,-30.01484489440918
1772651598.085477,3843,-110.60150146484375
1772651600.4345603,3844,-112.70360565185547
1772651606.8117561,3845,-145.5169219970703
1772651609.6422877,3846,-110.42716217041016
1772651617.5089436,3847,-165.01205444335938
1772651618.582527,3848,-106.14897155761719
1772651621.6586514,3849,-26.12596893310547
1772651626.674682,3850,-136.11407470703125
1772651629.5317616,3851,-124.47970581054688
1772651639.6517549,3852,-82.25114440917969
1772651641.7656493,3853,-111.64644622802734
1772651647.8253284,3854,-158.7130584716797
1772651656.8057227,3855,-45.286888122558594
1772651662.7144482,3856,-127.0629653930664
1772651665.0666811,3857,-107.13481140136719
1772651667.6285064,3858,-113.25122833251953
1772651668.6435802,3859,-104.4314193725586
1772651670.4740195,3860,-113.1108169555664
1772651674.405336,3861,-115.10475158691406
1772651676.9603872,3862,-122.18744659423828
1772651678.8994658,3863,-107.30313110351562
1772651690.2512503,3864,-193.17269897460938
1772651691.1866233,3865,-101.32130432128906
1772651696.4153724,3866,-136.67396545410156
1772651698.5335848,3867,-112.94876098632812
1772651698.9223297,3868,-101.76736450195312
1772651702.0749452,3869,-121.50634002685547
1772651704.5414546,3870,-115.83015441894531
1772651707.6850362,3871,-29.937021255493164
1772651712.1163015,3872,-140.78262329101562
1772651715.9645011,3873,-122.1804428100586
1772651717.9355621,3874,-107.24250793457031
1772651733.1487873,3875,-190.24752807617188
1772651734.2924752,3876,-100.59567260742188
1772651734.784029,3877,-101.71370697021484
1772651736.485467,3878,-111.38816833496094
1772651736.8823707,3879,-101.14061737060547
1772651739.1191068,3880,-122.04585266113281
1772651745.0030153,3881,-131.62979125976562
1772651750.4376714,3882,-134.7811279296875
1772651751.5567596,3883,-103.18789672851562
1772651756.6772568,3884,-147.61544799804688
1772651759.1311257,3885,-115.17967224121094
1772651763.2105293,3886,-134.66957092285156
1772651768.701021,3887,71.86327362060547
1772651771.795523,3888,-111.89051055908203
1772651778.0849597,3889,-132.7586212158203
1772651793.4918694,3890,-219.26803588867188
1772651794.9490595,3891,-103.5948257446289
1772651802.0543253,3892,-57.88249969482422
1772651806.1804671,3893,-119.7596664428711
1772651809.4587388,3894,-24.932653427124023
1772651815.9095964,3895,-143.6598663330078
1772651824.1017764,3896,-176.82640075683594
1772651827.3009953,3897,-115.28245544433594
1772651829.6690612,3898,86.55607604980469
1772651835.6216137,3899,-132.89329528808594
1772651911.7807946,3900,-150.75674438476562
1772651917.924647,3901,-140.84048461914062
1772651921.6863263,3902,-15.200396537780762
1772651925.116622,3903,-114.83504486083984
1772651925.6904066,3904,-100.84000396728516
1772651927.0367224,3905,-106.84207153320312
1772651929.9902964,3906,-127.13614654541016
1772651932.6681182,3907,-122.4306640625
1772651932.955381,3908,-100.0
1772651933.3174016,3909,-102.20864868164062
1772651935.2920697,3910,-113.5754165649414
1772651941.4818685,3911,-38.97505187988281
1772651947.7712164,3912,61.51089859008789
1772651949.3843243,3913,-114.28713989257812
1772651952.080144,3914,-122.0973892211914
1772651957.322307,3915,66.84429931640625
1772651962.8676443,3916,-135.61390686035156
1772651963.396013,3917,-101.16741180419922
1772651966.4044409,3918,-32.91487121582031
1772651968.3130774,3919,-105.51058197021484
1772651970.7263584,3920,-119.22113800048828
1772651974.4643412,3921,-32.49142837524414
1772651977.4761443,3922,-126.31621551513672
1772651984.740019,3923,-155.3072052001953
1772651987.4215944,3924,-110.20853424072266
1772651994.620579,3925,-173.44227600097656
1772651997.2884645,3926,-110.55593872070312
1772651999.6832733,3927,-119.5496826171875
1772652000.3368561,3928,-103.2662582397461
1772652000.4851117,3929,-100.0
1772652000.9658992,3930,-102.4545669555664
1772652010.059538,3931,-178.9616241455078
1772652013.070535,3932,-110.25310516357422
1772652015.812384,3933,-125.21796417236328
1772652019.3657956,3934,-28.24909210205078
1772652025.4923098,3935,-129.2417755126953
1772652030.8534272,3936,-146.40895080566406
1772652037.3078482,3937,-137.1045684814453
1772652039.867206,3938,-115.10989379882812
1772652043.077149,3939,-18.591501235961914
1772652047.3657165,3940,-131.86660766601562
1772652050.2984102,3941,-125.41357421875
1772652050.6964917,3942,-101.52388000488281
1772652050.8765628,3943,-100.58677673339844
1772652057.8514488,3944,-52.48863983154297
1772652062.163089,3945,-127.12846374511719
1772652065.2571182,3946,-112.27131652832031
1772652070.0850003,3947,-33.47731018066406
1772652074.3102674,3948,-126.5356216430664
1772652075.2880073,3949,-106.46615600585938
1772652078.249396,3950,-111.01166534423828
1772652079.2494657,3951,-104.8818130493164
1772652086.1227818,3952,-149.47303771972656
1772652088.220548,3953,-115.69739532470703
1772652091.1083302,3954,-120.94755554199219
1772652100.0742712,3955,-162.88922119140625
1772652108.639914,3956,-55.151817321777344
1772652114.0668454,3957,-151.20127868652344
1772652118.1620295,3958,-127.57852172851562
1772652120.3291285,3959,-113.62481689453125
1772652131.2053094,3960,-170.95684814453125
1772652132.166801,3961,-100.74874114990234
1772652139.9263842,3962,-64.03750610351562
1772652143.8138173,3963,-116.8743896484375
1772652151.8773923,3964,-51.91758728027344
1772652156.9012022,3965,-146.29592895507812
1772652158.3084137,3966,-109.89237213134766
1772652160.3894112,3967,-110.86443328857422
1772652170.29971,3968,-196.0022430419922
1772652173.3510127,3969,-120.84239959716797
1772652178.1178524,3970,-133.0322265625
1772652185.6696384,3971,60.68104553222656
1772652191.2281346,3972,-154.7298126220703
1772652193.3402553,3973,-114.70482635498047
1772652195.52486,3974,-124.99560546875
1772652201.0847478,3975,-142.07510375976562
1772652201.7474313,3976,-101.64852905273438
1772652202.6183474,3977,-101.38497924804688
1772652207.2327237,3978,-135.10357666015625
1772652210.021658,3979,-119.8299331665039
1772652210.4055583,3980,-101.35431671142578
1772652219.0769546,3981,-157.6343536376953
1772652339.4370906,3982,-129.35311889648438
1772652340.1658027,3983,-102.31256103515625
1772652342.3471198,3984,-107.49610137939453
1772652342.9819264,3985,-103.81825256347656
1772652343.2288182,3986,-100.85287475585938
1772652345.2172518,3987,-117.59696197509766
1772652350.194749,3988,-33.63459396362305
1772652351.7488325,3989,-110.575439453125
1772652356.1657825,3990,-41.90256881713867
1772652356.549645,3991,-100.0
1772652361.2440138,3992,-145.92176818847656
1772652365.9042926,3993,-32.55878448486328
1772652368.3792732,3994,-115.31552124023438
1772652370.2598586,3995,-112.30294799804688
1772652383.397576,3996,-176.2642059326172
1772652390.329113,3997,-59.360836029052734
1772652397.7643964,3998,-158.47531127929688
1772652402.6846776,3999,-123.26512145996094
1772652406.2257805,4000,-21.01427459716797
1772652420.1159832,4001,-77.57608032226562
1772652421.3955235,4002,-102.82351684570312
1772652422.9298403,4003,-114.89893341064453
1772652424.6665857,4004,-110.03135681152344
1772652424.876565,4005,-100.0
1772652427.8034718,4006,-128.87876892089844
1772652433.1797955,4007,-129.84495544433594
1772652438.2767282,4008,-135.45651245117188
1772652441.6049874,4009,-123.778076171875
1772652449.8302567,4010,-178.81649780273438
1772652454.4837368,4011,72.38629913330078
1772652455.7642198,4012,-108.19700622558594
1772652457.3810925,4013,-113.61798095703125
1772652463.1738133,4014,-143.4482879638672
1772652463.6221383,4015,-100.0
1772652463.8038492,4016,-100.5999984741211
1772652466.8340368,4017,-131.38111877441406
1772652468.4678016,4018,-107.51736450195312
1772652478.885964,4019,-182.0864715576172
1772652482.3097296,4020,-116.11864471435547
1772652490.7065368,4021,-168.9790802001953
1772652493.3545513,4022,-118.91532897949219
1772652496.4850142,4023,-124.73932647705078
1772652498.204337,4024,-115.3110580444336
1772652500.1787755,4025,94.36601257324219
1772652501.8922389,4026,-109.15765380859375
1772652503.749483,4027,-119.1707992553711
1772652506.1932445,4028,-112.78787231445312
1772652509.7743263,4029,-130.96670532226562
1772652512.1245823,4030,-115.48890686035156
1772652513.5730758,4031,-112.84449005126953
1772652519.6221154,4032,72.3076400756836
1772652522.9179802,4033,-124.70244598388672
1772652528.3167984,4034,-130.91685485839844
1772652531.945874,4035,-115.47018432617188
1772652539.3880627,4036,51.43885803222656
1772652540.1159377,4037,-101.11914825439453
1772652540.9340215,4038,-103.85920715332031
1772652544.7768674,4039,-119.87822723388672
1772652546.268708,4040,-108.04277801513672
1772652549.3504202,4041,-119.05248260498047
1772652549.6392384,4042,-100.0
1772652553.5093203,4043,-24.128971099853516
1772652557.3174443,4044,-128.83975219726562
1772652559.7943103,4045,-112.71340942382812
1772652560.2328877,4046,-101.50731658935547
1772652567.4303565,4047,-159.01480102539062
1772652568.252568,4048,-102.11577606201172
1772652570.7143114,4049,-124.4448471069336
1772652574.299715,4050,-121.81129455566406
1772652574.629005,4051,-100.0
1772652577.4507792,4052,-123.09817504882812
1772652583.1845698,4053,-137.23861694335938
1772652586.4736066,4054,-18.142507553100586
1772652592.0482087,4055,-147.09481811523438
1772652595.863141,4056,-26.69458770751953
1772652602.694088,4057,-150.8175811767578
1772652605.5866506,4058,-114.2260971069336
1772652608.78224,4059,-19.199312210083008
1772652611.8134866,4060,-120.34617614746094
1772652615.1717222,4061,83.79703521728516
1772652619.9094565,4062,-141.5347442626953
1772652626.524309,4063,-31.0581111907959
1772652637.1255288,4064,7.8696746826171875
1772652649.2605348,4065,-72.81532287597656
1772652803.3971672,4066,-123.97590637207031
1772652804.2600489,4067,-104.2974853515625
1772652806.707332,4068,-113.355224609375
1772652810.6984873,4069,-29.90300941467285
1772652813.9396708,4070,-16.421104431152344
1772652817.639867,4071,75.22576904296875
1772652819.8685293,4072,-121.20165252685547
1772652827.9325786,4073,-156.8023223876953
1772652830.2692125,4074,-121.74287414550781
1772652841.0694551,4075,-170.55838012695312
1772652842.148512,4076,-100.95054626464844
1772652846.9503477,4077,-124.10424041748047
1772652847.7072194,4078,-102.65628051757812
1772652847.84942,4079,-100.0
1772652847.9720788,4080,-100.0
1772652854.4101067,4081,-156.03890991210938
1772652863.5798507,4082,-165.17123413085938
1772652864.2364242,4083,-100.0
1772652867.9966452,4084,-132.18612670898438
1772652872.7974458,4085,-138.15293884277344
1772652875.9646206,4086,-124.41671752929688
1772652879.7090561,4087,-33.88561248779297
1772652885.044224,4088,65.95923614501953
1772652887.2089128,4089,-113.6773452758789
1772652889.189597,4090,-118.37732696533203
1772652895.2751987,4091,-140.33309936523438
1772652900.933252,4092,-154.62890625
1772652902.7487562,4093,-112.56310272216797
1772652904.5175362,4094,-109.55406951904297
1772652905.9552379,4095,-113.80958557128906
1772652907.1101272,4096,-103.40276336669922
1772652907.526936,4097,-102.10856628417969
1772652910.5016904,4098,-117.50723266601562
1772652913.3621256,4099,-129.03028869628906
1772652915.525867,4100,-113.0361557006836
1772652916.3068812,4101,-103.97803497314453
1772652918.025419,4102,-108.34004974365234
1772652920.0916784,4103,-120.21932983398438
1772652923.5562973,4104,-126.23292541503906
1772652928.4214463,4105,-150.89476013183594
1772652932.1700509,4106,-34.09784698486328
1772652942.3498762,4107,-171.17884826660156
1772652946.2673602,4108,-13.910026550292969
1772652949.4768507,4109,-117.95936584472656
1772652952.5764365,4110,-128.35678100585938
1772652961.6606584,4111,-159.7821502685547
1772652963.5058157,4112,-109.58162689208984
1772652969.9323907,4113,-31.419391632080078
1772652980.029148,4114,-164.7765350341797
1772652988.7645228,4115,-153.44300842285156
1772652992.3481872,4116,-20.836395263671875
1772652995.299777,4117,-122.36341857910156
1772653009.7564187,4118,-185.5157012939453
1772653010.788775,4119,-100.46891021728516
1772653025.8522635,4120,-213.25100708007812
1772653026.917799,4121,-100.0
1772653032.763344,4122,-151.4615020751953
1772653039.1733122,4123,-143.4069061279297
1772653043.9406912,4124,71.00421905517578
1772653044.3154125,4125,-100.0
1772653046.4915683,4126,-112.38268280029297
1772653048.2158134,4127,-109.73289489746094
1772653054.234413,4128,-160.70494079589844
1772653062.428826,4129,-145.15464782714844
1772653065.317676,4130,-112.6336441040039
1772653069.340219,4131,-32.5517578125
1772653074.7485597,4132,68.30525970458984
1772653083.6761055,4133,-155.0789794921875
1772653086.2140741,4134,-118.53726196289062
1772653092.2744846,4135,-41.73568344116211
1772653114.3953958,4136,-264.5979919433594
1772653209.797458,4137,18.402158737182617
1772653213.9405713,4138,-114.88838958740234
1772653220.992293,4139,-146.47662353515625
1772653224.1567187,4140,-113.39300537109375
1772653232.9664218,4141,-147.31719970703125
1772653233.6096487,4142,-100.0
1772653244.1335042,4143,-166.9149627685547
1772653244.98743,4144,-100.5256118774414
1772653249.5760393,4145,-44.93305587768555
1772653252.6903265,4146,-120.99395751953125
1772653263.4004047,4147,-69.43135833740234
1772653265.3809347,4148,-114.1219253540039
1772653266.2895207,4149,-109.1796646118164
1772653269.6272836,4150,83.82307434082031
1772653272.0436702,4151,-118.23518371582031
1772653275.9414876,4152,-134.4591064453125
1772653279.096782,4153,-118.50457000732422
1772653285.0933342,4154,-154.23399353027344
1772653285.7968242,4155,-101.85237121582031
1772653287.4300823,4156,-110.3260269165039
1772653296.4266014,4157,-60.68135452270508
1772653298.1815574,4158,-112.17449951171875
1772653299.7495167,4159,-105.06275939941406
1772653300.2974656,4160,-103.80277252197266
1772653305.2216384,4161,70.88557434082031
1772653310.4047058,4162,-44.015811920166016
1772653317.6604998,4163,-155.49307250976562
1772653318.180783,4164,-100.0
1772653332.9391918,4165,-225.8516845703125
1772653334.3863542,4166,-102.77656555175781
1772653337.5546308,4167,-135.4636688232422
1772653339.6849835,4168,-112.35071563720703
1772653345.5724206,4169,62.15406799316406
1772653348.965125,4170,-33.300655364990234
1772653349.254234,4171,-100.0
1772653352.8506691,4172,80.19001770019531
1772653362.9719741,4173,-203.33987426757812
1772653366.5781858,4174,-16.360387802124023
1772653369.0517082,4175,-109.2426528930664
1772653370.6621234,4176,-111.76546478271484
1772653380.3603325,4177,-170.51951599121094
1772653382.7801948,4178,-121.98155212402344
1772653394.2442346,4179,-168.63255310058594
1772653395.203869,4180,-100.16307067871094
1772653407.3322487,4181,-178.511474609375
1772653415.731268,4182,-166.0701141357422
1772653418.9854817,4183,-117.53096008300781
1772653429.9946117,4184,27.487703323364258
1772653438.2362657,4185,-166.30438232421875
1772653445.5907204,4186,-59.48745346069336
1772653447.5797703,4187,-105.72550201416016
1772653447.8767834,4188,-100.92323303222656
1772653456.0285199,4189,-165.7882537841797
1772653466.9124777,4190,-157.9186248779297
1772653468.1236596,4191,-105.78646850585938
1772653475.2039857,4192,-154.20460510253906
1772653482.9496336,4193,-49.96602249145508
1772653485.704512,4194,84.18022155761719
1772653491.5067904,4195,-123.73648834228516
1772653492.4847713,4196,-104.14376068115234
1772653494.344193,4197,-112.56790161132812
1772653505.5572567,4198,-209.3704071044922
1772653547.1132665,4199,-122.22931671142578
1772653550.8853688,4200,-113.68560028076172
1772653559.2824848,4201,-174.53369140625
1772653562.8849761,4202,-121.55619049072266
1772653565.2013688,4203,-113.27686309814453
1772653571.6519074,4204,52.63355255126953
1772653577.9473355,4205,-134.62696838378906
1772653582.0442636,4206,-137.07347106933594
1772653582.5012891,4207,-100.87776184082031
1772653588.4432096,4208,-152.9684295654297
1772653590.5710492,4209,-112.83218383789062
1772653593.5105214,4210,-132.10647583007812
1772653600.9567873,4211,-149.5249786376953
1772653609.1784067,4212,-165.71990966796875
1772653609.7707372,4213,-100.0
1772653612.8096182,4214,-25.334537506103516
1772653621.7157862,4215,44.14990234375
1772653638.77142,4216,-225.4466094970703
1772653644.613454,4217,70.43659210205078
1772653645.094118,4218,-100.5267105102539
1772653649.097821,4219,69.03192901611328
1772653650.3557153,4220,-108.97698974609375
1772653650.5983377,4221,-100.41439819335938
1772653652.0684185,4222,-114.50323486328125
1772653654.950699,4223,-118.1702880859375
1772653661.852069,4224,51.82413864135742
1772653665.5956178,4225,-131.95184326171875
1772653668.8274841,4226,-120.72956085205078
1772653672.1228552,4227,-128.65904235839844
1772653678.7889285,4228,-141.60443115234375
1772653689.3808162,4229,-160.22288513183594
1772653690.1256948,4230,-100.0
1772653694.0682273,4231,-136.3543243408203
1772653694.9170122,4232,-105.1549301147461
1772653703.803039,4233,-154.336181640625
1772653713.0686004,4234,40.899715423583984
1772653718.7896962,4235,77.44054412841797
1772653727.6355443,4236,54.15373611450195
1772653729.887036,4237,-109.59967041015625
1772653732.1225636,4238,-125.25214385986328
1772653734.9029765,4239,-124.62171173095703
1772653743.6839213,4240,-173.57513427734375
1772653749.7324862,4241,65.7426986694336
1772653753.0959623,4242,-26.337390899658203
1772653755.8174574,4243,-108.0165023803711
1772653762.643642,4244,-145.1619110107422
1772653763.898707,4245,-104.47058868408203
1772653768.0817814,4246,-36.737674713134766
1772653773.7799933,4247,-140.56092834472656
1772653780.9460588,4248,-148.05130004882812
1772653786.9814694,4249,-147.39907836914062
1772653793.5734165,4250,-43.19701385498047
1772653801.445521,4251,-55.049041748046875
1772653802.3398786,4252,-103.33744049072266
1772653805.3916242,4253,-17.042892456054688
1772653805.677404,4254,-100.0
1772653811.1411812,4255,-26.282848358154297
1772653812.3236158,4256,-104.19261169433594
1772653817.1800208,4257,-151.3689422607422
1772653817.7544549,4258,-101.89089965820312
1772653819.7625384,4259,87.00731658935547
1772653827.8273354,4260,-146.6149444580078
1772653832.9061604,4261,-138.7132110595703
1772653833.8837197,4262,-104.47806549072266
1772653834.492631,4263,-105.43846130371094
1772653840.3475156,4264,-151.33126831054688
1772653842.1406105,4265,96.49380493164062
1772653842.4063854,4266,-100.74230194091797
1772653845.029103,4267,-109.30393981933594
1772653848.420519,4268,-118.17475128173828
1772653851.2235694,4269,-119.04151153564453
1772653919.4628575,4270,-101.94404602050781
1772653919.654253,4271,-100.2606201171875
1772653919.836711,4272,-100.16294860839844
1772653919.9738204,4273,-100.0
1772653927.8763509,4274,-171.31900024414062
1772653930.8125734,4275,-114.90790557861328
1772653935.2285097,4276,-138.5917205810547
1772653938.5321715,4277,-22.274124145507812
1772653940.114914,4278,-107.3660888671875
1772653945.195639,4279,64.77808380126953
1772653952.7158577,4280,-141.54611206054688
1772653957.5324936,4281,-26.360549926757812
1772653960.0604234,4282,-117.97034454345703
1772653960.497374,4283,-101.88008117675781
1772653961.4031665,4284,-107.80210876464844
1772653973.061733,4285,26.167797088623047
1772653982.1190102,4286,-42.422725677490234
1772653987.1545708,4287,-127.82242584228516
1772653988.228434,4288,-106.69957733154297
1772653992.7223947,4289,-143.14291381835938
1772653997.8207898,4290,76.246337890625
1772653998.2166145,4291,-100.0
1772654000.7011626,4292,-114.27774810791016
1772654002.46116,4293,93.26191711425781
1772654003.867715,4294,-108.12113952636719
1772654004.1779974,4295,-100.37301635742188
1772654014.2146173,4296,-174.24949645996094
1772654019.6035085,4297,-150.65805053710938
1772654020.517281,4298,-102.70829010009766
1772654027.9650455,4299,-49.555458068847656
1772654030.7254794,4300,-121.74323272705078
1772654030.980909,4301,-100.0
1772654034.044015,4302,-22.812271118164062
1772654036.4954963,4303,-111.57232666015625
1772654042.7478938,4304,-128.1462860107422
1772654050.6827846,4305,-53.99905014038086
1772654051.3000486,4306,-100.0
1772654052.8369918,4307,-114.56034088134766
1772654056.2604642,4308,-127.85675048828125
1772654058.5069802,4309,-120.51629638671875
1772654059.9866247,4310,93.30142211914062
1772654060.5502605,4311,-102.97550964355469
1772654061.957243,4312,-113.85253143310547
1772654065.4598258,4313,88.74317169189453
1772654071.5254524,4314,-47.85529327392578
1772654074.3865604,4315,-110.55180358886719
1772654074.6465962,4316,-100.0
1772654080.0270774,4317,-127.20115661621094
1772654085.0145993,4318,-133.69393920898438
1772654091.8347714,4319,55.67793655395508
1772654095.8666599,4320,-127.25613403320312
1772654101.713997,4321,-32.4703254699707
1772654105.0613542,4322,-26.862987518310547
1772654106.568972,4323,-109.779541015625
1772654106.9300132,4324,-101.89578247070312
1772654110.8042471,4325,77.91680908203125
1772654113.3075342,4326,-126.80864715576172
1772654114.4055831,4327,-106.7560043334961
1772654118.5822263,4328,-120.09198760986328
1772654123.2178528,4329,-42.95021057128906
1772654128.7321692,4330,-142.52581787109375
1772654131.6856458,4331,-116.50007629394531
1772654135.0661566,4332,-124.70240020751953
1772654143.2366574,4333,-171.29554748535156
1772654147.6440578,4334,-124.39215850830078
1772654148.8900743,4335,-106.53945922851562
1772654152.7740154,4336,-121.74822998046875
1772654155.5394268,4337,-115.61213684082031
1772654161.2208464,4338,-134.3371124267578
1772654163.7396839,4339,-115.81450653076172
1772654166.1492937,4340,-117.66453552246094
1772654167.2050493,4341,-106.74361419677734
1772654169.77236,4342,-115.29376983642578
1772654174.4114988,4343,-138.64230346679688
1772654185.508916,4344,32.072975158691406
1772654189.2449408,4345,-127.0890121459961
1772654190.226778,4346,-104.28401947021484
1772654194.172107,4347,69.29058074951172
1772654195.2204704,4348,-105.53849792480469
1772654196.3075073,4349,96.50582885742188
1772654203.747009,4350,-139.87417602539062
1772654208.2528627,4351,79.02885437011719
1772654209.3033836,4352,-106.03382110595703
1772654211.748774,4353,-119.81066131591797
1772654212.010208,4354,-100.0
1772654212.3143332,4355,-102.18861389160156
1772654216.9884474,4356,-140.9433135986328
1772654218.277237,4357,-108.6795425415039
1772654224.6119568,4358,-42.44296646118164
1772654226.9806066,4359,-109.861572265625
1772654230.5323,4360,-122.90727233886719
1772654236.1370752,4361,-157.66954040527344
1772654274.2680836,4362,-114.87118530273438
1772654276.0839283,4363,-108.01705932617188
1772654277.252639,4364,-107.62035369873047
1772654278.345757,4365,-108.38355255126953
1772654283.3391168,4366,-138.37440490722656
1772654284.739042,4367,-111.52740478515625
1772654293.9576654,4368,-183.22283935546875
1772654305.1077805,4369,-210.36471557617188
1772654306.3847687,4370,-106.10906219482422
1772654316.5006003,4371,-194.2283477783203
1772654318.8118758,4372,-113.2532730102539
1772654319.2065,4373,-101.18817138671875
1772654328.1380947,4374,-65.1047134399414
1772654333.2534363,4375,-139.19859313964844
1772654338.7490644,4376,-132.30441284179688
1772654342.0754883,4377,-26.544099807739258
1772654348.5733292,4378,-136.71560668945312
1772654353.4763727,4379,76.00792694091797
1772654361.1557436,4380,-165.83248901367188
1772654363.963607,4381,-121.11246490478516
1772654366.726844,4382,-124.40493774414062
1772654370.138663,4383,87.05939483642578
1772654371.7808805,4384,-107.93208312988281
1772654374.4639587,4385,-112.26448822021484
1772654376.0086348,4386,-108.86129760742188
1772654383.3628786,4387,-144.86595153808594
1772654389.1429007,4388,-156.58872985839844
1772654390.573538,4389,-103.46688842773438
1772654391.150976,4390,-104.31155395507812
1772654395.0624986,4391,-28.21306800842285
1772654400.6469803,4392,-148.0352020263672
1772654401.0936086,4393,-100.0
1772654406.9805815,4394,-42.85564422607422
1772654407.4293816,4395,-100.0
1772654408.4847658,4396,-105.89529418945312
1772654416.2282977,4397,-166.10926818847656
1772654418.7899876,4398,-113.84217071533203
1772654421.5875475,4399,-109.07353210449219
1772654422.9218833,4400,-107.98135375976562
1772654423.2351055,4401,-100.60935974121094
1772654429.4945178,4402,-33.8818359375
1772654438.8708386,4403,-144.16873168945312
1772654445.7695475,4404,-158.72703552246094
1772654451.442307,4405,-141.35870361328125
1772654456.3170202,4406,71.89179992675781
1772654457.339669,4407,-104.04933166503906
1772654464.0371099,4408,-51.532249450683594
1772654470.44632,4409,-39.51829528808594
1772654472.1782305,4410,-109.48944854736328
1772654474.2354915,4411,-109.93309020996094
1772654485.3394983,4412,-165.04495239257812
1772654493.5212524,4413,-39.114234924316406
1772654495.332817,4414,-109.87683868408203
1772654498.0844972,4415,-128.070556640625
1772654504.4432006,4416,-35.485374450683594
1772654506.4172914,4417,-109.20689392089844
1772654510.7929766,4418,-141.26358032226562
1772654514.5331995,4419,-126.34880065917969
1772654521.379723,4420,-52.44587326049805
1772654542.0447035,4421,-34.534942626953125
1772654543.9224453,4422,-102.92887115478516
1772654545.7872646,4423,-105.09107971191406
1772654552.634575,4424,-157.69869995117188
1772654554.397023,4425,-112.45800018310547
1772654559.2199183,4426,-159.6473388671875
1772654564.1548862,4427,-29.797056198120117
1772654567.499666,4428,-17.81133460998535
1772654568.636458,4429,-104.72705841064453
1772654568.8122456,4430,-100.0
1772654568.934086,4431,-100.0
1772654576.283719,4432,-141.7300567626953
1772654578.9490414,4433,-115.7376708984375
1772654581.2930293,4434,-110.29306030273438
1772654587.7239738,4435,-39.7819709777832
1772654640.9331355,4436,-102.72759246826172
1772654643.684622,4437,-122.09647369384766
1772654652.4899995,4438,-176.0426788330078
1772654655.9421299,4439,-113.06071472167969
1772654665.8490744,4440,34.68513107299805
1772654671.7199936,4441,-48.02171325683594
1772654674.596923,4442,-119.98854064941406
1772654677.436761,4443,-117.36710357666016
1772654678.1174974,4444,-104.22461700439453
1772654678.5594916,4445,-101.81912994384766
1772654682.6943996,4446,-131.5899658203125
1772654683.1728158,4447,-100.8772201538086
1772654684.9076421,4448,-112.10308074951172
1772654694.5314212,4449,-185.66456604003906
1772654698.2184658,4450,-29.097150802612305
1772654707.267894,4451,-161.76101684570312
1772654710.560869,4452,-115.04606628417969
1772654717.012046,4453,-144.16146850585938
1772654724.1656709,4454,-143.35658264160156
1772654728.1126275,4455,-123.0892562866211
1772654733.9477148,4456,-135.40516662597656
1772654738.1181457,4457,85.82586669921875
1772654738.475592,4458,-100.0
1772654739.7207818,4459,-109.57710266113281
1772654745.2753208,4460,-147.1141357421875
1772654748.1651552,4461,-113.2525634765625
1772654753.7982807,4462,-136.83070373535156
1772654759.6164548,4463,-148.4163818359375
1772654762.310288,4464,-109.1511459350586
1772654766.907124,4465,-32.65735626220703
1772654768.2935576,4466,-106.37908172607422
1772654773.859744,4467,-135.77328491210938
1772654780.2521303,4468,75.3437728881836
1772654783.6302497,4469,-20.325485229492188
1772654789.47724,4470,-154.54217529296875
1772654792.6365025,4471,-121.83002471923828
1772654800.8283868,4472,-172.66314697265625
1772654809.9374676,4473,-173.1964111328125
1772654812.8816428,4474,-117.08869934082031
1772654816.0598617,4475,-13.370022773742676
1772654825.2219002,4476,-43.54529571533203
1772654832.9069822,4477,-140.67474365234375
1772654844.7854137,4478,28.80537223815918
1772654845.6048923,4479,-100.0
1772654855.0765064,4480,44.685890197753906
1772654859.1627336,4481,82.7499771118164
1772654866.9534857,4482,-49.77132034301758
1772654873.641362,4483,-152.6544189453125
1772654881.6386983,4484,48.614376068115234
1772654884.4539907,4485,-124.50598907470703
1772654889.4907825,4486,-137.1754150390625
1772654894.5466151,4487,-136.63455200195312
1772654899.460539,4488,-136.53057861328125
1772654901.6730716,4489,-106.7895278930664
1772654904.316146,4490,-120.66012573242188
1772654907.7629347,4491,-119.25289916992188
1772654914.955349,4492,-142.2900390625
1772654922.962274,4493,-58.01424026489258
1772654926.5564497,4494,-114.90634155273438
1772654931.499649,4495,-138.87901306152344
1772654934.3101447,4496,-111.65062713623047
1772654941.040953,4497,-35.20205307006836
1772654985.8648093,4498,-37.412899017333984
1772654986.3401563,4499,-100.09921264648438
1772654987.22824,4500,-106.62687683105469
1772654989.6729574,4501,88.65512084960938
1772654995.4663286,4502,-40.32109451293945
1772654997.7973146,4503,90.64579772949219
1772655002.8843403,4504,-55.830108642578125
1772655003.3339024,4505,-100.0
1772655003.685375,4506,-102.02278900146484
1772655005.988846,4507,-115.64866638183594
1772655006.246057,4508,-100.0
1772655006.3648913,4509,-100.0
1772655009.9746575,4510,-134.3948974609375
1772655012.4755347,4511,-119.06755065917969
1772655016.2081637,4512,-25.699604034423828
1772655019.4206808,4513,-31.479883193969727
1772655022.9080234,4514,-118.7933578491211
1772655023.5293264,4515,-102.56459045410156
1772655027.3655188,4516,-135.01072692871094
1772655031.2603977,4517,-126.06039428710938
1772655046.140623,4518,-173.80126953125
1772655056.0176487,4519,-149.92135620117188
1772655061.8432896,4520,-141.09780883789062
1772655062.3102376,4521,-100.0
1772655062.5476086,4522,-101.44549560546875
1772655065.58719,4523,-15.770607948303223
1772655069.3247678,4524,-132.0947265625
1772655074.9809928,4525,53.342777252197266
1772655075.538547,4526,-101.2791748046875
1772655077.0653138,4527,-110.44715881347656
1772655080.1776297,4528,-16.693605422973633
1772655083.4942548,4529,-11.620573043823242
1772655087.1405818,4530,-22.64034652709961
1772655090.1723034,4531,-118.26837921142578
1772655093.382435,4532,-21.34778594970703
1772655094.4606595,4533,-106.2503890991211
1772655096.9028928,4534,-113.8813705444336
1772655102.3841853,4535,-127.98577117919922
1772655107.058181,4536,-44.92776107788086
1772655110.355518,4537,-20.999162673950195
1772655115.6748602,4538,-140.65011596679688
1772655117.9659336,4539,-112.98054504394531
1772655121.1896753,4540,-121.11991119384766
1772655131.2929678,4541,-155.0914306640625
1772655135.2419832,4542,-20.12232780456543
1772655136.5404763,4543,-111.55769348144531
1772655138.7933798,4544,80.11959075927734
1772655142.0986412,4545,-130.63015747070312
1772655145.6241322,4546,-121.08824920654297
1772655167.386233,4547,-265.8203125
1772655173.7653537,4548,-129.75
1772655177.083711,4549,-31.335575103759766
1772655177.3900158,4550,-100.0
1772655181.3086398,4551,-132.59439086914062
1772655184.6682286,4552,-119.13034057617188
1772655185.9893165,4553,-102.86178588867188
1772655188.4848874,4554,-115.6120376586914
1772655188.7423606,4555,-100.0
1772655190.3004642,4556,-112.9339828491211
1772655199.8461156,4557,-54.97658157348633
1772655207.0895724,4558,-147.34426879882812
1772655210.4102614,4559,-125.16532135009766
1772655214.1809914,4560,-131.35009765625
1772655224.9563031,4561,-62.38428497314453
1772655231.4528675,4562,-137.57411193847656
1772655234.8860438,4563,-29.99970817565918
1772655239.1312435,4564,-120.18677520751953
1772655242.6480196,4565,-134.12889099121094
1772655247.5578973,4566,-148.28318786621094
1772655250.9490318,4567,-18.87428855895996
1772655256.5718873,4568,-150.6324462890625
1772655262.6941843,4569,-129.82594299316406
1772655274.504996,4570,-172.67556762695312
1772655276.2186053,4571,-105.56610107421875
1772655290.565822,4572,-3.1491305828094482
1772655326.7899528,4573,-140.9390869140625
1772655329.3076353,4574,-123.06436157226562
1772655335.730108,4575,-42.75776290893555
1772655338.0888898,4576,-111.24702453613281
1772655339.3725867,4577,-104.49442291259766
1772655344.773592,4578,-128.3175811767578
1772655345.2354336,4579,-100.0
1772655347.6028547,4580,-119.68852996826172
1772655352.2944725,4581,-124.01146697998047
1772655360.5606399,4582,-173.2704315185547
1772655361.1896496,4583,-100.0
1772655364.8002555,4584,-28.548234939575195
1772655375.300322,4585,-178.74293518066406
1772655381.1244175,4586,-36.58799362182617
1772655385.0280087,4587,-22.662874221801758
1772655389.158476,4588,-126.64414978027344
1772655398.7071362,4589,-48.525691986083984
1772655402.4693294,4590,-30.748226165771484
1772655405.6262648,4591,-15.58139705657959
1772655415.4919677,4592,-165.0602264404297
1772655425.3944504,4593,-158.8155517578125
1772655432.0240057,4594,-44.97807312011719
1772655434.034864,4595,-106.03596496582031
1772655438.1168797,4596,-142.97412109375
1772655444.359046,4597,-139.38070678710938
1772655445.051461,4598,-101.4876708984375
1772655449.2769973,4599,-142.4633026123047
1772655452.0368638,4600,-113.66490173339844
1772655452.3583674,4601,-100.5999984741211
1772655459.1626558,4602,-155.951171875
1772655467.3022294,4603,46.97112274169922
1772655470.995156,4604,-131.7157745361328
1772655474.5649016,4605,-126.50605010986328
1772655478.0113637,4606,-131.64834594726562
1772655489.5958803,4607,-185.76698303222656
1772655490.4684386,4608,-100.25874328613281
1772655490.8850935,4609,-101.23328399658203
1772655492.970268,4610,-112.65461730957031
1772655496.1324844,4611,-131.0733642578125
1772655502.707334,4612,-150.90267944335938
1772655506.2766473,4613,-111.9971923828125
1772655517.0202947,4614,-203.14207458496094
1772655525.8620253,4615,-159.8046875
1772655529.6185691,4616,-116.47077941894531
1772655539.8367267,4617,24.25349235534668
1772655543.6440306,4618,-23.640321731567383
1772655546.8481863,4619,-26.583341598510742
1772655549.938022,4620,-123.91365051269531
1772655550.8717816,4621,-105.21704864501953
1772655554.6284087,4622,-131.57997131347656
1772655557.458096,4623,-111.41842651367188
1772655566.083642,4624,-56.32457733154297
1772655567.6243541,4625,-106.9960708618164
1772655576.6485136,4626,36.857269287109375
1772655579.2274728,4627,-122.10447692871094
1772655579.4654279,4628,-100.0
1772655588.8918579,4629,-67.67894744873047
1772655589.9606054,4630,-105.01981353759766
1772655594.9230595,4631,-152.73252868652344
1772655598.7170906,4632,-123.64750671386719
1772655607.8758414,4633,-182.029296875
1772655608.7638323,4634,-101.64314270019531
1772655611.3875132,4635,-125.63512420654297
1772655613.490964,4636,-118.01752471923828
1772655622.2814536,4637,-153.17477416992188
1772655622.918085,4638,-100.0
1772655626.981036,4639,-116.72968292236328
1772655634.012084,4640,-157.1780242919922
1772655664.3119378,4641,-116.66948699951172
1772655667.0497487,4642,-113.93421936035156
1772655669.2846065,4643,-110.7299575805664
1772655670.3121645,4644,-108.09291076660156
1772655672.3315942,4645,-110.51502990722656
1772655673.3557653,4646,-109.35340118408203
1772655674.8226404,4647,-105.80677795410156
1772655681.2756224,4648,-47.081451416015625
1772655686.5875354,4649,-138.35035705566406
1772655692.4900858,4650,-133.53433227539062
1772655694.4089644,4651,-114.55372619628906
1772655694.7792475,4652,-101.45589447021484
1772655700.1697357,4653,-131.94638061523438
1772655701.2757063,4654,-106.04745483398438
1772655710.7259493,4655,-75.77813720703125
1772655713.9481332,4656,-115.91524505615234
1772655716.784852,4657,-120.48760223388672
1772655717.1802585,4658,-100.86202239990234
1772655720.5358582,4659,-22.934799194335938
1772655721.8928907,4660,-111.05443572998047
1772655726.6843162,4661,-141.75625610351562
1772655729.938275,4662,-22.213666915893555
1772655733.1377196,4663,-16.53545570373535
1772655736.4984555,4664,-122.9024658203125
1772655738.2027326,4665,-112.31637573242188
1772655750.4363492,4666,-176.07078552246094
1772655752.1337087,4667,-105.34394836425781
1772655759.70839,4668,45.78466796875
1772655772.2564647,4669,-200.24832153320312
1772655773.7783873,4670,-102.89139556884766
1772655781.4815838,4671,-66.608642578125
1772655791.1864905,4672,-52.214107513427734
1772655791.8767707,4673,-100.0
1772655794.59764,4674,-117.5662612915039
1772655799.9129453,4675,-141.98687744140625
1772655802.469138,4676,-117.26387786865234
1772655804.003214,4677,-113.83355712890625
1772655813.0289288,4678,32.429744720458984
1772655817.9885726,4679,79.49568939208984
1772655821.6724567,4680,-31.14921760559082
1772655822.6143718,4681,-104.55655670166016
1772655823.6848397,4682,-104.7073974609375
1772655825.2840502,4683,-112.50269317626953
1772655827.4471953,4684,-122.23773956298828
1772655843.3342643,4685,13.87456226348877
1772655849.8004527,4686,-159.65786743164062
1772655853.9552066,4687,-129.65097045898438
1772655862.75488,4688,50.50757598876953
1772655865.0844972,4689,-105.53490447998047
1772655867.3967307,4690,-117.38189697265625
1772655869.2987316,4691,-110.2142333984375
1772655872.517762,4692,-129.45123291015625
1772655881.1482985,4693,-152.0725860595703
1772655890.0217242,4694,33.75762176513672
1772655895.685333,4695,-23.757312774658203
1772655896.3159792,4696,-102.22257232666016
1772655910.2045188,4697,24.391263961791992
1772655922.9555137,4698,-199.82640075683594
1772655926.7138195,4699,-19.32564353942871
1772655938.9500768,4700,32.79971694946289
1772655945.4768512,4701,-135.42225646972656
1772655948.868715,4702,-20.23269271850586
1772655959.8674088,4703,2.5236196517944336
1772655960.7007406,4704,-100.0
1772655963.7662694,4705,-18.01218605041504
1772655970.202996,4706,-160.72747802734375
1772655982.2368796,4707,-185.7391815185547
1772656019.739685,4708,-68.80107116699219
1772656020.3257585,4709,-100.0
1772656022.3557432,4710,-112.17633819580078
1772656028.8494866,4711,-165.34478759765625
1772656031.3785589,4712,-110.97233581542969
1772656041.2849631,4713,-84.52098083496094
1772656046.8039658,4714,-137.7640838623047
1772656050.9818685,4715,-122.88795471191406
1772656051.3330064,4716,-100.0
1772656055.6862607,4717,-139.93006896972656
1772656059.269304,4718,-28.870126724243164
1772656063.4618962,4719,-24.64674949645996
1772656063.813305,4720,-100.0
1772656066.803337,4721,-32.29841995239258
1772656081.3165298,4722,-0.2903440594673157
1772656085.3081017,4723,-16.2028751373291
1772656088.104815,4724,-128.48968505859375
1772656091.1146784,4725,-118.51534271240234
1772656093.9565012,4726,-121.74065399169922
1772656103.1963751,4727,-92.39639282226562
1772656111.9123836,4728,-151.43887329101562
1772656118.697315,4729,52.46800231933594
1772656127.8358638,4730,-177.06239318847656
1772656128.955814,4731,-104.75569152832031
1772656141.962204,4732,-187.78199768066406
1772656146.172645,4733,-25.864038467407227
1772656148.9014704,4734,-119.83778381347656
1772656153.681518,4735,-26.267671585083008
1772656156.969421,4736,-30.86438751220703
1772656168.4306052,4737,29.427135467529297
1772656170.6278036,4738,-114.85538482666016
1772656183.5635843,4739,-88.78174591064453
1772656188.9019058,4740,-135.34556579589844
1772656189.3177707,4741,-100.0
1772656196.3306184,4742,-160.00917053222656
1772656202.6412761,4743,-127.81841278076172
1772656203.1395097,4744,-100.0
1772656207.0184052,4745,-31.60706329345703
1772656209.3720996,4746,-113.80255126953125
1772656215.867681,4747,-157.1790771484375
1772656221.5514693,4748,76.69631958007812
1772656230.5662885,4749,40.452030181884766
1772656234.2983844,4750,-20.21993637084961
1772656237.980586,4751,-25.26662254333496
1772656252.6036603,4752,17.105966567993164
1772656262.77147,4753,49.06779098510742
1772656268.1471357,4754,-132.4049835205078
1772656274.5089438,4755,-37.11802291870117
1772656278.0443063,4756,-19.066768646240234
1772656278.4279263,4757,-100.26736450195312
1772656278.7559507,4758,-100.80209350585938
1772656288.9966257,4759,-1.3423129320144653
1772656295.7084377,4760,-162.60179138183594
1772656297.0832193,4761,-109.21949005126953
1772656313.0287955,4762,-198.76817321777344
1772656318.290498,4763,-28.84832191467285
1772656319.3646977,4764,-109.62928771972656
1772656380.00326,4765,-102.9503173828125
1772656384.028516,4766,-43.44948196411133
1772656387.3243158,4767,-116.62325286865234
1772656390.491494,4768,-18.51262664794922
1772656392.5550914,4769,-120.50255584716797
1772656394.7809932,4770,-109.03968048095703
1772656403.196314,4771,-172.16163635253906
1772656416.7953207,4772,-20.56223487854004
1772656420.8046374,4773,-125.20682525634766
1772656431.4994197,4774,16.22661018371582
1772656436.2603006,4775,-143.8809356689453
1772656448.6804998,4776,-223.3460693359375
1772656450.0028756,4777,-103.37720489501953
1772656453.061448,4778,-18.09654998779297
1772656456.0823615,4779,-114.67011260986328
1772656456.3802233,4780,-100.0
1772656459.4192195,4781,80.82815551757812
1772656464.13425,4782,-138.00120544433594
1772656467.4296517,4783,-113.2204818725586
1772656471.6910024,4784,-35.10716247558594
1772656476.4122887,4785,-128.93833923339844
1772656482.2263122,4786,-138.2357940673828
1772656482.925497,4787,-101.99067687988281
1772656485.1891932,4788,-114.4119644165039
1772656493.2219198,4789,-166.41465759277344
1772656493.8300939,4790,-100.0
1772656500.332476,4791,-77.26744842529297
1772656502.5965035,4792,-112.36212158203125
1772656503.122803,4793,-103.86371612548828
1772656514.0336142,4794,-69.50659942626953
1772656518.7378006,4795,-38.52643966674805
1772656520.5263138,4796,-109.78910064697266
1772656535.164849,4797,-102.36359405517578
1772656538.597687,4798,-119.76213836669922
1772656544.252131,4799,-29.845378875732422
1772656546.757722,4800,-107.33831024169922
1772656556.1649387,4801,-171.3740692138672
1772656559.853578,4802,-116.16128540039062
1772656563.1733007,4803,-26.317480087280273
1772656567.2847998,4804,-136.95021057128906
1772656568.4575734,4805,-104.4302749633789
1772656572.1015542,4806,-135.7656707763672
1772656579.0213237,4807,-43.878623962402344
1772656582.4771683,4808,-12.745019912719727
1772656587.3885598,4809,64.85769653320312
1772656588.7638576,4810,-107.74140930175781
1772656592.477084,4811,-35.073997497558594
1772656594.3308241,4812,-111.98800659179688
1772656597.5231354,4813,-137.17709350585938
1772656605.3165262,4814,-51.96758270263672
1772656612.4983447,4815,-138.89308166503906
1772656621.1890173,4816,-149.4385528564453
1772656622.353558,4817,-107.6926040649414
1772656623.6450164,4818,-107.16142272949219
1772656629.2630444,4819,62.09746170043945
1772656631.3237853,4820,-107.3095474243164
1772656637.2197807,4821,-58.85296630859375
1772656637.6906834,4822,-100.0
1772656639.1877308,4823,-103.63336944580078
1772656643.9153347,4824,-141.17233276367188
1772656646.961996,4825,-120.1640625
1772656647.7164016,4826,-103.56295013427734
1772656653.7223904,4827,72.2856674194336
1772656661.555561,4828,-152.9950408935547
1772656662.2164516,4829,-100.5727310180664
1772656670.469074,4830,-191.69869995117188
1772656677.1632664,4831,-139.20433044433594
1772656687.7858624,4832,47.48196792602539
1772656688.9643624,4833,-104.14308166503906
1772656692.475627,4834,-32.16197204589844
1772656696.4529502,4835,-20.84076499938965
1772656761.8566678,4836,-116.52882385253906
1772656765.1386483,4837,-127.0563735961914
1772656767.506955,4838,84.05609893798828
1772656772.307828,4839,-129.23208618164062
1772656773.204711,4840,-103.29945373535156
1772656775.2058558,4841,-116.18975067138672
1772656780.1246371,4842,-140.07815551757812
1772656783.620817,4843,-13.757657051086426
1772656788.507827,4844,-24.630224227905273
1772656793.4759114,4845,-143.1508331298828
1772656800.1007874,4846,-139.83192443847656
1772656807.8441365,4847,-168.7975616455078
1772656821.9295335,4848,4.163559913635254
1772656825.349052,4849,-123.79093933105469
1772656834.8844452,4850,-186.7650909423828
1772656846.0607023,4851,-189.66221618652344
1772656856.6685555,4852,-177.61618041992188
1772656859.0589652,4853,-110.93284606933594
1772656861.701263,4854,-110.23861694335938
1772656867.4514527,4855,-154.97930908203125
1772656869.9626358,4856,-115.32052612304688
1772656877.8104196,4857,-170.6220703125
1772656886.05742,4858,-149.60008239746094
1772656886.738567,4859,-100.55758666992188
1772656890.8014588,4860,-39.337860107421875
1772656894.124189,4861,-17.907766342163086
1772656894.9968412,4862,-105.40796661376953
1772656897.4919467,4863,-111.61267852783203
1772656902.0126667,4864,65.90938568115234
1772656905.5863683,4865,76.61880493164062
1772656911.866702,4866,-158.54527282714844
1772656928.2652683,4867,-190.6437530517578
1772656932.8734193,4868,-118.40081787109375
1772656933.2761493,4869,-100.54116821289062
1772656938.59644,4870,-141.6564483642578
1772656939.0437298,4871,-100.0
1772656942.041246,4872,-23.485347747802734
1772656945.6508968,4873,75.29450225830078
1772656954.5841098,4874,27.531354904174805
1772656956.5163743,4875,-115.51871490478516
1772656957.573829,4876,-103.31085968017578
1772656962.090899,4877,-150.5305938720703
1772656963.0049028,4878,-105.00174713134766
1772656967.867255,4879,-125.66777038574219
1772656974.4913533,4880,-141.9175262451172
1772656980.7136228,4881,-34.44305419921875
1772656986.9940336,4882,-160.6903839111328
1772656992.2921574,4883,-137.16250610351562
1772656992.8314695,4884,-101.59477996826172
1772657001.9798694,4885,-168.50790405273438
1772657005.7564125,4886,-119.29888153076172
1772657008.723004,4887,-109.4664077758789
1772657012.133233,4888,80.27644348144531
1772657021.0423613,4889,-143.3493194580078
1772657024.6767037,4890,-19.65674591064453
1772657029.1258347,4891,-149.5904083251953
1772657030.7143962,4892,-110.46794891357422
1772657033.8607717,4893,-16.43429183959961
1772657035.4936283,4894,-109.82721710205078
1772657042.1668148,4895,-44.73427963256836
1772657062.3405774,4896,-120.4781494140625
1772657065.5634084,4897,-117.8899154663086
1772657069.6731596,4898,-37.5894660949707
1772657114.500502,4899,23.313323974609375
1772657124.2301228,4900,-168.32943725585938
1772657136.1339092,4901,-181.2791290283203
1772657144.363891,4902,-174.7064971923828
1772657155.3982608,4903,17.642723083496094
1772657160.3402598,4904,81.14521026611328
1772657161.4997058,4905,-104.06922149658203
1772657166.917248,4906,-132.58468627929688
1772657170.6291325,4907,-131.11236572265625
1772657173.8606226,4908,83.5828628540039
1772657198.642628,4909,-153.89508056640625
1772657200.4014807,4910,-102.05438995361328
1772657205.8126373,4911,-162.9789276123047
1772657220.4161472,4912,-16.786813735961914
1772657226.747494,4913,-134.59149169921875
1772657236.3474305,4914,-83.07682800292969
1772657238.9811392,4915,-124.59800720214844
1772657242.985012,4916,-124.166015625
1772657245.2222025,4917,-122.27523803710938
1772657251.226603,4918,-151.31344604492188
1772657255.0910034,4919,-35.73117446899414
1772657260.263183,4920,63.254150390625
1772657273.5441673,4921,12.83297348022461
1772657280.1105883,4922,64.42119598388672
1772657283.717106,4923,-15.248781204223633
1772657300.8511486,4924,-139.0885009765625
1772657302.899602,4925,-109.12239074707031
1772657310.7472515,4926,-141.83775329589844
1772657313.2445655,4927,-110.4062271118164
1772657317.0015426,4928,-139.020751953125
1772657332.507777,4929,3.765303373336792
1772657341.6105533,4930,-169.0721435546875
1772657346.838344,4931,-130.77456665039062
1772657357.2451298,4932,-63.394893646240234
1772657360.9501648,4933,-16.40912437438965
1772657362.8247304,4934,-119.64122772216797
1772657377.362723,4935,-19.62552261352539
1772657382.0029933,4936,-117.99374389648438
1772657393.9584935,4937,35.52241516113281
1772657400.1659036,4938,-145.27264404296875
1772657407.0167904,4939,-46.22956848144531
1772657412.7123733,4940,-37.925132751464844
1772657413.980609,4941,-107.84285736083984
1772657417.44391,4942,-115.94092559814453
1772657455.3656592,4943,65.54837799072266
1772657458.6836247,4944,-19.450117111206055
1772657460.3611455,4945,-111.9757308959961
1772657466.981373,4946,-124.87223052978516
1772657470.4918873,4947,-19.192230224609375
1772657472.1471224,4948,-114.17731475830078
1772657475.9084654,4949,-25.033283233642578
1772657490.2038395,4950,-107.1041030883789
1772657495.250474,4951,-142.2845001220703
1772657497.27575,4952,-115.36107635498047
1772657500.1325083,4953,-128.6022491455078
1772657508.4855094,4954,-163.584228515625
1772657511.9852486,4955,73.86875915527344
1772657520.5080009,4956,39.749324798583984
1772657524.2034328,4957,-26.744976043701172
1772657532.2519255,4958,-140.3666534423828
1772657540.7720988,4959,-145.13241577148438
1772657553.244731,4960,-170.68359375
1772657557.0382583,4961,-39.21207046508789
1772657560.7733312,4962,-33.51156997680664
1772657570.2458587,4963,-163.95391845703125
1772657593.3175802,4964,-200.88050842285156
1772657601.2412558,4965,-158.54541015625
1772657611.8927095,4966,-182.88885498046875
1772657614.2774282,4967,-107.17927551269531
1772657623.5926785,4968,-188.03985595703125
1772657627.2362726,4969,-12.520193099975586
1772657628.7010522,4970,-107.95341491699219
1772657631.0462003,4971,-121.33103942871094
1772657634.6152773,4972,-112.18468475341797
1772657648.7185955,4973,-82.23008728027344
1772657667.195602,4974,-222.83753967285156
1772657671.0979867,4975,-108.3686294555664
1772657673.5726717,4976,-123.1330337524414
1772657680.028871,4977,-138.417724609375
1772657686.1802177,4978,-138.91534423828125
1772657706.5005078,4979,-164.156005859375
1772657711.206149,4980,-137.0044403076172
1772657717.222192,4981,-159.96653747558594
1772657720.6785936,4982,-18.504606246948242
1772657723.940025,4983,-24.72127914428711
1772657729.1883662,4984,-152.7450408935547
1772657740.453675,4985,57.99580764770508
1772657746.684358,4986,-145.92440795898438
1772657750.0169332,4987,85.72881317138672
1772657758.620026,4988,-160.62124633789062
1772657765.6740224,4989,62.75544357299805
1772657825.9874883,4990,-31.65044403076172
1772657832.8606975,4991,57.18133544921875
1772657842.5977163,4992,-151.98316955566406
1772657852.7722545,4993,25.4962158203125
1772657856.4843717,4994,-27.831113815307617
1772657856.8047712,4995,-100.0
1772657869.2206497,4996,29.9410343170166
1772657870.1175728,4997,-100.0
1772657874.9078753,4998,-47.220970153808594
1772657876.7401526,4999,-105.12117767333984
1772657883.3245685,5000,-137.72413635253906
1772657888.008577,5001,-23.106170654296875
1772657890.8864846,5002,-128.5624542236328
1772657907.876092,5003,-32.24560546875
1772657911.0440583,5004,-118.60784149169922
1772657911.4106028,5005,-101.3538589477539
1772657915.2144537,5006,-24.028451919555664
1772657920.7330742,5007,69.2757339477539
1772657924.0922453,5008,-25.794803619384766
1772657927.0914998,5009,-117.37505340576172
1772657931.5794854,5010,-29.35568618774414
1772657938.82874,5011,-143.35606384277344
1772657949.637067,5012,-182.748046875
1772657954.6079404,5013,78.35189819335938
1772657961.8812475,5014,-161.77793884277344
1772657963.4928415,5015,-113.16999816894531
1772657982.402847,5016,-147.4954376220703
1772657998.213231,5017,2.146379232406616
1772658019.9303212,5018,-61.595462799072266
1772658024.29242,5019,-30.36846351623535
1772658031.8302467,5020,42.904273986816406
1772658038.9449823,5021,-38.46811294555664
1772658047.205245,5022,-52.32720947265625
1772658048.7797997,5023,-110.54590606689453
1772658054.3316364,5024,-149.90829467773438
1772658068.868817,5025,5.610117435455322
1772658075.2283266,5026,-132.4635009765625
1772658078.595601,5027,-23.044723510742188
1772658083.6868942,5028,-127.38697814941406
1772658090.0895174,5029,61.194400787353516
1772658094.843747,5030,-28.704635620117188
1772658101.643345,5031,42.769065856933594
1772658105.8932703,5032,-21.181066513061523
1772658110.0664773,5033,-27.203222274780273
1772658113.6381023,5034,-131.24610900878906
1772658116.879585,5035,-20.6342830657959
1772658119.9402993,5036,-119.19319915771484
1772658120.2320228,5037,-100.0
1772658123.2600968,5038,-18.224580764770508
1772658132.219148,5039,-153.92233276367188
1772658183.8903315,5040,1.2330162525177002
1772658190.7472744,5041,-35.637542724609375
1772658196.0737903,5042,-144.18722534179688
1772658199.4363585,5043,-14.282346725463867
1772658213.572939,5044,-33.571434020996094
1772658218.4517412,5045,-129.87054443359375
1772658231.0930629,5046,-197.05764770507812
1772658239.044797,5047,-155.9044952392578
1772658241.2338412,5048,-114.94811248779297
1772658247.6540046,5049,-141.6812286376953
1772658251.0216615,5050,-28.4898681640625
1772658254.949007,5051,-29.64451026916504
1772658258.8090513,5052,-129.4904327392578
1772658268.1051645,5053,-66.99989318847656
1772658276.1338649,5054,-151.69943237304688
1772658282.917342,5055,-147.12509155273438
1772658287.878502,5056,-134.02130126953125
1772658298.1946754,5057,21.194252014160156
1772658302.534098,5058,-137.87869262695312
1772658304.454267,5059,-101.97757720947266
1772658314.5016146,5060,-92.35906982421875
1772658318.892801,5061,-120.80731201171875
1772658324.9546957,5062,-138.0012664794922
1772658338.299606,5063,-107.48959350585938
1772658344.1563559,5064,-137.53451538085938
1772658354.7572076,5065,12.110353469848633
1772658363.8817472,5066,46.298789978027344
1772658370.4924989,5067,-137.67466735839844
1772658385.5738788,5068,-113.66275787353516
1772658389.8301978,5069,-133.48057556152344
1772658405.3180642,5070,-9.355952262878418
1772658409.4448104,5071,-18.827007293701172
1772658419.0807464,5072,41.32067108154297
1772658425.123865,5073,71.4737777709961
1772658430.9720876,5074,60.99092102050781
1772658434.73013,5075,-32.32424545288086
1772658440.9970827,5076,-137.35733032226562
1772658443.6219816,5077,-114.30086517333984
1772658463.6935809,5078,-226.1740264892578
1772658465.8638976,5079,-107.09033203125
1772658470.154437,5080,-119.80254364013672
1772658470.5656528,5081,-100.0
1772658482.0424182,5082,-178.134521484375
1772658516.8698936,5083,68.43488311767578
1772658518.591828,5084,-112.2994155883789
1772658520.7316167,5085,-120.82765197753906
1772658523.9720924,5086,-16.856748580932617
1772658534.524358,5087,-196.61570739746094
1772658538.1956863,5088,-31.277938842773438
1772658541.9566364,5089,-124.68838500976562
1772658546.5454226,5090,-31.32692527770996
1772658565.8621068,5091,-82.71306610107422
1772658577.2127028,5092,-190.91781616210938
1772658590.705,5093,-222.43011474609375
1772658592.4340525,5094,-105.37747192382812
1772658592.613784,5095,-100.0
1772658598.394673,5096,-60.4493293762207
1772658602.06711,5097,-33.41269302368164
1772658604.0076823,5098,-114.80854034423828
1772658617.9257314,5099,-180.8799591064453
1772658638.473224,5100,-252.4063720703125
1772658641.9064333,5101,-118.90323638916016
1772658644.2837768,5102,90.33973693847656
1772658653.5553162,5103,29.459991455078125
1772658657.9475892,5104,-27.045991897583008
1772658662.27759,5105,83.60295867919922
1772658666.8436413,5106,80.67013549804688
1772658670.085048,5107,-16.69659423828125
1772658676.747158,5108,-150.8197479248047
1772658680.1493063,5109,-19.391647338867188
1772658689.675328,5110,-72.86811828613281
1772658692.380488,5111,-118.89196014404297
1772658704.2342246,5112,36.405879974365234
1772658723.593366,5113,-140.29605102539062
1772658739.1090703,5114,-237.1590576171875
1772658742.670761,5115,-110.44689178466797
1772658746.250487,5116,-124.08889770507812
1772658746.5962179,5117,-100.0
1772658753.637346,5118,-142.27789306640625
1772658759.140382,5119,-125.6504135131836
1772658761.2997882,5120,-109.77812957763672
1772658761.596673,5121,-100.10990142822266
1772658768.4852662,5122,-39.003910064697266
1772658774.4685645,5123,-36.80424118041992
1772658774.928309,5124,-100.0
1772658786.559977,5125,20.81801414489746
1772658793.5404468,5126,-157.2365264892578
1772658798.629505,5127,-50.91111755371094
1772658801.9605408,5128,-14.754464149475098
1772658809.3498905,5129,53.64443588256836
1772658825.3495593,5130,-185.49176025390625
1772658920.7827659,5131,-186.89593505859375
1772658924.4342647,5132,-23.8972110748291
1772658931.3640409,5133,-66.03710174560547
1772658932.6132586,5134,-102.4115219116211
1772658935.6913693,5135,-27.9354248046875
1772658941.31633,5136,-31.885841369628906
1772658956.307764,5137,9.868852615356445
1772658972.0874133,5138,-7.830504894256592
1772658985.379912,5139,28.693798065185547
1772658990.1177804,5140,-32.82227325439453
1772658990.8437405,5141,-103.0938949584961
1772658993.2765014,5142,-119.4405746459961
1772659010.9956887,5143,-263.14849853515625
1772659014.4282415,5144,-117.7426528930664
1772659014.8672996,5145,-100.73001861572266
1772659020.2875288,5146,68.44740295410156
1772659027.1173346,5147,-54.56413650512695
1772659028.0496337,5148,-101.75298309326172
1772659033.8602006,5149,-143.64768981933594
1772659040.762986,5150,-154.4699249267578
1772659052.9636395,5151,-214.72547912597656
1772659057.5013568,5152,-36.52471923828125
1772659061.318316,5153,-21.992286682128906
1772659065.3624644,5154,-20.519601821899414
1772659071.8352807,5155,-162.45347595214844
1772659079.5925744,5156,59.54848098754883
1772659088.7414434,5157,-58.762699127197266
1772659091.205984,5158,-109.39068603515625
1772659102.7473059,5159,29.560108184814453
1772659107.8044317,5160,-126.58363342285156
1772659111.483982,5161,-23.87018585205078
1772659120.508341,5162,48.66128921508789
1772659121.2215543,5163,-100.0
1772659138.8533125,5164,-73.27616119384766
1772659144.7326844,5165,-122.76710510253906
1772659151.323527,5166,-146.74879455566406
1772659151.8429613,5167,-100.0
1772659159.56054,5168,-178.91127014160156
1772659165.9291682,5169,-140.42532348632812
1772659167.588846,5170,-109.88462829589844
1772659168.1870468,5171,-101.46134948730469
1772659177.7021842,5172,-165.2750244140625
1772659181.860303,5173,-123.92923736572266
1772659194.885412,5174,17.783329010009766
1772659200.4903655,5175,-30.797744750976562
1772659217.1633713,5176,7.4212188720703125
1772659219.849616,5177,-116.02210998535156
1772659277.5548756,5178,-37.4608268737793
1772659280.58122,5179,-121.59141540527344
1772659291.9799504,5180,26.861413955688477
1772659309.2753801,5181,-24.15763282775879
1772659315.6254332,5182,-50.95668411254883
1772659321.164513,5183,-34.35689163208008
1772659331.228737,5184,-79.29696655273438
1772659336.0090246,5185,-25.74488067626953
1772659343.846266,5186,-60.81275177001953
1772659349.6246915,5187,-50.82440948486328
1772659352.949446,5188,-14.609661102294922
1772659361.6130502,5189,-68.1097412109375
1772659372.4663608,5190,-94.47178649902344
1772659374.5686672,5191,-110.27869415283203
1772659377.077408,5192,-122.29244232177734
1772659382.0521863,5193,-127.39555358886719
1772659386.6932533,5194,-41.343666076660156
1772659404.906496,5195,-21.934452056884766
1772659410.3162374,5196,-148.95950317382812
1772659411.6255257,5197,-107.03784942626953
1772659414.6921802,5198,-30.633766174316406
1772659430.2452755,5199,-104.14462280273438
1772659444.5023134,5200,31.563804626464844
1772659457.811652,5201,-111.37754821777344
1772659465.9263585,5202,52.206668853759766
1772659476.8213558,5203,-200.83651733398438
1772659491.8755724,5204,18.290149688720703
1772659516.2518592,5205,-68.8641357421875
1772659525.8603933,5206,-77.32329559326172
1772659529.4809413,5207,-27.04912757873535
1772659534.58742,5208,-146.91812133789062
1772659542.1842654,5209,68.61549377441406
1772659547.4331453,5210,-35.46360778808594
1772659552.6142216,5211,-35.81743240356445
1772659572.7324383,5212,-35.92768478393555
1772659574.427724,5213,-103.07050323486328
1772659579.238131,5214,-46.64628982543945
1772659583.6440816,5215,83.20245361328125
1772659589.3083174,5216,-33.94634246826172
1772659664.138333,5217,-113.14697265625
1772659664.3901312,5218,-100.1373519897461
1772659669.9898307,5219,60.88261032104492
1772659674.697014,5220,-40.127418518066406
1772659677.4514046,5221,-128.72117614746094
1772659680.060226,5222,-127.38467407226562
1772659680.3522012,5223,-100.0
1772659684.1909976,5224,-22.04998016357422
1772659688.6443338,5225,-149.83676147460938
1772659689.3171983,5226,-103.04751586914062
1772659697.756688,5227,-44.635807037353516
1772659701.124681,5228,-123.82530212402344
1772659704.93061,5229,-36.98212814331055
1772659712.188014,5230,-148.37110900878906
1772659714.941121,5231,-114.15540313720703
1772659719.5710473,5232,-38.55887222290039
1772659731.0822332,5233,27.787261962890625
1772659736.7005887,5234,-30.854793548583984
1772659737.5358396,5235,-102.3186264038086
1772659740.655675,5236,-28.24471092224121
1772659752.474749,5237,-200.36203002929688
1772659758.588255,5238,-47.15814208984375
1772659767.0448208,5239,-159.2717742919922
1772659774.5009925,5240,-160.3594970703125
1772659779.2694128,5241,-31.837724685668945
1772659780.5112474,5242,-106.61443328857422
1772659784.9330084,5243,-21.83262825012207
1772659790.1534536,5244,-36.04886245727539
1772659794.4811711,5245,-149.7452392578125
1772659803.8362534,5246,-159.13882446289062
1772659809.6820633,5247,-148.60858154296875
1772659815.4192867,5248,-130.47032165527344
1772659830.7877681,5249,-140.08673095703125
1772659849.650509,5250,-172.77464294433594
1772659859.5149903,5251,-54.25863265991211
1772659860.3731647,5252,-101.7973403930664
1772659869.0004714,5253,-182.20822143554688
1772659879.930277,5254,-164.03485107421875
1772659892.210035,5255,-82.19116973876953
1772659896.8594348,5256,-25.270408630371094
1772659903.590987,5257,-138.175537109375
1772659908.6048827,5258,-31.53736686706543
1772659911.94031,5259,-23.378734588623047
1772659912.2615678,5260,-100.0
1772659926.8030167,5261,-49.87688446044922
1772659930.91609,5262,-116.74744415283203
1772659934.1412685,5263,-21.180599212646484
1772659941.8997319,5264,-47.03952407836914
1772659949.251558,5265,-54.395301818847656
1772659956.5176973,5266,-149.33189392089844
1772659969.3401597,5267,-73.9605484008789
1772659979.9313765,5268,-59.34039306640625
1772660015.686448,5269,-18.342939376831055
1772660016.0061982,5270,-100.0
1772660027.514831,5271,-162.88221740722656
1772660031.2586246,5272,-22.195262908935547
1772660050.7886283,5273,-243.1736297607422
1772660055.1300356,5274,-27.28784942626953
1772660066.844349,5275,-171.6221160888672
1772660070.7703552,5276,-137.91029357910156
1772660073.963392,5277,-28.255294799804688
1772660074.277405,5278,-100.0
1772660082.4372804,5279,-185.6625213623047
1772660091.2369232,5280,-188.77622985839844
1772660093.1887069,5281,-115.89540100097656
1772660114.5786216,5282,-116.90823364257812
1772660126.5974894,5283,-211.61952209472656
1772660141.241375,5284,-120.61602783203125
1772660145.181171,5285,-34.363609313964844
1772660148.20207,5286,-119.92855072021484
1772660148.741989,5287,-102.7142562866211
1772660156.8437054,5288,-184.3334197998047
1772660168.3292985,5289,-196.79278564453125
1772660172.580076,5290,-18.603147506713867
1772660184.6372535,5291,-92.09358978271484
1772660185.6289885,5292,-100.5817642211914
1772660189.499575,5293,-24.703052520751953
1772660196.900742,5294,-43.505584716796875
1772660205.1482303,5295,-170.4729461669922
1772660218.4042149,5296,-175.49717712402344
1772660224.4836779,5297,-147.0136260986328
1772660237.4679449,5298,-4.68981409072876
1772660244.1886225,5299,-158.39739990234375
1772660257.7373657,5300,3.84533429145813
1772660259.5707498,5301,-112.75242614746094
1772660262.6358678,5302,-20.367568969726562
1772660270.0318832,5303,-71.61796569824219
1772660286.0618546,5304,-14.246143341064453
1772660301.1892664,5305,-238.82479858398438
1772660304.4883146,5306,-120.50824737548828
1772660307.1557155,5307,-127.3947525024414
1772660316.83186,5308,-205.2629852294922
1772660363.751109,5309,-37.885982513427734
1772660367.1911397,5310,-27.117206573486328
1772660370.9720483,5311,-24.180816650390625
1772660375.7083268,5312,-143.19900512695312
1772660380.2293162,5313,-113.68419647216797
1772660384.37941,5314,-26.287229537963867
1772660394.0845768,5315,-175.66769409179688
1772660403.538081,5316,58.35270309448242
1772660413.339205,5317,32.098876953125
1772660418.4915593,5318,-36.15339660644531
1772660437.5550175,5319,-138.03955078125
1772660455.178905,5320,-247.01766967773438
1772660463.739846,5321,-174.7820587158203
1772660467.2592223,5322,-22.48900604248047
1772660470.4605913,5323,-23.09115219116211
1772660470.7886324,5324,-100.0
1772660475.2689672,5325,71.59007263183594
1772660493.7229347,5326,-135.94732666015625
1772660499.7937603,5327,-57.15438461303711
1772660503.1637824,5328,-24.193700790405273
1772660505.8676717,5329,-119.28784942626953
1772660510.2668264,5330,-130.94961547851562
1772660515.2594955,5331,-44.52678680419922
1772660523.16304,5332,-168.48936462402344
1772660539.97307,5333,-14.214516639709473
1772660552.5506663,5334,-82.15753936767578
1772660556.541058,5335,-122.18929290771484
1772660557.7823062,5336,-105.4849853515625
1772660562.8214786,5337,-134.66160583496094
1772660575.1318064,5338,-87.67508697509766
1772660581.7639997,5339,-39.626243591308594
1772660585.9891589,5340,-23.705921173095703
1772660599.5376074,5341,-185.41587829589844
1772660612.778616,5342,34.1128044128418
1772660623.154458,5343,-77.69186401367188
1772660630.2913618,5344,61.455936431884766
1772660641.835835,5345,-196.2423095703125
1772660647.739847,5346,-24.23625946044922
1772660658.6519012,5347,21.013111114501953
1772660659.5567153,5348,-100.0
1772660665.9580064,5349,47.0306282043457
1772660669.6190014,5350,-26.665489196777344
1772660732.1591814,5351,-146.1797332763672
1772660755.2513058,5352,-213.8953094482422
1772660765.2131834,5353,-56.09221649169922
1772660769.1706822,5354,-128.41531372070312
1772660785.4188848,5355,-40.07743453979492
1772660797.3175182,5356,-73.47166442871094
1772660809.2566369,5357,16.93684196472168
1772660821.495383,5358,19.451534271240234
1772660835.9735827,5359,-218.47592163085938
1772660842.7987118,5360,-50.878684997558594
1772660848.9887114,5361,-154.75912475585938
1772660861.7350936,5362,-198.8648223876953
1772660881.2855654,5363,-107.13387298583984
1772660888.3077726,5364,-36.31670379638672
1772660892.5815854,5365,-30.110145568847656
1772660898.5006144,5366,-139.36598205566406
1772660909.6931922,5367,-196.85296630859375
1772660918.3682122,5368,65.80677032470703
1772660924.357002,5369,-151.03424072265625
1772660931.228683,5370,59.07935333251953
1772660942.9175508,5371,6.996252059936523
1772660951.4296863,5372,50.477962493896484
1772660957.638304,5373,-154.1995849609375
1772660968.101233,5374,-63.94856262207031
1772660973.1170437,5375,-43.74728775024414
1772660980.3898532,5376,-173.46673583984375
1772660993.737582,5377,-18.595260620117188
1772661004.132846,5378,-53.838993072509766
1772661008.8848898,5379,-41.75257110595703
1772661015.6532226,5380,-49.924102783203125
1772661022.571006,5381,-170.85939025878906
1772661023.120973,5382,-100.0
1772661027.4517505,5383,-154.16212463378906
1772661034.3223429,5384,47.7799072265625
1772661043.0194292,5385,-178.87747192382812
1772661104.1267312,5386,-14.953569412231445
1772661116.5180612,5387,-0.7273544669151306
1772661119.8355253,5388,-127.2470932006836
1772661121.8282466,5389,-117.76222229003906
1772661133.9582205,5390,36.85145568847656
1772661137.0592227,5391,92.09614562988281
1772661140.7087379,5392,70.4200439453125
1772661156.123586,5393,-258.06500244140625
1772661164.2436476,5394,-163.3840789794922
1772661164.8582864,5395,-100.0
1772661171.71768,5396,-174.03257751464844
1772661175.191422,5397,-19.429426193237305
1772661180.1257854,5398,-30.772844314575195
1772661184.7272887,5399,-23.85594940185547
1772661204.636628,5400,-175.00448608398438
1772661214.1865845,5401,-62.288509368896484
1772661223.8675933,5402,30.27130699157715
1772661231.026315,5403,-148.96282958984375
1772661242.775477,5404,19.922504425048828
1772661247.1531508,5405,-32.4554328918457
1772661254.2776651,5406,-57.206851959228516
1772661259.0777283,5407,-31.781404495239258
1772661265.4497547,5408,72.90489959716797
1772661275.5476613,5409,-90.70148468017578
1772661282.838658,5410,-36.83490753173828
1772661294.6335516,5411,-109.3798599243164
1772661304.8363583,5412,42.36266326904297
1772661317.5743828,5413,11.724472045898438
1772661328.2098413,5414,-187.66929626464844
1772661336.8688064,5415,15.616292953491211
1772661341.053083,5416,-29.268356323242188
1772661344.0690806,5417,-127.48091888427734
1772661355.4360375,5418,25.10948944091797
1772661370.5984457,5419,-0.990162193775177
1772661379.2702885,5420,-62.78082275390625
1772661388.1965091,5421,-56.99724197387695
1772661396.2298555,5422,-77.31694030761719
1772661409.5465672,5423,3.89658260345459
1772661471.7245436,5424,-100.0
1772661480.2812147,5425,-60.06541442871094
1772661486.8906224,5426,-35.979915618896484
1772661496.4129293,5427,19.919931411743164
1772661505.0683029,5428,-188.32798767089844
1772661506.545922,5429,-105.36431884765625
1772661517.259275,5430,-78.6361312866211
1772661521.0190842,5431,-22.2744140625
1772661525.4495268,5432,-45.71230697631836
1772661539.164237,5433,-108.17585754394531
1772661548.3842533,5434,37.01691436767578
1772661556.6519117,5435,-154.17242431640625
1772661564.1019437,5436,28.48935890197754
1772661570.7552202,5437,-56.38947677612305
1772661578.6299727,5438,-49.86222839355469
1772661591.6131723,5439,-86.65774536132812
1772661597.3496,5440,-31.841472625732422
1772661615.4521854,5441,-31.268630981445312
1772661622.6932473,5442,-62.233131408691406
1772661625.6281636,5443,-127.19994354248047
1772661630.2128973,5444,-50.45158767700195
1772661632.6173103,5445,-122.61648559570312
1772661641.6867442,5446,-48.877777099609375
1772661654.099897,5447,-205.1042022705078
1772661667.4147089,5448,-0.5830599665641785
1772661685.8719618,5449,-27.119373321533203
1772661689.9799094,5450,-16.040481567382812
1772661690.3007672,5451,-100.0
1772661692.5088332,5452,91.05046844482422
1772661697.5327935,5453,-41.93937301635742
1772661707.7938654,5454,52.14904022216797
1772661719.3378265,5455,-214.72093200683594
1772661721.7874546,5456,-106.45751190185547
1772661736.8411927,5457,-112.33914947509766
1772661740.1123757,5458,-118.6965560913086
1772661744.86903,5459,71.8533706665039
1772661749.9515307,5460,-127.26548767089844
1772661753.6181228,5461,-16.84676742553711
1772661758.56435,5462,-39.571529388427734
1772661770.193743,5463,34.9668083190918
1772661777.6329315,5464,-143.0697479248047
1772661784.86873,5465,54.446571350097656
1772661828.2334242,5466,-24.931123733520508
1772661834.8273528,5467,61.82814025878906
1772661840.2537394,5468,-154.77565002441406
1772661842.8861372,5469,-118.71495819091797
1772661848.6484652,5470,64.77025604248047
1772661853.3210895,5471,-26.858509063720703
1772661856.6077576,5472,-23.384750366210938
1772661857.9582965,5473,-109.1505126953125
1772661861.8092082,5474,-32.19765090942383
1772661862.1806617,5475,-100.0
1772661871.0349147,5476,-164.7304229736328
1772661877.2530763,5477,-168.39678955078125
1772661883.260052,5478,64.79786682128906
1772661886.6691673,5479,-33.1468620300293
1772661896.1469402,5480,-81.68866729736328
1772661910.739643,5481,21.716997146606445
1772661922.1525667,5482,-101.34947967529297
1772661931.698368,5483,-181.86456298828125
1772661937.2852457,5484,-136.1037139892578
1772661940.9365845,5485,-29.338134765625
1772661948.9969633,5486,-45.0184211730957
1772661954.245253,5487,-24.519948959350586
1772661960.7326171,5488,72.60377502441406
1772661970.6198356,5489,-64.21250915527344
1772661971.7800105,5490,-105.36006927490234
1772661982.6613646,5491,-84.76358795166016
1772661986.3943036,5492,-25.746606826782227
1772661989.5884633,5493,-20.875450134277344
1772661993.7309475,5494,-24.73392105102539
1772661999.749485,5495,56.738914489746094
1772662011.756246,5496,31.184934616088867
1772662020.4758675,5497,-52.30785369873047
1772662028.1951392,5498,48.77430725097656
1772662045.8645008,5499,-7.069786548614502
1772662057.7326417,5500,16.769813537597656
1772662062.024454,5501,-24.175800323486328
1772662070.9714077,5502,41.218257904052734
1772662074.5543787,5503,-16.808189392089844
1772662081.099578,5504,-51.003990173339844
1772662092.2333066,5505,28.081254959106445
1772662097.16128,5506,-147.67909240722656
1772662102.8839078,5507,-161.69068908691406
1772662108.7537062,5508,-44.38148880004883
1772662116.1658988,5509,-51.721519470214844
1772662122.179724,5510,-161.7032012939453
1772662127.6351628,5511,-44.04248046875
1772662132.6482475,5512,-30.1453857421875
1772662142.8841991,5513,-159.0358123779297
1772662201.4807425,5514,-121.37728118896484
1772662212.1975193,5515,30.295394897460938
1772662223.7997005,5516,47.30152130126953
1772662227.592784,5517,-19.269222259521484
1772662230.8354218,5518,-29.3671875
1772662241.2201116,5519,41.59737777709961
1772662257.9057028,5520,-135.38922119140625
1772662261.9916935,5521,-128.41592407226562
1772662264.4261658,5522,-128.0663604736328
1772662273.8641708,5523,-62.342498779296875
1772662277.5410333,5524,-18.153690338134766
1772662280.7548397,5525,-25.5803165435791
1772662284.04312,5526,-15.869537353515625
1772662291.034254,5527,-65.72000122070312
1772662296.668401,5528,-49.529083251953125
1772662301.0005877,5529,-22.82262420654297
1772662308.2826855,5530,62.70515823364258
1772662322.0530484,5531,25.558032989501953
1772662325.9236822,5532,-21.37630844116211
1772662336.3892624,5533,-97.6960220336914
1772662340.1329324,5534,-18.14325714111328
1772662352.2297342,5535,25.97551918029785
1772662361.106692,5536,49.21778869628906
1772662380.9551258,5537,-33.877952575683594
1772662390.8346741,5538,35.00117111206055
1772662401.3207247,5539,-73.68841552734375
1772662412.0373971,5540,-65.27084350585938
1772662416.0364745,5541,87.82331848144531
1772662416.3623652,5542,-100.0
1772662425.006894,5543,48.517906188964844
1772662432.5813017,5544,-48.56884002685547
1772662433.1879253,5545,-100.0
1772662444.8165808,5546,-127.68524932861328
1772662448.6612244,5547,-19.89665985107422
1772662453.1153398,5548,83.35704803466797
1772662456.425115,5549,-28.43097496032715
1772662472.5937192,5550,-32.283668518066406
1772662475.930144,5551,-112.18623352050781
1772662487.1077807,5552,9.044049263000488
1772662496.549234,5553,44.94843673706055
1772662500.4530354,5554,-134.93414306640625
1772662511.7806792,5555,-128.37301635742188
1772662571.1306305,5556,-11.284299850463867
1772662587.3057623,5557,25.07373046875
1772662595.6126044,5558,-166.766845703125
1772662602.0995364,5559,-160.72824096679688
1772662612.4575567,5560,-57.58011245727539
1772662618.332514,5561,-58.87107849121094
1772662628.986333,5562,40.41902160644531
1772662637.5408397,5563,43.24092483520508
1772662643.3273804,5564,-43.15521240234375
1772662650.267484,5565,-49.12911605834961
1772662660.581017,5566,-195.47158813476562
1772662665.832725,5567,74.429931640625
1772662680.3784735,5568,-32.44267654418945
1772662684.2928097,5569,-19.43585205078125
1772662687.9004185,5570,-28.280040740966797
1772662691.6312907,5571,-136.4351348876953
1772662705.6686323,5572,-76.33757781982422
1772662716.6356103,5573,-77.95980834960938
1772662739.20535,5574,-154.39608764648438
1772662750.790373,5575,-68.72167205810547
1772662754.5231438,5576,-21.630680084228516
1772662761.7233431,5577,-45.819480895996094
1772662780.433409,5578,-26.661235809326172
1772662784.8961987,5579,-30.368480682373047
1772662800.049259,5580,3.9661660194396973
1772662804.9070396,5581,-21.29785919189453
1772662811.4279132,5582,-50.752403259277344
1772662818.0029175,5583,-63.45886993408203
1772662824.2764206,5584,-161.22430419921875
1772662831.8594604,5585,-40.966758728027344
1772662834.875566,5586,-124.85888671875
1772662841.8502264,5587,70.56368255615234
1772662848.677285,5588,-170.2183837890625
1772662850.9380662,5589,-114.74421691894531
1772662854.7578132,5590,-136.58668518066406
1772662858.8840003,5591,80.84449768066406
1772662915.8343625,5592,-20.517370223999023
1772662924.7727344,5593,40.960289001464844
1772662931.3343768,5594,-64.28521728515625
1772662945.080269,5595,-146.3552703857422
1772662952.0792952,5596,-58.298240661621094
1772662952.5951405,5597,-100.0
1772662966.1614258,5598,-85.68788146972656
1772662986.907983,5599,-26.448057174682617
1772662988.9870396,5600,-103.86175537109375
1772662995.530575,5601,66.0750732421875
1772662999.7487683,5602,-141.90394592285156
1772663002.692155,5603,87.4937515258789
1772663005.9164736,5604,-32.73898696899414
1772663009.253771,5605,-122.84337615966797
1772663019.8130515,5606,-78.1371841430664
1772663023.5573957,5607,-36.53244400024414
1772663033.5944777,5608,43.382469177246094
1772663046.6748693,5609,-197.03936767578125
1772663052.5207872,5610,-131.0438690185547
1772663061.348897,5611,-167.40609741210938
1772663065.9891684,5612,-34.361167907714844
1772663066.3754697,5613,-100.0
1772663074.907719,5614,-77.3858642578125
1772663081.3185134,5615,-63.690067291259766
1772663083.5810676,5616,-118.43028259277344
1772663101.2251418,5617,-138.25489807128906
1772663107.7290747,5618,-148.9842529296875
1772663110.3006647,5619,-125.11537170410156
1772663115.849426,5620,-45.780494689941406
1772663116.333926,5621,-100.0
1772663116.4534147,5622,-100.0
1772663123.365394,5623,-58.5898323059082
1772663126.6019566,5624,-123.944091796875
1772663129.8287854,5625,-12.55718994140625
1772663135.2492077,5626,-151.31727600097656
1772663143.7397282,5627,57.53661346435547
1772663147.3102727,5628,-19.31625747680664
1772663152.7721043,5629,69.04315948486328
1772663159.0023916,5630,-38.54038619995117
1772663173.9895902,5631,-17.344852447509766
1772663179.4744115,5632,-35.27582550048828
1772663184.0057292,5633,-32.657840728759766
1772663184.4269648,5634,-100.0
1772663198.3769464,5635,-11.391505241394043
1772663205.3465939,5636,61.49489212036133
1772663210.9884002,5637,66.7488021850586
1772663218.572874,5638,56.89493179321289
1772663230.5326493,5639,-75.4432373046875
1772663273.6052446,5640,44.88241195678711
1772663289.4256983,5641,18.839624404907227
1772663300.786246,5642,9.30492877960205
1772663308.5158782,5643,-51.417850494384766
1772663315.1091588,5644,-143.62828063964844
1772663320.7867577,5645,-53.987186431884766
1772663324.1783888,5646,-21.741344451904297
1772663331.604271,5647,-52.87593460083008
1772663350.2361062,5648,6.726438999176025
1772663360.9961312,5649,-74.391357421875
1772663366.3846245,5650,-38.6998176574707
1772663372.388785,5651,-37.740440368652344
1772663384.2933493,5652,-178.99964904785156
1772663389.253462,5653,-41.050193786621094
1772663395.535825,5654,-59.37446975708008
1772663399.027475,5655,-21.252473831176758
1772663407.3655744,5656,-77.43379974365234
1772663410.9488802,5657,-28.299928665161133
1772663420.5815117,5658,59.27693557739258
1772663427.392341,5659,-148.81698608398438
1772663437.3401608,5660,-198.54806518554688
1772663442.4058137,5661,-42.61855697631836
1772663450.3087125,5662,-60.135868072509766
1772663472.581438,5663,-178.34934997558594
1772663478.4054549,5664,-20.150922775268555
1772663478.824794,5665,-100.0
1772663481.8824358,5666,-19.73444175720215
1772663489.8618567,5667,48.5293083190918
1772663493.4183853,5668,-12.441100120544434
1772663501.7877712,5669,41.193172454833984
1772663512.358166,5670,25.46161651611328
1772663514.90768,5671,-116.49800872802734
1772663518.949117,5672,-24.383390426635742
1772663522.1295075,5673,-121.32449340820312
1772663525.860636,5674,-22.28717613220215
1772663533.8685226,5675,44.93895721435547
1772663545.172082,5676,32.47001266479492
1772663551.8766596,5677,-150.92062377929688
1772663556.0695226,5678,-37.20820617675781
1772663559.3324754,5679,-21.545373916625977
1772663563.0370996,5680,-22.13092613220215
1772663566.267932,5681,-22.43120574951172
1772663583.9865716,5682,-119.09886932373047
1772663658.715532,5683,-45.954994201660156
1772663666.1025689,5684,47.86075210571289
1772663671.5809157,5685,-25.949106216430664
1772663678.3486156,5686,-35.748409271240234
1772663682.3858829,5687,-25.259376525878906
1772663688.3067665,5688,-25.235109329223633
1772663694.5596733,5689,-162.08175659179688
1772663695.599359,5690,-107.18070983886719
1772663698.5961637,5691,-21.41965675354004
1772663712.3806145,5692,19.28635597229004
1772663716.4452643,5693,-28.332246780395508
1772663724.1383035,5694,46.957759857177734
1772663738.1406255,5695,10.947495460510254
1772663757.7876744,5696,-240.69924926757812
1772663770.1314106,5697,21.264371871948242
1772663773.947839,5698,-33.63629150390625
1772663777.6377478,5699,-137.35406494140625
1772663791.5136435,5700,6.035154819488525
1772663803.798107,5701,39.53300476074219
1772663804.676849,5702,-100.0
1772663810.3646894,5703,60.9124641418457
1772663818.3728566,5704,-50.48641586303711
1772663842.917351,5705,-104.57257080078125
1772663853.679576,5706,-97.1589584350586
1772663854.9267747,5707,-103.34661102294922
1772663869.3214471,5708,-106.98101806640625
1772663873.5737708,5709,-25.143638610839844
1772663874.374466,5710,-104.16263580322266
1772663890.5773785,5711,-162.3186492919922
1772663898.1082,5712,-33.98249435424805
1772663900.1020825,5713,-107.52845764160156
1772663917.4120522,5714,0.7404970526695251
1772663930.3101323,5715,-69.54962921142578
1772663951.643963,5716,-55.39183807373047
1772663959.5952744,5717,-75.2033462524414
1772664046.9552932,5718,-131.72825622558594
1772664058.5058525,5719,52.66117477416992
1772664081.804944,5720,-74.72563934326172
1772664086.1259453,5721,-131.5626678466797
1772664098.1038308,5722,19.35487174987793
1772664108.3238702,5723,-80.513427734375
1772664124.5927355,5724,-5.750231742858887
1772664130.5494168,5725,58.05893325805664
1772664133.9485373,5726,-24.79384994506836
1772664134.300321,5727,-100.0
1772664140.0604367,5728,-41.73484420776367
1772664151.2177894,5729,16.00328254699707
1772664156.611564,5730,-49.7255859375
1772664161.8564997,5731,-35.336605072021484
1772664176.1245928,5732,-260.2623596191406
1772664178.0006523,5733,-111.0064468383789
1772664195.3866742,5734,-42.46023941040039
1772664199.4746466,5735,-121.02873992919922
1772664203.1935549,5736,-141.3303985595703
1772664212.401311,5737,-82.97530364990234
1772664232.9875348,5738,-28.32804298400879
1772664252.2834294,5739,-32.60254669189453
1772664256.547151,5740,-21.820955276489258
1772664279.0778058,5741,-82.08098602294922
1772664290.2608387,5742,49.267555236816406
1772664296.433132,5743,-55.666378021240234
1772664301.1582248,5744,-33.76088333129883
1772664307.4844172,5745,-157.5423583984375
1772664326.3316212,5746,-20.937902450561523
1772664334.7386773,5747,58.116729736328125
1772664338.2995298,5748,-28.341636657714844
1772664347.420613,5749,47.244728088378906
1772664348.1648242,5750,-100.0
1772664354.0347998,5751,-36.9638557434082
1772664410.3422973,5752,-46.199317932128906
1772664422.475602,5753,-65.89904022216797
1772664426.2809563,5754,-125.73030853271484
1772664434.2768226,5755,39.824073791503906
1772664440.0600126,5756,66.06997680664062
1772664462.167931,5757,-161.0011444091797
1772664471.827359,5758,28.06073570251465
1772664482.120391,5759,-66.85486602783203
1772664485.7330303,5760,-30.80409049987793
1772664491.3996017,5761,-36.112274169921875
1772664500.8682573,5762,36.17549133300781
1772664513.412033,5763,13.849499702453613
1772664517.642467,5764,-20.566009521484375
1772664522.9571004,5765,-40.460182189941406
1772664531.6431136,5766,-155.39878845214844
1772664549.3296797,5767,-12.351274490356445
1772664552.3481233,5768,-124.13358306884766
1772664560.2356915,5769,60.029930114746094
1772664564.1238608,5770,77.12715148925781
1772664571.559809,5771,-50.93925857543945
1772664583.4656785,5772,-70.33973693847656
1772664593.2342284,5773,23.544870376586914
1772664606.5470362,5774,9.596150398254395
1772664611.345435,5775,-145.5164794921875
1772664618.332487,5776,-154.9208984375
1772664646.5020723,5777,-184.0987091064453
1772664650.3392844,5778,-121.85808563232422
1772664659.5883944,5779,-52.28960037231445
1772664662.537415,5780,-124.86602020263672
1772664665.7643754,5781,-22.11798667907715
1772664674.997827,5782,-51.11132049560547
1772664690.5963001,5783,2.662702798843384
1772664692.5641327,5784,-110.13008880615234
1772664696.539822,5785,-134.8037109375
1772664703.7164462,5786,58.1322021484375
1772664726.1113448,5787,-34.1817741394043
1772664794.0542006,5788,67.1739273071289
1772664820.5371263,5789,-169.6163787841797
1772664825.5967417,5790,-23.322227478027344
1772664835.4844065,5791,31.940486907958984
1772664838.1882272,5792,-115.13786315917969
1772664838.4426928,5793,-100.0
1772664845.9288182,5794,-171.13909912109375
1772664869.4167755,5795,-152.3643341064453
1772664875.397154,5796,-32.90276336669922
1772664890.6928687,5797,-1.2522634267807007
1772664891.99175,5798,-102.33993530273438
1772664896.7729979,5799,-151.59414672851562
1772664911.7164931,5800,-190.4373779296875
1772664920.8401682,5801,-50.202816009521484
1772664928.324129,5802,-38.897010803222656
1772664934.82287,5803,-42.23611068725586
1772664948.3380406,5804,-107.59117126464844
1772664981.6713934,5805,-182.1127471923828
1772664995.7415867,5806,13.434806823730469
1772665002.7608778,5807,-55.41747283935547
1772665019.5483477,5808,-110.16976928710938
1772665028.118463,5809,63.58938980102539
1772665036.7964075,5810,-47.589630126953125
1772665044.073546,5811,59.42195129394531
1772665050.4744809,5812,-51.1091423034668
1772665083.141663,5813,-116.44923400878906
1772665093.1641018,5814,-167.31396484375
1772665150.139027,5815,-53.5168571472168
1772665163.8777723,5816,-69.16929626464844
1772665168.644167,5817,-27.736400604248047
1772665173.860727,5818,-135.13021850585938
1772665182.8979506,5819,-79.63600158691406
1772665187.5577345,5820,-26.346025466918945
1772665195.0590382,5821,-43.28473663330078
1772665215.2420595,5822,-35.048160552978516
1772665217.5314755,5823,-105.05148315429688
1772665224.4794934,5824,-51.98927307128906
1772665243.892236,5825,-48.017791748046875
1772665256.2915268,5826,16.0166015625
1772665260.292804,5827,-15.957904815673828
1772665265.2846205,5828,-36.125362396240234
1772665271.4517133,5829,-58.16805648803711
1772665275.2286527,5830,-20.69470977783203
1772665279.9000876,5831,-36.54982376098633
1772665286.6346273,5832,51.98253631591797
1772665293.84374,5833,-169.07997131347656
1772665299.0135436,5834,76.13724517822266
1772665299.6537583,5835,-102.55503845214844
1772665303.9871347,5836,-131.65945434570312
1772665309.2209275,5837,-46.016761779785156
1772665315.2038221,5838,-58.09511184692383
1772665328.4125383,5839,-212.06979370117188
1772665332.4210072,5840,-16.59026527404785
1772665343.068798,5841,-95.6334457397461
1772665362.5417836,5842,-263.3155517578125
1772665379.739563,5843,-12.252882957458496
1772665391.38669,5844,34.60531234741211
1772665402.332249,5845,38.799991607666016
1772665407.749988,5846,-25.676055908203125
1772665411.0513692,5847,-24.273292541503906
1772665427.1960845,5848,-24.19403839111328
1772665431.4440875,5849,-32.32998275756836
1772665436.2278407,5850,-39.89964294433594
1772665447.2866538,5851,-105.88631439208984
1772665451.113503,5852,-25.873966217041016
1772665456.80627,5853,-37.37168502807617
1772665517.9158409,5854,-19.833234786987305
1772665522.5564578,5855,-35.983612060546875
1772665545.573841,5856,-61.43857192993164
1772665561.7886708,5857,-111.77092742919922
1772665574.2366126,5858,-68.74951934814453
1772665597.5639553,5859,-249.3293914794922
1772665619.3738112,5860,-143.9194793701172
1772665625.861504,5861,-36.81178283691406
1772665632.5948803,5862,-45.84437561035156
1772665640.326717,5863,-77.50215148925781
1772665650.223105,5864,-158.75450134277344
1772665667.9091568,5865,-33.76100540161133
1772665676.1059387,5866,-53.54205322265625
1772665676.7099419,5867,-100.0
1772665679.7287807,5868,-35.71759033203125
1772665698.6682196,5869,-4.745218753814697
1772665709.1617017,5870,48.21344757080078
1772665712.8262563,5871,-17.700328826904297
1772665733.5647242,5872,-182.9491729736328
1772665737.5737073,5873,-130.09878540039062
1772665753.5008824,5874,-220.80972290039062
1772665765.0523012,5875,34.46402359008789
1772665790.2983584,5876,-74.66719818115234
1772665798.7802532,5877,-139.8780059814453
1772665805.5222692,5878,-56.985198974609375
1772665815.6756625,5879,-65.9592056274414
1772665821.4507313,5880,-31.342849731445312
1772665839.109501,5881,-154.48072814941406
1772665883.882974,5882,-165.2428741455078
1772665894.2130427,5883,14.73854923248291
1772665907.2000072,5884,-194.6160125732422
1772665913.05213,5885,49.44156265258789
1772665927.9130466,5886,-92.4379653930664
1772665935.131534,5887,67.62702178955078
1772665935.689346,5888,-100.0
1772665940.7237463,5889,71.63471221923828
1772665957.221859,5890,-224.5778350830078
1772665962.756875,5891,63.75458526611328
1772665974.0534172,5892,-88.33961486816406
1772665990.2364674,5893,-147.53053283691406
1772665994.6301117,5894,-120.67190551757812
1772666010.555544,5895,-36.47256088256836
1772666023.4831002,5896,-190.18496704101562
1772666036.486524,5897,-182.80665588378906
1772666037.542071,5898,-101.16710662841797
1772666041.8522615,5899,-32.88137435913086
1772666059.9084527,5900,-20.758256912231445
1772666065.0206008,5901,-24.329097747802734
1772666068.6030695,5902,-25.249011993408203
1772666078.3468063,5903,-153.2436065673828
1772666082.1080294,5904,-22.93535041809082
1772666087.5800037,5905,64.92057037353516
1772666090.9754095,5906,-25.074016571044922
1772666094.2935066,5907,-131.2740020751953
1772666106.2764797,5908,-198.28187561035156
1772666107.388324,5909,-102.63636779785156
1772666114.0752728,5910,57.71652603149414
1772666117.5866976,5911,-17.608097076416016
1772666131.6126482,5912,-220.33303833007812
1772666139.8026803,5913,-27.52923583984375
1772666144.5566425,5914,-22.506624221801758
1772666150.501909,5915,-146.03883361816406
1772666154.052788,5916,-22.897071838378906
1772666175.7386198,5917,-90.00897216796875
1772666254.6202586,5918,-100.0
1772666267.5042999,5919,14.5191011428833
1772666315.2089942,5920,-253.47817993164062
1772666327.1100106,5921,-162.86196899414062
1772666340.6495247,5922,-63.116119384765625
1772666341.920989,5923,-102.80167388916016
1772666347.622093,5924,57.967769622802734
1772666363.1157403,5925,4.1864118576049805
1772666367.1774945,5926,-24.844802856445312
1772666389.5085657,5927,-191.04933166503906
1772666405.7247121,5928,-116.25147247314453
1772666427.3634791,5929,-39.89232635498047
1772666437.1689818,5930,-48.88394546508789
1772666439.540187,5931,-113.46317291259766
1772666446.140299,5932,51.29956817626953
1772666449.5956707,5933,-24.162927627563477
1772666456.4020545,5934,-147.20242309570312
1772666459.9085784,5935,-20.577974319458008
1772666465.307925,5936,61.66911315917969
1772666469.4950936,5937,-41.896728515625
1772666473.5001855,5938,-37.15830612182617
1772666477.003437,5939,-27.385984420776367
1772666487.6427255,5940,47.181114196777344
1772666496.7416797,5941,-64.13590240478516
1772666502.055806,5942,-22.228303909301758
1772666526.5564482,5943,-45.96770477294922
1772666536.2194679,5944,-60.692447662353516
1772666537.797942,5945,-112.66960906982422
1772666551.4654198,5946,-218.65811157226562
1772666563.1862676,5947,-194.390625
1772666583.0791032,5948,-131.68394470214844
1772666660.4979486,5949,-32.152137756347656
1772666669.2432387,5950,-82.2242660522461
1772666670.0227675,5951,-100.0
1772666681.5735998,5952,34.007545471191406
1772666687.5788538,5953,-39.72500991821289
1772666698.2812538,5954,-174.50006103515625
1772666703.2054884,5955,-24.797962188720703
1772666724.043415,5956,-131.4722442626953
1772666751.686131,5957,-108.79291534423828
1772666775.6569676,5958,-86.50700378417969
1772666779.8365781,5959,87.59040832519531
1772666783.1089876,5960,-38.383182525634766
1772666783.4316156,5961,-100.0
1772666788.3072953,5962,-37.045372009277344
1772666799.2607853,5963,-180.25865173339844
1772666818.4594476,5964,-162.19105529785156
1772666819.8127434,5965,-100.0
1772666834.660844,5966,-38.249969482421875
1772666850.2129357,5967,-197.4915313720703
1772666871.0136163,5968,-22.033039093017578
1772666875.588411,5969,-127.31302642822266
1772666878.1915052,5970,-121.07626342773438
1772666882.959911,5971,-152.08250427246094
1772666902.1837204,5972,-45.58104705810547
1772666907.0774686,5973,85.08940124511719
1772666922.3405616,5974,-130.75071716308594
1772666932.8373835,5975,-200.60684204101562
1772666933.6439595,5976,-100.0
1772666941.5870667,5977,-52.22149658203125
1772666949.924699,5978,-51.259029388427734
1772666961.6926124,5979,34.86405563354492
1772667066.4209857,5980,-32.078060150146484
1772667071.7945118,5981,-32.313804626464844
1772667075.1307962,5982,-25.87556266784668
1772667081.1241915,5983,-35.84140396118164
1772667091.3244493,5984,42.04380798339844
1772667096.6443694,5985,-55.01256561279297
1772667120.0199275,5986,-144.57789611816406
1772667127.8679442,5987,-38.20033264160156
1772667132.261065,5988,-126.07015991210938
1772667136.1873965,5989,-128.7791748046875
1772667141.3850784,5990,66.92768859863281
1772667147.877129,5991,-45.6842041015625
1772667154.459321,5992,-51.156734466552734
1772667163.3967726,5993,-73.12728881835938
1772667179.4807074,5994,-205.29513549804688
1772667184.8276627,5995,-30.197322845458984
1772667195.4005983,5996,-72.90970611572266
1772667201.307062,5997,65.95804595947266
1772667205.010462,5998,-27.461904525756836
1772667224.7095115,5999,-34.30210494995117
1772667227.1714365,6000,-110.62396240234375
1772667227.3673275,6001,-100.0
1772667230.4544263,6002,-37.33438491821289
1772667234.650775,6003,-43.837127685546875
1772667235.0497093,6004,-100.0
1772667235.171797,6005,-100.0
1772667259.4961364,6006,-56.07345199584961
1772667275.5252519,6007,-127.35252380371094
1772667279.6842396,6008,-34.429805755615234
1772667283.035977,6009,-120.78114318847656
1772667286.3737895,6010,-19.08230209350586
1772667293.119631,6011,-152.85385131835938
1772667297.1898353,6012,-141.60467529296875
1772667316.5819793,6013,-53.24645233154297
1772667321.3855536,6014,-23.544118881225586
1772667331.505093,6015,26.8969783782959
1772667353.0289638,6016,-219.2473907470703
1772667369.8975294,6017,-17.3692569732666
1772667456.3155248,6018,-32.755680084228516
1772667466.0342603,6019,45.95512008666992
1772667469.0928946,6020,-120.06106567382812
1772667477.8926857,6021,-173.24560546875
1772667483.0453007,6022,-37.914527893066406
1772667490.3542612,6023,-47.78187942504883
1772667493.9485202,6024,-34.06910705566406
1772667509.5125892,6025,-2.4058070182800293
1772667513.722647,6026,-23.52571678161621
1772667518.59646,6027,-34.92635726928711
1772667528.2973716,6028,-82.18136596679688
1772667533.2762153,6029,-26.703903198242188
1772667536.7130225,6030,-31.61678123474121
1772667550.364278,6031,-94.365234375
1772667559.2190452,6032,-68.74071502685547
1772667563.1144996,6033,-28.211627960205078
1772667567.6998544,6034,-28.45644760131836
1772667571.6012394,6035,-36.39215087890625
1772667596.4531894,6036,-77.455810546875
1772667601.3062801,6037,-16.567893981933594
1772667621.3807945,6038,-125.38958740234375
1772667637.9026341,6039,-86.63358306884766
1772667650.981759,6040,-7.101045608520508
1772667663.859523,6041,-167.59608459472656
1772667684.9864292,6042,-69.40180206298828
1772667689.811679,6043,-134.67977905273438
1772667693.8196719,6044,-35.27830123901367
1772667702.5014892,6045,-62.2550163269043
1772667709.8022587,6046,43.096126556396484
1772667751.9087293,6047,-257.62811279296875
1772667757.88242,6048,-18.949993133544922
1772667758.2048523,6049,-100.0
1772667762.6201959,6050,-50.69719314575195
1772667807.0561483,6051,-20.697433471679688
1772667818.468773,6052,-120.69203186035156
1772667824.5610933,6053,-147.9901885986328
1772667836.3424149,6054,29.624736785888672
1772667846.2598562,6055,-186.93112182617188
1772667854.7382102,6056,54.7679557800293
1772667867.2231393,6057,-56.85648727416992
1772667873.2875094,6058,-65.6752700805664
1772667882.7114437,6059,31.872243881225586
1772667888.3478787,6060,-29.85388946533203
1772667894.555371,6061,-167.74510192871094
1772667909.2059455,6062,-199.2593994140625
1772667913.576929,6063,-36.10007095336914
1772667930.6663475,6064,-14.073875427246094
1772667943.0166724,6065,-60.32258605957031
1772667951.3143554,6066,-59.07188415527344
1772667958.1636581,6067,63.63773727416992
1772667963.8274817,6068,-39.84095001220703
1772667968.8820121,6069,-154.5010223388672
1772667974.180986,6070,-29.873088836669922
1772667981.5459068,6071,-83.98646545410156
1772667988.15379,6072,-159.00523376464844
1772667994.5657384,6073,-29.62770652770996
1772667995.5587957,6074,-105.10719299316406
1772668016.6348662,6075,-53.28186798095703
1772668024.667113,6076,54.6916389465332
1772668030.3644617,6077,-36.80085754394531
1772668039.724007,6078,-57.241722106933594
1772668043.4421308,6079,-35.66199493408203
1772668061.8693411,6080,-107.14508819580078
1772668093.7878668,6081,-218.6943817138672
1772668107.4413352,6082,-94.64920043945312
1772668112.100383,6083,73.9090805053711
1772668134.0704036,6084,-158.129150390625
1772668207.9004328,6085,-148.7849884033203
1772668232.5817838,6086,-104.3888168334961
1772668241.4687212,6087,-35.36384582519531
1772668248.1333425,6088,-154.56687927246094
1772668254.4844434,6089,-39.334896087646484
1772668278.6676533,6090,-168.7132568359375
1772668283.5463629,6091,-27.172407150268555
1772668290.1802588,6092,-31.148677825927734
1772668290.7899692,6093,-100.0
1772668293.8296707,6094,-21.14397430419922
1772668303.8662944,6095,-73.04012298583984
1772668307.654278,6096,-19.17947006225586
1772668329.4186125,6097,-75.28240203857422
1772668346.3102999,6098,1.2531095743179321
1772668354.9716742,6099,-174.6632843017578
1772668359.6584253,6100,-43.69458770751953
1772668368.7727292,6101,-46.13681411743164
1772668372.4775314,6102,-27.494068145751953
1772668377.0938308,6103,-34.40079116821289
1772668392.9787674,6104,-209.3018035888672
1772668401.5195465,6105,-62.16926574707031
1772668406.0427587,6106,-21.652141571044922
1772668409.5165553,6107,-34.39964294433594
1772668419.816598,6108,-67.65121459960938
1772668423.557256,6109,-15.322134017944336
1772668436.4904635,6110,-97.7605209350586
1772668461.7886653,6111,-179.3927459716797
1772668480.6924028,6112,-226.1542510986328
1772668490.3492415,6113,-159.34298706054688
1772668516.9716704,6114,-136.0907440185547
1772668616.4602325,6115,-100.0
1772668616.5805984,6116,-100.0
1772668616.7001996,6117,-100.0
1772668619.6754801,6118,-24.435359954833984
1772668629.43568,6119,-75.61942291259766
1772668633.7329836,6120,-25.667285919189453
1772668648.3257766,6121,16.160022735595703
1772668654.6234808,6122,-137.37684631347656
1772668664.444731,6123,-95.70771789550781
1772668670.4052649,6124,-28.630855560302734
1772668683.8521435,6125,-66.22029876708984
1772668688.3564112,6126,-39.67380905151367
1772668692.44466,6127,-138.31033325195312
1772668705.93044,6128,11.77670955657959
1772668707.0186653,6129,-100.0
1772668717.702118,6130,5.5829057693481445
1772668718.6047475,6131,-100.0
1772668733.042517,6132,18.132431030273438
1772668755.1634946,6133,-164.15318298339844
1772668763.5314345,6134,50.611473083496094
1772668770.6830907,6135,-61.87559127807617
1772668784.9475543,6136,-248.5205535888672
1772668799.9958522,6137,-210.28480529785156
1772668811.7164912,6138,-168.36541748046875
1772668817.8320787,6139,-46.07400894165039
1772668823.4277864,6140,-53.74374771118164
1772668826.7953389,6141,-124.55525970458984
1772668845.435898,6142,-47.12660217285156
1772668846.917794,6143,-100.0
1772668847.3531573,6144,-102.0334701538086
1772668853.0445979,6145,-68.79368591308594
1772668856.5625753,6146,-28.79096794128418
1772668868.7745523,6147,-80.60874938964844
1772668874.4682596,6148,-24.18931007385254
1772668877.8929915,6149,-127.10383605957031
1772668898.8343296,6150,-41.30473327636719
1772668909.2601666,6151,-166.65078735351562
1772668925.5878434,6152,-150.5104217529297
1772669006.4920497,6153,-176.05819702148438
1772669017.3198712,6154,36.82311248779297
1772669021.3632908,6155,-23.16911506652832
1772669041.6273105,6156,-62.011112213134766
1772669044.4669323,6157,-113.06881713867188
1772669052.196358,6158,-88.42803192138672
1772669055.771216,6159,-19.417261123657227
1772669067.419652,6160,34.031837463378906
1772669079.707661,6161,-106.33551788330078
1772669096.583678,6162,-113.9574966430664
1772669104.6584744,6163,-70.5462417602539
1772669109.6693568,6164,-27.160816192626953
1772669116.6263225,6165,47.72567367553711
1772669127.5156395,6166,-73.16759490966797
1772669140.292203,6167,19.773799896240234
1772669151.8903437,6168,-180.53048706054688
1772669157.8399982,6169,68.69417572021484
1772669161.316706,6170,-27.528560638427734
1772669164.553329,6171,-129.21658325195312
1772669171.8243847,6172,-64.26652526855469
1772669175.8453727,6173,-31.480648040771484
1772669188.241492,6174,5.803147315979004
1772669201.0425887,6175,-69.48759460449219
1772669224.9885643,6176,-186.06417846679688
1772669231.51588,6177,-50.91347122192383
1772669237.8981445,6178,-62.283138275146484
1772669246.5164196,6179,-75.34416961669922
1772669261.939921,6180,24.422021865844727
1772669279.9613214,6181,-37.564735412597656
1772669305.1177213,6182,-91.23291015625
1772669442.7563527,6183,-32.602561950683594
1772669443.75403,6184,-104.43350219726562
1772669449.4779742,6185,-159.0622100830078
1772669453.8201299,6186,-33.12500762939453
1772669461.8918536,6187,-185.4265899658203
1772669466.427023,6188,-45.25385284423828
1772669469.659902,6189,-21.30073356628418
1772669471.9311152,6190,-123.46125793457031
1772669486.1945817,6191,-109.46019744873047
1772669493.7555065,6192,-51.07291793823242
1772669494.9898608,6193,-105.18019104003906
1772669501.4777808,6194,-50.42668533325195
1772669512.8283825,6195,-113.86134338378906
1772669516.8497467,6196,-23.64702796936035
1772669525.0289624,6197,-52.79781723022461
1772669549.5272903,6198,-91.62793731689453
1772669561.906373,6199,-168.51290893554688
1772669569.723377,6200,-52.78485870361328
1772669581.0061264,6201,-73.44648742675781
1772669602.2762127,6202,-59.27821731567383
1772669608.389245,6203,-41.249786376953125
1772669613.1565027,6204,-37.5155029296875
1772669616.6119993,6205,-21.309249877929688
1772669622.5045073,6206,-34.693031311035156
1772669628.311269,6207,-153.72137451171875
1772669655.4123824,6208,-328.38653564453125
1772669666.725298,6209,-56.32121276855469
1772669670.4445627,6210,-28.2838077545166
1772669676.242201,6211,-44.5179557800293
1772669688.580287,6212,-24.192150115966797
1772669701.3759162,6213,-92.93255615234375
1772669704.6457648,6214,-122.35210418701172
1772669724.1474383,6215,-207.83900451660156
1772669728.6777399,6216,-29.08533477783203
1772669731.8687081,6217,-20.0059871673584
1772669735.1447914,6218,-20.852895736694336
1772669816.2297597,6219,-16.793270111083984
1772669826.0343423,6220,-59.88555908203125
1772669829.7147396,6221,-17.904211044311523
1772669833.4673629,6222,-24.873493194580078
1772669840.2291322,6223,-48.69491958618164
1772669840.8289118,6224,-100.0
1772669846.866424,6225,-143.08468627929688
1772669855.8909624,6226,-191.34922790527344
1772669867.4507198,6227,-70.92061614990234
1772669883.1954775,6228,-13.798680305480957
1772669887.367186,6229,-25.864459991455078
1772669893.3165238,6230,-31.07215118408203
1772669905.6700768,6231,-73.89786529541016
1772669908.5812695,6232,-116.05896759033203
1772669922.564792,6233,-114.9801254272461
1772669923.7166305,6234,-100.0
1772669926.7750368,6235,-15.464381217956543
1772669930.0653167,6236,-15.09880542755127
1772669961.572832,6237,-102.02409362792969
1772669968.7867413,6238,-36.43504333496094
1772669981.6698387,6239,-199.5289764404297
1772670006.97977,6240,-265.20709228515625
1772670013.6062047,6241,-129.05816650390625
1772670017.0459101,6242,-26.993423461914062
1772670020.6303651,6243,-23.920394897460938
1772670024.3890274,6244,-23.630237579345703
1772670051.205865,6245,-80.05429077148438
1772670058.8102787,6246,-43.74816131591797
1772670068.2838106,6247,-61.34724426269531
1772670085.3177793,6248,-263.9613037109375
1772670095.339527,6249,-59.22982406616211
1772670108.0755582,6250,-190.86083984375
1772670116.6039975,6251,-65.75640869140625
1772670226.2260227,6252,-22.046377182006836
1772670250.1131918,6253,-71.08646392822266
1772670256.5382304,6254,-35.79080581665039
1772670267.7188606,6255,3.9550843238830566
1772670271.7300065,6256,-30.76854705810547
1772670277.0477412,6257,-27.122926712036133
1772670289.1251135,6258,-88.5555191040039
1772670292.9881487,6259,-18.232582092285156
1772670302.566614,6260,-65.83203125
1772670306.308845,6261,-23.250587463378906
1772670334.0436842,6262,-203.64849853515625
1772670345.7720327,6263,-64.81656646728516
1772670349.4830718,6264,-25.982149124145508
1772670353.3208148,6265,-23.412803649902344
1772670367.0023882,6266,-99.84741973876953
1772670378.836006,6267,27.465450286865234
1772670400.991823,6268,-153.6226806640625
1772670413.7560525,6269,-90.38505554199219
1772670425.4769647,6270,15.277677536010742
1772670440.785572,6271,-83.25770568847656
1772670454.2767437,6272,-84.68099212646484
1772670461.0615113,6273,-62.344722747802734
1772670474.139451,6274,-10.69723129272461
1772670475.3466637,6275,-102.18444061279297
1772670481.1259427,6276,-56.03675079345703
1772670489.8879158,6277,-181.04420471191406
1772670493.4808671,6278,-29.941455841064453
1772670511.674289,6279,-95.66650390625
1772670517.147478,6280,-23.834152221679688
1772670545.1484199,6281,-81.7645263671875
1772670613.4075124,6282,-208.67474365234375
1772670630.3652759,6283,-102.43157958984375
1772670636.6142623,6284,-38.30122375488281
1772670645.4227457,6285,-186.55487060546875
1772670646.1613932,6286,-100.0
1772670651.2407155,6287,79.49131774902344
1772670656.2026913,6288,-40.37492752075195
1772670659.7225235,6289,-18.430421829223633
1772670663.6202943,6290,-27.96109390258789
1772670671.6357157,6291,56.67156219482422
1772670675.4302785,6292,-136.86192321777344
1772670679.4933639,6293,-25.897506713867188
1772670683.3562446,6294,-23.803802490234375
1772670701.4046886,6295,-154.6993865966797
1772670706.9071116,6296,-22.425025939941406
1772670724.5163183,6297,-1.9628543853759766
1772670734.1086595,6298,-54.65257263183594
1772670758.4932957,6299,-133.87887573242188
1772670765.867703,6300,60.24471664428711
1772670772.4535499,6301,-159.97256469726562
1772670779.6529503,6302,-54.3671989440918
1772670792.0723896,6303,-113.60535430908203
1772670797.787719,6304,-47.86712646484375
1772670826.8269854,6305,-317.2417907714844
1772670844.1783628,6306,-9.847363471984863
1772670858.8518834,6307,17.2930908203125
1772670868.4026537,6308,-51.28995132446289
1772670889.7664938,6309,-70.79871368408203
1772670894.2437081,6310,-127.7822036743164
1772670899.4336143,6311,-37.598236083984375
1772670909.9802225,6312,11.39920711517334
1772671014.0056424,6313,-259.53826904296875
1772671027.7819004,6314,22.17791748046875
1772671033.8622553,6315,73.7034912109375
1772671039.5465364,6316,-30.094188690185547
1772671050.2814083,6317,-98.56432342529297
1772671060.114028,6318,50.500118255615234
1772671068.44252,6319,57.03203582763672
1772671078.4683495,6320,-86.95637512207031
1772671080.6460276,6321,-109.53765106201172
1772671086.6920965,6322,-42.07183074951172
1772671100.2184076,6323,22.04055404663086
1772671119.5253906,6324,-174.23622131347656
1772671124.6035826,6325,-26.45642852783203
1772671139.076855,6326,-28.97686195373535
1772671145.5453303,6327,63.4808349609375
1772671147.0378146,6328,-112.7835464477539
1772671150.1404696,6329,-20.338844299316406
1772671153.3293722,6330,-21.738624572753906
1772671161.042877,6331,39.85744857788086
1772671165.8195903,6332,-47.27659225463867
1772671181.5542943,6333,22.22869110107422
1772671186.6103108,6334,-26.48310089111328
1772671194.4689846,6335,-154.1665802001953
1772671198.0679035,6336,-26.10176658630371
1772671209.284775,6337,-85.10882568359375
1772671221.938516,6338,-83.5426254272461
1772671222.9850855,6339,-100.0
1772671226.4271853,6340,-18.67116928100586
1772671237.7878318,6341,-89.78085327148438
1772671239.0467079,6342,-103.97660064697266
1772671246.3251903,6343,-54.35797882080078
1772671264.5399244,6344,-227.94674682617188
1772671269.152325,6345,-23.067245483398438
1772671269.5178196,6346,-100.0
1772671274.3317258,6347,-27.49250602722168
1772671291.3386238,6348,17.83002471923828
1772671292.8607612,6349,-100.0
1772671303.94799,6350,-66.26692199707031
1772671310.7787707,6351,-51.268707275390625
1772671419.9307313,6352,-37.28192138671875
1772671432.956283,6353,-219.9331817626953
1772671436.8553698,6354,-19.477025985717773
1772671481.7246873,6355,-307.70697021484375
1772671488.5805557,6356,-33.10866165161133
1772671493.6681514,6357,-38.21009063720703
1772671494.2753744,6358,-101.32503509521484
1772671518.2372825,6359,-51.43523406982422
1772671530.441657,6360,-67.43990325927734
1772671534.2452078,6361,-131.42103576660156
1772671537.4482427,6362,-18.491044998168945
1772671540.4107702,6363,-127.15174102783203
1772671548.8922837,6364,39.55049514770508
1772671566.2484052,6365,-236.05517578125
1772671588.0285,6366,-134.3416290283203
1772671597.4371345,6367,-165.2416229248047
1772671604.154736,6368,-45.43357467651367
1772671613.1711187,6369,-43.40034866333008
1772671613.946067,6370,-100.0
1772671637.4776003,6371,-94.42807006835938
1772671642.4375706,6372,-32.30720520019531
1772671663.5718415,6373,-71.90647888183594
1772671674.4693856,6374,-183.17684936523438
1772671678.3166547,6375,-24.03252410888672
1772671685.1792645,6376,57.962364196777344
1772671685.800018,6377,-100.0
1772671697.2453423,6378,-0.7146808505058289
1772671710.5881367,6379,-77.28158569335938
1772671780.7515562,6380,-27.41316032409668
1772671781.2127707,6381,-101.35419464111328
1772671791.735186,6382,37.07905960083008
1772671804.4724805,6383,-205.52023315429688
1772671819.6915445,6384,-121.62279510498047
1772671830.5152166,6385,-52.34501266479492
1772671872.617812,6386,-256.4867858886719
1772671886.5152838,6387,-123.62150573730469
1772671890.3726077,6388,-19.479887008666992
1772671897.3200524,6389,-54.506858825683594
1772671910.202891,6390,-88.48408508300781
1772671930.6677077,6391,-240.47869873046875
1772671933.7977395,6392,-113.94730377197266
1772671939.123341,6393,-61.70038986206055
1772671942.5560935,6394,-19.038347244262695
1772671946.0347629,6395,-18.117122650146484
1772671962.8445528,6396,-24.11195945739746
1772671989.413162,6397,-72.37294006347656
1772671999.0953968,6398,-189.73013305664062
1772672001.0032253,6399,-110.36678314208984
1772672004.1241663,6400,-24.832244873046875
1772672015.333561,6401,-95.06053924560547
1772672019.4609163,6402,-132.2061767578125
1772672023.7808905,6403,-31.955766677856445
1772672027.0109725,6404,-131.0885467529297
1772672033.8015423,6405,-63.21675109863281
1772672043.9472194,6406,-63.449642181396484
1772672048.5161297,6407,-25.754913330078125
1772672052.6997912,6408,-41.06391143798828
1772672058.7482953,6409,-43.93263626098633
1772672065.0027492,6410,-52.37044906616211
1772672068.5306292,6411,-32.23073196411133
1772672076.306983,6412,-59.77946090698242
1772672082.7489905,6413,-127.64237976074219
1772672088.1324084,6414,70.10563659667969
1772672092.2627366,6415,-33.05421829223633
1772672092.8700533,6416,-102.00431060791016
1772672098.352252,6417,-40.7930793762207
1772672173.6594017,6418,18.363000869750977
1772672181.5546873,6419,-147.2001495361328
1772672192.5166264,6420,-127.68697357177734
1772672193.412146,6421,-100.0
1772672196.4866335,6422,-21.682403564453125
1772672209.980562,6423,-2.2402689456939697
1772672215.6508043,6424,-36.263702392578125
1772672216.1062033,6425,-100.0
1772672223.079802,6426,-55.47021484375
1772672228.0118396,6427,-156.3599090576172
1772672234.9725254,6428,-49.286685943603516
1772672238.436181,6429,-23.806276321411133
1772672245.7967281,6430,-181.15574645996094
1772672260.5503068,6431,-91.56441497802734
1772672266.341346,6432,-54.039676666259766
1772672273.2438736,6433,-170.65472412109375
1772672287.9326167,6434,-240.46202087402344
1772672298.848512,6435,-70.27764892578125
1772672299.7407131,6436,-100.0
1772672321.6664934,6437,-65.43571472167969
1772672329.2206457,6438,-45.02181625366211
1772672334.7884111,6439,-36.315589904785156
1772672338.9830942,6440,-39.82062530517578
1772672344.9549196,6441,-40.20084762573242
1772672349.0001204,6442,-21.766639709472656
1772672354.216514,6443,-33.10201644897461
1772672358.5981894,6444,-27.650346755981445
1772672376.1463585,6445,-292.9181213378906
1772672380.467629,6446,-33.004032135009766
1772672391.750268,6447,7.887213706970215
1772672396.3470683,6448,-26.432756423950195
1772672420.156547,6449,-122.60139465332031
1772672450.4184568,6450,-343.3439025878906
1772672474.8343832,6451,-27.879940032958984
1772672515.1082373,6452,-151.50181579589844
1772672538.8543255,6453,-258.38916015625
1772672545.522961,6454,-43.10811233520508
1772672556.2520351,6455,10.121817588806152
1772672560.074064,6456,-18.6049861907959
1772672572.3576727,6457,-103.43186950683594
1772672579.8191006,6458,-47.676414489746094
1772672586.9818013,6459,-35.3177375793457
1772672595.3528674,6460,-67.88794708251953
1772672597.8282151,6461,-116.47267150878906
1772672615.7995098,6462,-129.53965759277344
1772672622.9805803,6463,-149.7655029296875
1772672637.4143796,6464,-126.34581756591797
1772672645.7030857,6465,-52.50971221923828
1772672650.4780836,6466,-47.782875061035156
1772672650.917329,6467,-100.0
1772672668.3149283,6468,6.03239631652832
1772672672.700993,6469,-29.528005599975586
1772672675.9142768,6470,-25.98273468017578
1772672679.1323218,6471,-14.348296165466309
1772672689.0916302,6472,-56.77577590942383
1772672723.6852329,6473,-165.1026611328125
1772672734.684528,6474,30.14320945739746
1772672738.1084852,6475,86.24771118164062
1772672742.3729227,6476,-31.918020248413086
1772672748.4224455,6477,-154.92723083496094
1772672752.0289881,6478,-20.6800594329834
1772672773.2909665,6479,-196.85018920898438
1772672777.8833752,6480,-21.042877197265625
1772672800.0046637,6481,-27.816450119018555
1772672816.0875642,6482,-117.29719543457031
1772672821.610619,6483,-38.02055740356445
1772672826.7248938,6484,-28.646482467651367
1772672924.8594394,6485,-18.3894100189209
1772672935.7079237,6486,9.2948579788208
1772672943.8676293,6487,-146.5095977783203
1772672947.470564,6488,-17.587129592895508
1772672952.7737489,6489,-36.97651290893555
1772672956.1511524,6490,-32.81873321533203
1772672962.803732,6491,-60.42155456542969
1772672980.6217747,6492,-116.36222076416016
1772672992.6445084,6493,-87.50495147705078
1772672997.0205343,6494,-21.6136531829834
1772672999.589442,6495,-124.04228210449219
1772673026.0907981,6496,-73.15447998046875
1772673037.9698982,6497,-184.94850158691406
1772673058.9814417,6498,-99.89237976074219
1772673067.4753757,6499,-46.54365921020508
1772673071.2095447,6500,-27.778608322143555
1772673075.2281485,6501,-21.569753646850586
1772673087.1631718,6502,25.83304214477539
1772673101.9456892,6503,-225.31695556640625
1772673110.4133952,6504,59.9951057434082
1772673117.0184941,6505,-41.064178466796875
1772673128.9978304,6506,34.707313537597656
1772673142.4331534,6507,-103.41398620605469
1772673153.27608,6508,-192.91073608398438
1772673159.6679544,6509,-39.70875930786133
1772673185.096645,6510,-91.45880126953125
1772673195.7547548,6511,32.54047775268555
1772673201.641704,6512,-37.74674606323242
1772673202.2038507,6513,-100.52112579345703
1772673207.8771932,6514,-27.053165435791016
1772673211.365818,6515,-22.201366424560547
1772673220.2849019,6516,-79.9854507446289
1772673226.5866773,6517,-60.6488037109375
1772673233.7972324,6518,-44.80585861206055
1772673237.3702786,6519,-26.00782012939453
1772673314.635905,6520,-20.3030948638916
1772673323.8766718,6521,-49.4813232421875
1772673332.978928,6522,-177.93594360351562
1772673354.9546654,6523,-36.684932708740234
1772673370.6934688,6524,12.7822904586792
1772673371.890554,6525,-100.0
1772673379.721783,6526,59.67930221557617
1772673383.3094118,6527,-31.923233032226562
1772673386.1641207,6528,-122.93632507324219
1772673400.4285736,6529,-228.71873474121094
1772673403.4520812,6530,-110.35993957519531
1772673407.5147898,6531,-136.0716552734375
1772673416.991834,6532,-69.51031494140625
1772673434.3420546,6533,-15.605768203735352
1772673438.6035218,6534,-18.70013427734375
1772673445.604132,6535,54.755027770996094
1772673451.3967576,6536,-22.820802688598633
1772673461.1905699,6537,-150.24716186523438
1772673465.3945773,6538,-24.315906524658203
1772673471.87756,6539,-44.54024887084961
1772673474.4917967,6540,-111.66224670410156
1772673491.462104,6541,-103.287109375
1772673519.283635,6542,-138.17762756347656
1772673529.1629362,6543,-67.49071502685547
1772673544.4841614,6544,6.628818511962891
1772673552.9333408,6545,60.015594482421875
1772673557.2858293,6546,-42.899436950683594
1772673561.340038,6547,-40.591304779052734
1772673577.6367874,6548,-138.70745849609375
1772673584.745576,6549,-52.46222686767578
1772673599.6533353,6550,15.912989616394043
1772673622.3748465,6551,-44.62873458862305
1772673745.2333639,6552,-58.03478240966797
1772673748.9017217,6553,-20.947345733642578
1772673752.696093,6554,-19.62529182434082
1772673785.5631711,6555,-307.6340637207031
1772673791.3317583,6556,-30.005985260009766
1772673801.8007593,6557,-164.6796112060547
1772673810.4202595,6558,-63.542972564697266
1772673817.3401194,6559,-59.926876068115234
1772673828.8144698,6560,-51.01679229736328
1772673834.1587193,6561,-29.275697708129883
1772673837.572008,6562,-32.99222946166992
1772673845.1167343,6563,-67.4395751953125
1772673856.4432406,6564,-93.74095153808594
1772673862.4424157,6565,-31.67318344116211
1772673882.694492,6566,-145.90902709960938
1772673889.7014961,6567,-41.66555404663086
1772673893.1068132,6568,-34.58935546875
1772673905.0431654,6569,-80.46871185302734
1772673928.6026511,6570,-56.09864044189453
1772673943.190062,6571,-85.24356079101562
1772673952.2302444,6572,-81.68699645996094
1772673955.857355,6573,-24.363845825195312
1772673958.883877,6574,-130.930419921875
1772673965.5968027,6575,-41.950374603271484
1772673969.1303568,6576,-25.773223876953125
1772673976.6573398,6577,-164.19805908203125
1772673980.2742527,6578,-17.838823318481445
1772673990.7584448,6579,42.61779022216797
1772673997.7889466,6580,-44.630489349365234
1772674001.3406842,6581,-20.957313537597656
1772674012.8824978,6582,-121.17694854736328
1772674019.3886878,6583,-55.5306282043457
1772674028.284606,6584,-69.95462799072266
1772674047.8766563,6585,-161.5910186767578
1772674149.0202446,6586,-29.697853088378906
1772674158.3448758,6587,-58.98758316040039
1772674163.4830022,6588,-142.83932495117188
1772674170.962596,6589,-50.87752151489258
1772674186.6734407,6590,-247.9718780517578
1772674207.8442645,6591,-42.10818862915039
1772674225.9702125,6592,-121.20783233642578
1772674231.7628307,6593,-41.45978927612305
1772674236.7451608,6594,-29.533870697021484
1772674247.429612,6595,2.8994243144989014
1772674259.7062476,6596,-213.8908233642578
1772674263.6852305,6597,-32.247188568115234
1772674269.6101227,6598,-152.29595947265625
1772674278.4070442,6599,-176.24195861816406
1772674287.185725,6600,-60.80245590209961
1772674294.5560696,6601,-46.32880401611328
1772674300.293231,6602,-33.22163009643555
1772674303.7616029,6603,-30.207263946533203
1772674307.4515326,6604,-16.99827766418457
1772674317.4494345,6605,39.84107208251953
1772674330.215715,6606,-60.54179000854492
1772674359.6636431,6607,-120.84272003173828
1772674362.0775535,6608,-100.0
1772674365.7654257,6609,-22.592687606811523
1772674376.3065827,6610,-69.18312072753906
1772674380.6121228,6611,-16.857318878173828
1772674387.8773513,6612,-57.0873908996582
1772674396.005814,6613,-57.80228805541992
1772674396.807438,6614,-100.77068328857422
1772674409.660425,6615,-102.2628402709961
1772674415.9967952,6616,-50.41625213623047
1772674429.8624716,6617,3.7980756759643555
1772674450.3737931,6618,-26.2614688873291
1772674505.8358135,2,-116.67638397216797
1772674506.9087472,3,-102.48062133789062
1772674509.8878152,4,-126.21400451660156
1772674511.646168,5,-111.34738159179688
1772674513.7261791,6,-109.59202575683594
1772674520.3506384,7,-132.83290100097656
1772674522.6527584,8,-110.65994262695312
1772674528.7591817,9,-147.58628845214844
1772674533.629059,10,-149.24594116210938
1772674537.6184278,11,-118.78295135498047
1772674539.6046565,12,-113.612548828125
1772674544.8314538,13,-44.71036911010742
1772674549.1828973,14,-125.0650634765625
1772674552.220731,15,-118.62088775634766
1772674558.4557903,16,-149.3780975341797
1772674559.0695102,17,-101.27342224121094
1772674579.5829852,18,-146.32589721679688
1772674586.0810742,19,-142.5388641357422
1772674593.6878457,20,-166.0272674560547
1772674594.7410333,21,-105.11951446533203
1772674614.9470613,22,-140.75216674804688
1772674620.7311287,23,-144.08290100097656
1772674621.0849864,24,-100.0
1772674622.8785408,25,-108.7401351928711
1772674635.8069007,26,-204.33465576171875
1772674637.663226,27,-104.10131072998047
1772674644.036512,28,-35.6246452331543
1772674647.0114384,29,-117.24260711669922
1772674647.4210346,30,-100.97468566894531
1772674648.4723213,31,-109.87364959716797
1772674648.7567725,32,-100.44165802001953
1772674654.33194,33,-138.47085571289062
1772674658.1112018,34,-18.26720428466797
1772674659.2649071,35,-107.94779968261719
1772674659.4536765,36,-100.0
1772674667.2640338,37,61.77753448486328
1772674668.1277716,38,-101.19029235839844
1772674669.535158,39,-112.94158172607422
1772674679.6997025,40,-60.806175231933594
1772674688.8306382,41,-143.15577697753906
1772674690.1106257,42,-105.44902038574219
1772674702.1687367,43,-178.83377075195312
1772674703.306735,44,-101.55736541748047
1772674703.7068627,45,-102.37181091308594
1772674704.8802264,46,-107.34342193603516
1772674707.3900094,47,-119.08930969238281
1772674707.8692532,48,-102.54586029052734
1772674717.2843053,49,-167.9545135498047
1772674721.1190479,50,-26.75339698791504
1772674724.6714814,51,-20.414602279663086
1772674727.3588908,52,-113.26951599121094
1772674738.4606586,53,-178.83412170410156
1772674739.389422,54,-101.86824798583984
1772674739.8362272,55,-101.09495544433594
1772674743.307371,56,-130.30113220214844
1772674744.1575558,57,-104.19338989257812
1772674745.4823492,58,-109.02537536621094
1772674746.3982718,59,-106.67066955566406
1772674749.1191065,60,-120.2890396118164
1772674752.0339859,61,-109.76188659667969
1772674752.8248155,62,-102.4510498046875
1772674761.7067142,63,-169.44842529296875
1772674774.6769328,64,-183.4580078125
1772674776.1062853,65,-108.24689483642578
1772674778.6231081,66,-117.21722412109375
1772674779.2965283,67,-103.12676239013672
1772674781.4079008,68,-110.69477081298828
1772674783.1672215,69,-108.70848846435547
1772674786.077271,70,-125.97644805908203
1772674788.5413523,71,-111.74949645996094
1772674788.9380875,72,-100.52806091308594
1772674790.8679926,73,-115.9842758178711
1772674791.7423604,74,-104.20648193359375
1772674794.0868175,75,-109.4590072631836
1772674798.0766528,76,-132.5074005126953
1772674800.4034178,77,-114.06180572509766
1772674800.9379842,78,-101.97058868408203
1772674802.431181,79,-109.36988830566406
1772674804.9249983,80,-119.30781555175781
1772674805.428132,81,-102.59808349609375
1772674807.58072,82,-111.16864013671875
1772674812.1595767,83,-136.623291015625
1772674817.1500347,84,-126.4930191040039
1772674825.3064337,85,-145.8588409423828
1772674827.8638163,86,-110.87749481201172
1772674833.901656,87,-143.41334533691406
1772674836.7296252,88,-113.5854721069336
1772674843.231573,89,-135.81640625
1772674931.8073022,90,-110.63750457763672
1772674935.5828714,91,-120.65325927734375
1772674937.4726539,92,-106.52549743652344
1772674939.711305,93,-106.68280029296875
1772674943.1968002,94,-117.52246856689453
1772674945.0448022,95,-113.98772430419922
1772674947.1347427,96,-113.46171569824219
1772674957.4048831,97,-63.318153381347656
1772674961.886968,98,-123.60697937011719
1772674963.7421389,99,-107.47200775146484
1772674964.7671137,100,-107.38947296142578
1772674968.0325334,101,-125.62310791015625
1772674973.1485274,102,-132.9237060546875
1772674977.1822917,103,-123.90882873535156
1772674977.5969532,104,-100.5710678100586
1772674979.7087054,105,-106.79690551757812
1772674981.724927,106,-112.97528839111328
1772674992.8316765,107,-80.29085540771484
1772675001.8860364,108,-153.54209899902344
1772675002.7322023,109,-101.83757781982422
1772675004.3173385,110,-110.2672348022461
1772675005.6841352,111,-103.12199401855469
1772675006.2297034,112,-102.17535400390625
1772675006.429731,113,-100.40219116210938
1772675006.6211302,114,-100.22119140625
1772675007.166582,115,-101.13963317871094
1772675010.7675502,116,-122.0962905883789
1772675013.1183891,117,-108.55078125
1772675017.0319467,118,-137.35757446289062
1772675023.7113523,119,-144.58773803710938
1772675030.4466627,120,-148.67071533203125
1772675032.1618783,121,-111.08255767822266
1772675042.3651423,122,-96.66483306884766
1772675044.540291,123,-107.00239562988281
1772675045.6944656,124,-112.67282104492188
1772675048.286635,125,-116.10958099365234
1772675053.4389496,126,-133.29957580566406
1772675054.8452888,127,-104.75623321533203
1772675057.599506,128,-115.60001373291016
1772675058.9746733,129,-110.96368408203125
1772675060.2871969,130,-103.56634521484375
1772675064.0612252,131,-122.451904296875
1772675067.477082,132,-28.96900177001953
1772675069.5981941,133,-114.54067993164062
1772675080.1273904,134,-175.14129638671875
1772675082.05423,135,-110.06962585449219
1772675083.3571043,136,-108.25779724121094
1772675084.5102363,137,-108.1160659790039
1772675086.8150265,138,-106.4502182006836
1772675087.1995015,139,-101.06096649169922
1772675088.6700778,140,-113.9263916015625
1772675090.8838868,141,-114.44593811035156
1772675093.95016,142,-126.19947052001953
1772675094.2702105,143,-100.0
1772675094.5258195,144,-100.9463882446289
1772675094.7813716,145,-100.99124908447266
1772675098.335334,146,-122.03207397460938
1772675103.9640992,147,-132.2720184326172
1772675107.1339936,148,83.32219696044922
1772675108.1590528,149,-104.28675842285156
1772675111.1025856,150,-119.54898834228516
1772675112.1924565,151,-104.35964965820312
1772675116.4778025,152,-32.92176818847656
1772675122.9590886,153,-140.78443908691406
1772675132.2840714,154,-169.02992248535156
1772675133.54721,155,-102.75377655029297
1772675133.8730593,156,-100.67249298095703
1772675135.1247272,157,-110.72281646728516
1772675137.4285522,158,-120.50145721435547
1772675138.0463412,159,-101.96862030029297
1772675143.5513027,160,-135.65969848632812
1772675150.2071874,161,-60.08920669555664
1772675151.6779952,162,-104.8677978515625
1772675160.3822896,163,-62.93984603881836
1772675164.3486884,164,-120.59475708007812
1772675164.6476498,165,-100.0
1772675167.058568,166,-117.56061553955078
1772675171.6369982,167,-131.27536010742188
1772675173.0852506,168,-104.99952697753906
1772675174.1326725,169,-106.56977081298828
1772675174.3115492,170,-100.0
1772675174.5600774,171,-101.38018035888672
1772675174.942534,172,-100.62682342529297
1772675182.4010992,173,-140.1718292236328
1772675185.2137973,174,-114.2447280883789
1772675185.6481917,175,-101.15804290771484
1772675188.6048763,176,-126.83429718017578
1772675188.871418,177,-100.0
1772675199.5511358,178,-164.97775268554688
1772675206.5904343,179,-48.070491790771484
1772675216.7639575,180,-60.06581115722656
1772675218.5580947,181,-106.65753936767578
1772675219.6466417,182,-105.2795181274414
1772675222.7572732,183,-127.49141693115234
1772675224.445919,184,-118.6264877319336
1772675226.5266838,185,-109.7842025756836
1772675227.1232457,186,-102.3265380859375
1772675229.7264514,187,-117.5912857055664
1772675233.2359467,188,-120.59326934814453
1772675241.405732,189,-149.0272216796875
1772675243.51974,190,-117.67632293701172
1772675246.366266,191,-116.75044250488281
1772675249.6286583,192,-21.08205795288086
1772675264.0320504,193,-205.67474365234375
1772675324.3181489,194,-120.06678771972656
1772675326.9754636,195,-115.5317153930664
1772675330.6540952,196,87.34867858886719
1772675332.9798687,197,-109.35547637939453
1772675335.9247313,198,-120.98391723632812
1772675337.9888299,199,-116.97166442871094
1772675349.0893006,200,-164.05465698242188
1772675351.7010455,201,-106.04966735839844
1772675352.224184,202,-101.76033020019531
1772675352.704024,203,-102.89061737060547
1772675355.8070602,204,-122.02630615234375
1772675356.4781082,205,-102.68888092041016
1772675357.6884649,206,-109.8646469116211
1772675357.8868954,207,-100.0
1772675358.8148158,208,-107.66993713378906
1772675365.7080798,209,-147.49021911621094
1772675366.2436795,210,-100.40489959716797
1772675367.486084,211,-113.13880920410156
1772675370.7731829,212,-28.140625
1772675375.9978096,213,-128.59521484375
1772675377.6055868,214,-111.81268310546875
1772675380.7358027,215,-125.22969055175781
1772675384.2235668,216,-120.07589721679688
1772675386.908481,217,-120.01020812988281
1772675390.1092503,218,-118.19905853271484
1772675396.6655734,219,-138.8904571533203
1772675406.238747,220,-156.6085662841797
1772675407.2308471,221,-102.89002990722656
1772675414.4631314,222,-159.32484436035156
1772675421.009893,223,-32.823551177978516
1772675422.2040286,224,-103.5322036743164
1772675423.996784,225,-111.30026245117188
1772675425.8755693,226,-105.29842376708984
1772675426.7400148,227,-104.80508422851562
1772675427.5041623,228,-104.95572662353516
1772675427.732861,229,-100.3531494140625
1772675429.2774076,230,-108.4107666015625
1772675431.4760785,231,-112.4681167602539
1772675431.8375838,232,-101.20291900634766
1772675437.341344,233,-134.85862731933594
1772675439.0019977,234,-105.25458526611328
1772675441.2795274,235,-108.68513488769531
1772675441.7268991,236,-101.78291320800781
1772675449.3753512,237,-153.83351135253906
1772675451.3807552,238,-109.36688995361328
1772675453.954639,239,-110.94229125976562
1772675458.2596765,240,-124.6742172241211
1772675461.6522348,241,-21.76950454711914
1772675464.372033,242,-122.90364074707031
1772675471.0062935,243,-134.65533447265625
1772675471.6828482,244,-100.29393005371094
1772675475.0519464,245,-117.75787353515625
1772675475.893534,246,-103.90557861328125
1772675476.1258621,247,-100.6973876953125
1772675477.5669918,248,-113.5718994140625
1772675480.5103028,249,-112.25531005859375
1772675483.1477132,250,-117.26249694824219
1772675487.2954893,251,-129.7284393310547
1772675487.6460822,252,-100.0
1772675488.765605,253,-107.67462921142578
1772675489.6932342,254,-108.04505157470703
1772675491.650697,255,-110.8048324584961
1772675493.4283543,256,-112.73802185058594
1772675493.7580457,257,-100.65962219238281
1772675494.1229339,258,-101.6555404663086
1772675497.6485977,259,-118.3829345703125
1772675499.967592,260,-114.93392181396484
1772675507.7471218,261,-136.46197509765625
1772675509.9175372,262,-113.41008758544922
1772675510.2071009,263,-100.8423080444336
1772675510.9972932,264,-103.52416229248047
1772675512.284488,265,-107.48639678955078
1772675512.5323725,266,-100.4745864868164
1772675513.5014343,267,-103.59854125976562
1772675514.750801,268,-106.08358764648438
1772675515.188835,269,-102.3150863647461
1772675517.37357,270,-119.6610107421875
1772675518.275663,271,-102.18932342529297
1772675523.2636144,272,-136.97097778320312
1772675524.349401,273,-104.97982025146484
1772675525.214736,274,-107.36746978759766
1772675525.7312505,275,-102.72118377685547
1772675526.3645182,276,-103.82034301757812
1772675526.9079719,277,-103.01041412353516
1772675534.654776,278,-145.70135498046875
1772675541.3731375,279,-157.10543823242188
1772675542.9084456,280,-104.77050018310547
1772675543.2679787,281,-100.90982818603516
1772675544.7326577,282,-112.47391510009766
1772675548.9251263,283,-133.40911865234375
1772675552.2542417,284,-112.85346984863281
1772675554.3968241,285,-113.11442565917969
1772675558.1744583,286,-119.07659149169922
1772675559.6791494,287,-104.62560272216797
1772675563.6365983,288,-123.151123046875
1772675564.3816016,289,-102.08000946044922
1772675564.8937576,290,-101.2154541015625
1772675567.0711267,291,-109.50706481933594
1772675576.1897264,292,-173.15591430664062
1772675579.083024,293,-120.12188720703125
1772675580.0315394,294,-103.32923889160156
1772675581.2993941,295,-109.40625762939453
1772675583.1990514,296,-119.33351135253906
1772675586.303327,297,-127.5054702758789
1772675592.671439,298,-156.82351684570312
1772675593.716911,299,-105.2174301147461
1772675594.336266,300,-103.75891876220703
1772675594.5588775,301,-100.62364196777344
1772675597.0229907,302,-121.56295776367188
1772675598.2070305,303,-105.6622314453125
1772675600.3818624,304,-105.4966049194336
1772675603.2288668,305,-114.94745635986328
1772675606.5900812,306,-20.472410202026367
1772675607.604901,307,-103.78986358642578
1772675609.541568,308,-117.40056610107422
1772675609.839444,309,-100.1966552734375
1772675611.9812534,310,-118.21192169189453
1772675614.5582206,311,-113.3288345336914
1772675615.994963,312,-112.61322784423828
1772675616.8439116,313,-104.42096710205078
1772675617.0819721,314,-100.2348403930664
1772675620.4471893,315,-120.33731842041016
1772675622.6555402,316,-113.36061096191406
1772675623.0391963,317,-100.6688003540039
1772675623.7428155,318,-102.83251953125
1772675627.2209718,319,-115.99612426757812
1772675627.7427843,320,-100.76363372802734
1772675629.407492,321,-110.37198638916016
1772675629.951526,322,-101.64075469970703
1772675632.691537,323,-116.86138153076172
1772675637.1567392,324,-130.5729217529297
1772675637.8365662,325,-100.56974029541016
1772675638.942124,326,-107.46765899658203
1772675641.4927328,327,-117.2008285522461
1772675641.8129447,328,-100.0719223022461
1772675642.0783122,329,-101.11869812011719
1772675642.206125,330,-100.0
1772675643.7428093,331,-113.05857849121094
1772675644.6274962,332,-105.6671371459961
1772675647.7741885,333,-131.8402862548828
1772675648.1017582,334,-100.0
1772675649.2479596,335,-107.62516021728516
1772675649.9520946,336,-104.96562194824219
1772675652.5103114,337,-121.65730285644531
1772675654.3990133,338,-112.90068054199219
1772675682.6322324,339,-101.91211700439453
1772675684.1272542,340,-113.79808807373047
1772675691.2615223,341,-141.7443389892578
1772675692.5005975,342,-106.24567413330078
1772675693.7029128,343,-109.00514221191406
1772675696.9526055,344,-28.21459197998047
1772675700.3727498,345,-114.18048858642578
1772675701.9728034,346,-109.88886260986328
1772675706.1108124,347,-124.601318359375
1772675709.405248,348,-114.60001373291016
1772675710.2065332,349,-100.96508026123047
1772675712.9270425,350,-110.74854278564453
1772675716.7674832,351,-128.90298461914062
1772675719.134795,352,-108.7485580444336
1772675720.920848,353,-116.50800323486328
1772675722.8772585,354,-109.79810333251953
1772675726.1421087,355,-31.192808151245117
1772675728.509513,356,-117.83348083496094
1772675729.7400503,357,-112.54779815673828
1772675731.0513642,358,-110.20413970947266
1772675732.2237613,359,-111.52217864990234
1772675739.6467133,360,-162.71990966796875
1772675742.9106932,361,-113.42604064941406
1772675744.3843668,362,-105.7958755493164
1772675744.7988405,363,-100.36052703857422
1772675745.6931636,364,-103.678466796875
1772675752.8302917,365,-152.89109802246094
1772675757.0229552,366,-138.0542449951172
1772675763.4852016,367,-137.6847686767578
1772675766.8463485,368,-130.08534240722656
1772675767.998184,369,-108.47889709472656
1772675772.5106316,370,-140.70510864257812
1772675772.9627159,371,-100.72019958496094
1772675777.0553625,372,-118.41901397705078
1772675779.26392,373,-108.2267837524414
1772675779.647753,374,-100.4396743774414
1772675779.9029725,375,-101.26028442382812
1772675783.8284662,376,-139.99256896972656
1772675784.5150323,377,-102.91048431396484
1772675787.6779516,378,-120.23149108886719
1772675788.157661,379,-100.99931335449219
1772675788.2861886,380,-100.0
1772675789.4696798,381,-110.64680480957031
1772675789.8451302,382,-101.28595733642578
1772675793.7891302,383,-121.70697784423828
1772675795.519825,384,-109.81840515136719
1772675796.8612204,385,-104.93801879882812
1772675797.1042855,386,-100.66471099853516
1772675797.310823,387,-100.45217895507812
1772675797.9518082,388,-104.88473510742188
1772675801.7594376,389,-127.54014587402344
1772675804.4153252,390,-121.50321960449219
1772675806.655312,391,-115.41085815429688
1772675809.2469306,392,-122.53045654296875
1772675813.9636955,393,-133.23936462402344
1772675817.3415422,394,-128.09048461914062
1772675821.3048182,395,-119.2721176147461
1772675822.8194947,396,-109.9349365234375
1772675823.0136402,397,-100.0
1772675824.9113455,398,-117.2095947265625
1772675825.5985184,399,-102.81208038330078
1772675826.0875847,400,-102.64698791503906
1772675828.2229292,401,-105.9791030883789
1772675828.5749884,402,-100.55622100830078
1772675832.1599824,403,-135.6471405029297
1772675835.2644029,404,-111.5904541015625
1772675835.701642,405,-100.53714752197266
1772675837.0228143,406,-106.42879486083984
1772675839.9674013,407,-117.89635467529297
1772675841.598477,408,-109.29488372802734
1772675841.9820104,409,-101.2686996459961
1772675842.1116138,410,-100.0
1772675843.3481302,411,-104.83013916015625
1772675845.4386134,412,-121.40386962890625
1772675849.075715,413,-124.22811889648438
1772675853.0870419,414,-127.39997100830078
1772675855.3914878,415,-115.09950256347656
1772675857.69281,416,-119.51563262939453
1772675869.7580528,417,-184.93431091308594
1772675873.8773263,418,-22.775606155395508
1772675877.5475504,419,-124.0552978515625
1772675881.2050335,420,-130.71250915527344
1772675882.1866417,421,-106.19950866699219
1772675890.5270562,422,-158.5951690673828
1772675895.1679616,423,-128.68858337402344
1772675896.15745,424,-104.38789367675781
1772675897.7270384,425,-106.80740356445312
1772675899.4222417,426,-114.66915130615234
1772675904.6640987,427,-130.94711303710938
1772675907.870386,428,-123.81613159179688
1772675916.4053888,429,-153.71212768554688
1772675918.6545334,430,-116.25248718261719
1772675919.7095163,431,-105.30475616455078
1772675921.2799263,432,-108.9256591796875
1772675921.5035515,433,-100.0
1772675925.6617723,434,-123.26202392578125
1772675926.04641,435,-100.0
1772675929.694911,436,-124.99374389648438
1772675933.0522087,437,-111.19061279296875
1772675935.6681917,438,-117.05728912353516
1772675938.525863,439,-113.47834014892578
1772675938.846228,440,-100.6231460571289
1772675944.2266965,441,-144.0602569580078
1772675946.7503817,442,-122.16287994384766
1772675951.262972,443,-129.41355895996094
1772675953.6296487,444,-119.6299057006836
1772675955.4878485,445,-110.64883422851562
1772675955.999012,446,-100.68714141845703
1772675957.0226107,447,-104.65504455566406
1772675959.261827,448,-120.57897186279297
1772675964.1589673,449,-141.19468688964844
1772675966.6039646,450,-114.40580749511719
1772675968.7889981,451,-112.04843139648438
1772675970.581148,452,-107.78861236572266
1772675970.8466127,453,-100.2153549194336
1772675972.7016878,454,-112.2209243774414
1772675979.615002,455,-140.71636962890625
1772675986.079205,456,-48.160465240478516
1772675988.1282141,457,-105.63484954833984
1772675988.448495,458,-100.76061248779297
1772675988.702913,459,-100.88702392578125
1772675988.9582074,460,-100.88723754882812
1772675990.109563,461,-102.09727478027344
1772675991.006358,462,-103.49226379394531
1772675992.3077376,463,-109.80671691894531
1772675992.9906065,464,-103.07805633544922
1772675995.1652045,465,-113.48706817626953
1772675995.7421641,466,-103.30504608154297
1772675998.9415412,467,-127.70800018310547
1772676000.8840008,468,-109.51377868652344
1772676001.2773154,469,-102.11336517333984
1772676010.2712686,470,-154.49636840820312
1772676011.0711577,471,-100.38470458984375
1772676011.5205503,472,-102.24971008300781
1772676012.3172586,473,-105.29786682128906
1772676017.3764536,474,-134.75917053222656
1772676017.98342,475,-100.46076965332031
1772676018.9091592,476,-106.06959533691406
1772676069.8534696,477,-107.9287338256836
1772676072.415516,478,-117.92633056640625
1772676072.8636525,479,-100.01866912841797
1772676076.5741584,480,-129.6146697998047
1772676081.0552576,481,-131.33631896972656
1772676082.1645906,482,-105.49810028076172
1772676083.892722,483,-113.24687194824219
1772676084.1620004,484,-100.40265655517578
1772676084.3509076,485,-100.37455749511719
1772676084.701599,486,-102.08242797851562
1772676086.6912007,487,-116.12818908691406
1772676089.0221999,488,-117.34315490722656
1772676089.3753524,489,-101.45555114746094
1772676092.4354982,490,-117.50418853759766
1772676092.7329812,491,-100.0
1772676095.9710407,492,-16.260990142822266
1772676097.812047,493,-112.20854949951172
1772676098.910476,494,-106.95861053466797
1772676100.1169467,495,-103.8148193359375
1772676100.5745494,496,-100.79328918457031
1772676110.8029144,497,-168.32249450683594
1772676111.5499527,498,-100.0
1772676114.588342,499,-120.48774719238281
1772676115.7236676,500,-110.21041870117188
1772676116.6641653,501,-108.55661010742188
1772676119.164343,502,-116.7096939086914
1772676120.1582494,503,-103.68408203125
1772676121.3323693,504,-104.79521179199219
1772676123.5406966,505,-118.33686065673828
1772676125.7725315,506,-117.31978607177734
1772676127.100541,507,-105.39334106445312
1772676127.2753477,508,-100.0
1772676127.6262352,509,-102.28717803955078
1772676131.6786854,510,-120.33734893798828
1772676132.1162083,511,-100.65149688720703
1772676132.3200674,512,-100.25907897949219
1772676136.4788473,513,-128.30795288085938
1772676136.870744,514,-100.0
1772676139.7106423,515,-122.87053680419922
1772676140.7248638,516,-102.0743408203125
1772676145.6615508,517,-134.05738830566406
1772676146.333684,518,-102.01704406738281
1772676146.9003508,519,-104.37037658691406
1772676147.0618656,520,-100.0
1772676147.800259,521,-105.06136322021484
1772676148.7650073,522,-103.60853576660156
1772676150.6347718,523,-105.23255920410156
1772676151.4222758,524,-102.55152130126953
1772676157.01272,525,-144.82427978515625
1772676157.4515574,526,-100.0
1772676159.2000914,527,-115.36530303955078
1772676160.3513448,528,-106.8623046875
1772676163.998812,529,-118.55695343017578
1772676165.9512131,530,-104.55419158935547
1772676166.1745818,531,-100.0
1772676167.1345987,532,-104.96043395996094
1772676168.3196099,533,-107.58509826660156
1772676168.5109203,534,-100.0
1772676170.367942,535,-105.6364517211914
1772676170.740746,536,-100.75506591796875
1772676176.800722,537,-155.77354431152344
1772676177.2845073,538,-100.0
1772676179.8698783,539,-116.31690216064453
1772676180.8846302,540,-102.37622833251953
1772676181.368507,541,-103.16046905517578
1772676184.5086324,542,-120.26380157470703
1772676185.3093214,543,-101.30909729003906
1772676188.2877018,544,-114.84231567382812
1772676189.056031,545,-103.44080352783203
1772676190.1328294,546,-108.1205062866211
1772676196.5418382,547,-136.3389892578125
1772676197.2477303,548,-100.97394561767578
1772676204.3172088,549,-159.49200439453125
1772676208.4769387,550,-121.7032470703125
1772676211.838297,551,-120.50733184814453
1772676214.0915413,552,-119.1841049194336
1772676215.3883321,553,-113.16830444335938
1772676216.6288464,554,-105.98429107666016
1772676218.7200549,555,-112.82894897460938
1772676221.2773707,556,-120.8754653930664
1772676222.7822576,557,-110.92211151123047
1772676223.2945538,558,-101.69835662841797
1772676228.9269543,559,-129.0313262939453
1772676239.326216,560,-173.1779327392578
1772676249.8610568,561,-64.72711944580078
1772676253.2147663,562,-110.46435546875
1772676254.9754226,563,-105.79031372070312
1772676256.8961997,564,-112.74433135986328
1772676261.2794728,565,-126.30748748779297
1772676261.8586576,566,-102.49506378173828
1772676262.0458038,567,-100.06217193603516
1772676266.485112,568,-120.75483703613281
1772676269.915763,569,-27.927366256713867
1772676275.420904,570,-141.86239624023438
1772676282.7589285,571,-143.7625274658203
1772676283.7437036,572,-102.39759826660156
1772676286.1434157,573,-114.8441162109375
1772676290.3365517,574,-127.29136657714844
1772676294.571195,575,-127.11500549316406
1772676294.9433124,576,-100.0
1772676295.197898,577,-101.6073226928711
1772676297.2149613,578,-113.21986389160156
1772676297.6960385,579,-100.64620208740234
1772676309.3756275,580,-178.7061004638672
1772676316.6708877,581,-140.21929931640625
1772676317.4709227,582,-102.20722198486328
1772676322.9007785,583,-133.6796875
1772676325.9495845,584,-121.45965576171875
1772676326.2142205,585,-100.0
1772676326.333722,586,-100.0
1772676326.4622996,587,-100.0
1772676330.6686137,588,-132.56800842285156
1772676331.1889026,589,-101.63024139404297
1772676332.862496,590,-114.68452453613281
1772676333.0873737,591,-100.0
1772676338.3995838,592,-121.53759765625
1772676341.2468338,593,-121.91403198242188
1772676343.773935,594,-114.95840454101562
1772676354.654212,595,-174.03016662597656
1772676360.2216263,596,-124.7054443359375
1772676361.59821,597,-105.08130645751953
1772676366.4523032,598,-151.46017456054688
1772676367.9714508,599,-104.56157684326172
1772676368.318045,600,-101.07009887695312
1772676371.679427,601,-113.0537338256836
1772676372.1600978,602,-100.75691223144531
1772676374.0138962,603,-111.37078094482422
1772676375.7010095,604,-109.45169067382812
1772676376.3820925,605,-105.12468719482422
1772676376.606979,606,-100.49765014648438
1772676378.0810728,607,-111.80828094482422
1772676389.309682,608,-162.41928100585938
1772676392.9110134,609,-127.56649780273438
1772676393.222197,610,-100.0
1772676398.7506402,611,-140.05104064941406
1772676400.4144213,612,-107.60254669189453
1772676401.2473223,613,-102.10182189941406
1772676403.1995988,614,-117.1401138305664
1772676406.709835,615,-118.84539031982422
1772676533.5486972,616,-158.3540802001953
1772676538.7823334,617,-33.04408264160156
1772676541.077066,618,-115.72834777832031
1772676545.0772605,619,-123.94500732421875
1772676545.4701452,620,-100.54000091552734
1772676546.876844,621,-104.55815124511719
1772676547.0729642,622,-100.0
1772676547.6465766,623,-103.4598159790039
1772676547.9356916,624,-100.94369506835938
1772676551.16783,625,-123.76363372802734
1772676556.1667225,626,-123.07842254638672
1772676558.112926,627,-107.94932556152344
1772676560.3194711,628,-112.21102905273438
1772676566.3249068,629,-135.1446990966797
1772676567.7005208,630,-108.87590026855469
1772676569.1552129,631,-110.69497680664062
1772676572.1904323,632,-117.48892974853516
1772676572.5103767,633,-100.25212860107422
1772676572.6369464,634,-100.0
1772676578.5851219,635,-136.75746154785156
1772676582.9744015,636,-124.1060562133789
1772676585.184461,637,-108.59475708007812
1772676590.5910537,638,-145.48971557617188
1772676591.4211054,639,-102.15785217285156
1772676592.6728673,640,-107.6826400756836
1772676592.9732962,641,-100.94811248779297
1772676593.3421605,642,-99.98297119140625
1772676596.3814723,643,-121.51375579833984
1772676606.2717338,644,-192.7948760986328
1772676606.9203796,645,-100.0
1772676609.7589421,646,-119.07685852050781
1772676611.070231,647,-108.18534088134766
1772676614.0155342,648,-119.76420593261719
1772676615.4241943,649,-109.81857299804688
1772676615.6253545,650,-100.0
1772676616.5101314,651,-107.00071716308594
1772676616.7021873,652,-100.0
1772676619.2317202,653,-112.82539367675781
1772676622.611991,654,-24.052087783813477
1772676624.1252377,655,-108.4041976928711
1772676624.3241506,656,-100.0
1772676625.150335,657,-105.0486831665039
1772676625.3141139,658,-100.0
1772676625.949603,659,-104.26214599609375
1772676626.1739728,660,-100.77734375
1772676628.0846019,661,-118.44317626953125
1772676629.2768662,662,-105.85232543945312
1772676631.4861112,663,-106.66522216796875
1772676636.3180623,664,-142.76841735839844
1772676637.314309,665,-105.73277282714844
1772676637.5341609,666,-100.5654525756836
1772676639.137337,667,-108.19735717773438
1772676643.9652889,668,-126.4069595336914
1772676644.8949215,669,-104.8397445678711
1772676645.6954305,670,-104.6028823852539
1772676649.3431869,671,-120.77919006347656
1772676651.8023658,672,-114.39634704589844
1772676652.1815987,673,-101.2245864868164
1772676653.6300552,674,-108.27548217773438
1772676654.0094163,675,-101.5498275756836
1772676654.207092,676,-99.856689453125
1772676655.94274,677,-109.6075439453125
1772676657.635272,678,-114.59146881103516
1772676658.6211414,679,-102.44775390625
1772676659.902345,680,-109.1965103149414
1772676662.4114916,681,-111.61907196044922
1772676664.0934577,682,-110.00176239013672
1772676664.2930164,683,-100.0
1772676667.069428,684,-117.8302230834961
1772676671.1852746,685,-129.94334411621094
1772676675.8453243,686,-130.18753051757812
1772676677.9249077,687,-107.91486358642578
1772676680.8308256,688,-122.7855453491211
1772676682.3970075,689,-106.08071899414062
1772676684.9002697,690,-115.98587036132812
1772676688.418181,691,-118.7061996459961
1772676695.545343,692,-129.25938415527344
1772676698.0790942,693,-115.91036987304688
1772676700.3195193,694,-116.53626251220703
1772676700.8304787,695,-102.67196655273438
1772676703.6785288,696,-123.18791198730469
1772676704.7568614,697,-104.05248260498047
1772676705.6324189,698,-105.78543853759766
1772676705.9512188,699,-100.8765869140625
1772676709.0938911,700,-119.49989318847656
1772676709.4387279,701,-100.0
1772676709.6316016,702,-100.51506805419922
1772676710.366032,703,-101.88536834716797
1772676713.2035117,704,-116.24297332763672
1772676717.6628537,705,-122.16587829589844
1772676722.5474746,706,-141.2316436767578
1772676723.3558638,707,-102.62539672851562
1772676724.1569176,708,-102.94253540039062
1772676726.5263166,709,-108.7214126586914
1772676737.8223972,710,-167.04757690429688
1772676739.9672792,711,-112.00933837890625
1772676741.5723717,712,-112.88652801513672
1772676741.8366396,713,-100.6438217163086
1772676742.1425645,714,-101.42549133300781
1772676744.7017365,715,-118.56497955322266
1772676747.6181605,716,-117.90779876708984
1772676752.691957,717,-144.08474731445312
1772676753.0854547,718,-100.0
1772676754.61293,719,-111.6518783569336
1772676757.9839838,720,-119.88921356201172
1772676760.5764265,721,-112.08477783203125
1772676760.9271355,722,-100.57334899902344
1772676762.878898,723,-112.27300262451172
1772676763.4554856,724,-101.57093811035156
1772676766.4310997,725,-116.54472351074219
1772676766.8158062,726,-100.35636901855469
1772676769.85473,727,-117.72589874267578
1772676771.642071,728,-112.36344146728516
1772676772.9888535,729,-113.16526794433594
1772676775.800495,730,-120.84081268310547
1772676778.428965,731,-125.14488983154297
1772676780.2867317,732,-115.51276397705078
1772676780.924243,733,-102.16920471191406
1772676782.9094386,734,-106.58004760742188
1772676784.6384392,735,-112.42742919921875
1772676787.2851238,736,-111.83024597167969
1772676787.7105694,737,-99.82345581054688
1772676789.517069,738,-110.6880111694336
1772676795.5513303,739,-141.66978454589844
1772676796.4792566,740,-103.7511215209961
1772676798.0138657,741,-111.48808288574219
1772676803.2939208,742,-24.007070541381836
1772676809.053829,743,-129.41795349121094
1772676812.4442227,744,-19.55719566345215
1772676817.3748236,745,-129.1414337158203
1772676817.857081,746,-100.5999984741211
1772676818.1750689,747,-100.56568145751953
1772676823.5502942,748,-133.21261596679688
1772676825.694782,749,-106.07157135009766
1772676833.7781177,750,-150.49110412597656
1772676836.101258,751,-109.03987121582031
1772676841.7397099,752,-131.03158569335938
1772676844.2227547,753,-116.28760528564453
1772676844.605747,754,-101.43170928955078
1772676850.36854,755,-129.86441040039062
1772676855.5191488,756,-140.00035095214844
1772676858.0805798,757,-117.46343994140625
1772676858.5913587,758,-100.77701568603516
1772676858.8463728,759,-101.07330322265625
1772678970.583399,2,-117.49824523925781
1772678970.9620118,3,-100.0
1772678971.89024,4,-107.06817626953125
1772678974.9380605,5,-16.574262619018555
1772678978.0781083,6,-22.088205337524414
1772678993.8343198,7,-206.71197509765625
1772679003.9689288,8,-191.6664276123047
1772679021.71637,9,-224.4314727783203
1772679025.8576784,10,-27.418794631958008
1772679035.5697246,11,-175.80654907226562
1772679038.31413,12,-124.3033676147461
1772679043.753222,13,-155.53665161132812
1772679069.5228868,14,-330.13214111328125
1772679075.2377992,15,-145.3611297607422
1772679092.8513353,16,-120.5538330078125
1772679100.0312657,17,-44.93727111816406
1772679106.7730262,18,-157.8579864501953
1772679108.8432198,19,-115.91433715820312
1772679124.1973648,20,-254.8021697998047
1772679126.2088819,21,-110.45654296875
1772679130.5048428,22,-149.23751831054688
1772679134.157084,23,-137.3094940185547
1772679136.3300045,24,-119.67861938476562
1772679139.109293,25,-123.51441192626953
1772679144.45771,26,-28.49505615234375
1772679157.2244856,27,-189.54502868652344
1772679161.3533711,28,-132.67845153808594
1772679163.0173218,29,-116.38838195800781
1772679170.795351,30,-53.32453918457031
1772679175.811191,31,-24.096073150634766
1772679184.4735637,32,-179.93276977539062
1772679197.1696382,33,-191.19361877441406
1772679214.0986795,34,-19.26784896850586
1772679226.168289,35,-191.76004028320312
1772679259.3500938,36,-238.6947784423828
1772679267.84971,37,-46.89537811279297
1772679279.361038,38,-179.17596435546875
1772679542.39165,39,-250.64950561523438
1772679560.603341,40,-214.7960662841797
1772679565.3214147,41,-137.5271453857422
1772679572.8280222,42,-166.3306121826172
1772679588.3455384,43,-131.5423126220703
1772679589.395204,44,-100.37113189697266
1772679593.5686142,45,-40.11236572265625
1772679614.3288488,46,-149.46156311035156
1772679634.4424531,47,-124.93372344970703
1772679639.8895602,48,-32.97657775878906
1772679644.5356224,49,-129.35084533691406
1772679648.7066307,50,-25.753149032592773
1772679649.223611,51,-101.0197982788086
1772679650.0680819,52,-109.11326599121094
1772679656.9148805,53,-36.85130310058594
1772679664.594945,54,-169.21791076660156
1772679680.980498,55,-228.41729736328125
1772679687.9464643,56,-153.1505584716797
1772679690.4754956,57,-120.36872863769531
1772679694.7547095,58,-40.70893859863281
1772679706.5330782,59,-103.97279357910156
1772679712.2886817,60,-143.06280517578125
1772679716.2807283,61,-19.758941650390625
1772679732.4670868,62,-222.0777587890625
1772679734.4253047,63,-109.71331024169922
1772679747.136637,64,-115.5633316040039
1772679753.4179,65,-154.2094268798828
1772679768.523417,66,-82.24951171875
1772679782.303554,67,-91.76702117919922
1772679791.2962372,68,-87.75309753417969
1772679798.0162923,69,-38.795833587646484
1772679847.1509602,70,-399.4101257324219
1772680145.4543397,71,-24.260786056518555
1772680159.9299164,72,-102.27203369140625
1772680166.8106349,73,-33.68837356567383
1772680172.4198067,74,-43.105281829833984
1772680178.3963068,75,-36.40967559814453
1772680183.7658584,76,-142.3889923095703
1772680190.2946386,77,-38.74994659423828
1772680210.669619,78,-285.61663818359375
1772680214.2867446,79,-119.11455535888672
1772680217.5190635,80,-19.553234100341797
1772680234.4145908,81,-140.6933135986328
1772680247.1104274,82,-181.93824768066406
1772680259.9639177,83,-207.38748168945312
1772680262.3283713,84,-110.61407470703125
1772680271.6218655,85,-84.069091796875
1772680275.606313,86,-26.051244735717773
1772680281.0375662,87,-31.26822853088379
1772680281.4655643,88,-100.0
1772680283.2548692,89,-119.85771942138672
1772680286.4605892,90,-18.365610122680664
1772680292.4839385,91,-141.9576873779297
1772680299.4463673,92,-162.05418395996094
1772680303.5248024,93,-137.45172119140625
1772680312.2302926,94,-74.51165008544922
1772680317.293885,95,-34.113685607910156
1772680322.8840866,96,-38.08007049560547
1772680326.7541542,97,-127.03142547607422
1772680345.550142,98,-155.38209533691406
1772680359.2860782,99,-192.25672912597656
1772680372.0967565,100,-97.04768371582031
1772680392.6862824,101,-59.945167541503906
1772680398.5743265,102,-34.04401779174805
1772680405.7196703,103,-163.10147094726562
1772680417.987842,104,-79.853271484375
1772680427.3839002,105,-173.75755310058594
1772680672.0289748,106,-131.31057739257812
1772680675.254043,107,-15.989505767822266
1772680680.6168828,108,-145.05601501464844
1772680685.0137079,109,-147.83078002929688
1772680698.5549715,110,-201.13494873046875
1772680704.0135162,111,-140.05775451660156
1772680709.4313357,112,-154.38906860351562
1772680713.525834,113,-25.911884307861328
1772680714.1884232,114,-103.78739929199219
1772680720.1524727,115,-165.1477813720703
1772680728.7769487,116,-178.79969787597656
1772680730.4142275,117,-104.28217315673828
1772680734.2056532,118,-132.14718627929688
1772680738.4131021,119,-144.4920196533203
1772680745.3980117,120,-152.75587463378906
1772680754.3909755,121,-181.80235290527344
1772680755.0867372,122,-101.562255859375
1772680764.8585255,123,-66.37935638427734
1772680779.3201356,124,-95.7513427734375
1772680787.7028022,125,-159.94923400878906
1772680792.1091318,126,-26.57707977294922
1772680797.5271914,127,-152.6217041015625
1772680806.089525,128,-57.685176849365234
1772680833.6134086,129,-321.513427734375
1772680847.0855706,130,-195.1443634033203
1772680854.541936,131,-161.80926513671875
1772680854.9973705,132,-100.0
1772680871.2071798,133,-211.30764770507812
1772680875.2228858,134,-27.26034927368164
1772680891.5796268,135,-236.08779907226562
1772680897.4977386,136,-40.95584487915039
1772680900.7593458,137,-15.343036651611328
1772680904.462858,138,-127.91029357910156
1772680911.108349,139,-38.957523345947266
1772680923.1042721,140,-189.14093017578125
1772680932.9545662,141,-48.249488830566406
1772680951.317943,142,-127.18861389160156
1772680964.9524276,143,-197.01449584960938
1772680970.5634158,144,-30.711477279663086
1772680983.116374,145,-225.15965270996094
1772681239.3501728,146,-100.55058288574219
1772681244.4121068,147,-151.4048309326172
1772681274.600603,148,-337.7503967285156
1772681283.382387,149,-165.8815460205078
1772681292.0866406,150,-167.11492919921875
1772681297.188118,151,-133.3637237548828
1772681305.326625,152,-168.27955627441406
1772681309.3019614,153,-129.45022583007812
1772681313.943674,154,-141.31288146972656
1772681317.1649206,155,-17.2664794921875
1772681320.9508264,156,-139.3875274658203
1772681321.2609951,157,-100.0
1772681329.5021064,158,-52.92009735107422
1772681337.9243367,159,-156.99888610839844
1772681342.604835,160,-41.71695327758789
1772681353.7609622,161,-205.64340209960938
1772681359.7645953,162,-56.76310729980469
1772681366.6076646,163,-165.67758178710938
1772681379.8852293,164,-231.98887634277344
1772681390.6606448,165,-76.054931640625
1772681396.5129173,166,-155.03936767578125
1772681406.6064153,167,-162.78390502929688
1772681407.3980336,168,-100.90849304199219
1772681409.0381007,169,-112.53431701660156
1772681413.9581337,170,-153.40902709960938
1772681429.1109202,171,-113.06819915771484
1772681433.2751157,172,-21.20671272277832
1772681437.8783367,173,-134.5954132080078
1772681456.387508,174,-38.55853271484375
1772681461.983577,175,-18.80498695373535
1772681464.8542047,176,-113.65135192871094
1772681468.9543386,177,-31.167856216430664
1772681487.5433896,178,-237.61109924316406
1772681495.2708597,179,-48.07109069824219
1772681500.7168767,180,-135.8584442138672
1772681509.732399,181,-68.51611328125
1772681520.0445101,182,-173.0458984375
1772681531.2227137,183,-197.9803466796875
1772681539.8308434,184,-179.84820556640625
1772681800.3204122,185,-18.626354217529297
1772681815.6794071,186,-218.8713836669922
1772681817.5490162,187,-108.52503204345703
1772681824.6391714,188,-161.22116088867188
1772681827.4308,189,-113.9661636352539
1772681832.3836455,190,-42.02155303955078
1772681839.5025322,191,-156.54869079589844
1772681843.3458207,192,-26.868852615356445
1772681847.5107865,193,-134.25921630859375
1772681857.7314231,194,-57.54851531982422
1772681860.04413,195,-113.80607604980469
1772681868.4048488,196,-60.3619499206543
1772681877.310269,197,-171.274169921875
1772681880.4752855,198,-133.2826690673828
1772681892.835292,199,-100.43766021728516
1772681907.524031,200,-202.53919982910156
1772681922.1622403,201,-209.0859375
1772681931.797721,202,-151.463134765625
1772681932.5391378,203,-100.87934112548828
1772681936.9767427,204,-138.75173950195312
1772681937.410275,205,-100.92366027832031
1772681948.3593462,206,-90.69844818115234
1772681952.617632,207,-123.64019012451172
1772681956.869966,208,-133.16256713867188
1772681961.154497,209,-136.72886657714844
1772681971.3360238,210,-185.6355743408203
1772681988.0830028,211,-220.88491821289062
1772681994.4586353,212,-33.71247482299805
1772682000.3614085,213,-155.89434814453125
1772682021.0277236,214,-137.65817260742188
1772682044.6112363,215,-164.61106872558594
1772682046.147982,216,-101.5547103881836
1772682059.624053,217,-197.83877563476562
1772682063.1382668,218,-131.01611328125
1772682071.3631449,219,-186.78543090820312
1772682074.0006325,220,-120.71949005126953
1772682088.7140384,221,-93.36048126220703
1772682093.3258798,222,-134.16102600097656
1772682102.5106716,223,-62.881595611572266
1772682239.242969,2,-148.7545623779297
1772682239.7461698,3,-100.2863540649414
1772682245.6400182,4,-140.363037109375
1772682248.2032652,5,-108.89227294921875
1772682251.857383,6,79.03229522705078
1772682256.7434149,7,-133.0576629638672
1772682268.3523111,8,-183.640380859375
1772682269.557362,9,-102.31216430664062
1772682270.805417,10,-104.88677978515625
1772682273.9732258,11,-112.0593490600586
1772682275.9242604,12,-117.43121337890625
1772682279.0930188,13,-121.14493560791016
1772682281.8355713,14,-118.50153350830078
1772682283.1464841,15,-109.47163391113281
1772682284.0961907,16,-107.29194641113281
1772682293.9994764,17,-154.49664306640625
1772682295.239925,18,-105.48149108886719
1772682297.908488,19,-111.68360900878906
1772682298.8706594,20,-104.74742889404297
1772682302.9542105,21,-140.4067840576172
1772682308.8122056,22,-143.71841430664062
1772682316.4816122,23,-70.402587890625
1772682324.3923156,24,-144.81185913085938
1772682327.700141,25,-129.8035888671875
1772682339.9650903,26,-178.3783416748047
1772682342.5271397,27,-126.17707824707031
1772682356.6408806,28,-216.36129760742188
1772682363.251378,29,-160.8824462890625
1772682382.8461552,30,-268.44293212890625
1772682385.6091986,31,-108.02001953125
1772682395.0533266,32,-172.4896240234375
1772682397.7835069,33,-125.35394287109375
1772682399.052262,34,-109.8045883178711
1772682401.2903643,35,-119.0752944946289
1772682418.1550903,36,-132.63340759277344
1772682427.2961671,37,-157.21600341796875
1772682436.7253225,38,-170.2949981689453
1772682441.9972777,39,-35.28864288330078
1772682442.8134794,40,-104.79328155517578
1772682445.895613,41,-119.33602142333984
1772682454.2292552,42,-67.56046295166016
1772682455.7552304,43,-103.60533142089844
1772682457.4070907,44,-110.50495147705078
1772682458.475027,45,-112.8180923461914
1772682467.357521,46,-167.52767944335938
1772682470.622372,47,-16.972064971923828
1772682483.6120062,48,-203.14027404785156
1772682489.621021,49,-143.359619140625
1772682492.181193,50,-118.2623519897461
1772682498.457358,51,-143.41746520996094
1772682502.2630405,52,-22.9215145111084
1772682508.4361746,53,-148.61497497558594
1772682510.4782922,54,-109.75714111328125
1772682510.9922256,55,-103.39612579345703
1772682520.9149191,56,-184.3838653564453
1772682522.3031182,57,-112.01799011230469
1772682541.8851418,58,-275.8419494628906
1772682806.356314,59,-25.19414710998535
1772682812.491996,60,-38.94202423095703
1772682813.036274,61,-101.0222396850586
1772682814.0385103,62,-109.62572479248047
1772682817.9602678,63,-131.70053100585938
1772682830.2601743,64,-102.1373291015625
1772682839.8934422,65,-163.32200622558594
1772682841.0629125,66,-101.68844604492188
1772682844.2042525,67,-129.30088806152344
1772682844.454151,68,-100.0
1772682848.6798596,69,-125.26371002197266
1772682855.4842196,70,-163.16795349121094
1772682866.5381596,71,-180.6838836669922
1772682868.5741491,72,-114.86790466308594
1772682879.7518525,73,-198.6125030517578
1772682895.0194352,74,-114.9298324584961
1772682908.6920903,75,-222.36138916015625
1772682920.2432797,76,-207.78799438476562
1772682931.6328223,77,-86.75542449951172
1772682947.551078,78,-220.17547607421875
1772682951.7114053,79,-140.0708465576172
1772682956.1682644,80,71.68183135986328
1772682979.8921702,81,-335.6123046875
1772682984.8751957,82,-135.03208923339844
1772683005.7167437,83,-293.8044738769531
1772683011.0402381,84,-36.7655143737793
1772683018.7320118,85,-145.03892517089844
1772683025.067274,86,57.944759368896484
1772683043.7671063,87,-170.66156005859375
1772683055.1438975,88,-177.02774047851562
1772683065.0010586,89,-79.28925323486328
1772683066.7200093,90,-112.98823547363281
1772683087.8840404,91,-306.46697998046875
1772683297.981218,92,-68.74251556396484
1772683301.805119,93,-130.72190856933594
1772683307.1229854,94,-142.46507263183594
1772683318.4079754,95,-77.7354965209961
1772683323.4699082,96,-51.7414436340332
1772683323.8309152,97,-100.53984832763672
1772683362.8872502,98,-396.0048522949219
1772683365.4005578,99,-108.29210662841797
1772683373.344012,100,-183.28977966308594
1772683384.2983613,101,-152.1560516357422
1772683387.6363962,102,-130.1431427001953
1772683389.99189,103,-118.17667388916016
1772683392.4910219,104,-114.49932861328125
1772683396.5421946,105,-133.07838439941406
1772683398.9233057,106,91.87279510498047
1772683430.9012523,107,-246.1439971923828
1772683433.268667,108,-109.45851135253906
1772683441.8363051,109,-70.02115631103516
1772683447.0381455,110,-33.09840393066406
1772683450.8701434,111,-130.67552185058594
1772683458.0300832,112,-63.993995666503906
1772683515.9333396,113,-497.9294128417969
1772683519.5202115,114,-106.65997314453125
1772683523.2112513,115,-118.42705535888672
1772683524.1562142,116,-106.75970458984375
1772683533.1823022,117,-155.568603515625
1772683550.2106647,118,-233.74473571777344
1772683555.0812426,119,-125.40812683105469
1772683563.2703657,120,-155.06436157226562
1772683569.102286,121,-48.65341567993164
1772683587.573448,122,-233.16773986816406
1772683751.0237558,123,-131.15806579589844
1772683761.9267128,124,-82.56433868408203
1772683777.1189404,125,-113.45471954345703
1772683790.3009598,126,-95.83710479736328
1772683791.7771678,127,-109.7500228881836
1772683793.7582512,128,-114.87281799316406
1772683795.3411431,129,-115.44654846191406
1772683819.5431497,130,-273.82110595703125
1772683825.639853,131,-145.5020751953125
1772683830.31599,132,-146.48098754882812
1772683842.699173,133,-193.1829071044922
1772683848.427177,134,-148.46678161621094
1772683848.788501,135,-100.0
1772683849.0661006,136,-101.54400634765625
1772683854.3489323,137,-149.75210571289062
1772683860.780041,138,-158.66908264160156
1772683861.2774167,139,-100.81102752685547
1772683862.28328,140,-107.03402709960938
1772683862.9955013,141,-104.01112365722656
1772683874.1543283,142,-189.45701599121094
1772683882.9351044,143,-152.312744140625
1772683886.719194,144,-125.40413665771484
1772683893.6631663,145,-52.68150329589844
1772683898.7752597,146,-152.33514404296875
1772683906.8271375,147,-50.340545654296875
1772683919.3999045,148,-105.1719741821289
1772683940.362765,149,-166.1531982421875
1772683947.6685867,150,-43.12971878051758
1772683953.823118,151,-142.68679809570312
1772683964.9800746,152,-105.5611801147461
1772683967.646058,153,-119.55845642089844
1772683974.5712326,154,-158.27413940429688
1772683977.012036,155,-128.9619598388672
1772683977.6091487,156,-102.9751205444336
1772683979.2111003,157,-114.5245361328125
1772683982.573058,158,-130.42617797851562
1772683982.9421604,159,-100.74259948730469
1772683985.419161,160,-115.85234832763672
1772684038.703337,161,-322.4715576171875
1772684195.6231115,162,-64.5649642944336
1772684210.688079,163,-212.88751220703125
1772684215.2961195,164,-137.26963806152344
1772684226.4091475,165,-55.3335075378418
1772684234.7812207,166,46.35590362548828
1772684243.4945276,167,-173.64727783203125
1772684263.870876,168,-247.64146423339844
1772684273.1081686,169,-176.57101440429688
1772684276.3599072,170,-15.680789947509766
1772684280.5181422,171,-130.12123107910156
1772684286.6681643,172,-51.25333786010742
1772684319.6792214,173,-402.3812561035156
1772684328.734737,174,-145.84671020507812
1772684336.5412154,175,-179.0556182861328
1772684339.380119,176,81.99446868896484
1772684340.714159,177,-106.02127838134766
1772684345.9750817,178,-36.33171081542969
1772684351.5631647,179,-138.12939453125
1772684367.9459603,180,-118.34536743164062
1772684376.4504974,181,-56.44468307495117
1772684386.4702232,182,-167.66885375976562
1772684390.5069962,183,-134.26719665527344
1772684396.64635,184,-50.108924865722656
1772684414.0712156,185,-238.2525634765625
1772684422.281552,186,-150.43048095703125
1772684434.911033,187,-190.1588134765625
1772684452.4226835,188,-215.48947143554688
1772684458.4919112,189,-155.8764190673828
1772684716.535129,190,-23.428936004638672
1772684725.980395,191,-189.55230712890625
1772684736.00981,192,-60.25355529785156
1772684740.1881208,193,-138.2869415283203
1772684741.5124724,194,-111.7995376586914
1772684761.012705,195,-252.78463745117188
1772684766.7924967,196,-151.5572967529297
1772684783.0124445,197,-131.4241485595703
1772684785.2705183,198,-118.28536224365234
1772684791.814178,199,-35.47636795043945
1772684795.7231896,200,-124.12653350830078
1772684800.242983,201,-27.66931915283203
1772684809.9200866,202,-182.5009002685547
1772684819.4747832,203,33.59951400756836
1772684820.5531461,204,-106.05876159667969
1772684825.7676377,205,-152.08702087402344
1772684830.6351194,206,-146.8372344970703
1772684831.338937,207,-103.5469741821289
1772684860.3952718,208,-329.6597900390625
1772684881.5166888,209,-163.1973114013672
1772684900.054003,210,-227.9574432373047
1772684901.1841242,211,-101.96338653564453
1772684908.9814086,212,-80.69487762451172
1772684945.1949656,213,-280.5332946777344
1772684952.0399334,214,-146.74661254882812
1772684962.9562123,215,36.35895538330078
1772684967.8291335,216,-142.53350830078125
1772684969.013158,217,-107.7315444946289
1772685024.6728232,218,-357.24566650390625
1772685202.2511797,219,-283.24261474609375
1772685213.7237453,220,-93.66509246826172
1772685225.0021398,221,-161.38107299804688
1772685233.885199,222,44.08383560180664
1772685236.0851789,223,-114.84132385253906
1772685252.0752923,224,-134.96116638183594
1772685257.1432478,225,-144.8321990966797
1772685275.4738383,226,-122.16263580322266
1772685294.4321036,227,-234.34669494628906
1772685298.5677395,228,63.62503433227539
1772685316.1073654,229,-227.86904907226562
1772685317.139422,230,-101.72980499267578
1772685318.8241465,231,-107.03556823730469
1772685329.0120645,232,-85.72183227539062
1772685340.29575,233,-172.81997680664062
1772685344.543964,234,-121.85124206542969
1772685357.1894677,235,-87.7964096069336
1772685360.6702492,236,-12.830076217651367
1772685372.4786084,237,-89.20298767089844
1772685382.5163426,238,-71.26884460449219
1772685397.1530683,239,-130.3055419921875
1772685398.9981105,240,-113.15595245361328
1772685403.5100603,241,74.93355560302734
1772685414.6142461,242,-205.825927734375
1772685424.935705,243,-89.20738220214844
1772685432.221491,244,-154.3688201904297
1772685433.0958667,245,-103.22794342041016
1772685448.779233,246,-236.98007202148438
1772685502.060774,247,69.1481704711914
1772685502.8052747,248,-103.37271881103516
1772685509.9853606,249,-138.67361450195312
1772685521.3671076,250,-169.2180938720703
1772685527.9780717,251,57.84713363647461
1772685537.5907066,252,-201.07591247558594
1772685550.5593324,253,-80.48577117919922
1772685560.1356523,254,-86.60472869873047
1772685594.4613628,255,-379.2749328613281
1772685596.040483,256,-100.0
1772685599.3618393,257,-120.21390533447266
1772685615.4112759,258,-240.0881805419922
1772685620.6602588,259,-36.60072708129883
1772685622.8050478,260,-120.92399597167969
1772685636.0419786,261,-113.28226470947266
1772685641.6760366,262,-146.41734313964844
1772685647.7550554,263,43.82312774658203
1772685660.5242777,264,-208.50491333007812
1772685661.9081235,265,-106.33869171142578
1772685670.526252,266,-82.78356170654297
1772685685.1940892,267,-235.98744201660156
1772685693.886336,268,-64.92117309570312
1772685704.7999158,269,-182.06137084960938
1772685738.6461918,270,-346.5066223144531
1772685751.9018943,271,-204.62640380859375
1772685760.029028,272,-45.832820892333984
1772685779.8158915,273,-238.2393341064453
1772685891.721241,274,-150.4600067138672
1772685894.9413333,275,-131.21592712402344
1772685896.855146,276,-114.7848129272461
1772685921.3863513,277,-263.2618713378906
1772685928.0703769,278,-150.67893981933594
1772685952.2214594,279,-151.94862365722656
1772685965.8469183,280,-191.17568969726562
1772685971.4862463,281,-146.8855743408203
1772685974.8071473,282,-117.70477294921875
1772685989.0142322,283,-235.72906494140625
1772685996.5254166,284,-69.27800750732422
1772685998.6119688,285,-119.08543395996094
1772686010.255274,286,-193.24021911621094
1772686013.2021987,287,-122.09181213378906
1772686018.0771143,288,-143.80763244628906
1772686021.823003,289,80.1403579711914
1772686022.880159,290,-110.1572265625
1772686028.4233246,291,-59.28959655761719
1772686034.0592291,292,-148.40931701660156
1772686041.3242822,293,-48.21747970581055
1772686044.0282092,294,86.1291732788086
1772686050.3900375,295,-167.0155029296875
1772686064.71728,296,-227.04306030273438
1772686075.8832629,297,-174.25479125976562
1772686081.3132045,298,-148.73876953125
1772686093.5897717,299,-182.7268524169922
1772686117.6885114,300,-262.13848876953125
1772686120.3493962,301,-110.9228744506836
1772686127.0202162,302,-175.5767059326172
1772686134.4559994,303,-55.36941909790039
1772686148.39385,304,-195.16864013671875
1772686160.8518298,305,-84.04773712158203
1772686172.1290283,306,31.93229866027832
1772686189.8670244,307,-166.5583038330078
1772686274.388115,308,-73.0266342163086
1772686292.200064,309,-257.23040771484375
1772686297.5691314,310,-124.703857421875
1772686300.8621533,311,-27.317445755004883
1772686305.1651993,312,-130.04843139648438
1772686307.4631703,313,-121.41455078125
1772686310.6152632,314,-123.72116088867188
1772686312.8120434,315,-114.31949615478516
1772686320.1772828,316,-152.66160583496094
1772686320.9982402,317,-104.21407318115234
1772686328.651543,318,-172.6951904296875
1772686329.900346,319,-109.7743911743164
1772686339.9493468,320,-198.4482421875
1772686352.595783,321,-193.6903533935547
1772686362.0613923,322,-188.6221466064453
1772686365.3326118,323,-13.323774337768555
1772686377.5250363,324,-117.85066223144531
1772686384.5411077,325,-144.86788940429688
1772686388.3322906,326,-131.12376403808594
1772686392.180069,327,-30.9133358001709
1772686396.1238463,328,-130.4144744873047
1772686428.3597486,329,-318.9890441894531
1772686429.972079,330,-100.89268493652344
1772686430.369122,331,-103.00208282470703
1772686430.7831557,332,-104.0076904296875
1772686440.6272852,333,-155.64083862304688
1772686454.8797524,334,-219.9550018310547
1772686462.9631062,335,-57.01749801635742
1772686466.1507487,336,-23.25925064086914
1772686484.7550952,337,-253.15704345703125
1772686488.4871182,338,-22.756210327148438
1772686499.0200655,339,-165.32383728027344
1772686503.9558415,340,-144.61566162109375
1772686510.6022687,341,-42.18162155151367
1772686515.0848336,342,-129.92637634277344
1772686532.5540173,343,-235.80532836914062
1772686536.6089513,344,-18.198383331298828
1772686544.8965876,345,-69.7011489868164
1772686637.950123,346,-119.31708526611328
1772686659.8702004,347,-135.39120483398438
1772686672.9168856,348,-201.10829162597656
1772686684.3633442,349,-72.87281036376953
1772686689.8788264,350,-145.19212341308594
1772686692.1410418,351,-120.13555908203125
1772686692.9599037,352,-107.1201171875
1772686700.9230547,353,-173.6843719482422
1772686701.437133,354,-100.56354522705078
1772686714.1211157,355,-193.0598602294922
1772686733.8022106,356,-233.37445068359375
1772686739.7029061,357,-52.50596618652344
1772686748.375089,358,-84.10651397705078
1772686755.1665814,359,-35.72873306274414
1772686756.9892297,360,-110.65204620361328
1772686759.487096,361,-115.05028533935547
1772686761.833897,362,-117.36986541748047
1772686766.3157754,363,-49.607425689697266
1772686772.5960605,364,-38.47639846801758
1772686790.4523485,365,-201.8148651123047
1772686800.7439818,366,-185.97085571289062
1772686810.8237376,367,33.32050323486328
1772686818.7938025,368,-169.79541015625
1772686828.9985564,369,-75.21809387207031
1772686834.9254198,370,-49.95899200439453
1772686857.7253363,371,-174.97702026367188
1772686871.1990776,372,-78.04486846923828
1772686889.822096,373,-217.0936737060547
1772686894.026119,374,-133.4761505126953
1772686901.959983,375,-170.03680419921875
1772686904.4460976,376,-112.96086883544922
1772686904.7125456,377,-100.69015502929688
1772686913.3246484,378,-72.8100357055664
1772687018.975265,379,-180.00579833984375
1772687034.3010736,380,-97.4339599609375
1772687041.05416,381,63.65031051635742
1772687047.510203,382,-155.42251586914062
1772687100.9720376,383,-541.725341796875
1772687108.148818,384,-144.96298217773438
1772687111.5598505,385,-136.33067321777344
1772687122.1231422,386,-62.18494415283203
1772687133.5445943,387,19.546573638916016
1772687145.632867,388,-181.23223876953125
1772687154.2091618,389,-44.930519104003906
1772687164.9508102,390,-63.824703216552734
1772687172.1171477,391,-44.8071403503418
1772687181.350176,392,-171.69276428222656
1772687182.6781945,393,-109.02155303955078
1772687218.5492618,394,-338.48577880859375
1772687229.6871274,395,-165.48873901367188
1772687239.4145586,396,-176.57664489746094
1772687242.701107,397,-130.06246948242188
1772687245.5971503,398,-126.34261322021484
1772687250.7260222,399,-49.30480194091797
1772687299.030195,400,-451.2804870605469
1772687444.3576407,401,-269.37713623046875
1772687450.6637056,402,-142.57859802246094
1772687455.3509917,403,-122.039794921875
1772687461.3645673,404,-34.83401107788086
1772687466.0493076,405,-47.27403259277344
1772687486.2151325,406,-230.71820068359375
1772687495.2854896,407,-48.43327331542969
1772687510.049047,408,-212.44642639160156
1772687520.8331606,409,2.9877431392669678
1772687527.1882758,410,-151.14317321777344
1772687531.3164911,411,-23.073118209838867
1772687532.093847,412,-103.3754653930664
1772687542.3894546,413,-66.7663345336914
1772687549.7279673,414,-157.85922241210938
1772687552.9591186,415,-16.323505401611328
1772687560.8198116,416,-152.2398223876953
1772687577.2669966,417,-258.6732482910156
1772687596.4240963,418,-133.19012451171875
1772687606.5069556,419,-167.72756958007812
1772687610.6772807,420,-25.500606536865234
1772687625.4383514,421,-82.4615707397461
1772687641.4291358,422,-115.63717651367188
1772687648.2955694,423,-44.50605773925781
1772687650.6971262,424,-121.4344482421875
1772687663.2142215,425,-195.34129333496094
1772687670.8791397,426,55.83511734008789
1772687684.9919317,427,-227.57554626464844
1772687690.4937994,428,-124.47479248046875
1772687698.4291751,429,-160.81198120117188
1772687705.5022678,430,43.265506744384766
1772687803.4781647,431,-197.97247314453125
1772687825.6739616,432,-264.3490295410156
1772687827.3159692,433,-104.943603515625
1772687831.0377784,434,-133.74801635742188
1772687838.1409526,435,54.32305145263672
1772687887.5923543,436,-523.595458984375
1772687895.5730188,437,-36.503570556640625
1772687902.5828488,438,-164.32907104492188
1772687917.2142954,439,-84.87281799316406
1772687921.1820521,440,-137.0749053955078
1772687921.5641787,441,-101.2467041015625
1772687936.2353163,442,-187.6780242919922
1772687948.9080732,443,-106.23133087158203
1772687960.384948,444,-188.1517333984375
1772687973.5151112,445,-201.05250549316406
1772687976.764561,446,-129.3313446044922
1772687987.9835978,447,-78.92134857177734
1772687998.7319057,448,-70.6507797241211
1772688005.7608206,449,56.301815032958984
1772688007.1815841,450,-109.9281005859375
1772688022.8867896,451,-115.55250549316406
1772688034.8169785,452,-82.0750732421875
1772688038.0781252,453,-127.7122802734375
1772688043.7418678,454,-35.66001892089844
1772688044.330085,455,-102.81056213378906
1772688051.0720599,456,-137.2805938720703
1772688058.6761646,457,-67.26165771484375
1772688060.082099,458,-108.72770690917969
1772688078.12314,459,-142.39515686035156
1772688084.9910572,460,-151.98519897460938
1772688255.4681332,461,-61.50798416137695
1772688260.5548575,462,-148.49005126953125
1772688271.4131908,463,20.58011245727539
1772688285.119194,464,-228.73626708984375
1772688306.3142567,465,-274.52081298828125
1772688307.3582063,466,-100.0
1772688313.4998565,467,-135.57240295410156
1772688325.0442185,468,30.309429168701172
1772688332.5001326,469,-162.9700469970703
1772688369.7292266,470,-345.7408142089844
1772688377.5661442,471,-166.36239624023438
1772688389.1663418,472,-208.6868896484375
1772688399.0920897,473,-179.13424682617188
1772688404.7990592,474,-28.051992416381836
1772688410.2700603,475,-51.634212493896484
1772688418.7422183,476,-187.21817016601562
1772688429.7590544,477,-70.08883666992188
1772688440.543013,478,-100.26471710205078
1772688449.2810557,479,39.449588775634766
1772688451.7741773,480,-122.72386169433594
1772688455.122073,481,-130.88357543945312
1772688459.1159894,482,75.34629821777344
1772688468.1432018,483,-75.00425720214844
1772688469.9275105,484,-117.0521469116211
1772688479.3801386,485,-172.09823608398438
1772688492.3822694,486,-193.3879852294922
1772688495.7903934,487,-114.08665466308594
1772688499.7876632,488,78.0235366821289
1772688503.0052679,489,-123.7654037475586
1772688507.444359,490,-144.20127868652344
1772688510.5195205,491,-28.413681030273438
1772688519.5918407,492,-179.63665771484375
1772688525.672196,493,62.696964263916016
1772688539.5822713,494,-205.0695343017578
1772688652.1167727,495,-102.49252319335938
1772688656.9160347,496,71.23274230957031
1772688663.6539545,497,-136.97457885742188
1772688664.627229,498,-106.16062927246094
1772688667.742887,499,-133.1248779296875
1772688676.9354725,500,-171.1949920654297
1772688678.173289,501,-110.08499145507812
1772688683.4838696,502,57.58142852783203
1772688690.5673122,503,52.3857421875
1772688694.269933,504,-26.331941604614258
1772688701.2400417,505,57.680171966552734
1772688729.664034,506,-251.45730590820312
1772688733.0121975,507,-119.25562286376953
1772688739.2965505,508,53.16301345825195
1772688746.5753758,509,-47.724491119384766
1772688751.4229517,510,-123.83329010009766
1772688752.0210795,511,-103.10200500488281
1772688755.603903,512,-140.28836059570312
1772688769.415592,513,-106.77606201171875
1772688775.7860606,514,69.14044952392578
1772688792.3252833,515,-220.8577423095703
1772688797.7480438,516,-129.62139892578125
1772688801.2930863,517,-16.467199325561523
1772688838.72808,518,-268.966552734375
1772688845.8452096,519,69.95059967041016
1772688848.3089585,520,-120.97077178955078
1772688873.3335266,521,-282.11358642578125
1772688892.0522647,522,-240.7550506591797
1772688903.55012,523,-192.42991638183594
1772688916.9930177,524,-227.1881561279297
1772688926.6470826,525,-168.94436645507812
1772688930.880384,526,-29.110721588134766
1772689019.913935,527,-124.4444351196289
1772689029.917982,528,-175.45326232910156
1772689067.1656604,529,-321.5843505859375
1772689075.840039,530,-155.7176055908203
1772689083.966106,531,-62.77710723876953
1772689087.2842414,532,-115.64497375488281
1772689098.711234,533,18.935640335083008
1772689107.9165146,534,-180.81825256347656
1772689113.1830308,535,-27.63758659362793
1772689116.9359994,536,-139.07159423828125
1772689137.0991538,537,-264.487060546875
1772689162.9517772,538,-251.64877319335938
1772689180.3630555,539,-224.64202880859375
1772689184.7422767,540,-134.9429931640625
1772689188.3723593,541,-21.98206901550293
1772689192.5970623,542,81.15019226074219
1772689203.2130623,543,-164.87168884277344
1772689209.3640437,544,-34.41625213623047
1772689217.942284,545,-181.4188690185547
1772689225.3195715,546,-180.63287353515625
1772689230.06712,547,-24.688413619995117
1772689232.168395,548,-119.66191101074219
1772689236.9291477,549,66.00517272949219
1772689238.987741,550,-114.65799713134766
1772689264.7992854,551,-319.8317565917969
1772689270.048053,552,-25.090709686279297
1772689273.116947,553,-22.870580673217773
1772689274.580213,554,-110.61222839355469
1772689282.4951231,555,-79.6502456665039
1772689285.18184,556,-117.44461822509766
1772689292.3711948,557,-161.1142578125
1772689418.7271576,558,66.7500991821289
1772689427.6688802,559,-181.79342651367188
1772689432.3904831,560,-145.73402404785156
1772689437.1355546,561,75.56867980957031
1772689444.5021327,562,-71.36935424804688
1772689454.4937696,563,-160.13519287109375
1772689462.4321733,564,-175.9960174560547
1772689467.3678288,565,-35.741912841796875
1772689473.5893118,566,68.5450210571289
1772689475.8860724,567,-122.54745483398438
1772689481.664203,568,-135.6832733154297
1772689482.0485232,569,-100.0
1772689490.2730584,570,-176.45220947265625
1772689491.1562512,571,-103.99693298339844
1772689494.4215674,572,-127.31576538085938
1772689500.1023362,573,-60.29909896850586
1772689509.2914288,574,-187.44781494140625
1772689521.7790604,575,-86.5228271484375
1772689523.499108,576,-110.12629699707031
1772689527.4048064,577,72.2880630493164
1772689543.2079682,578,-206.0057373046875
1772689552.446377,579,-58.11441421508789
1772689559.922116,580,-166.0379638671875
1772689569.6057475,581,-62.400081634521484
1772689575.7348511,582,-163.13824462890625
1772689588.918856,583,-195.04971313476562
1772689602.2062955,584,10.183834075927734
1772689610.1109881,585,-53.07090759277344
1772689620.9739459,586,-6.23329496383667
1772689626.8160462,587,73.41659545898438
1772689642.614614,588,-207.5962677001953
1772689646.2371275,589,-23.476835250854492
1772689663.6272614,590,-241.5321807861328
1772689670.8270953,591,-37.85385513305664
1772689681.4410563,592,-66.72167205810547
1772689683.6801329,593,-116.75801086425781
1772689688.491219,594,-148.41412353515625
1772689695.0382617,595,-136.6187286376953
1772689705.7498584,596,31.28904914855957
1772689770.8281362,597,-180.85861206054688
1772689778.4632857,598,-180.02880859375
1772689781.9023268,599,-22.018997192382812
1772689791.2292705,600,41.43544387817383
1772689793.483207,601,-108.16468048095703
1772689812.1922219,602,-31.238059997558594
1772689813.247283,603,-100.1877212524414
1772689822.5989592,604,-172.60235595703125
1772689823.1524882,605,-100.0
1772689826.9419892,606,-18.136293411254883
1772689832.9836466,607,-161.32936096191406
1772689842.269369,608,-88.38800811767578
1772689846.2378561,609,-129.44895935058594
1772689849.2172153,610,-128.0416717529297
1772689858.6531096,611,-183.86334228515625
1772689862.0118349,612,-24.637069702148438
1772689880.8613977,613,-169.3566436767578
1772689886.6633594,614,-144.1201629638672
1772689910.7632155,615,-226.5205535888672
1772689932.1155846,616,-265.7633056640625
1772689938.11028,617,-150.1144256591797
1772689950.6682706,618,-91.95024108886719
1772689958.8351572,619,-170.16055297851562
1772689967.6142995,620,-180.93112182617188
1772689972.6841924,621,-28.310901641845703
1772689983.023107,622,-191.2965545654297
1772689998.9842675,623,-138.37582397460938
1772690001.927844,624,-118.054931640625
1772690010.443386,625,-56.647743225097656
1772690017.0142481,626,-157.54458618164062
1772690017.4225726,627,-100.0
1772690025.2591038,628,-57.87147903442383
1772690044.0424087,629,-51.6352424621582
1772690053.0041587,630,-68.5899658203125
1772690164.7015584,631,-152.63075256347656
1772690186.0810933,632,-241.46768188476562
1772690191.8501308,633,-145.06666564941406
1772690201.9747677,634,16.453128814697266
1772690202.7198687,635,-101.26934051513672
1772690206.483136,636,-141.90008544921875
1772690210.80152,637,70.12935638427734
1772690232.045243,638,-296.8656311035156
1772690246.4132097,639,-210.8087921142578
1772690256.2683547,640,-84.67516326904297
1772690260.511058,641,-136.28466796875
1772690270.2723687,642,-76.93791961669922
1772690276.1281404,643,-45.47144317626953
1772690285.5742893,644,30.8741512298584
1772690294.8540084,645,-43.48344802856445
1772690298.9322863,646,-132.49803161621094
1772690303.1504016,647,-29.79720115661621
1772690311.4850502,648,-76.2345962524414
1772690314.7260735,649,-24.123628616333008
1772690331.0392938,650,-260.9031677246094
1772690344.7970417,651,-83.75469207763672
1772690350.5160906,652,-156.49407958984375
1772690361.0659232,653,-182.5760955810547
1772690361.775267,654,-100.89665985107422
1772690364.679197,655,-20.216230392456055
1772690365.3190076,656,-102.10211944580078
1772690366.3783247,657,-108.33744049072266
1772690366.538932,658,-100.0
1772690377.2464468,659,20.366098403930664
1772690382.83778,660,71.21920013427734
1772690389.4293947,661,-153.01953125
1772690401.4593527,662,12.139104843139648
1772690431.2741523,663,-184.3727569580078
1772690440.7560942,664,-183.31787109375
1772690448.4692495,665,46.744606018066406
1772690612.9023912,666,-77.82711791992188
1772690633.7422106,667,-249.6630401611328
1772690645.4470127,668,-77.16557312011719
1772690653.2140422,669,51.832183837890625
1772690671.4344494,670,-252.57456970214844
1772690676.1590626,671,-22.936800003051758
1772690685.9008923,672,-191.51779174804688
1772690691.7550993,673,-34.416786193847656
1772690695.1690447,674,-129.95298767089844
1772690701.4833748,675,-136.54530334472656
1772690701.9415522,676,-100.4458999633789
1772690704.8539193,677,-26.847736358642578
1772690725.631133,678,-161.70960998535156
1772690741.1152446,679,-213.79258728027344
1772690763.5642219,680,-244.57559204101562
1772690768.3342664,681,79.65544128417969
1772690768.6801934,682,-100.64876556396484
1772690777.001836,683,-137.9251251220703
1772690779.7441301,684,-122.22711181640625
1772690785.74816,685,-154.85894775390625
1772690793.7673125,686,-48.83980178833008
1772690802.3101387,687,-65.32918548583984
1772690806.4113543,688,-128.45213317871094
1772690814.6660857,689,-146.55906677246094
1772690825.110019,690,-183.25486755371094
1772690863.2870684,691,-253.2598419189453
1772690873.301214,692,-70.86651611328125
1772690876.905944,693,-28.51691436767578
1772690881.7728064,694,-149.18289184570312
1772690898.6231604,695,-111.46251678466797
1772691081.1613092,696,-130.10055541992188
1772691087.599222,697,54.5600471496582
1772691093.596908,698,-161.93295288085938
1772691093.9801474,699,-100.0
1772691104.2221417,700,-54.783573150634766
1772691118.137222,701,29.872364044189453
1772691145.4310308,702,-119.08098602294922
1772691187.4012268,703,-299.68121337890625
1772691198.6369479,704,-63.06293869018555
1772691232.4592035,705,-319.6578369140625
1772691236.9491591,706,-128.18714904785156
1772691249.2372134,707,-180.2826690673828
1772691257.5461557,708,-161.87435913085938
1772691259.7341802,709,-110.9373779296875
1772691267.1553724,710,37.39968490600586
1772691283.8690593,711,-5.622833728790283
1772691289.0757465,712,-38.113624572753906
1772691330.1649296,713,-310.39398193359375
1772691333.960146,714,-119.49565887451172
1772691344.0611024,715,-84.60830688476562
1772691354.0051532,716,21.987285614013672
1772691374.7252219,717,-235.19183349609375
1772691532.2992115,718,-67.3542709350586
1772691532.8132088,719,-100.0
1772691535.7208397,720,-17.277099609375
1772691537.6397164,721,-111.55096435546875
1772691539.3812964,722,-118.9577865600586
1772691558.090254,723,-10.155815124511719
1772691565.1109762,724,57.947330474853516
1772691584.821298,725,-30.11481285095215
1772691589.5551293,726,-33.13684844970703
1772691601.8890724,727,5.427953243255615
1772691605.342114,728,-24.84777069091797
1772691614.6651149,729,-58.532474517822266
1772691618.4074922,730,-132.9298553466797
1772691638.5581007,731,-41.979671478271484
1772691653.395767,732,-199.450439453125
1772691654.854406,733,-105.97148132324219
1772691660.8351579,734,-154.1002197265625
1772691664.840447,735,-118.59559631347656
1772691671.6236718,736,-157.44363403320312
1772691677.7262273,737,-144.1226806640625
1772691688.3542073,738,-13.184168815612793
1772691689.8052843,739,-106.30188751220703
1772691706.2060487,740,-110.47624969482422
1772691709.8200846,741,-16.602031707763672
1772691727.3191166,742,-133.35777282714844
1772691733.9822767,743,-131.104736328125
1772691746.2050452,744,-224.18447875976562
1772691758.891791,745,-88.84564971923828
1772691759.7515473,746,-101.3762435913086
1772691775.6160336,747,-227.2901611328125
1772691804.076127,748,-220.2788543701172
1772691911.5189939,749,78.72957611083984
1772691916.148205,750,-43.64186477661133
1772691919.6462336,751,-132.3006591796875
1772691920.0304394,752,-100.70515441894531
1772691926.0909173,753,-161.72401428222656
1772691930.8867435,754,-128.27813720703125
1772691935.1880527,755,-44.00923156738281
1772691940.297033,756,-142.8325653076172
1772691945.5013728,757,-26.375953674316406
1772691949.0957015,758,-27.926340103149414
1772691957.1490812,759,54.67646026611328
1772691966.8911238,760,-49.209068298339844
1772691974.09345,761,-133.04879760742188
1772691981.8314953,762,-153.2549591064453
1772691990.580218,763,-150.1451873779297
1772691996.1202278,764,-49.17055130004883
1772692004.9190059,765,-184.77369689941406
1772692014.7631032,766,37.81378173828125
1772692052.5500972,767,-237.72572326660156
1772692062.3022337,768,-168.86892700195312
1772692064.2971606,769,-115.74213409423828
1772692104.300972,770,-391.5726013183594
1772692111.5402188,771,65.53021240234375
1772692117.8569112,772,62.84965515136719
1772692123.1490643,773,-131.7802734375
1772692133.1411276,774,27.121395111083984
1772692146.5731068,775,21.648359298706055
1772692158.1570516,776,-74.58373260498047
1772692165.437199,777,-41.639068603515625
1772692170.7070036,778,-153.76693725585938
1772692173.588101,779,-121.1274185180664
1772692182.9760551,780,30.793476104736328
1772692183.5181134,781,-100.0
1772692206.4193344,782,-293.3158264160156
1772692369.758572,783,-103.01174926757812
1772692372.7759616,784,-20.814346313476562
1772692384.970097,785,-111.95146942138672
1772692392.077348,786,64.28668975830078
1772692399.7210484,787,-52.22292709350586
1772692405.1750987,788,69.05857849121094
1772692413.5858407,789,50.51139831542969
1772692422.8211918,790,-209.37188720703125
1772692426.9993935,791,-137.0607147216797
1772692434.0559292,792,-58.61998748779297
1772692438.133196,793,-139.8529052734375
1772692447.9452095,794,30.396381378173828
1772692452.4967656,795,-141.67433166503906
1772692453.245134,796,-104.98681640625
1772692457.7803214,797,-27.19915771484375
1772692464.4130769,798,56.36676025390625
1772692468.3922698,799,-20.23441505432129
1772692508.100588,800,-260.5646667480469
1772692512.669122,801,-24.0826416015625
1772692515.6811574,802,-14.302671432495117
1772692519.584261,803,79.63201904296875
1772692524.6200738,804,70.27354431152344
1772692530.151617,805,-148.7048797607422
1772692535.5278447,806,-151.96859741210938
1772692582.4084713,807,-279.9498291015625
1772692603.5750632,808,-147.55291748046875
1772692622.5479965,809,-133.22987365722656
1772692635.443324,810,8.893424034118652
1772692650.5041382,811,-222.16453552246094
1772692716.2873085,812,36.5754508972168
1772692724.469871,813,-45.17045211791992
1772692727.796077,814,-25.075883865356445
1772692738.7912169,815,-70.22349548339844
1772692742.911129,816,-134.4326171875
1772692747.8462334,817,-138.1422119140625
1772692751.5994124,818,-113.86967468261719
1772692763.3983574,819,6.784639835357666
1772692777.3322778,820,4.696359634399414
1772692780.939009,821,-120.78045654296875
1772692792.2771122,822,-14.247010231018066
1772692795.7102737,823,-132.9480438232422
1772692808.1089902,824,-11.665493965148926
1772692821.1449623,825,-194.10369873046875
1772692824.149136,826,-122.81539916992188
1772692828.1411364,827,-135.38522338867188
1772692829.3739765,828,-106.1151351928711
1772692839.4140682,829,-180.33995056152344
1772692840.0510614,830,-100.0
1772692847.5412953,831,-175.71163940429688
1772692858.1331346,832,-173.20065307617188
1772692863.1879528,833,70.9914321899414
1772692868.1350381,834,-131.6836700439453
1772692888.4819355,835,-214.7703857421875
1772692897.683991,836,49.29180908203125
1772692910.2095935,837,-10.908219337463379
1772692912.2638938,838,-114.24329376220703
1772692912.4475348,839,-100.0
1772692918.2602096,840,68.92958068847656
1772692919.1919408,841,-106.05200958251953
1772692928.5830705,842,-173.40908813476562
1772692929.1583917,843,-100.0
1772692932.384205,844,-26.552297592163086
1772692935.2386377,845,-119.12812805175781
1772692940.5015783,846,-139.34530639648438
1772692954.0488796,847,-8.484620094299316
1772692971.917101,848,-21.44945526123047
1772692980.726114,849,-58.469825744628906
1772692981.2236235,850,-100.0
1772692991.2742853,851,-169.67660522460938
1772693018.9500475,852,-192.37254333496094
1772693072.596235,853,-100.90608978271484
1772693075.4889224,854,-12.169675827026367
1772693083.2860458,855,-145.54559326171875
1772693091.2091205,856,-160.7464141845703
1772693096.3582623,857,-153.45492553710938
1772693096.6871035,858,-100.0
1772693096.806456,859,-100.0
1772693107.5611217,860,-67.96726989746094
1772693112.1680434,861,-139.5919647216797
1772693119.4764204,862,-71.83261108398438
1772693122.6766744,863,-21.37592887878418
1772693126.089075,864,-31.875839233398438
1772693133.818772,865,-54.58412170410156
1772693142.0163896,866,-52.6668586730957
1772693147.1022274,867,-33.40000534057617
1772693198.3581543,868,-275.421875
1772693219.7581959,869,-144.57322692871094
1772693229.767377,870,-165.17861938476562
1772693230.3353043,871,-100.0
1772693233.2610402,872,-116.79161071777344
1772693242.3246856,873,45.84823989868164
1772693244.0778778,874,-113.24563598632812
1772693275.0372872,875,-238.78387451171875
1772693278.283249,876,-120.5369873046875
1772693286.0782897,877,-55.44233703613281
1772693292.5002458,878,-68.10428619384766
1772693311.628298,879,-257.5562438964844
1772693318.8143728,880,-150.48324584960938
1772693324.6731956,881,57.76665496826172
1772693328.7440214,882,-136.54847717285156
1772693331.799793,883,-15.306452751159668
1772693343.8908212,884,-207.2610321044922
1772693450.324145,885,-0.31384074687957764
1772693460.7050588,886,41.24168395996094
1772693470.516081,887,40.21824264526367
1772693472.7810514,888,-119.3216781616211
1772693505.1811628,889,-356.9354248046875
1772693516.1694841,890,-75.87202453613281
1772693519.5344975,891,-22.647706985473633
1772693527.8909829,892,-178.97274780273438
1772693539.4154856,893,-217.1439971923828
1772693550.3452995,894,31.709083557128906
1772693566.464075,895,-246.9409942626953
1772693581.10822,896,-13.578883171081543
1772693595.2541413,897,-212.99755859375
1772693600.359099,898,-139.04579162597656
1772693603.9109309,899,-130.93614196777344
1772693610.2698822,900,35.31254196166992
1772693613.7645795,901,-31.032670974731445
1772693626.9872093,902,-207.56761169433594
1772693638.8996477,903,-209.81796264648438
1772693648.9596086,904,-173.67819213867188
1772693654.4716098,905,-34.48693084716797
1772693659.5521224,906,-130.4685516357422
1772693663.2840924,907,75.02581024169922
1772693666.7660298,908,-129.13479614257812
1772693677.2238948,909,26.73957633972168
1772693683.7130287,910,-33.49721145629883
1772693684.1677496,911,-100.54757690429688
1772693691.7541661,912,-161.1393585205078
1772693693.1268263,913,-104.17040252685547
1772693694.4967115,914,-110.43202209472656
1772693700.9059553,915,-148.43505859375
1772693702.2491155,916,-111.40686798095703
1772693706.3436866,917,74.37100982666016
1772693716.724036,918,-78.50447082519531
1772693720.8071377,919,85.26394653320312
1772693815.6281497,920,-177.3814697265625
1772693820.6001003,921,65.86062622070312
1772693831.8838751,922,42.064170837402344
1772693842.869115,923,27.162776947021484
1772693850.558202,924,39.73756790161133
1772693860.30923,925,-72.41372680664062
1772693868.9582973,926,-179.1527099609375
1772693881.6522539,927,-78.85363006591797
1772693886.461147,928,74.38257598876953
1772693889.5131795,929,-110.68053436279297
1772693893.4938748,930,-42.36452865600586
1772693898.9496973,931,-36.220638275146484
1772693911.3357403,932,-176.21261596679688
1772693926.0783625,933,-208.20094299316406
1772693926.8894725,934,-100.0
1772693930.3241382,935,-22.535581588745117
1772693933.8541608,936,-125.60649108886719
1772693937.4471254,937,80.17942810058594
1772693942.4520605,938,-118.42584228515625
1772693944.9999807,939,90.20650482177734
1772693950.8610818,940,66.55879211425781
1772693958.8701088,941,-163.99697875976562
1772693969.1920757,942,39.11450958251953
1772693975.3171558,943,56.17091751098633
1772693982.7961402,944,61.537479400634766
1772693985.991819,945,-18.768230438232422
1772693991.6820855,946,-153.06045532226562
1772693995.5950656,947,-128.40023803710938
1772693999.0931444,948,-137.41754150390625
1772694024.2673223,949,-293.95269775390625
1772694036.1197612,950,-75.856201171875
1772694047.5501442,951,-180.69728088378906
1772694051.1481583,952,86.15164947509766
1772694054.538337,953,-19.873821258544922
1772694074.252776,954,-232.07618713378906
1772694084.3380013,955,-180.0168914794922
1772694088.9999552,956,-39.41678237915039
1772694094.379459,957,58.85930252075195
1772694095.009267,958,-103.03252410888672
1772694102.9842122,959,35.18096923828125
1772694196.140902,960,-77.68600463867188
1772694201.8956878,961,-159.7493896484375
1772694209.7378292,962,-159.3577880859375
1772694210.2241356,963,-100.0
1772694212.9260569,964,84.88361358642578
1772694238.1001651,965,-184.72604370117188
1772694240.969837,966,-113.09941864013672
1772694244.366436,967,-126.41879272460938
1772694247.8469021,968,-21.36969757080078
1772694254.3438535,969,-45.017635345458984
1772694258.9850883,970,-139.53370666503906
1772694283.711475,971,-156.32778930664062
1772694287.7331634,972,-22.649023056030273
1772694296.6620505,973,-166.4170379638672
1772694300.0095828,974,-34.8851432800293
1772694310.4669774,975,30.726665496826172
1772694313.6525104,976,-130.52992248535156
1772694318.132137,977,-129.5403594970703
1772694322.0930564,978,-30.342065811157227
1772694325.2453105,979,-18.241844177246094
1772694339.549465,980,-2.45310640335083
1772694348.8620021,981,-178.1769256591797
1772694358.5282612,982,-156.486328125
1772694361.2070413,983,-122.38761901855469
1772694366.5292125,984,-139.19857788085938
1772694366.896136,985,-100.0
1772694385.895932,986,-144.29730224609375
1772694389.6759245,987,-25.66603660583496
1772694391.0192747,988,-106.902587890625
1772694396.5252554,989,70.44654083251953
1772694397.351688,990,-105.7442855834961
1772694403.4011192,991,63.78411102294922
1772694403.7903214,992,-100.0
1772694408.9192803,993,-31.453052520751953
1772694417.1932833,994,-43.82697296142578
1772694424.876292,995,55.33405303955078
1772694433.4313178,996,46.35818099975586
1772694442.4442508,997,46.2607307434082
1772694448.7588832,998,-130.8479461669922
1772694455.1270502,999,66.25222778320312
1772694460.4930449,1000,-39.31368637084961
1772694469.031806,1001,-186.45338439941406
1772694474.5491922,1002,-125.51040649414062
1772694573.4151394,1003,-132.06991577148438
1772694579.6813257,1004,-39.218353271484375
1772694584.2782993,1005,-143.86642456054688
1772694588.927465,1006,70.86412811279297
1772694596.842594,1007,-53.7353630065918
1772694603.2865858,1008,-160.7298126220703
1772694603.6961055,1009,-100.0
1772694607.8794885,1010,-146.15707397460938
1772694614.4424555,1011,-59.793067932128906
1772694628.9258173,1012,-86.50553131103516
1772694629.727156,1013,-100.0
1772694638.0142167,1014,34.55564498901367
1772694643.0611563,1015,-43.036102294921875
1772694658.5800688,1016,-9.298904418945312
1772694664.9027479,1017,-48.81967544555664
1772694689.350201,1018,-326.81103515625
1772694693.8072717,1019,-21.512781143188477
1772694702.4009137,1020,30.56127166748047
1772694714.5810673,1021,-186.9359893798828
1772694728.6088808,1022,-116.96266174316406
1772694734.0548787,1023,-136.2618408203125
1772694741.7159567,1024,-67.49309539794922
1772694742.1838496,1025,-100.0
1772694748.823128,1026,-160.16452026367188
1772694755.0088487,1027,-54.5969123840332
1772694761.066217,1028,-46.643489837646484
1772694765.035205,1029,-19.869050979614258
1772694777.5482829,1030,-68.62830352783203
1772694790.1630542,1031,-215.16720581054688
1772694810.8558588,1032,-61.60293197631836
1772694823.869064,1033,-90.84268951416016
1772694830.1213837,1034,62.54357147216797
1772694838.6315928,1035,-65.02210998535156
1772694848.1900792,1036,-182.66661071777344
1772694848.7343128,1037,-100.0
1772694851.4452136,1038,-119.4999771118164
1772694851.9164176,1039,-102.81800079345703
1772694858.0850708,1040,-36.592994689941406
1772694872.508769,1041,-146.7684783935547
1772694996.5669758,1042,-36.50090789794922
1772694999.7519042,1043,-13.577949523925781
1772695007.10214,1044,-48.32002258300781
1772695012.0540872,1045,-27.349899291992188
1772695013.2690601,1046,-106.8163070678711
1772695023.11049,1047,-94.58766174316406
1772695026.6990018,1048,-136.41305541992188
1772695031.8371947,1049,68.70537567138672
1772695035.8163302,1050,-144.03964233398438
1772695041.665396,1051,-37.00584030151367
1772695075.6799893,1052,-294.5513000488281
1772695080.342299,1053,-25.569433212280273
1772695084.7492943,1054,-45.42680358886719
1772695092.350278,1055,-67.4941177368164
1772695094.6538293,1056,-121.49000549316406
1772695094.8609254,1057,-100.0
1772695099.5941696,1058,-137.57424926757812
1772695104.4590812,1059,67.00255584716797
1772695107.5641952,1060,-23.84942054748535
1772695119.297214,1061,26.736366271972656
1772695124.1336215,1062,-27.814529418945312
1772695127.2960162,1063,-22.376344680786133
1772695129.6977503,1064,-124.62482452392578
1772695136.8577192,1065,-169.0969696044922
1772695157.0172703,1066,-107.85266876220703
1772695164.833496,1067,-39.340423583984375
1772695172.0884216,1068,-35.070247650146484
1772695178.163969,1069,69.22935485839844
1772695178.7136688,1070,-101.77275085449219
1772695185.164506,1071,-148.63880920410156
1772695204.1394508,1072,-119.53878021240234
1772695214.9762063,1073,53.41696548461914
1772695233.6347017,1074,-116.0576171875
1772695249.6660552,1075,-3.350627899169922
1772695251.4717982,1076,-102.5306396484375
1772695260.375006,1077,47.88969039916992
1772695266.415574,1078,-38.05306625366211
1772695275.1301415,1079,-56.11166763305664
1772695283.1656702,1080,-57.416221618652344
1772695386.9039764,1081,51.49192810058594
1772695399.2482736,1082,-194.05003356933594
1772695408.975007,1083,-185.5424346923828
1772695435.6954093,1084,-294.5845642089844
1772695441.0086732,1085,-138.5465087890625
1772695449.1030955,1086,-147.71829223632812
1772695452.961872,1087,-27.78343963623047
1772695463.2321374,1088,16.18523406982422
1772695473.1994846,1089,34.68922805786133
1772695492.2075663,1090,-135.74867248535156
1772695502.690097,1091,45.34478759765625
1772695520.8756046,1092,-48.10771179199219
1772695523.3526776,1093,-117.02558135986328
1772695529.9428034,1094,58.000396728515625
1772695533.2503843,1095,-14.5490140914917
1772695544.3933165,1096,-69.45516967773438
1772695545.642908,1097,-103.0728759765625
1772695550.090444,1098,-147.624755859375
1772695555.8241227,1099,-159.53933715820312
1772695559.9230146,1100,-27.916112899780273
1772695566.6372976,1101,-56.30609130859375
1772695573.364663,1102,-27.321813583374023
1772695583.8091986,1103,-189.90611267089844
1772695589.623446,1104,-41.424278259277344
1772695593.1732292,1105,-136.2292022705078
1772695596.2978356,1106,-23.20933723449707
1772695610.49893,1107,15.030600547790527
1772695620.523,1108,-177.25570678710938
1772695626.0608659,1109,60.572479248046875
1772695647.8737729,1110,-90.1933822631836
1772695653.0977511,1111,-37.990562438964844
1772695660.1711457,1112,-63.29289627075195
1772695668.6227856,1113,-158.00746154785156
1772695676.7688832,1114,40.53604507446289
1772695803.6732655,2,-138.6099090576172
1772695811.6360815,3,-68.16927337646484
1772695815.4801214,4,-25.87639617919922
1772695820.821214,5,-34.070648193359375
1772695828.8231006,6,-49.19343948364258
1772695832.149947,7,-29.108366012573242
1772695840.6558423,8,-51.015663146972656
1772695846.4860358,9,-140.6536407470703
1772695851.79809,10,-26.076955795288086
1772695854.3751383,11,-121.45992279052734
1772695857.4000034,12,-22.275184631347656
1772695878.9243498,13,-157.2437286376953
1772695882.864009,14,-21.274646759033203
1772695896.8482635,15,-159.36776733398438
1772695897.8634176,16,-101.57828521728516
1772695902.0549295,17,-23.067977905273438
1772695921.384202,18,-202.51551818847656
1772695923.369536,19,-105.82234191894531
1772695927.1759334,20,-122.0173568725586
1772695928.464114,21,-110.13065338134766
1772695931.432116,22,-15.114748001098633
1772695937.5750153,23,-133.14523315429688
1772695940.5911334,24,-122.45829772949219
1772695956.2396262,25,-204.35025024414062
1772695963.989202,26,-157.5586395263672
1772695973.313114,27,-136.69789123535156
1772695983.960348,28,-87.015380859375
1772695993.959664,29,-53.80512237548828
1772696007.0786562,30,-183.63726806640625
1772696014.9604564,31,64.05833435058594
1772696021.7589757,32,-41.5301628112793
1772696026.5762331,33,-146.1770782470703
1772696030.503681,34,-121.84966278076172
1772696058.1922107,35,-141.52752685546875
1772696077.2232695,36,-246.3373565673828
1772696079.415018,37,-114.79795837402344
1772696085.2481062,38,-59.92816925048828
1772696088.8226466,39,-30.003650665283203
1772696094.4638016,40,-56.03673553466797
1772696098.9027398,41,-130.1840362548828
1772696202.0885053,42,-124.7017822265625
1772696205.1993744,43,-9.75072193145752
1772696207.7428842,44,-110.48741912841797
1772696209.1998162,45,-106.43373107910156
1772696221.6237416,46,-167.81639099121094
1772696228.254296,47,-42.62686538696289
1772696237.533178,48,-61.554840087890625
1772696251.7951562,49,-79.48445892333984
1772696257.1611981,50,-32.187747955322266
1772696272.8159416,51,-211.81674194335938
1772696280.3588836,52,-139.32655334472656
1772696287.1435423,53,-52.621620178222656
1772696292.546708,54,-154.816650390625
1772696296.1117032,55,-121.00883483886719
1772696302.8136332,56,-123.3541259765625
1772696306.4856339,57,-22.075885772705078
1772696309.8625636,58,-118.97991943359375
1772696318.3015904,59,-175.19345092773438
1772696321.8398144,60,-24.418405532836914
1772696325.0584555,61,-28.051401138305664
1772696334.8034708,62,-63.4659538269043
1772696344.715644,63,-160.7196807861328
1772696360.72007,64,-103.61952209472656
1772696372.1675942,65,-187.3384552001953
1772696375.600081,66,-19.549158096313477
1772696384.8639846,67,-56.353755950927734
1772696387.6802216,68,-107.22464752197266
1772696401.5247447,69,-211.95590209960938
1772696404.1172252,70,89.4078598022461
1772696407.162464,71,-18.909448623657227
1772696421.7027218,72,-98.55711364746094
1772696431.038817,73,-53.16606140136719
1772696434.3020682,74,-14.208821296691895
1772696451.1642752,75,-122.4659194946289
1772696458.1666028,76,-35.0074577331543
1772696466.8559637,77,-61.39923095703125
1772696468.2070482,78,-102.20175170898438
1772696471.592622,79,-20.860069274902344
1772696474.6547785,80,-22.680971145629883
1772696485.9540632,81,-87.28067779541016
1772696491.5127027,82,-31.912399291992188
1772696600.720383,83,-119.69739532470703
1772696604.152197,84,-31.428550720214844
1772696607.2071016,85,-22.567886352539062
1772696608.5192094,86,-106.74812316894531
1772696614.7086864,87,-38.39569091796875
1772696615.0879912,88,-100.0
1772696625.1940153,89,-61.1627311706543
1772696639.7094448,90,-96.62032318115234
1772696644.8487923,91,-27.314823150634766
1772696646.8710296,92,-118.9497299194336
1772696662.6958454,93,-105.68755340576172
1772696666.484913,94,-27.49026870727539
1772696667.966676,95,-114.27793884277344
1772696680.3733401,96,-64.88469696044922
1772696699.069785,97,-118.01580047607422
1772696718.3433902,98,-198.09840393066406
1772696725.6704931,99,-44.34036636352539
1772696729.7517304,100,-21.759170532226562
1772696732.8297088,101,-16.839710235595703
1772696739.367401,102,-35.16848373413086
1772696744.4553864,103,-134.24818420410156
1772696747.590422,104,-12.413544654846191
1772696752.3585927,105,-24.370845794677734
1772696761.1750708,106,-56.89932632446289
1772696766.8967705,107,-35.27056884765625
1772696777.7024858,108,-75.7108383178711
1772696786.4798667,109,57.37910842895508
1772696802.5596285,110,-100.2654037475586
1772696812.4673607,111,-66.51557159423828
1772696816.6602457,112,-123.26270294189453
1772696820.0517805,113,-14.725533485412598
1772696830.357927,114,-73.8923110961914
1772696839.7011938,115,-166.127197265625
1772696842.7998002,116,-130.1011505126953
1772696862.548126,117,-105.91381072998047
1772696866.3518631,118,-22.67521858215332
1772696874.6421678,119,-47.91102600097656
1772696878.1546183,120,-34.497398376464844
1772696889.6155171,121,-91.8274154663086
1772696890.8078365,122,-106.68386840820312
1772696897.2694364,123,-131.51138305664062
1772697090.3712394,124,-32.56822967529297
1772697093.5489466,125,-18.127885818481445
1772697104.4919639,126,39.60311508178711
1772697107.9334197,127,-25.67353630065918
1772697113.2199109,128,-32.41392135620117
1772697124.6024368,129,-80.28533172607422
1772697129.101156,130,-131.7285614013672
1772697134.7659903,131,-44.63932800292969
1772697138.0100234,132,-129.569091796875
1772697156.619807,133,-105.90535736083984
1772697163.1098847,134,-42.773712158203125
1772697188.0238814,135,-171.26522827148438
1772697196.6835294,136,-49.938297271728516
1772697203.1066356,137,-39.43336868286133
1772697203.9485471,138,-104.57474517822266
1772697226.914533,139,-249.47288513183594
1772697238.6264262,140,20.380327224731445
1772697241.995919,141,-31.586956024169922
1772697256.785732,142,-196.80821228027344
1772697262.4354918,143,-57.151336669921875
1772697266.2198339,144,-28.867040634155273
1772697269.3507898,145,-31.142044067382812
1772697272.6116133,146,-26.921419143676758
1772697286.2199445,147,-88.40306854248047
1772697306.1235304,148,-143.50921630859375
1772697308.433498,149,-111.47747039794922
1772697309.826613,150,-107.40013122558594
1772697316.2621365,151,-150.8343963623047
1772697319.4601488,152,-28.848527908325195
1772697325.6984076,153,-53.84107971191406
1772697333.2592685,154,-145.9515838623047
1772697338.0366402,155,-33.082908630371094
1772697341.1043713,156,-13.153346061706543
1772697347.515284,157,-37.77197265625
1772697355.2225482,158,-44.54422378540039
1772697362.296846,159,-47.967010498046875
1772697365.567696,160,-15.362078666687012
1772697365.8206003,161,-100.0
1772697372.9614336,162,67.81912231445312
1772697381.1905649,163,-56.73360061645508
1772697546.0092165,164,-42.4632682800293
1772697568.1638303,165,-123.24485778808594
1772697583.386883,166,-177.16847229003906
1772697587.9157932,167,-24.488441467285156
1772697591.06485,168,-18.674026489257812
1772697595.6276472,169,-30.555795669555664
1772697606.0658662,170,-52.559104919433594
1772697609.4834096,171,-17.875802993774414
1772697612.715362,172,-14.761844635009766
1772697615.7061608,173,-122.4167709350586
1772697634.903652,174,-114.70806884765625
1772697638.515259,175,90.58967590332031
1772697650.6905763,176,-160.77659606933594
1772697664.940095,177,-84.40682220458984
1772697672.0266743,178,-145.40216064453125
1772697685.7434251,179,-189.11473083496094
1772697690.955242,180,-116.70244598388672
1772697719.3217459,181,-192.78570556640625
1772697724.1072521,182,83.03275299072266
1772697731.7554953,183,-45.791160583496094
1772697742.306298,184,-62.890228271484375
1772697753.0354874,185,-65.92648315429688
1772697759.1298482,186,-128.86422729492188
1772697766.8832004,187,-39.94221496582031
1772697787.1478682,188,-115.72193145751953
1772697799.8868585,189,-81.17710876464844
1772697805.4525151,190,-131.47462463378906
1772697824.337691,191,-185.97914123535156
1772697924.7339706,192,-104.73536682128906
1772697935.9537454,193,-59.33975601196289
1772697940.113724,194,79.93778991699219
1772697956.4044516,195,-101.08133697509766
1772697960.3334923,196,-28.399045944213867
1772697981.1869352,197,-130.59939575195312
1772697985.1444132,198,-17.823354721069336
1772697990.431304,199,-31.47191047668457
1772697995.2760148,200,-130.70578002929688
1772698009.175051,201,-93.09308624267578
1772698016.4527543,202,-37.9065055847168
1772698029.930714,203,-189.98397827148438
1772698045.5874116,204,-191.0311737060547
1772698052.8912404,205,-48.1832160949707
1772698057.2161634,206,-117.07588195800781
1772698066.5500317,207,-69.89317321777344
1772698077.3406415,208,-162.903564453125
1772698080.7218022,209,-16.54981803894043
1772698096.4624543,210,-203.2563018798828
1772698100.0133753,211,-25.78743553161621
1772698106.519492,212,-39.62976837158203
1772698109.7354932,213,-22.519264221191406
1772698118.25878,214,-160.30703735351562
1772698126.1394172,215,-140.35733032226562
1772698126.580312,216,-100.0
1772698129.48459,217,-26.2606201171875
1772698141.2343173,218,-183.1743927001953
1772698147.8911085,219,-43.50732421875
1772698157.5882719,220,-56.3985710144043
1772698172.5868077,221,-81.90682220458984
1772698178.226262,222,67.37484741210938
1772698189.032755,223,-162.09925842285156
1772698190.6528199,224,-108.11244201660156
1772698197.2146437,225,-37.293113708496094
1772698203.1218534,226,-35.88973617553711
1772698344.4992807,227,-232.3633575439453
1772698349.1803086,228,-24.783859252929688
1772698357.32367,229,-165.51156616210938
1772698368.5414112,230,-50.22824478149414
1772698380.479799,231,-50.08272933959961
1772698388.012345,232,-43.206520080566406
1772698393.0624814,233,-17.003530502319336
1772698404.8605754,234,-76.47395324707031
1772698410.5385232,235,-32.323333740234375
1772698413.3234835,236,-113.90077209472656
1772698416.579477,237,-24.4664249420166
1772698419.073357,238,-123.44571685791016
1772698424.3070629,239,-27.284177780151367
1772698448.180361,240,-142.3836212158203
1772698463.2514293,241,-68.54731750488281
1772698469.4391482,242,65.08731842041016
1772698477.3216236,243,-44.42208480834961
1772698491.0520837,244,-204.82498168945312
1772698512.301028,245,-130.81948852539062
1772698537.2589583,246,-149.7989501953125
1772698547.06819,247,-46.75620651245117
1772698556.7005208,248,-144.4852752685547
1772698565.7380278,249,-69.54353332519531
1772698579.4146976,250,-72.61104583740234
1772698583.7787344,251,71.11687469482422
1772698595.1710167,252,-167.10044860839844
1772698598.8233874,253,-24.422901153564453
1772698721.6869936,254,-48.73395538330078
1772698724.9415898,255,-11.816108703613281
1772698742.5333645,256,-200.53379821777344
1772698770.922613,257,-153.2947540283203
1772698779.7078688,258,-56.86897659301758
1772698793.0866838,259,26.66541862487793
1772698799.4415078,260,-36.5192756652832
1772698804.7633228,261,-33.05595016479492
1772698813.3753407,262,-52.95964050292969
1772698817.2189455,263,-24.07373046875
1772698817.7722566,264,-103.33360290527344
1772698835.6753943,265,-121.44921875
1772698839.4218464,266,-20.402042388916016
1772698841.010699,267,-109.7829818725586
1772698845.3715587,268,-23.986448287963867
1772698858.3057878,269,-86.22429656982422
1772698909.068607,270,-427.0928955078125
1772698919.739792,271,-47.09091567993164
1772698921.8507764,272,-106.48717498779297
1772698927.808695,273,-25.49506187438965
1772698941.4275582,274,-72.97531127929688
1772698954.5559957,275,-73.61138916015625
1772698966.0487683,276,-167.06399536132812
1772698966.7520232,277,-101.39961242675781
1772698970.533123,278,-24.46668815612793
1772698979.3233206,279,-149.58151245117188
1772698982.4097793,280,-121.49724578857422
1772698991.9545362,281,-164.440185546875
1772699026.9779186,282,-206.6216583251953
1772699190.3635716,283,-114.44548034667969
1772699203.9236295,284,-87.92736053466797
1772699233.7413318,285,-170.25242614746094
1772699263.3464274,286,-313.9452819824219
1772699264.786711,287,-100.0
1772699277.8742445,288,-173.11746215820312
1772699302.556588,289,-249.264892578125
1772699319.1722157,290,-209.58653259277344
1772699319.9970758,291,-100.0
1772699322.4664965,292,-118.07002258300781
1772699363.9455166,293,-270.38983154296875
1772699373.6278574,294,-148.9105682373047
1772699380.8677647,295,-64.56593322753906
1772699395.931955,296,-95.9195327758789
1772699399.50633,297,-16.348848342895508
1772699410.8059595,298,-81.2743911743164
1772699416.457654,299,-26.737499237060547
1772699422.7882838,300,-26.929729461669922
1772699431.1205955,301,-45.44452667236328
1772699441.0468433,302,-49.0726432800293
1772699451.4516375,303,-66.70204162597656
1772699456.2196212,304,-128.2232208251953
1772699471.9583607,305,-191.7073516845703
1772699603.891658,306,-241.67489624023438
1772699625.8068314,307,-121.49395751953125
1772699630.9477086,308,-118.97071838378906
1772699636.347864,309,-33.83346939086914
1772699639.9559543,310,-29.670289993286133
1772699642.6346157,311,88.68294525146484
1772699650.9487631,312,-148.28131103515625
1772699654.2108428,313,-15.501626014709473
1772699673.523199,314,-214.9619903564453
1772699681.7940013,315,-141.14430236816406
1772699682.3152528,316,-100.0
1772699682.9393272,317,-107.15402221679688
1772699696.4754462,318,-202.09442138671875
1772699700.8686016,319,-25.003768920898438
1772699729.2283678,320,-280.8458557128906
1772699735.3571541,321,-54.3831672668457
1772699738.642428,322,-113.5472412109375
1772699745.7158387,323,-144.13385009765625
1772699762.5928214,324,-88.46395874023438
1772699771.538573,325,-48.209388732910156
1772699796.0508423,326,-269.9533386230469
1772699800.0331528,327,-112.07789611816406
1772699808.5073361,328,-145.98196411132812
1772699836.8304963,329,-154.75816345214844
1772699846.0037727,330,-46.40627670288086
1772699860.9380672,331,-80.00237274169922
1772699992.724117,332,-99.76697540283203
1772699999.3282838,333,-34.3049430847168
1772700007.0076318,334,-54.682533264160156
1772700015.516811,335,-47.059776306152344
1772700023.9712338,336,-46.598548889160156
1772700032.9465435,337,-64.78382110595703
1772700042.4811776,338,-158.7257843017578
1772700054.0117266,339,-204.8021240234375
1772700062.8962417,340,-152.1089324951172
1772700065.7466822,341,-125.87417602539062
1772700071.5869312,342,-155.06649780273438
1772700078.8825595,343,-42.55542755126953
1772700095.3458612,344,-97.37879943847656
1772700104.8094628,345,-57.123077392578125
1772700158.345585,346,-286.9107971191406
1772700165.6968834,347,-41.409175872802734
1772700171.0232465,348,-32.03770446777344
1772700179.1869879,349,-141.62071228027344
1772700186.203652,350,-45.15299606323242
1772700194.1782062,351,-32.99652862548828
1772700197.0775073,352,-113.42097473144531
1772700206.0920022,353,-63.390113830566406
1772700212.040646,354,-132.73321533203125
1772700219.7399101,355,-43.40369415283203
1772700231.4198241,356,-91.66343688964844
1772700243.2312844,357,43.16410827636719
1772700257.9159844,358,-98.97271728515625
1772700407.3297355,359,-291.3975524902344
1772700420.1477299,360,-66.21701049804688
1772700437.8658884,361,-205.1470947265625
1772700441.5561738,362,-7.346736907958984
1772700444.2028346,363,-113.06961059570312
1772700450.6204228,364,-32.40816879272461
1772700463.9055135,365,-93.49695587158203
1772700471.5059326,366,-43.61680603027344
1772700475.187749,367,-126.15696716308594
1772700478.8892896,368,-129.93312072753906
1772700491.5795352,369,-74.3858871459961
1772700507.774995,370,-114.56520080566406
1772700533.3144376,371,-233.8824005126953
1772700534.6256359,372,-101.02499389648438
1772700546.1076589,373,-75.9989013671875
1772700548.6992736,374,-118.15605163574219
1772700558.2813644,375,-146.31365966796875
1772700560.5623431,376,-108.09500885009766
1772700565.5056949,377,-30.117237091064453
1772700575.3465075,378,-51.38669967651367
1772700576.4262297,379,-105.36863708496094
1772700578.555977,380,-107.2926025390625
1772700578.7654362,381,-100.0
1772700585.767368,382,-149.60362243652344
1772700588.7903,383,-106.1341781616211
1772700595.2441375,384,-42.59889602661133
1772700604.562619,385,31.59670639038086
1772700614.9548635,386,-57.545379638671875
1772700619.3078723,387,-124.82671356201172
1772700639.8497922,388,-123.13287353515625
1772700667.1226764,389,-268.5235900878906
1772700762.721953,390,-115.34703063964844
1772700764.9338331,391,-109.08270263671875
1772700780.5945523,392,-73.72138977050781
1772700782.1711974,393,-104.37030029296875
1772700787.4634938,394,67.6554946899414
1772700812.6407351,395,-248.51783752441406
1772700832.1874425,396,-102.1168212890625
1772700843.4247437,397,-79.00502014160156
1772700846.7703938,398,-26.44941520690918
1772700850.779862,399,-119.12027740478516
1772700855.325191,400,-136.71421813964844
1772700859.4194496,401,-120.13417053222656
1772700871.1227794,402,-189.1807098388672
1772700887.2229173,403,-106.0226821899414
1772700904.3387287,404,-214.75872802734375
1772700917.4724493,405,-99.50328063964844
1772700920.9554584,406,-23.592409133911133
1772700927.0573974,407,-37.42615509033203
1772700938.258038,408,-157.3475341796875
1772700944.50082,409,-35.3077392578125
1772700949.1382928,410,-123.86416625976562
1772700952.2751503,411,-116.8065185546875
1772700952.9607928,412,-103.67130279541016
1772700967.5627568,413,9.2593355178833
1772700973.0335913,414,66.2071762084961
1772700974.2795508,415,-103.29373168945312
1772700980.0811436,416,-43.353675842285156
1772700992.6598792,417,-197.82135009765625
1772700997.5053134,418,-120.67005920410156
1772701003.3394341,419,-133.86573791503906
1772701009.6503663,420,-26.74086570739746
1772701012.892702,421,-22.19835662841797
1772701024.297911,422,-163.9113311767578
1772701134.6245656,423,-180.12876892089844
1772701138.2039762,424,-11.0521240234375
1772701158.0496812,425,-209.87820434570312
1772701162.9353232,426,-27.08103370666504
1772701175.956284,427,-73.24723052978516
1772701180.092062,428,-36.73958969116211
1772701183.5068707,429,-20.8210506439209
1772701187.2095652,430,-31.552173614501953
1772701191.0813518,431,-139.7313995361328
1772701191.9492695,432,-104.30731201171875
1772701199.91323,433,-59.692623138427734
1772701203.2094865,434,-22.463985443115234
1772701214.403303,435,-62.51422882080078
1772701231.648654,436,-106.80253601074219
1772701242.0602221,437,-169.5983123779297
1772701265.491343,438,-129.57284545898438
1772701272.4194937,439,-154.13479614257812
1772701286.748592,440,-180.3854217529297
1772701296.563051,441,-62.34877014160156
1772701335.396838,442,-208.5626220703125
1772701343.2809772,443,-48.40591049194336
1772701350.330067,444,-52.69151306152344
1772701355.6520271,445,-135.70184326171875
1772701357.131751,446,-103.66935729980469
1772701360.0034413,447,85.4740219116211
1772701405.6338472,448,-389.5977783203125
1772701519.065807,449,-46.25611877441406
1772701524.8685346,450,-136.26950073242188
1772701528.24218,451,-126.59785461425781
1772701535.7084715,452,-165.77529907226562
1772701539.0257246,453,-10.260754585266113
1772701542.100648,454,-22.310190200805664
1772701560.4979565,455,-132.30471801757812
1772701565.0609572,456,-25.879364013671875
1772701575.1303713,457,-55.394371032714844
1772701577.4608648,458,-117.7420425415039
1772701587.3079016,459,-51.90575408935547
1772701618.7558246,460,-204.28326416015625
1772701623.3348355,461,-126.43230438232422
1772701632.3241038,462,-150.23492431640625
1772701643.7561803,463,-169.77505493164062
1772701654.8756874,464,44.717201232910156
1772701676.2213895,465,-118.57989501953125
1772701702.21069,466,-155.5754852294922
1772701724.6925695,467,-236.4402313232422
1772701726.6436472,468,-109.799560546875
1772701730.6683788,469,-28.7249755859375
1772701763.1303666,470,-258.32196044921875
1772701774.2910104,471,-72.65011596679688
1772701783.217623,472,-49.82048797607422
1772701795.4770463,473,-68.52821350097656
1772701804.8023024,474,-149.68255615234375
1772701812.6844902,475,-79.94607543945312
1772701885.6034875,476,-116.26398468017578
1772701888.5884545,477,-115.91874694824219
1772701899.1311789,478,-155.90176391601562
1772701906.4177632,479,-40.2261962890625
1772701915.940309,480,54.240238189697266
1772701929.830267,481,-70.91415405273438
1772701931.7887127,482,-109.42977142333984
1772701931.9618032,483,-100.0
1772701934.883363,484,-25.831987380981445
1772701968.8254063,485,-157.68515014648438
1772701988.4336455,486,-103.34626007080078
1772701993.77772,487,-125.39702606201172
1772702007.4832263,488,-158.69969177246094
1772702009.8749614,489,-118.92223358154297
1772702035.8192914,490,-164.03138732910156
1772702040.651436,491,66.36700439453125
1772702047.7880306,492,-163.61892700195312
1772702051.6208878,493,-115.72461700439453
1772702061.0042121,494,-61.52422332763672
1772702067.058644,495,-38.629146575927734
1772702072.140286,496,-23.03895378112793
1772702098.315841,497,-149.80844116210938
1772702112.2528386,498,-62.045963287353516
1772702121.0938325,499,-173.774658203125
1772702165.500661,500,-287.4920654296875
1772702168.0271978,501,-104.70591735839844
1772702182.007202,502,-199.6771697998047
1772702289.7641997,503,-90.46792602539062
1772702297.6225317,504,-140.1453094482422
1772702310.4444938,505,-202.5764923095703
1772702311.1491055,506,-100.0
1772702315.0499115,507,-116.29300689697266
1772702315.7748,508,-101.69538879394531
1772702325.2237027,509,-180.96546936035156
1772702327.675069,510,-116.36614227294922
1772702343.5185814,511,-119.83768463134766
1772702347.447304,512,-131.2953338623047
1772702365.6883261,513,-230.81871032714844
1772702373.90475,514,-43.03254699707031
1772702383.2480183,515,-52.077571868896484
1772702414.4143393,516,-180.44117736816406
1772702426.4395823,517,-57.35855484008789
1772702433.8168392,518,-164.5697784423828
1772702442.621804,519,-79.76947021484375
1772702454.1221147,520,-70.02029418945312
1772702472.2388968,521,-99.960693359375
1772702476.023764,522,-23.538835525512695
1772702492.4675748,523,-92.15642547607422
1772702497.9597263,524,-127.03070831298828
1772702505.9760594,525,-154.69570922851562
1772702513.4499702,526,-146.96165466308594
1772702551.9519396,527,-241.98989868164062
1772702556.6915958,528,-128.7183074951172
1772702568.8478565,529,-76.53840637207031
1772702661.3362613,530,5.259509563446045
1772702666.16248,531,-130.26739501953125
1772702667.430408,532,-103.23992919921875
1772702671.6417284,533,-30.8030948638916
1772702676.1128666,534,-128.83395385742188
1772702680.016423,535,-135.1716766357422
1772702699.8556387,536,-130.31861877441406
1772702702.4067407,537,-108.75017547607422
1772702708.8319683,538,-60.008941650390625
1772702722.1859295,539,-74.99761962890625
1772702738.2941709,540,-98.00310516357422
1772702741.7586138,541,-129.1507110595703
1772702746.7358372,542,-28.376083374023438
1772702751.8568008,543,-22.13230323791504
1772702770.0635493,544,-104.6402359008789
1772702775.8077402,545,-149.01425170898438
1772702780.6422362,546,-41.69365310668945
1772702783.312683,547,-113.83334350585938
1772702798.7843626,548,-93.96652221679688
1772702825.257967,549,-128.55728149414062
1772702843.256404,550,-110.39823150634766
1772702857.7364726,551,-89.17853546142578
1772702865.6066365,552,-145.1272735595703
1772702882.6667295,553,-90.66170501708984
1772702897.7906876,554,-73.13618469238281
1772702913.7245758,555,-78.13444519042969
1772702921.679906,556,-132.87094116210938
1772702947.5623732,557,-146.6096954345703
1772703037.8876915,558,-113.97565460205078
1772703040.1573882,559,-111.16177368164062
1772703052.849439,560,29.254308700561523
1772703056.6076288,561,-26.965877532958984
1772703065.2904909,562,-51.88579177856445
1772703096.8652668,563,-276.3236999511719
1772703099.4560814,564,-111.29791259765625
1772703102.5070956,565,-22.053449630737305
1772703112.889502,566,-192.2668914794922
1772703117.9230149,567,-139.3993377685547
1772703127.7056305,568,-153.58908081054688
1772703128.5131648,569,-101.50740814208984
1772703137.397023,570,-65.44145202636719
1772703151.4908137,571,-89.5320053100586
1772703155.120067,572,-18.280475616455078
1772703180.902866,573,-267.1562194824219
1772703188.0936759,574,-41.44011688232422
1772703191.2880893,575,-20.036752700805664
1772703198.557633,576,-54.92948532104492
1772703213.0482652,577,-129.6678924560547
1772703228.732275,578,-100.3259048461914
1772703233.4071512,579,-27.824115753173828
1772703233.887404,580,-102.0733642578125
1772703240.8066137,581,-39.58430862426758
1772703244.0638824,582,-20.485652923583984
1772703247.472136,583,74.82052612304688
1772703254.8585467,584,-50.77030563354492
1772703261.9831345,585,58.93893051147461
1772703267.1520233,586,-32.39299011230469
1772703267.6967244,587,-101.79215240478516
1772703271.9520574,588,-27.912738800048828
1772703285.4827373,589,-81.19803619384766
1772703304.7435682,590,-207.14218139648438
1772703415.7119782,591,-15.097148895263672
1772703423.4953728,592,-141.76463317871094
1772703435.6255527,593,-192.57164001464844
1772703436.86685,594,-101.96312713623047
1772703443.3812735,595,-138.4361572265625
1772703446.6584797,596,-25.548290252685547
1772703446.9281173,597,-100.0
1772703450.7585804,598,-139.6854248046875
1772703460.2002869,599,-63.788814544677734
1772703478.1214035,600,-113.30945587158203
1772703488.610419,601,-88.47278594970703
1772703492.3931391,602,-20.465862274169922
1772703518.7446065,603,-147.40499877929688
1772703523.9202623,604,-31.487218856811523
1772703538.640941,605,-188.00001525878906
1772703557.7197196,606,-212.89561462402344
1772703566.4870083,607,-156.0044708251953
1772703603.696603,608,-236.84796142578125
1772703609.630824,609,-32.992706298828125
1772703626.5365674,610,-131.556884765625
1772703632.4823577,611,-32.59648513793945
1772703640.393088,612,-155.00723266601562
1772703644.47172,613,-39.11265563964844
1772703649.4947703,614,-40.89493942260742
1772703666.6636648,615,-204.03831481933594
1772703689.2163842,616,-139.8438720703125
1772703699.8956153,617,-58.3740119934082
1772703708.2317865,618,-159.82545471191406
1772703887.481513,619,-52.98967742919922
1772703892.4967425,620,-148.38772583007812
1772703901.5434597,621,-66.31549072265625
1772703913.01605,622,26.233373641967773
1772703923.2746742,623,-155.1116485595703
1772703947.4947212,624,-167.95248413085938
1772703957.2259204,625,-151.93150329589844
1772703962.9515057,626,-37.53037643432617
1772703966.1480145,627,-21.708711624145508
1772703975.490318,628,47.658138275146484
1772703978.92769,629,-34.25205612182617
1772703981.9993758,630,-24.196056365966797
1772703984.4488647,631,-113.71363067626953
1772703987.664697,632,-130.07537841796875
1772703995.2369332,633,-45.44722366333008
1772704040.1674726,634,-303.6761169433594
1772704046.3555665,635,-17.945703506469727
1772704060.8565621,636,-191.95762634277344
1772704067.3262608,637,-46.58870315551758
1772704075.320826,638,-40.05463790893555
1772704084.3584652,639,52.772361755371094
1772704087.5762293,640,-124.24161529541016
1772704089.2882075,641,-115.59979248046875
1772704110.136907,642,-155.17959594726562
1772704111.2878597,643,-100.0
1772704115.330944,644,-31.325855255126953
1772704131.5262926,645,-129.92210388183594
1772704135.8706703,646,-116.8868637084961
1772704139.4639337,647,-16.272953033447266
1772704142.9274335,648,85.77145385742188
1772704147.52259,649,-22.82270050048828
1772704167.6869678,650,-143.76153564453125
1772704174.872174,651,-31.469438552856445
1772704270.4244862,652,-45.2119026184082
1772704282.2174132,653,24.734403610229492
1772704289.9767551,654,67.92105102539062
1772704306.5516636,655,-96.97753143310547
1772704312.0464015,656,-126.49162292480469
1772704328.537274,657,-103.1535415649414
1772704332.8160338,658,-137.46278381347656
1772704350.6478894,659,-129.19239807128906
1772704373.104707,660,-120.36344146728516
1772704398.71206,661,-129.36141967773438
1772704409.4405713,662,-53.18673324584961
1772704411.5187457,663,-117.44369506835938
1772704425.486811,664,-180.37054443359375
1772704430.717778,665,-21.64969825744629
1772704434.056212,666,-116.25466918945312
1772704441.0226827,667,-57.85380172729492
1772704446.4320385,668,80.99887084960938
1772704460.1980765,669,-71.9479751586914
1772704462.3748236,670,-117.57101440429688
1772704467.7755344,671,-36.891807556152344
1772704475.9289196,672,-57.817787170410156
1772704486.9517705,673,-95.60774230957031
1772704491.7509289,674,-128.40353393554688
1772704493.3679018,675,-110.69304656982422
1772704498.0717165,676,-26.785114288330078
1772704509.2116446,677,-168.2545623779297
1772704512.6889632,678,-19.65256690979004
1772704523.8707442,679,-66.32174682617188
1772704528.8880913,680,-22.08098030090332
1772704538.816289,681,-182.58982849121094
1772704557.8806765,682,-88.07579040527344
1772704706.8087323,683,-108.1415023803711
1772704709.4068449,684,-122.48030853271484
1772704735.728625,685,-280.514892578125
1772704744.4461908,686,-59.28068161010742
1772704747.753337,687,-18.09503173828125
1772704755.8796453,688,-62.27964782714844
1772704776.1975503,689,-128.84466552734375
1772704790.6623054,690,-85.22244262695312
1772704794.246831,691,-20.88200569152832
1772704805.693065,692,-62.774356842041016
1772704817.7523127,693,-65.34214782714844
1772704832.7601445,694,-88.15034484863281
1772704839.512106,695,-53.69355010986328
1772704845.799593,696,-37.53572463989258
1772704846.2780073,697,-100.59535217285156
1772704849.6223009,698,-20.618511199951172
1772704871.4968317,699,-138.49911499023438
1772704875.6960468,700,-27.816131591796875
1772704881.0232847,701,-29.83662223815918
1772704884.2069893,702,-11.751928329467773
1772704887.2708976,703,-17.028671264648438
1772704894.7588565,704,-30.639616012573242
1772704898.3105855,705,-134.58128356933594
1772704907.5041165,706,-67.0719985961914
1772704916.0990267,707,-41.20725631713867
1772704920.9760036,708,-43.47734069824219
1772704928.160545,709,-130.7489776611328
1772704934.5308344,710,-36.63494873046875
1772704945.6667678,711,-73.82176208496094
1772704955.8375957,712,-162.65858459472656
1772704961.0914195,713,66.72148895263672
1772704970.3991058,714,43.589202880859375
1772704976.0015056,715,79.68527221679688
1772704976.535761,716,-101.12903594970703
1772704976.9444847,717,-101.32000732421875
1772704978.7595766,718,-114.94710540771484
1772704986.895305,719,-48.82228088378906
1772705154.0114377,720,-138.94252014160156
1772705167.8119586,721,-172.63397216796875
1772705172.7936416,722,-24.607112884521484
1772705185.0266497,723,-93.5860595703125
1772705191.5319028,724,-42.03937911987305
1772705206.915788,725,-91.27543640136719
1772705220.5794067,726,-73.84605407714844
1772705233.2973342,727,-70.45935821533203
1772705238.7372367,728,-41.070735931396484
1772705248.5784805,729,-164.22531127929688
1772705253.309051,730,-44.07801055908203
1772705256.7603507,731,-17.115964889526367
1772705260.3693218,732,82.20631408691406
1772705261.2648692,733,-106.553466796875
1772705266.019143,734,-23.05642318725586
1772705270.9579022,735,-144.9009246826172
1772705274.5242743,736,89.39160919189453
1772705281.4233232,737,-39.90586853027344
1772705293.3697133,738,-60.85124969482422
1772705299.632115,739,50.123775482177734
1772705305.606445,740,-33.83842086791992
1772705311.267665,741,-136.63235473632812
1772705324.1402457,742,32.94602966308594
1772705333.497663,743,-160.13136291503906
1772705343.395731,744,-53.61634063720703
1772705354.6422105,745,-171.18701171875
1772705359.1628122,746,-130.42794799804688
1772705364.9946885,747,-39.37653350830078
1772705379.5702057,748,-86.57355499267578
1772705386.9148567,749,-148.3046417236328
1772705391.6980462,750,-37.378578186035156
1772705406.22214,751,-108.63658142089844
1772705412.0835361,752,-136.6692657470703
1772705421.446432,753,-63.9329833984375
1772705429.37888,754,-142.95526123046875
1772705436.249999,755,65.8085708618164
1772705442.9462163,756,-132.8596649169922
1772705490.2746747,757,-18.904020309448242
1772705500.1037931,758,-61.65835189819336
1772705514.2609808,759,-85.91253662109375
1772705526.277132,760,-77.81114959716797
1772705531.724455,761,-32.43811798095703
1772705534.8974013,762,-23.394784927368164
1772705542.7043855,763,-48.81410598754883
1772705548.2902358,764,-33.47587203979492
1772705563.0895808,765,-83.08483123779297
1772705568.3455944,766,74.73089599609375
1772705572.8439436,767,-30.62222671508789
1772705577.995894,768,72.26697540283203
1772705582.6036637,769,-21.165742874145508
1772705616.3770707,770,-216.22076416015625
1772705620.4628205,771,-118.50808715820312
1772705622.6032708,772,93.49905395507812
1772705633.5207493,773,-75.30567932128906
1772705640.531984,774,-147.33978271484375
1772705647.7154918,775,-155.76339721679688
1772705681.3557885,776,-217.11741638183594
1772705697.658863,777,-90.8816909790039
1772705704.6362069,778,66.04166412353516
1772705708.5644615,779,-27.663148880004883
1772705711.6334913,780,-12.03046989440918
1772705729.9340913,781,-130.82321166992188
1772705734.796132,782,-18.187028884887695
1772705742.6583064,783,-144.8415985107422
1772705746.136748,784,-17.139907836914062
1772705749.1960306,785,-11.414349555969238
1772705757.1234155,786,-149.13072204589844
1772705758.9737728,787,-111.20796203613281
1772705766.9791248,788,-40.81742858886719
1772705777.5567229,789,-67.48161315917969
1772705800.204127,790,-227.49490356445312
1772705852.721387,791,-26.475330352783203
1772705870.1512492,792,-101.04930114746094
1772705887.004879,793,-87.0867691040039
1772705904.4819043,794,-107.40444946289062
1772705915.7033799,795,-181.36251831054688
1772705928.5009615,796,-60.06865310668945
1772705939.6396587,797,-164.4661407470703
1772705944.7691345,798,73.74248504638672
1772705951.309807,799,-150.20550537109375
1772705960.909643,800,-182.32867431640625
1772705968.1956193,801,-36.292724609375
1772705984.5783982,802,-215.7221221923828
1772705992.1288135,803,-45.89610290527344
1772705995.3646414,804,-14.468753814697266
1772706010.149697,805,-88.66302490234375
1772706014.7838275,806,-132.3184814453125
1772706018.2469923,807,87.5250015258789
1772706022.336596,808,-42.25960922241211
1772706025.4724808,809,-17.26490020751953
1772706040.8236532,810,-231.5160675048828
1772706047.4649367,811,-141.57638549804688
1772706057.0376527,812,37.44057083129883
1772706069.0063946,813,-96.20523071289062
1772706073.9438355,814,-52.89818572998047
1772706079.1997678,815,-44.13044738769531
1772706086.8405523,816,57.605224609375
1772706090.60632,817,-23.160396575927734
1772706095.5914207,818,-30.714780807495117
1772706104.2872796,819,-56.54598617553711
1772706110.37309,820,-31.253515243530273
1772706111.1773984,821,-102.83324432373047
1772706127.2313323,822,-185.2952117919922
1772706147.0161598,823,-129.36473083496094
1772706322.0081627,824,-130.23397827148438
1772706326.2843347,825,-20.772531509399414
1772706331.5436282,826,-30.783645629882812
1772706333.324863,827,-116.95789337158203
1772706352.576294,828,-127.72612762451172
1772706356.1626287,829,-122.04357147216797
1772706359.1826952,830,-22.990123748779297
1772706363.0306525,831,-38.3443489074707
1772706404.3077772,832,-220.5282745361328
1772706412.9816835,833,-142.39247131347656
1772706420.870577,834,-52.39224624633789
1772706424.160344,835,-17.810081481933594
1772706427.718002,836,-31.14899444580078
1772706434.1235645,837,63.711761474609375
1772706437.358225,838,-19.18231201171875
1772706443.2106903,839,-136.15682983398438
1772706462.9593523,840,-240.78887939453125
1772706475.079577,841,-81.51692199707031
1772706488.9474587,842,-72.4974594116211
1772706491.608374,843,88.12405395507812
1772706494.6503148,844,-24.09453582763672
1772706501.7512918,845,-162.03732299804688
1772706509.488284,846,-41.05314254760742
1772706536.273062,847,-270.99169921875
1772706542.2467008,848,-31.1763973236084
1772706545.4350286,849,-13.049509048461914
1772706574.944067,850,-188.58470153808594
1772706583.696041,851,-171.0867462158203
1772706694.0156524,852,-156.7493896484375
1772706697.3189907,853,-32.36390686035156
1772706712.145086,854,-203.63673400878906
1772706713.549757,855,-107.14148712158203
1772706719.0303376,856,-38.04582977294922
1772706740.224073,857,-229.9944305419922
1772706750.9759138,858,-58.57886505126953
1772706755.1271331,859,-121.23648834228516
1772706785.04857,860,-83.20117950439453
1772706804.4798205,861,-33.24617004394531
1772706815.2638023,862,-97.91602325439453
1772706818.6368935,863,-26.323530197143555
1772706834.209102,864,-101.05585479736328
1772706839.1717706,865,-20.558063507080078
1772706844.7512827,866,-127.50334167480469
1772706862.751417,867,-94.74694061279297
1772706867.167717,868,-125.82376861572266
1772706874.9113421,869,-44.45473098754883
1772706877.2295942,870,-119.34822845458984
1772706884.1606293,871,47.93178939819336
1772706891.3280497,872,-59.71855926513672
1772706894.5450199,873,-18.11884307861328
1772706899.510702,874,-24.49750518798828
1772706904.7053804,875,-34.73893737792969
1772706913.4535728,876,-154.7374267578125
1772706936.4302602,877,-112.42874908447266
1772706938.6169655,878,97.89226531982422
1772706942.3674905,879,-28.767061233520508
1772706945.47184,880,-29.786479949951172
1772706954.4702318,881,44.16236114501953
1772706963.7513697,882,-150.3152313232422
1772706967.0788026,883,-23.107126235961914
1772706973.8808422,884,65.59136962890625
1772706976.6719882,885,91.17682647705078
1772706979.744918,886,-26.02227210998535
1772706989.6344936,887,31.13498306274414
1772707019.80126,888,71.05908966064453
1772707025.8942204,889,65.87464904785156
1772707031.366143,890,70.96795654296875
1772707039.0865645,891,-40.554378509521484
1772707047.1096745,892,-47.866275787353516
1772707050.3802686,893,-31.14852523803711
1772707062.9429052,894,15.693560600280762
1772707070.463775,895,-42.84096145629883
1772707073.7415612,896,-25.450742721557617
1772707076.8146207,897,-27.736927032470703
1772707077.0786932,898,-100.0
1772707083.8637486,899,58.35905838012695
1772707089.2615142,900,-34.75335693359375
1772707089.6329176,901,-100.0
1772707104.0317962,902,7.525643825531006
1772707112.1924984,903,51.974178314208984
1772707119.298476,904,-127.38858795166016
1772707133.3750904,905,-108.00570678710938
1772707148.8872848,906,10.504960060119629
1772707156.4807374,907,60.71096420288086
1772707172.5440192,908,-202.50894165039062
1772707177.8076746,909,-28.873334884643555
1772707208.5901983,910,-171.05030822753906
1772707218.6740823,911,-50.83424758911133
1772707233.8242762,912,-81.13273620605469
1772707237.4874196,913,-21.899415969848633
1772707243.591788,914,-32.6173210144043
1772707249.1841643,915,66.1554183959961
1772707260.1110837,916,-150.43411254882812
1772707268.7372417,917,62.28151321411133
1772707272.0546134,918,-25.14714241027832
1772707296.7862356,919,-148.58718872070312
1772707312.9871178,920,-145.4498291015625
1772707355.6080854,921,-19.77390480041504
1772707362.5357559,922,-36.962459564208984
1772707379.7577085,923,-188.40994262695312
1772707383.4316423,924,87.3575210571289
1772707390.9684415,925,-51.33626937866211
1772707411.9503958,926,-19.951904296875
1772707419.4243915,927,-39.71421813964844
1772707422.6374862,928,-19.96256446838379
1772707432.5553527,929,-73.44769287109375
1772707436.0001957,930,-18.083160400390625
1772707444.575885,931,-58.20621109008789
1772707456.1520095,932,-58.9166145324707
1772707465.3670495,933,-59.28047180175781
1772707469.5739279,934,-36.35308074951172
1772707490.4877906,935,-24.917844772338867
1772707494.400446,936,-14.095588684082031
1772707501.9048705,937,-135.79595947265625
1772707520.8253016,938,-140.30519104003906
1772707532.8014195,939,-73.23312377929688
1772707537.8829432,940,-37.56108856201172
1772707560.5576801,941,-133.46006774902344
1772707566.278709,942,-32.902767181396484
1772707570.1817083,943,-120.40005493164062
1772707576.023152,944,-37.49631118774414
1772707583.2784145,945,-46.1276969909668
1772707604.3246768,946,7.732795715332031
1772707614.886913,947,-46.931095123291016
1772707621.1328719,948,-36.39806365966797
1772707638.5280092,949,-236.57254028320312
1772707742.1035454,950,-191.8099822998047
1772707742.8388243,951,-100.0
1772707745.7550712,952,-15.332551956176758
1772707749.7105224,953,-26.382410049438477
1772707750.9576678,954,-110.95197296142578
1772707767.3820457,955,-119.0395278930664
1772707770.7906566,956,85.58038330078125
1772707773.8377383,957,-20.053247451782227
1772707779.2415879,958,-23.605484008789062
1772707790.2318628,959,-168.02037048339844
1772707793.6697562,960,-32.28757095336914
1772707801.3905911,961,-153.296875
1772707809.5512974,962,-146.15000915527344
1772707810.8400252,963,-104.73617553710938
1772707814.7328281,964,-31.75387191772461
1772707819.1846676,965,-28.89652442932129
1772707824.8697917,966,70.46063995361328
1772707833.3762887,967,-63.870086669921875
1772707836.8329961,968,-126.47977447509766
1772707843.0663967,969,66.21515655517578
1772707860.3896391,970,-99.22295379638672
1772707875.3605602,971,-101.9155502319336
1772707894.8808055,972,-115.75476837158203
1772707907.218236,973,-90.25944519042969
1772707916.123525,974,-56.641292572021484
1772707920.0392911,975,-16.982694625854492
1772707939.3843484,976,0.7344358563423157
1772707940.4630742,977,-100.70685577392578
1772707945.1557643,978,-33.76069259643555
1772707955.4781144,979,-81.86884307861328
1772707965.1896708,980,-73.04994201660156
1772707973.303022,981,-46.153411865234375
1772707979.2779124,982,-36.78279113769531
1772707985.215337,983,66.66039276123047
1772707990.2774796,984,-28.96764373779297
1772707994.1834886,985,-22.350337982177734
1772708011.7689486,986,-110.75878143310547
1772708018.9663029,987,56.98438262939453
1772708022.2946715,988,-122.95002746582031
1772708070.6687222,989,-103.35576629638672
1772708075.0752022,990,-26.33811378479004
1772708078.1756115,991,-17.698001861572266
1772708082.8386843,992,-21.03211212158203
1772708094.010244,993,-65.56310272216797
1772708109.6534643,994,6.88953161239624
1772708126.0805278,995,-113.01811981201172
1772708133.176319,996,-155.89080810546875
1772708146.809716,997,-71.72364807128906
1772708151.2731597,998,80.1574478149414
1772708158.071703,999,-31.47635269165039
1772708172.4084585,1000,-103.3416976928711
1772708187.3426776,1001,-173.0014190673828
1772708199.0637307,1002,-55.20170211791992
1772708204.7506237,1003,-38.941627502441406
1772708210.079992,1004,68.22017669677734
1772708231.1206052,1005,-217.2292938232422
1772708239.4661214,1006,67.49063873291016
1772708242.746641,1007,-14.447189331054688
1772708245.7825248,1008,-14.113588333129883
1772708252.3363576,1009,65.00150299072266
1772708255.5532057,1010,-18.155855178833008
1772708261.1900263,1011,-22.016990661621094
1772708264.7828457,1012,-128.59307861328125
1772708275.215207,1013,-55.249874114990234
1772708288.2306678,1014,15.009238243103027
1772708291.7513723,1015,-21.37101936340332
1772708313.399823,1016,-163.23040771484375
1772708314.8949654,1017,-104.07538604736328
1772708320.342939,1018,-39.005252838134766
1772708322.8941407,1019,-111.68920135498047
1772708328.055848,1020,-38.88712692260742
1772708331.247277,1021,-21.546052932739258
1772708331.5122035,1022,-100.0
1772708334.4324558,1023,-18.713642120361328
1772708348.5115495,1024,-95.91388702392578
1772708361.0560684,1025,-88.44678497314453
1772708365.9673803,1026,-26.659503936767578
1772708440.063907,1027,-25.484975814819336
1772708443.322319,1028,-18.660432815551758
1772708450.6071682,1029,47.431331634521484
1772708458.680301,1030,49.66926574707031
1772708463.3657808,1031,-28.524559020996094
1772708466.5029314,1032,-21.959552764892578
1772708469.5589168,1033,-20.80429458618164
1772708473.5186412,1034,-31.45844268798828
1772708480.8471026,1035,54.459083557128906
1772708485.664092,1036,-27.77625274658203
1772708496.55104,1037,-79.79228973388672
1772708504.4002895,1038,-45.96397399902344
1772708509.727437,1039,-46.4091911315918
1772708515.4059145,1040,-27.735952377319336
1772708527.143951,1041,-83.20205688476562
1772708531.9678268,1042,78.706787109375
1772708539.7894907,1043,-52.1126594543457
1772708544.1857886,1044,-22.800939559936523
1772708549.2743661,1045,-38.26329040527344
1772708557.9977705,1046,-53.052547454833984
1772708564.579817,1047,67.82168579101562
1772708569.615177,1048,80.3434066772461
1772708576.3849723,1049,-51.94831848144531
1772708592.1353266,1050,-94.39505004882812
1772708594.5115993,1051,-105.04690551757812
1772708600.7370794,1052,-39.13459014892578
1772708619.3738878,1053,-131.2403106689453
1772708627.270073,1054,-50.29192352294922
1772708633.4238446,1055,67.38587951660156
1772708637.2220728,1056,-38.174095153808594
1772708640.3122046,1057,-20.384130477905273
1772708660.8646965,1058,-130.25193786621094
1772708665.9211662,1059,-22.531034469604492
1772708674.423548,1060,58.30231475830078
1772708679.0307,1061,-36.307212829589844
1772708680.6436117,1062,-116.16497802734375
1772708683.6229932,1063,-25.377822875976562
1772708687.808547,1064,-24.106782913208008
1772708693.7601337,1065,-28.14056968688965
1772708697.444483,1066,-23.747787475585938
1772708704.5433397,1067,-58.443763732910156
1772708707.7753527,1068,-23.16219711303711
1772708719.1738567,1069,-60.163047790527344
1772708733.6787791,1070,-138.17825317382812
1772708813.4531348,1071,-100.0
1772708827.9308887,1072,-83.52615356445312
1772708831.584808,1073,-14.765669822692871
1772708846.6298065,1074,-108.66716003417969
1772708863.8858168,1075,-120.57636260986328
1772708867.4607725,1076,-128.9800262451172
1772708869.0556211,1077,-114.83769989013672
1772708880.4067097,1078,-66.35335540771484
1772708891.4600806,1079,-63.71651077270508
1772708897.3027463,1080,69.5203628540039
1772708904.9926136,1081,54.95588684082031
1772708910.4240358,1082,75.56454467773438
1772708928.76704,1083,-5.374285697937012
1772708940.7035968,1084,-184.5919647216797
1772708951.6233017,1085,-100.37305450439453
1772708962.4000144,1086,-49.95791244506836
1772708969.7440922,1087,-133.36578369140625
1772708981.4499388,1088,-83.71630859375
1772708990.0001087,1089,-41.150123596191406
1772708994.6152103,1090,-143.566650390625
1772709010.6478019,1091,-100.26923370361328
1772709014.4231396,1092,-20.860004425048828
1772709020.2937422,1093,67.51751708984375
1772709030.0629528,1094,-44.629310607910156
1772709034.6557336,1095,-123.96846008300781
1772709040.685615,1096,58.40057373046875
1772709047.0803065,1097,-34.047813415527344
1772709053.808638,1098,60.9007568359375
1772709064.2144885,1099,51.09743881225586
1772709071.1998885,1100,58.990909576416016
1772709083.07954,1101,15.705437660217285
1772709088.6847029,1102,78.52655029296875
1772709094.317571,1103,-42.744468688964844
1772709107.5204406,1104,29.759082794189453
1772709108.9546928,1105,-107.67569732666016
1772709288.4074013,1106,-104.06800842285156
1772709291.3597903,1107,-20.6254825592041
1772709299.2235844,1108,-86.0123519897461
1772709304.0387936,1109,73.12899017333984
1772709310.6607256,1110,-71.06248474121094
1772709315.903854,1111,65.50802612304688
1772709320.1601415,1112,-33.516029357910156
1772709328.557546,1113,37.521480560302734
1772709353.5507295,1114,-73.28717041015625
1772709364.2310414,1115,54.80925369262695
1772709371.9095433,1116,-48.04816436767578
1772709377.4081268,1117,-28.7645206451416
1772709390.7455933,1118,-82.51425170898438
1772709398.9374037,1119,-48.86648178100586
1772709405.8148603,1120,66.45291900634766
1772709407.519986,1121,-108.68236541748047
1772709415.8718567,1122,37.42951965332031
1772709422.4076715,1123,-48.592193603515625
1772709425.631454,1124,-15.865557670593262
1772709432.5523002,1125,61.95095443725586
1772709438.6237154,1126,77.8123779296875
1772709451.6475441,1127,-110.69317626953125
1772709455.1675034,1128,-26.373767852783203
1772709458.2225423,1129,-20.272851943969727
1772709470.5549157,1130,-77.78802490234375
1772709475.3671324,1131,-34.97043228149414
1772709478.542022,1132,-31.23147201538086
1772709483.1041918,1133,-29.358829498291016
1772709485.2309263,1134,-111.24322509765625
1772709488.5484107,1135,-129.01890563964844
1772709498.1506863,1136,55.59284210205078
1772709501.5360694,1137,-20.789758682250977
1772709507.4475076,1138,-29.039133071899414
1772709510.6744149,1139,-21.315635681152344
1772709512.4845836,1140,-113.63858032226562
1772709522.6181626,1141,-185.05630493164062
1772709530.2006807,1142,67.71321105957031
1772709536.0473814,1143,-30.2347412109375
1772709544.6163125,1144,50.19783401489258
1772709550.9160376,1145,75.6763687133789
1772709562.080703,1146,43.0274543762207
1772709571.9827998,1147,-49.24416732788086
1772709573.470916,1148,-112.20790100097656
1772709580.2401142,1149,-42.95976638793945
1772709585.488069,1150,-29.449731826782227
1772709693.4399004,1151,-41.27952575683594
1772709698.806819,1152,-38.3645133972168
1772709714.4875,1153,-20.186655044555664
1772709738.880719,1154,-40.80074691772461
1772709750.0809042,1155,-57.769039154052734
1772709757.5407348,1156,-35.89498519897461
1772709770.367365,1157,-89.17157745361328
1772709778.6706672,1158,40.02804183959961
1772709796.3778114,1159,0.3556833863258362
1772709800.1857488,1160,-17.29765510559082
1772709803.2549632,1161,-22.404253005981445
1772709806.3096142,1162,-29.001354217529297
1772709810.8386402,1163,-45.29188919067383
1772709814.1289103,1164,-114.53463745117188
1772709823.2220001,1165,42.792789459228516
1772709830.3614998,1166,-38.568424224853516
1772709836.7589004,1167,-42.49210739135742
1772709846.3725939,1168,-57.29542922973633
1772709849.7186003,1169,-28.126663208007812
1772709865.4621437,1170,-111.15898132324219
1772709869.165718,1171,-15.632030487060547
1772709881.0792894,1172,-87.41705322265625
1772709881.7983751,1173,-100.0
1772709884.8868709,1174,-21.67713165283203
1772709887.9585752,1175,-22.649507522583008
1772709891.0129182,1176,-22.398666381835938
1772709911.6310372,1177,-101.73725891113281
1772709919.351713,1178,-55.23585891723633
1772709928.0226777,1179,-183.78884887695312
1772709966.655309,1180,-343.2132568359375
1772709975.3353438,1181,-38.22446823120117
1772709978.5994253,1182,-33.3428840637207
1772709981.6557047,1183,-20.89706039428711
1772709988.557774,1184,-50.81636047363281
1772710104.1630263,1185,-18.645065307617188
1772710107.9606092,1186,-144.228759765625
1772710111.0870106,1187,-16.502639770507812
1772710114.439959,1188,-18.643539428710938
1772710123.519802,1189,60.357913970947266
1772710131.9680943,1190,-45.830291748046875
1772710135.8869803,1191,-30.26801872253418
1772710141.568451,1192,-36.00041198730469
1772710145.3038425,1193,-25.881916046142578
1772710154.8312638,1194,-161.43748474121094
1772710163.5119438,1195,-67.5431900024414
1772710170.5103896,1196,-43.712547302246094
1772710198.8614926,1197,-136.79551696777344
1772710215.0108619,1198,-95.66685485839844
1772710222.6064844,1199,-34.72171401977539
1772710226.4644628,1200,-136.10276794433594
1772710229.8309505,1201,-32.89878845214844
1772710237.0476894,1202,-45.90450668334961
1772710240.327095,1203,-25.566221237182617
1772710243.3923907,1204,-14.911177635192871
1772710246.4556882,1205,-21.68242073059082
1772710254.4049275,1206,-82.44552612304688
1772710259.7248685,1207,-41.023006439208984
1772710263.383646,1208,-31.369108200073242
1772710267.2636347,1209,-122.34404754638672
1772710270.3585656,1210,-21.86077117919922
1772710273.9205868,1211,87.8526840209961
1772710274.5959063,1212,-102.4812240600586
1772710277.5272973,1213,-19.908668518066406
1772710286.69386,1214,47.002742767333984
1772710290.0546737,1215,-20.815059661865234
1772710295.5787728,1216,-59.000083923339844
1772710301.9435136,1217,-32.47633743286133
1772710305.1528609,1218,-18.942453384399414
1772710323.1827884,1219,-170.53421020507812
1772710326.7676249,1220,85.7564468383789
1772710328.5149314,1221,-116.02006530761719
1772710328.7117484,1222,-100.0
1772710332.7265267,1223,-25.441816329956055
1772710339.6851285,1224,-45.42341995239258
1772710346.1152146,1225,-38.39168167114258
1772710351.3924189,1226,-44.61384201049805
1772710360.2564998,1227,59.982505798339844
1772710365.2808847,1228,-33.752254486083984
1772710380.9207187,1229,3.015366792678833
1772710387.7974555,1230,-41.10503387451172
1772710398.807931,1231,-63.03974151611328
1772710449.6539671,1232,-16.73249053955078
1772710457.5036242,1233,-54.74696350097656
1772710458.9126601,1234,-105.56082916259766
1772710463.0002627,1235,-35.194793701171875
1772710476.0564497,1236,16.807292938232422
1772710488.975289,1237,-85.03483581542969
1772710491.5252218,1238,-118.54834747314453
1772710495.4077742,1239,-33.01447296142578
1772710510.2857983,1240,-112.14289855957031
1772710518.062574,1241,-34.98459243774414
1772710524.0003462,1242,-40.50252914428711
1772710527.2558823,1243,-27.27544593811035
1772710530.3592186,1244,-17.793920516967773
1772710536.166323,1245,68.73881530761719
1772710539.3497353,1246,-25.506986618041992
1772710542.4136412,1247,-29.0411434173584
1772710561.2861218,1248,-198.87442016601562
1772710570.0949082,1249,-42.629615783691406
1772710581.2548122,1250,32.55748748779297
1772710602.4878452,1251,-30.260948181152344
1772710607.7931201,1252,-47.735496520996094
1772710608.1312766,1253,-100.0
1772710611.8954232,1254,-128.30838012695312
1772710616.864436,1255,-42.708351135253906
1772710622.5419645,1256,-34.9075927734375
1772710628.1693282,1257,75.63504791259766
1772710640.127996,1258,-82.42498016357422
1772710656.8227847,1259,-17.740821838378906
1772710662.9114673,1260,-129.34759521484375
1772710672.0556624,1261,-54.89939880371094
1772710678.6478043,1262,71.14244842529297
1772710683.1045375,1263,-23.323469161987305
1772710687.7832952,1264,-32.60500717163086
1772710694.3266046,1265,-157.72958374023438
1772710698.5197947,1266,-29.667842864990234
1772710699.0165553,1267,-100.5158920288086
1772710707.713157,1268,56.21017074584961
1772710709.0062847,1269,-101.8987808227539
1772710715.2960896,1270,-43.98175811767578
1772710719.8467476,1271,77.5077133178711
1772710733.0570254,1272,-76.795654296875
1772710739.2563708,1273,74.14864349365234
1772710781.7317715,1274,-20.74138832092285
1772710799.2894726,1275,-104.9185562133789
1772710805.3008769,1276,-48.37893295288086
1772710821.6382906,1277,-109.23848724365234
1772710829.1567307,1278,49.939720153808594
1772710838.0803497,1279,-175.9325714111328
1772710857.879111,1280,-122.2667465209961
1772710864.5756943,1281,-31.039112091064453
1772710869.5357523,1282,-24.092926025390625
1772710878.815833,1283,-169.64012145996094
1772710885.1657412,1284,-48.742958068847656
1772710892.0146303,1285,-36.24550247192383
1772710903.2148335,1286,-60.110843658447266
1772710914.1263933,1287,-78.65998077392578
1772710928.3670554,1288,-99.4539566040039
1772710931.960164,1289,-22.763734817504883
1772710943.9047928,1290,-91.71900939941406
1772710953.5745783,1291,49.43037414550781
1772710958.2868462,1292,-126.27012634277344
1772710965.0352647,1293,-163.26034545898438
1772710977.2628512,1294,-71.11463928222656
1772710980.7432191,1295,-20.80359649658203
1772710985.4937532,1296,-41.71868133544922
1772710997.6782134,1297,-175.27230834960938
1772711001.1841094,1298,-13.739836692810059
1772711004.2560728,1299,-29.037639617919922
1772711009.8877163,1300,65.2262954711914
1772711013.0711348,1301,-27.233104705810547
1772711016.1346834,1302,-14.90903091430664
1772711019.6939943,1303,-28.377716064453125
1772711034.128966,1304,22.19870948791504
1772711038.184632,1305,-30.472183227539062
1772711046.373234,1306,-42.78363037109375
1772711050.6047,1307,-131.93186950683594
1772711054.982683,1308,74.71410369873047
1772711071.250004,1309,-113.58119201660156
1772711075.0419044,1310,-22.678701400756836
1772711161.633308,1311,-29.29832649230957
1772711170.1585011,1312,55.08852005004883
1772711173.5112278,1313,-25.488075256347656
1772711190.7348802,1314,-210.02383422851562
1772711194.4863994,1315,-21.82555389404297
1772711205.3127422,1316,42.086395263671875
1772711208.7736673,1317,-26.254749298095703
1772711214.8586543,1318,-28.117961883544922
1772711218.1126895,1319,-21.898258209228516
1772711223.884958,1320,-43.90590286254883
1772711233.56747,1321,47.91157531738281
1772711237.2060466,1322,-37.35663986206055
1772711245.6785784,1323,-43.06510543823242
1772711253.3810284,1324,-46.92777633666992
1772711256.8352785,1325,-25.07436180114746
1772711260.2929235,1326,-23.447874069213867
1772711266.112783,1327,-36.64614486694336
1772711288.5814705,1328,-154.5764617919922
1772711300.7921445,1329,-76.13860321044922
1772711304.3266227,1330,-18.900390625
1772711307.5687175,1331,-22.93329620361328
1772711312.7038367,1332,-22.749134063720703
1772711313.0786014,1333,-100.0
1772711316.709874,1334,87.48685455322266
1772711328.626708,1335,-196.3582000732422
1772711335.4291239,1336,59.60105895996094
1772711347.7510338,1337,-77.49359130859375
1772711356.0145473,1338,-49.951725006103516
1772711364.171562,1339,-41.39605712890625
1772711378.2869668,1340,-76.75426483154297
1772711385.4459522,1341,-38.524635314941406
1772711387.071592,1342,97.62532806396484
1772711419.8408022,1343,-154.4607391357422
1772711433.6317265,1344,-65.85408020019531
1772711445.7915847,1345,-57.08464813232422
1772711455.6489592,1346,45.04600143432617
1772711517.9256325,1347,68.01668548583984
1772711521.155086,1348,-17.95766258239746
1772711528.7044132,1349,56.304725646972656
1772711532.039857,1350,-32.70442199707031
1772711543.9229739,1351,-56.097721099853516
1772711552.4230978,1352,-37.82697296142578
1772711555.7360942,1353,-21.125675201416016
1772711556.006333,1354,-100.0
1772711558.977033,1355,-7.003735065460205
1772711570.169222,1356,-60.96257019042969
1772711575.0109518,1357,80.71088409423828
1772711604.739538,1358,-269.7486267089844
1772711609.0583012,1359,-16.114891052246094
1772711615.3731704,1360,66.08460235595703
1772711615.8922195,1361,-101.58651733398438
1772711644.9176338,1362,-144.26121520996094
1772711650.5714443,1363,-30.24321746826172
1772711655.4187126,1364,-30.44060707092285
1772711659.8656342,1365,-26.62103271484375
1772711663.7798111,1366,-32.11777114868164
1772711680.0359035,1367,-93.9613265991211
1772711686.5965223,1368,61.81915283203125
1772711693.4302094,1369,62.5987434387207
1772711700.3674178,1370,-42.633216857910156
1772711716.1967614,1371,19.776920318603516
1772711725.543288,1372,47.79777145385742
1772711728.9616704,1373,-12.653094291687012
1772711731.9834294,1374,-22.95429801940918
1772711734.9786756,1375,-30.412811279296875
1772711737.9773972,1376,-22.06405258178711
1772711749.2105587,1377,37.96894454956055
1772711754.9913392,1378,-33.939266204833984
1772711758.0803344,1379,-19.750022888183594
1772711761.0770223,1380,-30.598745346069336
1772711765.4746459,1381,-29.03428077697754
1772711768.5382965,1382,-17.902456283569336
1772711771.5771267,1383,-14.647110939025879
1772711779.4231095,1384,-152.30702209472656
1772711788.9814065,1385,48.001319885253906
1772711792.4194922,1386,-16.737560272216797
1772711802.6389463,1387,-65.48249053955078
1772711866.244962,1388,-30.70875358581543
1772711869.7013206,1389,-139.22752380371094
1772711881.1972058,1390,-72.29679107666016
1772711884.5683558,1391,-25.091169357299805
1772711892.6005425,1392,-64.35101318359375
1772711896.2228456,1393,81.6633529663086
1772711900.4623752,1394,-29.96430015563965
1772711907.4466395,1395,-56.594024658203125
1772711910.6682978,1396,-28.31953239440918
1772711917.6659894,1397,-44.67481994628906
1772711921.7962415,1398,-21.286760330200195
1772711929.9945378,1399,-61.65627670288086
1772711937.730366,1400,78.48388671875
1772711948.526428,1401,-75.7986068725586
1772711966.1180348,1402,-103.29409790039062
1772711967.5530338,1403,-106.78990173339844
1772711972.2680929,1404,-29.046693801879883
1772711979.0444334,1405,75.93386840820312
1772711984.267342,1406,-39.344696044921875
1772711989.1317272,1407,-146.8940887451172
1772712006.6455488,1408,-120.00459289550781
1772712011.0391605,1409,-22.596431732177734
1772712015.7581737,1410,76.3626937866211
1772712018.9889338,1411,-30.499313354492188
1772712021.7721505,1412,91.37380981445312
1772712025.498538,1413,-17.147397994995117
1772712031.5672262,1414,-37.014469146728516
1772712035.2980409,1415,-16.713335037231445
1772712041.839675,1416,-51.39699172973633
1772712052.3977182,1417,-55.34638214111328
1772712064.6620798,1418,35.30048370361328
1772712068.0550895,1419,-24.19226837158203
1772712089.879739,1420,-122.75077056884766
1772712105.1401174,1421,14.891889572143555
1772712108.054723,1422,-123.62539672851562
1772712113.406892,1423,-37.100914001464844
1772712117.9314308,1424,-135.6027374267578
1772712166.3783312,1425,-312.8642272949219
1772712294.2637777,1426,-19.722915649414062
1772712302.0642579,1427,-61.41954803466797
1772712318.6304903,1428,-3.974043369293213
1772712319.4987278,1429,-100.0
1772712326.5492063,1430,57.00596618652344
1772712333.8365486,1431,-41.635440826416016
1772712344.9677484,1432,-85.40177154541016
1772712361.1400456,1433,12.46467399597168
1772712364.7074926,1434,-35.82474899291992
1772712378.4151974,1435,-74.61904907226562
1772712379.145195,1436,-100.0
1772712383.7026093,1437,-25.897655487060547
1772712388.5450757,1438,-40.350154876708984
1772712391.686532,1439,-125.91041564941406
1772712394.6815755,1440,-31.54991340637207
1772712397.6672852,1441,-20.53936767578125
1772712401.1643414,1442,-120.43832397460938
1772712420.0533164,1443,-109.06173706054688
1772712424.3247466,1444,-21.18914031982422
1772712427.3489263,1445,-20.629121780395508
1772712431.99799,1446,-32.71703338623047
1772712439.3191128,1447,-57.556922912597656
1772712444.1737723,1448,-42.21188735961914
1772712452.2442317,1449,-73.31610870361328
1772712459.2879057,1450,-145.91238403320312
1772712462.8623009,1451,-32.59613037109375
1772712483.6681895,1452,-146.07635498046875
1772712488.0454118,1453,79.32450866699219
1772712493.3474941,1454,-36.8670768737793
1772712501.5044343,1455,-77.95734405517578
1772712510.4243064,1456,-61.87312316894531
1772712512.2682302,1457,94.10392761230469
1772712525.0542238,1458,-85.54032135009766
1772712535.2300925,1459,53.922508239746094
1772712538.6030731,1460,-25.282608032226562
1772712550.660153,1461,25.468320846557617
1772712556.7095387,1462,-38.22000503540039
1772712574.3166342,1463,-8.427020072937012
1772712680.670651,1464,-72.77867889404297
1772712689.836619,1465,48.674442291259766
1772712696.9852736,1466,-47.936641693115234
1772712700.1432173,1467,-25.513338088989258
1772712705.06236,1468,-141.17311096191406
1772712708.1587694,1469,-19.6324405670166
1772712714.0594118,1470,-38.50722122192383
1772712729.327275,1471,-93.38351440429688
1772712744.652542,1472,4.335792064666748
1772712748.356302,1473,-20.456607818603516
1772712751.351125,1474,-18.664865493774414
1772712753.1522944,1475,-121.06134033203125
1772712762.8488557,1476,50.524330139160156
1772712766.1983602,1477,-24.351119995117188
1772712769.2215278,1478,-22.307525634765625
1772712783.9142,1479,-89.98082733154297
1772712792.3238306,1480,52.54009246826172
1772712799.7803807,1481,45.97902297973633
1772712806.3271253,1482,73.01918029785156
1772712818.2069087,1483,28.581846237182617
1772712824.3342783,1484,-135.55877685546875
1772712834.0702288,1485,-162.1252899169922
1772712838.2756095,1486,-31.42296600341797
1772712841.3545022,1487,-17.000146865844727
1772712856.001048,1488,26.180339813232422
1772712867.4606287,1489,-66.17010498046875
1772712881.1421013,1490,-98.43639373779297
1772712892.1222446,1491,36.839500427246094
1772712911.1071153,1492,-114.00880432128906
1772712914.8489332,1493,-20.790218353271484
1772712932.7693155,1494,-139.10011291503906
1772712945.4294736,1495,-79.22588348388672
1772712958.0313988,1496,-104.43416595458984
1772713039.5097363,1497,-109.772216796875
1772713051.877971,1498,31.989255905151367
1772713056.7573853,1499,-30.623842239379883
1772713069.7006686,1500,39.0235710144043
1772713073.5586183,1501,-29.855987548828125
1772713077.9093232,1502,79.62496948242188
1772713081.782049,1503,-17.411333084106445
1772713088.7910712,1504,64.73297882080078
1772713094.2378514,1505,-34.20526123046875
1772713097.3220828,1506,-33.50091552734375
1772713106.2980547,1507,46.58319091796875
1772713108.3970191,1508,-116.50936126708984
1772713112.1633677,1509,-20.157400131225586
1772713115.57557,1510,-23.23871421813965
1772713120.1699798,1511,-22.41257667541504
1772713130.8735337,1512,-90.72099304199219
1772713159.8452923,1513,-87.71511840820312
1772713165.4760911,1514,-20.290403366088867
1772713167.8067758,1515,87.36650848388672
1772713181.515466,1516,-91.99842834472656
1772713185.414709,1517,-131.4351348876953
1772713200.397369,1518,-207.64434814453125
1772713209.4312704,1519,48.61344528198242
1772713212.6962225,1520,-23.108787536621094
1772713218.9885716,1521,69.43191528320312
1772713225.837448,1522,-57.48497009277344
1772713231.2296376,1523,-139.50729370117188
1772713241.8585355,1524,-173.98431396484375
1772713255.6838522,1525,6.858546733856201
1772713273.1724663,1526,-198.18304443359375
1772713282.122217,1527,-73.41169738769531
1772713285.3557694,1528,-18.88907814025879
1772713289.076074,1529,-130.63926696777344
1772713294.3980877,1530,67.14470672607422
1772713298.4230561,1531,-33.603946685791016
1772713301.44841,1532,-17.805103302001953
1772713309.3962047,1533,-48.02537155151367
1772713312.1002548,1534,-117.46145629882812
1772713332.1385987,1535,-134.90721130371094
1772713474.6144407,1536,-89.35655212402344
1772713478.0532634,1537,-15.115453720092773
1772713481.0309029,1538,-14.838289260864258
1772713484.0229833,1539,-19.59899139404297
1772713489.6700492,1540,-39.52023696899414
1772713493.54852,1541,-130.50259399414062
1772713500.1506479,1542,-41.43283462524414
1772713513.470076,1543,-74.21577453613281
1772713530.453282,1544,-8.258752822875977
1772713536.2480638,1545,-53.74193572998047
1772713552.0445418,1546,-106.87120056152344
1772713558.383614,1547,71.73646545410156
1772713567.1573741,1548,-72.5252685546875
1772713571.5185473,1549,-122.04301452636719
1772713577.7821488,1550,-157.34666442871094
1772713583.0938327,1551,-47.950477600097656
1772713589.326581,1552,-36.483604431152344
1772713602.4690037,1553,-83.18070220947266
1772713616.4043658,1554,-10.057631492614746
1772713617.1419501,1555,-100.0
1772713622.8070633,1556,64.91702270507812
1772713626.6920085,1557,-39.580299377441406
1772713634.6262925,1558,-48.972354888916016
1772713643.27654,1559,57.3328971862793
1772713650.3472872,1560,68.14521026611328
1772713651.0434468,1561,-102.4709701538086
1772713658.0279515,1562,-43.609920501708984
1772713675.4454274,1563,-104.59272766113281
1772713686.7414162,1564,-70.6179428100586
1772713689.1871462,1565,-124.4347152709961
1772713693.057288,1566,-123.07395935058594
1772713698.0052772,1567,76.6830825805664
1772713704.254136,1568,67.39161682128906
1772713707.4252155,1569,-8.44881820678711
1772713710.4122202,1570,-21.894182205200195
1772713719.0280988,1571,-53.902549743652344
1772713720.9732816,1572,-109.42111206054688
1772713724.6064074,1573,-18.1324520111084
1772713728.9491081,1574,-25.45508575439453
1772713735.236525,1575,-40.10133361816406
1772713838.1975682,1576,-38.21894836425781
1772713846.1895747,1577,-48.933441162109375
1772713859.8544183,1578,-72.03934478759766
1772713877.6373851,1579,-119.98565673828125
1772713886.4663682,1580,-41.20835876464844
1772713890.7876463,1581,-43.92040252685547
1772713900.5899801,1582,-83.91780090332031
1772713910.9334488,1583,-90.2401351928711
1772713914.3201237,1584,-17.068876266479492
1772713918.732415,1585,-138.269287109375
1772713925.9111028,1586,-142.57916259765625
1772713936.2363946,1587,50.26416015625
1772713939.7872105,1588,-125.25798797607422
1772713951.880942,1589,45.6681022644043
1772713965.9544578,1590,22.14154624938965
1772713978.942258,1591,-77.47505187988281
1772713991.2437415,1592,-73.3846435546875
1772714003.5875454,1593,43.017303466796875
1772714005.4113564,1594,-113.38111114501953
1772714020.1010494,1595,-125.88218688964844
1772714020.9048798,1596,-100.0
1772714023.7773354,1597,-30.976608276367188
1772714026.7721324,1598,-31.215513229370117
1772714031.0921981,1599,-36.81846618652344
1772714042.5066576,1600,-87.22046661376953
1772714047.8349693,1601,-30.888803482055664
1772714050.9242787,1602,-14.712079048156738
1772714054.3560107,1603,-131.0535430908203
1772714062.2220254,1604,-54.730552673339844
1772714066.5006862,1605,-21.386091232299805
1772714084.3968618,1606,-118.52031707763672
1772714099.1610658,1607,-95.69221496582031
1772714102.6773815,1608,-14.625683784484863
1772714116.7071345,1609,-96.29492950439453
1772714121.1080463,1610,-26.090824127197266
1772714150.2345972,1611,-48.59074401855469
1772714271.518417,1612,-46.25383758544922
1772714277.2936194,1613,-41.80255126953125
1772714290.763363,1614,-82.82260131835938
1772714291.4800494,1615,-100.0
1772714295.984008,1616,-28.86359405517578
1772714316.82071,1617,-152.91134643554688
1772714319.8865151,1618,-113.61804962158203
1772714326.4692075,1619,-48.54597854614258
1772714332.533982,1620,-43.863304138183594
1772714348.6093588,1621,9.316730499267578
1772714355.2481623,1622,-33.070980072021484
1772714363.1983595,1623,-55.917144775390625
1772714373.1954834,1624,27.223203659057617
1772714373.7603855,1625,-100.0
1772714383.6786342,1626,-56.933231353759766
1772714396.3033724,1627,-99.81263732910156
1772714411.2620301,1628,-93.12969970703125
1772714418.935406,1629,56.470191955566406
1772714427.726491,1630,-44.63901138305664
1772714431.8737519,1631,81.91962432861328
1772714466.7521052,1632,-192.03086853027344
1772714473.417336,1633,-38.84166717529297
1772714481.006089,1634,-42.3045654296875
1772714490.5848312,1635,-188.40525817871094
1772714500.4288814,1636,-77.01940155029297
1772714504.8252535,1637,87.57616424560547
1772714509.7102938,1638,-35.77790832519531
1772714513.561966,1639,-27.259489059448242
1772714520.015075,1640,65.55734252929688
1772714523.2235038,1641,-21.260786056518555
1772714532.2783167,1642,-57.50670623779297
1772714724.7168186,1643,-130.08453369140625
1772714745.0658424,1644,-144.04281616210938
1772714749.6521246,1645,-36.753475189208984
1772714756.011161,1646,69.78271484375
1772714778.8853579,1647,-46.72349548339844
1772714782.9254405,1648,-32.69150161743164
1772714788.868195,1649,-140.9449462890625
1772714789.2587502,1650,-100.0
1772714798.9432259,1651,-78.24280548095703
1772714799.5412812,1652,-100.0
1772714811.162011,1653,-92.4358901977539
1772714816.766084,1654,-32.54105758666992
1772714819.885031,1655,-27.963733673095703
1772714825.8446822,1656,-45.752193450927734
1772714829.9455824,1657,-40.14329147338867
1772714833.0151918,1658,-17.074962615966797
1772714848.8848875,1659,-117.9872817993164
1772714852.5294912,1660,-17.45184898376465
1772714862.008575,1661,-64.55305480957031
1772714866.2390072,1662,-26.598325729370117
1772714870.9973972,1663,66.52670288085938
1772714878.5900302,1664,53.94972229003906
1772714883.6909864,1665,-132.49224853515625
1772714890.6792784,1666,-50.594825744628906
1772714903.3511517,1667,27.30326271057129
1772714908.2244685,1668,82.5762710571289
1772714912.8198404,1669,-33.207244873046875
1772714920.7983623,1670,-57.41196060180664
1772714929.7413104,1671,-69.7774429321289
1772714942.6955059,1672,28.936941146850586
1772714947.7592885,1673,-36.1187629699707
1772714950.861662,1674,-23.038644790649414
1772714955.5645854,1675,-27.577301025390625
1772714957.7907012,1676,-121.57828521728516
1772714962.5863678,1677,-25.021997451782227
1772714965.7097898,1678,-25.51682472229004
1772714968.7344654,1679,-17.240665435791016
1772714972.5331392,1680,-19.423248291015625
1772714981.813059,1681,42.602027893066406
1772714988.9006267,1682,-31.140586853027344
1772714990.8374693,1683,-112.62821197509766
1772714996.9805412,1684,-132.6557159423828
1772715008.6699805,1685,-81.5667724609375
1772715022.148549,1686,-81.44090270996094
1772715181.3674912,1687,-17.918394088745117
1772715193.4614127,1688,-81.77362823486328
1772715197.6381927,1689,-27.562040328979492
1772715209.9502478,1690,-168.82330322265625
1772715228.843194,1691,-213.35154724121094
1772715242.2716253,1692,-98.3015365600586
1772715262.3489077,1693,-112.82206726074219
1772715266.9896908,1694,-21.94274139404297
1772715273.0684981,1695,77.10645294189453
1772715278.1913402,1696,-32.25410079956055
1772715283.7990928,1697,-49.18546676635742
1772715288.2776277,1698,-34.84008026123047
1772715291.5953612,1699,-31.49117660522461
1772715291.8618221,1700,-100.0
1772715299.2753565,1701,-35.486183166503906
1772715309.6960094,1702,-82.1493148803711
1772715314.9875824,1703,-32.66416931152344
1772715321.726558,1704,-39.8153076171875
1772715327.581935,1705,-40.07408905029297
1772715346.7750676,1706,-113.92375183105469
1772715354.8462117,1707,69.5557861328125
1772715361.1119418,1708,-43.03046798706055
1772715372.8167708,1709,-70.87874603271484
1772715381.3797805,1710,-45.96665573120117
1772715384.3069413,1711,-118.1915512084961
1772715391.7242584,1712,-50.116451263427734
1772715402.6599844,1713,-70.75509643554688
1772715413.07647,1714,-87.09788513183594
1772715425.4872203,1715,-82.01342010498047
1772715434.2065334,1716,63.56496810913086
1772715445.8492959,1717,-88.54703521728516
1772715449.6115158,1718,-23.863969802856445
1772715474.1650712,1719,-26.843196868896484
1772715543.646346,1720,-12.982829093933105
1772715548.2581682,1721,70.74262237548828
1772715574.6585116,1722,-50.11716079711914
1772715581.822422,1723,-35.74463653564453
1772715588.620427,1724,-47.603424072265625
1772715603.1665812,1725,11.254724502563477
1772715612.8972704,1726,-53.88303756713867
1772715627.7163801,1727,22.033287048339844
1772715649.7569852,1728,-39.47230529785156
1772715653.6473668,1729,-18.500118255615234
1772715661.24643,1730,-144.6616973876953
1772715674.9428308,1731,-189.85394287109375
1772715683.3174143,1732,-182.8755645751953
1772715686.5910618,1733,-26.23998260498047
1772715689.965531,1734,-34.61082458496094
1772715692.986512,1735,-35.033164978027344
1772715710.4217057,1736,-139.0956268310547
1772715716.7271955,1737,-38.02328109741211
1772715724.8496418,1738,-76.68562316894531
1772715729.8559859,1739,-33.49830627441406
1772715732.958643,1740,-21.312158584594727
1772715736.1328506,1741,-19.786304473876953
1772715741.3025322,1742,-31.171846389770508
1772715753.5060148,1743,18.70088005065918
1772715771.2765005,1744,-145.55087280273438
1772715786.100471,1745,-89.10635375976562
1772715789.1502452,1746,-116.9219970703125
1772715792.1396115,1747,-35.09145736694336
1772715819.6464424,1748,-333.24951171875
1772715878.700414,1749,-34.740196228027344
1772715881.7585692,1750,-16.801620483398438
1772715885.534594,1751,-31.43867301940918
1772715887.7785702,1752,-120.57466888427734
1772715898.3291707,1753,-62.217926025390625
1772715898.944758,1754,-100.0
1772715902.9511683,1755,-27.393518447875977
1772715906.5943747,1756,-35.5079460144043
1772715909.6757429,1757,-14.948115348815918
1772715913.061552,1758,-117.04499053955078
1772715918.357548,1759,-26.846603393554688
1772715927.0647552,1760,53.40660858154297
1772715936.875405,1761,-69.66715240478516
1772715950.2296906,1762,-86.5374984741211
1772715954.0835412,1763,86.97563934326172
1772715959.3903499,1764,67.85118865966797
1772715962.9975317,1765,-33.90067672729492
1772715969.7109966,1766,-52.491981506347656
1772715972.865766,1767,-20.36233901977539
1772715978.1923244,1768,-30.149648666381836
1772715991.1981473,1769,16.088438034057617
1772716002.6863694,1770,-177.36978149414062
1772716010.4792788,1771,-44.92001724243164
1772716024.3401341,1772,-71.4012222290039
1772716035.6528158,1773,-73.89026641845703
1772716045.0366132,1774,54.3888053894043
1772716054.316693,1775,43.9510612487793
1772716062.2850883,1776,-53.65389633178711
1772716077.3901594,1777,10.867964744567871
1772716080.969976,1778,-14.588805198669434
1772716083.9463153,1779,-16.74567222595215
1772716089.6901774,1780,-41.26129913330078
1772716092.8357487,1781,-27.642704010009766
1772716100.6105444,1782,-58.53691864013672
1772716110.9515884,1783,-69.04824829101562
1772716121.7292953,1784,-76.56422424316406
1772716127.3640745,1785,-39.121986389160156
1772716132.0753887,1786,-23.501691818237305
1772716137.8867447,1787,67.92975616455078
1772716140.7976382,1788,-114.09652709960938
1772716151.5518067,1789,-97.72811889648438
1772716159.692826,1790,63.61008834838867
1772716180.1946337,1791,-109.80493927001953
1772716276.9977372,1792,46.33092498779297
1772716282.1897495,1793,-155.5056915283203
1772716286.1473424,1794,-25.1280517578125
1772716289.2056293,1795,-16.685068130493164
1772716292.2548957,1796,-25.64519691467285
1772716298.8643334,1797,70.08293914794922
1772716320.2863789,1798,-150.44320678710938
1772716324.0851607,1799,-19.517431259155273
1772716332.9084702,1800,-63.81675720214844
1772716349.621542,1801,-15.865234375
1772716353.2898717,1802,-20.935945510864258
1772716356.5663927,1803,-32.72323226928711
1772716374.5267336,1804,-116.09513854980469
1772716381.7716935,1805,-134.05918884277344
1772716392.6315515,1806,-57.43636703491211
1772716408.8154068,1807,-102.09270477294922
1772716420.2218232,1808,45.48044967651367
1772716423.6515677,1809,-21.218969345092773
1772716429.7266135,1810,-37.77812957763672
1772716434.029778,1811,-35.71195602416992
1772716434.3366156,1812,-100.0
1772716438.059043,1813,-27.192136764526367
1772716442.840344,1814,-34.06989669799805
1772716452.740479,1815,-40.39851379394531
1772716459.574322,1816,-52.115966796875
1772716467.1696937,1817,48.58858871459961
1772716470.3895526,1818,-20.96116828918457
1772716478.64517,1819,49.08467102050781
1772716481.8933592,1820,-21.99163818359375
1772716491.9664092,1821,-39.69705581665039
1772716495.3317788,1822,-33.09931945800781
1772716498.3472385,1823,-16.20699119567871
1772716505.0351932,1824,-53.77229690551758
1772716508.1961126,1825,-17.74567413330078
1772716519.486843,1826,-59.264678955078125
1772716529.3583603,1827,-39.472408294677734
1772716539.8403535,1828,39.873836517333984
1772716549.8317487,1829,-71.42743682861328
1772716664.5104039,1830,3.439971446990967
1772716670.3342838,1831,69.70317077636719
1772716683.3901353,1832,-113.46006774902344
1772716690.868024,1833,-65.66082763671875
1772716705.7652516,1834,-82.85474395751953
1772716723.1892467,1835,-82.09274291992188
1772716724.0943027,1836,-100.0
1772716731.405822,1837,-44.997718811035156
1772716744.6745343,1838,-94.7909927368164
1772716749.100626,1839,-25.381319046020508
1772716756.063463,1840,-55.56352615356445
1772716761.3036737,1841,-34.40926742553711
1772716778.2107925,1842,-157.7098846435547
1772716789.28229,1843,36.74608612060547
1772716795.2445874,1844,-35.76333999633789
1772716799.9341063,1845,-24.434213638305664
1772716803.916604,1846,-30.217079162597656
1772716808.9642587,1847,-37.03523254394531
1772716814.4251573,1848,-31.22232437133789
1772716817.5586393,1849,-21.165918350219727
1772716821.426638,1850,-23.411762237548828
1772716826.3734086,1851,-32.37928771972656
1772716831.5265934,1852,-31.756467819213867
1772716842.9902797,1853,-80.55329132080078
1772716852.7561703,1854,-48.18379211425781
1772716859.398096,1855,-44.04227828979492
1772716862.5584981,1856,-28.250886917114258
1772716868.4103248,1857,65.29523468017578
1772716877.2148001,1858,-63.047245025634766
1772716880.2275004,1859,-117.06192016601562
1772716894.4054565,1860,-83.40912628173828
1772716898.5921779,1861,-23.22100067138672
1772716911.8706443,1862,-93.70580291748047
1772716917.918578,1863,51.954532623291016
1772716922.960691,1864,-29.093151092529297
1772716927.466344,1865,-127.86483764648438
1772716931.0705554,1866,-123.2728271484375
1772716934.302526,1867,-11.681554794311523
1772716938.4858432,1868,-26.654247283935547
1772717088.660634,1869,-100.0
1772717091.4693108,1870,75.6185302734375
1772717097.039218,1871,-28.43041229248047
1772717107.5213497,1872,-68.38307189941406
1772717108.6059422,1873,-105.92095947265625
1772717111.5121956,1874,-17.889286041259766
1772717127.6695194,1875,-198.98837280273438
1772717136.699357,1876,-56.974220275878906
1772717139.9932814,1877,-18.23291778564453
1772717144.9125328,1878,-132.747802734375
1772717148.026068,1879,-16.421894073486328
1772717158.2385888,1880,-57.96809768676758
1772717161.63558,1881,-23.7947998046875
1772717185.3453531,1882,-43.762577056884766
1772717191.7990038,1883,74.68817901611328
1772717193.69421,1884,-116.41921997070312
1772717196.6241112,1885,-18.157989501953125
1772717213.6142037,1886,-110.54299926757812
1772717217.7271538,1887,-32.01219940185547
1772717221.510137,1888,-20.55528450012207
1772717224.9091384,1889,-33.49870300292969
1772717231.5503607,1890,60.53403854370117
1772717239.479502,1891,-55.56035614013672
1772717249.6651602,1892,-68.22245025634766
1772717265.5793962,1893,-106.0013427734375
1772717278.9155765,1894,-174.120849609375
1772717285.3451307,1895,-149.0579071044922
1772717291.038537,1896,-148.80743408203125
1772717294.1933444,1897,-24.41381072998047
1772717294.452488,1898,-100.0
1772717297.3664348,1899,-26.57011604309082
1772717302.7026317,1900,-31.52144432067871
1772717314.2842655,1901,-58.350643157958984
1772717319.2235966,1902,-144.55372619628906
1772717327.898166,1903,48.83856201171875
1772717334.553004,1904,-37.33519744873047
1772717344.1835756,1905,-57.713905334472656
1772717347.4660816,1906,-18.48323631286621
1772717360.3872423,1907,31.36373519897461
1772717363.9051933,1908,-16.530847549438477
1772717369.4452083,1909,66.7070083618164
1772717380.2902822,1910,42.94248962402344
1772717509.237299,1911,-103.92308807373047
1772717516.4495587,1912,-32.28732681274414
1772717521.4509234,1913,-29.471845626831055
1772717529.1184719,1914,-32.7862434387207
1772717532.4594173,1915,-31.044288635253906
1772717537.4854138,1916,-35.56794738769531
1772717541.5984757,1917,-24.8865909576416
1772717544.2253168,1918,-113.95539855957031
1772717547.2626207,1919,-32.456172943115234
1772717552.0005343,1920,-26.175235748291016
1772717559.3396108,1921,52.88846206665039
1772717566.9504547,1922,-43.65077209472656
1772717576.190324,1923,-36.24074172973633
1772717581.4330661,1924,-34.74806213378906
1772717581.7753963,1925,-100.0
1772717590.1376424,1926,-160.37355041503906
1772717594.2193427,1927,-19.950244903564453
1772717617.3060484,1928,-145.74252319335938
1772717626.6784015,1929,-58.44646453857422
1772717643.5352423,1930,-85.623046875
1772717647.2754552,1931,-17.31490707397461
1772717651.6273038,1932,-40.26880645751953
1772717662.1017146,1933,-52.515953063964844
1772717667.0421393,1934,-31.041181564331055
1772717670.1320627,1935,-23.53323745727539
1772717676.4414325,1936,-37.066001892089844
1772717679.668933,1937,-17.357282638549805
1772717684.7665646,1938,-27.695026397705078
1772717693.9274728,1939,52.712989807128906
1772717700.751404,1940,-54.84768295288086
1772717717.9253564,1941,-124.2715835571289
1772717744.0676103,1942,-280.681396484375
1772717754.8847027,1943,-65.7104263305664
1772717759.030837,1944,-23.22627830505371
1772717766.3484492,1945,-38.11302947998047
1772717783.5506182,1946,-101.52517700195312
1772717788.7905526,1947,-33.53058624267578
1772717911.7323658,1948,-44.65678405761719
1772717921.763391,1949,-56.278953552246094
1772717928.9844692,1950,-44.51287841796875
1772717932.1902976,1951,-25.906431198120117
1772717943.3664267,1952,-63.734344482421875
1772717969.44463,1953,-151.0994873046875
1772717982.0840764,1954,31.489791870117188
1772717987.1532779,1955,-121.63102722167969
1772718008.7165864,1956,-144.74783325195312
1772718017.013745,1957,-53.035465240478516
1772718020.344226,1958,-127.18583679199219
1772718032.4644554,1959,-194.16619873046875
1772718040.3640885,1960,61.840843200683594
1772718052.2767491,1961,-59.91704559326172
1772718055.719429,1962,83.03829956054688
1772718058.7242389,1963,-35.15348815917969
1772718071.446355,1964,-88.30097961425781
1772718081.685471,1965,-157.93882751464844
1772718090.4473314,1966,-51.771484375
1772718099.182172,1967,-51.05863952636719
1772718102.9011667,1968,-135.6189727783203
1772718107.3905547,1969,-28.433425903320312
1772718120.757592,1970,-54.07475280761719
1772718127.372628,1971,69.52466583251953
1772718140.6013732,1972,-104.95771026611328
1772718150.337258,1973,-72.21915435791016
1772718157.4794657,1974,-60.8820686340332
1772718158.1963007,1975,-102.57171630859375
1772718168.2270885,1976,-71.00989532470703
1772718180.8619246,1977,-65.22273254394531
1772718189.2137678,1978,-71.76931762695312
1772718194.1589487,1979,-25.354080200195312
1772718332.9681265,1980,-116.06239318847656
1772718336.8251624,1981,-25.81878662109375
1772718346.7183967,1982,-65.2054672241211
1772718350.8493834,1983,-34.249881744384766
1772718353.9441235,1984,-28.794588088989258
1772718362.1370852,1985,-161.6333770751953
1772718365.5576625,1986,-21.703163146972656
1772718382.0720327,1987,3.938652753829956
1772718386.0284634,1988,-19.74384880065918
1772718391.9345965,1989,-55.441253662109375
1772718396.9075189,1990,-34.88980484008789
1772718399.1172533,1991,-122.39427947998047
1772718401.9025042,1992,91.54135131835938
1772718424.1072083,1993,-170.45236206054688
1772718428.1204574,1994,-18.23424530029297
1772718431.1468644,1995,-20.36018943786621
1772718438.7442331,1996,-49.5338249206543
1772718448.1483598,1997,38.34929656982422
1772718456.2134068,1998,55.44883728027344
1772718460.0463974,1999,-23.515554428100586
1772718473.528009,2000,-103.53005981445312
1772718483.6594045,2001,-55.99277114868164
1772718486.9903078,2002,-24.1301326751709
1772718490.2851405,2003,-27.03559112548828
1772718493.326454,2004,-17.543745040893555
1772718496.34054,2005,-23.88436508178711
1772718499.3816276,2006,-20.813751220703125
1772718508.1316435,2007,-46.19221496582031
1772718511.7884908,2008,88.08491516113281
1772718524.544392,2009,26.54313850402832
1772718527.6617267,2010,83.72050476074219
1772718551.7447345,2011,-124.3376693725586
1772718555.797769,2012,-32.47316360473633
1772718564.207464,2013,-37.751705169677734
1772718573.3335612,2014,-166.78306579589844
1772718576.6207504,2015,-28.677518844604492
1772718580.705274,2016,-39.76467514038086
1772718589.1234417,2017,44.99827575683594
1772718602.9803736,2018,-171.09927368164062
1772718615.508408,2019,-100.42486572265625
1772718707.902518,2020,-24.773265838623047
1772718712.8858306,2021,-28.792165756225586
1772718714.956486,2022,93.46308898925781
1772718721.0904632,2023,-45.69388198852539
1772718738.8967748,2024,-103.1611557006836
1772718755.4930592,2025,-105.04887390136719
1772718760.0880394,2026,-21.6397762298584
1772718761.70108,2027,-112.26436614990234
1772718767.5733721,2028,-166.27870178222656
1772718767.9663594,2029,-100.0
1772718776.423057,2030,-68.19145965576172
1772718779.7121768,2031,-20.656936645507812
1772718782.7179267,2032,-20.198816299438477
1772718786.0959961,2033,-35.036529541015625
1772718793.4942837,2034,-43.49608612060547
1772718796.725688,2035,-23.976741790771484
1772718810.0643518,2036,28.63631820678711
1772718813.5471687,2037,-17.31822967529297
1772718832.9539247,2038,-122.14990234375
1772718839.3377287,2039,-139.0709991455078
1772718842.5085719,2040,-34.3317985534668
1772718853.644359,2041,-184.50808715820312
1772718858.8462255,2042,-33.170833587646484
1772718865.8130984,2043,61.75313186645508
1772718884.222138,2044,-129.57977294921875
1772718886.9786713,2045,-116.7410888671875
1772718896.5001173,2046,-160.80511474609375
1772718907.2997575,2047,44.67671203613281
1772718915.128264,2048,-35.39925765991211
1772718920.4514718,2049,78.02336120605469
1772718932.3513696,2050,-156.20895385742188
1772718936.8309302,2051,-127.5637435913086
1772718947.044309,2052,-52.52845764160156
1772718950.66262,2053,-115.58289337158203
1772718957.2693555,2054,-49.36130142211914
1772718959.1374533,2055,-121.44775390625
1772718973.936678,2056,-75.41508483886719
1772718977.7801006,2057,87.90232849121094
1772718995.1115556,2058,-104.70509338378906
1772719087.5514534,2059,-84.11146545410156
1772719099.6883304,2060,-167.94607543945312
1772719103.7903454,2061,-18.768756866455078
1772719115.4353871,2062,-67.68754577636719
1772719119.4442909,2063,-43.962066650390625
1772719129.3349826,2064,36.91917419433594
1772719132.7892768,2065,-19.662174224853516
1772719138.5921342,2066,-31.911619186401367
1772719144.2663,2067,-30.572126388549805
1772719148.3874063,2068,85.5959243774414
1772719155.2422023,2069,-56.4519157409668
1772719160.1403704,2070,-17.464216232299805
1772719165.9732723,2071,-70.36030578613281
1772719171.8889341,2072,-50.75164031982422
1772719181.2924597,2073,-49.26518630981445
1772719190.6950324,2074,-63.88779067993164
1772719200.1982083,2075,35.95110321044922
1772719206.8623872,2076,-40.561317443847656
1772719215.9206927,2077,-51.955318450927734
1772719219.4674456,2078,-15.342134475708008
1772719223.6632102,2079,-29.9615421295166
1772719232.0853693,2080,-50.886634826660156
1772719239.2674289,2081,-51.34930419921875
1772719247.2634773,2082,-54.22579574584961
1772719250.6686535,2083,-24.34913444519043
1772719262.186367,2084,-70.08219146728516
1772719268.5462906,2085,-45.55170440673828
1772719271.705446,2086,-26.549123764038086
1772719282.402999,2087,44.886802673339844
1772719286.558506,2088,-28.032461166381836
1772719292.8373666,2089,-41.12318420410156
1772719297.1450977,2090,-29.440900802612305
1772719300.9021628,2091,-18.70650291442871
1772719307.3981016,2092,-34.42509460449219
1772719312.606343,2093,-49.43347930908203
1772719315.724252,2094,-14.463324546813965
1772719325.4054317,2095,-161.6143798828125
1772719339.811622,2096,-87.68291473388672
1772719343.4991739,2097,-25.995872497558594
1772719348.8663778,2098,-36.363765716552734
1772719352.0244935,2099,-14.19997787475586
1772719358.9284453,2100,65.72913360595703
1772719441.3417602,2101,-71.15191650390625
1772719453.3508544,2102,42.073646545410156
1772719460.0630062,2103,54.94395446777344
1772719460.9506292,2104,-104.94824981689453
1772719464.845576,2105,-42.46752166748047
1772719472.0200596,2106,-43.49961853027344
1772719488.1073074,2107,23.25896644592285
1772719500.3555796,2108,-73.0761947631836
1772719508.7979522,2109,-49.37824249267578
1772719518.7990785,2110,57.929969787597656
1772719525.007065,2111,-21.690738677978516
1772719541.1503925,2112,-89.39656829833984
1772719544.7732332,2113,-26.864023208618164
1772719555.5937657,2114,-67.48136138916016
1772719561.3565447,2115,-45.444522857666016
1772719585.4859157,2116,-30.858617782592773
1772719592.3182273,2117,-32.35026550292969
1772719600.1216016,2118,-136.6304931640625
1772719611.03807,2119,-60.16176986694336
1772719616.0214167,2120,-118.92314147949219
1772719619.134323,2121,-19.126737594604492
1772719634.4962869,2122,-102.53426361083984
1772719642.0610895,2123,-42.15384292602539
1772719642.5125313,2124,-100.0
1772719649.5405447,2125,-47.099334716796875
1772719653.7403536,2126,-38.50544738769531
1772719661.8945525,2127,-55.89674758911133
1772719672.7256773,2128,-161.23834228515625
1772719679.1282716,2129,81.1321029663086
1772719689.0135753,2130,-61.90049743652344
1772719695.6362143,2131,70.7329330444336
1772719698.5514953,2132,-130.13107299804688
1772719713.6882892,2133,-102.7863540649414
1772719723.2884252,2134,-46.63255310058594
1772719833.3351321,2135,-165.52696228027344
1772719840.8622696,2136,-29.900659561157227
1772719847.0962002,2137,-39.57456970214844
1772719857.102609,2138,-53.59543991088867
1772719863.722254,2139,-37.13869094848633
1772719869.0700276,2140,-131.74977111816406
1772719890.1453025,2141,-146.4090118408203
1772719911.8901198,2142,-33.816463470458984
1772719921.684157,2143,-67.8785171508789
1772719927.796013,2144,-27.1370849609375
1772719930.3262708,2145,-125.83546447753906
1772719939.1882594,2146,-155.9451446533203
1772719939.7660413,2147,-100.0
1772719939.887582,2148,-100.0
1772719943.5771031,2149,-145.2634735107422
1772719950.4244215,2150,-66.19921112060547
1772719955.2140968,2151,73.38256072998047
1772719955.54021,2152,-100.0
1772719959.8553808,2153,-32.88368606567383
1772719963.050963,2154,-122.18397521972656
1772719969.6804368,2155,74.27664947509766
1772719979.2038991,2156,-60.599674224853516
1772719986.8733642,2157,-55.316524505615234
1772720005.6114752,2158,-109.26171875
1772720011.7897463,2159,-32.26846694946289
1772720018.910634,2160,-45.597755432128906
1772720024.8303084,2161,-32.322265625
1772720034.6990736,2162,-47.25901794433594
1772720037.7007186,2163,92.65522766113281
1772720040.7094285,2164,-29.446321487426758
1772720045.8908012,2165,-35.18992614746094
1772720049.03441,2166,-22.197885513305664
1772720053.4232388,2167,-137.0485382080078
1772720063.0525837,2168,-63.98868942260742
1772720071.6187947,2169,-64.10041046142578
1772720083.36359,2170,-50.07328414916992
1772720088.6763003,2171,-31.328163146972656
1772720091.9341602,2172,-26.871387481689453
1772720093.7410114,2173,-109.9058837890625
1772720101.16229,2174,57.332786560058594
1772720113.1552417,2175,43.74585723876953
1772720259.1113124,2176,-41.79804229736328
1772720297.2503037,2177,-134.36683654785156
1772720303.5181088,2178,-29.35442352294922
1772720314.5621786,2179,42.91754913330078
1772720319.1380377,2180,-121.6545639038086
1772720331.8711307,2181,-97.13287353515625
1772720345.8481731,2182,-80.29300689697266
1772720352.6949215,2183,-141.78529357910156
1772720361.2391229,2184,-53.20332336425781
1772720366.3574154,2185,-30.123863220214844
1772720379.317516,2186,-160.9689178466797
1772720383.362038,2187,-21.939903259277344
1772720390.0735314,2188,-42.38832473754883
1772720393.3153834,2189,85.99838256835938
1772720393.5774715,2190,-100.0
1772720402.902744,2191,51.841468811035156
1772720412.0773642,2192,-45.175106048583984
1772720425.7493272,2193,-159.0658416748047
1772720429.2844446,2194,-15.102916717529297
1772720429.5384696,2195,-100.0
1772720432.6959155,2196,-117.61003112792969
1772720433.8984184,2197,-103.31682586669922
1772720440.085772,2198,-29.423662185668945
1772720461.2873201,2199,-205.58387756347656
1772720465.7831142,2200,-31.300859451293945
1772720476.0256374,2201,-58.6703987121582
1772720484.774888,2202,32.22011184692383
1772720488.065149,2203,-32.21467590332031
1772720490.9002135,2204,-134.53639221191406
1772720494.7040849,2205,-19.43937110900879
1772720512.2232146,2206,-14.828380584716797
1772720524.222607,2207,-62.20779800415039
1772720543.3688428,2208,-117.14793395996094
1772720594.2412977,2209,-115.40496063232422
1772720614.7133327,2210,-120.34944152832031
1772720624.1009057,2211,-62.0621223449707
1772720629.558486,2212,-128.99411010742188
1772720632.749544,2213,-13.14012622833252
1772720637.4307435,2214,67.95176696777344
1772720638.550943,2215,-104.95037841796875
1772720642.0788207,2216,-137.79293823242188
1772720649.6622224,2217,70.78395080566406
1772720681.2853098,2218,-156.01715087890625
1772720692.987149,2219,-63.85099792480469
1772720701.5093157,2220,-47.32707595825195
1772720704.8309057,2221,-27.914819717407227
1772720709.1503522,2222,-44.81757354736328
1772720719.8444154,2223,-74.63082122802734
1772720724.9111083,2224,-126.8955078125
1772720735.6522143,2225,-59.65650177001953
1772720745.771085,2226,-71.1429672241211
1772720749.1222236,2227,-15.568403244018555
1772720767.7051363,2228,-107.1224136352539
1772720775.4965603,2229,-36.7996711730957
1772720779.0336118,2230,-15.22349739074707
1772720785.828604,2231,-37.20642852783203
1772720789.078319,2232,-27.358043670654297
1772720793.8457963,2233,72.49027252197266
1772720794.1858277,2234,-100.0
1772720798.6590314,2235,74.46843719482422
1772720800.2992158,2236,97.0553970336914
1772720809.8135567,2237,-72.0744857788086
1772720810.3946168,2238,-100.0
1772720835.0846822,2239,-144.04879760742188
1772720851.5323927,2240,-97.20575714111328
1772720855.2064219,2241,-16.78231430053711
1772720858.2383907,2242,-21.878765106201172
1772720872.2045598,2243,-75.3711166381836
1772720878.4301057,2244,-37.84129333496094
1772721007.1054769,2245,-180.10536193847656
1772721011.395282,2246,-16.9218807220459
1772721014.1232095,2247,90.57565307617188
1772721018.0825655,2248,-25.993833541870117
1772721029.9295225,2249,-62.705081939697266
1772721035.5774157,2250,-33.34283447265625
1772721036.5565014,2251,-108.9513168334961
1772721039.4566498,2252,-23.655113220214844
1772721051.6624854,2253,46.97607421875
1772721057.0045712,2254,-143.30691528320312
1772721064.8663008,2255,57.313331604003906
1772721067.5963297,2256,91.2679443359375
1772721069.1902664,2257,-111.25482177734375
1772721080.2365944,2258,-65.79942321777344
1772721080.8740063,2259,-100.0
1772721084.446376,2260,-27.748563766479492
1772721094.7779765,2261,-144.5966339111328
1772721100.1854293,2262,-34.786109924316406
1772721103.8445523,2263,-128.8597412109375
1772721110.223316,2264,-122.95032501220703
1772721123.275254,2265,-183.10707092285156
1772721135.493665,2266,-72.56494140625
1772721141.3583522,2267,-38.15118408203125
1772721150.7458706,2268,40.54624938964844
1772721157.3590744,2269,-122.91227722167969
1772721162.2754457,2270,84.07247924804688
1772721173.3884568,2271,-43.291748046875
1772721178.63401,2272,-27.26076889038086
1772721183.585481,2273,-30.969158172607422
1772721188.8550513,2274,-37.6212272644043
1772721201.7022943,2275,-98.16754913330078
1772721209.205403,2276,59.66240310668945
1772721228.1423182,2277,-133.41561889648438
1772721235.038597,2278,64.2396011352539
1772721238.2063627,2279,-16.641660690307617
1772721246.853269,2280,44.2503776550293
1772721252.1942832,2281,-24.836383819580078
1772721254.507263,2282,95.06002044677734
1772721274.0732675,2283,-10.209956169128418
1772721388.318273,2284,-139.97830200195312
1772721393.6003308,2285,-35.093318939208984
1772721407.07853,2286,-56.67219543457031
1772721409.8268282,2287,90.65673065185547
1772721415.7248824,2288,-51.48423385620117
1772721427.0716329,2289,-177.93643188476562
1772721430.7762532,2290,-13.778526306152344
1772721437.114392,2291,-44.23046112060547
1772721440.0111175,2292,-129.114990234375
1772721447.8556678,2293,-49.30818557739258
1772721451.102556,2294,-18.13711929321289
1772721454.1103382,2295,-29.105146408081055
1772721461.839527,2296,-138.63148498535156
1772721473.2845638,2297,-94.4327163696289
1772721480.9175014,2298,61.074058532714844
1772721484.170614,2299,-23.73769760131836
1772721492.6316755,2300,-137.71420288085938
1772721495.9092214,2301,-19.81525993347168
1772721500.2289684,2302,-129.44686889648438
1772721507.701556,2303,-132.4897003173828
1772721516.1954122,2304,-48.74861526489258
1772721526.6295183,2305,-56.63267135620117
1772721535.5375595,2306,-169.68553161621094
1772721539.6197255,2307,-17.31536293029785
1772721552.415054,2308,-171.52072143554688
1772721565.6764846,2309,-99.28361511230469
1772721576.7661622,2310,-165.80201721191406
1772721588.4695842,2311,-61.38004684448242
1772721591.9446325,2312,-38.724185943603516
1772721603.3925023,2313,-72.7301025390625
1772721614.6136885,2314,-178.14303588867188
1772721619.6705513,2315,-38.66120910644531
1772721631.3090262,2316,-57.79412841796875
1772721639.2651188,2317,61.056602478027344
1772721645.228047,2318,75.10480499267578
1772721649.1864433,2319,-32.04404067993164
1772721652.271556,2320,-14.046354293823242
1772721655.9382865,2321,-28.899991989135742
1772721664.6601079,2322,-60.99538803100586
1772721675.266802,2323,-58.62946319580078
1772721767.742971,2324,-127.08499145507812
1772721773.0443003,2325,-45.722415924072266
1772721787.7477968,2326,-180.1320343017578
1772721798.565351,2327,-45.39131546020508
1772721806.6611483,2328,-73.19670867919922
1772721810.1105514,2329,-135.8646697998047
1772721813.8590028,2330,86.67503356933594
1772721819.0944233,2331,66.58753204345703
1772721824.8464665,2332,-127.55460357666016
1772721835.244425,2333,43.847801208496094
1772721840.3740625,2334,-32.15107727050781
1772721878.8284338,2335,-221.1158905029297
1772721888.8302927,2336,-51.964744567871094
1772721896.3098748,2337,-52.88778305053711
1772721900.2483294,2338,-35.094669342041016
1772721903.5549586,2339,81.11601257324219
1772721907.94035,2340,67.12432098388672
1772721915.5510364,2341,-43.38525390625
1772721918.9895618,2342,-17.271499633789062
1772721929.3872447,2343,-72.44209289550781
1772721932.2563999,2344,-115.86387634277344
1772721936.6838753,2345,-34.50776672363281
1772721940.9631991,2346,-25.70708656311035
1772721946.8232012,2347,-129.50314331054688
1772721950.403004,2348,-26.206497192382812
1772721955.581899,2349,-33.92788314819336
1772721975.6004686,2350,-130.91859436035156
1772721983.2949572,2351,-44.69809341430664
1772721993.4843507,2352,-75.40913391113281
1772721994.1096606,2353,-100.0
1772722002.1053772,2354,-161.63002014160156
1772722015.6157587,2355,-89.9159164428711
1772722020.8946283,2356,-33.89080810546875
1772722029.4819098,2357,52.035247802734375
1772722042.208646,2358,-109.41753387451172
1772722048.340388,2359,75.20664978027344
1772722051.7795076,2360,-19.06805419921875
1772722168.236537,2361,-30.23727798461914
1772722171.3484027,2362,-32.283897399902344
1772722175.646405,2363,-48.70069122314453
1772722185.1545336,2364,48.07042694091797
1772722188.964401,2365,-19.499347686767578
1772722192.0036736,2366,-24.241981506347656
1772722206.7461278,2367,-95.74506378173828
1772722213.827305,2368,58.635311126708984
1772722219.4393554,2369,68.61152648925781
1772722234.915116,2370,-109.0732192993164
1772722238.5718794,2371,-24.159292221069336
1772722246.8392751,2372,43.0637321472168
1772722253.5724478,2373,71.8271255493164
1772722264.41833,2374,21.71759796142578
1772722276.0654688,2375,-74.36158752441406
1772722281.9818418,2376,62.03886413574219
1772722286.9576285,2377,-50.22626495361328
1772722287.3044825,2378,-100.0
1772722305.7213812,2379,-16.72453498840332
1772722318.41323,2380,-165.4558563232422
1772722322.5265899,2381,-31.373445510864258
1772722328.3405156,2382,-31.4060115814209
1772722347.563544,2383,-138.1473846435547
1772722363.9834232,2384,-112.5323715209961
1772722368.1301208,2385,-26.582475662231445
1772722377.5714195,2386,-61.913116455078125
1772722380.9075198,2387,-14.67783260345459
1772722381.6773875,2388,-105.41510772705078
1772722389.8176901,2389,35.50123596191406
1772722394.5061092,2390,-29.60816764831543
1772722394.8362758,2391,-100.0
1772722407.070556,2392,8.911810874938965
1772722421.2260444,2393,-81.28675842285156
1772722424.76685,2394,-22.879384994506836
1772722429.1316102,2395,80.14291381835938
1772722435.9152153,2396,-38.23236846923828
1772722439.1038594,2397,-21.878738403320312
1772722444.5884523,2398,-41.57889938354492
1772722449.9188085,2399,-134.23858642578125
1772722452.6066232,2400,-115.82679748535156
1772722465.0406532,2401,-91.65913391113281
1772722547.864202,2402,-34.7464714050293
1772722554.137149,2403,-50.961097717285156
1772722560.6202114,2404,65.80525970458984
1772722571.0708663,2405,-66.57202911376953
1772722593.1520145,2406,-226.46839904785156
1772722602.8323305,2407,-63.256324768066406
1772722610.872386,2408,68.52142333984375
1772722614.6792288,2409,-38.2763557434082
1772722621.3481336,2410,-43.60857009887695
1772722627.2367377,2411,-30.714073181152344
1772722640.1944602,2412,31.79153060913086
1772722643.8215845,2413,-25.9702205657959
1772722645.178352,2414,-110.66617584228516
1772722650.8683462,2415,-51.5405158996582
1772722663.754148,2416,-75.81197357177734
1772722669.9569685,2417,65.1290512084961
1772722679.6302872,2418,-53.29133224487305
1772722680.1983836,2419,-100.0
1772722683.0761673,2420,-23.33367156982422
1772722688.9714215,2421,-158.33590698242188
1772722698.391255,2422,34.42491912841797
1772722700.8035796,2423,-113.88861083984375
1772722706.8195677,2424,-137.74061584472656
1772722713.2052858,2425,68.32514190673828
1772722721.908514,2426,-64.13546752929688
1772722735.5324774,2427,-173.70486450195312
1772722743.7236762,2428,53.06348419189453
1772722747.0846653,2429,-31.188831329345703
1772722750.6484272,2430,-26.534008026123047
1772722755.6612031,2431,-33.27056121826172
1772722765.719322,2432,-53.76190185546875
1772722769.1519265,2433,-26.776336669921875
1772722781.1565223,2434,47.87572479248047
1772722784.373973,2435,-129.54820251464844
1772722789.3744333,2436,72.59164428710938
1772722794.5185344,2437,-29.501909255981445
1772722797.6684375,2438,-19.73868179321289
1772722800.7258036,2439,-16.548898696899414
1772722804.1534638,2440,-22.056400299072266
1772722807.2626882,2441,-22.48104476928711
1772722818.1056128,2442,-79.57974243164062
1772722822.2859335,2443,86.3515396118164
1772722836.3636105,2444,23.733591079711914
1772722867.4594772,2445,100.92992401123047
1772722871.9988146,2446,-53.437129974365234
1772722878.3667297,2447,-56.04857635498047
1772722882.238372,2448,-23.2133846282959
1772722888.6784034,2449,-62.26953887939453
1772722891.910781,2450,-26.9630069732666
1772722893.6703804,2451,-116.66252899169922
1772722913.487378,2452,-106.42626953125
1772722926.245645,2453,51.401634216308594
1772722927.47632,2454,-103.15609741210938
1772722933.9777915,2455,-41.713523864746094
1772722937.7083085,2456,-20.879484176635742
1772722943.828308,2457,-37.86255645751953
1772722948.406142,2458,-41.559261322021484
1772722951.773835,2459,-123.63031768798828
1772722954.814347,2460,-25.292980194091797
1772722963.3581119,2461,-55.15863800048828
1772722973.8454037,2462,-56.798561096191406
1772722975.2306042,2463,-105.45777130126953
1772722982.2546093,2464,-62.264076232910156
1772723012.9652839,2465,-57.29353713989258
1772723023.4023972,2466,-37.789764404296875
1772723031.0131392,2467,-60.09272003173828
1772723033.5806847,2468,-122.95215606689453
1772723038.2702725,2469,-39.36541748046875
1772723039.6006594,2470,98.80037689208984
1772723042.5400224,2471,-22.261476516723633
1772723046.1097765,2472,-21.825010299682617
1772723061.594478,2473,-106.48143005371094
1772723067.1984622,2474,-35.2104606628418
1772723071.545634,2475,-22.9816837310791
1772723073.2512808,2476,96.69335174560547
1772723086.1376753,2477,-100.4735107421875
1772723089.6896386,2478,-15.9413423538208
1772723101.8994033,2479,-176.29840087890625
1772723122.933698,2480,-108.74716186523438
1772723126.8603332,2481,-23.529882431030273
1772723139.6679666,2482,29.536415100097656
1772723154.4865305,2483,5.684087753295898
1772723246.5433903,2484,-100.0
1772723249.5779746,2485,-123.60091400146484
1772723254.3933992,2486,-27.53908348083496
1772723257.4434466,2487,-109.17865753173828
1772723261.888536,2488,-45.444244384765625
1772723269.28271,2489,-45.54557418823242
1772723272.504409,2490,-23.322494506835938
1772723286.6661112,2491,-16.69222640991211
1772723295.1498075,2492,-41.30830764770508
1772723302.1012573,2493,60.88847732543945
1772723306.6251469,2494,-33.49374008178711
1772723313.561236,2495,-33.92124938964844
1772723320.5119047,2496,-139.4082489013672
1772723325.1747274,2497,-37.45769500732422
1772723333.1878366,2498,-55.39868927001953
1772723338.4125893,2499,-55.25379943847656
1772723341.5391762,2500,-26.38254165649414
1772723348.3322816,2501,72.91162109375
1772723365.9819007,2502,-116.42924499511719
1772723369.7111206,2503,-21.693586349487305
1772723387.9824011,2504,19.871944427490234
1772723397.909695,2505,-56.26444625854492
1772723404.7574286,2506,-42.78395462036133
1772723408.5983472,2507,82.06949615478516
1772723411.7104309,2508,-15.40357780456543
1772723422.9111948,2509,-60.350555419921875
1772723427.8239968,2510,-13.881453514099121
1772723436.4305325,2511,-159.55685424804688
1772723440.491741,2512,-33.81337356567383
1772723448.26118,2513,70.38288116455078
1772723462.7533643,2514,19.836769104003906
1772723469.774107,2515,59.67396926879883
1772723476.1947541,2516,54.629554748535156
1772723487.398335,2517,-87.40326690673828
1772723490.8290646,2518,-19.24811553955078
1772723496.9719424,2519,-43.75178909301758
1772723500.1265914,2520,-30.51780891418457
1772723501.881574,2521,94.88358306884766
1772723504.85635,2522,-20.16573143005371
1772723514.0596042,2523,-52.369537353515625
1772723517.4156399,2524,-24.931594848632812
1772723543.660464,2525,-167.5769500732422
1772723615.9261189,2526,47.55815124511719
1772723619.8204863,2527,-23.449440002441406
1772723623.8533933,2528,76.72773742675781
1772723632.6872127,2529,-55.10850143432617
1772723648.8757987,2530,-12.071657180786133
1772723649.8125424,2531,-100.0
1772723658.467844,2532,-57.89415740966797
1772723663.5563805,2533,-42.025150299072266
1772723666.6867836,2534,-22.135234832763672
1772723669.684644,2535,-27.68157196044922
1772723675.182378,2536,-43.38569641113281
1772723680.597307,2537,75.22352600097656
1772723681.021908,2538,-100.60627746582031
1772723688.8031178,2539,-45.99266052246094
1772723692.2922099,2540,-17.12923812866211
1772723720.9734836,2541,-172.18153381347656
1772723731.5762353,2542,50.3253288269043
1772723743.948084,2543,37.93087387084961
1772723749.4766622,2544,57.773075103759766
1772723753.9083238,2545,73.75366973876953
1772723758.9243088,2546,-51.65621566772461
1772723766.3664813,2547,-145.63377380371094
1772723769.5891435,2548,-32.0341682434082
1772723776.848432,2549,-39.21415328979492
1772723782.11548,2550,-33.88600158691406
1772723785.2782323,2551,-19.21398162841797
1772723790.5316412,2552,-61.27931594848633
1772723793.196243,2553,89.021240234375
1772723798.5904565,2554,-29.012361526489258
1772723803.6511483,2555,68.89786529541016
1772723811.0704129,2556,-138.38388061523438
1772723815.0305893,2557,-26.845088958740234
1772723815.6102772,2558,-103.81989288330078
1772723826.378796,2559,38.98301696777344
1772723838.8834176,2560,-87.16889953613281
1772723853.8042123,2561,-86.78517150878906
1772723864.4372473,2562,33.43897247314453
1772723867.838128,2563,-23.311519622802734
1772723870.764788,2564,83.57992553710938
1772723880.4633765,2565,31.131378173828125
1772723886.6342502,2566,70.64102935791016
1772723899.287201,2567,15.267746925354004
1772724001.6723118,2568,75.7952880859375
1772724004.939408,2569,-21.65127182006836
1772724010.918662,2570,-36.86308288574219
1772724011.3213873,2571,-100.0
1772724018.6022427,2572,-48.35748291015625
1772724021.8942678,2573,-23.44541358947754
1772724025.1975772,2574,-134.02749633789062
1772724031.2464285,2575,-62.9907341003418
1772724037.37464,2576,-46.85791015625
1772724042.6791232,2577,-38.43113708496094
1772724049.301424,2578,-36.846656799316406
1772724058.1000223,2579,-57.687503814697266
1772724060.121439,2580,91.36944580078125
1772724063.1414142,2581,-29.44889259338379
1772724072.7150311,2582,-61.891021728515625
1772724076.069832,2583,-31.42344856262207
1772724083.445369,2584,52.704681396484375
1772724091.1269813,2585,62.78837966918945
1772724094.2703154,2586,-132.24473571777344
1772724100.7062902,2587,61.083213806152344
1772724104.5110948,2588,-38.088844299316406
1772724108.8793619,2589,-45.42034149169922
1772724109.224798,2590,-100.0
1772724119.461649,2591,41.04320526123047
1772724120.99073,2592,98.36946105957031
1772724131.8085725,2593,43.70405578613281
1772724135.628662,2594,-113.74412536621094
1772724150.1765618,2595,-99.66731262207031
1772724153.8255215,2596,-23.16364097595215
1772724164.798167,2597,24.009220123291016
1772724171.854681,2598,-40.580841064453125
1772724179.6384697,2599,71.37708282470703
1772724185.9325466,2600,64.23100280761719
1772724189.1313038,2601,-26.044008255004883
1772724207.4601543,2602,-11.891658782958984
1772724215.5142663,2603,-34.34550476074219
1772724225.0550117,2604,-61.38117218017578
1772724230.500947,2605,-27.677709579467773
1772724231.9561434,2606,-108.14286041259766
1772724234.905703,2607,-23.58169174194336
1772724238.3043118,2608,-21.32792854309082
1772724245.2274854,2609,60.459835052490234
1772724256.7980113,2610,15.524538040161133
1772724263.6681616,2611,-46.60628890991211
1772724267.3622084,2612,-22.50975799560547
1772724271.2126203,2613,83.05982971191406
1772724284.9722078,2614,38.84025573730469
1772724340.5963573,2615,-29.104915618896484
1772724343.6214757,2616,-24.006725311279297
1772724348.7573433,2617,-37.906620025634766
1772724352.7677298,2618,-124.42781066894531
1772724357.7734046,2619,-43.7635612487793
1772724369.2489293,2620,-91.3368911743164
1772724372.6870909,2621,-18.458972930908203
1772724383.198194,2622,0.33981937170028687
1772724392.7385876,2623,-57.70789337158203
1772724396.116328,2624,87.0539779663086
1772724403.022853,2625,-35.07942581176758
1772724404.7464108,2626,95.51445007324219
1772724408.3574855,2627,-22.447608947753906
1772724416.3973298,2628,-53.60408020019531
1772724419.7124846,2629,-28.33850860595703
1772724431.0236394,2630,-118.97896575927734
1772724434.4682217,2631,-20.719234466552734
1772724436.4789135,2632,91.02107238769531
1772724445.9732382,2633,9.168023109436035
1772724449.4382873,2634,-16.380741119384766
1772724461.2213106,2635,21.766263961791992
1772724464.6785698,2636,-24.50005531311035
1772724476.5662708,2637,16.338659286499023
1772724480.184228,2638,-23.137052536010742
1772724483.2569113,2639,-36.90433883666992
1772724487.0290077,2640,-29.632020950317383
1772724498.0517306,2641,-68.01200103759766
1772724501.5881915,2642,-25.3305721282959
1772724504.644483,2643,-17.888402938842773
1772724512.0220346,2644,-47.33601379394531
1772724515.268778,2645,-21.30727767944336
1772724521.63517,2646,-45.156455993652344
1772724526.8173592,2647,-59.52849578857422
1772724535.0784478,2648,52.93010330200195
1772724544.4731627,2649,-46.13473129272461
1772724548.8099763,2650,-30.914491653442383
1772724565.5146363,2651,-102.60716247558594
1772724569.258328,2652,-35.18737030029297
1772724572.377144,2653,82.00662231445312
1772724580.1815255,2654,-54.26923370361328
1772724584.9928188,2655,-41.933494567871094
1772724592.1263509,2656,-33.63113784790039
1772724600.1659777,2657,44.07437515258789
1772724612.2604148,2658,-1.1651270389556885
1772724618.6822484,2659,-37.95365905761719
1772724621.870235,2660,-12.257594108581543
1772724624.9101324,2661,-18.32503318786621
1772724722.169354,2662,15.047215461730957
1772724726.19755,2663,-32.512855529785156
1772724732.4680448,2664,-35.41849136352539
1772724737.1663263,2665,-44.62579345703125
1772724745.5773404,2666,-54.06153106689453
1772724749.8304265,2667,80.59564971923828
1772724754.1800508,2668,-49.32991027832031
1772724769.901693,2669,-23.519824981689453
1772724776.1516187,2670,78.91259002685547
1772724785.5902529,2671,-66.4535903930664
1772724795.5335517,2672,27.183242797851562
1772724801.0253003,2673,71.94242095947266
1772724804.990554,2674,-30.862754821777344
1772724810.3378003,2675,-26.700353622436523
1772724814.7177095,2676,-34.909568786621094
1772724817.8041973,2677,-30.743566513061523
1772724823.1781318,2678,-25.458419799804688
1772724826.7563872,2679,88.62408447265625
1772724829.8135796,2680,-25.047304153442383
1772724839.4545403,2681,-65.2334213256836
1772724845.1402013,2682,-29.326438903808594
1772724848.299,2683,-22.372896194458008
1772724855.8701382,2684,-155.89178466796875
1772724859.1535482,2685,-21.041522979736328
1772724864.3651502,2686,-31.093942642211914
1772724868.075406,2687,82.26941680908203
1772724871.1804757,2688,-19.92021942138672
1772724882.1551666,2689,36.03998947143555
1772724888.5234067,2690,68.75334930419922
1772724898.6489122,2691,-78.19264221191406
1772724905.698131,2692,-52.71244430541992
1772724917.8181942,2693,15.62909984588623
1772724921.9186132,2694,92.13994598388672
1772724927.6052089,2695,-31.381591796875
1772724936.620001,2696,44.43417739868164
1772724944.53728,2697,53.28107833862305
1772724953.0057983,2698,-56.910945892333984
1772724969.369242,2699,-6.987327575683594
1772724981.3416443,2700,-79.89759826660156
1772725005.0964537,2701,-51.56740951538086
1772725083.5654151,2702,-41.76628875732422
1772725091.4054375,2703,-47.11354446411133
1772725095.46754,2704,-23.19546890258789
1772725100.0124083,2705,83.68883514404297
1772725109.3540843,2706,-105.98544311523438
1772725116.9670029,2707,-41.38410186767578
1772725120.201725,2708,-21.39891815185547
1772725125.3135495,2709,82.46271514892578
1772725134.4035902,2710,-59.06523895263672
1772725144.0042953,2711,-58.117305755615234
1772725146.8468468,2712,-113.6583023071289
1772725150.2063766,2713,-25.951519012451172
1772725153.2261944,2714,-23.428518295288086
1772725161.7726493,2715,34.077178955078125
1772725167.412948,2716,-30.50839614868164
1772725175.9404244,2717,-48.56039047241211
1772725183.247197,2718,-37.82054138183594
1772725188.6612089,2719,-50.821563720703125
1772725191.8422294,2720,-29.017465591430664
1772725197.9671533,2721,-47.15198516845703
1772725208.556277,2722,-168.63778686523438
1772725217.15331,2723,-79.28718566894531
1772725220.5108292,2724,-28.084897994995117
1772725231.7347558,2725,-71.7393569946289
1772725235.166336,2726,-29.59946060180664
1772725251.206437,2727,-98.70133209228516
1772725254.9098704,2728,-23.644432067871094
1772725263.9700325,2729,-153.26206970214844
1772725281.561402,2730,-124.6054916381836
1772725290.1746027,2731,-50.24782943725586
1772725296.7713585,2732,62.673763275146484
1772725306.2874546,2733,-64.03282165527344
1772725311.7895923,2734,68.7801284790039
1772725315.518774,2735,-18.97974967956543
1772725319.5818462,2736,-27.664424896240234
1772725335.5785077,2737,-93.8031997680664
1772725349.4230132,2738,14.062725067138672
1772725352.971314,2739,-18.000560760498047
1772725356.313401,2740,-25.2281551361084
1772725361.509991,2741,-47.05889129638672
1772725368.671247,2742,-45.03317642211914
1772725478.630356,2743,71.24227142333984
1772725481.8463447,2744,-27.501483917236328
1772725486.8360624,2745,-53.50153732299805
1772725489.9416413,2746,-18.4874267578125
1772725492.9966164,2747,-18.973730087280273
1772725499.358481,2748,57.65481948852539
1772725502.590719,2749,-37.155006408691406
1772725515.9483535,2750,-94.03848266601562
1772725518.8042378,2751,93.3167953491211
1772725524.3337529,2752,55.53400421142578
1772725526.7188857,2753,92.87470245361328
1772725531.5722933,2754,-42.45597457885742
1772725537.765293,2755,62.16312026977539
1772725540.9312518,2756,-24.256813049316406
1772725543.9413786,2757,-18.577655792236328
1772725547.0874498,2758,-21.6478214263916
1772725554.4202707,2759,64.07196044921875
1772725561.3997006,2760,63.87648391723633
1772725565.0470722,2761,-21.26142120361328
1772725570.9643137,2762,-43.48030471801758
1772725574.1426144,2763,-16.740732192993164
1772725583.2126176,2764,31.215280532836914
1772725588.9317157,2765,-34.714195251464844
1772725599.1422873,2766,36.60421371459961
1772725605.8228729,2767,64.32874298095703
1772725609.5979679,2768,-31.14019775390625
1772725618.2465603,2769,-47.240509033203125
1772725627.1509929,2770,43.56919479370117
1772725637.0285323,2771,-56.09218978881836
1772725640.7575707,2772,-127.69744873046875
1772725645.109382,2773,80.44534301757812
1772725650.1100886,2774,-36.978214263916016
1772725655.4365237,2775,-36.548126220703125
1772725677.9127686,2776,-156.66787719726562
1772725682.863651,2777,-25.410682678222656
1772725687.9982615,2778,74.10054016113281
1772725699.993302,2779,27.52193832397461
1772725707.5965433,2780,-34.9067497253418
1772725711.2795227,2781,-30.14847183227539
1772725728.643993,2782,-40.169559478759766
1772725734.7341936,2783,-32.768714904785156
1772725737.2083406,2784,-110.08094787597656
1772725749.8123548,2785,33.12620162963867
1772725753.3370936,2786,-24.373165130615234
1772725760.6066978,2787,-47.78658676147461
1772725764.588177,2788,-26.483936309814453
1772725840.596289,2789,-72.62698364257812
1772725844.0346117,2790,-24.129182815551758
1772725852.0453193,2791,-65.17638397216797
1772725861.5052085,2792,-64.9736099243164
1772725862.405424,2793,-103.71212768554688
1772725862.5433712,2794,-100.0
1772725865.4707694,2795,-21.113447189331055
1772725873.780275,2796,-56.99463653564453
1772725882.2074366,2797,-50.39616012573242
1772725887.1574943,2798,73.31108856201172
1772725893.0916975,2799,-34.945796966552734
1772725896.2440262,2800,-19.499126434326172
1772725901.7336402,2801,-32.75450897216797
1772725906.3125048,2802,-124.3559341430664
1772725920.4691718,2803,-77.94336700439453
1772725925.1950788,2804,-28.594493865966797
1772725928.2865956,2805,-16.17305564880371
1772725941.6062896,2806,-82.91455841064453
1772725951.895685,2807,-65.60872650146484
1772725957.2857823,2808,-37.80536651611328
1772725964.9183939,2809,49.98084259033203
1772725968.2326648,2810,-21.419925689697266
1772725974.7967637,2811,77.20064544677734
1772725980.749786,2812,-37.64898681640625
1772725984.1322262,2813,-19.59252166748047
1772725987.2241983,2814,-31.703781127929688
1772725995.3653972,2815,65.86441040039062
1772725998.750223,2816,-19.00025749206543
1772726001.7520432,2817,-24.829936981201172
1772726005.452424,2818,78.31874084472656
1772726008.6964648,2819,-22.253286361694336
1772726011.7262878,2820,-34.204872131347656
1772726017.765309,2821,-38.64809799194336
1772726027.237659,2822,-76.16092681884766
1772726030.6135035,2823,-22.066938400268555
1772726033.664128,2824,-22.954431533813477
1772726036.741066,2825,-20.653995513916016
1772726044.421993,2826,60.98383331298828
1772726052.1289694,2827,54.938133239746094
1772726056.513107,2828,-27.700807571411133
1772726062.0915277,2829,-39.8254280090332
1772726076.057167,2830,-118.37882995605469
1772726079.6173787,2831,-30.077571868896484
1772726090.250386,2832,-53.945884704589844
1772726095.3646884,2833,-35.86956024169922
1772726108.095974,2834,-72.52078247070312
1772726115.9093828,2835,66.49700164794922
1772726117.4008534,2836,100.88594055175781
1772726120.3361182,2837,-19.56741714477539
1772726123.3651712,2838,-33.3901481628418
1772726166.2919986,2839,91.1153793334961
1772726176.0215406,2840,-69.37568664550781
1772726185.8927138,2841,-77.8898696899414
1772726189.2601345,2842,-24.58651351928711
1772726191.4491572,2843,-114.71160888671875
1772726200.4704547,2844,-55.3206901550293
1772726204.2720933,2845,-23.760541915893555
1772726212.3878171,2846,-169.4477081298828
1772726220.990427,2847,-73.52877807617188
1772726229.8542936,2848,31.401611328125
1772726233.1635082,2849,-34.26594161987305
1772726236.2225654,2850,-24.462032318115234
1772726242.1341474,2851,-141.2246856689453
1772726250.234542,2852,52.3586311340332
1772726256.674316,2853,57.62630081176758
1772726259.8444676,2854,-28.73824691772461
1772726268.7905836,2855,60.519752502441406
1772726271.756973,2856,90.94374084472656
1772726277.1420946,2857,-41.465789794921875
1772726280.3246539,2858,-30.173198699951172
1772726289.2902083,2859,-57.321014404296875
1772726298.3486605,2860,-67.20516967773438
1772726307.4364712,2861,42.74520492553711
1772726311.245949,2862,-25.084243774414062
1772726315.6044989,2863,-35.289886474609375
1772726322.7083569,2864,-54.856101989746094
1772726327.4342895,2865,-25.840709686279297
1772726327.797388,2866,-100.0
1772726338.7444298,2867,-88.65277099609375
1772726348.3739777,2868,-59.99376678466797
1772726348.9672537,2869,-100.0
1772726351.8452864,2870,-33.286312103271484
1772726356.0870996,2871,-148.24270629882812
1772726365.9422843,2872,45.4678840637207
1772726366.623126,2873,-100.56804656982422
1772726373.156765,2874,-49.24072265625
1772726385.4658995,2875,-101.31844329833984
1772726395.8843422,2876,42.37411880493164
1772726396.5274906,2877,-100.0
1772726402.6763394,2878,67.09026336669922
1772726406.7532926,2879,-32.539913177490234
1772726412.4595213,2880,-36.96481704711914
1772726412.8704853,2881,-100.0
1772726417.0234241,2882,-28.49723243713379
1772726432.0124147,2883,-82.16609191894531
1772726443.0853605,2884,43.8532600402832
1772726451.1727023,2885,60.17789077758789
1772726455.9973247,2886,-47.75365447998047
1772726459.1023042,2887,-17.413040161132812
1772726518.915541,2888,-29.230852127075195
1772726522.0823376,2889,-25.02450942993164
1772726525.1041596,2890,-23.78310203552246
1772726528.1313019,2891,88.79155731201172
1772726535.7326846,2892,54.12655258178711
1772726539.0016103,2893,-22.70838737487793
1772726548.1512759,2894,45.7792854309082
1772726553.5294714,2895,-33.48097610473633
1772726558.109938,2896,-28.665363311767578
1772726562.808167,2897,-21.427682876586914
1772726571.1263573,2898,-54.970699310302734
1772726579.6733782,2899,-52.87369918823242
1772726583.2167222,2900,-21.29470443725586
1772726594.584878,2901,23.941043853759766
1772726599.3853858,2902,81.89942932128906
1772726615.06068,2903,-25.264976501464844
1772726624.2663314,2904,53.4655876159668
1772726627.69222,2905,-26.208831787109375
1772726630.73053,2906,87.66889190673828
1772726641.56009,2907,32.26020812988281
1772726644.9803483,2908,-19.532011032104492
1772726653.9990737,2909,58.63451385498047
1772726654.73336,2910,-102.06436157226562
1772726658.2751648,2911,-25.41072654724121
1772726676.750359,2912,-6.441086292266846
1772726682.6160989,2913,-128.39942932128906
1772726690.285534,2914,-39.04481887817383
1772726696.7082605,2915,-144.4494171142578
1772726706.2022235,2916,-71.92435455322266
1772726709.6140957,2917,-29.125415802001953
1772726713.7931793,2918,-38.48023223876953
1772726722.166364,2919,62.615455627441406
1772726728.6059802,2920,64.51734924316406
1772726735.907431,2921,44.74007034301758
1772726743.6781225,2922,61.7374267578125
1772726753.686385,2923,-73.41339874267578
1772726759.7335625,2924,-31.396242141723633
1772726766.9364283,2925,66.59466552734375
1772726767.9104633,2926,-102.46329498291016
1772726770.8364267,2927,-16.584840774536133
1772726772.86247,2928,-113.38313293457031
1772726776.3184614,2929,81.35562133789062
1772726786.229388,2930,-55.69866943359375
1772726786.8723981,2931,-100.0
1772726795.0742264,2932,42.66411590576172
1772726806.47578,2933,-69.72364044189453
1772726810.1661248,2934,83.46240997314453
1772726919.3160439,2935,57.25828170776367
1772726923.221534,2936,-36.49295425415039
1772726933.5103467,2937,-53.79368209838867
1772726936.8136106,2938,-113.52350616455078
1772726945.8472972,2939,-69.67412567138672
1772726955.4982772,2940,55.61543273925781
1772726964.239322,2941,41.00492858886719
1772726967.9055853,2942,-20.292299270629883
1772726970.9483771,2943,-23.47057342529297
1772726973.9817708,2944,-21.167556762695312
1772726986.5201957,2945,27.72866439819336
1772726992.7027586,2946,72.61148834228516
1772726996.4935355,2947,-16.89121437072754
1772727003.6610405,2948,-49.87968444824219
1772727008.494688,2949,-118.95381927490234
1772727014.1284306,2950,72.66818237304688
1772727014.529457,2951,-100.0
1772727018.0612001,2952,-17.026521682739258
1772727021.1253195,2953,-14.183070182800293
1772727028.9264364,2954,66.53986358642578
1772727032.7604823,2955,-19.07193374633789
1772727035.8212266,2956,-22.59342384338379
1772727038.8221233,2957,-26.890409469604492
1772727041.8363962,2958,-32.652828216552734
1772727044.8619597,2959,-24.16626739501953
1772727053.333784,2960,36.990440368652344
1772727060.9311023,2961,65.9687271118164
1772727064.3440583,2962,-23.145055770874023
1772727071.316291,2963,-48.771812438964844
1772727077.7737222,2964,-36.30244064331055
1772727086.136413,2965,-63.7042236328125
1772727095.6372514,2966,34.345001220703125
1772727099.0132766,2967,-32.89708709716797
1772727102.0150352,2968,-18.22494125366211
1772727105.0153,2969,-36.14192199707031
1772727112.4604719,2970,-44.08139419555664
1772727121.230152,2971,48.616416931152344
1772727124.5502641,2972,-17.84834098815918
1772727127.6046395,2973,-15.836373329162598
1772727134.9762619,2974,-44.8298225402832
1772727138.2329571,2975,-32.3166618347168
1772727144.1584954,2976,-34.32805633544922
1772727147.341634,2977,-20.66029167175293
1772727153.956702,2978,76.35684967041016
1772727157.1735535,2979,-19.725738525390625
1772727160.190592,2980,-23.36417579650879
1772727165.5988514,2981,-25.439064025878906
1772727175.5827785,2982,45.62553024291992
1772727179.0066977,2983,-21.02195930480957
1772727185.367355,2984,-40.91747283935547
1772727188.576362,2985,-21.09499740600586
1772727198.9424155,2986,36.44511795043945
1772727216.2255106,2987,-140.90782165527344
1772727306.55025,2988,37.366939544677734
1772727314.2977352,2989,-58.13380813598633
1772727317.5981297,2990,-27.707117080688477
1772727322.444145,2991,-26.147531509399414
1772727325.580625,2992,-24.093645095825195
1772727335.4369662,2993,-69.93095397949219
1772727336.0793436,2994,-100.0
1772727343.4085612,2995,67.2670669555664
1772727352.1506894,2996,-62.32393264770508
1772727355.343512,2997,95.40052795410156
1772727358.40547,2998,-20.926050186157227
1772727363.768984,2999,-21.491127014160156
1772727374.383612,3000,50.37066650390625
1772727377.8168268,3001,-20.67458152770996
1772727381.2163596,3002,-33.19889450073242
1772727387.4055688,3003,-32.17158889770508
1772727390.5942473,3004,-26.97370147705078
1772727393.6001143,3005,-21.025388717651367
1772727402.3985858,3006,-58.76627731323242
1772727411.436368,3007,14.904012680053711
1772727416.4505322,3008,-47.567317962646484
1772727420.2724874,3009,-14.94433879852295
1772727429.885725,3010,-68.38885498046875
1772727441.8813617,3011,-71.51802062988281
1772727447.273385,3012,-35.89095687866211
1772727454.9761631,3013,-86.6547622680664
1772727465.4206703,3014,51.92911911010742
1772727470.6137903,3015,72.78385925292969
1772727482.4880574,3016,30.27035140991211
1772727487.278145,3017,-25.5455322265625
1772727487.608459,3018,-100.0
1772727495.595582,3019,63.92531204223633
1772727503.0863073,3020,47.763851165771484
1772727514.8314023,3021,-81.05645751953125
1772727518.8607423,3022,-20.262277603149414
1772727525.872354,3023,-42.21673583984375
1772727529.1417513,3024,-20.203386306762695
1772727534.3513792,3025,-34.978755950927734
1772727537.5167584,3026,-30.636919021606445
1772727548.766518,3027,-57.29526901245117
1772727560.4461932,3028,-91.14764404296875
1772727563.9067993,3029,-20.195022583007812
1772727566.9564075,3030,-21.34004783630371
1772727570.5180912,3031,81.41500091552734
1772727570.9151554,3032,-101.17474365234375
1772727574.9994965,3033,-127.01893615722656
1772727583.6170368,3034,-52.57898712158203
1772727676.5002642,3035,-26.57236099243164
1772727679.5635285,3036,-19.450162887573242
1772727682.6355824,3037,-29.429895401000977
1772727685.699654,3038,-36.4730339050293
1772727689.2786484,3039,-25.53740692138672
1772727692.3401923,3040,-37.99920654296875
1772727701.004242,3041,55.95144271850586
1772727705.7944713,3042,-39.584716796875
1772727709.9971797,3043,-39.54838180541992
1772727714.8789062,3044,-35.19487380981445
1772727727.1841629,3045,21.756357192993164
1772727736.1291676,3046,65.0026626586914
1772727744.1012816,3047,52.842185974121094
1772727747.3723943,3048,-20.789798736572266
1772727749.069062,3049,-120.12683868408203
1772727756.7800674,3050,-59.27333450317383
1772727759.6194558,3051,86.63252258300781
1772727762.6476989,3052,-18.05038833618164
1772727767.5345807,3053,-37.89797592163086
1772727782.7414613,3054,-87.00750732421875
1772727786.4110682,3055,-19.83856773376465
1772727791.3949773,3056,-44.00506591796875
1772727794.530424,3057,-24.84330940246582
1772727804.2366536,3058,33.99381637573242
1772727815.3929064,3059,37.3004264831543
1772727820.2475574,3060,-25.55745506286621
1772727824.9319534,3061,83.17715454101562
1772727829.1006505,3062,-21.963499069213867
1772727832.5475492,3063,-28.053979873657227
1772727842.6445122,3064,49.24486541748047
1772727847.838267,3065,-35.00608825683594
1772727849.9504719,3066,92.11092376708984
1772727857.0226579,3067,57.124271392822266
1772727865.2711117,3068,65.69149017333984
1772727870.8042912,3069,-42.70836639404297
1772727874.719689,3070,-25.81574058532715
1772727894.9870713,3071,-122.75740814208984
1772727914.884986,3072,-124.7125244140625
1772727921.6676147,3073,-43.531715393066406
1772727927.3814943,3074,-31.51717758178711
1772727930.4334335,3075,87.18878173828125
1772727933.4422321,3076,-34.86392593383789
1772727940.7786465,3077,-47.205074310302734
1772727944.0777218,3078,-18.253963470458984
1772727958.719999,3079,27.659147262573242
1772727962.3517563,3080,-30.125926971435547
1772727965.4130912,3081,-21.067983627319336
1772727971.500734,3082,71.80677795410156
1772728052.843306,3083,-32.11861038208008
1772728055.8731275,3084,-20.273460388183594
1772728058.8727393,3085,-20.841753005981445
1772728065.1455226,3086,63.11566925048828
1772728068.405323,3087,-17.538537979125977
1772728083.0921013,3088,-96.20137023925781
1772728089.4112782,3089,81.56182861328125
1772728092.719344,3090,-30.39769172668457
1772728098.3984365,3091,66.8569107055664
1772728103.2354214,3092,68.4638671875
1772728114.924421,3093,-71.4212875366211
1772728120.9228458,3094,-29.0860595703125
1772728124.1086104,3095,-32.199195861816406
1772728129.5273714,3096,-39.234066009521484
1772728132.709069,3097,-25.37877082824707
1772728137.7976694,3098,-42.700321197509766
1772728138.1751933,3099,-100.0
1772728145.8246984,3100,55.76028060913086
1772728151.405374,3101,-42.99272155761719
1772728159.024786,3102,59.58466720581055
1772728167.1348355,3103,-42.2387580871582
1772728171.4595811,3104,-25.50173568725586
1772728178.2019844,3105,-38.00482177734375
1772728193.06054,3106,-89.79328155517578
1772728199.5505667,3107,53.83283615112305
1772728204.6059008,3108,-38.11604690551758
1772728210.7643251,3109,-43.06501007080078
1772728216.1949883,3110,-41.27546691894531
1772728219.8524344,3111,-21.170446395874023
1772728220.1483798,3112,-100.0
1772728231.6190188,3113,-84.61067962646484
1772728232.3495905,3114,-100.0
1772728239.9293923,3115,-76.25404357910156
1772728247.8706863,3116,53.74045944213867
1772728256.1413972,3117,55.60508728027344
1772728263.138541,3118,-36.44654083251953
1772728266.366289,3119,-31.861270904541016
1772728269.429273,3120,-25.575515747070312
1772728276.5378444,3121,54.02560043334961
1772728290.0142057,3122,31.673566818237305
1772728299.6940563,3123,56.67509841918945
1772728317.1739945,3124,-9.853300094604492
1772728321.0039716,3125,-17.41969108581543
1772728321.277705,3126,-100.0
1772728325.6120732,3127,-31.563125610351562
1772728333.0688484,3128,66.14300537109375
1772728337.269696,3129,-23.200809478759766
1772728353.790154,3130,-127.632080078125
1772728414.804921,3131,71.9660873413086
1772728419.8324654,3132,-43.588401794433594
1772728424.652608,3133,-29.556293487548828
1772728432.8768024,3134,49.33772659301758
1772728441.71642,3135,42.13773727416992
1772728448.458118,3136,-53.772090911865234
1772728457.780645,3137,48.457191467285156
1772728462.1899927,3138,-29.624916076660156
1772728467.1667461,3139,-37.28651809692383
1772728474.3393075,3140,50.80012512207031
1772728481.5575197,3141,-36.39720916748047
1772728490.6856174,3142,28.756818771362305
1772728510.6716855,3143,-32.720680236816406
1772728514.6346946,3144,-21.717248916625977
1772728517.7014878,3145,-22.602977752685547
1772728523.5333316,3146,-30.728450775146484
1772728529.3238783,3147,55.19811248779297
1772728529.7257295,3148,-100.0
1772728532.6302502,3149,-24.03120994567871
1772728537.6895778,3150,-53.998191833496094
1772728547.2370758,3151,36.55482482910156
1772728550.6157012,3152,-33.04722595214844
1772728557.9107795,3153,69.14961242675781
1772728558.412179,3154,-100.0
1772728567.5002384,3155,-65.9532470703125
1772728586.5832317,3156,-94.4263687133789
1772728590.4864578,3157,-21.119199752807617
1772728596.0634303,3158,75.80597686767578
1772728604.247303,3159,-160.4918670654297
1772728608.138362,3160,-18.2980899810791
1772728611.166448,3161,-113.2287368774414
1772728624.8131363,3162,-14.304265975952148
1772728634.1562004,3163,45.04119110107422
1772728640.8982666,3164,-50.753536224365234
1772728644.2442105,3165,-19.2479305267334
1772728655.1981115,3166,34.26476287841797
1772728657.5721395,3167,93.39263153076172
1772728662.8593931,3168,-26.892244338989258
1772728663.8484359,3169,-103.57502746582031
1772728680.609453,3170,-104.53776550292969
1772728695.118537,3171,-76.24112701416016
1772728783.5423577,3172,-25.132787704467773
1772728790.7093008,3173,-42.14412307739258
1772728794.0058064,3174,-26.65645980834961
1772728800.6529658,3175,-38.17574691772461
1772728803.876208,3176,-32.21208953857422
1772728810.8489804,3177,-36.44495391845703
1772728821.891553,3178,-70.44001770019531
1772728829.4096255,3179,-43.98366928100586
1772728833.9432502,3180,-126.90880584716797
1772728837.3141143,3181,87.92060089111328
1772728837.6016777,3182,-100.0
1772728852.4144757,3183,8.614197731018066
1772728856.7485898,3184,88.77336120605469
1772728859.830558,3185,-32.18590545654297
1772728862.8837385,3186,-33.683589935302734
1772728869.7265537,3187,-31.51352310180664
1772728876.9342,3188,63.695838928222656
1772728880.2195938,3189,-15.984662055969238
1772728884.3096733,3190,-28.992277145385742
1772728889.712331,3191,75.18702697753906
1772728890.1212199,3192,-100.0
1772728897.566568,3193,37.89982986450195
1772728900.830387,3194,-22.44243812561035
1772728909.1194358,3195,42.57682418823242
1772728916.9821074,3196,-51.87137222290039
1772728928.5826576,3197,-72.34555053710938
1772728944.545156,3198,-116.61244201660156
1772728949.0354788,3199,-21.768558502197266
1772728960.22387,3200,34.23186492919922
1772728971.2944393,3201,29.31645965576172
1772728986.2531786,3202,-93.15238952636719
1772728993.3963022,3203,54.09437561035156
1772728996.2371547,3204,80.26904296875
1772728997.3743095,3205,-106.4251480102539
1772729002.0586045,3206,-128.20489501953125
1772729009.0001006,3207,-43.34111404418945
