wall_time,step,value
1771985958.1936193,1,0.0816761776804924
1771985965.511289,2,0.02663184329867363
1771985969.0598662,3,-0.2238702028989792
1771985980.0231674,4,-0.31465157866477966
1771985984.8107603,5,-0.8383380174636841
1771985984.9344401,6,-1.099560260772705
1771985993.591757,7,-0.9584342837333679
1771986004.1085632,8,-0.06987424194812775
1771986007.5310926,9,0.17832137644290924
1771986019.3159034,10,0.5915464758872986
1771986064.7449636,11,1.1439299583435059
1771986089.936416,12,-0.0030602067708969116
1771986094.0254807,13,-0.6042196750640869
1771986098.2161536,14,-0.7374992370605469
1771986118.2450273,15,-0.9243207573890686
1771986127.3130512,16,-0.34641021490097046
1771986132.3441198,17,0.02233549952507019
1771986141.8092299,18,1.0205297470092773
1771986152.0804772,19,1.0398918390274048
1771986171.1717122,20,1.5961511135101318
1771986181.7098463,21,1.6875814199447632
1771986181.8363392,22,-0.6789436340332031
1771986182.4035141,23,-0.4387562870979309
1771986189.8313267,24,0.9928351640701294
1771986194.9907405,25,1.0312683582305908
1771986202.5389178,26,0.9200608730316162
1771986207.632945,27,0.8687276840209961
1771986210.8037343,28,0.2796970009803772
1771986213.4267597,29,1.0613912343978882
1771986216.7584207,30,0.4659496247768402
1771986228.516253,31,4.280885696411133
1771986231.1872313,32,4.546367168426514
1771986236.6879294,33,4.881072521209717
1771986250.310342,34,5.87988805770874
1771986260.2812564,35,6.620081901550293
1771986276.55476,36,7.747957706451416
1771986555.192121,37,8.674663543701172
1771986558.659971,38,8.595318794250488
1771986559.0899267,39,8.260326385498047
1771986567.4383457,40,8.959711074829102
1771986590.9972095,41,10.510167121887207
1771986593.3008096,42,9.843624114990234
1771986598.949156,43,10.034021377563477
1771986599.695765,44,9.472732543945312
1771986600.013625,45,9.019980430603027
1771986601.9356086,46,9.826850891113281
1771986609.8971233,47,10.03695011138916
1771986613.2188675,48,9.675768852233887
1771986620.739603,49,9.317995071411133
1771986620.9367652,50,7.652689456939697
1771986626.1321895,51,10.348063468933105
1771986643.8315413,52,10.556854248046875
1771986644.5487452,53,9.02307415008545
1771986648.311521,54,10.438555717468262
1771986650.2748551,55,8.050580024719238
1771986657.738886,56,10.109814643859863
1771986658.4193366,57,9.815032005310059
1771986672.307817,58,10.443622589111328
1771986673.4312,59,10.37641716003418
1771986676.7261415,60,10.562051773071289
1771986686.4467525,61,9.930367469787598
1771986690.5827737,62,8.881891250610352
1771986691.7643602,63,9.020508766174316
1771986703.2170196,64,9.481721878051758
1771986703.8642178,65,8.911093711853027
1771986710.994837,66,9.357845306396484
1771986715.2825718,67,9.172371864318848
1771986720.9678955,68,9.113912582397461
1771986722.435683,69,9.0900297164917
1771986727.3901584,70,9.061655044555664
1771986735.9914603,71,9.774002075195312
1771986743.908332,72,9.485760688781738
1771986748.4987073,73,9.574138641357422
1771986756.6489346,74,9.95848274230957
1771986760.3166366,75,9.407013893127441
1771986763.5997827,76,10.368939399719238
1771986763.7245696,77,6.178765773773193
1771986772.4249442,78,10.57059383392334
1771986778.4747312,79,9.755108833312988
1771986808.6588721,80,11.338974952697754
1771986811.6914232,81,11.115140914916992
1771986819.283868,82,11.912891387939453
1771986829.730477,83,11.48949909210205
1771986853.3025177,84,11.6924467086792
1771987039.3668962,85,11.827498435974121
1771987042.7001765,86,10.319602012634277
1771987061.2622128,87,10.931324005126953
1771987068.5171883,88,11.298297882080078
1771987096.6185088,89,12.314297676086426
1771987107.0453472,90,11.94057559967041
1771987113.1022997,91,11.667234420776367
1771987115.3816383,92,12.830947875976562
1771987118.5445614,93,12.815290451049805
1771987130.8657103,94,13.180110931396484
1771987138.9680276,95,13.035929679870605
1771987146.28381,96,12.876450538635254
1771987158.7398565,97,13.915181159973145
1771987163.1509376,98,12.584739685058594
1771987182.416312,99,14.613101959228516
1771987198.8006833,100,13.990327835083008
1771987203.853611,101,12.842498779296875
1771987213.9561458,102,13.901758193969727
1771987215.5570076,103,14.755138397216797
1771987224.144821,104,15.437032699584961
1771987224.5957785,105,14.703330993652344
1771987235.7912002,106,15.847914695739746
1771987239.6456432,107,16.495800018310547
1771987242.0740502,108,14.196281433105469
1771987251.315954,109,16.438753128051758
1771987256.405934,110,16.099609375
1771987257.4569767,111,15.28868579864502
1771987260.0552564,112,17.16487693786621
1771987280.1315663,113,18.080060958862305
1771987282.3285801,114,15.016005516052246
1771987291.665053,115,18.044038772583008
1771987297.040283,116,18.616548538208008
1771987300.2116578,117,16.650386810302734
1771987310.8635442,118,17.068387985229492
1771987312.110076,119,19.301931381225586
1771987316.9015744,120,17.11075210571289
1771987323.7521029,121,19.922740936279297
1771987328.263964,122,16.9653263092041
1771987331.0341926,123,18.091073989868164
1771987331.463857,124,17.840038299560547
1771987334.7980065,125,18.316669464111328
1771987516.7851715,126,20.5841007232666
1771987522.427139,127,19.901208877563477
1771987532.5591114,128,19.49579429626465
1771987534.3880062,129,18.283119201660156
1771987545.317412,130,20.656208038330078
1771987552.2468994,131,23.47456932067871
1771987556.8062441,132,19.296539306640625
1771987564.2134774,133,22.69620132446289
1771987573.5439115,134,22.303348541259766
1771987598.6816638,135,23.913238525390625
1771987602.573263,136,22.164106369018555
1771987607.5336158,137,22.1206111907959
1771987614.9016342,138,24.188621520996094
1771987617.8097634,139,24.023801803588867
1771987620.9365919,140,22.031753540039062
1771987624.172099,141,24.700252532958984
1771987624.752405,142,19.324642181396484
1771987642.0564501,143,24.84404754638672
1771987653.7521634,144,23.51667594909668
1771987658.9661586,145,25.38463592529297
1771987668.9836767,146,24.559616088867188
1771987673.7494607,147,24.933462142944336
1771987679.723483,148,24.38589859008789
1771987687.4103487,149,25.398841857910156
1771987705.9717283,150,25.259794235229492
1771987706.0958014,151,11.847992897033691
1771987724.9686134,152,27.37249755859375
1771987728.144508,153,26.405757904052734
1771987737.989065,154,27.770593643188477
1771987739.155987,155,26.15081787109375
1771987746.0039604,156,26.744659423828125
1771987757.2323546,157,27.94620132446289
1771987757.3584793,158,8.021553039550781
1771987757.4793408,159,5.200850963592529
1771987757.864996,160,18.91196060180664
1771987758.0594163,161,22.3326358795166
1771987769.518261,162,27.23066520690918
1771987787.023541,163,27.721290588378906
1771987829.0142243,164,29.39359474182129
1771988063.5018928,165,28.86015510559082
1771988064.4308605,166,27.253419876098633
1771988068.2851255,167,28.713239669799805
1771988071.6780915,168,27.109397888183594
1771988075.4744878,169,29.081037521362305
1771988147.637552,170,30.335350036621094
1771988147.7634397,171,20.045223236083984
1771988147.8880813,172,14.031021118164062
1771988158.7107813,173,29.757848739624023
1771988158.8965962,174,25.535337448120117
1771988169.300268,175,29.091899871826172
1771988174.789873,176,28.482261657714844
1771988186.9904745,177,28.37136459350586
1771988208.7858038,178,31.60594367980957
1771988210.4543078,179,30.089763641357422
1771988211.5385714,180,28.814077377319336
1771988211.6651273,181,21.72570037841797
1771988218.2545028,182,29.932029724121094
1771988224.279612,183,30.21111297607422
1771988242.1237001,184,30.955036163330078
1771988253.8377478,185,31.770933151245117
1771988256.263453,186,32.5146484375
1771988259.4117467,187,31.557844161987305
1771988264.7174568,188,31.110004425048828
1771988285.4527388,189,31.0554256439209
1771988292.680673,190,32.35841369628906
1771988295.2676826,191,30.492895126342773
1771988308.3442214,192,32.23705291748047
1771988315.8698483,193,32.57738494873047
1771988323.4669812,194,32.92528533935547
1771988339.6643047,195,32.99091720581055
1771988342.1497138,196,32.05880355834961
1771988346.6043115,197,33.72272872924805
1771988349.5857399,198,32.13644027709961
1771988369.240025,199,34.7964973449707
1771988543.6620452,200,34.07511901855469
1771988545.5427122,201,30.845678329467773
1771988549.0979044,202,33.428627014160156
1771988555.313924,203,33.93574905395508
1771988558.0840874,204,33.51416778564453
1771988563.6408958,205,34.37074279785156
1771988577.2300546,206,35.36357116699219
1771988594.376692,207,36.9562873840332
1771988627.50651,208,36.65291976928711
1771988627.6614654,209,5.2234883308410645
1771988645.8806825,210,36.046077728271484
1771988649.266225,211,33.81418991088867
1771988649.522549,212,32.49044418334961
1771988672.397838,213,35.10466003417969
1771988680.1436203,214,36.07505798339844
1771988693.1701093,215,34.522884368896484
1771988693.5558617,216,30.658992767333984
1771988704.6210735,217,34.14717483520508
1771988710.912768,218,36.4202880859375
1771988724.7875788,219,36.15890884399414
1771988767.3519223,220,36.268646240234375
1771988772.4889286,221,35.09043884277344
1771988791.6100867,222,37.16168212890625
1771988798.6805556,223,36.22623825073242
1771988820.5005145,224,36.79909896850586
1771988855.5342965,225,37.07791519165039
1771988858.8900218,226,34.75395965576172
1771988863.9285414,227,35.59614181518555
1771989036.0496223,228,32.002708435058594
1771989046.0641582,229,36.136146545410156
1771989054.4397418,230,37.43772888183594
1771989063.926753,231,34.554222106933594
1771989065.89339,232,37.45584487915039
1771989098.5039122,233,36.258827209472656
1771989118.123379,234,37.71466064453125
1771989129.4323037,235,37.60062789916992
1771989139.5931401,236,34.462562561035156
1771989149.1516638,237,34.94684982299805
1771989157.2345953,238,37.31153869628906
1771989164.5704105,239,35.60466766357422
1771989200.7817538,240,37.31377029418945
1771989201.3009331,241,30.32623291015625
1771989212.0887358,242,35.0871696472168
1771989217.8923314,243,34.66632080078125
1771989221.9107518,244,33.37148666381836
1771989222.439577,245,33.30609130859375
1771989222.570556,246,-0.787067711353302
1771989239.1743708,247,35.60538864135742
1771989243.1549842,248,33.738712310791016
1771989275.0602615,249,37.01996994018555
1771989277.7007227,250,33.4815559387207
1771989287.7944703,251,35.13278579711914
1771989300.8196974,252,36.45763397216797
1771989304.9203057,253,36.9927978515625
1771989312.1684818,254,34.12391662597656
1771989327.0587904,255,34.635841369628906
1771989340.7528288,256,34.52238082885742
1771989358.6126204,257,34.62971496582031
1771989368.2021034,258,35.141845703125
1771989393.9391954,259,36.45210266113281
1771989650.8561442,260,32.95420455932617
1771989672.9411852,261,36.18960952758789
1771989702.8581414,262,35.83555221557617
1771989706.0558999,263,35.70460510253906
1771989709.0027974,264,31.68857192993164
1771989749.4280305,265,35.29438018798828
1771989749.6167626,266,-2.271083116531372
1771989764.176117,267,32.549476623535156
1771989770.616725,268,32.58505630493164
1771989776.8689775,269,34.37353515625
1771989789.579806,270,31.501150131225586
1771989789.7214859,271,23.833723068237305
1771989798.640837,272,31.56804847717285
1771989801.1033568,273,31.45671272277832
1771989802.7333946,274,30.516597747802734
1771989803.8311179,275,30.310375213623047
1771989811.8332589,276,30.804752349853516
1771989817.4977248,277,32.786781311035156
1771989818.501442,278,28.377887725830078
1771989836.0829082,279,30.850027084350586
1771989837.6411288,280,28.19856071472168
1771989848.1266236,281,29.921342849731445
1771989848.2729268,282,24.328882217407227
1771989851.4579737,283,30.231355667114258
1771989875.3116465,284,32.98826217651367
1771989882.1923878,285,31.044466018676758
1771989901.6332362,286,33.01247787475586
1771989902.9985607,287,28.971046447753906
1771989906.0354548,288,28.23422622680664
1771989920.3340569,289,31.437129974365234
1771989938.057157,290,29.835811614990234
1771989958.0302067,291,32.32267379760742
1771989968.4856403,292,32.63694381713867
1771989996.9509964,293,30.306005477905273
1771990124.7222755,294,30.452346801757812
1771990130.5382183,295,29.942121505737305
1771990179.5321677,296,31.650035858154297
1771990183.0333576,297,29.295108795166016
1771990193.835265,298,28.720022201538086
1771990198.3426228,299,29.110315322875977
1771990258.742552,300,29.90345573425293
1771990259.508695,301,26.79933738708496
1771990263.4105465,302,27.284263610839844
1771990269.9116285,303,27.925064086914062
1771990271.0972552,304,26.72089385986328
1771990271.2510927,305,2.1600120067596436
1771990281.8316755,306,27.863021850585938
1771990286.7369518,307,27.50707244873047
1771990287.406643,308,24.515417098999023
1771990295.961889,309,27.827285766601562
1771990297.35335,310,26.540876388549805
1771990308.2088094,311,28.006669998168945
1771990314.455825,312,28.974275588989258
1771990341.5301127,313,27.747098922729492
1771990341.688879,314,7.739874839782715
1771990353.0137107,315,27.749549865722656
1771990363.000967,316,27.076059341430664
1771990370.6538649,317,26.79705238342285
1771990372.7265823,318,26.317907333374023
1771990385.8134422,319,27.265161514282227
1771990396.2136216,320,28.211193084716797
1771990414.4207723,321,27.01592445373535
1771990421.4946897,322,26.09511947631836
1771990421.649796,323,24.306262969970703
1771990422.4623067,324,25.67326545715332
1771990425.6164432,325,25.890254974365234
1771990462.6972907,326,28.843006134033203
1771990471.669984,327,27.2795352935791
1771990481.3858242,328,27.55904769897461
1771990488.395088,329,26.340417861938477
1771990488.5357642,330,26.181995391845703
1771990497.1990197,331,28.38686180114746
1771990603.598037,332,28.47505760192871
1771990603.7705986,333,4.92399787902832
1771990604.8902214,334,25.976022720336914
1771990608.8895335,335,26.072717666625977
1771990614.8593552,336,27.438791275024414
1771990615.0104425,337,20.15628433227539
1771990615.1621127,338,1.7851706743240356
1771990635.6089041,339,28.635892868041992
1771990651.0640745,340,27.25373649597168
1771990661.0985174,341,27.136993408203125
1771990665.2782598,342,28.387624740600586
1771990665.7046282,343,25.914688110351562
1771990669.950948,344,28.282289505004883
1771990692.6518784,345,28.316957473754883
1771990696.0247812,346,25.938718795776367
1771990697.3361585,347,24.909526824951172
1771990704.910105,348,28.47783088684082
1771990719.9792044,349,26.812320709228516
1771990731.0659084,350,28.53961181640625
1771990737.0289085,351,28.888818740844727
1771990742.8787322,352,26.245933532714844
1771990755.19884,353,27.326202392578125
1771990758.2274816,354,25.481903076171875
1771990762.504531,355,25.66527557373047
1771990777.6892104,356,27.87541389465332
1771990781.5388386,357,27.564664840698242
1771990788.2484076,358,28.111562728881836
1771990794.3410196,359,27.216564178466797
1771990799.321068,360,27.45146942138672
1771990799.8597202,361,21.867115020751953
1771990803.5919583,362,24.822921752929688
1771990810.8390484,363,25.330726623535156
1771990819.8244834,364,26.507448196411133
1771990825.286116,365,28.17913055419922
1771990887.6328926,366,28.06316375732422
1771990922.5756345,367,27.45793342590332
1771990978.3688393,368,27.2127685546875
1771990992.41874,369,26.07078742980957
1771991121.4991674,370,15.142258644104004
1771991128.625376,371,26.184608459472656
1771991130.9433265,372,23.924205780029297
1771991144.8129447,373,27.35630226135254
1771991153.3215442,374,26.88724136352539
1771991158.6728342,375,24.690048217773438
1771991183.369701,376,26.86438751220703
1771991200.855675,377,26.262229919433594
1771991217.5865047,378,26.325647354125977
1771991229.780225,379,24.469255447387695
1771991237.929358,380,23.250869750976562
1771991255.2450752,381,25.403945922851562
1771991266.7512407,382,24.423730850219727
1771991269.0508983,383,23.10960578918457
1771991270.271141,384,20.156890869140625
1771991280.858982,385,24.47398567199707
1771991315.984479,386,25.467918395996094
1771991324.7143066,387,23.573612213134766
1771991329.3040705,388,21.189002990722656
1771991331.9673452,389,19.049575805664062
1771991343.400176,390,23.957477569580078
1771991346.7300746,391,22.179807662963867
1771991351.223156,392,22.005441665649414
1771991351.466446,393,4.432097434997559
1771991355.7353852,394,22.264602661132812
1771991359.7378747,395,22.731836318969727
1771991362.275638,396,23.54195213317871
1771991447.4802225,397,23.564855575561523
1771991454.478407,398,21.25541877746582
1771991454.6331422,399,17.785306930541992
1771991461.3880022,400,21.470935821533203
1771991473.3530488,401,21.28605842590332
1771991474.887982,402,20.999330520629883
1771991479.7013607,403,20.755645751953125
1771991483.2220523,404,21.104217529296875
1771991498.385493,405,21.31022834777832
1771991663.1148427,406,21.319534301757812
1771991674.0061378,407,22.561460494995117
1771991708.939393,408,22.920589447021484
1771991711.900929,409,20.17595863342285
1771991720.3208673,410,20.06436538696289
1771991735.49908,411,22.82963752746582
1771991741.48541,412,22.05773162841797
1771991752.7489667,413,22.497249603271484
1771991764.4717093,414,22.638824462890625
1771991840.4528618,415,24.54521369934082
1771991846.4475105,416,23.793758392333984
1771991861.495127,417,21.143587112426758
1771991861.7260945,418,12.0287504196167
1771991862.0312,419,13.24923324584961
1771991872.825663,420,26.294410705566406
1771991890.705693,421,21.225467681884766
1771991944.5911522,422,26.483613967895508
1771991973.5493279,423,25.658437728881836
1771992015.2772512,424,28.128252029418945
1771992077.805563,425,30.057008743286133
1771992262.1370816,426,21.36651039123535
1771992269.113655,427,25.109798431396484
1771992271.09551,428,24.20839500427246
1771992276.1753418,429,25.64034080505371
1771992281.9333086,430,27.486988067626953
1771992284.4029543,431,19.4844913482666
1771992304.5868967,432,26.562166213989258
1771992308.7036045,433,26.793615341186523
1771992309.5342863,434,22.942720413208008
1771992316.595372,435,23.888017654418945
1771992321.7850735,436,22.86392593383789
1771992344.2351377,437,25.3685245513916
1771992355.5002527,438,27.382640838623047
1771992356.6867425,439,25.080623626708984
1771992393.15655,440,26.696319580078125
1771992397.3103366,441,24.71031951904297
1771992405.727966,442,24.225339889526367
1771992438.5012012,443,28.885822296142578
1771992439.0933676,444,13.936455726623535
1771992455.9552922,445,28.831462860107422
1771992475.428519,446,22.873388290405273
1771992516.9350598,447,26.0438232421875
1771992524.8622925,448,25.786693572998047
1771992526.548993,449,22.0526123046875
1771992530.5130315,450,22.43587875366211
1771992541.8393207,451,24.8757381439209
1771992554.6240838,452,29.742530822753906
1771992577.4708064,453,27.375648498535156
1771992577.6247559,454,7.783195495605469
1771992596.0806146,455,30.607494354248047
1771992611.8507044,456,25.623184204101562
1771992791.3762932,457,19.614057540893555
1771992833.4651666,458,27.85184097290039
1771992834.55951,459,30.413053512573242
1771992846.9339938,460,28.495689392089844
1771992853.2497783,461,23.66883659362793
1771992853.4074757,462,16.492839813232422
1771992868.020132,463,28.22446632385254
1771992875.671058,464,28.196462631225586
1771992875.8212235,465,7.750369071960449
1771992915.518115,466,30.641817092895508
1771992918.6798363,467,26.534652709960938
1771992918.8347986,468,8.432984352111816
1771992970.3222477,469,31.353731155395508
1771992982.2271676,470,30.988994598388672
1771992986.3456852,471,34.85560989379883
1771992993.203819,472,28.636581420898438
1771992998.0006151,473,30.97203826904297
1771993000.695975,474,23.556360244750977
1771993009.7207518,475,32.29180145263672
1771993018.5066235,476,35.15033721923828
1771993022.1215315,477,32.22593688964844
1771993024.1734705,478,29.992794036865234
1771993032.5577378,479,33.78120803833008
1771993043.7326715,480,33.458919525146484
1771993046.0199432,481,34.53984451293945
1771993066.783769,482,35.503536224365234
1771993072.1867905,483,33.15111541748047
1771993072.3430142,484,9.999853134155273
1771993091.5593777,485,34.51426696777344
1771993104.655086,486,37.18564224243164
1771993105.946139,487,27.489154815673828
1771993124.5959778,488,40.56507873535156
1771993139.3443394,489,38.184085845947266
1771993143.3925903,490,39.76887512207031
1771993165.8460643,491,41.55345916748047
1771993185.4073675,492,40.46050262451172
1771993373.6632333,493,36.402000427246094
1771993392.9398715,494,36.47777557373047
1771993464.5005481,495,39.56521987915039
1771993474.81475,496,35.20336151123047
1771993488.3433151,497,33.82148361206055
1771993495.9860442,498,35.491268157958984
1771993509.3624978,499,35.40204620361328
1771993520.9860606,500,36.45417022705078
1771993526.9197242,501,39.4514274597168
1771993528.8218515,502,26.990875244140625
1771993534.4078693,503,33.91524124145508
1771993534.8867412,504,40.50522232055664
1771993543.1919775,505,40.608375549316406
1771993548.67699,506,35.25567626953125
1771993552.1767006,507,33.74454879760742
1771993558.280363,508,30.227521896362305
1771993558.4265423,509,16.66581916809082
1771993558.5809305,510,26.033170700073242
1771993573.4510236,511,37.939476013183594
1771993574.8812027,512,20.304855346679688
1771993576.328988,513,32.44057846069336
1771993595.2566974,514,36.46381378173828
1771993608.0802279,515,36.08867263793945
1771993614.3933244,516,35.29372024536133
1771993614.5543509,517,27.289133071899414
1771993618.5908327,518,37.895912170410156
1771993622.4868197,519,37.59341049194336
1771993624.6340828,520,36.2508430480957
1771993634.162996,521,38.16704559326172
1771993638.0279634,522,35.521324157714844
1771993640.3939402,523,29.796085357666016
1771993640.5482075,524,32.387428283691406
1771993642.5206323,525,29.54149055480957
1771993643.0000186,526,25.598155975341797
1771993643.2319837,527,0.4034208059310913
1771993669.617978,528,42.16823959350586
1771993672.3462093,529,29.118408203125
1771993676.2188108,530,35.8948974609375
1771993685.0773227,531,40.87136459350586
1771993685.2287536,532,6.088885307312012
1771993713.2955198,533,42.20563507080078
1771993734.9342008,534,40.07408905029297
1771993773.20625,535,37.96682357788086
1771994017.0054636,536,33.868412017822266
1771994044.2325573,537,41.95027542114258
1771994078.1035712,538,41.16145324707031
1771994088.8477302,539,37.04664993286133
1771994096.46188,540,37.38969039916992
1771994122.8793888,541,41.184322357177734
1771994126.6140423,542,35.31376647949219
1771994140.1519065,543,39.29148864746094
1771994157.3229704,544,42.64983367919922
1771994159.414504,545,39.37413024902344
1771994163.4776466,546,34.70565414428711
1771994170.858991,547,35.282447814941406
1771994172.664431,548,30.990089416503906
1771994177.5595052,549,36.51303482055664
1771994181.4972792,550,39.64129638671875
1771994189.4899921,551,39.33711242675781
1771994193.5138159,552,39.83318328857422
1771994205.0661128,553,39.49191665649414
1771994212.3584046,554,35.770572662353516
1771994224.746232,555,45.605491638183594
1771994237.3691278,556,44.011173248291016
1771994245.2632642,557,39.233036041259766
1771994267.57162,558,45.618839263916016
1771994268.8534987,559,31.91686248779297
1771994269.0079753,560,38.903175354003906
1771994288.565881,561,41.64459991455078
1771994331.6919436,562,40.679195404052734
1771994339.3359137,563,42.089935302734375
1771994361.2482097,564,40.90143966674805
1771994533.3535728,565,41.1913948059082
1771994537.0325787,566,37.00456619262695
1771994547.1472194,567,37.15658187866211
1771994564.3675942,568,40.80854415893555
1771994567.9535058,569,42.57827377319336
1771994568.090883,570,23.856342315673828
1771994570.1198592,571,29.985036849975586
1771994581.0256221,572,40.614173889160156
1771994583.051613,573,43.6185302734375
1771994626.0917144,574,46.61334991455078
1771994634.321564,575,36.78056716918945
1771994662.8392303,576,44.9790153503418
1771994665.1142738,577,37.260223388671875
1771994670.8741784,578,45.0220832824707
1771994674.6987438,579,38.32215881347656
1771994711.0879521,580,45.36865234375
1771994723.7363455,581,43.88446807861328
1771994727.4437537,582,45.94451904296875
1771994731.2482793,583,38.06190490722656
1771994732.9343014,584,24.9327335357666
1771994736.235767,585,37.06266784667969
1771994747.337139,586,35.22218322753906
1771994751.7062051,587,37.261207580566406
1771994776.0440009,588,42.61518859863281
1771994778.6137626,589,30.38791275024414
1771994786.6394327,590,36.95514678955078
1771994821.2290173,591,44.271175384521484
1771994881.520537,592,42.918357849121094
1771995019.9266047,593,30.23580551147461
1771995039.044884,594,41.868812561035156
1771995071.037351,595,42.812530517578125
1771995076.4260228,596,36.89825439453125
1771995101.4449165,597,38.32855224609375
1771995110.8706863,598,40.75692367553711
1771995120.050481,599,40.021175384521484
1771995142.0138295,600,41.6500244140625
1771995155.0630558,601,42.57007598876953
1771995185.4515486,602,41.644500732421875
1771995230.8231385,603,41.94835662841797
1771995231.0466723,604,28.223379135131836
1771995251.741831,605,38.661197662353516
1771995258.1372223,606,36.11621856689453
1771995270.0641055,607,34.03369140625
1771995280.8166366,608,38.886253356933594
1771995288.2554235,609,38.50806427001953
1771995295.344588,610,33.59160232543945
1771995302.289953,611,36.468589782714844
1771995302.425742,612,-0.01961904764175415
1771995351.7221408,613,44.14976119995117
1771995371.988501,614,44.91608810424805
1771995375.6953099,615,36.55284118652344
1771995375.91479,616,26.396419525146484
1771995376.9279287,617,26.86341094970703
1771995406.1702638,618,40.67265319824219
1771995541.7137764,619,46.49689483642578
1771995545.367266,620,45.73920440673828
1771995545.5180993,621,39.90358352661133
1771995565.3737447,622,37.97210693359375
1771995574.4443367,623,44.455169677734375
1771995584.0841076,624,41.24386978149414
1771995585.5133724,625,35.712425231933594
1771995589.4828935,626,35.054447174072266
1771995601.9186606,627,41.85095977783203
1771995610.4868786,628,35.495426177978516
1771995628.2031474,629,42.546295166015625
1771995631.9369946,630,37.88008499145508
1771995638.8276162,631,35.25868225097656
1771995639.7821512,632,45.71841049194336
1771995654.6369145,633,45.43975830078125
1771995670.1870244,634,43.50986099243164
1771995676.629122,635,37.075111389160156
1771995724.8870208,636,47.86962890625
1771995739.3745105,637,39.64146041870117
1771995768.2304254,638,41.607669830322266
1771995768.375576,639,-3.7791364192962646
1771995779.5359118,640,40.90352249145508
1771995785.6051779,641,37.19779586791992
1771995798.778682,642,34.99583053588867
1771995811.368734,643,47.58242416381836
1771995815.166357,644,40.55540084838867
1771995823.272229,645,38.526580810546875
1771995832.0441093,646,47.835628509521484
1771995832.8548696,647,23.163949966430664
1771995838.5102973,648,36.41352844238281
1771995838.737883,649,12.251302719116211
1771995859.1945975,650,40.411502838134766
1771995860.9058743,651,28.259206771850586
1771995865.338064,652,35.313758850097656
1771995865.4897256,653,9.299227714538574
1771995865.919874,654,23.44524574279785
1771995891.8991184,655,48.508296966552734
1771996041.534819,656,46.69082260131836
1771996089.3943207,657,41.58968734741211
1771996093.4570613,658,34.92219543457031
1771996141.3001394,659,48.68784713745117
1771996147.210022,660,49.49199295043945
1771996162.9329236,661,49.288326263427734
1771996193.4224625,662,51.33228302001953
1771996210.3262444,663,50.005043029785156
1771996210.4831278,664,-0.8178451657295227
1771996221.7706375,665,48.88777160644531
1771996233.070086,666,51.918968200683594
1771996238.38288,667,36.52811050415039
1771996269.1735709,668,47.42072296142578
1771996285.5020027,669,49.63749313354492
1771996291.694458,670,37.416385650634766
1771996291.8345973,671,0.07348886132240295
1771996293.365463,672,35.77511978149414
1771996305.9680438,673,39.49306106567383
1771996306.537924,674,37.55473709106445
1771996309.6466725,675,33.665130615234375
1771996313.4942963,676,35.491661071777344
1771996319.928729,677,40.16059112548828
1771996320.753185,678,41.6203498840332
1771996349.3325546,679,51.529502868652344
1771996349.472442,680,22.66159439086914
1771996380.2673287,681,46.180625915527344
1771996571.5563219,682,41.686668395996094
1771996584.485112,683,44.579803466796875
1771996604.915577,684,51.28313064575195
1771996615.1246197,685,50.285804748535156
1771996657.127466,686,40.841861724853516
1771996664.951706,687,37.046966552734375
1771996666.5435357,688,38.08232116699219
1771996677.8082075,689,52.4349479675293
1771996794.0403,690,49.83208465576172
1771996799.3672872,691,39.34758377075195
1771996805.6549497,692,49.77266311645508
1771996831.2436092,693,43.826473236083984
1771996832.1914425,694,32.498958587646484
1771996848.9464502,695,49.91200256347656
1771996909.878069,696,53.826568603515625
1771996915.2255487,697,45.57297134399414
1771996918.1265514,698,46.05003356933594
1771996927.5650058,699,46.10552215576172
1771997011.250505,700,46.99791717529297
1771997032.2767045,701,47.34489059448242
1771997044.887757,702,46.41267776489258
1771997046.9557047,703,36.51602554321289
1771997050.989073,704,42.13932800292969
1771997054.9009407,705,39.35316848754883
1771997069.7348607,706,40.08131408691406
1771997069.876631,707,-10.708873748779297
1771997093.273313,708,55.99395751953125
1771997094.569106,709,34.449462890625
1771997104.3732321,710,53.51590347290039
1771997109.6764648,711,37.05716323852539
1771997114.4474435,712,40.32283020019531
1771997115.7514226,713,24.118627548217773
1771997123.2144628,714,38.141353607177734
1771997128.971024,715,43.530704498291016
1771997142.2714128,716,47.99557113647461
1771997147.512806,717,38.610565185546875
1771997161.2894297,718,53.90054702758789
1771997187.6967688,719,53.844520568847656
1771997206.6990976,720,55.04730987548828
1771997216.2793717,721,53.457820892333984
1771997227.35158,722,55.926570892333984
1771997235.2200842,723,49.52293014526367
1771997248.0707042,724,58.81980514526367
1771997264.7427754,725,54.06356430053711
1771997266.2472715,726,41.503509521484375
1771997267.6250794,727,35.118900299072266
1771997278.4134212,728,49.51139450073242
1771997302.6102278,729,56.27394104003906
1771997312.5549796,730,42.028076171875
1771997323.083983,731,50.71580123901367
1771997333.6203525,732,50.267356872558594
1771997334.8366196,733,34.73051834106445
1771997341.3868582,734,42.81980514526367
1771997349.3323264,735,49.64451599121094
1771997353.8973522,736,57.2918586730957
1771997366.2005956,737,58.95507049560547
1771997497.033334,738,37.719844818115234
1771997524.3097413,739,50.459075927734375
1771997541.546038,740,59.98582458496094
1771997555.6640534,741,56.14345169067383
1771997564.8234766,742,56.5466194152832
1771997570.227839,743,47.963375091552734
1771997575.3801048,744,38.18373107910156
1771997575.7187111,745,14.087629318237305
1771997575.8492076,746,28.106884002685547
1771997576.2709227,747,30.479934692382812
1771997584.8430862,748,58.35026168823242
1771997589.3519123,749,47.843902587890625
1771997599.6417153,750,46.65988540649414
1771997614.350741,751,50.772010803222656
1771997627.3480697,752,55.13467788696289
1771997660.0375152,753,59.754493713378906
1771997660.1686544,754,-7.369904518127441
1771997668.0387428,755,43.332908630371094
1771997674.1533403,756,58.10243606567383
1771997679.8235736,757,38.9870491027832
1771997694.4057088,758,48.078704833984375
1771997710.269601,759,55.54645538330078
1771997713.6382508,760,50.794677734375
1771997721.4594934,761,41.61946487426758
1771997735.6518989,762,43.08116912841797
1771997742.7094457,763,58.35725402832031
1771997776.253662,764,46.48754119873047
1771997796.4034529,765,57.37978744506836
1771997830.312949,766,47.92540740966797
1771997926.4769206,767,40.114742279052734
1771997926.7323678,768,19.537778854370117
1771997943.4489138,769,56.19661331176758
1771997956.9441588,770,46.464195251464844
1771997981.7144673,771,42.77645492553711
1771997987.960475,772,45.40618896484375
1771997989.056029,773,27.223827362060547
1771997990.1179745,774,38.979740142822266
1771998013.8112729,775,45.79792785644531
1771998021.4376469,776,44.60757064819336
1771998022.7390082,777,45.595298767089844
1771998044.1086738,778,51.77618408203125
1771998048.5496013,779,56.987911224365234
1771998052.1189167,780,33.156036376953125
1771998052.2444787,781,11.55837345123291
1771998061.5832603,782,57.119205474853516
1771998066.98547,783,34.64341735839844
1771998077.417851,784,48.039676666259766
1771998077.8143568,785,17.023792266845703
1771998079.2939475,786,34.106075286865234
1771998089.418888,787,44.695838928222656
1771998099.5362892,788,40.48102569580078
1771998106.7057512,789,48.186317443847656
1771998111.0640113,790,32.59109115600586
1771998111.1938763,791,30.829387664794922
1771998111.5410259,792,-1.0598399639129639
1771998112.1445556,793,40.529693603515625
1771998120.6872935,794,43.26152038574219
1771998123.4170582,795,32.64837646484375
1771998148.2350206,796,41.53904724121094
1771998148.367102,797,3.612412452697754
1771998150.0909624,798,32.33420944213867
1771998152.0073462,799,32.59537887573242
1771998158.1381242,800,39.287437438964844
1771998164.2338474,801,56.437164306640625
1771998170.9916174,802,48.06142044067383
1771998193.2954488,803,44.30241012573242
1771998198.1753178,804,38.92698669433594
1771998210.1376004,805,42.571041107177734
1771998215.769071,806,48.39968490600586
1771998222.0564647,807,37.20850372314453
1771998235.7219055,808,56.68391799926758
1771998254.0405512,809,53.82981872558594
1771998266.2908561,810,56.88005828857422
1771998269.7946823,811,47.79915237426758
1771998336.5020769,812,39.08100509643555
1771998336.627887,813,-4.34405517578125
1771998348.8438199,814,51.540470123291016
1771998355.249211,815,50.32390213012695
1771998358.6541004,816,52.456851959228516
1771998386.7049935,817,53.93567657470703
1771998396.2464056,818,51.08881378173828
1771998402.8262768,819,53.45171356201172
1771998436.6137633,820,52.70343780517578
1771998450.4055183,821,41.711822509765625
1771998454.1327517,822,36.67836380004883
1771998454.2593522,823,9.002373695373535
1771998455.7894123,824,32.25325393676758
1771998457.453805,825,35.57863235473633
1771998461.9290304,826,48.035919189453125
1771998477.2776237,827,51.045013427734375
1771998487.31222,828,51.49273681640625
1771998490.0380633,829,54.863895416259766
1771998496.366885,830,39.993492126464844
1771998497.7494736,831,33.816375732421875
1771998515.5311604,832,59.58252716064453
1771998515.7927513,833,16.170886993408203
1771998524.2000344,834,46.838619232177734
1771998533.8953462,835,49.58441162109375
1771998538.6748738,836,45.705238342285156
1771998539.342096,837,25.328006744384766
1771998545.4874315,838,45.46611785888672
1771998566.4055932,839,59.997344970703125
1771998566.540037,840,32.679542541503906
1771998573.899934,841,47.14977264404297
1771998592.843795,842,54.73884963989258
1771998599.9808507,843,42.930274963378906
1771998608.2711687,844,60.100101470947266
1771998613.8075938,845,39.568450927734375
1771998628.118184,846,51.56232833862305
1771998637.1249952,847,45.2557373046875
1771998638.5116358,848,37.07002639770508
1771998641.9335625,849,43.92548370361328
1771998642.0589478,850,17.79915428161621
1771998646.1610372,851,37.67949295043945
1771998652.4038925,852,41.59321594238281
1771998662.3954237,853,57.53757095336914
1771998666.0733273,854,34.68860626220703
1771998670.903273,855,46.40005874633789
1771998678.6644268,856,48.00651550292969
1771998816.1021628,857,54.3978157043457
1771998825.9773014,858,43.94791030883789
1771998843.076108,859,49.041412353515625
1771998848.8806603,860,50.2159423828125
1771998859.8217125,861,44.33009719848633
1771998867.110905,862,36.459510803222656
1771998871.8247335,863,38.46372985839844
1771998872.3619063,864,32.72943115234375
1771998879.786297,865,53.06285095214844
1771998884.61527,866,35.819156646728516
1771998902.6131532,867,56.49186706542969
1771998911.1805553,868,41.20939636230469
1771998920.2616153,869,56.24607467651367
1771998934.8278112,870,57.427921295166016
1771998938.544119,871,36.40760803222656
1771998944.1676254,872,51.02147674560547
1771998961.1740437,873,48.434059143066406
1771998978.120809,874,55.563785552978516
1771999003.5496926,875,56.99776077270508
1771999008.6309283,876,44.46078872680664
1771999008.7581108,877,18.495067596435547
1771999025.805789,878,58.10598373413086
1771999029.2926266,879,38.273990631103516
1771999042.8913882,880,59.3885383605957
1771999069.7154076,881,61.99486541748047
1771999075.8989933,882,38.04755401611328
1771999080.4027674,883,39.48509216308594
1771999085.5476174,884,46.261436462402344
1771999101.7213619,885,52.64889907836914
1771999102.4834273,886,34.54751968383789
1771999109.5890186,887,54.1384391784668
1771999125.9509323,888,53.16439437866211
1771999141.1528895,889,50.82527542114258
1771999150.0701387,890,41.43400192260742
1771999250.678806,891,63.773807525634766
1771999260.2212749,892,49.09016036987305
1771999262.5097132,893,47.67314910888672
1771999262.63717,894,40.026363372802734
1771999309.1700182,895,60.56740188598633
1771999309.298006,896,30.007295608520508
1771999317.3970897,897,62.80085372924805
1771999367.844503,898,63.45002746582031
1771999381.641675,899,52.83494186401367
1771999385.1736202,900,49.557228088378906
1771999390.0905023,901,38.71586227416992
1771999403.5375774,902,51.799842834472656
1771999403.9817717,903,25.818069458007812
1771999405.0737648,904,42.55714416503906
1771999410.93011,905,61.6881217956543
1771999421.1731517,906,60.049068450927734
1771999434.8351777,907,56.880149841308594
1771999446.1893475,908,56.00305938720703
1771999448.6968355,909,68.58851623535156
1771999451.8225636,910,37.33218765258789
1771999459.4609942,911,44.47346496582031
1771999459.7320955,912,22.01209259033203
1771999460.7608998,913,41.11874771118164
1771999467.5551746,914,49.24490737915039
1771999472.678874,915,60.47089767456055
1771999485.0381413,916,50.25313186645508
1771999496.788706,917,53.81955337524414
1771999547.6914463,918,66.0362548828125
1771999547.8882596,919,32.83055114746094
1771999550.0710413,920,46.9760627746582
1771999556.4621837,921,43.95543670654297
1771999567.9928875,922,56.46586227416992
1771999643.9495752,923,11.09893798828125
1771999650.4722898,924,49.92936706542969
1771999650.6039205,925,-9.282092094421387
1771999656.0149882,926,44.809505462646484
1771999672.2687557,927,49.53486251831055
1771999675.9936364,928,57.63351821899414
1771999689.6366417,929,52.14482498168945
1771999689.7711232,930,-15.26788330078125
1771999696.6570566,931,50.14670181274414
1771999698.2798858,932,42.43263244628906
1771999698.4135587,933,12.735549926757812
1771999707.5173032,934,54.94898986816406
1771999707.6583412,935,13.829511642456055
1771999724.3052065,936,52.63471984863281
1771999733.0140655,937,45.758060455322266
1771999739.504491,938,53.7899284362793
1771999781.060363,939,63.5658073425293
1771999783.798048,940,36.10975646972656
1771999783.923785,941,13.292799949645996
1771999795.6307986,942,61.70255661010742
1771999800.0793111,943,50.81459045410156
1771999810.7019002,944,55.36296081542969
1771999816.5577862,945,56.26411437988281
1771999816.682031,946,26.79771614074707
1771999828.690936,947,44.7662239074707
1771999839.494519,948,53.50801467895508
1771999841.3571117,949,36.27252197265625
1771999853.3166761,950,50.805908203125
1771999854.3090963,951,31.183364868164062
1771999862.841784,952,56.1757698059082
1771999864.465014,953,27.599092483520508
1771999867.9937603,954,47.2224006652832
1771999875.975521,955,47.45044708251953
1771999883.4498332,956,47.705745697021484
1771999898.18164,957,55.12972640991211
1771999898.3190339,958,2.5830554962158203
1771999904.4081016,959,47.21686935424805
1771999912.46642,960,43.35889434814453
1771999916.1493063,961,43.20083236694336
1771999917.6421773,962,37.36521911621094
1771999953.6808507,963,55.56950759887695
1771999963.509516,964,50.26968765258789
1771999965.9130754,965,36.79642868041992
1771999966.194719,966,24.52044105529785
1771999991.3659868,967,61.16576385498047
1772000137.8347015,968,35.37759780883789
1772000150.1925063,969,55.57819366455078
1772000163.5413172,970,55.67121124267578
1772000165.8850732,971,43.68900680541992
1772000166.0258975,972,30.92453956604004
1772000173.2540326,973,48.948238372802734
1772000188.7175107,974,52.87477111816406
1772000194.0649123,975,59.84004592895508
1772000199.3743267,976,44.637237548828125
1772000239.2876556,977,55.20744323730469
1772000247.0183015,978,44.55975341796875
1772000247.1500108,979,37.133975982666016
1772000252.756617,980,49.175533294677734
1772000262.6067348,981,50.66120529174805
1772000269.9956229,982,53.221744537353516
1772000272.5338645,983,50.57065200805664
1772000288.4301872,984,52.407955169677734
1772000305.6066496,985,54.61595153808594
1772000310.2812564,986,46.01518630981445
1772000331.1099389,987,53.32693862915039
1772000339.885572,988,49.0401611328125
1772000371.573662,989,52.462459564208984
1772000384.3421452,990,57.90522384643555
1772000386.0411751,991,39.998050689697266
1772000399.1927476,992,51.51739501953125
1772000404.606828,993,52.97636413574219
1772000412.5666416,994,51.45402908325195
1772000418.1873775,995,52.35696029663086
1772000419.5705123,996,48.79384231567383
1772000426.1423755,997,49.56941223144531
1772000435.5104568,998,51.044639587402344
1772000439.7252817,999,42.489501953125
1772000452.1295028,1000,53.075618743896484
1772000455.6940744,1001,51.60427474975586
1772000460.8341067,1002,52.08843231201172
1772000460.9708452,1003,38.67598342895508
1772000470.110175,1004,57.80195999145508
1772000608.845724,1005,53.61962890625
1772000649.0150616,1006,59.342018127441406
1772000651.8229034,1007,55.39385986328125
1772000655.4362385,1008,57.016361236572266
1772000666.7779117,1009,53.82948303222656
1772000669.1402404,1010,50.86068344116211
1772000707.109757,1011,61.68857955932617
1772000720.0757205,1012,47.209049224853516
1772000725.5652525,1013,50.434974670410156
1772000727.157724,1014,48.67813491821289
1772000730.6989098,1015,43.6140022277832
1772000737.9957623,1016,64.23712921142578
1772000738.124432,1017,25.74753761291504
1772000738.2523491,1018,37.58828353881836
1772000739.0256553,1019,44.37080764770508
1772000740.850933,1020,49.61928939819336
1772000745.042681,1021,53.854286193847656
1772000759.573603,1022,51.16083526611328
1772000767.7512484,1023,55.49703598022461
1772000772.5385134,1024,54.839576721191406
1772000784.5853825,1025,54.225826263427734
1772000791.0537019,1026,51.33451461791992
1772000796.5556026,1027,47.164058685302734
1772000808.5240922,1028,52.044219970703125
1772000821.8399055,1029,56.67890930175781
1772000825.8712354,1030,53.90814971923828
1772000838.8684666,1031,48.99742889404297
1772000842.4173906,1032,49.34511184692383
1772000842.5598092,1033,-9.265290260314941
1772000866.350403,1034,54.740257263183594
1772000866.4796352,1035,-6.154050350189209
1772000879.1942563,1036,59.54332733154297
1772000882.7246213,1037,54.02482223510742
1772000882.8565626,1038,9.94601821899414
1772000891.3983088,1039,55.92963790893555
1772000900.598102,1040,51.53633117675781
1772000900.8544786,1041,14.5559720993042
1772000914.3425007,1042,46.80664825439453
1772000943.380516,1043,58.45087814331055
1772000981.4318142,1044,18.588064193725586
1772000999.0637708,1045,56.38783645629883
1772001009.8102915,1046,54.23035430908203
1772001021.2404158,1047,55.066551208496094
1772001025.7081409,1048,46.196353912353516
1772001040.0827067,1049,60.32475280761719
1772001047.503274,1050,51.0949821472168
1772001053.4853127,1051,53.29502868652344
1772001057.0463765,1052,38.07645034790039
1772001078.887344,1053,53.95676803588867
1772001079.0188062,1054,-1.1595240831375122
1772001083.65462,1055,46.3044319152832
1772001083.7876613,1056,8.602912902832031
1772001088.9810953,1057,46.78940963745117
1772001113.0136006,1058,59.1193962097168
1772001125.4224088,1059,53.838958740234375
1772001144.9105206,1060,58.25499725341797
1772001152.4739668,1061,53.9609375
1772001175.3445175,1062,52.380210876464844
1772001212.4382665,1063,57.014923095703125
1772001221.765714,1064,54.18907928466797
1772001231.59062,1065,52.118160247802734
1772001232.008275,1066,33.939002990722656
1772001241.8046649,1067,56.561851501464844
1772001247.2540324,1068,48.28044891357422
1772001250.4252675,1069,48.57228469848633
1772001267.286742,1070,49.32966995239258
1772001267.4136314,1071,8.018458366394043
1772001274.1906438,1072,53.52751541137695
1772001274.3196464,1073,21.02660369873047
1772001284.728294,1074,50.165470123291016
1772001294.3279607,1075,50.25215530395508
1772001297.1051528,1076,40.850765228271484
1772001315.8275998,1077,57.64025115966797
1772001322.9993274,1078,53.752777099609375
1772001419.0100586,1079,49.09177780151367
1772001424.8659399,1080,53.51692581176758
1772001446.0647373,1081,52.55115509033203
1772001460.0861914,1082,47.81472396850586
1772001474.3471563,1083,53.61356735229492
1772001481.4570951,1084,51.266822814941406
1772001485.0011036,1085,53.37977981567383
1772001488.5653806,1086,45.77198028564453
1772001494.1040556,1087,41.81588363647461
1772001507.2380435,1088,51.7444953918457
1772001528.7256396,1089,53.3089599609375
1772001545.2569096,1090,58.29420852661133
1772001570.4054573,1091,55.023109436035156
1772001573.8367028,1092,45.94878387451172
1772001582.197867,1093,53.956363677978516
1772001602.2874727,1094,52.35173416137695
1772001607.3676803,1095,42.278507232666016
1772001630.6769092,1096,54.35594940185547
1772001631.820264,1097,52.89683532714844
1772001650.6680691,1098,56.704254150390625
1772001662.2252946,1099,56.572181701660156
1772001665.0375435,1100,55.107173919677734
1772001679.2824652,1101,54.95372772216797
1772001719.1505153,1102,58.92335891723633
1772001734.3572667,1103,54.818721771240234
1772001737.9176068,1104,42.60210037231445
1772001740.2469995,1105,41.47371292114258
1772001748.236788,1106,46.7857551574707
1772001762.1676354,1107,54.657962799072266
1772001879.181167,1108,60.055335998535156
1772001890.1999476,1109,52.32559585571289
1772001899.143459,1110,56.874515533447266
1772001899.2763093,1111,16.170150756835938
1772001911.7734232,1112,57.54832077026367
1772001921.7711947,1113,60.49525451660156
1772001949.6444752,1114,61.614315032958984
1772001964.7449539,1115,48.0817756652832
1772001970.1917386,1116,53.96110916137695
1772001970.6938062,1117,42.39925003051758
1772001975.4112594,1118,58.36662292480469
1772001980.1036105,1119,62.770320892333984
1772001983.6568778,1120,54.83561706542969
1772001991.3360205,1121,57.212379455566406
1772001995.8795593,1122,52.237701416015625
1772002008.4026787,1123,50.44219207763672
1772002016.66759,1124,50.53647232055664
1772002026.45374,1125,63.45180130004883
1772002031.6283307,1126,63.28325653076172
1772002040.6137803,1127,60.22042465209961
1772002055.7949224,1128,57.20191955566406
1772002061.2408352,1129,46.42279815673828
1772002068.8863583,1130,59.973182678222656
1772002075.9241726,1131,51.122982025146484
1772002090.5512545,1132,62.134918212890625
1772002093.6052017,1133,48.01131057739258
1772002102.153217,1134,60.33616638183594
1772002120.2776165,1135,59.124778747558594
1772002134.9675906,1136,66.26864624023438
1772002159.2703698,1137,63.12795639038086
1772002167.7471972,1138,65.40243530273438
1772002176.084346,1139,61.10605239868164
1772002182.0255115,1140,57.61677551269531
1772002193.0426404,1141,61.782588958740234
1772002203.5356226,1142,62.8239631652832
1772002256.404369,1143,66.4426498413086
1772002266.1419795,1144,66.94341278076172
1772002271.8807194,1145,65.11827087402344
1772002277.7156277,1146,58.083335876464844
1772002288.126882,1147,64.16497802734375
1772002298.1014605,1148,69.31431579589844
1772002302.4556208,1149,63.779380798339844
1772002310.6140978,1150,63.221160888671875
1772002317.4194367,1151,58.85701370239258
1772002326.4942045,1152,66.46231842041016
1772002331.9183266,1153,59.86918640136719
1772002338.633247,1154,64.88770294189453
1772002338.7636976,1155,64.23223114013672
1772002339.0269911,1156,31.149864196777344
1772002349.382434,1157,65.18767547607422
1772002353.0018446,1158,58.90916442871094
1772002357.486365,1159,69.03353881835938
1772002362.9018457,1160,67.11538696289062
1772002366.181034,1161,49.86922836303711
1772002372.3254054,1162,62.128501892089844
1772002379.478337,1163,65.42150115966797
1772002383.6265776,1164,69.98306274414062
1772002401.7068932,1165,65.78619384765625
1772002419.5905383,1166,71.50129699707031
1772002426.6634626,1167,66.97382354736328
1772002431.244716,1168,69.0423583984375
1772002442.8671224,1169,70.08958435058594
1772002456.7011366,1170,76.7680435180664
1772002462.8709419,1171,64.2810287475586
1772002472.8589716,1172,76.66409301757812
1772002475.7349107,1173,72.70349884033203
1772002490.3121805,1174,70.07965087890625
1772002490.4418926,1175,56.386016845703125
1772002501.4476728,1176,68.88481140136719
1772002540.3681555,1177,75.83686828613281
1772002543.9012303,1178,76.69356536865234
1772002562.5046892,1179,74.89932250976562
1772002562.6333697,1180,5.864387035369873
1772002568.720275,1181,73.532470703125
1772002588.3762221,1182,72.35218048095703
1772002709.3419797,1183,63.08910369873047
1772002728.9023185,1184,74.7157211303711
1772002749.5448167,1185,75.9934310913086
1772002771.8504229,1186,74.2986068725586
1772002775.3780735,1187,72.83020782470703
1772002776.1135662,1188,63.14802169799805
1772002779.6904502,1189,66.3675537109375
1772002786.314032,1190,72.96109008789062
1772002786.645445,1191,53.62943649291992
1772002821.839937,1192,79.9168930053711
1772002821.9710727,1193,52.907310485839844
1772002846.9671233,1194,82.15719604492188
1772002847.8314939,1195,57.704002380371094
1772002851.2826786,1196,70.94213104248047
1772002856.5015957,1197,61.89946365356445
1772002861.2336113,1198,80.24325561523438
1772002886.054771,1199,82.34081268310547
1772002893.5752378,1200,88.19993591308594
1772002896.1173174,1201,64.3666763305664
1772002900.349972,1202,73.8725357055664
1772002921.5753515,1203,77.60044860839844
1772002922.6308527,1204,54.78328323364258
1772002926.5384886,1205,81.22631072998047
1772002926.6700795,1206,27.655670166015625
1772002931.5262315,1207,79.52689361572266
1772002934.8841913,1208,65.3223876953125
1772002948.0526493,1209,79.90095520019531
1772002955.951413,1210,87.09043884277344
1772002963.7699354,1211,68.36943817138672
1772002980.5349476,1212,80.77375030517578
1772003021.1324522,1213,83.5369873046875
1772003038.5052247,1214,83.68800354003906
1772003109.254179,1215,80.67683410644531
1772003122.0393927,1216,85.49810028076172
1772003130.0954208,1217,83.28941345214844
1772003136.676496,1218,85.12232971191406
1772003159.4043486,1219,85.1530990600586
1772003161.4333794,1220,93.71778106689453
1772003161.5660822,1221,58.04331970214844
1772003168.1373563,1222,79.73686218261719
1772003171.6019394,1223,77.04194641113281
1772003183.0846443,1224,91.61182403564453
1772003196.1633778,1225,93.04240417480469
1772003218.3570428,1226,92.52909851074219
1772003221.6747713,1227,72.09113311767578
1772003231.3859584,1228,81.7015609741211
1772003243.9924965,1229,95.27542877197266
1772003253.6071324,1230,90.3570785522461
1772003257.0778227,1231,70.48341369628906
1772003262.0058808,1232,88.33524322509766
1772003269.5236504,1233,94.84757232666016
1772003276.2304697,1234,81.52922058105469
1772003279.8285553,1235,81.1590576171875
1772003285.4307125,1236,97.96202087402344
1772003287.954791,1237,86.2452621459961
1772003292.0395894,1238,74.99064636230469
1772003299.3907313,1239,91.3199462890625
1772003319.246512,1240,94.33882904052734
1772003342.9568,1241,95.97737884521484
1772003348.8792455,1242,88.32150268554688
1772003358.007492,1243,89.57474517822266
1772003360.5441852,1244,96.7052230834961
1772003365.1937792,1245,87.92345428466797
1772003368.6257343,1246,78.71576690673828
1772003380.4471552,1247,93.918212890625
1772003390.52003,1248,94.22198486328125
1772003410.0652275,1249,94.2635726928711
1772003415.5997438,1250,84.96808624267578
1772003425.7775943,1251,84.0817642211914
1772003552.1510127,1252,76.36639404296875
1772003572.8748543,1253,99.1394271850586
1772003589.36447,1254,99.6017837524414
1772003592.1462715,1255,95.15746307373047
1772003597.5464413,1256,99.72771453857422
1772003614.124983,1257,100.35538482666016
1772003626.9297705,1258,89.17152404785156
1772003633.89775,1259,103.03317260742188
1772003635.2398393,1260,79.64693450927734
1772003636.9444668,1261,85.28919982910156
1772003640.3790126,1262,89.32940673828125
1772003653.7595406,1263,104.4549560546875
1772003654.0320568,1264,67.10543060302734
1772003656.8375502,1265,88.29573822021484
1772003662.9940052,1266,86.06623840332031
1772003674.4259431,1267,102.41736602783203
1772003680.2099838,1268,86.20675659179688
1772003682.8368237,1269,86.42894744873047
1772003686.5389352,1270,91.21546936035156
1772003690.0004172,1271,85.85900115966797
1772003690.3266268,1272,58.590728759765625
1772003698.2463503,1273,91.43962860107422
1772003706.0056207,1274,91.75988006591797
1772003720.1855931,1275,104.06904602050781
1772003726.680482,1276,88.36946868896484
1772003735.4475784,1277,107.44574737548828
1772003739.0069807,1278,93.45746612548828
1772003741.8337958,1279,87.06513214111328
1772003749.7720976,1280,98.69466400146484
1772003751.332862,1281,107.88470458984375
1772003759.822914,1282,94.83092498779297
1772003768.9357405,1283,98.79817962646484
1772003787.5392427,1284,104.93119049072266
1772003796.298488,1285,91.1739730834961
1772003814.4900668,1286,103.36831665039062
1772003823.3465624,1287,98.23638153076172
1772003823.475682,1288,62.4220085144043
1772003832.5711908,1289,101.5511474609375
1772003846.121126,1290,107.01534271240234
1772003853.5282228,1291,99.01880645751953
1772003866.5778477,1292,92.68444061279297
1772003871.5508363,1293,108.51100158691406
1772003885.777895,1294,103.9845199584961
1772003964.725247,1295,31.416217803955078
1772003977.6535196,1296,105.88776397705078
1772003979.7915516,1297,89.95130157470703
1772003980.5393686,1298,71.42558288574219
1772003980.6768317,1299,66.59777069091797
1772003986.0830917,1300,101.24018096923828
1772003989.7735682,1301,90.17695617675781
1772003995.2463124,1302,109.79804992675781
1772004012.935109,1303,112.63264465332031
1772004021.2245028,1304,101.06536865234375
1772004024.3564212,1305,105.67932891845703
1772004028.6582432,1306,99.37306213378906
1772004039.4765923,1307,115.62677001953125
1772004051.7862532,1308,101.85630798339844
1772004059.7035668,1309,106.06685638427734
1772004070.457421,1310,106.35066986083984
1772004077.4548743,1311,109.21013641357422
1772004083.9613004,1312,100.31377410888672
1772004084.6642227,1313,101.0335464477539
1772004090.7934573,1314,94.09820556640625
1772004105.9309738,1315,116.8651123046875
1772004114.9211736,1316,90.99568939208984
1772004120.235765,1317,99.58665466308594
1772004122.627939,1318,86.2806625366211
1772004139.0289595,1319,112.60711669921875
1772004148.1870053,1320,112.18309783935547
1772004150.1310515,1321,101.15864562988281
1772004153.8139884,1322,100.84721374511719
1772004161.934062,1323,97.9862289428711
1772004168.0749347,1324,104.96307373046875
1772004177.8031414,1325,109.62610626220703
1772004182.1875525,1326,93.4902114868164
1772004186.6161351,1327,107.74215698242188
1772004186.7662215,1328,59.991600036621094
1772004192.6178818,1329,106.21488952636719
1772004207.210091,1330,103.54598236083984
1772004215.1472921,1331,107.90302276611328
1772004218.864359,1332,109.61964416503906
1772004225.0829437,1333,111.66559600830078
1772004234.896547,1334,110.43869018554688
1772004242.0929468,1335,112.13155364990234
1772004244.2374415,1336,94.2451171875
1772004251.2748919,1337,111.9542465209961
1772004278.3200655,1338,117.39513397216797
1772004288.6471474,1339,111.44120788574219
1772004292.6197596,1340,111.1919937133789
1772004298.4817996,1341,97.3545150756836
1772004303.1783369,1342,100.42790222167969
1772004313.455402,1343,112.66000366210938
1772004412.7774851,1344,100.32164764404297
1772004417.0182118,1345,111.9038314819336
1772004430.238066,1346,109.34480285644531
1772004444.8828924,1347,114.31001281738281
1772004452.9724724,1348,109.2428970336914
1772004456.3353255,1349,105.12763214111328
1772004456.9931643,1350,101.39192199707031
1772004481.3816667,1351,118.48301696777344
1772004484.8953106,1352,98.56629180908203
1772004494.680824,1353,111.2401351928711
1772004498.192775,1354,94.423095703125
1772004507.7259057,1355,109.05433654785156
1772004528.5608144,1356,117.93952178955078
1772004539.5605862,1357,113.40284729003906
1772004540.103268,1358,59.736106872558594
1772004551.8548925,1359,113.81316375732422
1772004575.3995728,1360,118.12316131591797
1772004583.4463995,1361,100.82098388671875
1772004588.104498,1362,101.9476089477539
1772004593.9045794,1363,103.60557556152344
1772004607.0526016,1364,105.19365692138672
1772004610.6317272,1365,104.10400390625
1772004612.8439958,1366,102.04370880126953
1772004615.0499601,1367,115.61476135253906
1772004637.485718,1368,113.31877136230469
1772004641.4246144,1369,112.2955093383789
1772004655.529674,1370,110.59674072265625
1772004661.8130834,1371,117.28001403808594
1772004662.2028503,1372,89.72512817382812
1772004678.979355,1373,114.75272369384766
1772004679.1823354,1374,60.65141677856445
1772004699.786071,1375,108.7836685180664
1772004702.4235427,1376,111.33064270019531
1772004710.403989,1377,120.60401153564453
1772004722.7146332,1378,108.4563217163086
1772004729.0436122,1379,108.96674346923828
1772004746.0578477,1380,118.60157775878906
1772004816.0227423,1381,103.15987396240234
1772004824.5885568,1382,117.22195434570312
1772004826.454803,1383,98.5561752319336
1772004830.8670053,1384,115.47821044921875
1772004831.4085457,1385,79.69449615478516
1772004847.6988888,1386,120.86743927001953
1772004852.3118687,1387,100.431640625
1772004861.864077,1388,111.326904296875
1772004862.642794,1389,100.69317626953125
1772004862.7679853,1390,68.68946075439453
1772004870.72619,1391,107.08160400390625
1772004877.1437824,1392,121.3392105102539
1772004889.9406419,1393,109.77569580078125
1772004897.7190418,1394,118.3665542602539
1772004906.2969334,1395,106.91339874267578
1772004922.3545444,1396,125.20552825927734
1772004922.4859617,1397,36.77595520019531
1772004929.6436603,1398,118.89220428466797
1772004935.1433475,1399,106.80375671386719
1772004935.2782319,1400,65.75557708740234
1772004953.577303,1401,119.76424407958984
1772004962.7660975,1402,115.21903991699219
1772004972.4482486,1403,108.60311889648438
1772004980.404774,1404,121.879638671875
1772004985.6260355,1405,118.88838195800781
1772004996.561987,1406,118.7215347290039
1772004998.8619514,1407,115.39725494384766
1772005007.045921,1408,123.04375457763672
1772005017.1974792,1409,111.85293579101562
1772005018.4450543,1410,107.46476745605469
1772005023.2233117,1411,118.90583801269531
1772005026.6758685,1412,120.36399841308594
1772005029.7248359,1413,121.92147827148438
1772005045.277954,1414,120.29564666748047
1772005061.5199006,1415,111.90599060058594
1772005066.3276815,1416,104.81983947753906
1772005074.4394863,1417,118.730224609375
1772005074.5805025,1418,67.15070343017578
1772005084.1379404,1419,109.54850769042969
1772005095.696238,1420,120.13495635986328
1772005110.7095904,1421,124.62677001953125
1772005113.7529309,1422,113.0129623413086
1772005120.315292,1423,113.81161499023438
1772005133.8804274,1424,122.34209442138672
1772005134.787076,1425,97.37520599365234
1772005143.5269969,1426,108.64657592773438
1772005159.6090019,1427,119.51406860351562
1772005207.5926871,1428,116.17062377929688
1772005219.3537748,1429,116.7536849975586
1772005233.8167794,1430,117.45146942138672
1772005252.4410472,1431,120.71768951416016
1772005276.3121808,1432,117.55809020996094
1772005280.9492264,1433,109.60887908935547
1772005291.5593247,1434,126.47075653076172
1772005294.4874115,1435,110.01305389404297
1772005299.15691,1436,110.22528839111328
1772005318.175876,1437,122.12449645996094
1772005319.718556,1438,106.26971435546875
1772005319.8509326,1439,95.89369201660156
1772005322.3510761,1440,118.8427505493164
1772005322.476433,1441,86.14791107177734
1772005328.390389,1442,102.94231414794922
1772005337.321473,1443,122.12480163574219
1772005347.988993,1444,113.10244750976562
1772005366.3869474,1445,119.3763656616211
1772005375.2250087,1446,109.06392669677734
1772005384.7262175,1447,111.82405853271484
1772005413.3636198,1448,119.43193817138672
1772005413.5297742,1449,101.2079086303711
1772005430.3785853,1450,111.1836166381836
1772005436.8557277,1451,119.97725677490234
1772005441.674905,1452,107.46742248535156
1772005448.4648068,1453,124.87775421142578
1772005455.3418713,1454,114.16153717041016
1772005471.3080955,1455,127.07454681396484
1772005476.69661,1456,113.351318359375
1772005487.673682,1457,120.7633056640625
1772005497.5257144,1458,117.23883056640625
1772005510.9618542,1459,116.57826232910156
1772005514.4836128,1460,117.49817657470703
1772005519.5648816,1461,125.38115692138672
1772005520.0243728,1462,92.79241943359375
1772005528.725107,1463,118.82897186279297
1772005637.0284133,1464,118.90380859375
1772005648.1499758,1465,117.64350891113281
1772005671.7347074,1466,119.701171875
1772005681.784108,1467,119.15867614746094
1772005683.2631707,1468,118.5140380859375
1772005730.610612,1469,120.30477142333984
1772005734.0686657,1470,124.6281509399414
1772005739.9146295,1471,120.01900482177734
1772005742.2960882,1472,119.80802154541016
1772005757.8367705,1473,125.90728759765625
1772005757.9660213,1474,82.75997161865234
1772005768.901249,1475,115.61956787109375
1772005782.7441792,1476,123.02445220947266
1772005786.9347444,1477,118.57063293457031
1772005794.233481,1478,116.33734893798828
1772005800.4879699,1479,112.7223129272461
1772005815.5007877,1480,114.63128662109375
1772005817.1366477,1481,103.7468490600586
1772005846.8533463,1482,121.6530990600586
1772005886.6973257,1483,129.90878295898438
1772005910.0789304,1484,121.0100326538086
1772005928.5583558,1485,127.4084243774414
1772005938.1000953,1486,119.43705749511719
1772005947.2058702,1487,126.8543701171875
1772005986.738574,1488,122.9267807006836
1772006010.2622423,1489,124.15425872802734
1772006011.3363397,1490,114.9856948852539
1772006021.1595914,1491,122.5361557006836
1772006035.79026,1492,125.70022583007812
1772006047.4629266,1493,117.56355285644531
1772006053.522492,1494,120.78828430175781
1772006054.5436516,1495,98.53900146484375
1772006080.3106616,1496,121.29243469238281
1772006081.1030645,1497,102.76427459716797
1772006083.670087,1498,121.7065200805664
1772006100.4873672,1499,117.24085998535156
1772006100.6180234,1500,97.97515106201172
1772006107.8324335,1501,122.98970031738281
1772006109.0001888,1502,116.35780334472656
1772006120.1047797,1503,126.5917739868164
1772006135.9197884,1504,120.09757232666016
1772006139.367861,1505,108.39525604248047
1772006142.9652348,1506,113.32893371582031
1772006158.7382202,1507,125.93669128417969
1772006177.7493386,1508,122.261474609375
1772006178.2709916,1509,105.51995086669922
1772006179.595359,1510,112.71672821044922
1772006194.398499,1511,126.74889373779297
1772006201.8027363,1512,118.62158966064453
1772006213.4015605,1513,118.9012451171875
1772006222.807165,1514,118.00579071044922
1772006222.934371,1515,74.46585845947266
1772006246.0076137,1516,124.0105972290039
1772006246.8008413,1517,119.39057159423828
1772006246.9266403,1518,93.72294616699219
1772006253.0296438,1519,113.4056167602539
1772006256.5307846,1520,104.02043151855469
1772006260.0146475,1521,110.54402923583984
1772006261.044151,1522,110.88105010986328
1772006272.4093559,1523,118.01036071777344
1772006285.2963898,1524,128.38587951660156
1772006285.486002,1525,109.00637817382812
1772006300.561807,1526,127.80058288574219
1772006330.61178,1527,127.51530456542969
1772006403.5735083,1528,125.6178970336914
1772006417.5911968,1529,121.88690185546875
1772006418.9192355,1530,119.31851196289062
1772006424.7156744,1531,115.98001098632812
1772006439.307579,1532,118.09232330322266
1772006442.2288795,1533,120.41929626464844
1772006443.812572,1534,114.33455657958984
1772006470.1919246,1535,131.71034240722656
1772006492.8732517,1536,129.12193298339844
1772006498.9988165,1537,116.50731658935547
1772006503.530935,1538,115.99789428710938
1772006517.954565,1539,126.04579162597656
1772006530.982393,1540,124.48206329345703
1772006531.1172822,1541,79.07707977294922
1772006537.5831366,1542,121.07894897460938
1772006542.7913373,1543,127.87113189697266
1772006552.1966474,1544,122.18174743652344
1772006552.332828,1545,106.63838958740234
1772006558.0107388,1546,131.13674926757812
1772006558.1873288,1547,96.29440307617188
1772006574.9840145,1548,121.21908569335938
1772006590.1624866,1549,126.26783752441406
1772006610.8600922,1550,126.69856262207031
1772006623.4995508,1551,123.14299011230469
1772006645.9951994,1552,127.4097900390625
1772006646.1581256,1553,103.317626953125
1772006649.7389226,1554,123.0194320678711
1772006652.192213,1555,113.93099975585938
1772006665.287673,1556,126.45654296875
1772006679.5790682,1557,133.70123291015625
1772006684.8690186,1558,113.17919921875
1772006783.3124166,1559,121.99503326416016
1772006789.017619,1560,123.81040954589844
1772006812.133044,1561,133.7297821044922
1772006822.8985157,1562,125.83497619628906
1772006833.0252738,1563,130.98414611816406
1772006845.013758,1564,124.0446548461914
1772006849.908732,1565,119.59852600097656
1772006860.3316753,1566,116.54720306396484
1772006883.8702974,1567,123.17998504638672
1772006891.070553,1568,119.59095001220703
1772006894.6662393,1569,124.61066436767578
1772006909.0986745,1570,132.59034729003906
1772006912.0106902,1571,125.43854522705078
1772006920.8745074,1572,122.9769287109375
1772006938.6694698,1573,124.92659759521484
1772006948.2180083,1574,123.39895629882812
1772006957.909842,1575,123.27255249023438
1772006963.546259,1576,122.93494415283203
1772006969.1708622,1577,129.68768310546875
1772006993.3944921,1578,126.61309814453125
1772006996.968307,1579,125.06715393066406
1772006999.2784925,1580,124.36251831054688
1772007011.8208442,1581,129.05984497070312
1772007023.2145193,1582,122.50878143310547
1772007046.4575124,1583,124.98292541503906
1772007048.0100071,1584,120.0537338256836
1772007048.139625,1585,83.15518188476562
1772007057.1104527,1586,131.32460021972656
1772007069.6074266,1587,126.58061981201172
1772007077.41316,1588,122.53997039794922
1772007098.8422446,1589,134.78697204589844
1772007126.1427855,1590,128.70391845703125
1772007183.448505,1591,122.22164916992188
1772007193.202661,1592,136.39144897460938
1772007228.7126408,1593,134.45567321777344
1772007230.4477513,1594,138.09837341308594
1772007232.9904573,1595,115.35761260986328
1772007250.4117558,1596,136.02960205078125
1772007255.2848516,1597,124.84513092041016
1772007261.3931882,1598,124.12968444824219
1772007266.1530604,1599,129.7803192138672
1772007278.0328436,1600,123.99718475341797
1772007291.5380228,1601,130.69393920898438
1772007298.1925979,1602,125.53911590576172
1772007304.6818376,1603,122.54354095458984
1772007308.218021,1604,127.69497680664062
1772007316.73634,1605,128.08497619628906
1772007319.38301,1606,121.76876068115234
1772007320.9355457,1607,115.93411254882812
1772007322.4041297,1608,138.79324340820312
1772007322.5408263,1609,105.25218963623047
1772007344.1043286,1610,140.5577392578125
1772007349.1429276,1611,129.263671875
1772007361.5926454,1612,127.6661605834961
1772007372.5606093,1613,124.85761260986328
1772007376.3688836,1614,125.41853332519531
1772007380.7880363,1615,132.5732421875
1772007399.2232366,1616,124.14960479736328
1772007403.562612,1617,127.4439697265625
1772007418.2322416,1618,130.1734619140625
1772007419.4690192,1619,119.83895111083984
1772007426.068518,1620,125.67550659179688
1772007426.3236265,1621,100.92623901367188
1772007436.1117353,1622,130.8871307373047
1772007436.2388139,1623,83.81775665283203
1772007437.141979,1624,123.18012237548828
1772007454.1635666,1625,129.1902313232422
1772007461.921991,1626,125.28034210205078
1772007487.6883714,1627,124.8670425415039
1772007493.8297896,1628,120.97293853759766
1772007501.5099592,1629,128.38516235351562
1772007510.7600646,1630,133.0795440673828
1772007567.272723,1631,126.15567779541016
1772007570.4557822,1632,134.3558349609375
1772007577.396554,1633,129.97689819335938
1772007582.2946398,1634,124.15913391113281
1772007595.001674,1635,125.9219970703125
1772007599.6317852,1636,124.24838256835938
1772007617.0222661,1637,127.09915161132812
1772007628.4090798,1638,126.74974060058594
1772007642.764161,1639,131.8055877685547
1772007654.1035433,1640,125.10210418701172
1772007660.5548706,1641,123.5193862915039
1772007670.8171232,1642,124.19145965576172
1772007677.067896,1643,126.8434066772461
1772007682.8648982,1644,127.7169418334961
1772007685.091395,1645,120.65042877197266
1772007705.4940538,1646,133.4546661376953
1772007718.803399,1647,134.9833221435547
1772007732.8735902,1648,125.1998291015625
1772007734.8850117,1649,126.41741180419922
1772007745.112218,1650,128.000244140625
1772007745.6219447,1651,113.68704986572266
1772007768.0196834,1652,129.30780029296875
1772007790.122306,1653,139.83792114257812
1772007801.6894097,1654,137.18710327148438
1772007806.4532607,1655,129.80670166015625
1772007809.9821858,1656,130.0474395751953
1772007821.5149508,1657,131.72593688964844
1772007823.7223642,1658,132.2600860595703
1772007827.6683872,1659,119.67719268798828
1772007834.424408,1660,130.3345947265625
1772007857.4511964,1661,137.20986938476562
1772007869.7850347,1662,129.29733276367188
1772007934.9217472,1663,117.96467590332031
1772007935.1140103,1664,114.09054565429688
1772007957.264076,1665,130.32960510253906
1772007960.7453766,1666,115.67095947265625
1772007983.2717414,1667,132.901123046875
1772007983.404019,1668,126.66535186767578
1772007988.0256286,1669,133.74276733398438
1772007988.153163,1670,100.3973159790039
1772007994.2274926,1671,129.8687744140625
1772008008.827923,1672,130.84420776367188
1772008013.816855,1673,130.6134796142578
1772008020.016677,1674,128.35508728027344
1772008031.7357616,1675,132.7214813232422
1772008042.0311894,1676,126.47037506103516
1772008042.16285,1677,119.38964080810547
1772008048.1400394,1678,130.11367797851562
1772008049.3582668,1679,122.72093200683594
1772008061.2285156,1680,130.2342529296875
1772008066.9574451,1681,131.5779571533203
1772008082.293782,1682,139.46275329589844
1772008090.8916996,1683,130.647216796875
1772008094.2866511,1684,128.1561737060547
1772008097.5052989,1685,128.79246520996094
1772008100.244035,1686,130.90310668945312
1772008110.130666,1687,138.65696716308594
1772008136.185284,1688,137.57989501953125
1772008137.995146,1689,118.56144714355469
1772008150.6476123,1690,130.17095947265625
1772008153.9430816,1691,126.36849975585938
1772008168.6304257,1692,128.33656311035156
1772008193.1437418,1693,131.23582458496094
1772008199.2759645,1694,129.43576049804688
1772008226.3133593,1695,132.84600830078125
1772008228.009978,1696,126.97916412353516
1772008237.9293408,1697,131.44581604003906
1772008269.0883846,1698,130.5677032470703
1772008442.1954541,1699,86.3324203491211
1772008446.7740912,1700,120.36394500732422
1772008448.8444676,1701,121.58218383789062
1772008460.8899038,1702,127.67671966552734
1772008466.7932868,1703,127.98257446289062
1772008479.576712,1704,127.48432922363281
1772008481.6689062,1705,127.12479400634766
1772008485.1262167,1706,121.96917724609375
1772008494.2349234,1707,129.9724884033203
1772008494.363054,1708,109.14065551757812
1772008500.6950638,1709,125.85628509521484
1772008506.816953,1710,127.0240249633789
1772008514.9832988,1711,129.14166259765625
1772008542.4182365,1712,131.28208923339844
1772008550.2864969,1713,130.57205200195312
1772008570.11926,1714,129.03973388671875
1772008580.3893166,1715,131.3253631591797
1772008584.4109325,1716,124.47718048095703
1772008599.641222,1717,131.68133544921875
1772008604.4852269,1718,124.68464660644531
1772008623.1872733,1719,129.82696533203125
1772008623.6560254,1720,122.01399993896484
1772008639.701618,1721,130.07620239257812
1772008641.7412062,1722,122.47608947753906
1772008656.7081845,1723,127.97405242919922
1772008668.247635,1724,130.34439086914062
1772008679.0819345,1725,126.72684478759766
1772008679.2078981,1726,70.6264877319336
1772008691.7160497,1727,128.92166137695312
1772008696.1764085,1728,129.5396728515625
1772008703.7853465,1729,126.8838119506836
1772008704.2150807,1730,105.373046875
1772008719.3619366,1731,129.7399444580078
1772008719.5279932,1732,114.4064712524414
1772008727.3584113,1733,127.36311340332031
1772008749.7219126,1734,133.22256469726562
1772008749.8496337,1735,105.49111938476562
1772008755.8033583,1736,119.25080108642578
1772008760.43788,1737,124.70941925048828
1772008850.3556008,1738,105.78032684326172
1772008862.9601982,1739,129.8981475830078
1772008875.3343618,1740,128.148681640625
1772008905.2755694,1741,127.94989013671875
1772008913.7273226,1742,125.84123229980469
1772008918.4508533,1743,124.98088073730469
1772008927.576274,1744,126.99181365966797
1772008933.963634,1745,131.22982788085938
1772008943.235016,1746,123.22467041015625
1772008943.3699658,1747,110.78057861328125
1772008960.07529,1748,126.2671890258789
1772008969.6566129,1749,120.82862854003906
1772008981.8168285,1750,123.98597717285156
1772008990.5813508,1751,128.71804809570312
1772008994.9250534,1752,125.94781494140625
1772008999.6572864,1753,128.55123901367188
1772009000.9458873,1754,114.24465942382812
1772009004.819934,1755,124.31623077392578
1772009015.118267,1756,124.9282455444336
1772009015.850499,1757,111.76192474365234
1772009040.745806,1758,127.07721710205078
1772009046.4061613,1759,125.22783660888672
1772009062.797294,1760,125.37718963623047
1772009063.880128,1761,113.43299865722656
1772009070.7361705,1762,127.9910659790039
1772009097.8685043,1763,125.54900360107422
1772009099.2549376,1764,114.83759307861328
1772009100.3016725,1765,119.5416030883789
1772009110.9433076,1766,127.53746032714844
1772009143.0279434,1767,124.37035369873047
1772009143.154222,1768,114.47447204589844
1772009147.6896935,1769,121.0119857788086
1772009148.0185065,1770,113.36097717285156
1772009152.6621819,1771,119.04578399658203
1772009153.0593755,1772,112.52511596679688
1772009155.2477155,1773,115.63067626953125
1772009157.2218294,1774,118.17926025390625
1772009158.070957,1775,116.5252685546875
1772009161.6371348,1776,127.52745056152344
1772009180.136113,1777,121.7463607788086
1772009273.4170568,1778,108.76237487792969
1772009305.092079,1779,124.64604187011719
1772009320.2116091,1780,126.15031433105469
1772009322.7100642,1781,116.87409973144531
1772009350.5660043,1782,124.9222640991211
1772009362.947971,1783,123.62554168701172
1772009370.0268433,1784,124.01056671142578
1772009392.9694533,1785,123.04843139648438
1772009396.4674606,1786,117.51144409179688
1772009398.2587466,1787,111.39420318603516
1772009410.138576,1788,121.18202209472656
1772009450.8567371,1789,121.81661224365234
1772009457.7657259,1790,118.77627563476562
1772009470.2012575,1791,118.3915023803711
1772009489.0154822,1792,118.86205291748047
1772009522.2109108,1793,119.6806869506836
1772009522.4143634,1794,94.14923095703125
1772009536.8264017,1795,118.60438537597656
1772009541.9975715,1796,119.73522186279297
1772009549.6363955,1797,116.40391540527344
1772009555.6884763,1798,114.08540344238281
1772009556.3010924,1799,113.61735534667969
1772009561.004293,1800,119.48148345947266
1772009578.20573,1801,115.59060668945312
1772009597.7221797,1802,117.92157745361328
1772009758.707277,1803,102.36106872558594
1772009762.9515445,1804,120.73638916015625
1772009763.078929,1805,94.03363800048828
1772009767.7739937,1806,113.41138458251953
1772009772.4383044,1807,117.29171752929688
1772009790.677578,1808,116.2104721069336
1772009814.9456503,1809,120.08928680419922
1772009821.9450786,1810,115.0220947265625
1772009825.232034,1811,112.50392150878906
1772009834.842416,1812,113.04753875732422
1772009838.5977795,1813,114.41378021240234
1772009849.814369,1814,114.66239166259766
1772009854.5652318,1815,109.76988983154297
1772009874.4151628,1816,118.66946411132812
1772009877.8867922,1817,116.96871948242188
1772009879.1725988,1818,106.51897430419922
1772009890.1527603,1819,115.8445053100586
1772009892.2651227,1820,110.38906860351562
1772009914.397772,1821,117.888427734375
1772009916.0052216,1822,110.5805892944336
1772009939.3224719,1823,116.97590637207031
1772009947.6085072,1824,114.06607818603516
1772009954.3348286,1825,114.66426849365234
1772009976.971546,1826,114.26761627197266
1772009999.9732494,1827,117.4737777709961
1772010016.3778074,1828,111.98026275634766
1772010027.8660345,1829,112.83406829833984
1772010031.0505037,1830,114.92916870117188
1772010035.8179507,1831,111.14403533935547
1772010040.1990376,1832,111.366943359375
1772010049.9405553,1833,113.02430725097656
1772010067.5974083,1834,113.36869049072266
1772010071.056767,1835,114.12957000732422
1772010074.0657678,1836,113.5655517578125
1772010112.46582,1837,118.83479309082031
1772010233.1699536,1838,119.2598876953125
1772010234.7976468,1839,113.7255630493164
1772010253.100112,1840,118.6784896850586
1772010253.3525941,1841,82.1834487915039
1772010254.0556061,1842,109.59923553466797
1772010263.182386,1843,114.021240234375
1772010268.901703,1844,110.43603515625
1772010272.5850127,1845,115.81733703613281
1772010300.8820217,1846,113.50409698486328
1772010304.3068101,1847,118.71768951416016
1772010317.8467374,1848,114.45938110351562
1772010318.437235,1849,108.22488403320312
1772010331.8974175,1850,115.59740447998047
1772010348.6454415,1851,114.28340148925781
1772010359.8870387,1852,113.92353820800781
1772010363.3485603,1853,112.22330474853516
1772010364.3892827,1854,112.39590454101562
1772010370.2811759,1855,112.35778045654297
1772010374.954582,1856,111.87975311279297
1772010375.2814572,1857,101.925537109375
1772010399.6510103,1858,111.101806640625
1772010419.7162733,1859,112.14759063720703
1772010423.6403039,1860,108.96342468261719
1772010437.4622974,1861,110.91655731201172
1772010451.959186,1862,113.43376922607422
1772010460.8226085,1863,111.7452621459961
1772010468.0537426,1864,108.52645111083984
1772010481.3827107,1865,110.70020294189453
1772010481.5145197,1866,106.48165130615234
1772010484.9848428,1867,107.39331817626953
1772010491.5278254,1868,110.58235168457031
1772010492.406214,1869,107.82709503173828
1772010492.5338874,1870,96.89949035644531
1772010502.819055,1871,110.9698715209961
1772010504.1129663,1872,106.27316284179688
1772010507.52606,1873,107.07363891601562
1772010514.9835746,1874,109.41749572753906
1772010526.872611,1875,111.13350677490234
1772010622.8248377,1876,109.56291961669922
1772010625.6309018,1877,103.90374755859375
1772010643.6974397,1878,108.89037322998047
1772010665.3688643,1879,109.18587493896484
1772010665.4996238,1880,76.35228729248047
1772010668.9003048,1881,109.19795989990234
1772010678.4761581,1882,108.76083374023438
1772010678.6051223,1883,99.04137420654297
1772010681.3030405,1884,109.29010772705078
1772010690.4233801,1885,110.07662963867188
1772010691.086454,1886,106.02290344238281
1772010696.0757103,1887,108.84494018554688
1772010705.690305,1888,110.31305694580078
1772010707.88223,1889,107.8323745727539
1772010726.2633677,1890,111.54023742675781
1772010742.5082636,1891,105.35664367675781
1772010749.7596617,1892,109.42510986328125
1772010751.3740723,1893,104.24871063232422
1772010761.6532655,1894,108.9423599243164
1772010768.9466224,1895,106.35455322265625
1772010785.03558,1896,108.80756378173828
1772010795.8010812,1897,110.39257049560547
1772010812.3187752,1898,107.8740234375
1772010815.8203707,1899,104.2561264038086
1772010815.9480035,1900,70.58011627197266
1772010845.3801022,1901,107.38379669189453
1772010870.5653079,1902,111.1319351196289
1772010877.7973802,1903,109.18583679199219
1772010887.230346,1904,105.16053771972656
1772010911.377342,1905,108.31737518310547
1772010911.5431163,1906,76.60485076904297
1772010921.618827,1907,106.4001693725586
1772010956.913814,1908,108.60479736328125
1772011055.334736,1909,107.25721740722656
1772011060.3054936,1910,101.25909423828125
1772011065.2951934,1911,105.34183502197266
1772011087.3386185,1912,106.64755249023438
1772011090.830367,1913,101.84951782226562
1772011104.7420518,1914,104.4395751953125
1772011113.104398,1915,105.05921173095703
1772011117.7802758,1916,104.31069946289062
1772011121.1778874,1917,103.33150482177734
1772011122.7181454,1918,104.65338134765625
1772011130.0954852,1919,102.56465911865234
1772011141.9007719,1920,104.38650512695312
1772011147.9946976,1921,103.61039733886719
1772011151.6706202,1922,102.65916442871094
1772011176.3429923,1923,105.08830261230469
1772011195.3168643,1924,108.2985610961914
1772011195.4441595,1925,78.56011962890625
1772011220.1184525,1926,105.08966064453125
1772011234.1810007,1927,101.21597290039062
1772011245.3186944,1928,103.34215545654297
1772011249.2042058,1929,101.10574340820312
1772011252.6550684,1930,103.08963775634766
1772011256.725932,1931,101.63700866699219
1772011256.8531408,1932,77.10564422607422
1772011288.2622266,1933,105.52259826660156
1772011299.0861666,1934,103.55115509033203
1772011299.2129292,1935,77.14740753173828
1772011302.6821423,1936,99.82512664794922
1772011309.3936226,1937,104.865234375
1772011314.695849,1938,101.32855224609375
1772011318.2555118,1939,99.7938232421875
1772011323.2902765,1940,98.43125915527344
1772011338.438844,1941,102.973388671875
1772011349.5615106,1942,101.60477447509766
1772011355.9434557,1943,102.17643737792969
1772011357.9511495,1944,94.24449920654297
1772011361.8035061,1945,102.6361312866211
1772011376.9663024,1946,102.52494049072266
1772011488.3704414,1947,102.84574127197266
1772011488.4996326,1948,87.44160461425781
1772011522.4849973,1949,105.70782470703125
1772011524.8251297,1950,98.37834930419922
1772011528.8446393,1951,104.06256866455078
1772011543.9169037,1952,102.16838073730469
1772011546.6087687,1953,102.89817810058594
1772011549.985851,1954,97.48255157470703
1772011556.275067,1955,105.98372650146484
1772011560.0696375,1956,101.66544342041016
1772011561.1751242,1957,93.60545349121094
1772011568.5358276,1958,104.2916259765625
1772011571.015079,1959,98.97254943847656
1772011571.1478972,1960,83.32878112792969
1772011579.8580115,1961,98.54498291015625
1772011593.4708269,1962,101.56560516357422
1772011600.9525125,1963,103.51151275634766
1772011604.538163,1964,101.90048217773438
1772011618.314101,1965,97.53018951416016
1772011627.5740442,1966,102.76776123046875
1772011638.3918505,1967,102.853515625
1772011645.5006747,1968,96.97990417480469
1772011649.0828817,1969,101.5604476928711
1772011651.9779706,1970,100.48356628417969
1772011676.8489435,1971,102.54305267333984
1772011688.9708242,1972,103.93411254882812
1772011721.904646,1973,103.462890625
1772011744.2078032,1974,103.20945739746094
1772011779.6053975,1975,103.84849548339844
1772011784.5892503,1976,99.033935546875
1772011799.063402,1977,101.9891357421875
1772011898.039075,1978,102.49268341064453
1772011908.0491931,1979,101.46678161621094
1772011917.972495,1980,105.89324188232422
1772011949.8700197,1981,106.72290802001953
1772011957.6579297,1982,99.09971618652344
1772011968.370687,1983,103.13076782226562
1772011974.2616804,1984,98.38001251220703
1772012000.2748334,1985,98.17327117919922
1772012033.9884384,1986,104.98783874511719
1772012057.3632362,1987,97.7291030883789
1772012074.222581,1988,106.36116790771484
1772012084.0883076,1989,95.50543212890625
1772012085.526399,1990,88.7890625
1772012110.4272714,1991,103.27027130126953
1772012115.5215902,1992,92.99584197998047
1772012126.2394497,1993,103.19824981689453
1772012126.7961178,1994,84.7834701538086
1772012133.5520835,1995,101.51996612548828
1772012143.7570028,1996,105.90904998779297
1772012145.9667687,1997,101.19393157958984
1772012164.0714407,1998,99.68085479736328
1772012186.9988377,1999,104.70693969726562
1772012206.293038,2000,98.272216796875
1772012219.9572794,2001,99.75873565673828
1772012366.084794,2002,104.09996795654297
1772012373.6487222,2003,94.54930114746094
1772012378.1335375,2004,98.88397979736328
1772012381.310504,2005,97.70040130615234
1772012381.4521637,2006,75.08857727050781
1772012391.4944928,2007,99.05103302001953
1772012406.2700856,2008,104.01626586914062
1772012421.7480395,2009,98.83441162109375
1772012421.8733788,2010,88.63326263427734
1772012434.988112,2011,99.02688598632812
1772012444.6136103,2012,99.69312286376953
1772012448.16804,2013,96.39849853515625
1772012458.1174223,2014,98.64759063720703
1772012474.2591457,2015,98.48724365234375
1772012478.8018396,2016,96.72926330566406
1772012502.5013304,2017,100.98033905029297
1772012515.204674,2018,100.79044342041016
1772012537.8467724,2019,106.02002716064453
1772012543.050854,2020,95.18880462646484
1772012555.237512,2021,100.68399810791016
1772012558.430594,2022,97.30272674560547
1772012581.869607,2023,100.5244140625
1772012588.0622568,2024,91.66868591308594
1772012607.8290591,2025,99.46468353271484
1772012628.4960158,2026,99.77735900878906
1772012628.6222942,2027,83.0316162109375
1772012646.832887,2028,104.02843475341797
1772012651.0918922,2029,98.58580780029297
1772012654.2557445,2030,92.8704833984375
1772012667.3531878,2031,99.84793090820312
1772012845.6883144,2032,94.78759002685547
1772012851.1877804,2033,93.1764144897461
1772012864.4675918,2034,98.03257751464844
1772012867.5775926,2035,99.83174896240234
1772012875.1151109,2036,91.1462173461914
1772012879.1228392,2037,101.16009521484375
1772012898.8908644,2038,103.12471008300781
1772012922.53346,2039,104.7735824584961
1772012945.1364737,2040,103.53499603271484
1772012948.4916227,2041,94.97163391113281
1772012948.6176922,2042,63.18284225463867
1772012961.077231,2043,96.49292755126953
1772012967.506463,2044,100.1576919555664
1772012978.360488,2045,99.89533996582031
1772012987.4752846,2046,92.24301147460938
1772012991.6480644,2047,97.82150268554688
1772012999.7253737,2048,103.3463363647461
1772013005.3307953,2049,96.71361541748047
1772013038.2122347,2050,99.81420135498047
1772013049.1757803,2051,102.41795349121094
1772013055.770961,2052,103.05018615722656
1772013068.040601,2053,100.86558532714844
1772013090.862189,2054,100.53437805175781
1772013109.4916737,2055,100.38494873046875
1772013116.2923791,2056,91.90605926513672
1772013119.726586,2057,100.50128173828125
1772013127.4658754,2058,90.12696075439453
1772013129.9029996,2059,84.0890121459961
1772013130.0304887,2060,76.58390808105469
1772013142.0717218,2061,102.84619140625
1772013154.3604054,2062,101.14277648925781
1772013265.9756749,2063,93.81986999511719
1772013274.7445562,2064,102.53462982177734
1772013278.8199768,2065,89.34159851074219
1772013282.9109447,2066,92.27472686767578
1772013295.7392466,2067,98.3117446899414
1772013315.223783,2068,95.85023498535156
1772013318.5140839,2069,92.65167999267578
1772013323.6650546,2070,101.88053131103516
1772013332.9846804,2071,93.56591033935547
1772013338.8740537,2072,92.9654769897461
1772013341.3383996,2073,100.48466491699219
1772013353.1383536,2074,94.67815399169922
1772013382.9446154,2075,103.02239990234375
1772013393.9681993,2076,95.38719177246094
1772013397.2299123,2077,91.21355438232422
1772013408.2825327,2078,92.41656494140625
1772013414.8734171,2079,99.81829071044922
1772013424.17522,2080,91.92304229736328
1772013435.698664,2081,100.05632781982422
1772013439.2463198,2082,91.9907455444336
1772013447.7216897,2083,92.85530090332031
1772013447.8513575,2084,68.354736328125
1772013448.351657,2085,98.61857604980469
1772013450.525675,2086,93.27947235107422
1772013457.4145944,2087,101.45050048828125
1772013473.0030417,2088,100.31317901611328
1772013521.8652258,2089,96.00397491455078
1772013525.150917,2090,92.13053894042969
1772013527.559838,2091,95.45137023925781
1772013530.4244099,2092,95.26685333251953
1772013538.902797,2093,96.53409576416016
1772013558.5328045,2094,93.81697845458984
1772013566.218025,2095,90.347900390625
1772013573.6191347,2096,97.12113952636719
1772013582.6640298,2097,96.02786254882812
1772013684.13575,2098,90.27728271484375
1772013692.4719095,2099,91.78508758544922
1772013693.4624963,2100,86.0296401977539
1772013693.5873635,2101,72.15621948242188
1772013700.832447,2102,88.60083770751953
1772013725.7713377,2103,94.85494995117188
1772013735.4617162,2104,105.2184066772461
1772013749.2429292,2105,96.95899963378906
1772013754.048114,2106,95.88671112060547
1772013758.3799803,2107,92.76204681396484
1772013785.9372725,2108,96.1102523803711
1772013807.1657155,2109,97.0743179321289
1772013811.9844673,2110,86.33328247070312
1772013833.0749943,2111,102.83987426757812
1772013836.3109426,2112,92.51774597167969
1772013882.9979646,2113,101.61001586914062
1772013897.2303276,2114,92.82674407958984
1772013926.9913526,2115,97.81195068359375
1772013942.023577,2116,95.58846282958984
1772013950.7746105,2117,99.73699951171875
1772013953.2284105,2118,93.84597778320312
1772013953.3540666,2119,72.96510314941406
1772013956.538424,2120,96.84793853759766
1772013964.7493536,2121,93.67634582519531
1772013973.5615103,2122,95.89836120605469
1772013980.944261,2123,102.02635955810547
1772013982.7952094,2124,91.65338134765625
1772013988.6191611,2125,102.34199523925781
1772013998.5022094,2126,90.9080581665039
1772014060.6886084,2127,88.77690887451172
1772014066.8642943,2128,102.55451202392578
1772014070.131352,2129,96.9951171875
1772014083.4391205,2130,99.91838836669922
1772014087.1411254,2131,96.15324401855469
1772014105.1121974,2132,100.98921203613281
1772014122.1932397,2133,96.68441009521484
1772014144.2441823,2134,98.03030395507812
1772014147.4311035,2135,92.90130615234375
1772014158.4627476,2136,93.10392761230469
1772014164.7557342,2137,93.88697814941406
1772014186.1542847,2138,102.2138900756836
1772014192.2912395,2139,93.77935791015625
1772014207.8736372,2140,97.3472900390625
1772014211.1587024,2141,99.19145202636719
1772014222.9303014,2142,103.33692169189453
1772014228.616453,2143,96.01875305175781
1772014240.2129695,2144,100.70511627197266
1772014248.2662766,2145,90.35218048095703
1772014251.2220623,2146,86.69965362548828
1772014256.9341521,2147,95.4713363647461
1772014258.3840399,2148,80.58642578125
1772014297.6667187,2149,98.13233947753906
1772014311.81712,2150,99.36878967285156
1772014318.228873,2151,98.12391662597656
1772014346.9681828,2152,100.87017059326172
1772014347.4182334,2153,90.92965698242188
1772014361.514286,2154,99.5860824584961
1772014385.0661986,2155,99.68036651611328
1772014521.941865,2156,98.72413635253906
1772014548.872617,2157,96.55950927734375
1772014549.0037844,2158,72.58522033691406
1772014552.5013542,2159,93.26008605957031
1772014559.6695385,2160,93.19984436035156
1772014583.6734104,2161,94.001708984375
1772014600.6988842,2162,95.40809631347656
1772014607.2731235,2163,103.71871948242188
1772014622.2761867,2164,98.8979721069336
1772014622.402367,2165,72.24482727050781
1772014625.3493195,2166,91.42082977294922
1772014668.4053552,2167,103.09262084960938
1772014684.888755,2168,99.57418060302734
1772014702.514436,2169,97.23480987548828
1772014712.6762712,2170,94.37776184082031
1772014733.7154667,2171,95.63655853271484
1772014742.3122373,2172,96.25411224365234
1772014767.7317154,2173,97.00706481933594
1772014771.119799,2174,101.45951843261719
1772014784.177673,2175,99.03042602539062
1772014814.6652248,2176,105.8495101928711
1772014923.572425,2177,105.64837646484375
1772014931.2384694,2178,99.03445434570312
1772014952.0132282,2179,102.65289306640625
1772014960.9745314,2180,97.91735076904297
1772014970.990378,2181,101.35814666748047
1772014989.9975398,2182,98.8719482421875
1772015008.6944313,2183,97.52085876464844
1772015030.4813616,2184,95.15138244628906
1772015046.2870061,2185,96.21014404296875
1772015052.3618584,2186,98.23175048828125
1772015052.4893515,2187,75.16053009033203
1772015069.1645894,2188,95.32238006591797
1772015076.4066188,2189,94.1852035522461
1772015081.1184256,2190,93.60222625732422
1772015098.4995346,2191,98.01274871826172
1772015112.6521223,2192,96.11192321777344
1772015125.543856,2193,90.32068634033203
1772015126.3792374,2194,72.52021026611328
1772015139.1832428,2195,90.89582061767578
1772015170.220469,2196,96.82814025878906
1772015175.8180768,2197,93.2724380493164
1772015179.1666381,2198,90.34368896484375
1772015187.1783185,2199,86.80248260498047
1772015191.2820823,2200,91.76910400390625
1772015207.055425,2201,98.8674545288086
1772015216.3974924,2202,94.74649810791016
1772015226.2771063,2203,95.08248901367188
1772015239.389928,2204,98.31057739257812
1772015353.5439508,2205,75.67443084716797
1772015372.4602158,2206,100.35787963867188
1772015385.1359742,2207,97.26878356933594
1772015390.7429295,2208,92.69507598876953
1772015404.7269375,2209,97.5968246459961
1772015407.9809144,2210,86.73506164550781
1772015414.212675,2211,91.2411117553711
1772015420.141574,2212,95.19471740722656
1772015420.2689185,2213,66.32377624511719
1772015460.5676727,2214,100.95199584960938
1772015469.1193147,2215,95.38639068603516
1772015473.1827962,2216,101.91940307617188
1772015487.7934206,2217,94.62429809570312
1772015501.450485,2218,99.57311248779297
1772015519.9403744,2219,97.79148864746094
1772015520.0744915,2220,61.01292419433594
1772015524.9692173,2221,96.27632141113281
1772015550.9328835,2222,98.30150604248047
1772015570.5425882,2223,97.08027648925781
1772015579.799619,2224,97.1202621459961
1772015583.8542476,2225,88.93154907226562
1772015588.0824888,2226,96.62039184570312
1772015588.2048645,2227,65.58045959472656
1772015588.330021,2228,74.92570495605469
1772015593.4902463,2229,99.23641967773438
1772015598.1306906,2230,99.01471710205078
1772015622.861467,2231,98.8412857055664
1772015636.2033887,2232,99.58314514160156
1772015645.5978994,2233,100.68622589111328
1772015662.5633833,2234,98.69648742675781
1772015763.3433561,2235,87.17080688476562
1772015765.4953558,2236,84.67373657226562
1772015771.2402332,2237,94.44743347167969
1772015779.0478983,2238,94.83431243896484
1772015780.0824666,2239,82.4943618774414
1772015784.2383606,2240,92.64391326904297
1772015787.4717534,2241,95.17411804199219
1772015796.0073543,2242,94.64383697509766
1772015815.4285798,2243,97.02690887451172
1772015818.726942,2244,97.05772399902344
1772015830.6194549,2245,97.1985092163086
1772015838.1172192,2246,96.99586486816406
1772015846.6454864,2247,91.60786437988281
1772015858.7354417,2248,95.90876007080078
1772015865.9113,2249,102.52910614013672
1772015869.4503214,2250,91.29737091064453
1772015881.142066,2251,95.84024047851562
1772015886.8534014,2252,93.28164672851562
1772015903.7287319,2253,100.03794860839844
1772015911.9920506,2254,95.22443389892578
1772015942.301943,2255,95.80403900146484
1772015959.5361254,2256,94.81645965576172
1772015963.600599,2257,95.1971435546875
1772015966.0323343,2258,97.47235107421875
1772015994.3135386,2259,100.42640686035156
1772016003.5590696,2260,94.62709045410156
1772016006.1483116,2261,84.9285888671875
1772016015.849668,2262,93.44617462158203
1772016022.609153,2263,94.464111328125
1772016030.2612076,2264,98.79684448242188
1772016041.2672613,2265,97.6164321899414
1772016060.7138214,2266,98.09617614746094
1772016095.699997,2267,99.41083526611328
1772016181.7125967,2268,99.40815734863281
1772016187.430682,2269,97.27303314208984
1772016200.0217154,2270,100.79763793945312
1772016217.5837724,2271,95.70148468017578
1772016220.7565384,2272,88.01545715332031
1772016224.2724319,2273,98.02545928955078
1772016230.9560428,2274,97.9239501953125
1772016240.185627,2275,102.9002914428711
1772016246.6271296,2276,91.72725677490234
1772016249.907001,2277,96.35269927978516
1772016250.0309274,2278,66.3947982788086
1772016264.6269486,2279,96.88292694091797
1772016271.3038118,2280,94.67818450927734
1772016287.4113822,2281,99.85386657714844
1772016290.9625113,2282,98.75330352783203
1772016298.0587647,2283,95.92914581298828
1772016301.188754,2284,90.66172790527344
1772016313.9360905,2285,99.14905548095703
1772016319.5622563,2286,98.4014663696289
1772016326.1879168,2287,94.58626556396484
1772016331.9771233,2288,98.49980926513672
1772016340.146376,2289,98.24884796142578
1772016349.8415477,2290,94.2928237915039
1772016369.0331593,2291,98.41163635253906
1772016370.4542468,2292,85.21476745605469
1772016380.810234,2293,97.23271942138672
1772016382.3817563,2294,96.01091766357422
1772016393.5550406,2295,100.61019897460938
1772016410.4265902,2296,97.18595123291016
1772016430.2068236,2297,101.43021392822266
1772016456.8372014,2298,106.63920593261719
1772016547.9599252,2299,106.46269226074219
1772016549.7640715,2300,93.8114242553711
1772016553.1440425,2301,92.91039276123047
1772016567.7246947,2302,106.11882019042969
1772016601.4584253,2303,103.4582290649414
1772016606.2841616,2304,94.42041778564453
1772016625.5531075,2305,106.41546630859375
1772016644.0692608,2306,103.56116485595703
1772016672.4651456,2307,103.77189636230469
1772016680.8480046,2308,97.03361511230469
1772016680.9743872,2309,68.1963882446289
1772016688.346115,2310,101.50077819824219
1772016691.7591443,2311,92.99037170410156
1772016702.0657833,2312,102.19329071044922
1772016718.4251924,2313,101.95099639892578
1772016721.9776325,2314,92.17869567871094
1772016728.5048578,2315,97.06423950195312
1772016740.3985095,2316,104.75541687011719
1772016746.3451087,2317,103.96357727050781
1772016751.4170442,2318,97.88548278808594
1772016759.5262449,2319,100.4181137084961
1772016768.682668,2320,104.19058990478516
1772016776.9688067,2321,96.14640808105469
1772016780.2125401,2322,99.82833099365234
1772016784.2224805,2323,95.9731216430664
1772016787.3630424,2324,93.5059814453125
1772016787.495366,2325,70.20842742919922
1772016797.0957923,2326,98.19009399414062
1772016797.2270145,2327,72.7482681274414
1772016799.8517494,2328,92.74839782714844
1772016801.145618,2329,90.15631866455078
1772016807.7998087,2330,102.89043426513672
1772016822.7583334,2331,101.63909149169922
1772016829.9579234,2332,94.24872589111328
1772016845.9286048,2333,104.72269439697266
1772016934.5064237,2334,96.75304412841797
1772016941.287929,2335,97.39547729492188
1772016946.5961025,2336,102.53483581542969
1772016954.7661471,2337,105.1308364868164
1772016965.8976197,2338,106.42766571044922
1772016982.1228766,2339,103.9583511352539
1772016989.6142282,2340,100.75630187988281
1772017004.0059657,2341,103.44094848632812
1772017008.8345804,2342,100.53060150146484
1772017016.1108162,2343,95.28825378417969
1772017029.9374921,2344,104.887939453125
1772017035.219352,2345,103.26181030273438
1772017035.774539,2346,96.71345520019531
1772017042.962602,2347,100.17272186279297
1772017050.8846078,2348,106.96560668945312
1772017069.925465,2349,107.09838104248047
1772017070.0577343,2350,65.31558990478516
1772017072.1151764,2351,97.18019104003906
1772017075.2873495,2352,100.51756286621094
1772017081.8139968,2353,99.06598663330078
1772017081.935539,2354,68.44911193847656
1772017090.4248393,2355,103.19374084472656
1772017090.5486276,2356,81.91056060791016
1772017093.8063524,2357,96.51797485351562
1772017116.4304879,2358,104.92814636230469
1772017124.6248353,2359,100.2971420288086
1772017133.6798713,2360,110.31270599365234
1772017133.806121,2361,68.40221405029297
1772017148.6542168,2362,105.38326263427734
1772017159.6251285,2363,111.66259002685547
1772017162.8469017,2364,106.47505950927734
1772017163.8254538,2365,92.20203399658203
1772017173.1045744,2366,105.02212524414062
1772017174.2022455,2367,93.05056762695312
1772017180.6606379,2368,99.47942352294922
1772017183.9878604,2369,104.3328857421875
1772017188.3102834,2370,103.72836303710938
1772017196.8219955,2371,106.07971954345703
1772017208.2724657,2372,110.31363677978516
1772017219.024496,2373,98.92039489746094
1772017238.7383623,2374,105.34282684326172
1772017243.3164427,2375,104.39320373535156
1772017249.2413323,2376,111.79190063476562
1772017296.004792,2377,104.4412841796875
1772017299.125337,2378,104.06803894042969
1772017299.577596,2379,95.22974395751953
1772017303.766422,2380,113.70751953125
1772017303.89126,2381,96.27422332763672
1772017315.8539968,2382,108.85455322265625
1772017320.2129054,2383,106.6972427368164
1772017322.5104692,2384,97.66587829589844
1772017340.0391424,2385,108.34801483154297
1772017340.1675494,2386,72.59981536865234
1772017346.4737494,2387,107.4270248413086
1772017349.6817982,2388,99.73026275634766
1772017361.0001557,2389,100.84938049316406
1772017366.8967752,2390,104.20368194580078
1772017374.5807142,2391,100.72071838378906
1772017374.7065926,2392,67.82149505615234
1772017383.1157596,2393,107.1183090209961
1772017383.621355,2394,89.9729232788086
1772017393.7089365,2395,113.45758056640625
1772017393.8351707,2396,68.63888549804688
1772017397.1354268,2397,104.5417251586914
1772017404.2696369,2398,111.93704223632812
1772017417.4134114,2399,104.6248550415039
1772017425.4547215,2400,109.751220703125
1772017425.579269,2401,85.03022766113281
1772017430.6436315,2402,106.29331970214844
1772017448.0568304,2403,112.74571990966797
1772017453.9939458,2404,104.78492736816406
1772017491.5618804,2405,110.55577087402344
1772017503.7064185,2406,106.305908203125
1772017522.5537395,2407,106.2412338256836
1772017524.5749793,2408,99.79786682128906
1772017550.518865,2409,111.31016540527344
1772017562.8727248,2410,107.0375747680664
1772017564.495196,2411,96.36787414550781
1772017588.3103383,2412,108.3115005493164
1772017591.5434299,2413,104.33494567871094
1772017593.0628715,2414,102.27279663085938
1772017601.8151765,2415,110.85485076904297
1772017644.973387,2416,106.04582214355469
1772017664.0704498,2417,115.15369415283203
1772017674.809068,2418,107.40890502929688
1772017683.7033298,2419,104.93074035644531
1772017690.0320692,2420,110.57965087890625
1772017707.2899451,2421,115.25729370117188
1772017714.1817148,2422,104.44075775146484
1772017727.0519977,2423,105.59477996826172
1772017734.9247262,2424,106.7664566040039
1772017763.0826666,2425,107.43038177490234
1772017785.2893605,2426,116.18097686767578
1772017790.4368877,2427,106.47012329101562
1772017790.6033,2428,81.03083801269531
1772017798.9076169,2429,108.07169342041016
1772017809.9583507,2430,111.20397186279297
1772017820.5915825,2431,112.73151397705078
1772017820.7176883,2432,114.40495300292969
1772017820.845631,2433,97.61429595947266
1772017839.710127,2434,113.64092254638672
1772017859.1525908,2435,108.56619262695312
1772017863.0293984,2436,100.89482116699219
1772017863.154816,2437,57.89405059814453
1772017866.5662715,2438,98.21485900878906
1772017867.1730509,2439,98.79656219482422
1772017878.6051052,2440,111.36514282226562
1772017882.5497284,2441,111.2558364868164
1772017888.360012,2442,110.78455352783203
1772017898.4200866,2443,106.97933959960938
1772017919.1936398,2444,110.48709869384766
1772017932.869989,2445,105.70579528808594
1772017942.9999728,2446,103.17431640625
1772017961.8027937,2447,107.87918853759766
1772017961.9314907,2448,64.74125671386719
1772017968.7608678,2449,103.65841674804688
1772017980.1532214,2450,107.20004272460938
1772018062.2909677,2451,102.8292007446289
1772018087.6189628,2452,113.1195297241211
1772018105.3490443,2453,110.5151138305664
1772018112.874222,2454,101.29006958007812
1772018126.681245,2455,110.81544494628906
1772018137.0430276,2456,102.87367248535156
1772018152.4997842,2457,107.65553283691406
1772018158.0256608,2458,104.41902923583984
1772018158.2177877,2459,83.57760620117188
1772018162.9557924,2460,103.98403930664062
1772018174.7116282,2461,108.01508331298828
1772018178.5328434,2462,110.15092468261719
1772018201.379786,2463,107.78710174560547
1772018214.7737045,2464,105.73212432861328
1772018226.0959892,2465,108.48815155029297
1772018241.2399266,2466,108.64736938476562
1772018272.158245,2467,113.76556396484375
1772018278.0555186,2468,112.35126495361328
1772018281.0381014,2469,103.06057739257812
1772018281.1628294,2470,97.67947387695312
1772018299.4774752,2471,117.6875
1772018304.9161735,2472,112.69171142578125
1772018309.042778,2473,113.65332794189453
1772018312.3311796,2474,108.33854675292969
1772018338.2635417,2475,110.39808654785156
1772018338.3877249,2476,102.0936050415039
1772018344.619079,2477,110.04873657226562
1772018352.8772268,2478,104.08870697021484
1772018372.3978837,2479,115.30780029296875
1772018454.890931,2480,114.92472839355469
1772018461.64295,2481,112.55644226074219
1772018470.5963578,2482,110.0713882446289
1772018476.0715845,2483,108.99610900878906
1772018483.5731087,2484,106.68753814697266
1772018494.8692803,2485,113.00202178955078
1772018497.782023,2486,102.39849090576172
1772018525.9976983,2487,114.72661590576172
1772018535.029721,2488,115.58361053466797
1772018543.333155,2489,116.3549575805664
1772018566.32414,2490,118.0363540649414
1772018569.5864806,2491,104.37479400634766
1772018589.517993,2492,116.65776824951172
1772018598.0704043,2493,113.43807983398438
1772018598.5449295,2494,98.3010482788086
1772018612.504443,2495,117.8139419555664
1772018637.1246154,2496,117.02970123291016
1772018641.5666552,2497,107.96813201904297
1772018644.8752952,2498,115.05010223388672
1772018662.0916955,2499,112.32147216796875
1772018670.4531257,2500,109.95964813232422
1772018670.5800254,2501,81.11278533935547
1772018670.7034247,2502,83.7255630493164
1772018676.2669573,2503,110.48542022705078
1772018688.4256938,2504,109.42581939697266
1772018688.687678,2505,93.53418731689453
1772018693.4065084,2506,108.3188247680664
1772018695.8811157,2507,115.6709213256836
1772018702.8251002,2508,112.85419464111328
1772018703.5980413,2509,106.04145050048828
1772018723.569993,2510,116.96797180175781
1772018729.7586236,2511,107.99072265625
1772018732.3124318,2512,115.07565307617188
1772018733.7124434,2513,106.59427642822266
1772018761.1924746,2514,117.98457336425781
1772018819.0209982,2515,113.27052307128906
1772018825.8688395,2516,116.28824615478516
1772018837.5151067,2517,117.16482543945312
1772018849.4756732,2518,117.91959381103516
1772018858.7054927,2519,113.01007843017578
1772018874.7252984,2520,119.90217590332031
1772018878.1506548,2521,109.86900329589844
1772018881.0791194,2522,112.33384704589844
1772018908.7820642,2523,114.02420043945312
1772018917.1582987,2524,111.63429260253906
1772018920.7832887,2525,105.57421875
1772018931.1902807,2526,118.11100769042969
1772018936.782102,2527,110.28246307373047
1772018939.5630696,2528,109.59668731689453
1772018950.8378434,2529,113.38790893554688
1772018955.3785405,2530,112.19498443603516
1772018962.9591188,2531,110.84516143798828
1772018965.8115978,2532,110.7925033569336
1772019012.4930277,2533,115.97177124023438
1772019022.5704584,2534,116.1903305053711
1772019034.4759967,2535,110.01957702636719
1772019042.5180094,2536,111.85628509521484
1772019053.9910934,2537,114.50138854980469
1772019062.533217,2538,117.01172637939453
1772019065.7734144,2539,106.80291748046875
1772019073.9261165,2540,115.23090362548828
1772019088.6187592,2541,118.09283447265625
1772019106.5693793,2542,118.21051788330078
1772019121.3374774,2543,115.35952758789062
1772019128.8556058,2544,113.7153091430664
1772019136.2809808,2545,115.07473754882812
1772019172.367154,2546,108.38260650634766
1772019181.7774737,2547,115.12467956542969
1772019185.0779312,2548,106.19023895263672
1772019185.8750548,2549,110.71907806396484
1772019187.0849547,2550,99.7475357055664
1772019196.9694047,2551,115.7156982421875
1772019203.2803156,2552,115.21753692626953
1772019207.0743284,2553,110.21477508544922
1772019209.1542184,2554,112.74491882324219
1772019215.407187,2555,106.14502716064453
1772019221.5135057,2556,106.4356460571289
1772019242.1109028,2557,111.7563705444336
1772019263.8844318,2558,115.4627914428711
1772019269.9442964,2559,109.26568603515625
1772019275.8868513,2560,112.2041015625
1772019282.1581545,2561,113.88289642333984
1772019302.9516761,2562,110.87657928466797
1772019307.1761715,2563,115.98696899414062
1772019323.929985,2564,114.5688247680664
1772019337.2930799,2565,112.5826644897461
1772019337.4215393,2566,74.65475463867188
1772019345.870405,2567,108.65624237060547
1772019349.6243298,2568,115.14752197265625
1772019355.4327097,2569,110.72663116455078
1772019370.7189054,2570,114.02149963378906
1772019370.8610437,2571,74.02344512939453
1772019383.5326161,2572,110.93679809570312
1772019393.400704,2573,107.70630645751953
1772019399.0485046,2574,111.92095184326172
1772019401.9640958,2575,107.68869018554688
1772019405.770676,2576,112.27920532226562
1772019421.1900587,2577,107.38642883300781
1772019431.839061,2578,117.20765686035156
1772019450.9934986,2579,112.4290542602539
1772019466.2521198,2580,107.45307159423828
1772019474.4783301,2581,112.2573013305664
1772019477.911003,2582,105.0080795288086
1772019491.6560395,2583,105.81104278564453
1772019528.3454163,2584,111.10356140136719
1772019539.8262537,2585,108.55096435546875
1772019546.122284,2586,110.10272979736328
1772019546.2858472,2587,76.8587646484375
1772019561.7954614,2588,114.01477813720703
1772019566.6452298,2589,111.31468200683594
1772019573.2352123,2590,106.36861419677734
1772019584.4695003,2591,111.00743865966797
1772019601.2232811,2592,116.64619445800781
1772019608.3940074,2593,109.63904571533203
1772019608.5228965,2594,88.62852478027344
1772019609.3595936,2595,105.87661743164062
1772019619.8559237,2596,111.12450408935547
1772019621.777301,2597,103.8892593383789
1772019625.7423384,2598,108.5044174194336
1772019627.480341,2599,105.77143096923828
1772019638.0068855,2600,106.65252685546875
1772019638.134451,2601,81.21730041503906
1772019641.4559238,2602,115.12612915039062
1772019647.2410336,2603,112.25746154785156
1772019653.601128,2604,116.11334991455078
1772019669.8869128,2605,113.2766342163086
1772019688.088084,2606,116.71939086914062
1772019694.421505,2607,107.40886688232422
1772019703.390518,2608,113.99632263183594
1772019709.910203,2609,111.69511413574219
1772019729.6810107,2610,107.93549346923828
1772019733.5103884,2611,112.77375030517578
1772019746.038763,2612,112.8297348022461
1772019768.6954792,2613,117.84207916259766
1772019775.6887264,2614,109.5699234008789
1772019781.1283715,2615,113.58014678955078
1772019786.8111534,2616,114.22208404541016
1772019794.5206072,2617,113.50359344482422
1772019799.9019227,2618,117.1847152709961
1772019815.982807,2619,114.38553619384766
1772019826.0862408,2620,113.72974395751953
1772019838.8287973,2621,115.18040466308594
1772019853.6626756,2622,112.65272521972656
1772019879.5298283,2623,102.8589859008789
1772019897.616198,2624,118.11600494384766
1772019908.9112532,2625,119.96504211425781
1772019920.5535395,2626,111.78987884521484
1772019929.149597,2627,115.49699401855469
1772019935.5114636,2628,116.30921173095703
1772019961.9172409,2629,111.04756927490234
1772019975.1565316,2630,115.31180572509766
1772019982.6562226,2631,107.91485595703125
1772020031.087594,2632,117.4952392578125
1772020048.3110735,2633,116.58840942382812
1772020054.2074115,2634,112.20130157470703
1772020069.9974759,2635,116.37384033203125
1772020072.7190592,2636,113.30663299560547
1772020080.4042113,2637,115.9971923828125
1772020105.6309605,2638,114.99134063720703
1772020115.371466,2639,114.17530059814453
1772020128.6462748,2640,119.79487609863281
1772020128.777745,2641,94.6111831665039
1772020141.3112361,2642,121.5337905883789
1772020158.16659,2643,118.2437515258789
1772020167.8372705,2644,116.9461441040039
1772020175.2805924,2645,119.94363403320312
1772020185.9909198,2646,116.33342742919922
1772020190.8261173,2647,115.43000030517578
1772020191.0884652,2648,104.89852142333984
1772020191.2126012,2649,90.70127868652344
1772020191.3384423,2650,105.51673889160156
1772020209.0356932,2651,118.60725402832031
1772020329.8648615,2652,116.93830108642578
1772020332.2341735,2653,111.72486877441406
1772020337.1139483,2654,109.78216552734375
1772020343.5256593,2655,120.22895812988281
1772020356.7245715,2656,113.65364837646484
1772020366.567707,2657,115.30615234375
1772020370.4880016,2658,114.928466796875
1772020379.149972,2659,114.97600555419922
1772020387.7372634,2660,112.07828521728516
1772020405.7440155,2661,118.62029266357422
1772020409.0824375,2662,110.6740493774414
1772020414.2297366,2663,117.12285614013672
1772020431.2556505,2664,116.94943237304688
1772020439.5817728,2665,115.12391662597656
1772020471.4920115,2666,114.33179473876953
1772020481.8106773,2667,113.31610870361328
1772020486.604542,2668,113.77442169189453
1772020491.3765173,2669,115.88063049316406
1772020496.752408,2670,108.46424102783203
1772020503.243007,2671,120.94929504394531
1772020509.047241,2672,113.64646911621094
1772020521.0001113,2673,114.00174713134766
1772020522.572888,2674,110.98941802978516
1772020540.136857,2675,118.04136657714844
1772020552.7165847,2676,114.60990905761719
1772020570.7049012,2677,114.42870330810547
1772020581.49507,2678,117.38229370117188
1772020592.5958924,2679,118.50263214111328
1772020602.866641,2680,113.28968048095703
1772020606.1039534,2681,110.25322723388672
1772020617.2354248,2682,118.93950653076172
1772020630.741149,2683,117.6803970336914
1772020718.4792454,2684,122.23655700683594
1772020724.3396163,2685,111.86414337158203
1772020724.465171,2686,76.7751235961914
1772020734.164588,2687,115.12122344970703
1772020739.3803499,2688,114.44081115722656
1772020741.7179291,2689,114.41183471679688
1772020752.635366,2690,115.3447036743164
1772020773.3613527,2691,116.85102081298828
1772020773.891902,2692,106.9688491821289
1772020780.5039167,2693,109.37427520751953
1772020786.6425815,2694,115.31883239746094
1772020786.7673066,2695,80.6861572265625
1772020791.1197596,2696,107.49922180175781
1772020791.2439063,2697,83.4814224243164
1772020791.9273589,2698,96.6007080078125
1772020799.6609418,2699,114.39946746826172
1772020818.111244,2700,111.36267852783203
1772020829.1761029,2701,111.36956787109375
1772020834.270216,2702,112.12479400634766
1772020849.4502587,2703,113.60430145263672
1772020852.756434,2704,98.88642883300781
1772020865.232648,2705,114.30733489990234
1772020869.242302,2706,110.07411193847656
1772020886.418879,2707,132.90499877929688
1772020890.878847,2708,112.38066864013672
1772020900.5501716,2709,110.88017272949219
1772020917.7114217,2710,114.95831298828125
1772020917.837607,2711,99.3970947265625
1772020923.128654,2712,111.13851165771484
1772020924.1991742,2713,108.79840850830078
1772020929.770713,2714,109.59801483154297
1772020947.3815942,2715,118.1332015991211
1772020950.8547266,2716,107.55925750732422
1772020970.730951,2717,115.67139434814453
1772020973.3334053,2718,108.44434356689453
1772020994.283436,2719,116.7823257446289
1772021004.553259,2720,116.54212951660156
1772021007.9027028,2721,110.01242065429688
1772021011.060712,2722,111.69603729248047
1772021024.8830552,2723,123.97772979736328
1772021041.478548,2724,124.794677734375
1772021084.6864555,2725,111.23892211914062
1772021092.0238712,2726,115.44380950927734
1772021095.3171775,2727,105.60670471191406
1772021095.44272,2728,82.23736572265625
1772021108.275683,2729,113.49205780029297
1772021117.4559445,2730,122.51444244384766
1772021136.6588757,2731,118.6629867553711
1772021156.9919846,2732,111.67982482910156
1772021160.8615654,2733,119.58172607421875
1772021167.8339689,2734,114.12577819824219
1772021178.6428275,2735,115.49534606933594
1772021183.71781,2736,108.4909439086914
1772021194.3281097,2737,117.55310821533203
1772021222.9592597,2738,114.19355010986328
1772021227.9180624,2739,110.66864776611328
1772021231.2689378,2740,110.08690643310547
1772021236.024861,2741,114.99404907226562
1772021254.1266859,2742,116.06704711914062
1772021259.0798624,2743,116.6397476196289
1772021264.7952836,2744,114.7868423461914
1772021264.9369915,2745,103.44502258300781
1772021285.0988984,2746,117.05241394042969
1772021289.7428002,2747,112.35924530029297
1772021293.1077318,2748,115.28428649902344
1772021304.8380334,2749,112.68841552734375
1772021332.367608,2750,120.97525024414062
1772021342.9318054,2751,112.31040954589844
1772021348.4351363,2752,108.98560333251953
1772021367.652743,2753,118.31265258789062
1772021373.5928311,2754,112.97811126708984
1772021382.3410838,2755,112.59326171875
1772021387.9633214,2756,110.66584014892578
1772021441.448534,2757,104.90631103515625
1772021462.1910646,2758,117.31572723388672
1772021471.3516762,2759,113.32599639892578
1772021479.0659506,2760,115.81961822509766
1772021486.7443342,2761,111.8280258178711
1772021503.2946136,2762,125.08999633789062
1772021516.1114485,2763,117.08568572998047
1772021519.5576816,2764,110.14311981201172
1772021537.1443026,2765,114.07620239257812
1772021559.976703,2766,114.8778305053711
1772021573.4188817,2767,113.24929809570312
1772021576.4278042,2768,111.42042541503906
1772021579.7166538,2769,106.75240325927734
1772021583.794847,2770,108.655517578125
1772021599.7989757,2771,114.22952270507812
1772021623.4964404,2772,115.740966796875
1772021628.7113028,2773,107.15874481201172
1772021649.5928564,2774,122.05543518066406
1772021667.9608188,2775,113.21310424804688
1772021671.875881,2776,106.41609954833984
1772021675.287926,2777,120.46647644042969
1772021687.972725,2778,115.44305419921875
1772021707.941966,2779,113.82061004638672
1772021713.8859358,2780,120.37417602539062
1772021718.5170171,2781,111.25205993652344
1772021732.286044,2782,112.80106353759766
1772021754.6352098,2783,112.8939437866211
1772021758.0199733,2784,114.71407318115234
1772021777.9028938,2785,113.09178161621094
1772021841.613464,2786,85.19799041748047
1772021842.557649,2787,116.63594818115234
1772021853.1407514,2788,114.36492919921875
1772021896.9054737,2789,118.6360092163086
1772021916.1415787,2790,121.82144165039062
1772021931.8333063,2791,117.90695190429688
1772021947.1358023,2792,122.59519958496094
1772021956.104077,2793,118.99298095703125
1772021960.2690675,2794,117.5950927734375
1772021964.917453,2795,121.99409484863281
1772021967.2201233,2796,110.93094635009766
1772021967.6851108,2797,105.66559600830078
1772021974.007979,2798,115.91575622558594
1772021981.2315662,2799,115.5893783569336
1772021991.9675195,2800,112.51019287109375
1772021997.5740376,2801,109.27716827392578
1772022010.1880434,2802,115.75211334228516
1772022016.4194632,2803,121.396728515625
1772022022.1225975,2804,114.92911529541016
1772022024.4055736,2805,105.24945831298828
1772022027.572138,2806,113.82647705078125
1772022035.1546693,2807,114.06509399414062
1772022035.281307,2808,74.98054504394531
1772022038.5732942,2809,113.91410827636719
1772022039.4354453,2810,110.57638549804688
1772022046.3880072,2811,110.09398651123047
1772022049.7143593,2812,103.02063751220703
1772022053.2875571,2813,112.60713195800781
1772022059.6410599,2814,119.03608703613281
1772022063.4946246,2815,108.4568862915039
1772022077.7985897,2816,115.44571685791016
1772022080.6608458,2817,107.9641342163086
1772022097.716617,2818,114.891357421875
1772022100.390817,2819,106.09790802001953
1772022110.1278353,2820,121.96998596191406
1772022133.8984332,2821,121.64095306396484
1772022142.16781,2822,116.94623565673828
1772022145.8334894,2823,120.75428771972656
1772022155.5978918,2824,118.74987030029297
1772022231.4744189,2825,116.442626953125
1772022237.476109,2826,112.45169067382812
1772022240.168079,2827,112.21279907226562
1772022243.4444842,2828,108.0712661743164
1772022246.831535,2829,111.84493255615234
1772022275.7189581,2830,121.55305480957031
1772022281.061559,2831,121.13495635986328
1772022283.6600678,2832,119.71255493164062
1772022289.6553695,2833,110.46000671386719
1772022312.1128354,2834,115.74549865722656
1772022318.904746,2835,119.00606536865234
1772022322.9207904,2836,113.75942993164062
1772022327.9606867,2837,115.47682189941406
1772022340.5930276,2838,114.32456970214844
1772022344.0073774,2839,118.76799011230469
1772022350.4227996,2840,112.15385437011719
1772022355.2495086,2841,116.2797622680664
1772022369.0861075,2842,115.9569091796875
1772022380.1206858,2843,124.26456451416016
1772022394.160903,2844,115.51007843017578
1772022395.700119,2845,101.01073455810547
1772022399.5725024,2846,112.55369567871094
1772022402.956399,2847,111.13627624511719
1772022419.5376654,2848,114.64981842041016
1772022423.0757325,2849,115.25226593017578
1772022428.4292905,2850,118.4170913696289
1772022445.9773545,2851,113.70458221435547
1772022459.9349902,2852,114.7018051147461
1772022463.320535,2853,113.94481658935547
1772022468.3455508,2854,113.16516876220703
1772022472.4887865,2855,115.41690063476562
1772022474.992284,2856,122.71621704101562
1772022479.2989647,2857,121.33470153808594
1772022483.7627296,2858,114.07087707519531
1772022490.9852245,2859,110.68488311767578
1772022491.1135962,2860,94.41114044189453
1772022500.0490353,2861,117.1644515991211
1772022514.3770015,2862,121.22126770019531
1772022525.5750973,2863,122.97988891601562
1772022535.5737953,2864,117.44708251953125
1772022538.7671688,2865,110.88297271728516
1772022563.8058453,2866,113.4563217163086
1772022693.525046,2867,114.25043487548828
1772022706.056401,2868,129.8061981201172
1772022710.3706377,2869,113.98977661132812
1772022722.032981,2870,121.89564514160156
1772022724.042463,2871,99.55188751220703
1772022740.3450615,2872,127.3985366821289
1772022743.6046138,2873,110.88694763183594
1772022748.3424141,2874,117.75951385498047
1772022752.426955,2875,106.56459045410156
1772022758.611561,2876,111.95209503173828
1772022775.7698228,2877,114.15691375732422
1772022788.8073764,2878,120.01095581054688
1772022795.9847255,2879,113.5682144165039
1772022818.7596793,2880,124.02176666259766
1772022821.6503968,2881,112.48649597167969
1772022831.1735377,2882,116.66800689697266
1772022846.4991436,2883,119.6035385131836
1772022850.370435,2884,113.83707427978516
1772022858.0311077,2885,114.755126953125
1772022861.3680818,2886,117.99617004394531
1772022864.6336586,2887,114.8228759765625
1772022888.772358,2888,120.09064483642578
1772022904.1264052,2889,119.69503784179688
1772022904.2659125,2890,66.4434814453125
1772022907.467157,2891,116.01695251464844
1772022918.5220027,2892,114.67774963378906
1772022925.8540099,2893,119.23448944091797
1772022925.9942784,2894,68.89146423339844
1772022929.1683998,2895,110.02384948730469
1772022935.0761852,2896,121.35055541992188
1772022938.9303422,2897,116.05892181396484
1772022942.670763,2898,114.18540954589844
1772022953.958978,2899,115.788818359375
1772022958.4147146,2900,116.1195068359375
1772022986.7590592,2901,123.81739044189453
1772023046.3503535,2902,107.55006408691406
1772023049.540369,2903,117.75735473632812
1772023072.7119567,2904,124.37263488769531
1772023079.0185966,2905,120.17379760742188
1772023110.7816842,2906,118.16407012939453
1772023117.269996,2907,111.47335815429688
1772023121.9283934,2908,116.80751037597656
1772023142.4806924,2909,115.40499877929688
1772023146.6956034,2910,112.14022827148438
1772023147.2728236,2911,114.0786361694336
1772023164.8396945,2912,114.86978149414062
1772023168.7549493,2913,102.72200012207031
1772023174.5446155,2914,117.82302856445312
1772023178.068028,2915,111.6413803100586
1772023182.040789,2916,112.9383544921875
1772023189.273015,2917,110.49867248535156
1772023196.9448414,2918,121.69441223144531
1772023197.0702775,2919,94.3597640991211
1772023207.5982747,2920,117.47503662109375
1772023211.7331014,2921,111.23322296142578
1772023215.0491486,2922,110.4796142578125
1772023226.005671,2923,124.9074478149414
1772023226.354839,2924,89.23963928222656
1772023229.6442482,2925,105.18099975585938
1772023237.9688635,2926,113.31390380859375
1772023246.7007103,2927,116.4299545288086
1772023246.8270137,2928,86.0115966796875
1772023249.2836494,2929,111.3371810913086
1772023265.3332605,2930,117.67681121826172
1772023268.6765974,2931,115.50473022460938
1772023274.4088144,2932,112.41127014160156
1772023286.952947,2933,138.2819061279297
1772023290.148382,2934,114.01439666748047
1772023299.8889244,2935,113.0981216430664
1772023301.513583,2936,114.63985443115234
1772023310.5669558,2937,119.507568359375
1772023329.3059852,2938,112.95111083984375
1772023358.0567,2939,124.38153076171875
1772023395.5826623,2940,104.17302703857422
1772023399.7339609,2941,114.69322967529297
1772023401.574204,2942,101.20098114013672
1772023414.6713152,2943,113.95343017578125
1772023427.8659494,2944,118.78680419921875
1772023433.1415744,2945,112.22193145751953
1772023452.6134756,2946,135.3459930419922
1772023457.2693684,2947,110.37356567382812
1772023464.6341276,2948,109.74281311035156
1772023481.2162855,2949,120.61332702636719
1772023493.7755494,2950,114.24870300292969
1772023505.971569,2951,112.07711791992188
1772023514.966411,2952,111.75616455078125
1772023533.2858078,2953,119.38180541992188
1772023533.4196334,2954,93.90425109863281
1772023540.8102453,2955,112.92752075195312
1772023544.094076,2956,126.36771392822266
1772023544.2347507,2957,58.94373321533203
1772023549.8654747,2958,116.35990142822266
1772023553.2569149,2959,120.16636657714844
1772023584.5356102,2960,116.08191680908203
1772023613.6300204,2961,118.18622589111328
1772023626.072264,2962,112.35609436035156
1772023626.2219207,2963,70.41631317138672
1772023639.744182,2964,133.38479614257812
1772023641.396675,2965,94.34590911865234
1772023644.258951,2966,108.7125473022461
1772023651.5031216,2967,121.28163146972656
1772023655.765935,2968,113.95260620117188
1772023660.2962046,2969,113.82099151611328
1772023665.3020573,2970,108.72348022460938
1772023665.6269846,2971,98.75891876220703
1772023668.9677916,2972,106.51472473144531
1772023671.045395,2973,100.79829406738281
1772023684.967953,2974,119.4208984375
1772023701.6572711,2975,109.36650085449219
1772023783.606792,2976,108.46748352050781
1772023800.0472074,2977,108.79743957519531
1772023800.1773891,2978,59.467254638671875
1772023806.7132437,2979,102.11434936523438
1772023810.5823493,2980,107.4559326171875
1772023823.8497455,2981,111.79431915283203
1772023842.1873658,2982,109.05339813232422
1772023858.835923,2983,109.41593170166016
1772023869.621489,2984,108.98751068115234
1772023872.8566859,2985,100.34315490722656
1772023872.9835908,2986,68.933349609375
1772023877.6238315,2987,109.22899627685547
1772023881.8703084,2988,105.4610824584961
1772023895.5398982,2989,113.56523895263672
1772023914.631828,2990,117.16309356689453
1772023918.1230652,2991,103.74706268310547
1772023926.1940222,2992,108.07758331298828
1772023934.1593356,2993,109.57203674316406
1772023935.6864135,2994,98.59158325195312
1772023942.7357798,2995,104.45132446289062
1772023960.7164001,2996,125.32562255859375
1772023972.5556269,2997,107.93890380859375
1772023981.1906207,2998,107.11618041992188
1772024003.4752126,2999,109.70805358886719
1772024023.6101248,3000,107.4632568359375
1772024028.985798,3001,103.09832000732422
1772024069.234897,3002,111.50151062011719
1772024076.2977421,3003,105.4076919555664
1772024076.6167634,3004,87.57936096191406
1772024098.8142226,3005,107.71366882324219
1772024151.2819636,3006,103.6820068359375
1772024151.4087768,3007,71.22968292236328
1772024160.2027295,3008,109.4124984741211
1772024169.331578,3009,104.73074340820312
1772024172.662132,3010,104.20668029785156
1772024201.9218605,3011,109.1796875
1772024211.5219934,3012,102.85066986083984
1772024214.7420409,3013,104.67607879638672
1772024225.7433646,3014,104.1580810546875
1772024238.2701836,3015,104.5716323852539
1772024256.6639345,3016,107.5989761352539
1772024256.7894013,3017,71.22087860107422
1772024267.8209908,3018,103.8779067993164
1772024280.691658,3019,106.9483413696289
1772024292.5233166,3020,116.08882141113281
1772024296.9965935,3021,97.30255126953125
1772024304.5883684,3022,107.3546142578125
1772024322.1098466,3023,107.26532745361328
1772024325.7456448,3024,95.25101470947266
1772024329.0122948,3025,103.9984130859375
1772024333.7959447,3026,107.5396499633789
1772024346.0012472,3027,109.38929748535156
1772024359.5690913,3028,103.9994125366211
1772024364.2479548,3029,103.06587982177734
1772024380.4988575,3030,105.62669372558594
1772024387.1264682,3031,114.28056335449219
1772024387.2535985,3032,68.72095489501953
1772024399.046114,3033,103.63398742675781
1772024402.4034858,3034,106.93441772460938
1772024409.1682127,3035,101.85597229003906
1772024409.2896369,3036,49.669715881347656
1772024418.1220703,3037,107.16520690917969
1772024422.097501,3038,96.74956512451172
1772024435.5965414,3039,100.63562774658203
1772024441.9907322,3040,99.02379608154297
1772024445.6770651,3041,100.68901062011719
1772024502.2831461,3042,99.17166137695312
1772024508.5866046,3043,105.86851501464844
1772024510.1949809,3044,95.53539276123047
1772024513.418926,3045,95.57755279541016
1772024518.763684,3046,106.18885803222656
1772024519.752204,3047,111.60289001464844
1772024528.2056642,3048,107.74686431884766
1772024550.0522459,3049,105.20135498046875
1772024558.7068279,3050,97.70979309082031
1772024564.6283343,3051,103.3083724975586
1772024572.3064573,3052,121.08385467529297
1772024588.2918181,3053,107.07638549804688
1772024604.628169,3054,107.90060424804688
1772024609.7727392,3055,102.53437042236328
1772024620.497514,3056,103.1338882446289
1772024620.9656456,3057,88.22186279296875
1772024621.0977485,3058,57.04298400878906
1772024635.4103837,3059,104.67893981933594
1772024645.8385825,3060,120.23589324951172
1772024649.5735004,3061,106.56278991699219
1772024666.7695167,3062,107.39313507080078
1772024670.975979,3063,115.54862976074219
1772024677.4231925,3064,104.75459289550781
1772024684.6271994,3065,102.49778747558594
1772024693.9668875,3066,100.72097778320312
1772024695.2537868,3067,91.86030578613281
1772024722.9669993,3068,118.54948425292969
1772024734.1794782,3069,108.34273529052734
1772024753.3262908,3070,109.12639617919922
1772024758.8916438,3071,105.75247955322266
1772024767.5234764,3072,115.9029769897461
1772024784.3446705,3073,108.86724853515625
1772024796.4319272,3074,105.12820434570312
1772024810.418989,3075,119.69617462158203
1772024817.5261276,3076,104.76234436035156
1772024820.4881344,3077,102.6359634399414
1772024916.0529757,3078,91.77947998046875
1772024917.9636102,3079,115.20455169677734
1772024923.719801,3080,106.33075714111328
1772024939.5801992,3081,109.60294342041016
1772024944.138963,3082,125.54713439941406
1772024953.9938502,3083,117.49041748046875
1772024958.0368168,3084,109.58731842041016
1772024958.9029999,3085,96.49356842041016
1772024966.9710267,3086,110.37474060058594
1772024967.0990822,3087,66.90644073486328
1772024990.0919142,3088,129.15476989746094
1772025005.6105387,3089,112.22720336914062
1772025014.1673007,3090,106.05785369873047
1772025023.1202366,3091,104.322021484375
1772025034.7999716,3092,117.55271911621094
1772025044.4302983,3093,106.45841979980469
1772025049.1946445,3094,103.89171600341797
1772025054.8998108,3095,104.84688568115234
1772025077.4613807,3096,114.9007339477539
1772025082.0386748,3097,105.145751953125
1772025099.1119764,3098,108.6488037109375
1772025099.4433098,3099,108.86709594726562
1772025110.7780771,3100,106.08110046386719
1772025116.350203,3101,101.84355163574219
1772025123.178731,3102,108.38937377929688
1772025135.7202744,3103,117.6184310913086
1772025162.6461575,3104,109.996337890625
1772025175.881653,3105,108.81167602539062
1772025180.6810958,3106,107.1085433959961
1772025188.6495476,3107,107.75227355957031
1772025194.9802437,3108,108.32415008544922
1772025198.2807078,3109,104.25409698486328
1772025204.0001776,3110,113.97689056396484
1772025209.0433476,3111,107.94195556640625
1772025227.5865114,3112,113.31173706054688
1772025248.6529145,3113,109.95603942871094
1772025300.564288,3114,113.79493713378906
1772025303.9506717,3115,115.31443786621094
1772025320.400579,3116,113.0112533569336
1772025324.5600245,3117,108.9609146118164
1772025339.2100039,3118,116.30146026611328
1772025342.7452166,3119,103.84752655029297
1772025347.7543511,3120,109.55155944824219
1772025358.037549,3121,118.82303619384766
1772025379.6088283,3122,117.797607421875
1772025379.7901757,3123,88.5975341796875
1772025383.9343343,3124,108.48538970947266
1772025384.782635,3125,92.98275756835938
1772025391.5707197,3126,103.39784240722656
1772025395.6047256,3127,111.989013671875
1772025402.4719288,3128,107.03536224365234
1772025405.5924048,3129,109.332763671875
1772025410.1166964,3130,112.64112091064453
1772025431.1541502,3131,112.44239044189453
1772025434.863863,3132,116.07477569580078
1772025443.0016768,3133,111.03617095947266
1772025446.3243856,3134,97.95330047607422
1772025458.0076127,3135,110.36840057373047
1772025465.643781,3136,110.0749282836914
1772025488.357844,3137,126.90198516845703
1772025503.4693823,3138,115.09842681884766
1772025532.7346733,3139,116.71697235107422
1772025538.9551098,3140,111.65454864501953
1772025542.157324,3141,108.80370330810547
1772025545.3972256,3142,133.64682006835938
1772025552.1119304,3143,112.96327209472656
1772025558.4254496,3144,111.37039947509766
1772025558.5531697,3145,80.43528747558594
1772025565.431344,3146,114.48849487304688
1772025582.1598504,3147,110.75225067138672
1772025586.6099381,3148,107.9539794921875
1772025619.888844,3149,113.86885833740234
1772025710.699502,3150,120.60636901855469
1772025713.9448938,3151,116.05215454101562
1772025725.8929408,3152,113.95436096191406
1772025732.1434186,3153,110.9811782836914
1772025736.2980947,3154,111.64581298828125
1772025743.9847429,3155,110.50443267822266
1772025749.0764067,3156,111.50323486328125
1772025754.5094259,3157,110.50714874267578
1772025759.3703775,3158,112.05231475830078
1772025772.1773684,3159,113.29680633544922
1772025789.269918,3160,111.47145080566406
1772025809.265067,3161,116.9736328125
1772025823.9145772,3162,114.48198699951172
1772025837.2845628,3163,113.44160461425781
1772025843.8440237,3164,116.0334701538086
1772025851.5612137,3165,115.91152954101562
1772025880.1584861,3166,119.00480651855469
1772025890.2448971,3167,112.01036071777344
1772025890.5447373,3168,97.25639343261719
1772025893.8679256,3169,109.22544860839844
1772025901.2838602,3170,115.6507568359375
1772025908.8331447,3171,110.73493194580078
1772025915.1456606,3172,117.7745132446289
1772025925.0497572,3173,109.80535125732422
1772025938.5344455,3174,111.23604583740234
1772025950.476354,3175,112.76596069335938
1772025954.608261,3176,115.76985931396484
1772025958.6958065,3177,104.21214294433594
1772025958.8248036,3178,67.3830337524414
1772025972.2790349,3179,118.83438873291016
1772025972.4059315,3180,62.30155563354492
1772025990.6591423,3181,115.36412048339844
1772025990.8616042,3182,70.36761474609375
1772025997.3682842,3183,104.83487701416016
1772026037.361828,3184,105.75729370117188
1772026037.4863489,3185,80.1512222290039
1772026041.1179452,3186,108.29830169677734
1772026044.5063877,3187,112.28460693359375
1772026048.1110578,3188,101.42349243164062
1772026061.1588352,3189,104.58395385742188
1772026070.4466493,3190,108.6092529296875
1772026083.512196,3191,117.45634460449219
1772026086.703617,3192,109.62646484375
1772026090.598687,3193,112.33929443359375
1772026092.5264037,3194,110.57339477539062
1772026096.3679645,3195,117.62703704833984
1772026104.311597,3196,114.75105285644531
1772026115.066617,3197,116.04733276367188
1772026115.4553988,3198,91.56482696533203
1772026138.7985525,3199,110.23197937011719
1772026141.081678,3200,102.20641326904297
1772026143.2493985,3201,110.83197021484375
1772026143.3806272,3202,78.72290802001953
1772026147.2161999,3203,107.8147964477539
1772026172.0127053,3204,135.8235321044922
1772026187.5909643,3205,115.87200164794922
1772026190.937492,3206,110.91742706298828
1772026205.2778592,3207,118.42549896240234
1772026205.4167628,3208,64.8868179321289
1772026221.4810452,3209,119.05010223388672
1772026232.947387,3210,117.78343963623047
1772026239.080464,3211,111.37028503417969
1772026259.4474845,3212,125.67517852783203
1772026265.3539948,3213,108.08277893066406
1772026272.6780393,3214,109.51885223388672
1772026275.4414227,3215,104.00100708007812
1772026285.6415677,3216,113.11387634277344
1772026288.8624778,3217,100.6546401977539
1772026297.1082761,3218,111.060546875
1772026308.4400632,3219,122.4278564453125
1772026318.181284,3220,112.70063018798828
1772026321.3928225,3221,105.6267318725586
1772026325.768673,3222,116.22703552246094
1772026328.107403,3223,106.52456665039062
1772026335.2745922,3224,111.08064270019531
1772026347.1758308,3225,116.14425659179688
1772026348.7915533,3226,109.08808135986328
1772026353.5795066,3227,105.476318359375
1772026464.009749,3228,128.05984497070312
1772026472.517504,3229,112.54986572265625
1772026479.9496698,3230,122.08843231201172
1772026480.0756836,3231,79.54180145263672
1772026496.4689593,3232,115.92340087890625
1772026503.5107348,3233,123.36656188964844
1772026503.636284,3234,91.17343139648438
1772026506.8949752,3235,102.54800415039062
1772026510.864026,3236,109.49823760986328
1772026514.90228,3237,106.1567611694336
1772026518.196558,3238,104.8338394165039
1772026518.5840404,3239,81.0420913696289
1772026526.5077763,3240,118.17086791992188
1772026529.8153293,3241,107.6187515258789
1772026532.662936,3242,104.43485260009766
1772026542.280242,3243,114.51842498779297
1772026563.9902835,3244,112.18374633789062
1772026567.3475149,3245,99.8951644897461
1772026574.8731384,3246,101.2835693359375
1772026575.0014887,3247,103.63983917236328
1772026585.6094444,3248,105.46774291992188
1772026607.3689516,3249,115.22608184814453
1772026617.7801762,3250,109.82176971435547
1772026632.2696762,3251,106.97286987304688
1772026647.0139866,3252,108.7116470336914
1772026659.6504347,3253,119.66852569580078
1772026659.7883785,3254,67.21868133544922
1772026673.3423128,3255,118.44115447998047
1772026676.683618,3256,110.13587951660156
1772026691.555831,3257,109.84901428222656
1772026698.734883,3258,111.23814392089844
1772026701.8914633,3259,108.35470581054688
1772026702.0291362,3260,77.0078125
1772026702.161104,3261,82.1617431640625
1772026717.2348554,3262,114.65316772460938
1772026717.3699634,3263,72.2576904296875
1772026723.5288177,3264,118.698486328125
1772026744.1713054,3265,121.48699188232422
1772026755.0289724,3266,124.579833984375
1772026778.1682293,3267,115.62225341796875
1772026898.2944689,3268,107.62144470214844
1772026906.6146312,3269,113.06654357910156
1772026914.4824371,3270,112.16077423095703
1772026918.0092556,3271,110.23632049560547
1772026922.4100735,3272,109.1101303100586
1772026923.4986458,3273,108.40240478515625
1772026925.5115566,3274,120.22168731689453
1772026952.0232491,3275,113.80252075195312
1772026985.8178337,3276,119.09051513671875
1772026994.1340032,3277,115.37512969970703
1772027002.4503365,3278,113.97230529785156
1772027012.0506454,3279,122.35411834716797
1772027020.5022962,3280,115.04633331298828
1772027023.8493104,3281,108.8095932006836
1772027043.289983,3282,115.08389282226562
1772027046.7508514,3283,113.58731842041016
1772027056.0694213,3284,114.81201171875
1772027061.1008935,3285,112.38494110107422
1772027070.0974185,3286,110.62049102783203
1772027073.540326,3287,119.99446868896484
1772027078.051886,3288,110.7989730834961
1772027085.5478508,3289,117.56533813476562
1772027095.195328,3290,115.4849853515625
1772027096.6178384,3291,121.8406753540039
1772027099.2432678,3292,113.75177764892578
1772027102.7314365,3293,121.32230377197266
1772027113.2926862,3294,112.53079223632812
1772027113.71173,3295,85.60066223144531
1772027113.8401546,3296,48.37126159667969
1772027125.5475442,3297,124.6309585571289
1772027129.309544,3298,114.6083984375
1772027146.2507818,3299,114.12256622314453
1772027161.004668,3300,112.8973159790039
1772027180.8622813,3301,122.03414916992188
1772027195.2382095,3302,109.62236785888672
1772027205.8631527,3303,113.7733383178711
