wall_time,step,value
1772792293.1991255,1,247.2222137451172
1772792301.7622993,2,76.85086059570312
1772792306.371759,3,43.224159240722656
1772792309.436792,4,45.600120544433594
1772792313.304578,5,55.801612854003906
1772792320.8070035,6,35.44535446166992
1772792322.0495288,7,110.38414764404297
1772792322.4107785,8,192.3397674560547
1772792329.7307272,9,71.65724182128906
1772792338.4210386,10,67.83294677734375
1772792341.4545853,11,50.12264633178711
1772792352.3705473,12,36.68519973754883
1772792356.752288,13,42.894649505615234
1772792360.6967523,14,50.34402847290039
1772792364.6287105,15,36.49089813232422
1772792369.5454392,16,34.81239318847656
1772792372.9336777,17,49.8383903503418
1772792379.0303843,18,27.220375061035156
1772792390.6148658,19,26.52180290222168
1772792404.2287476,20,30.484050750732422
1772792408.8416853,21,37.284156799316406
1772792420.177672,22,24.843313217163086
1772792429.5781214,23,33.124935150146484
1772792445.3230367,24,20.77839469909668
1772792454.8935294,25,17.556699752807617
1772792460.7118278,26,23.089506149291992
1772792463.8204367,27,37.928077697753906
1772792466.9181015,28,40.1319465637207
1772792473.3903663,29,24.58108901977539
1772792477.8432288,30,32.150150299072266
1772792479.8555543,31,15.165369987487793
1772792487.0709453,32,30.703014373779297
1772792494.3370273,33,32.497249603271484
1772792533.023449,34,33.44052505493164
1772792536.4225354,35,29.658048629760742
1772792541.5045116,36,17.994218826293945
1772792548.803683,37,21.16997718811035
1772792555.5769122,38,22.284345626831055
1772792580.4850667,39,39.61766815185547
1772792587.494918,40,26.445497512817383
1772792607.8814807,41,42.536746978759766
1772792842.4697912,42,51.07789611816406
1772792848.583608,43,27.265605926513672
1772792850.35006,44,58.756011962890625
1772792861.3886142,45,31.462289810180664
1772792867.463545,46,44.10735321044922
1772792880.2922482,47,29.136518478393555
1772792886.3194823,48,46.385921478271484
1772792895.6197698,49,38.35053253173828
1772792901.1963234,50,42.04704284667969
1772792907.6612427,51,20.792678833007812
1772792923.314748,52,35.19626998901367
1772792931.4586377,53,40.331298828125
1772792934.2197742,54,25.56087875366211
1772792939.881352,55,42.927520751953125
1772792940.5473769,56,87.92425537109375
1772792960.4898548,57,42.089778900146484
1772792971.5995162,58,31.99988555908203
1772792980.0062952,59,33.5397834777832
1772792992.414696,60,29.382587432861328
1772792992.5776958,61,2.4486441612243652
1772793007.755486,62,30.98403549194336
1772793012.8300147,63,61.93492126464844
1772793016.2575526,64,21.005144119262695
1772793024.355897,65,37.158992767333984
1772793024.4850562,66,1.9632269144058228
1772793040.7078905,67,42.41164016723633
1772793048.2570972,68,36.86294174194336
1772793052.6646836,69,40.10401153564453
1772793061.0354266,70,31.299816131591797
1772793071.620528,71,48.22270202636719
1772793074.400483,72,43.44709014892578
1772793084.3108547,73,53.718265533447266
1772793090.608515,74,36.925838470458984
1772793093.7802386,75,31.69268226623535
1772793109.0614238,76,39.02592468261719
1772793109.5487986,77,4.392965316772461
1772793109.672165,78,5.2289018630981445
1772793120.9801462,79,27.00145721435547
1772793122.3447573,80,28.819873809814453
1772793130.4984138,81,54.62773895263672
1772793228.5277681,82,58.806175231933594
1772793237.8376236,83,40.81947326660156
1772793254.4711554,84,45.75439453125
1772793257.690267,85,34.76817321777344
1772793260.8678784,86,24.188276290893555
1772793267.8742125,87,49.69887161254883
1772793270.487533,88,32.60610580444336
1772793276.197383,89,38.79678726196289
1772793277.6669943,90,4.885354518890381
1772793288.2369733,91,43.629676818847656
1772793288.853768,92,53.875736236572266
1772793296.6808066,93,44.64317321777344
1772793306.5018826,94,39.77457809448242
1772793314.6477408,95,71.34564971923828
1772793332.2560387,96,40.825294494628906
1772793338.2790356,97,49.79615020751953
1772793342.6501303,98,59.02608108520508
1772793344.1808078,99,34.139339447021484
1772793344.3025105,100,7.287569046020508
1772793368.568298,101,43.929298400878906
1772793379.6061027,102,54.64210891723633
1772793382.957916,103,66.19499206542969
1772793384.6878786,104,23.881649017333984
1772793394.9592712,105,37.489166259765625
1772793398.3233783,106,80.31157684326172
1772793411.8948326,107,54.91192626953125
1772793431.3673193,108,53.304100036621094
1772793431.8537612,109,5.312559127807617
1772793441.0140262,110,47.09413146972656
1772793462.895224,111,52.41946792602539
1772793472.99871,112,42.133209228515625
1772793484.8983235,113,44.838966369628906
1772793486.7035336,114,67.4324951171875
1772793515.7513597,115,54.855167388916016
1772793521.0001583,116,63.2283821105957
1772793522.1757865,117,53.1229133605957
1772793525.3186505,118,56.510616302490234
1772793706.5742695,119,57.2533073425293
1772793708.785051,120,44.31833267211914
1772793710.383478,121,78.16437530517578
1772793725.714537,122,60.33818817138672
1772793735.0321307,123,55.682373046875
1772793739.0934095,124,36.89725112915039
1772793779.4174404,125,50.18903350830078
1772793782.5478866,126,29.007545471191406
1772793791.6366682,127,50.2286262512207
1772793802.757755,128,44.3521614074707
1772793805.972238,129,61.649044036865234
1772793810.4062448,130,52.96198272705078
1772793814.2334323,131,52.89706802368164
1772793817.3220217,132,74.22846221923828
1772793823.2939427,133,46.675811767578125
1772793842.9240632,134,54.55022048950195
1772793843.7030728,135,58.364166259765625
1772793859.735968,136,44.99617385864258
1772793864.4364371,137,72.66847229003906
1772793867.6335502,138,47.15273666381836
1772793879.2145226,139,47.70292663574219
1772793882.7966616,140,35.703426361083984
1772793887.7892206,141,42.985660552978516
1772793899.7278144,142,35.61274719238281
1772793903.9214716,143,54.014015197753906
1772793907.116874,144,51.24809265136719
1772793910.2792158,145,63.961029052734375
1772793914.4426188,146,46.61865997314453
1772793921.5815527,147,48.57335662841797
1772793924.8094363,148,79.07166290283203
1772793934.1602812,149,51.96257019042969
1772793934.2846453,150,10.891707420349121
1772793940.1435044,151,42.1815185546875
1772793943.3942177,152,65.79595947265625
1772793951.4300485,153,44.55937957763672
1772793959.584751,154,39.82583999633789
1772793960.7339923,155,82.95874786376953
1772793980.835328,156,62.02006149291992
1772793984.8729968,157,87.32218933105469
1772793988.7148466,158,86.28868865966797
1772793991.9073458,159,43.821739196777344
1772793994.6008387,160,32.34031677246094
1772793994.898173,161,8.092927932739258
1772794005.4940543,162,41.632102966308594
1772794021.6936846,163,48.055152893066406
1772794127.8145483,164,68.79773712158203
1772794140.4998198,165,60.069332122802734
1772794140.6214375,166,3.634195327758789
1772794146.5643804,167,47.15848922729492
1772794146.6922326,168,4.681473255157471
1772794149.827852,169,39.78712844848633
1772794157.837064,170,62.23401641845703
1772794194.1941488,171,52.2555046081543
1772794200.3392038,172,64.55747985839844
1772794203.6812482,173,39.158443450927734
1772794214.930536,174,61.29470443725586
1772794253.0167801,175,45.97395324707031
1772794260.6144044,176,57.87188720703125
1772794264.9935982,177,48.691097259521484
1772794286.118441,178,51.59646987915039
1772794289.917962,179,46.90734100341797
1772794305.6019568,180,37.6023063659668
1772794310.4425755,181,65.29561614990234
1772794315.2295175,182,60.94279479980469
1772794325.195389,183,43.496639251708984
1772794369.491414,184,53.840763092041016
1772794375.7816744,185,55.22167205810547
1772794402.8589222,186,47.45454788208008
1772794407.8777268,187,50.11045455932617
1772794487.1832674,188,82.4685287475586
1772794496.4277365,189,43.7921028137207
1772794501.8919337,190,48.80466079711914
1772794502.3723261,191,13.96777057647705
1772794513.1276248,192,55.46967697143555
1772794514.8324168,193,107.92031860351562
1772794530.4134538,194,54.17589569091797
1772794533.351084,195,82.71588134765625
1772794545.4793704,196,52.340904235839844
1772794558.1967914,197,45.75802230834961
1772794570.4294653,198,63.45573425292969
1772794574.1663787,199,38.49837875366211
1772794610.7712374,200,47.57918930053711
1772794619.8150947,201,75.35713958740234
1772794627.7120872,202,42.03974914550781
1772794660.0713553,203,52.63379669189453
1772794666.3337657,204,62.61503219604492
1772794668.454179,205,14.203259468078613
1772794692.8516781,206,53.42426300048828
1772794697.1975834,207,55.80253601074219
1772794708.139926,208,40.880279541015625
1772794731.4758592,209,48.84770202636719
1772794734.3445039,210,83.67814636230469
1772794736.3644323,211,31.60985565185547
1772794740.450343,212,59.24249267578125
1772794744.5990362,213,46.82461166381836
1772794767.7222278,214,39.234039306640625
1772794770.896722,215,32.62673568725586
1772794774.2794063,216,31.813581466674805
1772794774.879303,217,57.746131896972656
1772794780.8055482,218,28.508464813232422
1772794878.977826,219,58.2261848449707
1772794882.210523,220,32.823280334472656
1772794891.2329192,221,61.66914749145508
1772794893.9230182,222,56.99596405029297
1772794911.613388,223,48.57712936401367
1772794911.7444797,224,11.828496932983398
1772794915.588941,225,38.90296173095703
1772794918.7054708,226,15.41053581237793
1772794924.712526,227,66.65444946289062
1772794924.8414106,228,5.816271781921387
1772794943.2396357,229,47.856781005859375
1772794946.489002,230,54.591217041015625
1772794949.580128,231,34.33207702636719
1772794952.1524131,232,84.29931640625
1772794952.2752957,233,5.64561653137207
1772794955.5060995,234,40.14687728881836
1772794957.4582987,235,28.220529556274414
1772794963.197896,236,54.50130081176758
1772794966.3913367,237,45.549468994140625
1772794971.4612355,238,37.63578796386719
1772794979.882046,239,54.005950927734375
1772794980.0051398,240,43.66044616699219
1772794983.695071,241,33.11648941040039
1772795032.5549307,242,59.41261291503906
1772795037.1321278,243,60.63441467285156
1772795047.853492,244,65.77167510986328
1772795050.9617703,245,52.412147521972656
1772795054.5482306,246,38.33557891845703
1772795080.0934904,247,46.533817291259766
1772795083.224408,248,44.040916442871094
1772795090.8505452,249,39.36020278930664
1772795095.3114662,250,47.9682502746582
1772795100.3497052,251,56.49317169189453
1772795100.4790177,252,14.454145431518555
1772795109.738153,253,43.139869689941406
1772795110.6350715,254,48.954776763916016
1772795115.6712763,255,74.68049621582031
1772795115.856254,256,14.73502254486084
1772795122.1143925,257,57.623355865478516
1772795125.7728782,258,53.926273345947266
1772795132.6573257,259,39.63711166381836
1772795149.9767392,260,57.540592193603516
1772795162.0208364,261,51.85818099975586
1772795165.1248932,262,42.85390853881836
1772795182.859972,263,41.089691162109375
1772795328.1768484,264,53.78978729248047
1772795340.9323092,265,61.33391189575195
1772795346.72783,266,41.03688049316406
1772795355.0953279,267,43.39000701904297
1772795355.5966902,268,103.59673309326172
1772795371.1869013,269,45.50733184814453
1772795371.3094409,270,9.443116188049316
1772795384.231246,271,38.44945526123047
1772795408.4410908,272,54.27640914916992
1772795412.119317,273,92.68819427490234
1772795417.0498993,274,57.0605583190918
1772795424.7290297,275,51.55805969238281
1772795433.5401213,276,67.8451156616211
1772795438.2873542,277,32.69828796386719
1772795443.3780673,278,76.670166015625
1772795449.6017263,279,43.9077262878418
1772795470.9092436,280,64.74359130859375
1772795471.8591037,281,59.00651168823242
1772795493.919406,282,62.78368377685547
1772795496.9922135,283,78.56430053710938
1772795498.1785057,284,45.046226501464844
1772795501.261339,285,52.59602355957031
1772795506.8494766,286,72.76776885986328
1772795510.551524,287,36.86381912231445
1772795518.151609,288,65.29908752441406
1772795521.546484,289,43.53822326660156
1772795547.767134,290,64.45164489746094
1772795555.1368005,291,63.20030212402344
1772795557.3871934,292,77.72224426269531
1772795568.7997832,293,60.2226676940918
1772795593.6210268,294,57.57769012451172
1772795596.1384246,295,59.26105880737305
1772795610.10226,296,47.80913543701172
1772795614.9976597,297,68.99736022949219
1772795640.0446305,298,45.825767517089844
1772795721.3629704,299,53.78804016113281
1772795727.9536393,300,66.06824493408203
1772795741.075427,301,56.32678985595703
1772795748.0818224,302,63.277923583984375
1772795748.7693317,303,9.283722877502441
1772795749.510141,304,77.59921264648438
1772795761.7058988,305,68.55802917480469
1772795766.446573,306,63.822059631347656
1772795770.8877459,307,64.14944458007812
1772795774.4184253,308,47.77277374267578
1772795778.7369843,309,37.92647933959961
1772795791.4799454,310,54.322723388671875
1772795800.1161277,311,66.01654815673828
1772795810.1020036,312,42.267784118652344
1772795823.7443624,313,43.664241790771484
1772795858.1967077,314,55.132022857666016
1772795859.4272902,315,45.220436096191406
1772795873.3177452,316,64.13179016113281
1772795882.3536649,317,69.7813491821289
1772795885.465755,318,20.140100479125977
1772795892.7809772,319,46.4923210144043
1772795906.6576698,320,49.25381088256836
1772795909.789036,321,31.386430740356445
1772795922.2604005,322,56.177371978759766
1772795935.7035575,323,51.65797424316406
1772795942.4762607,324,64.28600311279297
1772795957.4479518,325,52.12077331542969
1772795976.7539907,326,41.32323455810547
1772795988.613236,327,58.28634262084961
1772795996.7063756,328,53.57779312133789
1772796053.800514,329,53.3723030090332
1772796062.1552355,330,50.60463333129883
1772796073.6806533,331,50.4034309387207
1772796076.5628247,332,46.02837371826172
1772796084.2973466,333,46.783592224121094
1772796087.478798,334,78.30805206298828
1772796091.5132153,335,59.6522216796875
1772796101.7428646,336,54.737815856933594
1772796104.3073497,337,32.921817779541016
1772796105.391413,338,95.68817138671875
1772796108.6430392,339,83.61210632324219
1772796111.309955,340,24.115211486816406
1772796116.1729136,341,17.156816482543945
1772796126.943727,342,50.32671356201172
1772796161.8659286,343,58.958595275878906
1772796167.1905746,344,33.68646240234375
1772796173.149354,345,74.84664916992188
1772796174.7496939,346,62.47490310668945
1772796189.9906087,347,47.60226058959961
1772796198.8285158,348,64.8611068725586
1772796198.952053,349,14.419193267822266
1772796208.735551,350,57.74713134765625
1772796224.4689183,351,50.50471878051758
1772796240.2388124,352,56.02436065673828
1772796247.011022,353,42.61326217651367
1772796258.60222,354,61.140769958496094
1772796259.346932,355,178.81460571289062
1772796260.1496933,356,48.450469970703125
1772796278.668739,357,57.590579986572266
1772796283.7982,358,62.10295867919922
1772796287.905138,359,29.252941131591797
1772796292.6340795,360,61.3470344543457
1772796293.255203,361,10.444282531738281
1772796312.6522837,362,47.525611877441406
1772796315.8063781,363,53.30686569213867
1772796326.6445944,364,51.39938735961914
1772796337.327694,365,45.330322265625
1772796338.4441416,366,11.047882080078125
1772796341.687899,367,40.194393157958984
1772796437.124863,368,33.72336196899414
1772796440.527709,369,41.362579345703125
1772796447.0251095,370,67.3502197265625
1772796451.5703676,371,30.307950973510742
1772796470.9869945,372,54.24371337890625
1772796484.5932486,373,60.607032775878906
1772796501.770765,374,51.72153091430664
1772796512.5188622,375,62.939308166503906
1772796522.6667762,376,50.69780349731445
1772796528.2652466,377,79.40037536621094
1772796533.4459121,378,61.46253204345703
1772796536.7703125,379,33.972232818603516
1772796539.8876727,380,56.89986038208008
1772796549.7460742,381,57.36772918701172
1772796569.3467784,382,55.45182418823242
1772796601.6880574,383,60.42984390258789
1772796608.7051218,384,33.537105560302734
1772796608.832037,385,20.041034698486328
1772796614.3874772,386,80.4529800415039
1772796630.3286123,387,58.54420471191406
1772796643.1604228,388,70.7149429321289
1772796646.3244326,389,56.67860794067383
1772796648.1004367,390,61.7137565612793
1772796651.2771947,391,36.89720916748047
1772796657.8429925,392,46.25607681274414
1772796708.8836043,393,60.397735595703125
1772796730.8291996,394,52.4652099609375
1772796736.5589192,395,56.39860534667969
1772796758.9738107,396,45.495113372802734
1772796831.981705,397,50.82421875
1772796843.8381448,398,56.07426452636719
1772796847.6719096,399,56.04135513305664
1772796854.9932058,400,67.11894989013672
1772796865.9181068,401,42.926578521728516
1772796903.3211236,402,55.576698303222656
1772796906.8544486,403,31.16288948059082
1772796910.2153804,404,81.30885314941406
1772796916.9922113,405,41.516536712646484
1772796922.7356935,406,62.51437759399414
1772796943.921602,407,53.30034637451172
1772796949.1297925,408,66.4085464477539
1772796953.5838394,409,52.41547775268555
1772796971.4143913,410,59.122798919677734
1772796996.6707811,411,49.64382553100586
1772797004.831079,412,55.1227912902832
1772797010.0298715,413,53.945499420166016
1772797028.2274687,414,44.6337776184082
1772797049.2690146,415,62.80842971801758
1772797063.8177345,416,50.925575256347656
1772797069.1550121,417,41.061767578125
1772797071.928049,418,59.75133514404297
1772797074.980084,419,93.66020202636719
1772797077.9345553,420,53.53749084472656
1772797086.7080638,421,61.862911224365234
1772797096.6442673,422,47.48738479614258
1772797097.7909565,423,81.24694061279297
1772797104.2945738,424,42.85828399658203
1772797148.7752793,425,65.27599334716797
1772797158.5501523,426,57.162513732910156
1772797168.232644,427,53.902130126953125
1772797181.923395,428,59.42775344848633
1772797188.7525713,429,65.44351959228516
1772797190.3287084,430,32.30217361450195
1772797192.651606,431,58.46200180053711
1772797209.5847733,432,66.49234008789062
1772797221.6392572,433,67.33222961425781
1772797221.8315876,434,14.775056838989258
1772797225.4326665,435,52.83384704589844
1772797236.4473178,436,79.18850708007812
1772797273.1194406,437,51.76543045043945
1772797277.5149674,438,65.34131622314453
1772797281.3211026,439,65.30073547363281
1772797281.4459755,440,16.762706756591797
1772797295.9457645,441,60.47522735595703
1772797316.0476286,442,54.17316818237305
1772797316.9758127,443,30.2261905670166
1772797325.3303692,444,70.29102325439453
1772797358.755271,445,41.47297668457031
1772797373.7040997,446,63.42913055419922
1772797381.0428145,447,59.53807830810547
1772797381.1668572,448,24.404861450195312
1772797385.2847812,449,66.42322540283203
1772797389.0740812,450,42.084190368652344
1772797399.445399,451,52.95086669921875
1772797404.7478426,452,30.01675796508789
1772797411.0478537,453,46.35418701171875
1772797430.4831007,454,66.05830383300781
1772797439.8915253,455,44.69599533081055
1772797442.9984677,456,41.89500427246094
1772797594.8053863,457,59.645755767822266
1772797595.0545201,458,10.900896072387695
1772797611.1238973,459,62.089290618896484
1772797636.0076783,460,59.805328369140625
1772797640.7627766,461,54.0778923034668
1772797644.4887056,462,53.87856674194336
1772797652.2486925,463,36.6514892578125
1772797675.8021567,464,54.12286376953125
1772797676.2299411,465,90.19544982910156
1772797680.509686,466,57.04265594482422
1772797691.7665443,467,77.79652404785156
1772797700.9831433,468,86.69622802734375
1772797704.5868351,469,28.497400283813477
1772797732.4903688,470,63.000099182128906
1772797743.363549,471,46.00564193725586
1772797750.1253633,472,54.149513244628906
1772797757.5694954,473,65.7025146484375
1772797773.1736803,474,59.069942474365234
1772797790.132458,475,48.216548919677734
1772797799.398077,476,52.527225494384766
1772797808.8972723,477,64.51453399658203
1772797814.3948224,478,59.13297653198242
1772797815.5246065,479,15.377873420715332
1772797825.1863832,480,57.687599182128906
1772797830.3897998,481,76.3946533203125
1772797833.5168517,482,58.24570083618164
1772797833.6419535,483,11.18510627746582
1772797836.8690128,484,41.606903076171875
1772797855.1372485,485,50.12745666503906
1772797882.7406347,486,53.550167083740234
1772797949.8904555,487,31.437175750732422
1772797950.0219946,488,6.489658832550049
1772797969.6395884,489,58.32374954223633
1772797977.7709746,490,66.66334533691406
1772797983.0448644,491,90.70071411132812
1772797989.4595342,492,40.56135177612305
1772798031.799514,493,67.97705078125
1772798031.9257097,494,10.130799293518066
1772798032.434047,495,114.04718017578125
1772798036.0880387,496,64.98236846923828
1772798041.6136117,497,62.32770919799805
1772798057.0272036,498,55.7136344909668
1772798058.1487625,499,52.36758804321289
1772798068.051814,500,54.7751579284668
1772798071.1346593,501,76.51371765136719
1772798083.2076147,502,53.99681091308594
1772798089.7950299,503,81.15003204345703
1772798109.3249195,504,78.81439971923828
1772798125.3609915,505,64.59957885742188
1772798128.9293408,506,66.5533218383789
1772798129.8420625,507,18.247638702392578
1772798131.9487834,508,65.6617431640625
1772798135.2186074,509,31.621742248535156
1772798155.9555697,510,68.41180419921875
1772798161.246766,511,73.67473602294922
1772798164.8690028,512,66.58781433105469
1772798169.7701483,513,81.23810577392578
1772798176.5779858,514,80.21686553955078
1772798184.6810124,515,57.74673843383789
1772798189.6999354,516,47.31875991821289
1772798195.2460504,517,56.968990325927734
1772798231.5379016,518,61.649085998535156
1772798241.1650553,519,72.9395980834961
1772798246.5690873,520,34.70551300048828
1772798263.0411012,521,58.19951629638672
1772798419.2081113,522,61.96123123168945
1772798428.08296,523,49.98556900024414
1772798431.3540952,524,87.43738555908203
1772798440.173953,525,66.05957794189453
1772798443.9396665,526,97.0824203491211
1772798452.1317325,527,53.56918716430664
1772798463.8168592,528,73.4991226196289
1772798468.3281374,529,71.80130004882812
1772798499.7944727,530,62.444522857666016
1772798510.9243686,531,46.35630416870117
1772798536.3688314,532,64.84872436523438
1772798540.9293354,533,45.820308685302734
1772798542.7983744,534,91.6386947631836
1772798545.171432,535,28.349882125854492
1772798548.6666386,536,60.31941223144531
1772798560.996866,537,69.30936431884766
1772798562.5074399,538,103.59896087646484
1772798576.1467285,539,52.25046157836914
1772798582.8564534,540,55.57183074951172
1772798630.103193,541,58.620906829833984
1772798633.3179746,542,79.29100036621094
1772798645.5585034,543,55.26353454589844
1772798717.0295277,544,60.979331970214844
1772798841.635638,545,59.023990631103516
1772798893.8157012,546,59.303104400634766
1772798914.6881094,547,56.770355224609375
1772798937.469454,548,65.99049377441406
1772798944.8738797,549,35.011329650878906
1772798963.0516706,550,56.8857536315918
1772798995.3403773,551,60.79513168334961
1772799001.2980516,552,80.33055877685547
1772799019.9346433,553,74.69109344482422
1772799037.343943,554,47.66111755371094
1772799042.4849675,555,48.21219253540039
1772799045.6893919,556,58.321678161621094
1772799051.7600827,557,58.551700592041016
1772799071.3069036,558,64.27340698242188
1772799078.0289905,559,60.84366989135742
1772799092.7799847,560,54.37628936767578
1772799099.58617,561,90.39288330078125
1772799107.8263414,562,66.89315795898438
1772799235.561867,563,56.358642578125
1772799243.8104029,564,47.983524322509766
1772799251.507635,565,76.3728256225586
1772799281.9494455,566,60.15874481201172
1772799291.2391047,567,74.87625122070312
1772799299.6926506,568,78.01375579833984
1772799312.4514163,569,84.57720947265625
1772799325.140842,570,65.40673828125
1772799332.647553,571,73.16610717773438
1772799335.7213671,572,103.04654693603516
1772799340.0777032,573,92.32249450683594
1772799342.8882115,574,91.92020416259766
1772799346.0188866,575,36.40168380737305
1772799346.144546,576,499.46466064453125
1772799354.8608744,577,50.84196472167969
1772799366.9915078,578,79.08330535888672
1772799373.1366432,579,62.765201568603516
1772799376.779995,580,56.54179763793945
1772799377.5138454,581,170.1859893798828
1772799391.1676657,582,55.196468353271484
1772799402.5169137,583,55.30220031738281
1772799424.9619997,584,67.99136352539062
1772799443.93861,585,73.28949737548828
1772799454.126106,586,68.08663940429688
1772799459.7197149,587,48.448490142822266
1772799462.7989254,588,63.78550720214844
1772799466.6041467,589,86.21498107910156
1772799495.711022,590,67.70838928222656
1772799498.8239415,591,79.91795349121094
1772799510.3427472,592,82.01210021972656
1772799525.4266782,593,72.12107849121094
1772799607.3161914,594,75.70722961425781
1772799615.5384028,595,85.2566909790039
1772799626.168962,596,67.16744995117188
1772799640.4250002,597,56.910892486572266
1772799660.6074703,598,49.239627838134766
1772799666.3760965,599,59.433860778808594
1772799670.9987094,600,68.40689849853516
1772799680.3328001,601,66.34278869628906
1772799700.2293174,602,55.18732833862305
1772799707.3694441,603,76.55856323242188
1772799707.6238766,604,12.107942581176758
1772799710.6714227,605,57.049407958984375
1772799713.5051937,606,73.4884033203125
1772799721.3294525,607,48.4563102722168
1772799726.5473633,608,58.14493942260742
1772799738.3725736,609,59.83027648925781
1772799745.2100446,610,64.69265747070312
1772799752.3130574,611,52.84808349609375
1772799752.67889,612,12.99358081817627
1772799762.672031,613,64.00128173828125
1772799766.7538056,614,65.80120086669922
1772799773.2623377,615,111.61395263671875
1772799777.6143925,616,50.28330612182617
1772799782.8779705,617,62.72203826904297
1772799783.630827,618,161.09483337402344
1772799785.377705,619,82.87738800048828
1772799790.4553854,620,25.8364315032959
1772799801.2211776,621,70.38407897949219
1772799804.3748982,622,39.297698974609375
1772799810.4824052,623,99.38902282714844
1772799833.8590124,624,60.555572509765625
1772799846.0400112,625,57.901920318603516
1772799849.8589706,626,76.34895324707031
1772799856.6504917,627,61.25689697265625
1772799865.185598,628,66.63884735107422
1772799873.7086785,629,68.62637329101562
1772799880.5916355,630,69.4589614868164
1772799883.7581148,631,38.43721389770508
1772799891.4715168,632,86.8543472290039
1772799901.574199,633,52.81481170654297
1772800058.7437146,634,61.6368293762207
1772800078.792015,635,52.323909759521484
1772800078.9177537,636,32.87384033203125
1772800097.367917,637,76.88028717041016
1772800103.8228834,638,51.36228942871094
1772800108.0722258,639,68.20523834228516
1772800128.6971374,640,68.66788482666016
1772800132.2410457,641,56.429100036621094
1772800142.1056793,642,68.59624481201172
1772800151.3919728,643,66.2264404296875
1772800165.6638484,644,83.30965423583984
1772800171.3212357,645,64.64852905273438
1772800176.421566,646,36.35561752319336
1772800177.4370399,647,26.144203186035156
1772800180.2352057,648,106.1739501953125
1772800183.5381048,649,58.35639572143555
1772800198.8669806,650,55.97433090209961
1772800204.5898573,651,58.268531799316406
1772800213.9920263,652,73.1427230834961
1772800218.8906112,653,94.53115844726562
1772800221.9711254,654,50.159576416015625
1772800233.6232655,655,50.360939025878906
1772800240.7773092,656,83.79855346679688
1772800256.0069332,657,90.51827239990234
1772800271.2175984,658,56.52423858642578
1772800277.1906576,659,66.24958801269531
1772800281.885835,660,69.76783752441406
1772800285.123354,661,79.5396728515625
1772800289.936237,662,97.04475402832031
1772800298.4647086,663,79.67509460449219
1772800304.427715,664,48.97471618652344
1772800315.3809326,665,72.78568267822266
1772800322.883538,666,56.529762268066406
1772800327.8489873,667,55.66187286376953
1772800339.6216848,668,67.4802474975586
1772800362.707576,669,73.899169921875
1772800558.59179,670,11.104729652404785
1772800561.6555798,671,83.81413269042969
1772800583.6733675,672,73.49665832519531
1772800586.7873914,673,117.71532440185547
1772800594.2090967,674,60.298587799072266
1772800639.4352217,675,75.03948974609375
1772800659.9217644,676,54.535430908203125
1772800668.8685718,677,96.16593933105469
1772800672.3843055,678,38.305877685546875
1772800672.6254892,679,185.1402130126953
1772800701.1711423,680,70.07998657226562
1772800710.0783646,681,63.6563720703125
1772800711.9749398,682,71.52084350585938
1772800715.9112716,683,88.39752960205078
1772800724.3340836,684,63.07696533203125
1772800728.0673773,685,101.86902618408203
1772800750.5469632,686,58.29286575317383
1772800753.0623758,687,43.75014114379883
1772800760.8688092,688,68.5576171875
1772800767.3009439,689,107.87797546386719
1772800773.3238776,690,55.26860427856445
1772800778.8527498,691,93.91871643066406
1772800778.9750242,692,13.273088455200195
1772800793.6016417,693,76.3894271850586
1772800815.5626001,694,61.592926025390625
1772800827.658504,695,72.21551513671875
1772800849.4898226,696,85.03520202636719
1772801008.3050642,697,64.91334533691406
1772801009.317656,698,38.927635192871094
1772801016.4218988,699,59.015342712402344
1772801032.6940491,700,58.0428581237793
1772801041.8083704,701,45.78485107421875
1772801044.9337254,702,83.46229553222656
1772801048.5481675,703,79.24740600585938
1772801053.7683709,704,60.92909622192383
1772801054.188305,705,161.6269989013672
1772801076.921224,706,77.63632202148438
1772801079.998143,707,40.83005142211914
1772801089.0914156,708,53.834495544433594
1772801097.1566072,709,94.4416275024414
1772801112.8840663,710,64.5696792602539
1772801129.8267128,711,72.74544525146484
1772801133.8913507,712,56.59112548828125
1772801150.95281,713,69.91836547851562
1772801155.0112128,714,32.25680160522461
1772801164.629074,715,77.92195129394531
1772801184.8661947,716,66.28980255126953
1772801221.1119092,717,71.21308898925781
1772801224.1952114,718,86.70528411865234
1772801225.9385011,719,53.22463607788086
1772801244.90083,720,63.39314270019531
1772801246.4329522,721,67.77454376220703
1772801268.121076,722,68.29002380371094
1772801272.5672607,723,67.13756561279297
1772801280.5812962,724,85.56135559082031
1772801281.356012,725,83.55087280273438
1772801285.2280684,726,33.087860107421875
1772801296.9622462,727,51.81727600097656
1772801415.073596,728,83.50708770751953
1772801418.180761,729,60.79825210571289
1772801464.7038965,730,68.33494567871094
1772801469.6930597,731,81.79741668701172
1772801473.0033014,732,84.8082046508789
1772801478.4245179,733,85.35530090332031
1772801481.67942,734,56.83247375488281
1772801492.192165,735,98.846923828125
1772801501.141629,736,66.7974624633789
1772801504.2422004,737,100.05802917480469
1772801515.5980957,738,75.0211410522461
1772801520.4160109,739,67.00952911376953
1772801523.239527,740,25.702991485595703
1772801526.514892,741,74.04545593261719
1772801536.9823034,742,79.3375244140625
1772801550.027976,743,69.73693084716797
1772801555.1221683,744,105.62640380859375
1772801555.2810853,745,12.978309631347656
1772801559.9902725,746,73.61014556884766
1772801572.7970226,747,84.35236358642578
1772801598.7353175,748,79.87969207763672
1772801603.9787893,749,85.9043197631836
1772801607.7910142,750,100.74786376953125
1772801633.354301,751,62.01905822753906
1772801640.0125422,752,48.73441696166992
1772801641.4694097,753,174.97348022460938
1772801647.2712052,754,37.5528564453125
1772801653.4528973,755,96.60297393798828
1772801655.8332064,756,28.181171417236328
1772801663.028228,757,77.47698974609375
1772801668.7480044,758,57.08525848388672
1772801674.7450016,759,69.17861938476562
1772801685.2845216,760,51.18744659423828
1772801698.0994573,761,51.06203079223633
1772801859.1091468,762,105.28511047363281
1772801862.7253094,763,52.619632720947266
1772801865.8047128,764,88.96968841552734
1772801870.6691296,765,78.0826187133789
1772801873.7384176,766,76.44647216796875
1772801880.6633928,767,55.40016555786133
1772801893.3439612,768,45.2035026550293
1772801903.076118,769,76.39631652832031
1772801905.5533385,770,74.86427307128906
1772801905.678834,771,16.713069915771484
1772801913.4296236,772,79.77010345458984
1772801976.575904,773,68.45585632324219
1772801981.9423862,774,66.63697814941406
1772801986.7269926,775,68.30489349365234
1772802008.2908654,776,76.3934097290039
1772802013.5208044,777,47.27908706665039
1772802044.0234282,778,85.01026153564453
1772802050.8547027,779,101.52633666992188
1772802056.971901,780,125.0118179321289
1772802060.0649893,781,90.84523010253906
1772802070.4083064,782,62.91948318481445
1772802075.1852107,783,122.0401840209961
1772802094.0605347,784,68.55410766601562
1772802101.2640119,785,92.58245086669922
1772802104.7737312,786,54.203617095947266
1772802124.9783876,787,79.71309661865234
1772802128.0484605,788,67.73385620117188
1772802137.8449736,789,93.32457733154297
1772802141.949672,790,100.31623840332031
1772802145.4563992,791,77.39433288574219
1772802151.1423209,792,61.993839263916016
1772802166.5749795,793,71.14842987060547
1772802283.9548802,794,44.83169174194336
1772802284.0752244,795,23.750648498535156
1772802292.2078567,796,56.61240005493164
1772802319.0259924,797,66.67485809326172
1772802323.5585828,798,26.876590728759766
1772802324.390837,799,16.197412490844727
1772802336.7172282,800,71.49131774902344
1772802350.859828,801,73.8301010131836
1772802356.8354762,802,73.86280059814453
1772802374.495565,803,76.1749038696289
1772802377.8052692,804,125.14544677734375
1772802382.6570787,805,55.50086975097656
1772802386.2472503,806,71.08007049560547
1772802387.434299,807,43.95002746582031
1772802392.4550807,808,57.93610382080078
1772802400.7408867,809,75.20922088623047
1772802417.3158443,810,78.98529052734375
1772802429.511908,811,96.10887908935547
1772802436.9887269,812,57.755252838134766
1772802452.5654597,813,64.05989074707031
1772802463.4698863,814,80.72587585449219
1772802478.910374,815,57.4866828918457
1772802479.032056,816,9.4158935546875
1772802494.922004,817,64.8005599975586
1772802508.9613914,818,75.93560791015625
1772802518.3221252,819,102.64924621582031
1772802544.2533414,820,71.77692413330078
1772802557.3462558,821,94.34110260009766
1772802562.4973636,822,57.7277946472168
1772802588.1299615,823,83.62981414794922
1772802723.2133937,824,58.06940460205078
1772802739.1424236,825,70.16633605957031
1772802741.2193706,826,99.41328430175781
1772802759.6338992,827,78.21669006347656
1772802765.6368215,828,64.2573471069336
1772802766.8135774,829,43.88848876953125
1772802801.0883443,830,78.35566711425781
1772802805.939488,831,63.32331848144531
1772802825.5147157,832,65.8960952758789
1772802834.2561178,833,67.74275207519531
1772802835.8064063,834,121.67655181884766
1772802846.450239,835,68.57636260986328
1772802854.0137691,836,65.79592895507812
1772802875.656509,837,63.262142181396484
1772802901.0041678,838,68.44197845458984
1772802917.411507,839,60.36196517944336
1772802926.6990218,840,76.35398864746094
1772802942.8470423,841,62.461631774902344
1772802963.0417361,842,64.5029067993164
1772802980.3224566,843,83.24555969238281
1772802991.211203,844,64.98872375488281
1772803016.548334,845,68.95181274414062
1772803148.3533466,846,112.51628112792969
1772803154.7590759,847,77.23125457763672
1772803157.0075595,848,38.424034118652344
1772803160.1937687,849,57.50222396850586
1772803163.562401,850,59.0654296875
1772803167.315053,851,69.25873565673828
1772803168.8121548,852,21.30279541015625
1772803179.9489849,853,92.75885009765625
1772803205.6769857,854,63.83924102783203
1772803220.776781,855,50.312137603759766
1772803221.3177757,856,73.90206909179688
1772803222.02883,857,73.81153869628906
1772803236.0742896,858,74.25711822509766
1772803236.1968007,859,12.800935745239258
1772803247.2621253,860,54.794090270996094
1772803253.8275485,861,96.10323333740234
1772803256.5908124,862,69.06538391113281
1772803264.3885968,863,73.21907043457031
1772803287.1812878,864,75.73231506347656
1772803292.9578557,865,76.42792510986328
1772803323.6596882,866,83.58975219726562
1772803336.1824868,867,62.90583419799805
1772803348.782761,868,68.43514251708984
1772803365.9666822,869,91.17963409423828
1772803366.8081312,870,64.69161987304688
1772803397.7040272,871,65.62491607666016
1772803411.079791,872,55.619388580322266
1772803417.6711535,873,83.2424545288086
1772803427.493063,874,63.373470306396484
1772803449.159717,875,62.27450942993164
1772803582.9939866,876,65.92584991455078
1772803583.6865218,877,61.88838577270508
1772803587.1915426,878,62.4559440612793
1772803595.1523693,879,79.6385726928711
1772803602.0640047,880,67.92294311523438
1772803606.2459118,881,67.50801849365234
1772803610.7085428,882,27.625761032104492
1772803613.8385098,883,68.05607604980469
1772803618.005412,884,58.678890228271484
1772803635.9568424,885,55.314884185791016
1772803642.9616354,886,55.8790168762207
1772803643.9828534,887,44.363380432128906
1772803657.9590874,888,72.686767578125
1772803667.732325,889,74.16508483886719
1772803677.1724477,890,94.52157592773438
1772803690.567487,891,74.2409896850586
1772803706.4219692,892,72.01116180419922
1772803729.1874952,893,73.4190673828125
1772803735.316028,894,75.68013763427734
1772803737.108171,895,126.23027801513672
1772803744.9158616,896,71.72333526611328
1772803750.7038362,897,58.76933670043945
1772803751.1229396,898,227.48492431640625
1772803760.5245013,899,82.83800506591797
1772803765.5385616,900,51.09440612792969
1772803780.3840072,901,66.4354019165039
1772803783.478198,902,42.679710388183594
1772803829.358232,903,70.62458038330078
1772803833.592468,904,46.36278533935547
1772803853.8468924,905,76.52362060546875
1772803977.2049818,906,63.34043884277344
1772803993.90798,907,76.95295715332031
1772803997.8542948,908,39.26240158081055
1772804001.0724797,909,64.3866195678711
1772804001.2010603,910,20.31696319580078
1772804010.7737267,911,79.9803695678711
1772804020.011079,912,82.87813568115234
1772804037.0009055,913,67.89141845703125
1772804044.4729388,914,81.70288848876953
1772804045.246456,915,19.65911293029785
1772804048.1163843,916,66.43799591064453
1772804058.809139,917,71.06178283691406
1772804064.1743944,918,85.7530517578125
1772804067.409965,919,35.893436431884766
1772804074.796311,920,90.54627227783203
1772804077.4118617,921,60.07740783691406
1772804082.4099162,922,105.34909057617188
1772804096.2088614,923,80.9441909790039
1772804111.983323,924,65.39972686767578
1772804125.9354208,925,83.27751159667969
1772804129.639688,926,64.80621337890625
1772804131.4414256,927,67.5999984741211
1772804135.6784964,928,71.60820770263672
1772804160.1028278,929,87.47490692138672
1772804164.6560054,930,39.73383331298828
1772804176.926595,931,70.79730224609375
1772804183.2681587,932,69.37924194335938
1772804196.4376276,933,70.58075714111328
1772804207.68629,934,66.51837921142578
1772804223.0879738,935,53.077789306640625
1772804223.2130427,936,48.040557861328125
1772804226.9865458,937,64.4106216430664
1772804231.7443562,938,54.932228088378906
1772804246.8460288,939,80.38705444335938
1772804259.0617774,940,67.55268096923828
1772804271.2834518,941,63.89811706542969
1772804277.264219,942,88.49970245361328
1772804461.815976,943,64.98529815673828
1772804507.100932,944,63.97291946411133
1772804516.5184517,945,67.47205352783203
1772804527.0909617,946,63.93271255493164
1772804538.2577455,947,102.63322448730469
1772804538.6373744,948,47.90821075439453
1772804540.3856444,949,29.764495849609375
1772804545.6527054,950,89.51013946533203
1772804560.2267694,951,72.73228454589844
1772804567.9532692,952,74.97769927978516
1772804598.0894198,953,72.80277252197266
1772804608.1595185,954,68.26506042480469
1772804618.5006745,955,70.90864562988281
1772804624.8933058,956,77.45621490478516
1772804630.7123086,957,55.72075271606445
1772804634.9595654,958,109.96220397949219
1772804640.512421,959,100.15267944335938
1772804669.1435242,960,65.20695495605469
1772804680.598484,961,52.43645477294922
1772804691.741148,962,91.90213012695312
1772804709.0738504,963,72.61924743652344
1772804716.2977195,964,74.8360595703125
1772804720.7040615,965,65.81843566894531
1772804735.0484066,966,56.22655487060547
1772804740.3036735,967,35.99215316772461
1772804757.4334097,968,92.45265197753906
1772804808.5477204,969,53.695343017578125
1772804816.8952096,970,49.31521987915039
1772804820.0812273,971,101.57496643066406
1772804836.307755,972,73.31412506103516
1772804844.620585,973,74.54027557373047
1772804882.2694635,974,74.8729476928711
1772804899.2491503,975,71.1917724609375
1772804912.232444,976,66.0003433227539
1772804917.0225334,977,87.40678405761719
1772804920.1313384,978,34.729148864746094
1772804925.1076672,979,44.03640365600586
1772804939.0254912,980,80.06181335449219
1772804942.5128274,981,58.266517639160156
1772804948.7710848,982,56.87715148925781
1772804951.4246178,983,83.7016830444336
1772804970.6791415,984,71.76837921142578
1772804977.4954708,985,86.17686462402344
1772804981.3306212,986,62.19306945800781
1772804994.058798,987,73.46660614013672
1772804998.59463,988,74.38001251220703
1772805001.6767697,989,63.45456314086914
1772805008.9833224,990,37.538028717041016
1772805014.1797817,991,127.88436126708984
1772805027.9288132,992,75.703125
1772805051.0117354,993,68.3165283203125
1772805060.0186715,994,66.45026397705078
1772805060.1428475,995,7.698535919189453
1772805067.1798444,996,76.38978576660156
1772805075.2875648,997,61.14067077636719
1772805083.5077338,998,50.55645751953125
1772805091.2136605,999,76.61949157714844
1772805099.7999673,1000,70.90563201904297
1772805162.661434,1001,63.0823974609375
1772805170.746089,1002,64.43043518066406
1772805185.8430018,1003,58.39383316040039
1772805199.4126484,1004,60.18589782714844
1772805208.7850974,1005,73.66537475585938
1772805221.966034,1006,80.49633026123047
1772805244.04643,1007,69.09331512451172
1772805244.7527878,1008,75.32793426513672
1772805245.9679205,1009,46.73363494873047
1772805273.2270937,1010,72.78129577636719
1772805273.3534577,1011,191.4833984375
1772805278.8553376,1012,79.65444946289062
1772805289.3459666,1013,48.02347183227539
1772805303.0935977,1014,94.11062622070312
1772805314.6454334,1015,83.13838195800781
1772805318.924661,1016,76.73609161376953
1772805320.6730478,1017,51.97163391113281
1772805323.8214214,1018,36.650726318359375
1772805329.2261527,1019,59.07233428955078
1772805351.0420787,1020,62.010955810546875
1772805374.9643214,1021,62.46686553955078
1772805387.093922,1022,67.18486785888672
1772805400.7585342,1023,77.69173431396484
1772805405.648972,1024,86.03406524658203
1772805422.1799474,1025,83.6068115234375
1772805423.2048504,1026,66.38426971435547
1772805428.9413986,1027,75.86363220214844
1772805429.0664706,1028,20.702259063720703
1772805433.3278873,1029,54.793540954589844
1772805451.4935226,1030,87.95024871826172
1772805471.1592216,1031,61.43831253051758
1772805666.8663006,1032,215.800048828125
1772805674.134835,1033,71.19253540039062
1772805677.1312623,1034,94.06695556640625
1772805696.624973,1035,75.1849365234375
1772805709.702284,1036,92.91883850097656
1772805726.8277962,1037,80.53970336914062
1772805734.2532892,1038,81.96968078613281
1772805745.1613166,1039,98.69039154052734
1772805761.697324,1040,56.50320053100586
1772805770.0631917,1041,89.271484375
1772805770.953221,1042,60.747920989990234
1772805783.4410505,1043,66.6786880493164
1772805787.9056728,1044,48.332374572753906
1772805799.3071492,1045,53.56864929199219
1772805807.0960062,1046,63.618194580078125
1772805810.7044935,1047,67.53163146972656
1772805814.499641,1048,74.97647094726562
1772805820.3347948,1049,52.96739959716797
1772805826.8298225,1050,73.08546447753906
1772805848.1926491,1051,68.56949615478516
1772805849.919472,1052,86.227783203125
1772805860.393924,1053,73.03112030029297
1772805866.081438,1054,60.1240348815918
1772805888.0892317,1055,74.10431671142578
1772805890.2956884,1056,35.338706970214844
1772805902.7252455,1057,57.20574188232422
1772805907.2446604,1058,38.72257995605469
1772805910.323883,1059,67.22774505615234
1772805915.658606,1060,71.09215545654297
1772805916.3926232,1061,71.31085205078125
1772805923.8506782,1062,85.24662017822266
1772805938.7666364,1063,86.08563995361328
1772805948.3942177,1064,50.582191467285156
1772805951.4910016,1065,34.2559700012207
1772806084.9994907,1066,70.7630615234375
1772806096.5915449,1067,62.1845588684082
1772806108.3265414,1068,73.6132583618164
1772806123.2852995,1069,77.7442855834961
1772806129.8060894,1070,92.1948471069336
1772806135.0859141,1071,65.99248504638672
1772806144.4214272,1072,71.42790985107422
1772806147.959594,1073,62.51365280151367
1772806157.7743766,1074,60.267818450927734
1772806183.70362,1075,59.30137252807617
1772806184.0073369,1076,31.44815444946289
1772806187.9563298,1077,53.370697021484375
1772806191.293467,1078,96.90969848632812
1772806191.4291406,1079,18.7769718170166
1772806197.3990893,1080,46.62337112426758
1772806202.767423,1081,62.99309158325195
1772806202.8892076,1082,9.588630676269531
1772806246.807057,1083,59.67739486694336
1772806251.805526,1084,28.87104034423828
1772806257.4267595,1085,69.44808959960938
1772806263.6374252,1086,52.04936599731445
1772806266.9925373,1087,42.53954315185547
1772806272.0367732,1088,52.99619674682617
1772806279.7580369,1089,69.96560668945312
1772806291.427136,1090,63.356048583984375
1772806292.4389746,1091,55.884647369384766
1772806314.8629239,1092,53.204444885253906
1772806322.642335,1093,63.30246353149414
1772806326.7684462,1094,33.996280670166016
1772806332.001819,1095,59.41064453125
1772806338.1663854,1096,58.96802520751953
1772806361.0174513,1097,62.2110595703125
1772806368.2726266,1098,64.03207397460938
1772806381.978069,1099,41.10326385498047
1772806382.1039274,1100,8.221052169799805
1772806390.471383,1101,51.4603157043457
1772806571.6897871,1102,189.9710235595703
1772806579.0833483,1103,100.19422149658203
1772806598.5613866,1104,73.95660400390625
1772806608.7105606,1105,67.88182830810547
1772806625.1671011,1106,70.62298583984375
1772806628.2602162,1107,60.79954147338867
1772806633.073009,1108,75.14892578125
1772806637.0971937,1109,65.9734115600586
1772806643.6951494,1110,51.8021240234375
1772806661.4063928,1111,54.90086364746094
1772806676.8040135,1112,65.93037414550781
1772806689.4143345,1113,78.00517272949219
1772806704.0106726,1114,62.40337371826172
1772806712.7363272,1115,51.663795471191406
1772806723.0519795,1116,59.8380126953125
1772806733.5837839,1117,60.19732666015625
1772806737.0299847,1118,62.77202606201172
1772806755.5853264,1119,75.8136978149414
1772806766.9919157,1120,60.549861907958984
1772806772.003457,1121,43.024715423583984
1772806782.2378447,1122,77.83711242675781
1772806787.8631492,1123,98.21598815917969
1772806793.6507757,1124,95.88982391357422
1772806807.6059918,1125,53.7795295715332
1772806825.4641154,1126,64.73190307617188
1772806829.3219666,1127,114.07701873779297
1772806834.8289537,1128,70.8807373046875
1772806839.9076843,1129,86.42440032958984
1772806843.8540487,1130,43.907527923583984
1772806852.835608,1131,84.18110656738281
1772806852.9652042,1132,13.836709976196289
1772806856.1616843,1133,70.82283782958984
1772806862.1598701,1134,53.43722152709961
1772806867.9742918,1135,46.74716567993164
1772806984.6582532,1136,55.249427795410156
1772806987.8231783,1137,84.81078338623047
1772806990.3129542,1138,63.85442352294922
1772806992.446041,1139,106.53194427490234
1772806998.551877,1140,48.43354415893555
1772807007.7626941,1141,37.24676513671875
1772807018.8348074,1142,70.35154724121094
1772807027.0516555,1143,68.22344207763672
1772807030.1986597,1144,68.04423522949219
1772807034.2159972,1145,57.00205993652344
1772807050.2915936,1146,67.88717651367188
1772807062.4335468,1147,51.94328689575195
1772807072.8875606,1148,68.32403564453125
1772807091.3521106,1149,79.81410217285156
1772807099.2528493,1150,86.86255645751953
1772807100.206638,1151,43.67316818237305
1772807103.218629,1152,31.162588119506836
1772807111.260842,1153,70.47588348388672
1772807114.4095647,1154,59.32078552246094
1772807127.7833257,1155,80.46833801269531
1772807134.099805,1156,48.06563186645508
1772807141.3899963,1157,66.85564422607422
1772807147.2545393,1158,70.57138061523438
1772807167.9222243,1159,62.93252182006836
1772807170.9949079,1160,89.25774383544922
1772807187.6035857,1161,81.02149200439453
1772807195.1417491,1162,66.58673858642578
1772807195.2695312,1163,13.156820297241211
1772807206.6401172,1164,55.01936721801758
1772807215.6956544,1165,64.22882843017578
1772807217.5502882,1166,43.93413543701172
1772807217.6713765,1167,144.65692138671875
1772807217.796486,1168,11.302702903747559
1772807225.770825,1169,63.27368927001953
1772807231.1594532,1170,52.386905670166016
1772807234.567754,1171,67.76405334472656
1772807243.9879131,1172,51.97467041015625
1772807249.1871514,1173,66.30276489257812
1772807263.3987575,1174,71.11538696289062
1772807267.9840493,1175,52.436485290527344
1772807269.2479675,1176,74.01528930664062
1772807272.697367,1177,40.001426696777344
1772807276.8962588,1178,88.75528717041016
1772807280.580517,1179,69.74563598632812
1772807283.9526553,1180,65.21626281738281
1772807354.3479888,1181,38.69969940185547
1772807357.790576,1182,36.895164489746094
1772807364.553926,1183,46.36235046386719
1772807368.0026028,1184,57.645565032958984
1772807370.600725,1185,41.67631912231445
1772807373.8651042,1186,88.60810089111328
1772807374.579545,1187,73.119873046875
1772807381.687949,1188,82.0874252319336
1772807385.5775838,1189,65.71163177490234
1772807388.7176774,1190,74.81869506835938
1772807399.89116,1191,73.09276580810547
1772807419.475415,1192,68.39183044433594
1772807427.1883612,1193,67.60060119628906
1772807439.2363112,1194,85.08173370361328
1772807450.284234,1195,85.47698211669922
1772807460.8977764,1196,74.8089828491211
1772807465.255415,1197,74.20309448242188
1772807468.9903815,1198,62.78181838989258
1772807469.1154969,1199,336.67437744140625
1772807472.2305913,1200,49.46820068359375
1772807478.3551369,1201,46.769535064697266
1772807496.341234,1202,59.45391845703125
1772807496.4663815,1203,11.291738510131836
1772807496.59047,1204,16.45452117919922
1772807499.6672072,1205,40.24341583251953
1772807525.043613,1206,65.46031951904297
1772807529.087834,1207,102.53417205810547
1772807531.2734382,1208,94.02555847167969
1772807538.378489,1209,43.32526397705078
1772807552.238066,1210,75.44892883300781
1772807581.0096352,1211,73.59648895263672
1772807584.2084095,1212,93.1027603149414
1772807585.803133,1213,90.92906188964844
1772807593.3682683,1214,84.81025695800781
1772807616.498716,1215,58.05402374267578
1772807616.619814,1216,9.143726348876953
1772807618.1006777,1217,105.94853210449219
1772807620.63237,1218,90.09768676757812
1772807620.7532206,1219,10.241154670715332
1772807620.9358394,1220,15.773900985717773
1772807626.2753086,1221,57.20532989501953
1772807635.73212,1222,84.2890396118164
1772807643.5428042,1223,89.8321304321289
1772807651.6626034,1224,67.84125518798828
1772807741.1768014,1225,346.7452392578125
1772807755.3966553,1226,69.1419677734375
1772807758.8887873,1227,101.75697326660156
1772807759.666205,1228,69.11178588867188
1772807786.898685,1229,67.61670684814453
1772807791.0791662,1230,50.23001480102539
1772807794.3668556,1231,46.65171432495117
1772807800.3725278,1232,63.59513854980469
1772807806.2599835,1233,64.22709655761719
1772807817.1543567,1234,50.504947662353516
1772807828.2370915,1235,58.94454574584961
1772807831.316504,1236,51.580265045166016
1772807835.909027,1237,46.09218215942383
1772807839.7818727,1238,95.86827087402344
1772807844.472074,1239,77.28670501708984
1772807853.6562028,1240,73.68038177490234
1772807858.316678,1241,103.41973114013672
1772807865.6793592,1242,68.63809967041016
1772807876.9448235,1243,65.7713851928711
1772807888.9993536,1244,48.324310302734375
1772807897.5508294,1245,98.27462005615234
1772807904.5807254,1246,74.49527740478516
1772807910.795872,1247,82.8348617553711
1772807915.2060914,1248,70.2507553100586
1772807920.1458268,1249,74.82283782958984
1772807923.972392,1250,39.52265548706055
1772807928.0838203,1251,98.7379379272461
1772807930.229196,1252,49.558624267578125
1772807947.148208,1253,65.03560638427734
1772807947.8597045,1254,180.94915771484375
1772807947.9803953,1255,24.797603607177734
1772807950.2894099,1256,34.8519172668457
1772807957.7032475,1257,54.21329879760742
1772807974.3704233,1258,68.7160415649414
1772807978.2744603,1259,85.73506164550781
1772807989.9412432,1260,79.64899444580078
1772807993.9909663,1261,40.91347122192383
1772808001.002507,1262,58.05863952636719
1772808017.654831,1263,56.38016891479492
1772808018.0790672,1264,114.7914810180664
1772808025.941393,1265,67.8865966796875
1772808042.5407767,1266,66.09616088867188
1772808151.0288973,1267,76.50190734863281
1772808158.882416,1268,56.49217224121094
1772808169.5824025,1269,73.55376434326172
1772808175.5283961,1270,50.971614837646484
1772808188.9693456,1271,66.39338684082031
1772808194.727853,1272,56.2908935546875
1772808214.546929,1273,67.39411163330078
1772808219.9933476,1274,64.26654815673828
1772808220.2345421,1275,122.69091796875
1772808227.4019914,1276,119.49507904052734
1772808239.0142057,1277,62.833370208740234
1772808243.1270413,1278,45.87185287475586
1772808243.6663475,1279,71.77155303955078
1772808252.5095088,1280,66.99406433105469
1772808260.6725934,1281,89.89515686035156
1772808263.5302303,1282,100.98298645019531
1772808271.2146206,1283,81.40582275390625
1772808277.6885605,1284,40.58021926879883
1772808291.8239326,1285,69.1085205078125
1772808297.4022927,1286,122.98675537109375
1772808301.1248689,1287,57.96421432495117
1772808306.2784197,1288,59.020301818847656
1772808314.4156594,1289,69.30046844482422
1772808315.7927883,1290,45.16994094848633
1772808324.675024,1291,56.95206069946289
1772808332.6417463,1292,99.50057220458984
1772808335.8866894,1293,68.31486511230469
1772808336.0098212,1294,26.905864715576172
1772808339.0860472,1295,29.413116455078125
1772808355.6858785,1296,66.65155792236328
1772808361.6155615,1297,146.00169372558594
1772808365.635581,1298,49.13771438598633
1772808377.4323168,1299,91.02400207519531
1772808382.9976425,1300,61.65153884887695
1772808400.407377,1301,73.72791290283203
1772808400.8233871,1302,40.78828430175781
1772808404.1405785,1303,76.19556427001953
1772808408.0751128,1304,49.2344856262207
1772808412.605031,1305,44.04616165161133
1772808428.148735,1306,60.609527587890625
1772808495.1895447,1307,80.11856079101562
1772808502.8625953,1308,73.01132202148438
1772808503.2357714,1309,245.2506103515625
1772808517.3978088,1310,59.93705368041992
1772808527.2245698,1311,65.88580322265625
1772808530.3378687,1312,114.75094604492188
1772808537.4761152,1313,91.60224151611328
1772808544.8443406,1314,55.30130386352539
1772808547.9132962,1315,50.7369270324707
1772808552.4884133,1316,62.72245407104492
1772808552.6738675,1317,27.809066772460938
1772808559.1156635,1318,81.37419891357422
1772808562.6949115,1319,80.22053527832031
1772808565.834265,1320,82.57320404052734
1772808568.9612107,1321,85.48275756835938
1772808572.0839815,1322,145.96670532226562
1772808580.627761,1323,76.61602783203125
1772808585.2169118,1324,68.04383087158203
1772808585.3438349,1325,33.52838897705078
1772808592.3367078,1326,57.96553039550781
1772808600.0775592,1327,64.99568939208984
1772808609.5760438,1328,71.11541748046875
1772808613.299319,1329,53.258060455322266
1772808634.9256606,1330,63.319393157958984
1772808651.0063183,1331,60.46161651611328
1772808654.1456223,1332,36.45649337768555
1772808662.0421147,1333,46.326351165771484
1772808671.424903,1334,101.48859405517578
1772808678.9123824,1335,86.64372253417969
1772808685.0959616,1336,70.85681915283203
1772808688.4720616,1337,131.3123321533203
1772808696.7169254,1338,69.70037841796875
1772808706.2013764,1339,58.89932632446289
1772808715.764054,1340,77.82715606689453
1772808718.8705142,1341,95.92904663085938
1772808728.5422304,1342,109.24205017089844
1772808737.4105976,1343,85.87979888916016
1772808742.9865174,1344,76.89061737060547
1772808756.776543,1345,94.05450439453125
1772808771.1233108,1346,64.61141967773438
1772808779.3947766,1347,68.58917999267578
1772808782.871367,1348,99.01734924316406
1772808797.870522,1349,73.26853942871094
1772808939.4275615,1350,53.887168884277344
1772808946.467815,1351,85.13923645019531
1772808949.5394554,1352,99.7388687133789
1772808952.8508177,1353,85.92263793945312
1772808958.9697847,1354,68.23728942871094
1772808977.2157161,1355,90.19319152832031
1772808983.6141286,1356,68.22665405273438
1772808992.5095956,1357,101.23846435546875
1772808997.9396398,1358,51.48529815673828
1772809001.0446856,1359,63.52217483520508
1772809014.8897111,1360,61.049888610839844
1772809020.848812,1361,89.6932373046875
1772809025.0961418,1362,41.04457473754883
1772809037.3318763,1363,62.54789352416992
1772809042.2901182,1364,71.91755676269531
1772809048.6292295,1365,97.43794250488281
1772809054.2170343,1366,49.77531433105469
1772809058.655853,1367,92.07080078125
1772809061.72894,1368,29.428558349609375
1772809076.6426263,1369,62.65393829345703
1772809079.7189355,1370,82.99311065673828
1772809082.5775743,1371,75.02633666992188
1772809082.6992164,1372,17.189678192138672
1772809086.736661,1373,55.57944869995117
1772809091.1654577,1374,98.18507385253906
1772809094.3923793,1375,119.20951843261719
1772809097.516372,1376,69.70672607421875
1772809105.8341696,1377,51.34761047363281
1772809109.0145624,1378,108.2644271850586
1772809113.2684786,1379,99.3753890991211
1772809116.8242712,1380,61.86115264892578
1772809122.361557,1381,75.7552261352539
1772809128.0640335,1382,103.78278350830078
1772809133.8850646,1383,99.53239440917969
1772809143.1450992,1384,90.36528778076172
1772809162.1663883,1385,65.37466430664062
1772809169.6520019,1386,69.36820220947266
1772809179.2116961,1387,84.15803527832031
1772809185.2830648,1388,59.7544059753418
1772809196.4502754,1389,70.72075653076172
1772809201.8361237,1390,45.71837615966797
1772809204.729065,1391,101.09683990478516
1772809215.4657004,1392,85.77166748046875
1772809220.2465477,1393,62.49503707885742
1772809226.7305386,1394,48.39240264892578
1772809353.2518415,1395,32.25365447998047
1772809357.7409298,1396,87.99163818359375
1772809357.8606687,1397,83.45393371582031
1772809364.5629516,1398,76.36431121826172
1772809367.7144732,1399,129.3410186767578
1772809376.1750789,1400,72.16481018066406
1772809379.3160071,1401,81.90771484375
1772809389.864224,1402,62.7386589050293
1772809389.9883926,1403,99.70922088623047
1772809395.6463325,1404,85.98380279541016
1772809405.556889,1405,100.16002655029297
1772809415.005888,1406,74.13548278808594
1772809422.8349915,1407,50.64405822753906
1772809423.3671288,1408,96.1215591430664
1772809431.9678767,1409,59.72897720336914
1772809440.9590678,1410,76.71043395996094
1772809444.0929425,1411,87.3712158203125
1772809453.3689785,1412,67.53028106689453
1772809454.2051802,1413,40.75428771972656
1772809457.386033,1414,118.03943634033203
1772809472.8166916,1415,98.93074798583984
1772809484.814829,1416,95.13822174072266
1772809488.0359936,1417,82.61610412597656
1772809491.345611,1418,66.0923080444336
1772809500.6230118,1419,84.15032958984375
1772809503.346907,1420,80.48861694335938
1772809511.0816417,1421,56.783348083496094
1772809511.20506,1422,13.178424835205078
1772809515.0719857,1423,112.4619140625
1772809524.787585,1424,112.11439514160156
1772809535.3316498,1425,90.46353912353516
1772809549.5798924,1426,73.07075500488281
1772809557.013141,1427,82.98470306396484
1772809570.8612232,1428,102.49632263183594
1772809573.9371088,1429,106.90074157714844
1772809578.2374275,1430,43.05790710449219
1772809581.3828318,1431,69.97258758544922
1772809584.4846864,1432,128.94859313964844
1772809587.6877255,1433,49.37234115600586
1772809595.1136425,1434,88.84666442871094
1772809595.7665646,1435,48.76612091064453
1772809603.3095462,1436,112.56981658935547
1772809608.9258044,1437,84.070556640625
1772809612.341714,1438,91.21810913085938
1772809616.4829967,1439,73.68377685546875
1772809632.532618,1440,73.09172821044922
1772809641.2016068,1441,90.06078338623047
1772809647.0091054,1442,83.20809936523438
1772809654.343162,1443,71.71417236328125
1772809802.7881703,1444,81.6026611328125
1772809809.556308,1445,84.67926788330078
1772809812.7387412,1446,81.16661071777344
1772809819.8148756,1447,110.73129272460938
1772809831.540776,1448,111.3913345336914
1772809834.6106613,1449,41.04479217529297
1772809839.7786708,1450,44.87726974487305
1772809850.0210981,1451,81.46820068359375
1772809853.6649036,1452,63.7859001159668
1772809853.791636,1453,28.73598861694336
1772809857.8280694,1454,45.66959762573242
1772809863.0379074,1455,62.466041564941406
1772809874.078531,1456,64.32054138183594
1772809874.324143,1457,20.59064483642578
1772809884.8393955,1458,85.13770294189453
1772809900.082982,1459,77.0251235961914
1772809908.1373518,1460,67.80656433105469
1772809915.6952596,1461,90.9633560180664
1772809924.8724658,1462,76.96277618408203
1772809928.835567,1463,140.78085327148438
1772809933.0890183,1464,89.91455078125
1772809937.7711034,1465,47.512760162353516
1772809940.900971,1466,74.91141510009766
1772809944.386862,1467,50.95697784423828
1772809953.7068093,1468,72.37159729003906
1772809958.1736479,1469,62.947265625
1772809963.4450042,1470,68.96321868896484
1772809964.4525945,1471,29.75542640686035
1772809969.4713223,1472,109.8855972290039
1772809975.3634233,1473,66.23825073242188
1772809978.439787,1474,32.13105010986328
1772809980.4984732,1475,53.14247131347656
1772809983.5913327,1476,87.35919189453125
1772809990.728626,1477,150.6792449951172
1772810000.8118358,1478,83.08758544921875
1772810004.436297,1479,106.10497283935547
1772810010.303227,1480,106.59036254882812
1772810017.8418884,1481,86.47649383544922
1772810017.9650142,1482,38.46883773803711
1772810026.899451,1483,91.43590545654297
1772810029.2721477,1484,94.24366760253906
1772810033.0771759,1485,67.67074584960938
1772810036.169429,1486,67.66473388671875
1772810041.0279422,1487,92.46434783935547
1772810042.3276153,1488,129.29745483398438
1772810058.5767725,1489,78.80314636230469
1772810059.7134175,1490,126.60227966308594
1772810061.0566423,1491,44.6451301574707
1772810072.5295022,1492,97.28233337402344
1772810072.899373,1493,23.280624389648438
1772810074.0831234,1494,66.86200714111328
1772810080.5266352,1495,87.09823608398438
1772810080.6484222,1496,16.985279083251953
1772810083.7221992,1497,96.08267974853516
1772810090.4980063,1498,80.96812438964844
1772810143.9337218,1499,93.5321044921875
1772810150.821194,1500,75.3888168334961
1772810155.7914608,1501,65.50480651855469
1772810162.038548,1502,43.84888458251953
1772810171.5362382,1503,63.24015426635742
1772810183.4418616,1504,77.43602752685547
1772810186.6237087,1505,80.90950775146484
1772810190.6739926,1506,76.43063354492188
1772810202.0848725,1507,99.25333404541016
1772810208.1484642,1508,103.39913177490234
1772810216.8506293,1509,74.22140502929688
1772810220.2787294,1510,113.56515502929688
1772810229.9756918,1511,71.7757339477539
1772810233.0904026,1512,152.8929901123047
1772810238.6341422,1513,76.845703125
1772810244.4395623,1514,55.775367736816406
1772810247.5707965,1515,94.47178649902344
1772810251.872569,1516,113.29596710205078
1772810254.9836922,1517,86.11373901367188
1772810259.345651,1518,59.96561050415039
1772810263.965385,1519,132.7896270751953
1772810267.0855985,1520,82.93204498291016
1772810281.1553597,1521,86.18128967285156
1772810287.410429,1522,88.30429077148438
1772810292.0959868,1523,69.30728149414062
1772810295.488568,1524,189.57073974609375
1772810304.7815046,1525,77.2829818725586
1772810311.277931,1526,104.58195495605469
1772810316.246368,1527,94.5133285522461
1772810320.601228,1528,88.9764175415039
1772810328.5254965,1529,88.15040588378906
1772810341.4701414,1530,73.658935546875
1772810351.9362864,1531,110.53998565673828
1772810355.0503404,1532,62.2932014465332
1772810358.23069,1533,74.41468048095703
1772810365.1423316,1534,76.38304901123047
1772810379.9842818,1535,66.12742614746094
1772810385.107486,1536,67.7484359741211
1772810388.2373173,1537,81.93661499023438
1772810393.5533104,1538,99.91191101074219
1772810399.392891,1539,135.65956115722656
1772810407.8099144,1540,76.7332992553711
1772810413.49598,1541,66.65614318847656
1772810424.2310882,1542,69.55252075195312
1772810426.319766,1543,58.7968635559082
1772810428.9641213,1544,92.169189453125
1772810439.9675922,1545,106.62356567382812
1772810551.8256154,1546,112.01573181152344
1772810566.5765605,1547,74.07530975341797
1772810572.0798929,1548,73.74644470214844
1772810576.1326807,1549,92.09480285644531
1772810580.1049373,1550,66.94367980957031
1772810586.3579464,1551,109.56523132324219
1772810589.4794023,1552,130.0706787109375
1772810592.576771,1553,134.1953125
1772810600.3544796,1554,70.73548889160156
1772810611.654852,1555,60.508331298828125
1772810615.019533,1556,78.3564453125
1772810620.1606789,1557,87.6375732421875
1772810625.8858733,1558,63.689979553222656
1772810638.186237,1559,59.11922836303711
1772810658.8918977,1560,90.22533416748047
1772810666.742082,1561,87.27069091796875
1772810669.8243022,1562,85.1745376586914
1772810679.2041473,1563,53.84795379638672
1772810687.527239,1564,131.47689819335938
1772810692.4360657,1565,102.48125457763672
1772810696.5518126,1566,121.27103424072266
1772810699.6349547,1567,60.13407897949219
1772810704.0614004,1568,115.37110137939453
1772810706.4329002,1569,65.0750961303711
1772810724.8677917,1570,106.50910186767578
1772810728.2549872,1571,70.68620300292969
1772810741.6229026,1572,92.30415344238281
1772810744.7890575,1573,100.78084564208984
1772810757.3484106,1574,99.246337890625
1772810763.1132133,1575,46.56304931640625
1772810775.7165637,1576,137.21937561035156
1772810778.713998,1577,86.4276123046875
1772810785.4273684,1578,109.54808044433594
1772810790.3827746,1579,62.851558685302734
1772810795.9273825,1580,72.88845825195312
1772810815.3373847,1581,85.97486114501953
1772810827.1159115,1582,83.21170806884766
1772810831.598903,1583,103.42695617675781
1772810845.7281706,1584,70.57698059082031
1772810882.7705624,1585,73.113525390625
1772810897.9524636,1586,84.6294174194336
1772810904.760319,1587,96.2113265991211
1772810909.548933,1588,88.60077667236328
1772810915.4953306,1589,67.4546127319336
1772810922.7322564,1590,105.01133728027344
1772810927.8699827,1591,176.13536071777344
1772810938.2440667,1592,90.49897766113281
1772810947.5715048,1593,85.53507232666016
1772810951.518617,1594,90.22715759277344
1772810951.6431038,1595,13.980035781860352
1772810973.9579275,1596,97.14137268066406
1772810977.5747972,1597,131.90530395507812
1772810984.2641544,1598,110.16415405273438
1772810990.4295998,1599,123.41448211669922
1772810991.0250237,1600,103.84281921386719
1772810999.7949166,1601,66.51663208007812
1772811002.8852298,1602,111.03019714355469
1772811011.7205012,1603,83.59159851074219
1772811014.8417087,1604,78.02543640136719
1772811015.0213616,1605,25.474218368530273
1772811027.2417693,1606,103.945556640625
1772811036.6593304,1607,71.16592407226562
1772811043.4247687,1608,71.38358306884766
1772811046.5491538,1609,81.47318267822266
1772811049.1291585,1610,100.78568267822266
1772811053.0636191,1611,63.31464767456055
1772811053.6432152,1612,30.393457412719727
1772811059.2626777,1613,88.94795989990234
1772811073.1128714,1614,105.70263671875
1772811081.2403553,1615,87.83627319335938
1772811086.9872572,1616,106.9791488647461
1772811096.5752866,1617,61.42985916137695
1772811099.6513095,1618,74.35844421386719
1772811108.581289,1619,95.80255889892578
1772811114.6427836,1620,103.32559204101562
1772811121.5500925,1621,130.72457885742188
1772811131.7816355,1622,84.52290344238281
1772811146.816172,1623,87.13900756835938
1772811149.8953097,1624,66.84821319580078
1772811157.2307277,1625,84.99786376953125
1772811160.5977376,1626,137.08726501464844
1772811162.6969252,1627,152.11497497558594
1772811162.819472,1628,42.16511535644531
1772811165.9246943,1629,79.9449691772461
1772811173.3532774,1630,120.0120620727539
1772811225.9235346,1631,92.7635498046875
1772811231.1479514,1632,92.92289733886719
1772811246.6556537,1633,75.72872924804688
1772811253.5153837,1634,132.36767578125
1772811269.2897758,1635,90.55165100097656
1772811277.8603644,1636,102.56739044189453
1772811284.932554,1637,190.50634765625
1772811288.0372334,1638,102.62845611572266
1772811291.14452,1639,112.57672882080078
1772811307.84452,1640,84.67341613769531
1772811310.958578,1641,177.3375701904297
1772811314.0810153,1642,160.876708984375
1772811317.2307804,1643,92.4540023803711
1772811329.0436213,1644,95.48171997070312
1772811329.1645038,1645,30.02285385131836
1772811341.0031216,1646,105.22904968261719
1772811345.8816574,1647,121.21134948730469
1772811364.339176,1648,108.64141082763672
1772811369.3896701,1649,79.28327941894531
1772811372.6218889,1650,119.78353118896484
1772811383.5921237,1651,93.87995147705078
1772811385.7925937,1652,206.0858917236328
1772811390.149783,1653,56.631675720214844
1772811401.844767,1654,99.93929290771484
1772811408.6961553,1655,93.5918197631836
1772811411.7955153,1656,82.01312255859375
1772811419.5015008,1657,86.15513610839844
1772811428.8760793,1658,144.82196044921875
1772811432.1174881,1659,88.89639282226562
1772811440.2706785,1660,92.32794189453125
1772811440.3962283,1661,18.276058197021484
1772811450.3452225,1662,80.81861877441406
1772811453.8682723,1663,67.42662048339844
1772811457.0079548,1664,71.58271026611328
1772811460.1285727,1665,51.296348571777344
1772811463.2187421,1666,103.21299743652344
1772811467.014438,1667,114.00508117675781
1772811470.0719478,1668,138.49505615234375
1772811473.1626155,1669,135.5680694580078
1772811484.5812862,1670,105.89501190185547
1772811484.7086976,1671,61.79071044921875
1772811487.7794995,1672,86.52407836914062
1772811487.906092,1673,23.70882225036621
1772811506.3172238,1674,101.03446960449219
1772811518.5939934,1675,96.47286987304688
1772811521.6749578,1676,93.5627212524414
1772811526.9335716,1677,72.57992553710938
1772811662.321206,1678,110.52389526367188
1772811671.9881673,1679,115.63067626953125
1772811675.1026096,1680,112.79388427734375
1772811678.2174797,1681,102.51419067382812
1772811678.3425677,1682,30.860654830932617
1772811690.1472876,1683,78.65387725830078
1772811703.96751,1684,100.20890045166016
1772811710.955548,1685,68.56291961669922
1772811720.445242,1686,86.53864288330078
1772811724.2980108,1687,102.39663696289062
1772811728.399866,1688,76.28791046142578
1772811740.0902545,1689,87.13776397705078
1772811743.171867,1690,142.61985778808594
1772811748.6493263,1691,120.7873306274414
1772811759.45704,1692,109.91905975341797
1772811765.4937782,1693,73.34744262695312
1772811778.0355082,1694,82.61244201660156
1772811788.0503273,1695,72.65719604492188
1772811788.2935972,1696,34.05400466918945
1772811795.4565132,1697,84.35208892822266
1772811807.5127032,1698,94.71728515625
1772811814.3575685,1699,77.39537048339844
1772811818.0266025,1700,77.49645233154297
1772811819.088865,1701,87.2479248046875
1772811826.5109596,1702,67.63786315917969
1772811826.9316525,1703,24.293100357055664
1772811831.873489,1704,62.53533935546875
1772811832.0070555,1705,195.84539794921875
1772811840.934117,1706,98.33694458007812
1772811848.963591,1707,78.55973052978516
1772811855.0125313,1708,123.09367370605469
1772811858.76999,1709,91.58482360839844
1772811865.1634889,1710,91.18789672851562
1772811880.5140762,1711,86.13326263427734
1772811883.5951757,1712,84.95228576660156
1772811888.2979593,1713,107.26918029785156
1772811898.8740973,1714,115.65045928955078
1772811909.46919,1715,103.09622192382812
1772811913.9696805,1716,64.7575912475586
1772811918.1371074,1717,94.65513610839844
1772811924.7784214,1718,57.92514419555664
1772811933.7533095,1719,108.9365463256836
1772811948.0435443,1720,74.74629974365234
1772812006.178526,1721,85.50506591796875
1772812009.2638767,1722,162.13319396972656
1772812018.6889088,1723,72.8258056640625
1772812023.2880044,1724,157.67831420898438
1772812026.40062,1725,68.01884460449219
1772812032.4195037,1726,105.3207778930664
1772812037.4614077,1727,88.33323669433594
1772812040.5893776,1728,140.9485626220703
1772812049.4774506,1729,85.24624633789062
1772812055.074631,1730,72.64070892333984
1772812067.8462045,1731,87.49259948730469
1772812070.96579,1732,36.89697265625
1772812084.32937,1733,118.43290710449219
1772812087.4559915,1734,108.48193359375
1772812090.529802,1735,96.16959381103516
1772812099.6021297,1736,93.81427001953125
1772812104.673294,1737,129.4404296875
1772812109.6640298,1738,71.7204818725586
1772812109.790855,1739,28.566059112548828
1772812113.097572,1740,107.6192398071289
1772812116.189965,1741,137.66534423828125
1772812119.2568362,1742,98.19673156738281
1772812123.4975288,1743,141.77125549316406
1772812131.7947862,1744,75.31319427490234
1772812139.362157,1745,74.25654602050781
1772812140.0736988,1746,164.3244171142578
1772812153.7177198,1747,79.07257080078125
1772812168.1721334,1748,85.74178314208984
1772812178.0378127,1749,90.75396728515625
1772812183.171128,1750,161.41622924804688
1772812186.334415,1751,113.24589538574219
1772812190.0472417,1752,138.1327667236328
1772812196.9819717,1753,117.68038940429688
1772812200.0562174,1754,89.55488586425781
1772812205.3200462,1755,76.79899597167969
1772812224.4773238,1756,87.82621765136719
1772812231.9815345,1757,87.17890167236328
1772812235.0959136,1758,112.17794036865234
1772812241.3748882,1759,71.97645568847656
1772812247.383176,1760,92.40243530273438
1772812252.1414897,1761,132.35574340820312
1772812253.480433,1762,94.33289337158203
1772812260.9291403,1763,95.2544937133789
1772812264.0420082,1764,99.5020980834961
1772812267.9357514,1765,96.80499267578125
1772812281.6224952,1766,108.30299377441406
1772812284.797836,1767,77.44446563720703
1772812291.4158535,1768,124.72501373291016
1772812298.1641,1769,118.51048278808594
1772812307.2221446,1770,99.55138397216797
1772812417.173565,1771,90.63062286376953
1772812429.2319298,1772,122.8799819946289
1772812436.8617036,1773,82.2095947265625
1772812448.9607406,1774,80.25981140136719
1772812454.3792355,1775,76.55097198486328
1772812457.5302675,1776,97.86700439453125
1772812461.1011505,1777,53.75011444091797
1772812464.2110338,1778,126.83013153076172
1772812467.8777041,1779,116.28059387207031
1772812470.950836,1780,71.1580581665039
1772812486.0962362,1781,113.53461456298828
1772812488.745406,1782,124.6439208984375
1772812494.720528,1783,63.92414474487305
1772812497.8540363,1784,146.4855499267578
1772812501.6501048,1785,99.44039916992188
1772812504.7398148,1786,71.43001556396484
1772812509.9058685,1787,82.17569732666016
1772812511.5026078,1788,110.52159881591797
1772812526.2443683,1789,110.49066162109375
1772812532.0885348,1790,82.37751770019531
1772812538.321353,1791,107.68270111083984
1772812541.779817,1792,57.503501892089844
1772812550.595556,1793,130.92556762695312
1772812555.3581202,1794,73.75035858154297
1772812558.830456,1795,104.10643005371094
1772812567.7052145,1796,119.14522552490234
1772812572.1062827,1797,86.21778869628906
1772812572.2296984,1798,25.681255340576172
1772812580.518989,1799,117.14745330810547
1772812588.548095,1800,114.08839416503906
1772812591.8084571,1801,61.3718376159668
1772812602.653703,1802,129.36505126953125
1772812602.9547288,1803,26.551488876342773
1772812609.6352963,1804,102.0113296508789
1772812609.759872,1805,1083.934814453125
1772812612.8435397,1806,78.10224151611328
1772812615.9742167,1807,85.10323333740234
1772812622.5449824,1808,103.74281311035156
1772812630.9239056,1809,102.5121841430664
1772812642.6212885,1810,108.4803695678711
1772812652.1246216,1811,78.08357238769531
1772812662.3501532,1812,80.31739044189453
1772812673.6093915,1813,113.78894805908203
1772812677.7735662,1814,61.06882095336914
1772812680.0963237,1815,100.1381607055664
1772812688.4380598,1816,114.0648193359375
1772812691.6492314,1817,66.63105773925781
1772812697.8794012,1818,127.93310546875
1772812701.0342033,1819,114.26554107666016
1772812704.1708884,1820,128.72021484375
1772812704.5429606,1821,75.86944580078125
1772812708.9414666,1822,116.92395782470703
1772812779.552928,1823,128.2875518798828
1772812783.9770398,1824,112.72833251953125
1772812790.874694,1825,95.28804016113281
1772812802.040115,1826,88.76762390136719
1772812818.8652446,1827,104.31428527832031
1772812831.7027817,1828,97.35889434814453
1772812855.458707,1829,103.8560562133789
1772812858.5414088,1830,150.5655517578125
1772812866.0354035,1831,91.328125
1772812873.9754283,1832,67.94041442871094
1772812880.6078372,1833,120.68579864501953
1772812881.8747633,1834,86.12134552001953
1772812887.8467598,1835,89.49028778076172
1772812887.9718902,1836,190.44326782226562
1772812894.2636344,1837,111.49857330322266
1772812897.3449082,1838,69.43070983886719
1772812901.8924928,1839,57.14659118652344
1772812911.593605,1840,92.51708221435547
1772812914.866678,1841,127.7656021118164
1772812917.07487,1842,84.53804779052734
1772812926.962884,1843,86.65084838867188
1772812940.7511036,1844,86.476806640625
1772812946.3345537,1845,96.70919799804688
1772812949.4097228,1846,106.23384094238281
1772812956.3489065,1847,77.55502319335938
1772812964.2535164,1848,95.39431762695312
1772812972.7755744,1849,65.0853500366211
1772812976.6059268,1850,81.73859405517578
1772812989.4131937,1851,87.13469696044922
1772812994.260555,1852,93.23828125
1772813002.149656,1853,78.3022232055664
1772813008.0394397,1854,103.6611557006836
1772813019.0154073,1855,126.09688568115234
1772813022.1096334,1856,124.9225845336914
1772813029.983811,1857,67.29269409179688
1772813033.090219,1858,99.36309051513672
1772813046.9698522,1859,100.54952239990234
1772813051.2338004,1860,84.5774917602539
1772813060.2237408,1861,92.60787963867188
1772813077.6079473,1862,94.04519653320312
1772813120.5557704,1863,73.5108642578125
1772813125.8104038,1864,71.82222747802734
1772813128.8938289,1865,46.46865463256836
1772813135.93926,1866,92.77954864501953
1772813146.6812294,1867,108.92572784423828
1772813157.2340405,1868,84.87732696533203
1772813166.2289758,1869,56.375064849853516
1772813171.1926124,1870,121.55371856689453
1772813174.2640045,1871,159.93267822265625
1772813179.754608,1872,132.13282775878906
1772813182.806636,1873,91.4765396118164
1772813188.39697,1874,96.81006622314453
1772813197.3118765,1875,90.69771575927734
1772813209.0306416,1876,99.56241607666016
1772813222.552999,1877,106.52360534667969
1772813225.703922,1878,68.16797637939453
1772813231.11358,1879,68.76453399658203
1772813246.952234,1880,80.7967529296875
1772813259.3130183,1881,110.17937469482422
1772813270.8271403,1882,106.36149597167969
1772813270.9582274,1883,37.36384582519531
1772813276.0536635,1884,119.37799072265625
1772813281.516637,1885,159.70233154296875
1772813284.6386483,1886,93.8738021850586
1772813287.7932296,1887,71.76026153564453
1772813291.508012,1888,92.22126770019531
1772813293.8655944,1889,102.55610656738281
1772813299.46977,1890,104.43951416015625
1772813300.6825325,1891,109.54951477050781
1772813321.8042803,1892,90.55992126464844
1772813327.5851347,1893,64.869873046875
1772813330.6855085,1894,46.091121673583984
1772813339.7203097,1895,71.91017150878906
1772813344.093517,1896,75.94239807128906
1772813345.4599957,1897,127.46060180664062
1772813346.056811,1898,34.6502685546875
1772813351.0493233,1899,94.90650177001953
1772813375.6174202,1900,99.46590423583984
1772813378.6585097,1901,80.40934753417969
1772813390.4034064,1902,85.29888916015625
1772813396.6006687,1903,90.8566665649414
1772813399.8958504,1904,57.49073791503906
1772813403.0380168,1905,120.8771743774414
1772813406.1225023,1906,111.23119354248047
1772813415.563008,1907,116.14610290527344
1772813540.173117,1908,75.3840560913086
1772813546.7565956,1909,71.56172943115234
1772813557.2784874,1910,60.26536560058594
1772813563.1568694,1911,101.27876281738281
1772813580.7123053,1912,97.22444152832031
1772813590.992376,1913,82.8885498046875
1772813593.9115734,1914,93.56546020507812
1772813595.51792,1915,125.6518783569336
1772813598.7244177,1916,71.3211441040039
1772813608.8532658,1917,68.76470947265625
1772813612.5979922,1918,112.88899993896484
1772813622.4232633,1919,79.80928802490234
1772813625.546172,1920,102.88782501220703
1772813628.846529,1921,195.0385284423828
1772813633.624012,1922,128.6898956298828
1772813641.8121374,1923,93.0230484008789
1772813646.2096825,1924,70.04354095458984
1772813649.2836258,1925,102.50978088378906
1772813656.8951309,1926,86.7198715209961
1772813666.9315817,1927,69.71269226074219
1772813671.1270444,1928,70.00048828125
1772813681.4605567,1929,83.64349365234375
1772813685.7795935,1930,88.80057525634766
1772813692.5539875,1931,102.84955596923828
1772813698.1997502,1932,109.6019287109375
1772813701.3592496,1933,89.6728286743164
1772813705.7159944,1934,82.486083984375
1772813711.4029944,1935,76.16715240478516
1772813723.1793685,1936,100.49714660644531
1772813723.3026967,1937,15.342608451843262
1772813727.7051919,1938,66.9279556274414
1772813738.7324293,1939,96.96846008300781
1772813746.7356749,1940,82.36349487304688
1772813746.8582754,1941,1189.7275390625
1772813752.945132,1942,94.10009002685547
1772813756.057772,1943,75.10343170166016
1772813768.3191361,1944,81.28411102294922
1772813772.35848,1945,64.4807357788086
1772813778.2710266,1946,104.08135223388672
1772813778.4360816,1947,40.503517150878906
1772813783.1913314,1948,99.51007080078125
1772813790.4672348,1949,99.9808578491211
1772813801.950262,1950,108.92139434814453
1772813805.0247269,1951,112.09742736816406
1772813807.2428112,1952,117.2342529296875
1772813815.0490859,1953,60.73798370361328
1772813821.2306733,1954,129.7674560546875
1772813839.090757,1955,90.42108917236328
1772813844.868779,1956,79.69193267822266
1772813978.7244515,1957,169.5034942626953
1772813982.6298678,1958,130.8094482421875
1772813987.0580285,1959,65.1254653930664
1772813992.7724934,1960,133.40367126464844
1772813997.1757576,1961,122.26420593261719
1772814002.0017366,1962,129.20681762695312
1772814005.1177635,1963,77.4743881225586
1772814008.9046092,1964,89.5808334350586
1772814012.0559905,1965,55.69424819946289
1772814014.4979076,1966,74.58551788330078
1772814020.149372,1967,72.3223648071289
1772814023.2677593,1968,104.47847747802734
1772814027.3361962,1969,96.66593170166016
1772814036.3310294,1970,104.455078125
1772814036.4541638,1971,16.58428192138672
1772814049.6991336,1972,78.3881607055664
1772814056.6343594,1973,76.12718200683594
1772814069.4582427,1974,90.11825561523438
1772814081.2810917,1975,85.63396453857422
1772814089.3371634,1976,72.00138092041016
1772814096.178543,1977,76.0251235961914
1772814103.759833,1978,108.25436401367188
1772814110.7387178,1979,64.93545532226562
1772814113.9255333,1980,90.52696228027344
1772814122.6308007,1981,106.33150482177734
1772814130.7200873,1982,90.36898040771484
1772814135.3732543,1983,75.65003204345703
1772814139.5751045,1984,92.7235336303711
1772814142.70183,1985,92.59800720214844
1772814143.9074519,1986,29.858570098876953
1772814147.0233436,1987,81.73994445800781
1772814155.460536,1988,88.18045043945312
1772814167.3713698,1989,79.16017150878906
1772814174.3834836,1990,62.65010070800781
1772814179.1448104,1991,106.58187866210938
1772814182.478011,1992,85.71670532226562
1772814186.2531717,1993,98.97750091552734
1772814188.4979331,1994,50.94132995605469
1772814191.6170902,1995,112.94190216064453
1772814193.9255335,1996,50.94908905029297
1772814197.9721422,1997,36.3416748046875
1772814204.6387134,1998,88.1878433227539
1772814224.2371507,1999,81.36225891113281
1772814244.3509808,2000,74.88606262207031
1772814252.0026102,2001,112.57337188720703
1772814272.0391905,2002,79.36831665039062
1772814377.0312524,2003,88.1771240234375
1772814380.148402,2004,83.84859466552734
1772814384.9638069,2005,89.83755493164062
1772814388.6908875,2006,83.51071166992188
1772814396.2706933,2007,136.52882385253906
1772814402.8966835,2008,75.91425323486328
1772814418.6907063,2009,67.36815643310547
1772814427.6999168,2010,86.2439193725586
1772814444.5688434,2011,74.37806701660156
1772814447.6713762,2012,195.07814025878906
1772814462.2285306,2013,77.27830505371094
1772814467.0515013,2014,85.3251953125
1772814473.0623071,2015,64.5049057006836
1772814478.6681108,2016,90.22763061523438
1772814485.0632067,2017,98.63301086425781
1772814492.820122,2018,93.4022445678711
1772814498.2591045,2019,46.767356872558594
1772814517.0640893,2020,81.9326400756836
1772814520.1537235,2021,97.69097900390625
1772814524.1449404,2022,150.75341796875
1772814532.6162376,2023,90.97565460205078
1772814536.72568,2024,71.04501342773438
1772814536.883524,2025,220.53915405273438
1772814549.535963,2026,81.9640121459961
1772814553.3804631,2027,82.37447357177734
1772814558.2185035,2028,72.65390014648438
1772814565.6006432,2029,86.35395812988281
1772814576.9032028,2030,65.70549774169922
1772814582.0837724,2031,76.96198272705078
1772814585.5478323,2032,36.047733306884766
1772814592.5322464,2033,59.20721435546875
1772814596.2565784,2034,101.0864028930664
1772814621.5466537,2035,84.22123718261719
1772814625.3125973,2036,100.27593231201172
1772814634.8686824,2037,90.26768493652344
1772814637.9927733,2038,145.4694366455078
1772814643.9887962,2039,75.91997528076172
1772814663.2370942,2040,82.55919647216797
1772814666.2753694,2041,67.54774475097656
1772814745.1010616,2042,129.03359985351562
1772814757.469992,2043,82.05404663085938
1772814761.7277803,2044,98.0141372680664
1772814766.1411157,2045,119.4644775390625
1772814777.4789393,2046,100.50487518310547
1772814791.2140665,2047,76.3838882446289
1772814794.738722,2048,72.72956848144531
1772814798.1922007,2049,87.3626937866211
1772814805.3282602,2050,116.63868713378906
1772814805.8235307,2051,34.33064270019531
1772814814.1253574,2052,84.33802032470703
1772814829.6066663,2053,79.72258758544922
1772814838.6793017,2054,74.27362060546875
1772814841.3880494,2055,95.10445404052734
1772814867.1586726,2056,74.54704284667969
1772814875.0218225,2057,70.09750366210938
1772814881.731152,2058,66.12115478515625
1772814892.4559355,2059,68.9980697631836
1772814914.819807,2060,81.04573059082031
1772814924.5250187,2061,75.2179183959961
1772814937.0939982,2062,88.04546356201172
1772814945.5875885,2063,74.07801818847656
1772814945.7083714,2064,19.73249053955078
1772814951.0050294,2065,115.14653015136719
1772814954.1671095,2066,120.14615631103516
1772814965.7278364,2067,82.60309600830078
1772814968.8503523,2068,83.68987274169922
1772814971.9407234,2069,40.34653091430664
1772814978.6245885,2070,78.29057312011719
1772814982.4484227,2071,76.97111511230469
1772814991.013996,2072,73.02384948730469
1772814995.5966592,2073,66.94192504882812
1772815003.176996,2074,73.83656311035156
1772815008.2130756,2075,77.97218322753906
1772815025.6690238,2076,86.47888946533203
1772815028.8395019,2077,78.24068450927734
1772815044.5676382,2078,85.0337905883789
1772815099.544779,2079,57.78240966796875
1772815107.6572871,2080,55.81111145019531
1772815116.9169037,2081,81.7386245727539
1772815124.9407876,2082,72.74302673339844
1772815137.784065,2083,57.243080139160156
1772815144.0742617,2084,71.04652404785156
1772815158.0966973,2085,87.97935485839844
1772815161.2168858,2086,94.74626922607422
1772815167.2009325,2087,94.25041198730469
1772815170.2986135,2088,82.599853515625
1772815187.5021753,2089,93.31780242919922
1772815198.2082229,2090,87.85040283203125
1772815202.304947,2091,77.22943115234375
1772815206.1869223,2092,67.36133575439453
1772815209.2626598,2093,95.07107543945312
1772815212.36392,2094,146.21078491210938
1772815217.4618685,2095,97.48753356933594
1772815221.7387264,2096,71.56027221679688
1772815229.9018795,2097,62.9743537902832
1772815233.505501,2098,56.683006286621094
1772815238.1915338,2099,71.38306427001953
1772815246.8874793,2100,86.9468002319336
1772815250.5727339,2101,119.78126525878906
1772815254.264179,2102,64.79296112060547
1772815258.4075396,2103,119.47053527832031
1772815261.4867616,2104,68.9059829711914
1772815273.2614784,2105,63.15247344970703
1772815291.0312743,2106,87.6053237915039
1772815292.9314122,2107,71.97830963134766
1772815300.5190232,2108,62.33290100097656
1772815309.9644818,2109,100.3232650756836
1772815313.0786486,2110,52.924564361572266
1772815316.1998408,2111,57.145259857177734
1772815328.5924304,2112,83.07818603515625
1772815331.7444227,2113,75.80990600585938
1772815339.499433,2114,103.11639404296875
1772815347.4469755,2115,109.26367950439453
1772815349.8231587,2116,110.11248779296875
1772815354.6440043,2117,91.59366607666016
1772815354.8917208,2118,25.232717514038086
1772815358.0194316,2119,91.88890838623047
1772815360.1632364,2120,40.19199752807617
1772815375.8606517,2121,79.15818786621094
1772815380.937897,2122,73.3619155883789
1772815388.325714,2123,72.46651458740234
1772815391.5546463,2124,84.46028137207031
1772815397.9259603,2125,50.31196212768555
1772815504.5783532,2126,94.59461212158203
1772815511.7834797,2127,95.28471374511719
1772815519.2051637,2128,79.72881317138672
1772815533.650517,2129,86.51565551757812
1772815545.3469827,2130,85.34723663330078
1772815550.6962144,2131,89.13041687011719
1772815559.332281,2132,102.2158432006836
1772815569.1203823,2133,69.6243667602539
1772815569.4216566,2134,185.79600524902344
1772815575.6464288,2135,75.63150024414062
1772815587.4487567,2136,68.63554382324219
1772815595.8274462,2137,70.32878112792969
1772815596.9108226,2138,148.87924194335938
1772815610.8697608,2139,73.91572570800781
1772815614.6406019,2140,85.06786346435547
1772815620.7446,2141,97.47602081298828
1772815626.3828943,2142,81.09563446044922
1772815626.6889632,2143,19.397907257080078
1772815629.5419128,2144,46.94200134277344
1772815637.29792,2145,66.42572784423828
1772815647.1193678,2146,92.59654235839844
1772815653.8116605,2147,62.719635009765625
1772815658.037862,2148,93.03324127197266
1772815661.1582162,2149,96.45547485351562
1772815666.453277,2150,98.41667175292969
1772815670.7825854,2151,61.170623779296875
1772815679.5919893,2152,60.69673156738281
1772815689.1518526,2153,68.33349609375
1772815694.6859844,2154,84.79834747314453
1772815695.3514922,2155,29.882610321044922
1772815707.121874,2156,53.20002746582031
1772815710.672108,2157,98.39791870117188
1772815729.7127542,2158,56.89809036254883
1772815743.25657,2159,94.94454193115234
1772815753.0436723,2160,89.06607055664062
1772815759.841301,2161,71.77872467041016
1772815768.2973611,2162,74.10015106201172
1772815771.9785903,2163,84.41693115234375
1772815776.7914898,2164,68.01335906982422
1772815779.8613114,2165,90.99671936035156
1772815786.9884062,2166,93.70600128173828
1772815790.1212716,2167,113.2614517211914
1772815793.2151709,2168,100.87602996826172
1772815798.9987924,2169,77.6144790649414
1772815803.0166326,2170,84.13528442382812
1772815887.156257,2171,106.98405456542969
1772815896.131769,2172,67.26058959960938
1772815916.4590485,2173,81.8735580444336
1772815931.2682166,2174,88.67462921142578
1772815942.5011456,2175,61.1556396484375
1772815950.2724354,2176,95.40277862548828
1772815961.3119261,2177,65.96562957763672
1772815976.912232,2178,63.35423278808594
1772815981.327771,2179,82.6396255493164
1772815992.5353565,2180,88.90877532958984
1772816001.0780153,2181,74.80402374267578
1772816007.8461654,2182,83.21056365966797
1772816014.160199,2183,83.83589172363281
1772816017.2649193,2184,101.5316390991211
1772816018.735199,2185,66.06495666503906
1772816021.5277064,2186,48.24837112426758
1772816027.2967718,2187,47.594547271728516
1772816037.8605645,2188,49.61311340332031
1772816038.519451,2189,54.49644088745117
1772816047.3218598,2190,74.16895294189453
1772816056.339176,2191,76.65757751464844
1772816091.9554176,2192,70.4758071899414
1772816093.7444153,2193,120.77613830566406
1772816098.670177,2194,50.8956413269043
1772816113.069259,2195,65.86957550048828
1772816119.3471467,2196,105.429443359375
1772816126.5428576,2197,84.96263885498047
1772816134.7762988,2198,65.6108169555664
1772816134.9560637,2199,82.73312377929688
1772816139.4395993,2200,69.75914001464844
1772816145.3236444,2201,60.17234802246094
1772816155.951002,2202,64.6468276977539
1772816162.23354,2203,76.20410919189453
1772816167.9779892,2204,65.22197723388672
1772816170.981687,2205,76.46724700927734
1772816183.1661725,2206,62.19285202026367
1772816188.4006026,2207,50.37216567993164
1772816189.2617247,2208,86.8433609008789
1772816193.4111388,2209,37.469268798828125
1772816280.7295327,2210,62.34969711303711
1772816282.0239224,2211,145.94580078125
1772816318.4787934,2212,82.47119140625
1772816327.6150315,2213,67.89656066894531
1772816335.6846175,2214,80.85192108154297
1772816339.0312521,2215,81.1759033203125
1772816342.087967,2216,77.86346435546875
1772816358.8646712,2217,65.73164367675781
1772816362.0300477,2218,78.78201293945312
1772816369.1954584,2219,61.41712951660156
1772816381.4105937,2220,73.60443115234375
1772816381.649046,2221,80.27349090576172
1772816388.3049438,2222,90.269287109375
1772816410.6914911,2223,78.2457504272461
1772816416.8341067,2224,95.9535903930664
1772816422.7328706,2225,70.80929565429688
1772816427.7011194,2226,53.64891815185547
1772816430.1644042,2227,88.8872299194336
1772816434.4173098,2228,73.01105499267578
1772816440.2974045,2229,82.58507537841797
1772816449.8224573,2230,77.3642807006836
1772816460.5899336,2231,92.90682983398438
1772816469.471564,2232,59.899723052978516
1772816474.3216496,2233,86.1843032836914
1772816478.2708237,2234,98.22026062011719
1772816479.424844,2235,97.36268615722656
1772816482.6326017,2236,93.01978302001953
1772816494.4818869,2237,73.71324920654297
1772816500.4049618,2238,101.78447723388672
1772816500.528217,2239,24.53948211669922
1772816517.124855,2240,87.14552307128906
1772816523.8109672,2241,55.65480422973633
1772816528.6560736,2242,74.75743103027344
1772816537.14364,2243,66.01947784423828
1772816546.3797162,2244,47.8736686706543
1772816560.2785828,2245,62.93766784667969
1772816573.287358,2246,77.9754638671875
1772816576.7527618,2247,95.31745910644531
1772816593.8312712,2248,69.92794799804688
1772816753.2614648,2249,54.55108642578125
1772816756.8201087,2250,98.49427795410156
1772816764.1321316,2251,48.324806213378906
1772816771.409847,2252,68.64248657226562
1772816779.4485207,2253,81.65502166748047
1772816798.0884798,2254,70.1731948852539
1772816816.1654322,2255,79.55309295654297
1772816822.997808,2256,56.32331466674805
1772816838.2895727,2257,78.71321105957031
1772816847.0885673,2258,84.15550994873047
1772816856.2982345,2259,76.80165100097656
1772816872.1097465,2260,74.85807037353516
1772816876.7887466,2261,90.68348693847656
1772816880.741362,2262,116.45538330078125
1772816886.9255981,2263,81.03861999511719
1772816890.0169032,2264,93.3072509765625
1772816901.7930624,2265,69.93521881103516
1772816927.9277165,2266,83.3719711303711
1772816933.203813,2267,51.588958740234375
1772816937.9700503,2268,65.80171966552734
1772816954.3581953,2269,62.242523193359375
1772816959.3420606,2270,72.15750122070312
1772816967.2656667,2271,64.55352783203125
1772816999.0597494,2272,65.30978393554688
1772817006.1212485,2273,72.01895904541016
1772817014.535581,2274,93.80770111083984
1772817019.1761408,2275,56.954551696777344
1772817022.0969365,2276,44.03071594238281
1772817027.560193,2277,42.89002990722656
1772817038.2577975,2278,65.65556335449219
1772817162.0348575,2279,95.30596923828125
1772817165.1818342,2280,37.559268951416016
1772817187.4078932,2281,59.325984954833984
1772817193.4940333,2282,75.21236419677734
1772817197.336094,2283,57.157222747802734
1772817201.9364324,2284,77.06884002685547
1772817204.3564878,2285,110.61156463623047
1772817208.9913104,2286,63.64232635498047
1772817212.0715535,2287,65.8935317993164
1772817229.8135476,2288,70.86880493164062
1772817232.9342766,2289,37.5858268737793
1772817239.4076118,2290,78.91510772705078
1772817253.1987557,2291,66.84324645996094
1772817268.2895439,2292,83.27294158935547
1772817280.592662,2293,76.88951873779297
1772817293.8940496,2294,70.87547302246094
1772817297.316778,2295,108.0544662475586
1772817301.8019025,2296,72.35847473144531
1772817310.5997384,2297,76.80715942382812
1772817318.8389492,2298,83.50086975097656
1772817321.993693,2299,73.78617858886719
1772817322.1256368,2300,18.460365295410156
1772817325.3100555,2301,60.63331985473633
1772817328.7810664,2302,56.61327362060547
1772817339.8615634,2303,105.15220642089844
1772817347.7993045,2304,54.116416931152344
1772817361.5899096,2305,88.93003845214844
1772817366.5948172,2306,68.99150848388672
1772817371.7313573,2307,70.27423095703125
1772817374.6959617,2308,66.98307037353516
1772817382.511292,2309,76.09812927246094
1772817392.7676003,2310,70.30400848388672
1772817400.3135924,2311,74.48849487304688
1772817405.8537016,2312,71.28340911865234
1772817420.3275666,2313,67.31269073486328
1772817425.603054,2314,71.64552307128906
1772817432.8210044,2315,95.08622741699219
1772817435.9415286,2316,83.46895599365234
1772817439.857631,2317,61.72983932495117
1772817446.223214,2318,97.10370635986328
1772817453.605056,2319,59.63914108276367
1772817494.2723966,2320,85.79298400878906
1772817500.392735,2321,94.73646545410156
1772817501.2383823,2322,161.37701416015625
1772817508.2791607,2323,60.85191345214844
1772817515.1131315,2324,56.32212448120117
1772817515.3516443,2325,17.1717472076416
1772817518.4357002,2326,108.60874938964844
1772817535.0287926,2327,73.44023132324219
1772817540.4372828,2328,76.77861022949219
1772817543.5325892,2329,54.829593658447266
1772817552.846447,2330,62.89583206176758
1772817565.3768444,2331,68.00751495361328
1772817565.508815,2332,19.439594268798828
1772817573.2348957,2333,76.15575408935547
1772817578.3828456,2334,66.41883850097656
1772817584.1463835,2335,83.30218505859375
1772817589.907434,2336,57.387359619140625
1772817599.6937099,2337,81.48857879638672
1772817622.9738293,2338,65.53772735595703
1772817626.805678,2339,70.11275482177734
1772817645.513104,2340,76.68509674072266
1772817645.6407397,2341,11.594060897827148
1772817645.7669733,2342,33.86007308959961
1772817652.1431994,2343,57.97736740112305
1772817655.0169795,2344,118.04698944091797
1772817655.143721,2345,37.590972900390625
1772817658.228418,2346,35.889808654785156
1772817664.5150547,2347,94.14999389648438
1772817667.588544,2348,50.23482894897461
1772817671.4565706,2349,107.8021469116211
1772817675.62433,2350,169.7078094482422
1772817686.0612302,2351,81.0333251953125
1772817692.6781414,2352,59.00040054321289
1772817702.2932358,2353,58.89487075805664
1772817702.4152448,2354,12.967531204223633
1772817707.202368,2355,50.18689727783203
1772817720.8168085,2356,83.1575698852539
1772817725.455598,2357,84.60604095458984
1772817728.5255508,2358,66.40685272216797
1772817732.9764946,2359,82.36676788330078
1772817737.140172,2360,98.8134994506836
1772817746.1312573,2361,82.40234375
1772817757.4406261,2362,72.4410629272461
1772817764.6650336,2363,82.65433502197266
1772817771.9912057,2364,69.84686279296875
1772817775.0331323,2365,68.12014770507812
1772817786.7392914,2366,54.663429260253906
1772817801.770959,2367,60.096920013427734
1772817886.2535284,2368,45.43207931518555
1772817892.6749656,2369,81.81027221679688
1772817893.5561132,2370,22.04239273071289
1772817900.9091058,2371,99.62519073486328
1772817908.296327,2372,59.124114990234375
1772817911.3932748,2373,52.45207595825195
1772817916.0354748,2374,54.72569274902344
1772817918.6628232,2375,93.841796875
1772817926.0986068,2376,68.11390686035156
1772817931.10772,2377,71.36317443847656
1772817946.8903294,2378,78.48605346679688
1772817950.5360425,2379,112.73643493652344
1772817955.6243055,2380,108.09228515625
1772817962.7452955,2381,102.68246459960938
1772817966.4902267,2382,60.61583709716797
1772817969.5761497,2383,86.73087310791016
1772817984.9573889,2384,54.744834899902344
1772817988.0885875,2385,105.27710723876953
1772817994.3707836,2386,49.04458999633789
1772817998.5687253,2387,54.98252487182617
1772818008.6160412,2388,62.88021469116211
1772818013.5557861,2389,54.6390266418457
1772818018.3881254,2390,68.210205078125
1772818018.866368,2391,188.16299438476562
1772818023.9921753,2392,54.23942184448242
1772818024.1112149,2393,15.517278671264648
1772818038.4130313,2394,88.67700958251953
1772818040.1300168,2395,118.32138061523438
1772818045.9906247,2396,125.34656524658203
1772818053.1231298,2397,95.50338745117188
1772818057.686499,2398,102.50238800048828
1772818060.9494612,2399,61.77391052246094
1772818065.9582567,2400,97.21186065673828
1772818069.8151712,2401,50.569053649902344
1772818073.001638,2402,88.84683227539062
1772818080.7333086,2403,56.2507209777832
1772818084.7975347,2404,75.43347930908203
1772818091.085402,2405,51.92955017089844
1772818099.9858987,2406,78.92103576660156
1772818103.2048385,2407,101.2509994506836
1772818142.2488556,2408,78.98306274414062
1772818150.3548746,2409,57.44063949584961
1772818154.771417,2410,69.59142303466797
1772818164.097205,2411,62.27790451049805
1772818177.2248945,2412,84.73625946044922
1772818258.874566,2413,20.644229888916016
1772818267.1389008,2414,76.8214340209961
1772818272.3240166,2415,72.97320556640625
1772818282.910596,2416,63.10997009277344
1772818291.7894323,2417,73.01219177246094
1772818294.2757218,2418,59.1480827331543
1772818304.9382854,2419,65.96041870117188
1772818308.1419284,2420,69.2904281616211
1772818314.8194413,2421,80.31061553955078
1772818321.7643073,2422,77.54496002197266
1772818324.8424354,2423,63.7503547668457
1772818328.9354675,2424,78.36823272705078
1772818344.552089,2425,90.06574249267578
1772818344.8055294,2426,53.715457916259766
1772818349.9979196,2427,70.82160949707031
1772818356.8454046,2428,78.0802001953125
1772818361.0663347,2429,48.71431350708008
1772818365.94364,2430,81.09326934814453
1772818374.9187386,2431,70.98184204101562
1772818381.3626888,2432,78.80142974853516
1772818388.6150231,2433,75.87024688720703
1772818392.9846478,2434,64.72608184814453
1772818398.3553894,2435,75.25428771972656
1772818401.2863705,2436,62.67843246459961
1772818404.4639683,2437,84.22079467773438
1772818407.6458926,2438,79.99982452392578
1772818426.6011152,2439,100.62622833251953
1772818431.869556,2440,86.65908813476562
1772818433.285663,2441,51.902339935302734
1772818433.877993,2442,39.47237777709961
1772818437.653048,2443,56.73948669433594
1772818440.7507653,2444,36.21891784667969
1772818452.5931218,2445,65.16352844238281
1772818461.6235268,2446,83.00605010986328
1772818467.9555194,2447,69.85478210449219
1772818471.2475781,2448,73.18017578125
1772818481.610625,2449,60.404476165771484
1772818485.481838,2450,76.89116668701172
1772818488.7084494,2451,55.07697296142578
1772818491.909824,2452,53.601829528808594
1772818499.2529066,2453,97.3536148071289
1772818502.681512,2454,71.02873229980469
1772818512.7137115,2455,68.18087768554688
1772818515.8631458,2456,67.81195068359375
1772818530.6437862,2457,60.26521301269531
1772818537.8683314,2458,49.8543586730957
1772818545.3939946,2459,78.41264343261719
1772818548.5795658,2460,92.72307586669922
1772818548.7067764,2461,30.034793853759766
1772818553.2281463,2462,85.8647689819336
1772818566.79864,2463,77.3604736328125
1772818598.286033,2464,94.3517074584961
1772818604.5607991,2465,90.26681518554688
1772818607.6976986,2466,86.30066680908203
1772818612.575029,2467,95.54039764404297
1772818625.666127,2468,63.94420623779297
1772818626.146372,2469,22.240829467773438
1772818633.7506871,2470,104.06356811523438
1772818641.6304967,2471,55.99580383300781
1772818648.524892,2472,98.48719024658203
1772818663.6565638,2473,63.51762390136719
1772818677.009846,2474,89.78704833984375
1772818680.099199,2475,74.08679962158203
1772818685.0046625,2476,71.24408721923828
1772818690.6463873,2477,117.05927276611328
1772818695.5351977,2478,44.55419921875
1772818716.3037164,2479,76.91165161132812
1772818729.9417334,2480,66.96309661865234
1772818739.3321428,2481,73.2713623046875
1772818741.526858,2482,62.65628433227539
1772818748.064891,2483,59.43062973022461
1772818760.037638,2484,70.05882263183594
1772818763.428281,2485,75.76182556152344
1772818775.5946603,2486,62.027503967285156
1772818778.7284782,2487,87.12116241455078
1772818781.8340354,2488,79.85442352294922
1772818784.9186864,2489,85.64362335205078
1772818787.6640224,2490,89.69276428222656
1772818790.5434113,2491,57.405948638916016
1772818793.7125566,2492,64.5639419555664
1772818803.4946322,2493,86.38973236083984
1772818814.2549944,2494,88.29801940917969
1772818825.309056,2495,61.659812927246094
1772818828.4378195,2496,33.44887924194336
1772818831.5086336,2497,107.91541290283203
1772818838.5495358,2498,56.781002044677734
1772818848.3699043,2499,65.26039123535156
1772818851.6807559,2500,40.82614517211914
1772818854.8338144,2501,43.58812713623047
1772818862.2928278,2502,46.90346145629883
1772818865.7526772,2503,81.53109741210938
1772818875.9088013,2504,47.56510543823242
1772818880.2717834,2505,56.64944839477539
1772818892.6703265,2506,52.65200424194336
1772818950.2438943,2507,100.36151885986328
1772818955.1850488,2508,93.70361328125
1772818967.7640185,2509,97.48350524902344
1772818968.8129623,2510,39.725032806396484
1772818978.2744436,2511,86.55821990966797
1772818985.2311409,2512,53.58260726928711
1772818995.2745073,2513,58.16501235961914
1772819008.4294052,2514,61.77207565307617
1772819017.925925,2515,64.17877960205078
1772819022.8626533,2516,53.22883224487305
1772819029.9225698,2517,115.84765625
1772819040.4970825,2518,52.9056510925293
1772819046.9210243,2519,97.99176025390625
1772819056.9584646,2520,105.51885986328125
1772819062.4527962,2521,61.55501174926758
1772819065.2555194,2522,52.466243743896484
1772819068.344359,2523,55.59971618652344
1772819071.5547643,2524,99.32844543457031
1772819078.732046,2525,82.66460418701172
1772819084.2962961,2526,49.691062927246094
1772819087.461961,2527,49.49617004394531
1772819090.6474373,2528,137.69810485839844
1772819094.2319179,2529,143.46617126464844
1772819100.521429,2530,106.7102279663086
1772819108.07166,2531,110.87896728515625
1772819111.2201645,2532,51.47073745727539
1772819116.7555344,2533,88.97419738769531
1772819123.8265522,2534,55.64404296875
1772819126.8604853,2535,50.57100296020508
1772819132.6629767,2536,44.07859802246094
1772819132.820897,2537,15.032995223999023
1772819135.9062803,2538,117.07210540771484
1772819142.5693927,2539,71.50080108642578
1772819142.6933959,2540,449.8045959472656
1772819146.4211607,2541,55.90257263183594
1772819149.6358843,2542,113.47969818115234
1772819160.6260953,2543,54.4803581237793
1772819173.6119814,2544,80.41876983642578
1772819178.0225687,2545,48.16511535644531
1772819181.4569757,2546,50.564613342285156
1772819183.9549868,2547,60.19620895385742
1772819188.4492908,2548,82.65983581542969
1772819201.7655513,2549,84.98103332519531
1772819202.3996,2550,103.28346252441406
1772819209.2454274,2551,102.30538940429688
1772819212.3755486,2552,57.90349197387695
1772819216.355325,2553,59.12498474121094
1772819222.8619347,2554,74.63612365722656
1772819231.9069657,2555,86.63536071777344
1772819244.2105894,2556,59.717437744140625
1772819259.0697439,2557,84.22283935546875
1772819366.8089912,2558,67.68984985351562
1772819372.7359974,2559,98.23858642578125
1772819379.2060993,2560,105.23609924316406
1772819384.234951,2561,91.3746337890625
1772819386.3500805,2562,81.74693298339844
1772819389.575478,2563,48.54079818725586
1772819392.7849975,2564,61.47357177734375
1772819403.78428,2565,96.94583129882812
1772819406.9600725,2566,99.0521011352539
1772819411.8974128,2567,64.93119812011719
1772819423.5278115,2568,72.03549194335938
1772819426.647983,2569,71.58415222167969
1772819435.1216197,2570,67.97021484375
1772819438.1954987,2571,122.09390258789062
1772819444.8759646,2572,100.87721252441406
1772819457.9088936,2573,89.1671371459961
1772819466.691689,2574,78.4485092163086
1772819469.8142502,2575,84.33714294433594
1772819472.89863,2576,75.86604309082031
1772819479.9161954,2577,111.99922943115234
1772819484.4525547,2578,51.34379196166992
1772819489.5746677,2579,93.46273040771484
1772819496.5974927,2580,58.8600959777832
1772819500.8672616,2581,63.1314811706543
1772819504.0090966,2582,74.63070678710938
1772819512.1525557,2583,95.80487060546875
1772819514.509345,2584,65.50836944580078
1772819516.1573582,2585,126.68853759765625
1772819525.9426277,2586,70.22206115722656
1772819529.9062738,2587,92.18595123291016
1772819537.1677034,2588,65.46078491210938
1772819537.7119398,2589,26.732959747314453
1772819547.6720788,2590,72.15972900390625
1772819552.39017,2591,45.32117462158203
1772819557.416672,2592,55.74241256713867
1772819560.5320015,2593,124.85810852050781
1772819564.3185985,2594,99.97079467773438
1772819568.313046,2595,75.07675170898438
1772819571.9175894,2596,82.08753204345703
1772819577.0995326,2597,90.05386352539062
1772819581.0213506,2598,73.97868347167969
1772819588.522312,2599,83.37654113769531
1772819593.291661,2600,99.13726043701172
1772819611.7619686,2601,65.03012084960938
1772819618.4327838,2602,64.6497573852539
1772819624.268225,2603,106.45407104492188
1772819628.375438,2604,65.94438171386719
1772819631.531026,2605,76.9925537109375
1772819642.398935,2606,52.221439361572266
1772819647.0752876,2607,79.88117980957031
1772819657.158843,2608,62.28510665893555
1772819752.595327,2609,64.90402221679688
1772819757.86717,2610,65.65481567382812
1772819765.52288,2611,62.416908264160156
1772819769.710649,2612,102.50270080566406
1772819774.782758,2613,60.23728942871094
1772819777.9732075,2614,136.40753173828125
1772819784.6551702,2615,72.40301513671875
1772819790.2410066,2616,52.949337005615234
1772819795.951651,2617,84.1275863647461
1772819804.5799057,2618,74.62559509277344
1772819807.7004714,2619,57.410362243652344
1772819817.7946436,2620,94.26568603515625
1772819823.50838,2621,86.14612579345703
1772819827.837993,2622,60.48109817504883
1772819839.220192,2623,83.71932220458984
1772819842.3849447,2624,76.8720703125
1772819845.5530133,2625,117.05934143066406
1772819849.1558871,2626,79.04440307617188
1772819863.9599097,2627,74.01311492919922
1772819868.7047262,2628,134.66827392578125
1772819873.6142914,2629,81.71318054199219
1772819896.2860372,2630,70.11673736572266
1772819899.4503243,2631,73.76876831054688
1772819908.6565993,2632,98.85505676269531
1772819913.181488,2633,106.32176971435547
1772819916.2435625,2634,70.63756561279297
1772819924.4462602,2635,97.87492370605469
1772819932.743233,2636,87.322021484375
1772819934.1458325,2637,158.2322235107422
1772819937.6127312,2638,82.115966796875
1772819945.919961,2639,69.25962829589844
1772819946.046699,2640,17.72117805480957
1772819949.1720302,2641,46.665340423583984
1772819952.2810717,2642,94.50689697265625
1772819955.3985856,2643,33.71202087402344
1772819958.5608683,2644,99.7642593383789
1772819964.7364972,2645,67.48410034179688
1772819970.3186977,2646,71.7277603149414
1772819973.4589596,2647,56.16950607299805
1772819981.6536155,2648,96.67508697509766
1772819985.270515,2649,66.17170715332031
1772819988.4469044,2650,56.58189010620117
1772819993.2223005,2651,84.80181121826172
1772819993.3510008,2652,873.924072265625
1772820003.3974617,2653,56.277488708496094
1772820003.5228913,2654,1467.7174072265625
1772820004.8352876,2655,118.05950927734375
1772820010.2895074,2656,85.64228820800781
1772820019.2859988,2657,76.26469421386719
1772820022.4259472,2658,73.90568542480469
1772820026.5931528,2659,64.29475402832031
1772820036.2005332,2660,99.06462097167969
1772820111.7784393,2661,95.71441650390625
1772820115.9469843,2662,59.41130447387695
1772820121.596572,2663,98.20234680175781
1772820130.9866211,2664,107.6366958618164
1772820137.5308561,2665,70.91192626953125
1772820141.2072392,2666,77.70882415771484
1772820146.3726046,2667,99.31257629394531
1772820150.6020064,2668,106.20050048828125
1772820154.8203275,2669,49.34585952758789
1772820160.6155221,2670,62.217994689941406
1772820169.6900759,2671,56.75019454956055
1772820178.179304,2672,93.00115203857422
1772820184.6282876,2673,65.4917984008789
1772820194.1584187,2674,100.23551940917969
1772820197.2982423,2675,51.97661209106445
1772820201.2816408,2676,89.62179565429688
1772820211.326011,2677,46.00735855102539
1772820224.7700715,2678,72.27127075195312
1772820228.5929456,2679,63.010196685791016
1772820234.3126006,2680,109.66300201416016
1772820252.3881485,2681,68.32429504394531
1772820256.9253268,2682,36.562747955322266
1772820261.2229629,2683,102.35133361816406
1772820266.6676707,2684,76.84327697753906
1772820272.0152798,2685,57.4092903137207
1772820290.1887362,2686,69.66582489013672
1772820296.617121,2687,127.1902084350586
1772820302.4100168,2688,77.12345886230469
1772820306.0952299,2689,66.13903045654297
1772820319.846021,2690,70.63835906982422
1772820324.6182084,2691,114.79769897460938
1772820324.9224172,2692,34.84147644042969
1772820340.758466,2693,79.30217742919922
1772820345.2075052,2694,57.56650161743164
1772820351.3508887,2695,77.14647674560547
1772820352.8888063,2696,56.840946197509766
1772820358.9594393,2697,81.9566421508789
1772820362.4965217,2698,91.78590393066406
1772820367.4626539,2699,83.39668273925781
1772820377.2694786,2700,121.03462982177734
1772820385.298392,2701,70.78851318359375
1772820393.4435747,2702,92.21746826171875
1772820404.5957344,2703,80.09566497802734
1772820510.4533725,2704,65.55735778808594
1772820516.2136407,2705,100.73722076416016
1772820517.1381736,2706,39.342254638671875
1772820526.2327507,2707,65.83358001708984
1772820529.392298,2708,125.87387084960938
1772820534.8166614,2709,58.01206970214844
1772820543.6384578,2710,82.36563110351562
1772820548.3370414,2711,74.90972900390625
1772820552.7809892,2712,63.35664749145508
1772820555.9721963,2713,62.175357818603516
1772820563.2006323,2714,76.00279235839844
1772820566.4135268,2715,63.61594009399414
1772820569.5129566,2716,170.96807861328125
1772820576.7354834,2717,83.35038757324219
1772820581.5804405,2718,119.13636016845703
1772820589.1049256,2719,65.91383361816406
1772820592.2483504,2720,85.41830444335938
1772820602.9433274,2721,85.7612533569336
1772820605.134423,2722,58.57307434082031
1772820609.997761,2723,79.27857208251953
1772820624.4253132,2724,80.41582489013672
1772820628.398624,2725,42.936954498291016
1772820633.7083302,2726,45.91489791870117
1772820637.34381,2727,58.779075622558594
1772820645.6223462,2728,110.6108627319336
1772820654.659686,2729,83.91020202636719
1772820654.7890027,2730,18.70643424987793
1772820660.6619365,2731,72.203369140625
1772820663.7359638,2732,78.4344253540039
1772820672.6694753,2733,104.92593383789062
1772820682.689301,2734,51.927425384521484
1772820682.8195105,2735,18.153013229370117
1772820689.7597122,2736,52.165279388427734
1772820703.929867,2737,69.06444549560547
1772820710.5124772,2738,80.63197326660156
1772820721.8065188,2739,68.39057159423828
1772820725.173564,2740,32.9367790222168
1772820734.4787304,2741,75.41527557373047
1772820747.0015004,2742,66.72966003417969
1772820761.604213,2743,98.62321472167969
1772820772.404631,2744,65.293212890625
1772820784.8045325,2745,56.9403190612793
1772820789.1030486,2746,78.53726959228516
1772820796.6736631,2747,58.903812408447266
1772820812.3966722,2748,70.30716705322266
1772820924.3698766,2749,86.72515869140625
1772820930.2133937,2750,112.9576187133789
1772820933.8163316,2751,48.5645751953125
1772820936.949821,2752,60.84355926513672
1772820937.0704796,2753,17.000598907470703
1772820945.6366336,2754,72.47046661376953
1772820950.4356272,2755,75.60662078857422
1772820954.3247848,2756,76.00885772705078
1772820957.5213218,2757,72.40145111083984
1772820966.436667,2758,80.4195785522461
1772820969.2825358,2759,56.874305725097656
1772820969.40768,2760,18.927738189697266
1772820971.887594,2761,69.07865142822266
1772820983.6257894,2762,73.65969848632812
1772820989.0366576,2763,90.46879577636719
1772820992.248137,2764,46.640113830566406
1772820997.2699995,2765,63.68312072753906
1772821009.1665335,2766,54.60438537597656
1772821012.3435924,2767,56.860679626464844
1772821015.5553105,2768,99.62909698486328
1772821026.034578,2769,58.06981658935547
1772821029.1065526,2770,38.133262634277344
1772821043.4117315,2771,71.2164077758789
1772821062.072777,2772,105.7502670288086
1772821079.2366228,2773,73.36913299560547
1772821079.4968493,2774,30.261127471923828
1772821079.8565984,2775,65.63023376464844
1772821086.1751027,2776,73.16634368896484
1772821092.4702764,2777,77.99666595458984
1772821095.6487353,2778,51.52720260620117
1772821095.7810333,2779,13.407037734985352
1772821098.920597,2780,53.609947204589844
1772821102.1496117,2781,63.30408477783203
1772821105.3327022,2782,106.12272644042969
1772821108.3565512,2783,96.80076599121094
1772821114.0067396,2784,77.79710388183594
1772821118.3215158,2785,71.3331069946289
1772821138.2127845,2786,85.4803695678711
1772821146.6413867,2787,76.10748291015625
1772821156.9635117,2788,94.63353729248047
1772821160.1209493,2789,84.04301452636719
1772821163.3155785,2790,90.75540924072266
1772821170.0289798,2791,82.95829772949219
1772821174.9484565,2792,45.97039794921875
1772821194.5682142,2793,110.10653686523438
1772821199.7045143,2794,57.548728942871094
1772821214.5632002,2795,94.72384643554688
1772821220.8180418,2796,74.3541259765625
1772821364.874978,2797,73.01062774658203
1772821368.1004155,2798,112.21231079101562
1772821373.6814451,2799,42.2505989074707
1772821382.0881286,2800,103.28619384765625
1772821383.3454366,2801,38.48019027709961
1772821392.7272124,2802,54.379066467285156
1772821404.0971627,2803,64.12393951416016
1772821407.8800445,2804,84.67082977294922
1772821417.7154536,2805,54.845882415771484
1772821421.5134013,2806,61.717124938964844
1772821431.9157996,2807,68.22689819335938
1772821439.109466,2808,82.3350830078125
1772821446.5046012,2809,62.949222564697266
1772821449.7016997,2810,76.71700286865234
1772821462.1968598,2811,74.5770492553711
1772821478.0865006,2812,106.27462005615234
1772821489.547206,2813,82.60254669189453
1772821493.872239,2814,79.21875
1772821500.3085837,2815,79.6549072265625
1772821512.2722816,2816,80.70850372314453
1772821512.3941002,2817,48.55242919921875
1772821519.1518183,2818,100.50328826904297
1772821533.492498,2819,77.10557556152344
1772821540.4062462,2820,76.64200592041016
1772821543.6850333,2821,67.27342224121094
1772821546.8095205,2822,58.209266662597656
1772821556.375722,2823,69.03767395019531
1772821562.6968944,2824,96.71016693115234
1772821564.5341907,2825,46.804779052734375
1772821577.193591,2826,82.05313110351562
1772821580.4523957,2827,62.58576583862305
1772821590.4411352,2828,128.8489227294922
1772821595.1758523,2829,65.29763793945312
1772821598.54048,2830,84.01981353759766
1772821607.9795344,2831,90.34784698486328
1772821611.1228426,2832,49.22618103027344
1772821614.2612724,2833,68.03621673583984
1772821624.1630135,2834,79.40826416015625
1772821624.2867641,2835,17.264999389648438
1772821627.3706934,2836,85.8033447265625
1772821634.1883008,2837,48.495887756347656
1772821641.1350527,2838,81.42677307128906
1772821645.3503876,2839,58.06233215332031
1772821652.5875561,2840,61.33822250366211
