wall_time,step,value
1771500913.6880307,1,19804.3828125
1771500918.1348403,2,464.7659606933594
1771500918.265355,3,937.614013671875
1771500918.3921595,4,921.0662231445312
1771500933.2825234,5,288.6798400878906
1771500935.906677,6,271.4394226074219
1771500936.294203,7,407.4184265136719
1771500938.2116582,8,340.8878173828125
1771500941.0241039,9,351.6713562011719
1771500943.1269703,10,348.6673583984375
1771500945.1472754,11,302.3941955566406
1771500947.9574223,12,365.6708679199219
1771500948.286338,13,505.26513671875
1771500950.3243947,14,404.92022705078125
1771501174.1000297,1,19804.3671875
1771501178.5493417,2,464.56268310546875
1771501178.6690853,3,936.9686279296875
1771501178.7945952,4,919.9326782226562
1771501197.1374414,5,240.61317443847656
1771501201.4855928,6,288.5797424316406
1771501205.7550404,7,225.19882202148438
1771501210.7852762,8,260.09686279296875
1771501210.9674034,9,653.891357421875
1771501211.565147,10,372.733642578125
1771501214.5764832,11,304.64654541015625
1771501245.9621212,1,244.9239501953125
1771501247.5869534,2,302.6181640625
1771501247.7156787,3,420.6973876953125
1771501250.828855,4,383.63287353515625
1771501258.7031424,5,364.2220153808594
1771501265.3621652,6,233.5707244873047
1771501266.4285817,7,386.297607421875
1771501266.5626607,8,394.2901611328125
1771501266.8923655,9,756.79541015625
1771501268.1663823,10,417.83319091796875
1771501277.0109122,11,359.2594299316406
1771501277.132819,12,16.466127395629883
1771501278.0793593,13,329.4702453613281
1771501278.8238726,14,509.0166931152344
1771513592.1147404,1,19804.359375
1771513596.4806142,2,231.02978515625
1771513601.645732,3,206.29678344726562
1771513604.0052323,4,225.24337768554688
1771513604.743026,5,257.2251281738281
1771513606.0089543,6,467.9761047363281
1771513606.128093,7,4.078146457672119
1771513608.0557628,8,513.6069946289062
1771513611.121435,9,476.5472106933594
1771513613.7206457,10,479.6964111328125
1771513616.8889291,11,376.3612976074219
1771513629.0174286,12,250.44674682617188
1771513632.1811981,13,238.41111755371094
1771513637.9576685,14,226.20616149902344
1771513639.16196,15,201.7520294189453
1771513641.4272542,16,278.03045654296875
1771513648.1181903,17,244.06069946289062
1771513650.3143058,18,161.4927215576172
1771513650.4406574,19,8.373481750488281
1771513653.4619443,20,274.5969543457031
1771513659.3134885,21,180.7908477783203
1771513660.5728202,22,279.4427795410156
1771513670.8413033,23,188.0869903564453
1771513672.0482426,24,253.25030517578125
1771513682.2329085,25,176.8135528564453
1771513690.9260206,26,175.9590606689453
1771513691.0522866,27,305.82708740234375
1771513691.1777525,28,15.735445976257324
1771513694.2048774,29,135.495361328125
1771513695.98847,30,228.3345947265625
1771513696.82477,31,217.64425659179688
1771513704.4859817,32,218.11843872070312
1771513712.5244813,33,198.3177947998047
1771513718.7439432,34,143.4990234375
1771513719.3358204,35,148.74705505371094
1771513722.2152872,36,185.0439910888672
1771513729.311334,37,169.1474151611328
1771513736.2892022,38,193.17372131347656
1771513738.294161,39,239.7898406982422
1771513741.451514,40,196.93325805664062
1771513743.6637855,41,172.16943359375
1771513745.3007007,42,142.18447875976562
1771513748.7746048,43,204.4359588623047
1771513752.0807292,44,227.99551391601562
1771513758.7310843,45,152.29415893554688
1771513758.9183152,46,264.5533142089844
1771513762.2077606,47,155.4974365234375
1771513767.3329477,48,136.257568359375
1771513772.3467753,49,164.5400390625
1771513772.4668224,50,380.43341064453125
1771513775.3857853,51,182.69081115722656
1771513779.8643148,52,159.49871826171875
1771513779.9837396,53,19.841720581054688
1771513784.4965954,54,184.7528076171875
1771513788.5439487,55,160.24514770507812
1771513790.3866751,56,190.69207763671875
1771513794.2139323,57,150.2896728515625
1771513798.2296216,58,168.27992248535156
1771514967.550706,1,223.23574829101562
1771514977.1864235,2,151.50648498535156
1771514983.3318555,3,164.88372802734375
1771514986.3039446,4,179.6310272216797
1771514990.013075,5,135.84642028808594
1771514993.8541892,6,170.108154296875
1771514998.6823325,7,159.1923370361328
1771514998.8792868,8,234.68959045410156
1771515007.455818,9,198.67214965820312
1771515070.0612884,1,160.30982971191406
1771515070.1850803,2,5.098494529724121
1771515070.920646,3,435.5137634277344
1771515072.2647972,4,423.7066345214844
1771515073.5802712,5,489.35467529296875
1771515075.7976837,6,625.0652465820312
1771515075.9790616,7,653.0447998046875
1771515076.2197125,8,706.8970947265625
1771515081.2699144,9,489.6453857421875
1771515085.3065562,10,451.428955078125
1771515088.6178458,11,390.8478698730469
1771515089.329563,12,422.63031005859375
1771757949.3309658,1,19804.38671875
1771757954.0636125,2,464.8013916015625
1771757954.190194,3,938.0194091796875
1771757954.3148053,4,921.245361328125
1771757958.2127616,5,653.5073852539062
1771757958.3416345,6,541.9801025390625
1771757958.8003185,7,1201.4339599609375
1771757959.2014484,8,821.4368286132812
1771757967.5784388,9,504.58184814453125
1771757970.4332647,10,404.8409423828125
1771757972.1415226,11,513.809814453125
1771757974.092668,12,452.5603332519531
1771757974.5415082,13,419.33404541015625
1771757978.8570955,14,491.14715576171875
1771757981.9578316,15,460.622314453125
1771757988.3738232,16,405.57757568359375
1771757992.8402023,17,371.5403137207031
1771757993.2294576,18,259.2647399902344
1771757996.8145216,19,437.6629943847656
1771758001.2517552,20,371.8078308105469
1771758003.0134685,21,541.5208740234375
1771758003.8793743,22,283.52252197265625
1771758007.7801473,23,395.9106140136719
1771758008.9170966,24,423.1523132324219
1771758011.151249,25,332.9942626953125
1771758012.8600657,26,236.20362854003906
1771758013.6090837,27,326.05377197265625
1771758016.3554761,28,391.5483093261719
1771758020.32016,29,310.6113586425781
1771758020.5173926,30,217.59347534179688
1771758021.8906388,31,427.86248779296875
1771758024.9927187,32,319.17071533203125
1771758025.2542589,33,355.5018005371094
1771758025.443089,34,173.70706176757812
1771758026.9913614,35,464.57391357421875
1771758027.117426,36,436.51019287109375
1771758027.2440536,37,59.832393646240234
1771758031.008502,38,348.3778381347656
1771758032.8661041,39,472.4522705078125
1771758036.8395216,40,373.90277099609375
1771758049.1597943,41,390.83551025390625
1771758055.224058,42,312.0126647949219
1771758056.4444969,43,268.4086608886719
1771758056.845654,44,296.9269104003906
1771758058.5591118,45,415.638916015625
1771758062.0784566,46,306.6617736816406
1771758065.5115652,47,375.8751525878906
1771758066.5459564,48,284.3952941894531
1771758069.5823638,49,319.66802978515625
1771758078.4098237,50,328.33001708984375
1771758078.75282,51,365.0605773925781
1771758080.7838535,52,221.6338653564453
1771758084.679007,53,298.32427978515625
1771758085.0045366,54,429.4431457519531
1771758085.5982041,55,245.59722900390625
1771758086.061896,56,561.1285400390625
1771758086.5269997,57,274.9683837890625
1771758091.4342678,58,324.4370422363281
1771758091.8864129,59,246.07754516601562
1771758095.6646852,60,304.9665832519531
1771758096.8688843,61,362.57562255859375
1771758097.216004,62,198.0679168701172
1771758097.413176,63,151.83444213867188
1771758100.4460318,64,324.14190673828125
1771758100.6421378,65,755.28564453125
1771758101.39024,66,442.43121337890625
1771758106.3195145,67,313.54400634765625
1771758111.6798866,68,373.4342041015625
1771758113.4693694,69,324.52642822265625
1771758117.773346,70,380.31158447265625
1771758123.2616835,71,268.3753967285156
1771758127.3408222,72,323.0981750488281
1771758139.0122108,73,322.67401123046875
1771758141.4722793,74,248.99473571777344
1771758141.6690416,75,412.8509521484375
1771758146.1124399,76,291.11016845703125
1771758148.176776,77,308.2370910644531
1771758158.8946204,78,274.72265625
1771758159.0236547,79,84.85581970214844
1771758162.1114933,80,312.3499450683594
1771758169.3875697,81,240.68450927734375
1771758173.584131,82,252.13473510742188
1771758175.9441142,83,224.57723999023438
1771758178.27719,84,258.6117248535156
1771758181.7421567,85,257.285888671875
1771758185.1972532,86,272.6416015625
1771758189.4833062,87,249.10919189453125
1771758379.14273,1,1770.9212646484375
1771758380.345884,2,1354.7938232421875
1771758382.4350471,3,895.7354125976562
1771758383.5115216,4,989.82861328125
1771758391.862258,5,391.87115478515625
1771758391.9934483,6,504.1598205566406
1771758392.1263602,7,398.48712158203125
1771758401.8233209,8,383.86199951171875
1771758409.8737142,9,265.38580322265625
1771758414.0147376,10,211.28761291503906
1771758415.067106,11,340.8985290527344
1771758415.8826675,12,211.97506713867188
1771758420.830738,13,275.4857482910156
1771758422.6583157,14,326.7241516113281
1771758557.2820053,1,0.033631421625614166
1771758557.476273,2,250.09591674804688
1771758558.2155716,3,440.4874267578125
1771758559.9545703,4,558.95556640625
1771758561.9952803,5,547.75732421875
1771758568.9556775,6,292.59478759765625
1771758569.0875137,7,697.9033203125
1771758572.5373485,8,318.341796875
1771758576.6445837,9,282.96197509765625
1771758580.9264872,10,346.5467529296875
1771758582.2358563,11,336.16912841796875
1771758606.4038458,1,362.22265625
1771758606.5305874,2,514.4910888671875
1771758607.1290035,3,922.7599487304688
1771758608.9541705,4,786.8609619140625
1771758609.9593747,5,675.9140014648438
1771758613.6067152,6,637.5402221679688
1771758616.0950415,7,556.3049926757812
1771758621.2430453,8,540.8881225585938
1771758621.9491763,9,667.97314453125
1771758625.989248,10,473.9437255859375
1771758626.5215178,11,312.87554931640625
1771758631.1591792,12,515.1835327148438
1771758639.8539188,13,333.6114196777344
1771758640.7410336,14,431.6195373535156
1771758645.5087454,15,425.8246154785156
1771758645.695642,16,16.7080078125
1771758653.7691164,17,311.55841064453125
1771758655.516566,18,284.923583984375
1771758655.8462985,19,469.4673156738281
1771758662.1943474,20,313.6672668457031
1771758662.3983963,21,148.2638397216797
1771758668.7279205,22,296.847900390625
1771758679.6864865,23,269.4497985839844
1771758687.3296027,24,215.87255859375
1771758688.9574232,25,334.137451171875
1771758693.4144728,26,220.00335693359375
1771758694.7834861,27,199.13865661621094
1771758700.7581358,28,232.81185913085938
1771758706.0014465,29,201.62942504882812
1771758707.6295004,30,155.3877410888672
1771758713.6021988,31,160.01397705078125
1771758718.10921,32,196.60838317871094
1771758718.7170727,33,74.89591979980469
1771758718.846567,34,51.74656295776367
1771758722.5226007,35,225.5080108642578
1771758722.653934,36,167.21170043945312
1771758725.6579828,37,259.90081787109375
1771758725.7892995,38,32.72876739501953
1771758726.051211,39,423.3116455078125
1771758735.582193,40,213.7761688232422
1771758735.8467429,41,240.7037353515625
1771758736.2564104,42,149.74044799804688
1771758746.1453733,43,262.8655090332031
1771758747.6029608,44,226.3284149169922
1771758755.5644147,45,203.9294891357422
1771758757.5946789,46,179.16477966308594
1771758758.0656304,47,76.58319854736328
1771758760.5865943,48,195.5484619140625
1771758762.9831157,49,228.35426330566406
1771758763.169996,50,379.150634765625
1771758773.3779032,51,223.95274353027344
1771758778.122602,52,206.4429168701172
1771758778.2512312,53,265.22027587890625
1771758786.1512463,54,213.1146240234375
1771758789.70129,55,208.55029296875
1771758789.8286986,56,6.082928657531738
1771758789.9576569,57,384.021240234375
1771758794.1795003,58,212.31387329101562
1771758795.876812,59,225.166015625
1771758809.2539415,60,186.2163848876953
1771758810.3411272,61,153.58583068847656
1771758813.529034,62,223.40476989746094
1771758816.9134367,63,209.23426818847656
1771758818.1394012,64,166.30641174316406
1771758818.3366647,65,133.05169677734375
1771758825.5601149,66,229.28619384765625
1771758826.8504634,67,175.66554260253906
1771758830.3016872,68,247.2419891357422
1771758832.5420213,69,212.9841766357422
1771758833.0100744,70,213.87173461914062
1771758833.866639,71,234.1972198486328
1771758835.7527444,72,234.65968322753906
1771758836.072572,73,255.57537841796875
1771758836.6092994,74,269.8594055175781
1771758836.8685248,75,147.60020446777344
1771758837.4781048,76,139.38270568847656
1771758837.8945613,77,245.27392578125
1771758841.9341316,78,232.19737243652344
1771758842.079248,79,606.2026977539062
1771758845.309876,80,275.2425537109375
1771758846.015785,81,315.302734375
1771758850.090046,82,290.4960021972656
1771758851.5292985,83,258.20928955078125
1771758854.9243093,84,264.79071044921875
1771758861.595696,85,259.0582275390625
1771758864.4008813,86,208.06790161132812
1771758864.610234,87,294.52984619140625
1771758870.9811559,88,251.99288940429688
1771758873.6296065,89,217.6097412109375
1771758878.4601164,90,246.73728942871094
1771758880.3288279,91,257.80194091796875
1771758882.5379586,92,295.54510498046875
1771758884.7156565,93,338.5731506347656
1771758888.8587968,94,241.3857879638672
1771758889.907468,95,187.77157592773438
1771758894.9706686,96,234.65907287597656
1771758896.7018278,97,253.07855224609375
1771759706.8544679,1,1769.97509765625
1771759709.247103,2,812.695556640625
1771759711.3681877,3,678.435791015625
1771759713.5682826,4,683.531982421875
1771759723.8504887,5,229.94956970214844
1771759737.4420078,6,175.40699768066406
1771759739.4686716,7,219.80177307128906
1771759750.4368944,8,167.0013427734375
1771759755.6907215,9,122.40026092529297
1771759759.1982784,10,167.84078979492188
1771759760.0331995,11,77.32202911376953
1771759766.4307556,12,151.5498809814453
1771759766.5613186,13,463.4201965332031
1771759769.0850286,14,196.81268310546875
1771759774.0578706,15,161.6565704345703
1771759778.02429,16,192.93988037109375
1771759813.4022677,1,285.9468994140625
1771759816.4150445,2,282.39306640625
1771759822.5012364,3,187.70376586914062
1771759833.0256443,4,118.44082641601562
1771759835.4010231,5,194.89186096191406
1771759835.528154,6,870.0855102539062
1771759840.5429966,7,181.54229736328125
1771759844.052331,8,275.0829162597656
1771759846.5318487,9,231.9931640625
1771759850.9982193,10,251.76966857910156
1771759851.3355587,11,241.99977111816406
1771759859.5514581,12,251.67044067382812
1771759866.5421999,13,252.12998962402344
1771759868.3613698,14,250.68490600585938
1771759875.3989785,15,201.7926483154297
1771759880.8027508,16,165.6328582763672
1771759889.9511063,17,152.7083282470703
1771759901.138598,18,149.56591796875
1771759905.0226696,19,234.25843811035156
1771759908.0703099,20,274.3935852050781
1771759913.229635,21,122.3463134765625
1771759915.099562,22,196.5517120361328
1771759917.1606197,23,220.5244903564453
1771759919.2701104,24,205.7205047607422
1771759919.3939667,25,14.456607818603516
1771759921.365922,26,237.00369262695312
1771759927.9416075,27,191.23016357421875
1771759936.8367517,28,204.759033203125
1771759943.5451748,29,214.8238983154297
1771759949.1611245,30,223.04502868652344
1771759955.5915618,31,172.29501342773438
1771759962.485933,32,187.8046417236328
1771759976.5205247,33,181.3555450439453
1771759980.6157734,34,178.15736389160156
1771759984.9882026,35,166.4030303955078
1771759985.2457776,36,98.77886962890625
1771759998.8187242,37,167.1688690185547
1771759999.5495381,38,178.5753936767578
1771760016.206806,39,155.37933349609375
1771760027.9783819,40,140.9453125
1771760028.3785217,41,124.089111328125
1771760030.101111,42,118.93555450439453
1771760030.9116275,43,153.8941650390625
1771760031.3048348,44,108.31786346435547
1771760033.8149498,45,150.16896057128906
1771760033.9458358,46,259.2413330078125
1771760034.210223,47,59.196693420410156
1771760034.4672616,48,260.7106628417969
1771760037.6876893,49,156.0215606689453
1771760040.5323808,50,166.42095947265625
1771760041.9527547,51,262.53228759765625
1771760044.6925623,52,149.4664306640625
1771760051.3290365,53,169.86074829101562
1771760054.3708215,54,170.20252990722656
1771760055.9822018,55,150.29190063476562
1771760058.4610624,56,130.45059204101562
1771760061.7988772,57,97.06627655029297
1771760062.1126025,58,276.0441589355469
1771760066.4084103,59,174.61215209960938
1771760068.704495,60,237.8345184326172
1771760069.191816,61,229.8775634765625
1771760071.4205604,62,171.64517211914062
1771760075.0932953,63,161.84738159179688
1771760075.5571058,64,151.83160400390625
1771760077.881644,65,160.56483459472656
1771760080.5768414,66,155.82725524902344
1771760081.2633631,67,207.48863220214844
1771760083.0324643,68,194.33761596679688
1771760085.9898489,69,199.784912109375
1771760090.3444242,70,172.3889617919922
1771760091.1463757,71,223.72787475585938
1771760093.1184566,72,219.70034790039062
1771760093.8604398,73,188.13111877441406
1771760094.5964613,74,241.2039794921875
1771760096.5986974,75,169.69082641601562
1771760096.7983086,76,14.903034210205078
1771760098.3997824,77,179.86891174316406
1771760099.7444825,78,166.12994384765625
1771760103.7399302,79,240.19168090820312
1771760106.4666188,80,224.38998413085938
1771760106.6596084,81,322.9246826171875
1771760108.1504018,82,133.2707061767578
1771760111.3348064,83,207.10980224609375
1771760112.8915238,84,214.8532257080078
1771760126.302206,85,203.33578491210938
1771760128.2289844,86,177.34202575683594
1771760129.0490055,87,205.88516235351562
1771760129.5941656,88,82.5351791381836
1771760130.007879,89,215.72642517089844
1771760131.3981054,90,194.41639709472656
1771760133.3431573,91,150.02490234375
1771760135.0709598,92,200.5496368408203
1771760136.7191498,93,251.781982421875
1771760140.4829235,94,260.0315246582031
1771760143.285629,95,242.6570281982422
1771760143.4823654,96,289.3256530761719
1771760143.6750357,97,108.36878967285156
1771760143.8698442,98,381.16790771484375
1771760146.9840143,99,223.76927185058594
1771760148.5857415,100,294.74078369140625
1771760149.9904196,101,297.1504211425781
1771760150.115499,102,169.89407348632812
1771760150.3678706,103,351.6059875488281
1771760150.6226237,104,469.0337829589844
1771760155.7347655,105,199.7344207763672
1771760219.2276337,106,215.95790100097656
1771760220.1020908,107,213.03677368164062
1771760222.1044312,108,235.39974975585938
1771760223.2078938,109,184.46376037597656
1771760228.101605,110,255.35984802246094
1771760231.3689253,111,275.4590148925781
1771760231.7045734,112,93.41426849365234
1771760234.4898322,113,275.646728515625
1771760234.7508876,114,146.5939178466797
1771760234.938786,115,253.44802856445312
1771760237.9186873,116,267.3186950683594
1771760238.077638,117,394.60064697265625
1771760241.0732446,118,186.33255004882812
1771760243.533375,119,205.4622344970703
1771760246.2298398,120,273.7529602050781
1771760249.796735,121,234.21246337890625
1771760249.9274585,122,83.43228149414062
1771760251.2929826,123,221.22048950195312
1771760252.9048607,124,245.5701446533203
1771760256.9012365,125,318.8084716796875
1771760257.851488,126,207.15353393554688
1771760262.0219383,127,268.6927490234375
1771760262.1570246,128,148.08743286132812
1771760264.169691,129,220.64437866210938
1771760265.3070335,130,308.3034362792969
1771760269.0859413,131,197.25839233398438
1771760277.7397861,132,255.47738647460938
1771760282.4025657,133,215.6731414794922
1771760285.2558339,134,187.7427215576172
1771760285.3841496,135,104.37049865722656
1771760285.9146433,136,296.1593017578125
1771760288.7012525,137,272.8895568847656
1771760290.796501,138,236.7579803466797
1771760291.047253,139,178.6278076171875
1771760291.1739328,140,28.35659408569336
1771760294.9166732,141,215.8748321533203
1771760297.4336414,142,219.38795471191406
1771760299.254519,143,179.54437255859375
1771760301.7565868,144,230.7815704345703
1771760301.9548907,145,85.2552490234375
1771760302.2803018,146,347.5160217285156
1771760303.83864,147,273.9128112792969
1771760303.9659607,148,699.5614013671875
1771760304.1641328,149,110.38751220703125
1771760305.5446398,150,289.88189697265625
1771760305.6772726,151,27.88187599182129
1771760307.4744515,152,326.0141296386719
1771760311.8385382,153,239.58746337890625
1771760313.918522,154,316.14300537109375
1771760317.0291226,155,254.4864959716797
1771760326.0460267,156,268.4430236816406
1771760326.9859004,157,231.83688354492188
1771760328.9533641,158,315.3520812988281
1771760330.507561,159,342.5740966796875
1771760335.3212445,160,292.1872863769531
1771760340.51228,161,244.28903198242188
1771760342.217025,162,227.9412384033203
1771760343.3927011,163,353.6271057128906
1771760343.5213294,164,615.5679931640625
1771760347.354517,165,252.4236297607422
1771760350.168423,166,340.2695007324219
1771760351.2711413,167,291.7174072265625
1771760352.1661313,168,241.24609375
1771760352.3549972,169,344.73114013671875
1771760355.906443,170,282.8874206542969
1771760356.2309732,171,193.9282684326172
1771760360.834095,172,235.05523681640625
1771760365.7634475,173,250.6476593017578
1771760366.8426113,174,272.9157409667969
1771760367.040191,175,580.2952880859375
1771760367.2344878,176,192.04550170898438
1771760370.1141741,177,295.709228515625
1771760374.9689376,178,276.89263916015625
1771760376.9683359,179,322.153076171875
1771760378.4441812,180,379.29376220703125
1771760380.3305225,181,343.96929931640625
1771760380.58127,182,472.314697265625
1771760387.1070201,183,272.64752197265625
1771760390.1309848,184,285.23358154296875
1771760391.7123888,185,323.171875
1771760396.862442,186,294.2571105957031
1771760398.2537358,187,325.5109558105469
1771760402.4105766,188,267.1615905761719
1771760402.5374,189,95.40303039550781
1771760405.5632098,190,252.55953979492188
1771760410.4252436,191,281.0478210449219
1771760412.4615362,192,302.0166931152344
1771760414.431153,193,258.6412048339844
1771760415.2679696,194,191.14283752441406
1771760415.9607646,195,378.9323425292969
1771760417.390121,196,306.63507080078125
1771760427.659897,197,328.5900573730469
1771760427.8428102,198,143.91441345214844
1771760429.379538,199,257.94561767578125
1771760429.569973,200,241.59011840820312
1771760431.4835668,201,238.9451904296875
1771760435.2094524,202,292.4801330566406
1771760436.4861448,203,311.2168884277344
1771760438.462394,204,281.0408020019531
1771760440.1850204,205,281.8849182128906
1771760441.8372061,206,279.3009948730469
1771760444.745799,207,348.1343994140625
1771760447.8396704,208,278.3188781738281
1771760449.4070826,209,243.63143920898438
1771760450.2214494,210,268.1603088378906
1771760451.3864045,211,333.732177734375
1771760458.6871934,212,278.10894775390625
1771760467.5803988,213,281.77166748046875
1771760474.3283548,214,260.78564453125
1771760475.8379605,215,309.01806640625
1771760477.3051898,216,196.3236083984375
1771760477.4385636,217,800.444580078125
1771760479.5768723,218,295.1531677246094
1771760489.2859247,219,295.5625
1771760491.8734643,220,294.18603515625
1771760492.9666846,221,296.85687255859375
1771760493.8690503,222,303.1495056152344
1771760496.1981854,223,348.2125244140625
1771760499.387875,224,310.2916259765625
1771760500.6983385,225,345.3585205078125
1771760504.1961668,226,332.1737365722656
1771760504.3851173,227,317.3314208984375
1771760504.6446874,228,246.8158416748047
1771760507.8712227,229,309.8257141113281
1771760512.7414002,230,280.5281982421875
1771760513.4796138,231,173.6953887939453
1771760523.973776,232,280.88665771484375
1771760525.0182436,233,413.3183288574219
1771760528.9724658,234,293.0097961425781
1771760534.1875398,235,258.2448425292969
1771760537.8093977,236,369.97467041015625
1771760539.2640548,237,394.5855712890625
1771760549.059403,238,315.20697021484375
1771760549.5849848,239,103.719970703125
1771760549.72461,240,410.77105712890625
1771760550.0543027,241,251.69235229492188
1771760553.60194,242,349.71368408203125
1771760554.473534,243,189.94900512695312
1771760598.5561733,244,338.5142517089844
1771760601.5127902,245,250.9449005126953
1771760610.6294332,246,343.4151611328125
1771760616.6661046,247,353.3095703125
1771760617.3439147,248,298.9382629394531
1771760623.1127012,249,317.5635681152344
1771760625.498191,250,326.642578125
1771760627.1365821,251,277.1198425292969
1771760631.1981745,252,325.48681640625
1771760631.4623954,253,402.30389404296875
1771760631.592027,254,602.5659790039062
1771760631.7201185,255,189.04055786132812
1771760631.9731777,256,260.5180358886719
1771760634.6482534,257,308.68316650390625
1771760635.00678,258,212.6044464111328
1771760645.737328,259,269.318603515625
1771760648.5175292,260,235.31500244140625
1771760654.9505208,261,244.96987915039062
1771760656.5125623,262,310.302490234375
1771760660.0130246,263,295.6613464355469
1771760661.1879191,264,370.26458740234375
1771760663.2192888,265,372.4034729003906
1771760666.120813,266,190.30252075195312
1771760671.9129646,267,262.8044128417969
1771760675.0378613,268,275.5344543457031
1771760691.2731686,269,266.31121826171875
1771760699.3095605,270,287.69708251953125
1771760704.2105966,271,299.30804443359375
1771760707.022796,272,298.691162109375
1771760713.5735772,273,342.29296875
1771760720.0825667,274,270.889892578125
1771760724.5429254,275,300.3149108886719
1771760726.187842,276,307.4383544921875
1771760728.098979,277,290.0299987792969
1771760729.053076,278,298.9757080078125
1771760737.3545942,279,280.9380187988281
1771760737.6937773,280,386.32147216796875
1771760742.539871,281,279.96624755859375
1771760746.6249404,282,269.6611633300781
1771760749.2232633,283,273.71160888671875
1771760755.5587518,284,270.6417236328125
1771760757.311286,285,221.7732696533203
1771760763.9461615,286,293.4598083496094
1771760767.2363763,287,233.54652404785156
1771760770.335819,288,309.1571044921875
1771760774.7587094,289,257.968505859375
1771760776.5262,290,347.1543884277344
1771760778.4924433,291,287.27947998046875
1771760781.6007564,292,258.48382568359375
1771760783.04053,293,274.75384521484375
1771760783.3925366,294,459.77642822265625
1771760787.6143947,295,317.5666198730469
1771760788.4262164,296,283.0427551269531
1771760791.8407788,297,293.4000549316406
1771760792.994554,298,290.55352783203125
1771760797.4668434,299,251.66012573242188
1771760797.6655846,300,253.3740234375
1771760814.6034534,301,269.1834716796875
1771760821.6749475,302,244.0580291748047
1771760822.8940887,303,182.7379608154297
1771760826.2778053,304,246.873291015625
1771760827.4971905,305,253.4174346923828
1771760829.2589953,306,243.1363525390625
1771760830.934254,307,283.1086120605469
1771760846.4833765,308,250.7396240234375
1771760848.505632,309,176.60003662109375
1771760855.4054887,310,335.5794677734375
1771760859.8775692,311,233.86143493652344
1771760860.2698674,312,249.75466918945312
1771760862.778999,313,288.22967529296875
1771760862.9125822,314,282.8756408691406
1771760876.678185,315,254.45571899414062
1771760882.5627337,316,260.0924987792969
1771760887.6521425,317,232.91094970703125
1771760887.783633,318,239.19674682617188
1771760899.7500281,319,267.2508239746094
1771760902.8466094,320,231.05325317382812
1771760908.685752,321,193.42929077148438
1771760911.2004821,322,187.25747680664062
1771760911.325154,323,126.62784576416016
1771760915.3908205,324,266.4184265136719
1771760921.5270774,325,270.5049743652344
1771760927.7080467,326,231.61196899414062
1771760928.061605,327,390.29400634765625
1771760928.8136728,328,373.44293212890625
1771760929.572282,329,361.5171813964844
1771760929.7017827,330,904.2381591796875
1771760932.2932644,331,246.84300231933594
1771760938.0104973,332,265.23699951171875
1771760943.4529815,333,265.6673889160156
1771760943.9326408,334,181.03224182128906
1771760944.0664833,335,274.875732421875
1771760944.1977816,336,820.8365478515625
1771760946.0344865,337,273.6356506347656
1771760946.1751084,338,15.762901306152344
1771760953.7080963,339,257.3169860839844
1771760996.742932,340,242.9911651611328
1771760998.6533558,341,239.00448608398438
1771761004.5487783,342,284.35589599609375
1771761006.9787169,343,297.18182373046875
1771761015.328633,344,267.22491455078125
1771761015.4577463,345,185.39381408691406
1771761018.6610665,346,227.9815673828125
1771761018.9154649,347,208.22039794921875
1771761019.4472718,348,294.490966796875
1771761020.4133558,349,280.6594543457031
1771761024.7028923,350,256.43780517578125
1771761025.3895576,351,273.4071044921875
1771761028.8714604,352,279.3489990234375
1771761034.6311479,353,234.040283203125
1771761037.0650482,354,171.14895629882812
1771761042.1845136,355,230.9769744873047
1771761043.3896623,356,269.7648620605469
1771761043.9298499,357,289.38983154296875
1771761045.3847919,358,288.0184020996094
1771761046.9732175,359,231.61093139648438
1771761057.1575017,360,230.55812072753906
1771761058.5249724,361,269.8948974609375
1771761061.4382446,362,251.46351623535156
1771761061.8436952,363,382.14208984375
1771761064.2320373,364,262.4483642578125
1771761069.6629636,365,306.9750671386719
1771761071.1446376,366,281.1047668457031
1771761071.3305347,367,331.1956787109375
1771761071.708367,368,301.5679626464844
1771761071.9720116,369,286.5240783691406
1771761075.7454054,370,264.08697509765625
1771761081.1980972,371,290.1375732421875
1771761082.2993357,372,309.11981201171875
1771761084.6193988,373,315.34124755859375
1771761085.6417646,374,318.18939208984375
1771761089.73545,375,228.3803253173828
1771761097.0650249,376,250.12802124023438
1771761098.2040348,377,275.2740173339844
1771761098.3342786,378,291.54071044921875
1771761098.527588,379,143.04327392578125
1771761098.9886687,380,292.7154541015625
1771761099.182421,381,24.58637237548828
1771761100.57484,382,214.9355926513672
1771761103.5834594,383,285.13983154296875
1771761103.7138267,384,48.36320877075195
1771761104.7879086,385,190.36248779296875
1771761104.9259694,386,92.55291748046875
1771761105.1932495,387,231.1723175048828
1771761105.4465933,388,178.24273681640625
1771761107.33866,389,242.87213134765625
1771761107.464467,390,23.39362907409668
1771761108.4114382,391,250.99961853027344
1771761112.7163355,392,289.4329833984375
1771761114.683112,393,298.93511962890625
1771761120.2062564,394,267.3265380859375
1771761124.9273283,395,245.10012817382812
1771761125.8860235,396,291.4406433105469
1771761126.0142457,397,631.5159301757812
1771761127.1724098,398,164.2606201171875
1771761130.7486446,399,243.20606994628906
1771761135.442423,400,273.4839782714844
1771761135.6472256,401,224.11160278320312
1771761135.9952204,402,429.36480712890625
1771761143.946457,403,268.63824462890625
1771761145.5629957,404,257.3900451660156
1771761147.6851618,405,246.54579162597656
1771761148.825004,406,349.6813049316406
1771761149.0951898,407,248.5989532470703
1771761152.0969288,408,240.6753692626953
1771761160.2568386,409,275.85357666015625
1771761161.3506186,410,152.2527618408203
1771761162.3123214,411,126.36593627929688
1771761165.8706284,412,237.5950164794922
1771761166.0804355,413,382.60015869140625
1771761166.3390038,414,97.3921890258789
1771761168.4278271,415,383.45989990234375
1771761171.3368554,416,284.8111877441406
1771761174.3029368,417,319.3470458984375
1771761174.6422534,418,97.24253845214844
1771761174.917694,419,282.124755859375
1771761175.1733766,420,198.3874053955078
1771761175.9717805,421,178.5023193359375
1771761176.7422054,422,196.4871368408203
1771761184.9055848,423,252.16688537597656
1771761187.4247665,424,239.75259399414062
1771761187.8818207,425,185.63169860839844
1771761188.0672994,426,224.3375701904297
1771761188.9360237,427,180.8897705078125
1771761191.096227,428,258.16900634765625
1771761195.6415768,429,232.8753662109375
1771761196.0472574,430,450.60491943359375
1771761199.5529974,431,250.08795166015625
1771761199.7467253,432,198.2503662109375
1771761208.0993235,433,248.58885192871094
1771761208.2288399,434,819.7421875
1771761209.4364853,435,235.52711486816406
1771761211.4023073,436,288.4462890625
1771761211.7362566,437,529.1109619140625
1771761213.2550852,438,270.2554016113281
1771761219.639123,439,247.8769073486328
1771761224.9056883,440,278.1666259765625
1771761226.7811606,441,239.49766540527344
1771761228.00276,442,248.39553833007812
1771761229.8629782,443,223.65879821777344
1771761231.9870636,444,248.21717834472656
1771761233.3582327,445,402.84783935546875
1771761238.6912231,446,243.5022430419922
1771761240.331293,447,215.1347198486328
1771761240.5759737,448,310.2348937988281
1771761240.908864,449,150.17576599121094
1771761241.630516,450,245.56781005859375
1771761246.2079947,451,246.38768005371094
1771761248.799597,452,305.51312255859375
1771761254.9365337,453,278.9363708496094
1771761258.434783,454,298.26251220703125
1771761259.537799,455,287.9200744628906
1771761261.8150609,456,288.22735595703125
1771761266.6201544,457,269.7578125
1771761276.1207438,458,272.15203857421875
1771761285.0094316,459,296.1079406738281
1771761288.4949503,460,214.76214599609375
1771761289.629251,461,325.3721008300781
1771761289.7592404,462,66.70072937011719
1771761294.52209,463,219.241455078125
1771761297.6081195,464,252.52447509765625
1771761299.4931977,465,202.96148681640625
1771761304.255316,466,280.5811767578125
1771761304.3836837,467,173.0045623779297
1771761304.5189552,468,270.2298278808594
1771761305.8312063,469,274.99371337890625
1771761306.0194783,470,139.00732421875
1771761306.2914453,471,161.4889373779297
1771761307.5531003,472,211.15322875976562
1771761308.7136106,473,275.66015625
1771761310.3295271,474,285.1940612792969
1771761310.7343032,475,351.8899230957031
1771761313.6740339,476,294.4007263183594
1771761318.6737127,477,234.0909423828125
1771761320.2327857,478,286.0685119628906
1771761323.692583,479,257.79461669921875
1771761329.765609,480,225.8059539794922
1771761331.1809916,481,242.75840759277344
1771761331.3690171,482,118.97802734375
1771761334.9174,483,257.1965026855469
1771761336.244132,484,315.86798095703125
1771761339.5982869,485,235.7530517578125
1771761434.0725539,486,252.57960510253906
1771761442.2340386,487,262.345458984375
1771761443.6279864,488,268.348876953125
1771761444.55772,489,192.89309692382812
1771761452.433124,490,271.6400146484375
1771761452.6398437,491,98.66717529296875
1771761453.9294472,492,297.6133117675781
1771761456.859506,493,260.5095520019531
1771761460.9651663,494,268.5201721191406
1771761471.9314623,495,242.5817413330078
1771761481.5980577,496,281.2836608886719
1771761485.469667,497,253.95004272460938
1771761488.0907621,498,224.8869171142578
1771761491.3579257,499,303.98175048828125
1771761492.8246331,500,188.66505432128906
1771761494.4062686,501,206.59231567382812
1771761497.573811,502,207.30227661132812
1771761498.114416,503,274.5296325683594
1771761498.240775,504,199.63128662109375
1771761499.49036,505,258.32489013671875
1771761503.393383,506,224.1445770263672
1771761506.2061355,507,239.71258544921875
1771761519.6143093,508,253.33660888671875
1771761519.9659863,509,375.9558410644531
1771761528.7058356,510,305.4299621582031
1771761530.120015,511,227.93545532226562
1771761532.069523,512,205.2209930419922
1771761534.7489452,513,337.01019287109375
1771761534.9438002,514,207.4776611328125
1771761535.1364,515,190.9692840576172
1771761540.3561962,516,252.47816467285156
1771761545.285053,517,273.6917724609375
1771761548.7507155,518,277.13677978515625
1771761552.4771361,519,291.74932861328125
1771761555.346771,520,248.79885864257812
1771761555.6177218,521,401.94757080078125
1771761556.0279405,522,132.19558715820312
1771761557.318188,523,290.998046875
1771761557.445419,524,35.85137939453125
1771761557.571808,525,226.03640747070312
1771761557.6969793,526,376.69378662109375
1771761560.7021468,527,270.0198974609375
1771761560.8975303,528,403.45111083984375
1771761561.6301978,529,304.30462646484375
1771761562.1624875,530,169.20797729492188
1771761562.3012042,531,29.087066650390625
1771761575.7289686,532,253.02081298828125
1771761579.391235,533,289.4457702636719
1771761580.672425,534,268.14471435546875
1771761583.5882373,535,269.7880554199219
1771761587.524883,536,248.54888916015625
1771761591.049903,537,275.072265625
1771761597.1921813,538,228.50198364257812
1771761602.3346076,539,283.84765625
1771761619.6519492,540,243.81283569335938
1771761627.443949,541,227.712646484375
1771761631.1968462,542,216.18624877929688
1771761631.5327923,543,224.34097290039062
1771761637.863695,544,231.02508544921875
1771761638.050168,545,326.84857177734375
1771761641.1127725,546,271.1404113769531
1771761641.8615985,547,322.79742431640625
1771761643.1349049,548,234.2552032470703
1771761651.584108,549,249.29029846191406
1771761653.539812,550,303.2807922363281
1771761659.5620518,551,208.6337432861328
1771761663.168272,552,197.0751190185547
1771761666.5324767,553,274.5971374511719
1771761668.6189432,554,203.9310760498047
1771761678.0840735,555,246.2159423828125
1771761679.2923574,556,379.4586486816406
1771761680.5255651,557,287.4911804199219
1771761685.3171391,558,290.84600830078125
1771761687.6503918,559,304.2474060058594
1771761689.0203397,560,191.67764282226562
1771761689.8666155,561,242.45053100585938
1771761697.4111207,562,218.4727325439453
1771761697.6667075,563,348.4913330078125
1771761699.9810421,564,213.44729614257812
1771761700.1655307,565,123.90924072265625
1771761707.9168582,566,236.10292053222656
1771761711.4656754,567,225.0448455810547
1771761714.40432,568,196.0811004638672
1771761714.5909393,569,205.6936492919922
1771761719.4852211,570,218.367431640625
1771761721.0896955,571,254.942138671875
1771761723.183133,572,172.248779296875
1771761728.5090928,573,214.6116485595703
1771761731.7056131,574,292.9552917480469
1771761733.258737,575,290.7961730957031
1771761736.6690972,576,261.8536071777344
1771761740.1909986,577,267.75799560546875
1771761742.6279235,578,189.23960876464844
1771761744.9967785,579,234.76954650878906
1771761745.1820245,580,223.05801391601562
1771761753.56704,581,292.2173767089844
1771761754.4563832,582,210.9539031982422
1771761754.5891116,583,54.485740661621094
1771761755.299847,584,338.0246276855469
1771761765.5957534,585,212.08135986328125
1771761769.2520027,586,195.67840576171875
1771761772.0627654,587,265.5594787597656
1771761775.587538,588,294.8878479003906
1771761779.7560053,589,235.37437438964844
1771761925.639596,590,235.51907348632812
1771761927.1446497,591,262.23345947265625
1771761930.5453532,592,278.3834228515625
1771761934.3474035,593,240.5153350830078
1771761936.9668536,594,265.4200439453125
1771761944.699649,595,238.76751708984375
1771761956.9268188,596,222.90016174316406
1771761968.7493849,597,233.31887817382812
1771761969.2212608,598,236.45909118652344
1771761986.62873,599,228.0196533203125
1771761987.587158,600,267.6241760253906
1771761992.5389786,601,262.32611083984375
1771762002.9763448,602,215.18052673339844
1771762007.1501036,603,276.16925048828125
1771762007.284092,604,164.8434600830078
1771762009.4352996,605,305.3794250488281
1771762009.567405,606,21.8552188873291
1771762012.3502083,607,265.2847900390625
1771762016.2654054,608,256.2607727050781
1771762022.2274246,609,230.74984741210938
1771762022.366325,610,260.0455322265625
1771762031.3100543,611,250.2210693359375
1771762032.3839943,612,352.8682861328125
1771762032.515796,613,396.0727844238281
1771762032.6465895,614,230.2521514892578
1771762035.6883016,615,228.4959259033203
1771762045.1279385,616,224.0299530029297
1771762048.474699,617,231.53314208984375
1771762059.150274,618,238.4839324951172
1771762061.3247733,619,224.24490356445312
1771762068.0724072,620,226.64047241210938
1771762076.5491052,621,247.7211456298828
1771762084.5531387,622,234.11936950683594
1771762087.7882147,623,254.1416015625
1771762088.1348052,624,235.64080810546875
1771762093.4521108,625,198.12985229492188
1771762103.0834281,626,223.6121368408203
1771762106.3631124,627,234.40188598632812
1771762106.624923,628,20.304170608520508
1771762115.368808,629,201.85501098632812
1771762117.7035065,630,197.13621520996094
1771762126.1136508,631,287.45745849609375
1771762132.5738358,632,250.50868225097656
1771762136.3384075,633,229.71859741210938
1771762145.5339768,634,212.7372283935547
1771762150.012111,635,225.16778564453125
1771762158.4977698,636,251.7833251953125
1771762164.7875116,637,217.7122344970703
1771762172.8379831,638,248.61024475097656
1771762178.715335,639,187.2012176513672
1771762181.8969657,640,262.9964904785156
1771762185.0376618,641,226.63784790039062
1771762197.9810665,642,227.23439025878906
1771762200.074858,643,282.1684265136719
1771762206.2111645,644,197.2171630859375
1771762219.166749,645,227.6605224609375
1771762225.0910952,646,259.3654479980469
1771762231.361326,647,231.0009002685547
1771762232.4486384,648,235.020751953125
1771762232.6427827,649,257.8851318359375
1771762233.7236638,650,233.35586547851562
1771762237.346512,651,196.17283630371094
1771762239.5059671,652,204.91624450683594
1771762239.8489342,653,443.8331298828125
1771762239.9747412,654,50.67882537841797
1771762241.5309467,655,201.50973510742188
1771762245.416411,656,156.13665771484375
1771762248.2307036,657,214.4668426513672
1771762248.4266634,658,453.03704833984375
1771762249.5494108,659,269.8968200683594
1771762249.7601347,660,202.09176635742188
1771762252.627021,661,206.75608825683594
1771762252.7689812,662,300.1543273925781
1771762253.0317452,663,162.56149291992188
1771762253.161201,664,34.96517562866211
1771762256.403677,665,239.29270935058594
1771762258.175397,666,302.9000549316406
1771762259.3789837,667,189.61309814453125
1771762262.463965,668,209.0964813232422
1771762262.8660593,669,56.411190032958984
1771762264.0306473,670,270.25469970703125
1771762265.7421665,671,267.882080078125
1771762272.3605185,672,238.84678649902344
1771762274.2490318,673,263.17724609375
1771762340.9860957,1,74.30561065673828
1771762342.8083808,2,201.37960815429688
1771762350.5828946,3,75.24274444580078
1771762354.437492,4,114.8498306274414
1771762364.110759,5,135.023193359375
1771762367.989468,6,128.8059539794922
1771762371.6033142,7,157.34132385253906
1771762430.7674747,1,0.03427419438958168
1771762431.8017209,2,346.49395751953125
1771762433.0706596,3,446.8248291015625
1771762433.329494,4,615.79638671875
1771762435.030938,5,691.6556396484375
1771762435.3742125,6,673.4625244140625
1771762435.768741,7,799.6478881835938
1771762439.9955604,8,628.2430419921875
1771762445.6145034,9,437.3299255371094
1771762448.7500455,10,337.9768981933594
1771762453.1166885,11,426.8358459472656
1771762462.7164414,12,348.1180419921875
1771762467.8731675,13,347.1005554199219
1771762468.008789,14,73.5083236694336
1771762469.0775912,15,431.3551330566406
1771762483.887349,16,280.1120910644531
1771762487.2474008,17,227.7162628173828
1771762499.640037,18,197.9800567626953
1771762502.134629,19,202.00839233398438
1771762508.5544503,20,242.32977294921875
1771762517.27553,21,203.4364471435547
1771762525.7492414,22,227.1083221435547
1771762529.136782,23,207.64088439941406
1771762529.5078607,24,20.82065200805664
1771762551.1161215,25,150.67689514160156
1771762557.189622,26,130.34274291992188
1771762569.2084022,27,162.06903076171875
1771762571.0558367,28,171.42007446289062
1771762571.1795127,29,54.90667724609375
1771762571.3093936,30,27.203842163085938
1771762574.5117161,31,161.48123168945312
1771762582.5890484,32,164.42794799804688
1771762587.7280774,33,150.5182647705078
1771762587.9192154,34,185.3331756591797
1771762597.1145034,35,126.9085464477539
1771762598.7178988,36,127.78240966796875
1771762609.2719007,37,163.49102783203125
1771762626.196295,38,146.4876251220703
1771762628.6561508,39,108.12779998779297
1771762632.5018988,40,113.42024993896484
1771762635.7559998,41,211.6763458251953
1771762636.249052,42,157.46336364746094
1771762640.9436264,43,99.93421936035156
1771762642.7960992,44,242.02621459960938
1771762645.110726,45,149.59298706054688
1771762647.7387297,46,156.96778869628906
1771762647.921018,47,228.33749389648438
1771762648.1777923,48,301.51214599609375
1771762650.8067384,49,117.8604507446289
1771762650.9322646,50,10.99241828918457
1771762652.9852073,51,179.15567016601562
1771762655.3113334,52,203.55996704101562
1771762658.5852172,53,109.48091888427734
1771762660.1889832,54,203.72425842285156
1771762660.4292068,55,144.45663452148438
1771762662.4161491,56,153.33592224121094
1771762665.8390698,57,127.1090316772461
1771762669.558886,58,199.88868713378906
1771762669.7403457,59,36.292789459228516
1771762672.7588372,60,155.15321350097656
1771762672.8852618,61,17.20700454711914
1771762674.4180439,62,166.91046142578125
1771762676.8526914,63,95.33881378173828
1771762677.1958444,64,260.6418151855469
1771762685.388586,65,214.12049865722656
1771762688.3776598,66,190.8144989013672
1771762698.7630649,67,195.29591369628906
1771762702.0387776,68,245.51373291015625
1771762702.9725149,69,263.2373046875
1771762706.6404727,70,188.93551635742188
1771762709.4801347,71,175.16595458984375
1771762716.219083,72,194.4761962890625
1771762716.5377183,73,246.74465942382812
1771762724.1150367,74,218.46437072753906
1771762733.5550175,75,140.75054931640625
1771762736.737062,76,204.86663818359375
1771762737.8440142,77,216.63577270507812
1771762746.6465764,78,152.7711944580078
1771762746.9967508,79,17.885007858276367
1771762748.1627686,80,157.05355834960938
1771762748.6057234,81,119.76063537597656
1771762750.1301887,82,175.6836700439453
1771762757.5547357,83,144.3918914794922
1771762989.9781322,84,211.67230224609375
1771762990.157877,85,115.848388671875
1771762993.4147758,86,195.8453826904297
1771762999.886873,87,166.13937377929688
1771763000.010424,88,11.576750755310059
1771763006.1249883,89,197.35110473632812
1771763011.8279512,90,185.6890106201172
1771763019.6685684,91,182.59852600097656
1771763019.7939405,92,325.3607482910156
1771763019.9167693,93,311.0325012207031
1771763023.101108,94,106.34597778320312
1771763023.344873,95,19.102758407592773
1771763023.7822826,96,123.58995056152344
1771763030.5724664,97,165.87124633789062
1771763033.809457,98,155.37669372558594
1771763038.3162522,99,121.93489837646484
1771763038.4428601,100,389.47027587890625
1771763040.5236168,101,209.30648803710938
1771763040.6513088,102,36.019996643066406
1771763041.3874285,103,122.0433120727539
1771763043.8171906,104,208.1111297607422
1771763044.473109,105,112.57202911376953
1771763045.9104874,106,154.62026977539062
1771763059.4326797,107,174.63182067871094
1771763059.9285524,108,264.4092712402344
1771763061.3051782,109,166.4512481689453
1771763065.1367521,110,154.84552001953125
1771763067.2721179,111,185.99734497070312
1771763071.571709,112,199.61985778808594
1771763072.883947,113,194.5294189453125
1771763073.6138315,114,341.8770751953125
1771763075.768785,115,152.0606689453125
1771763079.7000175,116,208.9890899658203
1771763079.95338,117,242.0687713623047
1771763082.5197644,118,221.55014038085938
1771763085.7756243,119,209.2172088623047
1771763095.5021634,120,205.59347534179688
1771763095.993095,121,232.2196502685547
1771763096.1163142,122,18.767820358276367
1771763097.185853,123,289.746337890625
1771763101.616081,124,159.0082550048828
1771763109.44672,125,182.96568298339844
1771763114.2536929,126,220.9473876953125
1771763118.1902945,127,180.5251922607422
1771763118.3196518,128,20.95652198791504
1771763119.8207695,129,161.4536590576172
1771763122.226216,130,164.0603790283203
1771763123.158254,131,148.15164184570312
1771763125.9969597,132,170.45379638671875
1771763128.1217995,133,168.41978454589844
1771763133.559225,134,194.94578552246094
1771763134.584243,135,269.5383605957031
1771763136.679944,136,223.2247314453125
1771763141.275254,137,195.50765991210938
1771763143.6748352,138,98.88346099853516
1771763143.8001142,139,196.5472412109375
1771763147.5053225,140,155.81736755371094
1771763147.631874,141,136.38690185546875
1771763149.1813724,142,270.3399658203125
1771763150.2358804,143,141.59539794921875
1771763151.052479,144,103.27191925048828
1771763158.7782817,145,188.91424560546875
1771763159.1652007,146,193.71945190429688
1771763159.344829,147,61.163700103759766
1771763167.114821,148,159.5128936767578
1771763169.0978491,149,197.26866149902344
1771763169.2295575,150,4.864134788513184
1771763172.5558417,151,206.66050720214844
1771763174.9197812,152,155.56195068359375
1771763179.2106576,153,188.9486083984375
1771763180.3396015,154,193.8428192138672
1771763180.4595492,155,335.08746337890625
1771763181.4939134,156,221.7000732421875
1771763181.8131182,157,187.1000213623047
1771763186.747654,158,194.35426330566406
1771763193.6223752,159,186.07469177246094
1771763195.4258738,160,136.9346923828125
1771763197.5518122,161,197.62974548339844
1771763200.2029264,162,205.89784240722656
1771763202.2652552,163,194.42234802246094
1771763212.1488857,164,179.80886840820312
1771763212.8256857,165,88.53605651855469
1771763214.7296908,166,192.7117462158203
1771763215.4804406,167,216.35227966308594
1771763219.092696,168,176.3461456298828
1771763221.3727293,169,216.64434814453125
1771763228.7809875,170,166.3941650390625
1771763231.9805384,171,168.22544860839844
1771763232.6241858,172,122.59632873535156
1771763232.7468214,173,255.0041961669922
1771763232.8771973,174,19.156274795532227
1771763241.5470932,175,183.22451782226562
1771763242.4795911,176,187.65817260742188
1771763242.8057034,177,255.2784423828125
1771763242.9328449,178,246.16903686523438
1771763243.6626832,179,264.12030029296875
1771763243.7900786,180,471.047607421875
1771763243.9138377,181,5.501260757446289
1771763244.0428872,182,328.2977600097656
1771763245.804072,183,209.37132263183594
1771763247.6935785,184,154.8231201171875
1771763250.6475847,185,250.8813018798828
1771763262.1419678,186,194.5037841796875
1771763263.896039,187,172.1842498779297
1771763268.7929802,188,189.9249725341797
1771763271.8227727,189,166.78262329101562
1771763272.1485772,190,181.0604248046875
1771763273.6109264,191,245.23472595214844
1771763274.0086453,192,218.39752197265625
1771763274.1349854,193,270.0364990234375
1771763274.2623181,194,163.96609497070312
1771763280.1724691,195,184.8663330078125
1771763283.9545982,196,233.2967529296875
1771763287.9692035,197,207.01820373535156
1771763288.172492,198,283.035400390625
1771763290.1506631,199,267.503173828125
1771763294.3635035,200,149.15394592285156
1771763294.8744495,201,297.6291198730469
1771763300.730379,202,183.78445434570312
1771763300.912106,203,317.2607727050781
1771763302.8365173,204,206.78512573242188
1771763303.9319873,205,172.33103942871094
1771763305.8042717,206,202.88088989257812
1771763306.05899,207,144.00384521484375
1771763306.3648558,208,255.00743103027344
1771763310.6632144,209,207.99606323242188
1771763313.8949916,210,244.1210479736328
1771763352.2056599,211,78.04865264892578
1771763355.8971164,212,192.55747985839844
1771763358.4979007,213,204.8716583251953
1771763359.8828025,214,177.95692443847656
1771763360.7155564,215,206.1248321533203
1771763362.678883,216,122.26725006103516
1771763368.8658543,217,229.90438842773438
1771763370.5717425,218,243.95196533203125
1771763371.4360335,219,240.38917541503906
1771763372.4109364,220,248.96192932128906
1771763374.2337048,221,229.06832885742188
1771763379.2979088,222,189.57379150390625
1771763380.3797977,223,186.9617462158203
1771763382.045185,224,232.03163146972656
1771763386.6741629,225,208.959228515625
1771763387.7028587,226,165.51522827148438
1771763389.8043013,227,203.5848388671875
1771763389.996855,228,372.84674072265625
1771763390.3213978,229,98.35506439208984
1771763391.7668386,230,268.0750427246094
1771763394.6190267,231,209.42230224609375
1771763399.5122104,232,178.6552276611328
1771763399.7001371,233,177.00558471679688
1771763400.300036,234,220.1563720703125
1771763403.1720302,235,241.77981567382812
1771763404.5344892,236,213.63247680664062
1771763404.7189455,237,121.18679809570312
1771763407.4628475,238,241.26524353027344
1771763407.8376074,239,238.4443817138672
1771763411.114372,240,229.805908203125
1771763411.852633,241,181.88917541503906
1771763414.0047526,242,317.82830810546875
1771763417.4012184,243,181.109130859375
1771763419.6586146,244,246.50257873535156
1771763421.7507591,245,229.9426727294922
1771763421.9333656,246,329.7181701660156
1771763422.8933961,247,374.5218200683594
1771763424.8461785,248,207.86717224121094
1771763424.9706755,249,192.80194091796875
1771763426.3223057,250,214.0297393798828
1771763426.9206178,251,150.60057067871094
1771763428.4648433,252,291.8854064941406
1771763429.5486915,253,239.0802459716797
1771763429.8108504,254,108.24761199951172
1771763431.2148647,255,241.09825134277344
1771763431.405153,256,341.09442138671875
1771763434.5850625,257,283.36907958984375
1771763434.7717948,258,335.6759948730469
1771763434.9566653,259,348.44427490234375
1771763435.3488705,260,249.84010314941406
1771763437.7209592,261,207.98422241210938
1771763438.1105983,262,202.4459228515625
1771763438.2517014,263,373.6459045410156
1771763438.3789835,264,74.25698852539062
1771763442.2642312,265,236.14378356933594
1771763443.842474,266,283.11358642578125
1771763446.1536841,267,176.67059326171875
1771763446.2831771,268,834.4375610351562
1771763447.7022452,269,234.37315368652344
1771763447.8307078,270,81.57183074951172
1771763451.0374022,271,239.04180908203125
1771763451.1622458,272,7.06003999710083
1771763451.2854176,273,7.768157005310059
1771763451.4735923,274,205.19842529296875
1771763452.783165,275,180.22901916503906
1771763452.9724417,276,137.20919799804688
1771763453.164886,277,37.84978103637695
1771763455.1265166,278,213.86607360839844
1771763456.1816442,279,239.71217346191406
1771763460.0107038,280,176.46963500976562
1771763464.0069118,281,242.66831970214844
1771763464.916303,282,304.9872741699219
1771763471.688195,283,252.69064331054688
1771763474.1711726,284,248.25372314453125
1771763474.8395193,285,235.5382080078125
1771763476.3728037,286,255.61471557617188
1771763478.5115602,287,311.3739318847656
1771763483.539811,288,275.1244812011719
1771763483.6682825,289,269.00555419921875
1771763486.8317986,290,308.3604736328125
1771763487.5105245,291,202.80914306640625
1771763489.647007,292,273.73687744140625
1771763491.7784233,293,264.5841064453125
1771763494.8047721,294,228.16741943359375
1771763496.4575675,295,250.6368865966797
1771763500.9529002,296,256.7572326660156
1771763507.1517766,297,237.32174682617188
1771763508.745682,298,244.70130920410156
1771763509.1010838,299,592.3575439453125
1771763512.2403584,300,247.7150115966797
1771763513.7933989,301,274.5069274902344
1771763516.3120892,302,202.1978759765625
1771763517.141963,303,264.9331359863281
1771763519.1205904,304,185.79803466796875
1771763519.6537943,305,207.84458923339844
1771763521.0375025,306,260.42742919921875
1771763522.2491906,307,196.68173217773438
1771763522.9521372,308,236.95648193359375
1771763523.2186756,309,163.0863800048828
1771763525.5590708,310,248.52101135253906
1771763525.9630606,311,228.47874450683594
1771763527.2134266,312,331.12750244140625
1771763528.660421,313,211.12693786621094
1771763529.1677577,314,276.489501953125
1771763529.2950068,315,126.45832824707031
1771763533.9858897,316,247.04263305664062
1771763534.1226823,317,506.255615234375
1771763539.5683818,318,223.33119201660156
1771763539.69498,319,554.1345825195312
1771763541.0461602,320,231.8739471435547
1771763542.028305,321,324.76300048828125
1771763544.2307236,322,185.40855407714844
1771763544.4972167,323,276.35137939453125
1771763545.53418,324,357.7648620605469
1771763550.6997535,325,264.0373229980469
1771763552.0927424,326,268.0809020996094
1771763553.303352,327,365.42791748046875
1771763554.7643714,328,248.58245849609375
1771763555.9121296,329,308.8617248535156
1771763557.1157236,330,270.41265869140625
1771763558.2878213,331,164.22335815429688
1771763559.2878635,332,245.1229705810547
1771763561.2747014,333,260.6136474609375
1771763563.8963573,334,253.4318084716797
1771763564.2832167,335,249.50967407226562
1771763564.4663901,336,495.29730224609375
1771763567.6347623,337,230.37351989746094
1771763567.7581346,338,103.68097686767578
1771763572.3111365,339,270.36669921875
1771763574.2568488,340,341.7214660644531
1771763575.4490883,341,174.8018798828125
1771763576.6621244,342,238.55799865722656
1771763578.6695154,343,176.5985107421875
1771763580.0750785,344,169.34188842773438
1771763583.408408,345,222.1241912841797
1771763583.729479,346,254.794921875
1771763585.7260854,347,276.41571044921875
1771763585.8537474,348,18.664846420288086
1771763587.509041,349,225.32887268066406
1771763587.6369512,350,369.8218994140625
1771763588.9808087,351,351.9415588378906
1771763590.3231714,352,273.6050720214844
1771763593.866603,353,236.0207977294922
1771763599.315872,354,212.44631958007812
1771763606.0755727,355,233.17575073242188
1771763610.5747125,356,249.97622680664062
1771763610.9677727,357,352.5682373046875
1771763611.4852514,358,141.09654235839844
1771763612.2993648,359,252.54637145996094
1771763619.3192503,360,227.97520446777344
1771763619.5693798,361,391.59423828125
1771763619.6971402,362,484.44720458984375
1771763619.822082,363,35.679908752441406
1771763621.7713509,364,203.2345733642578
1771763623.0211716,365,248.2686309814453
1771763626.01341,366,268.753662109375
1771763627.0292034,367,253.6573028564453
1771763628.4957771,368,315.52642822265625
1771763632.694093,369,250.6383514404297
1771763632.8161852,370,276.9754638671875
1771763632.9391158,371,22.63237762451172
1771763633.7506635,372,129.5635986328125
1771763636.0719552,373,202.0377655029297
1771763636.2699544,374,289.8503723144531
1771763636.396125,375,409.55517578125
1771763637.4938514,376,196.78140258789062
1771763638.0813274,377,183.17825317382812
1771763648.088924,378,231.78338623046875
1771763648.2728856,379,236.07826232910156
1771763651.6350427,380,257.7350769042969
1771763654.9600663,381,263.6728820800781
1771763655.0878148,382,479.2752990722656
1771763658.4934142,383,244.91184997558594
1771763661.294674,384,271.03387451171875
1771763662.9718103,385,224.3499755859375
1771763665.1068456,386,213.929443359375
1771763665.363719,387,196.1922607421875
1771763665.7625718,388,297.6393737792969
1771763671.6818838,389,262.2121276855469
1771763671.8866866,390,329.633056640625
1771763674.6384957,391,228.21102905273438
1771763679.5349414,392,236.97653198242188
1771763679.6596458,393,350.46075439453125
1771763685.0581737,394,308.07037353515625
1771763687.083526,395,241.85020446777344
1771763690.097451,396,260.1473083496094
1771763855.127678,397,174.15142822265625
1771763862.4442563,398,296.0481872558594
1771763863.8219411,399,228.40562438964844
1771763863.9470088,400,769.9871215820312
1771763864.075435,401,65.43453216552734
1771763864.270721,402,167.38912963867188
1771763865.0439405,403,303.8006591796875
1771763871.42054,404,314.13726806640625
1771763871.6045907,405,352.4854736328125
1771763871.9849825,406,134.11737060546875
1771763872.7462673,407,296.10430908203125
1771763874.2845085,408,268.0595703125
1771763874.4106917,409,251.9346466064453
1771763877.0083032,410,298.454345703125
1771763880.0222697,411,301.0582275390625
1771763880.2116263,412,194.04434204101562
1771763880.34173,413,12.660066604614258
1771763881.441217,414,259.9305114746094
1771763881.7821012,415,196.6822052001953
1771763881.9664807,416,150.93820190429688
1771763883.5027611,417,286.7054443359375
1771763885.1716142,418,296.26654052734375
1771763888.2978654,419,272.4568176269531
1771763888.5429351,420,407.5959167480469
1771763895.719774,421,269.4902648925781
1771763896.5902352,422,252.75697326660156
1771763897.9471064,423,220.76995849609375
1771763898.337944,424,244.62506103515625
1771763898.8771229,425,193.57366943359375
1771763900.070222,426,248.3834228515625
1771763900.3359551,427,472.3488464355469
1771763902.6524498,428,279.0186462402344
1771763905.2694182,429,284.9095764160156
1771763906.7975538,430,254.88462829589844
1771763908.1680126,431,213.5562286376953
1771763909.3567085,432,284.9682312011719
1771763910.4934673,433,271.45831298828125
1771763910.74047,434,150.70314025878906
1771763913.9711752,435,242.53318786621094
1771763917.30032,436,281.99237060546875
1771763919.1560287,437,284.4862365722656
1771763920.1351354,438,222.0277862548828
1771763922.0559344,439,240.47451782226562
1771763922.2558842,440,206.51031494140625
1771763922.6795616,441,323.0158386230469
1771763922.8014364,442,980.6123657226562
1771763925.4184568,443,210.98431396484375
1771763925.550179,444,606.6515502929688
1771763925.9470446,445,369.9169616699219
1771763926.3239908,446,165.6207733154297
1771763927.899608,447,195.542724609375
1771763932.012845,448,286.9986267089844
1771763934.4650633,449,283.715576171875
1771763943.2446325,450,277.3214111328125
1771763945.1379404,451,261.549560546875
1771763945.8711169,452,212.1280059814453
1771763952.0231624,453,278.1980895996094
1771763953.1423059,454,364.2796630859375
1771763956.6245341,455,299.0504150390625
1771763958.7796526,456,273.78546142578125
1771763962.517687,457,253.71327209472656
1771763962.6436555,458,28.223522186279297
1771763973.8705127,459,282.4671325683594
1771763974.8566134,460,293.7593688964844
1771763976.0138206,461,195.63134765625
1771763977.6351438,462,234.7705078125
1771763977.8379378,463,263.9158020019531
1771763979.0797799,464,295.5328369140625
1771763981.2896638,465,211.07958984375
1771763981.4862688,466,478.982177734375
1771763982.8134341,467,253.3412322998047
1771763988.1882057,468,270.7336730957031
1771763990.2038152,469,303.398681640625
1771763992.5723612,470,314.0327453613281
1771763995.674387,471,219.20237731933594
1771763998.9048839,472,257.4683532714844
1771764000.2045975,473,224.2149200439453
1771764004.2165616,474,239.5912628173828
1771764005.5466866,475,234.86289978027344
1771764008.9740903,476,261.5528259277344
1771764011.0306356,477,261.2958679199219
1771764020.9151578,478,242.002685546875
1771764023.4182773,479,271.8711853027344
1771764025.241011,480,317.08001708984375
1771764029.6601994,481,220.22010803222656
1771764032.743946,482,256.1339111328125
1771764034.2881434,483,176.8582000732422
1771764034.4119842,484,58.98242950439453
1771764034.6729767,485,273.1757507324219
1771764035.8179364,486,299.8601989746094
1771764039.959835,487,237.41244506835938
1771764040.8529983,488,223.3282470703125
1771764042.243634,489,276.6934814453125
1771764044.8100877,490,292.26666259765625
1771764047.2476916,491,219.4488983154297
1771764053.1819105,492,232.23805236816406
1771764057.519059,493,258.02508544921875
1771764059.1378036,494,286.5419921875
1771764059.341721,495,580.433837890625
1771764059.6031945,496,374.5885314941406
1771764064.9189143,497,222.12803649902344
1771764067.0800679,498,247.7030029296875
1771764070.1604657,499,246.4379119873047
1771764073.2643828,500,277.18023681640625
1771764073.3879979,501,267.51361083984375
1771764078.2265382,502,231.49070739746094
1771764078.4142003,503,427.1861572265625
1771764083.4829092,504,225.74154663085938
1771764086.9675014,505,258.3258361816406
1771764087.1506147,506,121.0716552734375
1771764087.4080656,507,53.27937698364258
1771764089.2719898,508,262.1871337890625
1771764090.7937965,509,224.06288146972656
1771764091.2119098,510,157.61373901367188
1771764094.0120294,511,268.1149597167969
1771764095.823608,512,273.8376770019531
1771764096.8593209,513,331.3688049316406
1771764098.4934695,514,241.04315185546875
1771764101.996746,515,233.28302001953125
1771764105.6888564,516,271.9415283203125
1771764106.6903677,517,191.71847534179688
1771764107.9183507,518,216.44677734375
1771764111.3837733,519,263.5185852050781
1771764111.8750794,520,164.60296630859375
1771764112.2750957,521,272.92926025390625
1771764115.0254443,522,338.6712341308594
1771764120.5858576,523,233.6891326904297
1771764122.3639512,524,155.7136993408203
1771764125.2683444,525,224.599365234375
1771764127.4708843,526,234.64697265625
1771764128.8130085,527,256.1773681640625
1771764130.9291317,528,191.79452514648438
1771764140.9726906,529,269.90252685546875
1771764142.2968774,530,310.8218688964844
1771764147.854516,531,224.8687744140625
1771764148.1844292,532,232.58749389648438
1771764150.891664,533,256.9838562011719
1771764151.0200949,534,197.81137084960938
1771764151.1485791,535,339.1617431640625
1771764154.6091607,536,271.21490478515625
1771764154.9916167,537,275.1416015625
1771764165.3237028,538,219.39132690429688
1771764167.0487711,539,168.8837127685547
1771764170.5295782,540,220.47637939453125
1771764170.8008668,541,112.27149963378906
1771764171.0570102,542,376.8629455566406
1771764171.319719,543,252.52284240722656
1771764175.2747965,544,233.66525268554688
1771764178.0371993,545,251.44967651367188
1771764182.390773,546,245.7849578857422
1771764183.658877,547,182.31143188476562
1771764183.9124546,548,166.83311462402344
1771764191.6812162,549,246.5051727294922
1771764200.2122228,550,198.02169799804688
1771764224.4604456,551,242.39712524414062
1771764228.2329729,552,268.5690002441406
1771764234.480643,553,246.59286499023438
1771764236.5513747,554,197.13795471191406
1771764239.5924456,555,242.96124267578125
1771764241.1930685,556,204.19610595703125
1771764246.2939737,557,250.12255859375
1771764249.0344584,558,242.78370666503906
1771764249.5555937,559,249.5269775390625
1771764251.6465142,560,282.21600341796875
1771764251.8296728,561,93.65937805175781
1771764257.283686,562,231.40423583984375
1771764262.075766,563,199.02720642089844
1771764268.9664028,564,221.05252075195312
1771764271.4437125,565,245.2821807861328
1771764275.413796,566,204.6031494140625
1771764275.8642902,567,270.258544921875
1771764275.9904747,568,52.23804473876953
1771764283.8500688,569,220.80807495117188
1771764287.316503,570,234.2930908203125
1771764289.6707106,571,209.22010803222656
1771764291.0975163,572,195.0221405029297
1771764292.746823,573,166.082763671875
1771764294.680594,574,215.85853576660156
1771764296.2998252,575,291.90753173828125
1771764297.6759875,576,216.8140869140625
1771764297.8697844,577,356.71258544921875
1771764298.4263775,578,122.41498565673828
1771764301.4803112,579,269.3056335449219
1771764303.6290612,580,254.5632781982422
1771764307.5167964,581,243.40365600585938
1771764309.8499231,582,223.0113067626953
1771764313.0750754,583,255.81292724609375
1771764315.053389,584,163.86666870117188
1771764318.58453,585,185.05068969726562
1771764322.064656,586,217.7467803955078
1771764327.101301,587,243.31065368652344
1771764329.00901,588,250.32769775390625
1771764330.2370386,589,306.8869323730469
1771764330.3815122,590,252.8167724609375
1771764337.428448,591,215.07997131347656
1771764341.0962214,592,190.5839080810547
1771764348.1766286,593,219.94476318359375
1771764348.3682237,594,182.53526306152344
1771764352.5726683,595,228.93458557128906
1771764357.3541563,596,182.7078857421875
1771764363.658948,597,230.4267120361328
1771764364.4608247,598,212.29209899902344
1771764372.6957593,599,231.3394775390625
1771764377.097002,600,205.46481323242188
1771764379.2238054,601,213.37525939941406
1771764384.510218,602,197.68939208984375
1771764388.1408272,603,260.7449645996094
1771764388.2674735,604,308.5113220214844
1771764388.5272498,605,48.406700134277344
1771764392.018557,606,226.10787963867188
1771764392.5067604,607,288.14276123046875
1771764394.2212021,608,202.11773681640625
1771764395.3424084,609,237.52561950683594
1771764398.3306205,610,194.11666870117188
1771764399.8610492,611,210.8128204345703
1771764400.0449648,612,288.16815185546875
1771764401.9863067,613,256.9031066894531
1771764403.4023645,614,221.27175903320312
1771764404.9522254,615,210.7988739013672
1771764405.2037396,616,171.19610595703125
1771764415.979529,617,219.5630645751953
1771764416.1079109,618,192.79666137695312
1771764420.9133055,619,210.84104919433594
1771764422.0737722,620,215.02073669433594
1771764425.774761,621,166.44964599609375
1771764430.3794038,622,217.754638671875
1771764432.272878,623,186.28045654296875
1771764433.7531142,624,232.32984924316406
1771764435.7667994,625,218.89987182617188
1771764439.1861818,626,165.21502685546875
1771764445.7158108,627,229.55987548828125
1771764447.7694428,628,204.86627197265625
1771764448.0157301,629,286.0680847167969
1771764450.8684702,630,208.7724609375
1771764455.0195339,631,226.9100799560547
1771764461.7456875,632,194.65408325195312
1771764465.3078632,633,237.76390075683594
1771764468.158224,634,199.47608947753906
1771764468.5783138,635,373.5038757324219
1771764469.9116602,636,166.12762451171875
1771764470.2246456,637,359.795166015625
1771764473.844453,638,180.3319854736328
1771764475.2916813,639,197.39047241210938
1771764480.3731673,640,219.44235229492188
1771764484.2451427,641,219.64334106445312
1771764485.4533415,642,281.416259765625
1771764487.3475883,643,182.8564910888672
1771764501.1730468,644,202.9102325439453
1771764508.3091393,645,205.93939208984375
1771764510.3699055,646,224.65444946289062
1771764510.5082772,647,85.37057495117188
1771764517.9687293,648,208.13772583007812
1771764521.1667547,649,180.22518920898438
1771764523.635391,650,183.2139892578125
1771764527.006579,651,169.344482421875
1771764531.284161,652,194.13446044921875
1771764532.3085127,653,251.9077606201172
1771764532.4328983,654,71.40390014648438
1771764540.4583821,655,185.57374572753906
1771764542.9048142,656,188.11497497558594
1771764545.085447,657,170.18470764160156
1771764545.530045,658,280.29949951171875
1771764549.336153,659,203.77032470703125
1771764777.757918,660,194.2832794189453
1771764779.0990417,661,166.36856079101562
1771764781.8347588,662,249.635498046875
1771764783.3872342,663,158.3537139892578
1771764789.0836477,664,187.9823760986328
1771764790.8783002,665,164.04342651367188
1771764792.1708786,666,192.7758026123047
1771764793.065282,667,145.90806579589844
1771764796.502941,668,214.84603881835938
1771764802.0910602,669,174.79197692871094
1771764804.343276,670,209.5152130126953
1771764806.843416,671,207.3658447265625
1771764808.534975,672,228.2921142578125
1771764812.2480185,673,171.20021057128906
1771764815.534725,674,164.25929260253906
1771764823.7605805,675,186.38568115234375
1771764823.9482195,676,105.37101745605469
1771764825.8997838,677,259.34796142578125
1771764826.0271032,678,202.04824829101562
1771764828.4266136,679,183.03196716308594
1771764828.6210606,680,258.39703369140625
1771764835.5588093,681,198.98660278320312
1771764837.6847386,682,203.41026306152344
1771764839.7896345,683,212.54193115234375
1771764843.472734,684,173.5664520263672
1771764848.3088434,685,173.70123291015625
1771764851.5695784,686,223.1993408203125
1771764853.02785,687,211.050537109375
1771764857.3370764,688,200.55636596679688
1771764858.3568077,689,218.60986328125
1771764864.8920543,690,190.63998413085938
1771764865.0186503,691,389.1302185058594
1771764865.1467428,692,312.43463134765625
1771764865.2723927,693,301.306396484375
1771764871.2785728,694,175.3571319580078
1771764874.684024,695,190.1281280517578
1771764878.0110679,696,149.62767028808594
1771764881.8960886,697,166.25144958496094
1771764888.546814,698,181.4621124267578
1771764890.2040887,699,242.47296142578125
1771764890.332896,700,163.48910522460938
1771764898.8697455,701,198.13633728027344
1771764914.105477,702,184.45591735839844
1771764917.3651075,703,145.28134155273438
1771764920.2906456,704,180.21566772460938
1771764921.208109,705,214.3592529296875
1771764926.073,706,169.35400390625
1771764926.198738,707,11.743167877197266
1771764926.7138517,708,206.4566650390625
1771764926.83852,709,275.64703369140625
1771764928.7846942,710,126.51978302001953
1771764930.284193,711,164.85401916503906
1771764939.828568,712,190.10989379882812
1771764940.6207645,713,140.8468475341797
1771764940.7471948,714,625.1153564453125
1771764943.918192,715,184.24049377441406
1771764944.3758485,716,207.2848358154297
1771764949.0266068,717,195.5725860595703
1771764949.3000853,718,121.32710266113281
1771764954.4652295,719,184.37924194335938
1771764958.5854626,720,159.45677185058594
1771764960.9774077,721,147.96495056152344
1771764961.5058239,722,114.06574249267578
1771764968.1757016,723,177.20530700683594
1771764971.0709908,724,163.12628173828125
1771764974.4787676,725,189.9876708984375
1771764974.6049392,726,284.02178955078125
1771764977.198139,727,144.6929473876953
1771764978.1606865,728,222.7657012939453
1771764982.6788194,729,166.74485778808594
1771764992.4332383,730,191.33702087402344
1771764995.7290263,731,171.40989685058594
1771765027.9477446,732,179.76596069335938
1771765029.647248,733,190.4241485595703
1771765030.0959876,734,173.36593627929688
1771765031.4446661,735,133.57012939453125
1771765033.3619382,736,122.52777862548828
1771765035.7247984,737,192.28485107421875
1771765037.2140925,738,219.972412109375
1771765040.219383,739,176.7273406982422
1771765042.4537373,740,108.41321563720703
1771765055.6598365,741,161.2119140625
1771765060.2398796,742,173.41749572753906
1771765064.8131993,743,163.89405822753906
1771765073.4731538,744,200.19467163085938
1771765075.1835945,745,139.3428497314453
1771765078.4761395,746,177.49835205078125
1771765087.0104892,747,162.23593139648438
1771765088.9208937,748,168.04940795898438
1771765092.3617265,749,158.7440185546875
1771765092.5577576,750,368.1087341308594
1771765093.8439898,751,194.8047332763672
1771765112.1554003,752,169.16973876953125
1771765235.6055841,753,160.79685974121094
1771765235.733266,754,367.7897644042969
1771765240.8851829,755,143.64573669433594
1771765241.0102696,756,163.24237060546875
1771765241.962816,757,158.97250366210938
1771765247.0709522,758,134.2682342529297
1771765248.9133675,759,131.64942932128906
1771765271.7227125,760,174.9421844482422
1771765271.8511488,761,170.47015380859375
1771765273.6069317,762,176.8542022705078
1771765278.3977892,763,167.55987548828125
1771765278.7741323,764,239.3477325439453
1771765281.0509639,765,162.5703887939453
1771765281.8736603,766,174.43934631347656
1771765286.579866,767,152.72496032714844
1771765286.70453,768,186.62457275390625
1771765290.4455595,769,157.7886505126953
1771765295.322722,770,122.9544677734375
1771765299.293479,771,127.62816619873047
1771765302.068669,772,168.09864807128906
1771765304.3937922,773,155.56515502929688
1771765311.7355156,774,141.2766876220703
1771765314.6194568,775,220.9132537841797
1771765315.6496031,776,222.52862548828125
1771765319.8854213,777,122.5709457397461
1771765335.6441462,778,162.1437225341797
1771765337.5594187,779,166.3335418701172
1771765339.6745026,780,181.6399688720703
1771765344.1756222,781,157.93125915527344
1771765348.0525582,782,141.432861328125
1771765351.530399,783,145.2852020263672
1771765363.7395804,784,144.73829650878906
1771765368.969915,785,164.65646362304688
1771765372.9442244,786,219.45034790039062
1771765391.6709728,787,142.55697631835938
1771765392.3994622,788,237.01986694335938
1771765400.2501469,789,145.9304962158203
1771765402.0572755,790,155.9195098876953
1771765402.1881993,791,63.37395477294922
1771765409.2407312,792,165.626953125
1771765419.7331932,793,146.3214111328125
1771765420.65978,794,160.60128784179688
1771765430.7166958,795,150.13998413085938
1771765443.0248811,796,153.97779846191406
1771765443.1528034,797,7.070466041564941
1771765449.018695,798,168.71446228027344
1771765451.5125964,799,114.69872283935547
1771765453.7475193,800,181.9874725341797
1771765455.7945137,801,160.79115295410156
1771765459.3360782,802,136.37997436523438
1771765461.96201,803,175.15753173828125
1771765462.4904616,804,147.55587768554688
1771765468.6558943,805,136.6839599609375
1771765474.216184,806,181.19813537597656
1771765481.440894,807,135.4224853515625
1771765481.5838768,808,258.32647705078125
1771765481.7103539,809,371.56451416015625
1771765482.728218,810,90.03983306884766
1771765487.837727,811,184.91285705566406
1771765491.0253158,812,205.83738708496094
1771765492.1755357,813,122.30186462402344
1771765498.9771397,814,153.41647338867188
1771765502.0870724,815,148.2625274658203
1771765506.358576,816,170.33282470703125
1771765509.562791,817,161.69873046875
1771765513.8787704,818,148.72616577148438
1771765515.0334795,819,124.12525939941406
1771765520.3314,820,142.33717346191406
1771765528.9225526,821,152.43199157714844
1771765530.6661577,822,139.2309112548828
1771765531.6899633,823,150.78445434570312
1771765532.9536927,824,143.906494140625
1771765538.55173,825,127.20858001708984
1771765551.4132879,826,143.5301971435547
1771765556.5953333,827,150.35202026367188
1771765556.717458,828,38.56300735473633
1771765557.2176235,829,132.66098022460938
1771765561.0257132,830,165.14694213867188
1771765655.0485744,831,160.60389709472656
1771765658.253498,832,174.027099609375
1771765662.0736856,833,136.3799591064453
1771765664.3635757,834,143.01730346679688
1771765670.1234927,835,155.87918090820312
1771765672.1383493,836,132.38218688964844
1771765672.3328433,837,186.91122436523438
1771765686.9311643,838,139.49172973632812
1771765688.6053414,839,120.83892822265625
1771765688.7312167,840,61.11259078979492
1771765692.4274232,841,151.85887145996094
1771765699.8159335,842,128.49107360839844
1771765700.9090219,843,191.9269256591797
1771765701.0350387,844,18.898059844970703
1771765701.1654077,845,93.76252746582031
1771765706.1398995,846,117.64738464355469
1771765707.642273,847,155.1068572998047
1771765707.7657225,848,324.1042175292969
1771765707.915566,849,484.8995666503906
1771765709.1143894,850,145.88003540039062
1771765717.846774,851,140.3721923828125
1771765717.9716747,852,109.40899658203125
1771765718.2865326,853,381.9242858886719
1771765720.088113,854,131.5562286376953
1771765721.8029284,855,151.66354370117188
1771765725.0369902,856,112.35377502441406
1771765727.0647042,857,158.36158752441406
1771765727.189455,858,4.742645263671875
1771765738.7039258,859,153.7633819580078
1771765739.5079947,860,172.56854248046875
1771765740.8753734,861,181.3818359375
1771765742.6364932,862,157.13841247558594
1771765748.1151822,863,140.351806640625
1771765749.6585271,864,129.1724090576172
1771765760.0475595,865,148.73895263671875
1771765771.704037,866,162.10182189941406
1771765773.825935,867,155.46142578125
1771765777.8498466,868,141.1108856201172
1771765778.0318444,869,320.35687255859375
1771765783.8222141,870,138.11190795898438
1771765783.950451,871,178.985107421875
1771765784.330487,872,256.7558898925781
1771765786.2027955,873,192.9672088623047
1771765789.4262323,874,165.85731506347656
1771765804.7502644,875,139.49887084960938
1771765806.1023877,876,86.81403350830078
1771765811.6625345,877,149.98031616210938
1771765816.6803548,878,132.81788635253906
1771765825.784892,879,132.3603057861328
1771765828.1479764,880,144.45272827148438
1771765832.9693844,881,126.19139862060547
1771765835.5760114,882,140.23992919921875
1771765847.6193936,883,151.89378356933594
1771765851.705677,884,164.67823791503906
1771765852.8567915,885,114.53833770751953
1771765852.9821243,886,51.59273147583008
1771765857.6439784,887,168.92709350585938
1771765860.157781,888,183.8793182373047
1771765865.5474052,889,151.82730102539062
1771765867.6987238,890,130.48602294921875
1771765869.3989463,891,157.55870056152344
1771765880.3067787,892,176.39797973632812
1771765881.6203067,893,134.2836151123047
1771765886.0363076,894,140.09817504882812
1771765887.2490892,895,120.74761962890625
1771765888.4822013,896,82.36267852783203
1771765889.6171699,897,175.22161865234375
1771765900.275693,898,142.66758728027344
1771765905.845289,899,140.0055389404297
1771765905.9691103,900,155.99032592773438
1771765907.1881015,901,147.25885009765625
1771765920.2093155,902,133.55145263671875
1771765922.5834882,903,193.2848663330078
1771765922.7660787,904,169.7725830078125
1771765930.7751951,905,134.63418579101562
1771765938.6385875,906,126.56995391845703
1771765938.762202,907,191.78651428222656
1771765943.188104,908,129.0626678466797
1771765944.0564141,909,80.28751373291016
1771765954.3693242,910,128.6454315185547
1771765956.011045,911,145.8199462890625
1771765957.8040197,912,117.37495422363281
1771765966.357729,913,125.31063079833984
1771765966.4834228,914,100.86473083496094
1771765970.3569305,915,137.23941040039062
1771765974.5403287,916,160.10328674316406
1771765980.723026,917,157.13438415527344
1771766048.7246602,918,11.943961143493652
1771766048.8499467,919,321.252197265625
1771766050.5720587,920,124.90310668945312
1771766050.6998703,921,53.66286087036133
1771766056.953818,922,139.1840057373047
1771766057.8111162,923,98.04835510253906
1771766063.831934,924,150.2401123046875
1771766064.0849123,925,36.8436279296875
1771766067.1524673,926,182.96713256835938
1771766071.863613,927,129.74899291992188
1771766072.9865959,928,143.7227783203125
1771766077.430308,929,155.99832153320312
1771766078.8599486,930,153.58981323242188
1771766081.4994574,931,156.1127166748047
1771766092.7841918,932,156.4325408935547
1771766092.9731438,933,101.09388732910156
1771766096.3801565,934,122.63579559326172
1771766097.563655,935,134.79354858398438
1771766101.2315855,936,145.8621368408203
1771766107.3225908,937,134.99510192871094
1771766107.8996634,938,140.65528869628906
1771766114.4236157,939,144.83363342285156
1771766115.1918542,940,130.8470001220703
1771766123.1307247,941,143.6391143798828
1771766125.497368,942,121.66466522216797
1771766132.6356993,943,157.7130889892578
1771766134.5458324,944,124.73320770263672
1771766135.5931618,945,119.51953887939453
1771766135.7913675,946,159.11550903320312
1771766140.6569328,947,127.4775390625
1771766143.894767,948,150.7942352294922
1771766147.245091,949,159.6572723388672
1771766148.0542383,950,173.97796630859375
1771766149.0864816,951,159.02236938476562
1771766150.037534,952,188.7664794921875
1771766151.515202,953,171.6678466796875
1771766153.3403306,954,177.61526489257812
1771766157.0302951,955,158.6751708984375
1771766157.8190455,956,207.74319458007812
1771766157.9431055,957,59.080265045166016
1771766159.0052881,958,181.64613342285156
1771766163.157335,959,125.75162506103516
1771766163.8851688,960,133.70867919921875
1771766164.0109122,961,17.4566650390625
1771766166.1379404,962,105.0931625366211
1771766166.3275206,963,79.14996337890625
1771766168.5979915,964,104.73197937011719
1771766169.39743,965,164.07252502441406
1771766171.0480263,966,198.8075408935547
1771766174.600498,967,163.58673095703125
1771766174.727563,968,23.637020111083984
1771766174.8588023,969,21.96778106689453
1771766175.448965,970,103.8174057006836
1771766176.9824562,971,132.60272216796875
1771766178.2201436,972,151.93826293945312
1771766182.8021872,973,146.63926696777344
1771766183.7418702,974,137.00918579101562
1771766184.596186,975,194.0865936279297
1771766186.000386,976,123.5474624633789
1771766189.9143257,977,170.71051025390625
1771766191.8638928,978,147.23822021484375
1771766193.2409453,979,115.24141693115234
1771766194.5803142,980,252.8515625
1771766195.1431913,981,122.95338439941406
1771766195.3420405,982,52.886802673339844
1771766195.468975,983,39.383644104003906
1771766196.4082267,984,213.00975036621094
1771766196.657147,985,260.8641662597656
1771766199.691048,986,195.10580444335938
1771766202.1219068,987,102.8279037475586
1771766202.6484847,988,103.73713684082031
1771766204.6556537,989,128.8375244140625
1771766208.4114578,990,136.76278686523438
1771766212.371567,991,153.7393798828125
1771766215.0352032,992,188.54457092285156
1771766215.2249093,993,134.00755310058594
1771766217.3049228,994,127.71590423583984
1771766217.5524182,995,263.3452453613281
1771766219.4369485,996,189.607421875
1771766222.3789454,997,116.49161529541016
1771766225.985387,998,142.6403350830078
1771766226.1944435,999,39.139739990234375
1771766226.3807738,1000,115.55841064453125
1771766226.6388614,1001,63.05142593383789
1771766226.7621398,1002,79.02326965332031
1771766226.957134,1003,90.65882110595703
1771766229.1143162,1004,151.30197143554688
1771766232.182361,1005,148.7267303466797
1771766235.649069,1006,183.7500457763672
1771766236.4007711,1007,210.91378784179688
1771766237.4526587,1008,161.34228515625
1771766237.836138,1009,172.74148559570312
1771766239.5699036,1010,141.91946411132812
1771766239.758756,1011,47.447654724121094
1771766241.7672248,1012,179.89556884765625
1771766247.8339717,1013,165.1171875
1771766248.155252,1014,176.89422607421875
1771766249.1071985,1015,151.7979278564453
1771766251.836743,1016,126.4410400390625
1771766253.807004,1017,127.67916870117188
1771766259.4029834,1018,198.428466796875
1771766263.728042,1019,138.60049438476562
1771766263.9162886,1020,310.3768615722656
1771766264.8594596,1021,99.77244567871094
1771766266.794263,1022,127.41962432861328
1771766268.7150877,1023,199.2570037841797
1771766274.0032153,1024,150.90252685546875
1771766274.4605293,1025,205.05445861816406
1771766274.5836656,1026,22.955289840698242
1771766276.9147475,1027,147.36138916015625
1771766278.140476,1028,168.4396514892578
1771766279.2911446,1029,148.64512634277344
1771766279.6059766,1030,91.30070495605469
1771766281.5835345,1031,156.45632934570312
1771766282.796521,1032,154.23898315429688
1771766288.0720966,1033,189.7271728515625
1771766289.8970044,1034,151.06298828125
1771766291.0457103,1035,109.04409790039062
1771766291.1821406,1036,103.34923553466797
1771766291.5796528,1037,119.0235366821289
1771766297.71708,1038,138.1741180419922
1771766303.99721,1039,165.16551208496094
1771766306.6728492,1040,168.6324005126953
1771766306.914768,1041,115.61174011230469
1771766308.4824538,1042,150.22329711914062
1771766308.8924005,1043,317.8553466796875
1771766310.7617393,1044,180.86460876464844
1771766314.0951955,1045,176.3046112060547
1771766314.2224069,1046,91.66122436523438
1771766315.0861022,1047,119.85118865966797
1771766315.213825,1048,224.67791748046875
1771766317.5560982,1049,163.2906494140625
1771766319.794541,1050,148.5666046142578
1771766323.4096334,1051,146.3430938720703
1771766323.5355515,1052,150.0116424560547
1771766326.6726944,1053,136.29983520507812
1771766328.6982267,1054,151.88662719726562
1771766330.673037,1055,168.93789672851562
1771766331.760475,1056,148.4682159423828
1771766334.6463745,1057,136.01416015625
1771766336.4589412,1058,178.20132446289062
1771766337.6725404,1059,170.05242919921875
1771766337.8694448,1060,191.10951232910156
1771766341.2288177,1061,176.2946319580078
1771766341.5817409,1062,228.31039428710938
1771766343.1835816,1063,144.70013427734375
1771766343.5062914,1064,169.7100372314453
1771766344.4364178,1065,159.97755432128906
1771766344.6213484,1066,262.70086669921875
1771766345.8130336,1067,195.44566345214844
1771766351.9384408,1068,151.24913024902344
1771766352.7470133,1069,88.20438385009766
1771766353.3135026,1070,211.06295776367188
1771766356.317531,1071,181.36978149414062
1771766357.592147,1072,194.5106658935547
1771766359.514265,1073,134.10415649414062
1771766359.6412446,1074,46.352237701416016
1771766360.6361644,1075,158.27944946289062
1771766365.8713717,1076,150.63307189941406
1771766368.590991,1077,198.80715942382812
1771766371.855572,1078,148.22467041015625
1771766377.3784416,1079,145.3715362548828
1771766378.7997272,1080,119.93829345703125
1771766380.11833,1081,115.77003479003906
1771766385.1653135,1082,134.9368896484375
1771766499.8501012,1083,167.31983947753906
1771766500.1097546,1084,217.05841064453125
1771766500.2354484,1085,11.661368370056152
1771766500.3629608,1086,19.49213409423828
1771766504.7377715,1087,123.81055450439453
1771766504.8748894,1088,147.75482177734375
1771766505.3132377,1089,169.69845581054688
1771766505.6978607,1090,77.76721954345703
1771766506.336964,1091,120.90857696533203
1771766506.5406847,1092,227.7999267578125
1771766514.5845952,1093,133.05715942382812
1771766518.4338028,1094,149.9390106201172
1771766519.1834342,1095,137.79241943359375
1771766520.1422017,1096,173.60888671875
1771766523.7355955,1097,158.55245971679688
1771766524.9949641,1098,132.01170349121094
1771766525.2683358,1099,204.708984375
1771766528.6931872,1100,152.330810546875
1771766528.9432986,1101,64.73123931884766
1771766531.695976,1102,136.76220703125
1771766533.3354568,1103,144.10362243652344
1771766537.1009324,1104,158.03028869628906
1771766548.7191153,1105,130.24807739257812
1771766552.9769137,1106,133.51072692871094
1771766559.4079068,1107,166.6954803466797
1771766560.4699543,1108,192.40989685058594
1771766564.0519025,1109,124.44438934326172
1771766570.9224775,1110,136.56210327148438
1771766571.649764,1111,212.43251037597656
1771766575.130818,1112,122.75982666015625
1771766576.249357,1113,98.50758361816406
1771766576.5642724,1114,38.48762893676758
1771766580.0495493,1115,146.3853302001953
1771766583.562943,1116,145.0582733154297
1771766585.1107702,1117,127.77120208740234
1771766585.2383957,1118,97.7674331665039
1771766587.6118999,1119,163.01698303222656
1771766589.8961627,1120,138.36805725097656
1771766590.0926092,1121,17.472429275512695
1771766591.3411012,1122,189.45530700683594
1771766592.7428248,1123,196.98350524902344
1771766595.278049,1124,138.9092254638672
1771766595.4056435,1125,191.76844787597656
1771766598.6257095,1126,145.47335815429688
1771766602.3620002,1127,175.1981201171875
1771766602.483817,1128,199.85760498046875
1771766604.1814702,1129,128.35421752929688
1771766607.2184207,1130,169.20652770996094
1771766607.404998,1131,34.75950622558594
1771766607.7256896,1132,128.2122344970703
1771766609.2598722,1133,133.52911376953125
1771766609.5244544,1134,25.952938079833984
1771766609.7144558,1135,150.2218017578125
1771766614.1012762,1136,177.85240173339844
1771766622.9675312,1137,150.1855926513672
1771766623.8298173,1138,132.98214721679688
1771766626.1649861,1139,120.68728637695312
1771766626.422811,1140,201.65142822265625
1771766629.850314,1141,179.048828125
1771766629.973796,1142,8.319067001342773
1771766632.8534884,1143,184.48855590820312
1771766634.7742758,1144,176.73158264160156
1771766641.9042041,1145,138.67071533203125
1771766644.472187,1146,111.12934112548828
1771766644.725176,1147,305.20306396484375
1771766644.9775608,1148,164.66163635253906
1771766645.167325,1149,150.3004150390625
1771766646.1390283,1150,141.8453826904297
1771766646.4550607,1151,145.51075744628906
1771766649.782928,1152,135.76007080078125
1771766650.9772217,1153,149.13717651367188
1771766651.106202,1154,71.36767578125
1771766651.4461858,1155,112.99320220947266
1771766651.6974282,1156,164.57379150390625
1771766653.3768146,1157,132.49081420898438
1771766654.838123,1158,161.03981018066406
1771766658.685494,1159,147.26284790039062
1771766659.822979,1160,164.080322265625
1771766661.6403975,1161,173.99070739746094
1771766664.9535944,1162,160.50277709960938
1771766670.12716,1163,174.24180603027344
1771766671.5764139,1164,128.59173583984375
1771766673.9313693,1165,136.8140106201172
1771766675.2833629,1166,190.62014770507812
1771766677.3732848,1167,161.49671936035156
1771766678.9075935,1168,137.58030700683594
1771766683.9376705,1169,150.84970092773438
1771766684.1422853,1170,129.99525451660156
1771766685.1865861,1171,176.5398712158203
1771766690.0002594,1172,188.56495666503906
1771766690.1897278,1173,83.01345825195312
1771766691.5699818,1174,156.0048828125
1771766695.2790985,1175,130.20936584472656
1771766695.4056864,1176,57.342166900634766
1771766696.4888167,1177,163.23036193847656
1771766700.3164334,1178,123.09658813476562
1771766701.3872442,1179,115.18310546875
1771766704.8191097,1180,187.10630798339844
1771766704.9458778,1181,28.562862396240234
1771766705.3413954,1182,155.19998168945312
1771766705.5918756,1183,211.5262908935547
1771766705.782363,1184,19.993412017822266
1771766706.8892262,1185,157.7209014892578
1771766707.021805,1186,45.41633605957031
1771766708.795799,1187,98.14825439453125
1771766712.4287577,1188,165.43191528320312
1771766718.505643,1189,145.79539489746094
1771766723.5933266,1190,172.83616638183594
1771766725.25045,1191,107.569580078125
1771766730.1937957,1192,157.26712036132812
1771766733.6873114,1193,126.70135498046875
1771766734.1071532,1194,221.57815551757812
1771766734.2317512,1195,331.14410400390625
1771766738.0910416,1196,166.20127868652344
1771766743.1955564,1197,152.73333740234375
1771766743.8690782,1198,227.89036560058594
1771766744.178305,1199,127.31945037841797
1771766744.7672377,1200,133.9894561767578
1771766744.8900783,1201,44.46662139892578
1771766747.7686205,1202,170.5559539794922
1771766749.4230652,1203,136.14334106445312
1771766751.0262446,1204,110.28570556640625
1771766752.8260126,1205,164.0142059326172
1771766756.2777057,1206,155.22491455078125
1771766758.5887332,1207,138.84234619140625
1771766758.713884,1208,209.9654541015625
1771766762.1235697,1209,147.13958740234375
1771766763.1017923,1210,132.99615478515625
1771766763.3505821,1211,118.21540832519531
1771766768.9255378,1212,131.45346069335938
1771766772.0093431,1213,124.19667053222656
1771766772.3491395,1214,195.2913055419922
1771766774.9327857,1215,155.66700744628906
1771766779.667438,1216,138.10325622558594
1771766781.8991976,1217,194.23208618164062
1771766782.1611235,1218,61.194915771484375
1771766782.4156692,1219,247.4490509033203
1771766782.541078,1220,253.47044372558594
1771766785.6985886,1221,150.89453125
1771766785.901481,1222,39.616886138916016
1771766787.8838537,1223,146.86880493164062
1771766789.1327112,1224,119.29049682617188
1771766790.7176747,1225,143.0483856201172
1771766792.6017828,1226,136.0931396484375
1771766793.2948787,1227,191.69659423828125
1771766797.1283715,1228,162.19105529785156
1771766797.5950809,1229,171.62489318847656
1771766798.6839852,1230,132.7392578125
1771766798.8650594,1231,297.5380859375
1771766800.7619429,1232,120.05164337158203
1771766804.141226,1233,165.8723602294922
1771766807.9753325,1234,138.52334594726562
1771766810.9853542,1235,163.20005798339844
1771766815.3747513,1236,129.46775817871094
1771766816.3719685,1237,98.8809814453125
1771766817.1788802,1238,147.43966674804688
1771766819.7211704,1239,162.73150634765625
1771766819.9192693,1240,89.19705200195312
1771766821.1984792,1241,155.61123657226562
1771766822.7111814,1242,156.85911560058594
1771766823.279943,1243,134.4803924560547
1771766823.4083555,1244,39.69762420654297
1771766826.2743835,1245,149.7614288330078
1771766826.4106932,1246,122.41092681884766
1771766829.8037264,1247,140.2859649658203
1771766834.1044178,1248,148.73114013671875
1771766837.2653575,1249,161.30230712890625
1771766928.091423,1250,151.21226501464844
1771766931.3422923,1251,152.85354614257812
1771766932.9353683,1252,184.69459533691406
1771766937.2694552,1253,139.87274169921875
1771766937.395378,1254,441.25518798828125
1771766940.3391676,1255,142.5595245361328
1771766941.0309215,1256,186.55340576171875
1771766941.7501156,1257,146.97732543945312
1771766942.2381973,1258,98.8387680053711
1771766942.3637686,1259,153.15992736816406
1771766946.5799198,1260,149.9115753173828
1771766947.579345,1261,96.52128601074219
1771766947.7636733,1262,82.74188232421875
1771766954.901123,1263,146.46141052246094
1771766957.649119,1264,147.4080810546875
1771766958.586899,1265,138.50926208496094
1771766964.0621202,1266,147.8769073486328
1771766966.663715,1267,155.87039184570312
1771766969.1147342,1268,164.4552459716797
1771766969.298305,1269,173.33389282226562
1771766970.1097865,1270,176.41932678222656
1771766972.4121041,1271,186.36715698242188
1771766973.5003357,1272,117.34031677246094
1771766973.6823485,1273,98.07052612304688
1771766973.868865,1274,103.79635620117188
1771766979.1229236,1275,147.76309204101562
1771766981.8961859,1276,182.0334014892578
1771766982.8508325,1277,136.98294067382812
1771766985.0535245,1278,193.20501708984375
1771766985.3941588,1279,119.29232788085938
1771766985.5817204,1280,170.6314697265625
1771766985.9748404,1281,162.84719848632812
1771766986.1012404,1282,313.97308349609375
1771766990.8679473,1283,154.4171905517578
1771766991.0541918,1284,98.3016586303711
1771766994.3878052,1285,132.1640625
1771766996.0930252,1286,140.6044921875
1771767002.2637186,1287,141.21800231933594
1771767005.211429,1288,128.45291137695312
1771767008.885375,1289,147.28053283691406
1771767011.3206606,1290,142.3141326904297
1771767014.7803822,1291,157.49563598632812
1771767014.9032853,1292,19.960678100585938
1771767016.0901246,1293,189.87149047851562
1771767016.2704241,1294,50.049293518066406
1771767016.6497161,1295,295.4123840332031
1771767018.267336,1296,144.13002014160156
1771767023.1427295,1297,126.97966003417969
1771767025.1651042,1298,152.5245361328125
1771767025.8669674,1299,140.79249572753906
1771767026.1269126,1300,299.64739990234375
1771767028.0865679,1301,177.04383850097656
1771767032.3729613,1302,152.8429412841797
1771767033.0462506,1303,206.55429077148438
1771767036.954501,1304,144.59786987304688
1771767040.407462,1305,130.6810302734375
1771767040.722749,1306,125.47893524169922
1771767041.3726764,1307,246.93507385253906
1771767041.5005033,1308,36.437252044677734
1771767045.0865042,1309,143.28244018554688
1771767048.625626,1310,162.2147216796875
1771767050.4568515,1311,131.53050231933594
1771767050.5815666,1312,59.61289978027344
1771767052.63369,1313,153.6558837890625
1771767053.6545231,1314,171.68020629882812
1771767054.517109,1315,98.02033233642578
1771767056.207867,1316,161.6182403564453
1771767056.5300107,1317,46.80926513671875
1771767057.660439,1318,133.1876220703125
1771767062.187551,1319,148.58660888671875
1771767063.4305763,1320,161.40171813964844
1771767065.8795576,1321,154.82017517089844
1771767068.2447994,1322,137.31759643554688
1771767070.2186592,1323,132.55250549316406
1771767073.5058544,1324,136.7766571044922
1771767074.8271024,1325,146.0361328125
1771767076.0085125,1326,130.30575561523438
1771767076.5414007,1327,108.5750503540039
1771767078.0299988,1328,117.41020965576172
1771767078.2257035,1329,47.61155700683594
1771767078.4197257,1330,456.39520263671875
1771767079.2873926,1331,145.7860870361328
1771767079.6052272,1332,206.6781463623047
1771767081.83512,1333,126.01795959472656
1771767087.968514,1334,142.5806427001953
1771767089.257527,1335,126.5538330078125
1771767092.8168592,1336,169.64488220214844
1771767093.1489084,1337,258.432861328125
1771767098.2996771,1338,159.690673828125
1771767100.2443604,1339,180.34005737304688
1771767102.0313573,1340,176.76773071289062
1771767103.4021428,1341,148.55186462402344
1771767105.9323485,1342,159.92742919921875
1771767109.5340664,1343,161.1777801513672
1771767112.0876617,1344,137.4974365234375
1771767112.2117925,1345,142.05352783203125
1771767116.2662141,1346,110.61653900146484
1771767119.4136643,1347,123.39767456054688
1771767123.63189,1348,146.71238708496094
1771767123.7561157,1349,64.9200210571289
1771767129.1734943,1350,134.65142822265625
1771767129.4238722,1351,300.28814697265625
1771767130.6193757,1352,101.97269439697266
1771767130.742611,1353,97.77106475830078
1771767132.7005386,1354,128.97935485839844
1771767134.6073034,1355,145.39353942871094
1771767135.9515657,1356,138.4313507080078
1771767137.1316102,1357,136.3585205078125
1771767137.2612426,1358,91.97093200683594
1771767142.8497987,1359,146.3501739501953
1771767145.6624355,1360,157.9824981689453
1771767148.7634096,1361,119.0108413696289
1771767149.143356,1362,84.2116928100586
1771767150.3937213,1363,129.6194305419922
1771767150.577848,1364,104.29478454589844
1771767152.0475228,1365,168.60736083984375
1771767152.3537521,1366,136.25575256347656
1771767152.5357156,1367,116.80585479736328
1771767156.7601862,1368,151.23594665527344
1771767157.8211193,1369,152.0593719482422
1771767158.971859,1370,131.1895294189453
1771767161.3280957,1371,149.6494903564453
1771767161.5859394,1372,87.74659729003906
1771767166.2187324,1373,147.60902404785156
1771767166.60118,1374,125.43658447265625
1771767170.0578992,1375,134.61798095703125
1771767170.3166668,1376,89.11764526367188
1771767174.0570452,1377,119.00421905517578
1771767174.9704528,1378,210.21348571777344
1771767178.581214,1379,125.08151245117188
1771767181.690851,1380,142.52264404296875
1771767181.8155286,1381,50.66029357910156
1771767181.9960637,1382,505.85150146484375
1771767183.8345985,1383,147.9071044921875
1771767190.3210044,1384,139.72021484375
1771767198.658099,1385,136.9248809814453
1771767204.3810427,1386,135.7501983642578
1771767205.7149,1387,176.37474060058594
1771767206.137043,1388,68.64270782470703
1771767206.448381,1389,71.40380859375
1771767207.9600945,1390,142.70103454589844
1771767216.9513416,1391,143.93838500976562
1771767222.4819205,1392,145.16574096679688
1771767224.2954445,1393,202.37013244628906
1771767225.7251174,1394,202.6265411376953
1771767230.7704668,1395,141.14202880859375
1771767231.6278477,1396,235.13629150390625
1771767237.4277985,1397,131.5901641845703
1771767239.8179238,1398,150.03115844726562
1771767242.8975148,1399,153.11183166503906
1771767249.8750093,1400,115.18959045410156
1771767251.4695723,1401,134.1964569091797
1771767252.5400758,1402,135.46600341796875
1771767256.2681904,1403,157.1217803955078
1771767259.6403718,1404,132.62786865234375
1771767259.9544797,1405,163.81460571289062
1771767262.322824,1406,111.23448944091797
1771767262.942024,1407,122.6246337890625
1771767271.4010901,1408,136.74942016601562
1771767395.284599,1409,102.55187225341797
1771767405.9215796,1410,141.1808319091797
1771767406.8104124,1411,150.50186157226562
1771767409.0075684,1412,165.90228271484375
1771767410.8641782,1413,104.66354370117188
1771767414.962506,1414,105.06624603271484
1771767417.2903469,1415,157.7155303955078
1771767419.7387106,1416,126.43441009521484
1771767422.7737522,1417,104.3935546875
1771767424.3420386,1418,118.91697692871094
1771767429.2013588,1419,138.8380126953125
1771767435.0569966,1420,122.41268157958984
1771767435.3504052,1421,138.81549072265625
1771767438.6073194,1422,154.0650634765625
1771767444.3409266,1423,126.48001098632812
1771767450.237054,1424,145.75242614746094
1771767452.8921957,1425,171.85354614257812
1771767461.4730892,1426,112.02263641357422
1771767461.6806955,1427,177.0920867919922
1771767462.8945055,1428,193.28160095214844
1771767473.5136855,1429,134.85250854492188
1771767473.7790043,1430,114.40033721923828
1771767476.6190915,1431,122.75243377685547
1771767476.8146026,1432,208.36099243164062
1771767478.6012425,1433,113.70186614990234
1771767480.2031655,1434,115.90505981445312
1771767480.4640343,1435,183.98468017578125
1771767482.217117,1436,131.03477478027344
1771767488.6361625,1437,135.415283203125
1771767490.7936983,1438,148.11651611328125
1771767490.9904296,1439,158.3212890625
1771767491.1174567,1440,221.21878051757812
1771767491.2468486,1441,103.46554565429688
1771767491.8499706,1442,126.72960662841797
1771767492.187674,1443,47.054962158203125
1771767492.8843064,1444,101.81317138671875
1771767494.2898476,1445,139.4989013671875
1771767496.8523903,1446,156.03749084472656
1771767500.336808,1447,130.35748291015625
1771767502.8426256,1448,143.5292510986328
1771767507.2447355,1449,152.7788848876953
1771767512.91091,1450,124.80613708496094
1771767515.353332,1451,144.21568298339844
1771767521.109662,1452,133.34645080566406
1771767528.0599253,1453,145.27549743652344
1771767532.5017781,1454,170.9758758544922
1771767532.7514768,1455,210.70924377441406
1771767535.4586604,1456,107.17689514160156
1771767541.7730951,1457,140.52450561523438
1771767547.9161224,1458,129.85719299316406
1771767548.239882,1459,50.18162536621094
1771767550.0271392,1460,115.88008880615234
1771767553.8958845,1461,134.9150390625
1771767559.1628056,1462,127.14939880371094
1771767563.7716262,1463,136.30567932128906
1771767570.6173878,1464,111.52267456054688
1771767572.19394,1465,132.46334838867188
1771767574.056926,1466,129.24478149414062
1771767575.345833,1467,130.26756286621094
1771767577.39462,1468,184.322998046875
1771767578.7983947,1469,145.60948181152344
1771767580.2390363,1470,107.48719787597656
1771767582.2497437,1471,127.80770874023438
1771767585.1738582,1472,135.42002868652344
1771767585.6241574,1473,126.40213012695312
1771767586.0064747,1474,186.98257446289062
1771767591.63509,1475,114.30187225341797
1771767591.9600239,1476,156.309326171875
1771767593.621213,1477,146.0801544189453
1771767593.748767,1478,214.04757690429688
1771767595.7932968,1479,134.26548767089844
1771767597.107852,1480,109.34593963623047
1771767597.2346249,1481,36.700687408447266
1771767598.5071018,1482,187.97894287109375
1771767600.695537,1483,134.30996704101562
1771767601.0107772,1484,243.7646942138672
1771767604.4583275,1485,120.73724365234375
1771767607.2434325,1486,136.7958984375
1771767607.5090823,1487,92.89991760253906
1771767607.8995209,1488,98.57108306884766
1771767610.2923992,1489,122.53974914550781
1771767610.415554,1490,236.95913696289062
1771767611.2448292,1491,68.45950317382812
1771767613.8682234,1492,141.7657012939453
1771767616.0771267,1493,131.695556640625
1771767620.0164876,1494,129.3646240234375
1771767621.0781252,1495,145.73863220214844
1771767627.729015,1496,147.61219787597656
1771767629.7823424,1497,100.51127624511719
1771767630.0363948,1498,100.34465789794922
1771767634.8140633,1499,146.2994384765625
1771767635.7385108,1500,195.8902587890625
1771767637.8796017,1501,172.11361694335938
1771767638.225757,1502,242.5587615966797
1771767640.5847902,1503,126.63029479980469
1771767641.0527148,1504,65.68787384033203
1771767646.513073,1505,142.2926788330078
1771767646.8325553,1506,148.2638397216797
1771767651.4462488,1507,123.6532211303711
1771767653.517205,1508,144.77330017089844
1771767653.6462429,1509,19.82305908203125
1771767653.7744794,1510,7.736845016479492
1771767654.8004653,1511,79.41278076171875
1771767656.940497,1512,124.80374145507812
1771767663.255482,1513,119.1091079711914
1771767666.2263484,1514,113.64554595947266
1771767669.4560194,1515,144.02590942382812
1771767670.4863534,1516,148.72613525390625
1771767674.7977676,1517,135.1327362060547
1771767675.1500006,1518,117.80763244628906
1771767675.344495,1519,162.32424926757812
1771767680.16824,1520,116.519287109375
1771767680.4336538,1521,77.8419418334961
1771767681.760517,1522,118.68122863769531
1771767682.3617785,1523,88.00520324707031
1771767686.8694177,1524,140.29165649414062
1771767688.5048575,1525,103.68196868896484
1771767691.0193386,1526,117.81246185302734
1771767691.7635937,1527,86.89868927001953
1771767692.2768152,1528,65.65556335449219
1771767693.1443095,1529,131.10818481445312
1771767694.5077274,1530,160.1271514892578
1771767696.3081224,1531,121.99600219726562
1771767696.7600727,1532,186.9777374267578
1771767699.4190512,1533,144.46624755859375
1771767701.7239623,1534,143.5433349609375
1771767702.0604303,1535,86.98607635498047
1771767706.4391863,1536,143.69264221191406
1771767710.4928014,1537,111.07050323486328
1771767713.8332062,1538,133.72952270507812
1771767715.0915756,1539,154.9136962890625
1771767716.2522376,1540,136.09449768066406
1771767717.2257798,1541,102.92611694335938
1771767718.4577184,1542,106.21060943603516
1771767720.0433645,1543,73.44856262207031
1771767720.3061135,1544,105.99266815185547
1771767720.4937572,1545,30.752342224121094
1771767722.140361,1546,113.4888687133789
1771767728.8096263,1547,122.42811584472656
1771767760.8544915,1548,113.70594787597656
1771767761.0384138,1549,195.36074829101562
1771767761.5378883,1550,56.86286163330078
1771767761.677028,1551,164.4107208251953
1771767771.633096,1552,120.573974609375
1771767776.3087273,1553,110.41030883789062
1771767776.4951773,1554,223.2606658935547
1771767778.2920735,1555,110.94546508789062
1771767781.8049345,1556,129.7786865234375
1771767782.0628498,1557,142.3962860107422
1771767786.114352,1558,134.53793334960938
1771767789.3254082,1559,133.68829345703125
1771767793.419874,1560,129.080810546875
1771767797.7838504,1561,117.25813293457031
1771767800.918325,1562,114.11988830566406
1771767804.4065533,1563,142.73011779785156
1771767804.8593726,1564,180.23883056640625
1771767806.632952,1565,186.40968322753906
1771767810.0041714,1566,136.06251525878906
1771767814.8126385,1567,129.28439331054688
1771767824.6354568,1568,111.23609161376953
1771767828.559968,1569,126.49065399169922
1771767828.683365,1570,81.11659240722656
1771767828.8143146,1571,254.39614868164062
1771767829.8421018,1572,121.25505065917969
1771767830.0960894,1573,156.63824462890625
1771767832.115674,1574,116.48989868164062
1771767837.5752165,1575,105.18367767333984
1771767841.036679,1576,94.84368133544922
1771767841.2991745,1577,65.78400421142578
1771767844.619422,1578,118.89381408691406
1771767854.1562922,1579,117.63854217529297
1771767873.370614,1580,125.5543212890625
1771767873.5548854,1581,133.95867919921875
1771767874.5628586,1582,93.47777557373047
1771767874.8317184,1583,190.53880310058594
1771767874.957705,1584,70.29388427734375
1771767875.0829954,1585,175.3190460205078
1771767877.22942,1586,99.33322143554688
1771767878.9349258,1587,131.06411743164062
1771767884.2762725,1588,98.34375762939453
1771767884.5890203,1589,63.32017517089844
1771767888.6489937,1590,95.13356018066406
1771767891.7007046,1591,117.23697662353516
1771767891.8241324,1592,21.08245849609375
1771767894.286816,1593,102.5740966796875
1771767894.4138212,1594,64.67330932617188
1771767899.0583012,1595,122.78925323486328
1771767902.7448046,1596,124.76437377929688
1771767907.9158864,1597,127.56683349609375
1771767909.2429426,1598,81.7111587524414
1771767916.0872796,1599,130.12815856933594
1771767921.6977658,1600,134.06419372558594
1771767922.607774,1601,93.57420349121094
1771767929.8201158,1602,113.09528350830078
1771767930.0107248,1603,156.20094299316406
1771767930.1380708,1604,11.601343154907227
1771767930.267132,1605,34.7584228515625
1771767932.956601,1606,93.23190307617188
1771767938.5213845,1607,112.46134948730469
1771767941.3590434,1608,129.19171142578125
1771767941.6194696,1609,70.56697845458984
1771767945.020204,1610,133.40438842773438
1771767947.7315557,1611,94.9897689819336
1771767947.9282982,1612,98.89917755126953
1771767953.4334493,1613,109.35692596435547
1771767953.9617012,1614,123.34225463867188
1771767955.020993,1615,168.7848663330078
1771767955.148226,1616,133.6251220703125
1771767956.8095229,1617,102.92381286621094
1771767970.9613714,1618,116.41949462890625
1771767972.37284,1619,75.70877075195312
1771767972.7639115,1620,102.13347625732422
1771767979.0797303,1621,107.38426208496094
1771767979.4134943,1622,133.41650390625
1771767981.0963252,1623,93.26722717285156
1771767981.2289212,1624,438.207763671875
1771767981.356641,1625,76.81190490722656
1771767982.4493625,1626,120.2515869140625
1771767984.0872812,1627,118.61499786376953
1771767984.216743,1628,74.454345703125
1771767987.8749168,1629,112.25411224365234
1771767989.3060338,1630,98.59286499023438
1771767997.3315005,1631,107.82723236083984
1771767999.4204736,1632,104.04290771484375
1771768001.1432717,1633,139.4998779296875
1771768002.606435,1634,110.81908416748047
1771768004.6933932,1635,118.78079986572266
1771768007.9257617,1636,126.03817749023438
1771768009.2768517,1637,131.8347930908203
1771768010.4237168,1638,110.68208312988281
1771768012.4419203,1639,113.29750061035156
1771768016.1855965,1640,125.87277221679688
1771768021.7465587,1641,131.4831085205078
1771768026.2890217,1642,118.98258972167969
1771768029.6596675,1643,139.47357177734375
1771768032.855216,1644,121.8812484741211
1771768033.1956928,1645,108.31153869628906
1771768034.0598528,1646,80.91580200195312
1771768036.1820676,1647,130.00357055664062
1771768037.1642365,1648,134.2139129638672
1771768037.3593466,1649,80.51470947265625
1771768042.6029212,1650,96.95217895507812
1771768042.797611,1651,230.76553344726562
1771768046.5118012,1652,131.88597106933594
1771768046.6358001,1653,86.04603576660156
1771768049.6734142,1654,108.59302520751953
1771768052.568174,1655,109.55136108398438
1771768056.4088867,1656,113.57942962646484
1771768062.133014,1657,116.28128814697266
1771768062.4164703,1658,117.2164306640625
1771768067.278652,1659,126.57345581054688
1771768069.3205738,1660,116.12789916992188
1771768072.404621,1661,116.02558898925781
1771768077.3081596,1662,103.65457153320312
1771768081.300674,1663,120.43524932861328
1771768081.5879595,1664,66.2198486328125
1771768084.907416,1665,113.66658782958984
1771768086.3700795,1666,127.73872375488281
1771768091.416851,1667,115.87203979492188
1771768091.5433598,1668,86.54096221923828
1771768094.4399295,1669,98.7094955444336
1771768221.034447,1670,124.81997680664062
1771768223.2153516,1671,106.33424377441406
1771768223.896471,1672,135.08432006835938
1771768225.8531504,1673,86.71566009521484
1771768226.2324436,1674,104.0290298461914
1771768236.7798517,1675,100.21511840820312
1771768248.3540976,1676,110.30359649658203
1771768251.8561273,1677,103.99413299560547
1771768257.5899262,1678,109.74089813232422
1771768258.1143453,1679,201.70347595214844
1771768258.3181996,1680,127.22180938720703
1771768262.083349,1681,87.80931091308594
1771768264.8579564,1682,125.759521484375
1771768265.0414295,1683,21.124927520751953
1771768266.7644148,1684,128.30783081054688
1771768267.3470232,1685,75.26646423339844
1771768268.9179766,1686,114.20464324951172
1771768270.081831,1687,94.95014190673828
1771768275.6664472,1688,93.25109100341797
1771768282.8333611,1689,117.68067169189453
1771768283.02106,1690,91.78013610839844
1771768283.150137,1691,329.8500671386719
1771768286.4373882,1692,121.56177520751953
1771768289.387764,1693,100.89717864990234
1771768291.5943496,1694,132.9046630859375
1771768291.9336402,1695,93.30779266357422
1771768294.8696804,1696,84.51104736328125
1771768297.0125918,1697,117.83346557617188
1771768299.5092838,1698,98.40702056884766
1771768304.0716436,1699,126.8814468383789
1771768305.3858535,1700,92.60145568847656
1771768305.5171793,1701,170.94842529296875
1771768307.304718,1702,124.91059112548828
1771768310.710098,1703,118.39530181884766
1771768310.8325057,1704,264.6042175292969
1771768310.9564378,1705,205.41152954101562
1771768313.0392728,1706,133.7874298095703
1771768316.033365,1707,143.87965393066406
1771768316.3056557,1708,77.47105407714844
1771768318.9562724,1709,111.54838562011719
1771768324.624973,1710,118.7642593383789
1771768324.7497718,1711,42.96160888671875
1771768325.014662,1712,127.36125183105469
1771768330.740858,1713,127.96808624267578
1771768336.7314892,1714,110.22352600097656
1771768336.8574116,1715,17.23870849609375
1771768337.1086833,1716,116.36630249023438
1771768350.9717722,1717,106.06816101074219
1771768351.2907157,1718,159.75375366210938
1771768353.2311866,1719,106.05049896240234
1771768360.2821782,1720,112.90125274658203
1771768361.7783341,1721,122.81619262695312
1771768368.879685,1722,108.52642059326172
1771768369.072672,1723,18.748254776000977
1771768369.2646096,1724,35.693382263183594
1771768369.9687614,1725,115.11407470703125
1771768371.6296916,1726,101.26541137695312
1771768374.7090178,1727,115.27747344970703
1771768377.097064,1728,89.38837432861328
1771768377.5012488,1729,96.9088363647461
1771768380.4598403,1730,113.19284057617188
1771768380.6546,1731,59.62504577636719
1771768382.0195088,1732,164.98663330078125
1771768382.4919271,1733,37.269954681396484
1771768383.5177758,1734,95.76355743408203
1771768385.7439232,1735,112.62065887451172
1771768389.3865168,1736,77.3882827758789
1771768390.4856946,1737,109.6231918334961
1771768394.9978588,1738,100.04583740234375
1771768398.166532,1739,99.42645263671875
1771768406.7391586,1740,93.68768310546875
1771768407.677872,1741,89.9648666381836
1771768407.8632543,1742,23.809757232666016
1771768408.315378,1743,65.18365478515625
1771768409.5917268,1744,93.21830749511719
1771768410.7337096,1745,92.20650482177734
1771768413.3915348,1746,103.95677185058594
1771768416.6754954,1747,116.23502349853516
1771768417.146491,1748,52.486572265625
1771768420.232509,1749,93.75106048583984
1771768423.331923,1750,99.1397933959961
1771768423.9466157,1751,46.33452606201172
1771768428.4953477,1752,107.18880462646484
1771768428.6847315,1753,56.17005157470703
1771768431.0379357,1754,90.63371276855469
1771768432.5401454,1755,139.73983764648438
1771768432.857593,1756,167.73802185058594
1771768439.802292,1757,104.662841796875
1771768446.9912484,1758,105.5553207397461
1771768452.8893435,1759,117.4271240234375
1771768456.3321843,1760,100.58690643310547
1771768458.9778702,1761,87.57859802246094
1771768459.2454581,1762,160.40956115722656
1771768463.3890371,1763,70.22440338134766
1771768470.4152598,1764,88.91834259033203
1771768477.6921883,1765,96.0085678100586
1771768486.321431,1766,98.89852142333984
1771768487.6245725,1767,99.91007995605469
1771768493.5129514,1768,108.37592315673828
1771768498.833506,1769,103.65909576416016
1771768508.3492742,1770,100.4569091796875
1771768513.8891516,1771,83.6685562133789
1771768522.7858417,1772,105.77591705322266
1771768527.0549433,1773,99.79204559326172
1771768529.9679484,1774,84.67106628417969
1771768535.426379,1775,93.91976165771484
1771768535.564726,1776,144.96160888671875
1771768535.8278508,1777,104.92707824707031
1771768544.0142188,1778,88.72151947021484
1771768549.3308194,1779,108.59835052490234
1771768558.838114,1780,95.07079315185547
1771768655.3871408,1781,114.5896987915039
1771768659.2411032,1782,80.85169982910156
1771768659.6401906,1783,76.5925064086914
1771768661.9464138,1784,116.52165985107422
1771768665.1214247,1785,88.70149230957031
1771768668.413231,1786,104.45845794677734
1771768672.6100097,1787,102.49442291259766
1771768673.3305125,1788,75.00330352783203
1771768677.3290756,1789,105.73731994628906
1771768677.580955,1790,42.27192687988281
1771768680.0830455,1791,87.84436798095703
1771768686.5136592,1792,84.12234497070312
1771768694.2154245,1793,87.31806945800781
1771768696.362323,1794,91.03730773925781
1771768700.0733628,1795,82.08434295654297
1771768713.3251517,1796,100.10419464111328
1771768721.8777814,1797,99.86732482910156
1771768725.7070675,1798,83.30695343017578
1771768725.8995333,1799,46.08338928222656
1771768727.8654234,1800,81.84007263183594
1771768732.5669098,1801,116.0755615234375
1771768742.9184642,1802,101.67134857177734
1771768744.795279,1803,84.19672393798828
1771768749.722136,1804,104.4765625
1771768749.8461204,1805,18.37588882446289
1771768752.2356825,1806,90.74295806884766
1771768762.8435535,1807,107.82533264160156
1771768764.2813444,1808,121.9604721069336
1771768764.472776,1809,72.40161895751953
1771768764.932142,1810,44.313079833984375
1771768771.2516985,1811,103.09156036376953
1771768772.6830564,1812,88.86213684082031
1771768776.2630591,1813,100.62440490722656
1771768776.4629183,1814,97.21536254882812
1771768776.5896394,1815,110.7772216796875
1771768781.1949217,1816,91.0104751586914
1771768781.3281622,1817,19.18163299560547
1771768785.8106203,1818,103.91582489013672
1771768785.936832,1819,57.99469757080078
1771768789.3330686,1820,83.29683685302734
1771768792.7424104,1821,100.64512634277344
1771768794.1981473,1822,80.11518859863281
1771768798.1141136,1823,82.03523254394531
1771768807.1153064,1824,96.97763061523438
1771768811.5807824,1825,107.59905242919922
1771768814.728804,1826,85.46078491210938
1771768818.6969512,1827,84.55577850341797
1771768819.0502906,1828,105.90154266357422
1771768821.3360016,1829,93.78365325927734
1771768821.5195625,1830,23.496183395385742
1771768821.775397,1831,74.1874008178711
1771768821.899671,1832,21.864933013916016
1771768824.563206,1833,111.64784240722656
1771768826.395106,1834,108.4177474975586
1771768828.2711134,1835,107.91404724121094
1771768830.0274534,1836,97.99871063232422
1771768832.2166932,1837,78.47608184814453
1771768835.467568,1838,107.86323547363281
1771768836.5073242,1839,125.08720397949219
1771768842.800504,1840,94.10537719726562
1771768842.9895682,1841,107.56559753417969
1771768844.364123,1842,103.27867889404297
1771768848.5002499,1843,93.05329132080078
1771768852.2799442,1844,102.46556091308594
1771768852.4704878,1845,28.431224822998047
1771768854.0282662,1846,86.61969757080078
1771768854.1603267,1847,81.46690368652344
1771768858.2913125,1848,76.57756805419922
1771768859.474976,1849,109.77346801757812
1771768859.6030293,1850,20.544843673706055
1771768863.152163,1851,97.5254898071289
1771768864.2274318,1852,75.04786682128906
1771768864.3648243,1853,134.3871307373047
1771768866.5527735,1854,97.70732879638672
1771768868.1813607,1855,83.47842407226562
1771768869.3610373,1856,103.3876724243164
1771768869.6885529,1857,92.62295532226562
1771768871.7391772,1858,116.08524322509766
1771768874.6428456,1859,105.23995971679688
1771768876.7685041,1860,96.22591400146484
1771768876.9088516,1861,16.609786987304688
1771768896.706275,1862,84.53610229492188
1771768900.341936,1863,81.69790649414062
1771768910.1200318,1864,111.17586517333984
1771768918.280829,1865,97.32402038574219
1771768924.4576266,1866,97.53652954101562
1771768931.5984266,1867,88.7674331665039
1771768935.45673,1868,80.04786682128906
1771768941.7375329,1869,102.94819641113281
1771768942.0489914,1870,138.92942810058594
1771768943.7384923,1871,88.29267120361328
1771768967.7685146,1872,99.62713623046875
1771768967.9526696,1873,116.0622329711914
1771768975.4474738,1874,93.08016204833984
1771768983.0248024,1875,90.89928436279297
1771768985.3899956,1876,79.27098846435547
1771769100.560283,1877,104.36581420898438
1771769104.6942885,1878,86.00743865966797
1771769113.634859,1879,85.33780670166016
1771769129.53211,1880,90.51356506347656
1771769131.223497,1881,98.61625671386719
1771769133.4414089,1882,85.88526153564453
1771769134.552999,1883,72.3089828491211
1771769134.7493317,1884,22.034894943237305
1771769144.3362708,1885,81.4323501586914
1771769144.4623759,1886,119.50044250488281
1771769144.588177,1887,11.575511932373047
1771769148.7863045,1888,81.65292358398438
1771769164.0456254,1889,91.85213470458984
1771769171.193356,1890,87.78823852539062
1771769185.6614296,1891,86.65341186523438
1771769185.7874413,1892,33.44999694824219
1771769189.4890382,1893,72.90524291992188
1771769189.6165254,1894,249.4169921875
1771769197.352899,1895,73.5032958984375
1771769200.3632236,1896,76.03851318359375
1771769203.9631438,1897,85.39424896240234
1771769204.0920095,1898,12.3885498046875
1771769205.3954823,1899,149.17965698242188
1771769207.6623526,1900,74.73117065429688
1771769208.3736532,1901,62.86348342895508
1771769211.9304225,1902,72.61680603027344
1771769213.8787785,1903,54.7324104309082
1771769215.8907814,1904,70.6632308959961
1771769222.6968968,1905,95.07490539550781
1771769224.3440611,1906,71.17487335205078
1771769226.3006775,1907,66.97483825683594
1771769231.9919384,1908,83.65013122558594
1771769232.5255501,1909,114.80182647705078
1771769237.1147137,1910,86.17813110351562
1771769247.0032735,1911,85.38255310058594
1771769250.9976773,1912,69.2437744140625
1771769256.0072432,1913,85.49801635742188
1771769259.8315117,1914,79.06554412841797
1771769259.9541752,1915,33.615238189697266
1771769260.390881,1916,98.17655181884766
1771769264.4053133,1917,80.05873107910156
1771769277.5140307,1918,82.20181274414062
1771769277.7797801,1919,123.09930419921875
1771769278.889009,1920,62.86199188232422
1771769279.1551,1921,45.37591552734375
1771769290.7047362,1922,81.44867706298828
1771769302.4547143,1923,85.29142761230469
1771769305.8801894,1924,96.65001678466797
1771769306.4276955,1925,74.16773986816406
1771769331.6902921,1926,86.12850952148438
1771769333.2736304,1927,108.74800872802734
1771769334.0621662,1928,86.15868377685547
1771769338.774684,1929,89.01058959960938
1771769345.7038956,1930,101.06413269042969
1771769346.0925286,1931,31.18402099609375
1771769347.4755917,1932,81.02838134765625
1771769350.832233,1933,87.36255645751953
1771769353.9652162,1934,75.47747039794922
1771769354.667231,1935,100.86334991455078
1771769360.3433824,1936,87.65491485595703
1771769371.1551108,1937,77.08900451660156
1771769372.8769653,1938,107.19578552246094
1771769379.9928956,1939,86.14051055908203
1771769398.997663,1940,84.23055267333984
1771769409.8791435,1941,88.32157897949219
1771769410.9282265,1942,74.524658203125
1771769417.2929194,1943,85.62669372558594
1771769426.9971335,1944,80.20944213867188
1771769427.1876798,1945,83.50533294677734
1771769427.4516072,1946,217.29574584960938
1771769430.4080646,1947,69.59736633300781
1771769527.8657339,1948,65.37531280517578
1771769530.3809745,1949,109.33316040039062
1771769533.4201298,1950,99.74113464355469
1771769536.3663604,1951,67.11846160888672
1771769545.1643238,1952,86.62239837646484
1771769547.475873,1953,86.07756042480469
1771769548.8654964,1954,89.25703430175781
1771769559.1207626,1955,65.84796142578125
1771769562.613612,1956,106.0428695678711
1771769563.153625,1957,68.83271789550781
1771769576.3278172,1958,74.4372787475586
1771769582.4894133,1959,88.3631820678711
1771769590.5717676,1960,96.55422973632812
1771769590.767112,1961,88.82508087158203
1771769610.0340278,1962,79.72704315185547
1771769610.1591995,1963,14.155950546264648
1771769613.4920962,1964,86.22936248779297
1771769615.2266448,1965,87.88525390625
1771769616.9566996,1966,76.83833312988281
1771769618.2834685,1967,94.05266571044922
1771769620.797921,1968,116.88939666748047
1771769621.179621,1969,47.749176025390625
1771769622.7359414,1970,61.627037048339844
1771769649.480136,1971,81.6580581665039
1771769650.767783,1972,50.032073974609375
1771769655.752388,1973,89.0491943359375
1771769662.429837,1974,93.96990966796875
1771769686.9268074,1975,81.85537719726562
1771769689.7197297,1976,78.3837890625
1771769691.156917,1977,68.5802230834961
1771769693.35701,1978,120.21790313720703
1771769693.9068723,1979,54.34469985961914
1771769695.3099973,1980,75.90022277832031
1771769701.0361903,1981,87.42882537841797
1771769746.6144052,1982,75.85945129394531
1771769754.5532324,1983,66.3412094116211
1771769755.312552,1984,88.60417175292969
1771769755.4373698,1985,170.86965942382812
1771769756.4411347,1986,75.51832580566406
1771769759.927782,1987,70.83777618408203
1771769762.0626974,1988,74.47986602783203
1771769766.6084392,1989,75.76793670654297
1771769776.6662807,1990,75.4840316772461
1771769778.1354525,1991,65.02477264404297
1771769779.7700002,1992,88.89778900146484
1771769783.466326,1993,71.8478012084961
1771769786.225947,1994,62.738277435302734
1771769792.6342728,1995,70.85895538330078
1771769792.7586017,1996,44.768394470214844
1771769812.4093351,1997,70.137451171875
1771769814.1266947,1998,46.188167572021484
1771769829.6747956,1999,80.24823760986328
1771769838.9979866,2000,80.82181549072266
1771769839.376632,2001,90.77548217773438
1771769840.7329113,2002,61.588382720947266
1771769844.1442652,2003,90.57019805908203
1771769847.1627228,2004,66.14984130859375
1771769850.5439706,2005,75.11224365234375
1771769925.4615664,2006,68.05758666992188
1771769928.4816034,2007,74.50220489501953
1771769930.9182134,2008,58.996971130371094
1771769935.2334535,2009,88.7613525390625
1771769945.0010464,2010,69.11825561523438
1771769948.2070549,2011,91.64057159423828
1771769961.3011868,2012,77.52574920654297
1771769964.401216,2013,100.16961669921875
1771769967.8609037,2014,65.09747314453125
1771769970.432816,2015,69.76905822753906
1771769974.2025154,2016,79.8664779663086
1771769977.2442462,2017,62.97441864013672
1771769999.892278,2018,86.94792938232422
1771770004.346862,2019,64.9877700805664
1771770031.164967,2020,79.25916290283203
1771770034.4002316,2021,72.87498474121094
1771770040.884839,2022,75.70497131347656
1771770044.0515864,2023,69.7658920288086
1771770048.877019,2024,86.53352355957031
1771770050.9873443,2025,108.89491271972656
1771770053.5306914,2026,61.42652130126953
1771770063.6912372,2027,67.21512603759766
1771770065.681168,2028,71.02388000488281
1771770066.5137181,2029,48.10603332519531
1771770073.5224657,2030,80.762451171875
1771770074.6049514,2031,69.4708251953125
1771770077.1138113,2032,76.05330657958984
1771770077.807262,2033,86.36659240722656
1771770082.0703712,2034,71.20552062988281
1771770085.832792,2035,75.10221862792969
1771770088.3659606,2036,85.20665740966797
1771770092.3781192,2037,63.39401626586914
1771770092.5018144,2038,71.1663589477539
1771770094.0409808,2039,67.0647964477539
1771770099.5751758,2040,76.4732894897461
1771770111.8057404,2041,67.58885192871094
1771770113.1652596,2042,61.46409606933594
1771770115.5140257,2043,95.67156219482422
1771770116.5462458,2044,122.00680541992188
1771770120.0089352,2045,57.92591094970703
1771770126.76877,2046,77.45093536376953
1771770131.3373537,2047,69.07683563232422
1771770131.4705925,2048,11.247509956359863
1771770135.85678,2049,58.469688415527344
1771770140.6794484,2050,83.05711364746094
1771770140.811414,2051,12.703523635864258
1771770142.9047809,2052,67.91815948486328
1771770155.7459786,2053,78.48435974121094
1771770166.3822587,2054,73.44292449951172
1771770167.7896485,2055,112.89456939697266
1771770180.9237967,2056,73.66443634033203
1771770182.488244,2057,102.17861938476562
1771770182.6742022,2058,90.57696533203125
1771770193.587811,2059,63.640525817871094
1771770196.4607012,2060,65.16836547851562
1771770196.8735309,2061,88.34780883789062
1771770199.3534834,2062,82.17899322509766
1771770205.2095559,2063,75.37701416015625
1771770208.5623784,2064,85.65999603271484
1771770210.605973,2065,75.47996520996094
1771770214.7637968,2066,69.09521484375
1771770217.9045086,2067,88.78932189941406
1771770218.6495383,2068,78.61502838134766
1771770228.8967264,2069,69.95030975341797
1771770230.7383864,2070,74.18250274658203
1771770232.4117777,2071,75.44087982177734
1771770237.6842594,2072,76.75364685058594
1771770244.984472,2073,68.24726867675781
1771770340.5996783,2074,64.17633819580078
1771770343.403024,2075,89.37751007080078
1771770343.8868742,2076,29.491098403930664
1771770345.330495,2077,55.595970153808594
1771770347.0568185,2078,59.759422302246094
1771770348.9546797,2079,89.77794647216797
1771770349.084067,2080,13.066274642944336
1771770352.6207867,2081,72.93177032470703
1771770354.2890472,2082,55.538246154785156
1771770356.1045127,2083,96.1690444946289
1771770360.6701362,2084,62.35940933227539
1771770367.801552,2085,78.07042694091797
1771770377.8680396,2086,59.70941162109375
1771770379.4453225,2087,57.84307861328125
1771770381.6225116,2088,97.20240783691406
1771770381.7547386,2089,93.91918182373047
1771770381.8916116,2090,31.819583892822266
1771770384.073918,2091,63.50373458862305
1771770386.459437,2092,63.23643493652344
1771770389.0136516,2093,88.75716400146484
1771770390.0427763,2094,59.56559753417969
1771770390.9920468,2095,69.70787048339844
1771770396.106843,2096,69.86846160888672
1771770399.088699,2097,89.82472229003906
1771770403.4784973,2098,76.64103698730469
1771770404.0786092,2099,51.58597946166992
1771770405.7937646,2100,61.656951904296875
1771770407.038358,2101,68.59814453125
1771770409.0460699,2102,63.79877471923828
1771770410.7428186,2103,83.78138732910156
1771770414.1722548,2104,72.60059356689453
1771770415.7676675,2105,76.25484466552734
1771770418.9206114,2106,71.4283447265625
1771770420.4373574,2107,89.68306732177734
1771770427.5159461,2108,75.49642181396484
1771770428.5470421,2109,104.83328247070312
1771770430.7414174,2110,69.73711395263672
1771770433.242102,2111,57.01231002807617
1771770434.8744566,2112,69.53251647949219
1771770436.980123,2113,67.0906753540039
1771770437.1051743,2114,174.35726928710938
1771770443.933956,2115,75.06278228759766
1771770445.0011823,2116,63.973121643066406
1771770447.570387,2117,55.90107345581055
1771770448.0175178,2118,76.10818481445312
1771770448.1441054,2119,89.34933471679688
1771770451.5043805,2120,63.18941879272461
1771770455.2127655,2121,83.77378845214844
1771770457.8409173,2122,91.4323959350586
1771770457.9616098,2123,217.1836700439453
1771770459.8309054,2124,62.13043212890625
1771770472.5996392,2125,56.911495208740234
1771770472.72361,2126,218.26458740234375
1771770475.7748833,2127,76.60540771484375
1771770477.037778,2128,62.85618591308594
1771770477.303689,2129,127.73324584960938
1771770480.856697,2130,54.09467697143555
1771770482.2199337,2131,75.80319213867188
1771770482.5568836,2132,24.414337158203125
1771770484.5909348,2133,71.84781646728516
1771770484.9127283,2134,28.58066177368164
1771770488.3437107,2135,77.69477844238281
1771770488.4675012,2136,53.291419982910156
1771770490.2568333,2137,70.60005187988281
1771770491.6653702,2138,60.06610870361328
1771770491.7897491,2139,28.268922805786133
1771770493.867988,2140,47.707420349121094
1771770495.195719,2141,60.01166534423828
1771770496.1878238,2142,50.76490020751953
1771770496.311387,2143,134.30023193359375
1771770497.171177,2144,38.69538879394531
1771770497.424055,2145,62.47254180908203
1771770501.040812,2146,61.493404388427734
1771770501.3642511,2147,76.0450210571289
1771770503.2580113,2148,60.08953857421875
1771770504.9186144,2149,72.21633911132812
1771770505.0495117,2150,38.71634292602539
1771770508.336253,2151,65.17044067382812
1771770509.7725573,2152,101.05889129638672
1771770517.9299607,2153,72.79277038574219
1771770520.2997708,2154,64.97515869140625
1771770523.4356205,2155,66.16278076171875
1771770525.0427382,2156,62.130821228027344
1771770525.8705375,2157,46.34930419921875
1771770527.3229764,2158,72.98731231689453
1771770530.1870472,2159,55.41469955444336
1771770530.4481568,2160,24.191364288330078
1771770532.9033673,2161,70.1233901977539
1771770537.0311377,2162,84.3299789428711
1771770538.4148805,2163,51.74137878417969
1771770542.5446994,2164,74.61367797851562
1771770548.218818,2165,88.06199645996094
1771770548.640776,2166,55.94260025024414
1771770555.0914373,2167,62.339290618896484
1771770556.1544726,2168,74.51750183105469
1771770559.0419955,2169,72.8575668334961
1771770562.5944686,2170,71.77828979492188
1771770567.6335108,2171,61.67255401611328
1771770567.9550433,2172,138.89625549316406
1771770571.4013114,2173,72.86307525634766
1771770573.432407,2174,70.31163787841797
1771770574.315773,2175,96.262451171875
1771770575.5715973,2176,72.86851501464844
1771770575.695581,2177,18.4373836517334
1771770577.950469,2178,79.89702606201172
1771770578.3928225,2179,49.82943344116211
1771770579.546006,2180,79.20680236816406
1771770579.6685224,2181,60.48689651489258
1771770584.6668994,2182,67.16268920898438
1771770588.0416875,2183,71.22391510009766
1771770593.2970297,2184,66.97300720214844
1771770594.4722898,2185,81.1022720336914
1771770594.6036787,2186,113.34915924072266
1771770596.4128025,2187,72.04320526123047
1771770596.6569624,2188,45.874969482421875
1771770600.3824694,2189,67.6309814453125
1771770604.3652878,2190,58.689186096191406
1771770607.265878,2191,78.00558471679688
1771770609.2252796,2192,87.16678619384766
1771770613.8254654,2193,60.719120025634766
1771770613.9944963,2194,231.27932739257812
1771770622.2682924,2195,69.40972137451172
1771770623.5633168,2196,89.16636657714844
1771770628.4009078,2197,77.29974365234375
1771770629.9647782,2198,61.98146438598633
1771770636.814816,2199,65.96424102783203
1771770639.4740403,2200,61.7474250793457
1771770640.1436331,2201,83.90623474121094
1771770643.0198898,2202,74.59146118164062
1771770646.3654542,2203,61.71440124511719
1771770650.450243,2204,73.91161346435547
1771770654.0304317,2205,86.76335144042969
1771770656.0908072,2206,73.91072845458984
1771770656.8408446,2207,68.06876373291016
1771770665.0179687,2208,63.90280532836914
1771770665.5633714,2209,62.39729690551758
1771770665.7442849,2210,69.55537414550781
1771770665.9320886,2211,50.485069274902344
1771770668.1761367,2212,62.403282165527344
1771770830.0965106,2213,61.24216079711914
1771770837.5561013,2214,77.40559387207031
1771770838.1124034,2215,82.84535217285156
1771770841.5521939,2216,84.11742401123047
1771770843.1330469,2217,62.0549201965332
1771770843.3165698,2218,125.99143981933594
1771770843.5021439,2219,39.37828826904297
1771770845.3654897,2220,51.20379638671875
1771770845.489647,2221,73.95028686523438
1771770846.685444,2222,59.981075286865234
1771770850.5084603,2223,70.8626480102539
1771770852.1377656,2224,53.75328826904297
1771770854.705343,2225,85.62796020507812
1771770856.6525884,2226,52.4114990234375
1771770860.0452974,2227,66.38477325439453
1771770861.6435227,2228,54.36750793457031
1771770864.3006392,2229,76.98664093017578
1771770865.9122229,2230,82.59855651855469
1771770868.7276647,2231,59.3343391418457
1771770871.9972947,2232,58.60067367553711
1771770872.3795838,2233,32.242919921875
1771770874.1874983,2234,47.931976318359375
1771770874.9376757,2235,123.30451202392578
1771770877.993884,2236,63.952857971191406
1771770878.1230006,2237,8.701180458068848
1771770878.617562,2238,43.99374008178711
1771770878.7974284,2239,72.01690673828125
1771770881.6009557,2240,77.79344177246094
1771770881.8684351,2241,46.17658996582031
1771770885.003061,2242,49.56718063354492
1771770890.899248,2243,84.50642395019531
1771770891.0934472,2244,24.79444122314453
1771770891.533881,2245,31.47150993347168
1771770896.8426392,2246,72.78748321533203
1771770910.041336,2247,68.10485076904297
1771770911.093025,2248,85.31742858886719
1771770911.7837722,2249,83.82611083984375
1771770917.866598,2250,55.40559387207031
1771770920.1489978,2251,57.589599609375
1771770925.4362352,2252,77.86027526855469
1771770929.608414,2253,58.5357666015625
1771770931.594789,2254,74.79472351074219
1771770935.8334699,2255,69.3667221069336
1771770936.9802341,2256,88.78272247314453
1771770939.3996308,2257,72.6046142578125
1771770939.5967486,2258,180.73257446289062
1771770940.946812,2259,66.07249450683594
1771770944.8188972,2260,64.09078216552734
1771770948.2661355,2261,75.90870666503906
1771770948.8974788,2262,73.06484985351562
1771770959.600244,2263,66.32555389404297
1771770961.515284,2264,66.3674545288086
1771770963.060277,2265,65.0132827758789
1771770963.2505298,2266,43.30787658691406
1771770965.565684,2267,50.89044189453125
1771770967.2209783,2268,49.809906005859375
1771770967.4055843,2269,11.791522979736328
1771770978.9027946,2270,67.98056030273438
1771770979.0261526,2271,34.2756462097168
1771770980.5132303,2272,59.70848846435547
1771770980.8564763,2273,58.288299560546875
1771770981.5474079,2274,48.84318161010742
1771770981.7410254,2275,57.72585678100586
1771770984.353343,2276,67.12031555175781
1771770984.4899607,2277,30.05219841003418
1771770987.9251506,2278,59.224639892578125
1771770988.7507312,2279,45.062774658203125
1771770991.502414,2280,78.05726623535156
1771770991.6274972,2281,32.366207122802734
1771770993.616904,2282,66.61980438232422
1771771001.0157485,2283,64.03345489501953
1771771001.5585203,2284,39.854835510253906
1771771011.051559,2285,56.60825729370117
1771771012.7274435,2286,57.23297882080078
1771771014.5691323,2287,81.64068603515625
1771771016.079937,2288,90.5548324584961
1771771020.5881765,2289,63.09962463378906
1771771024.3162508,2290,69.12310791015625
1771771025.8742507,2291,85.12174224853516
1771771028.4445152,2292,87.26251983642578
1771771030.9947846,2293,61.894535064697266
1771771032.05897,2294,58.818233489990234
1771771032.1833274,2295,152.546630859375
1771771034.2577507,2296,61.60686492919922
1771771034.6011999,2297,27.06205940246582
1771771036.7515602,2298,87.6912841796875
1771771042.674963,2299,72.71688842773438
1771771042.7995677,2300,14.387470245361328
1771771042.9884956,2301,51.18232345581055
1771771055.576343,2302,71.1382827758789
1771771061.1741874,2303,58.29247283935547
1771771061.3001165,2304,45.303855895996094
1771771062.6688943,2305,38.5412483215332
1771771065.9540741,2306,66.7833251953125
1771771067.1250129,2307,60.972530364990234
1771771067.247493,2308,208.4837188720703
1771771070.1705348,2309,67.14954376220703
1771771075.3097563,2310,47.71457290649414
1771771079.6597314,2311,79.1725082397461
1771771081.496748,2312,85.11787414550781
1771771085.4365904,2313,62.18356704711914
1771771085.557653,2314,10.900928497314453
1771771087.7782335,2315,117.84667205810547
1771771095.0201523,2316,65.1698226928711
1771771099.3740478,2317,69.3167724609375
1771771103.994526,2318,75.2746353149414
1771771106.0102518,2319,80.33940124511719
1771771106.1902275,2320,118.13813018798828
1771771111.042272,2321,63.081207275390625
1771771115.025755,2322,68.95945739746094
1771771116.6240153,2323,93.97282409667969
1771771118.4142087,2324,79.65126037597656
1771771118.7106895,2325,66.95645141601562
1771771119.0169663,2326,37.74257278442383
1771771121.7565274,2327,73.8261947631836
1771771123.484525,2328,72.91060638427734
1771771124.6238356,2329,54.520938873291016
1771771126.6008039,2330,70.0954818725586
1771771126.7310944,2331,19.23082733154297
1771771128.6732357,2332,59.45154571533203
1771771129.0751824,2333,71.73611450195312
1771771130.5481331,2334,50.108360290527344
1771771137.5896733,2335,67.400634765625
1771771140.7241979,2336,72.94485473632812
1771771146.197183,2337,63.296627044677734
1771771147.5376575,2338,55.717987060546875
1771771147.6632035,2339,135.31239318847656
1771771150.4893744,2340,74.05806732177734
1771771158.1465065,2341,75.02001190185547
1771771227.313609,2342,84.09915924072266
1771771227.550977,2343,55.616416931152344
1771771230.1505063,2344,77.64241027832031
1771771231.3788838,2345,54.659793853759766
1771771233.3092022,2346,52.611515045166016
1771771239.1809733,2347,64.83037567138672
1771771239.4743416,2348,128.51405334472656
1771771240.7114675,2349,38.19327163696289
1771771242.4252098,2350,50.91957473754883
1771771244.0407317,2351,63.285011291503906
1771771246.4019527,2352,49.8541374206543
1771771248.088514,2353,41.22309494018555
1771771249.358795,2354,88.77303314208984
1771771251.2882266,2355,64.29885864257812
1771771253.516651,2356,68.2271728515625
1771771256.170283,2357,76.70575714111328
1771771256.6699183,2358,49.6540412902832
1771771260.6619318,2359,69.8505859375
1771771266.0997736,2360,65.61823272705078
1771771271.253407,2361,68.89382934570312
1771771275.6047144,2362,64.39429473876953
1771771276.8936143,2363,60.10791015625
1771771279.9852045,2364,81.94554901123047
1771771280.2396367,2365,23.551137924194336
1771771285.0429611,2366,54.754173278808594
1771771285.1685636,2367,14.85422420501709
1771771288.1071217,2368,71.20542907714844
1771771291.4838471,2369,65.5413818359375
1771771291.665236,2370,112.7188720703125
1771771293.7061222,2371,72.66116333007812
1771771295.5391996,2372,53.2773323059082
1771771303.8985887,2373,70.81808471679688
1771771305.5435123,2374,63.50011444091797
1771771306.9971797,2375,55.64875411987305
1771771311.0323353,2376,63.30438232421875
1771771315.8986902,2377,61.35928726196289
1771771317.944667,2378,65.67843627929688
1771771322.7686021,2379,57.10188674926758
1771771324.1462646,2380,39.37645721435547
1771771328.5068185,2381,59.338958740234375
1771771331.2170947,2382,65.84615325927734
1771771336.3043892,2383,63.79594039916992
1771771341.1506026,2384,68.50969696044922
1771771341.4244366,2385,42.15581130981445
1771771342.8976576,2386,93.41729736328125
1771771346.950099,2387,55.532386779785156
1771771348.105275,2388,57.83051300048828
1771771348.5028038,2389,77.88284301757812
1771771350.8989704,2390,69.86293029785156
1771771353.6130085,2391,69.49662017822266
1771771359.0224664,2392,68.24872589111328
1771771362.2865381,2393,63.05186462402344
1771771364.150965,2394,54.70882034301758
1771771364.2800028,2395,51.25111389160156
1771771367.0600402,2396,77.10851287841797
1771771367.7561545,2397,36.73904037475586
1771771379.5789528,2398,57.3602294921875
1771771379.7616613,2399,14.019993782043457
1771771380.0166926,2400,56.54450225830078
1771771383.143589,2401,47.810577392578125
1771771387.1833081,2402,55.65528869628906
1771771392.843244,2403,65.72088623046875
1771771392.9726775,2404,82.619873046875
1771771395.4430115,2405,54.171634674072266
1771771397.147425,2406,57.96358108520508
1771771397.3298726,2407,101.94778442382812
1771771398.7617993,2408,84.62590026855469
1771771400.6257033,2409,70.00227355957031
1771771410.2575545,2410,60.50019454956055
1771771411.7386112,2411,50.116905212402344
1771771420.396533,2412,59.31406784057617
1771771423.6601446,2413,50.285247802734375
1771771424.092338,2414,80.756103515625
1771771431.3436892,2415,58.45864486694336
1771771431.4694989,2416,77.14718627929688
1771771434.3615806,2417,80.19002532958984
1771771434.684527,2418,73.52050018310547
1771771434.8079941,2419,97.28041076660156
1771771437.5473256,2420,89.4912338256836
1771771438.4494734,2421,62.58189392089844
1771771457.5611477,2422,61.57072830200195
1771771457.7449203,2423,28.14751434326172
1771771458.000091,2424,68.38058471679688
1771771468.167427,2425,71.62725830078125
1771771468.3649213,2426,25.605201721191406
1771771468.492809,2427,204.3804931640625
1771771471.8494835,2428,48.77911376953125
1771771475.2852654,2429,52.55937957763672
1771771477.0025172,2430,85.05641174316406
1771771477.2020667,2431,146.32664489746094
1771771481.3271198,2432,63.88905715942383
1771771482.2856858,2433,45.64283752441406
1771771486.2784553,2434,63.050193786621094
1771771495.8947349,2435,63.14087677001953
1771771506.1992266,2436,49.8730354309082
1771771507.4705794,2437,81.42774200439453
1771771509.928468,2438,46.87332534790039
1771771513.2689252,2439,41.34592056274414
1771771515.145699,2440,55.695743560791016
1771771517.0125995,2441,58.39664840698242
1771771522.3472953,2442,55.562076568603516
1771771524.26395,2443,52.00137710571289
1771771526.2099679,2444,65.72512817382812
1771771529.8890386,2445,53.803558349609375
1771771537.3694606,2446,67.26068115234375
1771771541.009244,2447,39.382171630859375
1771771542.4490097,2448,47.18511199951172
1771771543.4808996,2449,61.938392639160156
1771771548.5807202,2450,59.822914123535156
1771771549.2084565,2451,70.00579071044922
1771771549.8998346,2452,95.26158142089844
1771771551.083408,2453,46.19455337524414
1771771556.7112927,2454,66.95012664794922
1771771714.1266444,2455,49.667110443115234
1771771714.3163652,2456,161.54783630371094
1771771723.4742203,2457,69.70735168457031
1771771723.7298212,2458,51.83266830444336
1771771723.9173634,2459,93.37022399902344
1771771724.0439813,2460,10.018375396728516
1771771727.1698508,2461,60.11315155029297
1771771727.4163277,2462,61.34894943237305
1771771727.598279,2463,63.96807861328125
1771771728.1703563,2464,70.23233032226562
1771771730.196808,2465,58.2540168762207
1771771730.320852,2466,8.754244804382324
1771771736.9081664,2467,51.541656494140625
1771771738.3855803,2468,80.86590576171875
1771771742.0106149,2469,53.95708084106445
1771771747.0518625,2470,56.77650451660156
1771771747.624061,2471,20.956632614135742
1771771756.6844316,2472,44.14694595336914
1771771766.4803002,2473,51.76710891723633
1771771771.8586662,2474,54.40557861328125
1771771773.6396887,2475,78.37162780761719
1771771775.061148,2476,53.88111114501953
1771771775.4964755,2477,36.0167236328125
1771771777.3908908,2478,62.16419219970703
1771771778.8274176,2479,54.58277893066406
1771771786.745188,2480,58.53953552246094
1771771791.7348921,2481,64.03040313720703
1771771791.9176614,2482,37.31814956665039
1771771797.2309558,2483,53.940277099609375
1771771799.0200665,2484,56.97563934326172
1771771803.7838354,2485,65.89393615722656
1771771807.1545188,2486,76.24745178222656
1771771807.406805,2487,81.7672119140625
1771771808.8507092,2488,76.92655944824219
1771771812.6080122,2489,64.25227355957031
1771771814.4023607,2490,54.47186279296875
1771771817.49956,2491,48.35469436645508
1771771817.8096814,2492,31.749279022216797
1771771821.4198256,2493,53.655540466308594
1771771823.8550544,2494,74.535400390625
1771771825.9793935,2495,67.38158416748047
1771771828.204277,2496,44.34149169921875
1771771833.5132186,2497,52.04224395751953
1771771833.7769217,2498,22.00055503845215
1771771834.0183318,2499,72.6430892944336
1771771834.2206924,2500,35.08363342285156
1771771835.942935,2501,56.860618591308594
1771771837.4741719,2502,83.15790557861328
1771771837.9445403,2503,26.60462760925293
1771771839.0419378,2504,46.892364501953125
1771771839.5110784,2505,53.51349639892578
1771771841.1082191,2506,64.87968444824219
1771771844.7955308,2507,52.515045166015625
1771771845.0404181,2508,33.72575378417969
1771771846.8914375,2509,56.45453643798828
1771771848.2163017,2510,76.27824401855469
1771771848.5936651,2511,81.0661392211914
1771771848.9132574,2512,35.81678771972656
1771771852.6203697,2513,34.9235725402832
1771771856.7251163,2514,58.14644241333008
1771771863.6055887,2515,62.714080810546875
1771771864.1879256,2516,72.99662780761719
1771771864.4346423,2517,32.16158676147461
1771771865.2079053,2518,74.65361785888672
1771771869.4671361,2519,61.97837829589844
1771771873.7828608,2520,51.78233337402344
1771771881.974117,2521,54.62926483154297
1771771883.4782927,2522,55.1084098815918
1771771883.8819335,2523,37.673912048339844
1771771885.7773962,2524,46.38788604736328
1771771886.235766,2525,39.92277526855469
1771771887.1016457,2526,43.01639175415039
1771771892.4997506,2527,54.872920989990234
1771771894.4624283,2528,71.24673461914062
1771771895.6608934,2529,51.08974075317383
1771771896.1047785,2530,54.13858413696289
1771771903.202041,2531,57.46352005004883
1771771903.4098516,2532,29.618730545043945
1771771903.6008813,2533,15.851836204528809
1771771910.4748573,2534,56.216556549072266
1771771916.7277043,2535,58.29441452026367
1771771919.694489,2536,45.03129577636719
1771771919.8849595,2537,18.739673614501953
1771771921.2667446,2538,64.49604797363281
1771771921.6461053,2539,18.06960678100586
1771771924.7968888,2540,47.44432067871094
1771771931.5379577,2541,49.448516845703125
1771771933.3976605,2542,53.688438415527344
1771771934.8454552,2543,36.39517593383789
1771771944.3351557,2544,44.939300537109375
1771771949.2107196,2545,64.94591522216797
1771771960.4729457,2546,63.05885696411133
1771771961.5688894,2547,52.12325668334961
1771771963.578573,2548,56.547794342041016
1771771963.701976,2549,4.952613830566406
1771771976.7196872,2550,49.27616882324219
1771771978.5877836,2551,58.6357536315918
1771771978.7084596,2552,17.720844268798828
1771771982.6809418,2553,57.52607727050781
1771771986.7057123,2554,52.38532638549805
1771771988.4611948,2555,33.56591033935547
1771771988.7840102,2556,45.04690933227539
1771771988.9730775,2557,15.16972541809082
1771771993.4647884,2558,63.24876022338867
1771771994.6130574,2559,69.43619537353516
1771771996.5608604,2560,58.519264221191406
1771771998.576347,2561,67.77156066894531
1771771998.6998558,2562,6.545124053955078
1771772001.7506127,2563,59.385475158691406
1771772003.369118,2564,35.4849853515625
1771772006.6989777,2565,50.25428771972656
1771772006.9562893,2566,11.445728302001953
1771772011.2167208,2567,49.663490295410156
1771772015.258782,2568,50.44657516479492
1771772016.62844,2569,74.181640625
1771772030.0289712,2570,52.014556884765625
1771772096.8980052,2571,49.00425338745117
1771772099.4694846,2572,69.0585708618164
1771772107.8258934,2573,59.649818420410156
1771772110.0291505,2574,51.07821273803711
1771772115.2929175,2575,46.54522705078125
1771772115.5372558,2576,70.95747375488281
1771772116.193943,2577,58.94349670410156
1771772117.2031221,2578,48.91301727294922
1771772119.112516,2579,42.4337272644043
1771772123.9507492,2580,50.89727020263672
1771772126.5254595,2581,43.03582000732422
1771772128.295302,2582,43.25077819824219
1771772128.4284434,2583,12.654098510742188
1771772128.5552459,2584,29.149253845214844
1771772133.4226286,2585,65.66556549072266
1771772140.6369634,2586,45.01926040649414
1771772146.133224,2587,47.93569564819336
1771772147.9371452,2588,44.655418395996094
1771772151.5317996,2589,40.78874588012695
1771772157.324077,2590,49.31107711791992
1771772159.9270914,2591,51.892765045166016
1771772160.0502539,2592,15.498794555664062
1771772161.4910262,2593,48.761390686035156
1771772167.370559,2594,52.85487365722656
1771772169.581588,2595,63.49836349487305
1771772169.770525,2596,27.15032196044922
1771772169.897806,2597,59.6864128112793
1771772171.1574905,2598,62.340843200683594
1771772171.5156424,2599,39.133026123046875
1771772175.499815,2600,58.9423942565918
1771772175.9633398,2601,96.2802963256836
1771772179.7583416,2602,53.36003112792969
1771772182.2031786,2603,47.8316535949707
1771772185.9325247,2604,38.84042739868164
1771772186.1234076,2605,110.64972686767578
1771772186.2509003,2606,83.39482116699219
1771772189.159899,2607,55.23164749145508
1771772191.6995711,2608,64.0311508178711
1771772192.972645,2609,45.4864501953125
1771772206.58385,2610,48.60465621948242
1771772212.057406,2611,49.10736083984375
1771772216.3369892,2612,49.60666275024414
1771772217.1049867,2613,25.687896728515625
1771772219.0665722,2614,55.42866897583008
1771772220.5872262,2615,52.82884979248047
1771772222.81273,2616,40.065738677978516
1771772222.9384487,2617,31.30209732055664
1771772226.5554836,2618,65.61763763427734
1771772228.8547113,2619,73.0701904296875
1771772232.8501856,2620,45.99116134643555
1771772236.2472246,2621,38.87757110595703
1771772239.2335312,2622,60.14039993286133
1771772239.9877489,2623,67.75096893310547
1771772240.9389665,2624,37.14283752441406
1771772244.50592,2625,49.78459930419922
1771772250.487944,2626,52.26354217529297
1771772254.3503687,2627,64.1417465209961
1771772256.2486987,2628,79.64949798583984
1771772256.4337783,2629,27.26302719116211
1771772258.3638003,2630,47.99480438232422
1771772261.50249,2631,28.437034606933594
1771772263.7508736,2632,27.521800994873047
1771772264.1932306,2633,27.66101837158203
1771772269.29066,2634,53.31359100341797
1771772270.8241699,2635,45.80742263793945
1771772270.9548717,2636,16.978130340576172
1771772272.8518577,2637,65.3489990234375
1771772273.0376768,2638,76.31254577636719
1771772277.8325195,2639,57.77149200439453
1771772285.5290701,2640,65.543212890625
1771772296.6189556,2641,54.268951416015625
1771772298.6028218,2642,43.354270935058594
1771772300.3091662,2643,27.934043884277344
1771772302.1846185,2644,31.936704635620117
1771772304.2976656,2645,30.118322372436523
1771772307.7699528,2646,43.29163360595703
1771772309.3538814,2647,31.604005813598633
1771772311.3755891,2648,44.769527435302734
1771772311.5660055,2649,84.56306457519531
1771772312.948811,2650,45.333927154541016
1771772313.3546362,2651,26.01676368713379
1771772313.550803,2652,39.3428840637207
1771772315.7055392,2653,58.58673858642578
1771772316.024998,2654,39.24016571044922
1771772327.2588925,2655,52.14260482788086
1771772331.064607,2656,66.36163330078125
1771772331.2864072,2657,52.30329895019531
1771772331.4126742,2658,13.153268814086914
1771772345.580432,2659,54.31965637207031
1771772346.6464527,2660,75.61184692382812
1771772355.8194025,2661,57.09052276611328
1771772360.2310581,2662,41.044891357421875
1771772364.0578976,2663,57.52397155761719
1771772372.0188882,2664,54.33189010620117
1771772376.9733536,2665,42.78177261352539
1771772387.0250447,2666,49.828834533691406
1771772390.3191385,2667,50.87302017211914
1771772392.5529635,2668,37.110984802246094
1771772396.2456276,2669,43.07960510253906
1771772397.4936357,2670,56.732215881347656
1771772400.2514825,2671,39.49042892456055
1771772405.4186206,2672,63.45716094970703
1771772408.012398,2673,66.15508270263672
1771772411.5477998,2674,54.34902572631836
1771772411.6758099,2675,15.602998733520508
1771772414.9977791,2676,73.19379425048828
1771772415.386046,2677,59.261348724365234
1771772417.2290542,2678,59.49702072143555
1771772420.6883328,2679,59.66754150390625
1771772515.6092541,2680,37.16978454589844
1771772523.7216973,2681,60.64016342163086
1771772532.322496,2682,47.0797233581543
1771772533.839965,2683,65.65442657470703
1771772537.3053658,2684,48.232826232910156
1771772546.5174017,2685,43.491973876953125
1771772546.6410782,2686,26.396759033203125
1771772554.0017467,2687,52.22132873535156
1771772556.8409648,2688,42.16010284423828
1771772558.5055125,2689,88.78675842285156
1771772559.8866248,2690,65.8414535522461
1771772560.7851589,2691,78.57379913330078
1771772564.149528,2692,51.84799575805664
1771772564.5243928,2693,43.59618377685547
1771772564.7151763,2694,37.09428787231445
1771772570.136415,2695,40.387630462646484
1771772575.7240229,2696,64.8331527709961
1771772582.9660978,2697,55.095455169677734
1771772586.218627,2698,48.10249710083008
1771772587.1524582,2699,37.832916259765625
1771772589.9531443,2700,45.11594009399414
1771772594.1558216,2701,43.04008102416992
1771772603.1869574,2702,53.27513122558594
1771772606.472416,2703,46.14189147949219
1771772615.566291,2704,52.761844635009766
1771772617.0756156,2705,41.32732391357422
1771772618.6371434,2706,46.97272491455078
1771772620.2808044,2707,52.45689010620117
1771772621.7771876,2708,39.02265930175781
1771772626.043973,2709,57.30897903442383
1771772626.3535156,2710,38.29256820678711
1771772627.8563194,2711,61.73073959350586
1771772636.0021222,2712,48.94756317138672
1771772636.137425,2713,95.18772888183594
1771772637.5583723,2714,69.9259033203125
1771772641.4339607,2715,49.82704162597656
1771772646.3861783,2716,46.72097396850586
1771772646.5096152,2717,87.72303771972656
1771772649.4319613,2718,46.31662368774414
1771772653.3381984,2719,52.17007064819336
1771772653.461531,2720,69.66928100585938
1771772654.0876088,2721,35.04592514038086
1771772659.532801,2722,44.17581558227539
1771772661.5270019,2723,41.35322952270508
1771772667.449483,2724,50.660057067871094
1771772669.9610417,2725,44.08349609375
1771772674.4532719,2726,45.10178756713867
1771772677.6525242,2727,41.4349479675293
1771772677.776511,2728,47.033599853515625
1771772682.1721773,2729,44.38899612426758
1771772694.866291,2730,52.972740173339844
1771772696.07118,2731,41.20213317871094
1771772699.3690588,2732,54.29789733886719
1771772701.4039326,2733,56.64033126831055
1771772701.712872,2734,39.43439483642578
1771772702.6419923,2735,126.5953140258789
1771772703.8085878,2736,75.98871612548828
1771772713.2722754,2737,50.8582878112793
1771772716.4937925,2738,49.21469497680664
1771772717.3507695,2739,31.170265197753906
1771772727.8214688,2740,54.79033279418945
1771772730.8726654,2741,56.63318634033203
1771772731.6269295,2742,23.499235153198242
1771772733.9858334,2743,44.91543960571289
1771772734.120502,2744,12.733747482299805
1771772739.392967,2745,48.02832794189453
1771772739.5306737,2746,58.407249450683594
1771772741.9766836,2747,64.25433349609375
1771772744.175208,2748,58.644447326660156
1771772745.2603602,2749,31.07938575744629
1771772746.20002,2750,27.857736587524414
1771772751.695379,2751,38.30060577392578
1771772753.5220118,2752,62.84797668457031
1771772753.6457784,2753,872.2728271484375
1771772753.9699578,2754,78.70269012451172
1771772754.0961254,2755,51.55536651611328
1771772759.2900417,2756,49.245445251464844
1771772759.6025193,2757,98.38497924804688
1771772763.5130625,2758,52.45247268676758
1771772765.8396723,2759,41.134857177734375
1771772768.652445,2760,37.98899841308594
1771772768.973317,2761,46.504642486572266
1771772772.9027667,2762,50.06890869140625
1771772775.352729,2763,53.18595886230469
1771772775.5379398,2764,57.343223571777344
1771772782.0641072,2765,49.585731506347656
1771772783.4062333,2766,36.12654495239258
1771772784.3972545,2767,50.77140808105469
1771772785.9860249,2768,47.8370475769043
1771772791.144698,2769,59.69271469116211
1771772791.2756634,2770,19.282926559448242
1771772792.380091,2771,41.799381256103516
1771772792.6233685,2772,73.02473449707031
1771772799.6044402,2773,56.90738296508789
1771772805.3693233,2774,56.76212692260742
1771772811.2218678,2775,52.89767074584961
1771772818.648012,2776,44.323387145996094
1771772818.8963637,2777,24.5187931060791
1771772819.0188758,2778,14.549125671386719
1771772823.1183772,2779,51.846988677978516
1771772826.3151007,2780,47.74289321899414
1771772831.0517163,2781,48.54844284057617
1771772838.529915,2782,46.26273727416992
1771772932.8207698,2783,37.9980354309082
1771772936.5883665,2784,45.45331573486328
1771772940.8452184,2785,36.09228515625
1771772942.3942769,2786,48.786170959472656
1771772942.640342,2787,15.683242797851562
1771772944.718134,2788,45.90816116333008
1771772944.9758575,2789,18.694866180419922
1771772945.0996623,2790,25.699878692626953
1771772954.8723602,2791,68.84626770019531
1771772954.9978595,2792,34.63399887084961
1771772963.2810848,2793,50.24069595336914
1771772964.3095665,2794,41.69991683959961
1771772966.4587789,2795,29.98675537109375
1771772970.1715195,2796,46.54576110839844
1771772977.7518995,2797,40.580055236816406
1771772978.250831,2798,97.67695617675781
1771772980.0340743,2799,83.71334075927734
1771772995.4496126,2800,51.69713592529297
1771772999.010122,2801,41.982025146484375
1771772999.21271,2802,22.298294067382812
1771773003.4774039,2803,47.66328048706055
1771773004.879344,2804,52.132930755615234
1771773005.0685842,2805,52.709312438964844
1771773006.6671398,2806,57.70947265625
1771773019.0643544,2807,50.05758285522461
1771773019.509353,2808,31.708040237426758
1771773023.9551094,2809,54.309600830078125
1771773024.7537072,2810,70.06666564941406
1771773025.0036325,2811,71.96267700195312
1771773025.4510624,2812,57.079551696777344
1771773026.4479542,2813,62.827293395996094
1771773031.3481767,2814,49.164085388183594
1771773036.5212567,2815,44.687408447265625
1771773037.270581,2816,56.535282135009766
1771773038.264813,2817,32.634334564208984
1771773038.8121884,2818,69.40007019042969
1771773039.5063558,2819,61.22889709472656
1771773039.6911342,2820,38.33608627319336
1771773043.0246122,2821,60.94870376586914
1771773046.6808605,2822,52.90056610107422
1771773048.3310254,2823,48.53940963745117
1771773048.5909,2824,37.75962448120117
1771773052.0666,2825,54.421051025390625
1771773054.2575772,2826,51.393978118896484
1771773058.151962,2827,69.3629150390625
1771773060.9763398,2828,51.2566032409668
1771773064.2186763,2829,31.34098243713379
1771773066.123251,2830,41.46267318725586
1771773068.6194727,2831,57.74370193481445
1771773069.7381139,2832,42.857093811035156
1771773073.3778646,2833,44.73920822143555
1771773073.516562,2834,11.922191619873047
1771773079.6131663,2835,46.18958282470703
1771773079.9854803,2836,46.54730987548828
1771773086.7418787,2837,53.04116439819336
1771773088.4604602,2838,42.487586975097656
1771773089.1116893,2839,32.84955596923828
1771773095.7582507,2840,33.52444839477539
1771773096.283583,2841,51.484458923339844
1771773103.3937232,2842,46.557247161865234
1771773108.0876844,2843,48.40737533569336
1771773109.9160235,2844,47.2078971862793
1771773116.2829592,2845,59.974327087402344
1771773117.1065087,2846,102.67626190185547
1771773117.2930763,2847,119.36095428466797
1771773119.0206501,2848,23.28856086730957
1771773122.9392343,2849,59.8985481262207
1771773126.387939,2850,56.511478424072266
1771773127.72804,2851,38.19850158691406
1771773129.4682539,2852,58.07978820800781
1771773131.1375883,2853,63.91575622558594
1771773137.3421173,2854,37.471858978271484
1771773145.5108764,2855,53.70555877685547
1771773145.6423805,2856,19.28943634033203
1771773147.244945,2857,65.67174530029297
1771773147.3712604,2858,15.533258438110352
1771773150.825054,2859,35.92950439453125
1771773151.0747485,2860,26.735755920410156
1771773151.2117796,2861,88.64065551757812
1771773151.338158,2862,8.552230834960938
1771773154.64543,2863,49.79007339477539
1771773155.0247643,2864,62.074947357177734
1771773160.0174077,2865,39.358917236328125
1771773169.2701163,2866,45.26451110839844
1771773173.4241505,2867,46.74740219116211
1771773180.982408,2868,60.9565315246582
1771773184.40689,2869,55.644805908203125
1771773189.5940711,2870,40.92123031616211
1771773189.782091,2871,19.318769454956055
1771773189.909064,2872,19.551753997802734
1771773191.0819802,2873,34.608909606933594
1771773193.1654582,2874,41.40579605102539
1771773197.235846,2875,41.43027114868164
1771773199.07969,2876,63.92298889160156
1771773199.21096,2877,22.048263549804688
1771773202.931618,2878,39.10182189941406
1771773204.4557233,2879,49.451663970947266
1771773210.647187,2880,55.66753005981445
1771773212.5513365,2881,41.58493423461914
1771773212.8170376,2882,26.612579345703125
1771773214.914311,2883,41.78907775878906
1771773224.0707223,2884,43.129817962646484
1771773226.7010677,2885,44.52295684814453
1771773229.8409367,2886,35.86327362060547
1771773232.136005,2887,24.06378936767578
1771773232.2667804,2888,30.988224029541016
1771773234.171748,2889,48.66310119628906
1771773234.5473855,2890,59.402442932128906
1771773235.13031,2891,35.87070846557617
1771773249.6795046,2892,47.46406555175781
1771773316.6339152,2893,45.83584976196289
1771773324.0011337,2894,61.27793884277344
1771773324.1398351,2895,51.23052978515625
1771773324.3990839,2896,13.788379669189453
1771773326.4801393,2897,38.16903305053711
1771773330.8113623,2898,47.55390167236328
1771773332.541312,2899,70.78807830810547
1771773335.0873141,2900,48.38037872314453
1771773336.891778,2901,34.039669036865234
1771773338.6118011,2902,77.51422882080078
1771773340.42689,2903,40.471923828125
1771773342.3234854,2904,34.51158142089844
1771773344.106751,2905,40.63599395751953
1771773349.5474386,2906,46.29542922973633
1771773359.8304343,2907,43.979671478271484
1771773360.9713244,2908,37.109195709228516
1771773361.1648138,2909,6.972436904907227
1771773361.4788036,2910,96.46820831298828
1771773362.0435646,2911,64.00260925292969
1771773370.710787,2912,52.158233642578125
1771773373.3233593,2913,31.67535972595215
1771773381.5131996,2914,47.155696868896484
1771773385.7571547,2915,35.81264877319336
1771773393.0181086,2916,49.895751953125
1771773393.32908,2917,33.34685516357422
1771773400.7460864,2918,41.88259506225586
1771773405.6971912,2919,51.429630279541016
1771773406.8877568,2920,34.19577407836914
1771773407.6625733,2921,35.5606575012207
1771773409.484308,2922,59.335289001464844
1771773411.1483798,2923,37.774696350097656
1771773413.4197044,2924,82.19721984863281
1771773413.5467942,2925,68.85990905761719
1771773414.603927,2926,49.72673797607422
1771773419.0939124,2927,36.69912338256836
1771773419.2169297,2928,39.4141960144043
1771773419.3385785,2929,27.65789794921875
1771773420.9676757,2930,42.58952713012695
1771773429.653662,2931,50.24864196777344
1771773432.6411703,2932,51.01799774169922
1771773435.9762447,2933,55.05891418457031
1771773436.66283,2934,31.125303268432617
1771773437.9329152,2935,38.81974411010742
1771773444.4691808,2936,40.07892608642578
1771773447.2271268,2937,48.44851303100586
1771773450.395186,2938,33.428829193115234
1771773450.5765874,2939,42.648101806640625
1771773452.7110062,2940,42.4302864074707
1771773458.0916753,2941,42.888301849365234
1771773459.627461,2942,58.22626876831055
1771773473.8767905,2943,36.878841400146484
1771773475.3193657,2944,47.71516799926758
1771773475.6382484,2945,12.35116958618164
1771773477.692908,2946,39.259918212890625
1771773481.4529905,2947,49.516632080078125
1771773484.6637518,2948,37.90010070800781
1771773485.4242754,2949,25.704395294189453
1771773486.576152,2950,44.40694046020508
1771773486.7662246,2951,185.00865173339844
1771773487.1442106,2952,9.433176040649414
1771773491.0826418,2953,40.677711486816406
1771773492.439494,2954,49.41719436645508
1771773492.5659125,2955,87.41868591308594
1771773492.688696,2956,17.354400634765625
1771773495.9893687,2957,32.993499755859375
1771773496.1127632,2958,21.359142303466797
1771773503.7081203,2959,51.01482009887695
1771773505.6132967,2960,46.4080924987793
1771773512.5273228,2961,52.40959167480469
1771773516.4819894,2962,39.20487976074219
1771773517.8354692,2963,25.07929801940918
1771773521.9315317,2964,40.33071517944336
1771773527.8629982,2965,65.9394760131836
1771773529.1816854,2966,30.03660774230957
1771773532.666157,2967,52.64834976196289
1771773532.7879677,2968,7.144341468811035
1771773533.9263046,2969,25.780561447143555
1771773536.564415,2970,33.17763900756836
1771773538.514274,2971,55.35130310058594
1771773538.7688398,2972,15.773571014404297
1771773538.9552004,2973,10.05699634552002
1771773542.7949975,2974,46.90752410888672
1771773543.201101,2975,14.760228157043457
1771773546.5862505,2976,72.39822387695312
1771773548.786082,2977,45.81964111328125
1771773554.5751812,2978,44.44900894165039
1771773555.8205578,2979,60.223514556884766
1771773556.1300845,2980,28.152206420898438
1771773559.4919672,2981,42.45547103881836
1771773561.1543853,2982,33.17921829223633
1771773561.657964,2983,58.84441375732422
1771773564.9026303,2984,57.20038986206055
1771773566.5560973,2985,42.85480499267578
1771773573.4158623,2986,54.83128356933594
1771773577.755402,2987,54.24478530883789
1771773580.3026311,2988,44.60943603515625
1771773582.2616963,2989,58.36076354980469
1771773584.4738772,2990,60.915435791015625
1771773587.5909948,2991,41.2327880859375
1771773587.7230022,2992,173.38555908203125
1771773594.897835,2993,34.37945556640625
1771773598.210156,2994,38.081748962402344
1771773602.3201356,2995,33.66183853149414
1771773602.7533402,2996,59.806522369384766
1771773602.991852,2997,110.32640075683594
1771773605.549896,2998,38.53216552734375
1771773605.6761029,2999,10.800156593322754
1771773606.7408307,3000,59.42462921142578
1771773608.474646,3001,40.474342346191406
1771773611.5274467,3002,39.277950286865234
1771773611.6595025,3003,19.672618865966797
1771773613.6661274,3004,40.042266845703125
1771773616.208797,3005,71.19886016845703
1771773621.083158,3006,54.02389907836914
1771773624.2074306,3007,49.59884262084961
1771773627.9890654,3008,51.47010803222656
1771773681.1786265,3009,62.274269104003906
1771773688.9155126,3010,47.33131408691406
1771773692.9617896,3011,54.29654312133789
1771773699.731225,3012,32.738155364990234
1771773701.3733008,3013,48.44322204589844
1771773709.6423109,3014,51.24235916137695
1771773710.7644982,3015,50.324283599853516
1771773714.157632,3016,46.600765228271484
1771773727.6594377,3017,53.45302200317383
1771773727.7909753,3018,59.456886291503906
1771773744.7148786,3019,47.911781311035156
1771773745.0646229,3020,42.190860748291016
1771773745.1988344,3021,12.049507141113281
1771773756.5233498,3022,48.291221618652344
1771773756.6576514,3023,38.66557312011719
1771773756.7877467,3024,22.048341751098633
1771773764.3656795,3025,39.4637565612793
1771773769.5550323,3026,51.05707931518555
1771773772.0252712,3027,53.89076614379883
1771773774.419859,3028,34.33087921142578
1771773775.3156776,3029,26.67064666748047
1771773778.6799846,3030,44.13445281982422
1771773793.633944,3031,45.53894805908203
1771773803.7886684,3032,38.92070770263672
1771773808.3744924,3033,34.67024612426758
1771773813.3954444,3034,39.307838439941406
1771773817.079208,3035,52.08059310913086
1771773818.4941256,3036,41.366065979003906
1771773820.3368976,3037,26.049266815185547
1771773828.7797508,3038,41.56941223144531
1771773834.3639917,3039,38.8018684387207
1771773845.1420715,3040,54.54030990600586
1771773847.435472,3041,47.71533203125
1771773849.10951,3042,36.3465576171875
1771773849.235683,3043,34.09501647949219
1771773852.7207465,3044,40.50364303588867
1771773852.845153,3045,34.966617584228516
1771773859.208051,3046,51.60731887817383
1771773863.7238631,3047,41.50139617919922
1771773864.857572,3048,69.051513671875
1771773870.6480951,3049,47.62406539916992
1771773875.7974489,3050,57.826316833496094
1771773877.4425747,3051,49.62294387817383
1771773879.0176482,3052,54.45233154296875
1771773882.6849432,3053,36.52134323120117
1771773889.9797273,3054,52.62398147583008
1771773890.70136,3055,77.993896484375
1771773896.4053292,3056,45.323184967041016
1771773906.7153518,3057,39.67770004272461
1771773908.1238103,3058,31.136207580566406
1771773915.552576,3059,57.50511169433594
1771773921.2327695,3060,32.194576263427734
1771773932.754255,3061,43.86674118041992
1771773938.2535949,3062,61.321651458740234
1771773938.9313073,3063,19.62181854248047
1771773941.588067,3064,61.595882415771484
1771773962.66838,3065,39.20219421386719
1771773965.0365314,3066,53.80699920654297
1771773972.680018,3067,46.4989128112793
1771773974.744456,3068,53.230777740478516
1771773977.9343905,3069,40.47847366333008
1771773981.1968684,3070,38.923519134521484
1771773984.6999016,3071,34.3602409362793
1771773985.3942134,3072,20.665300369262695
1771773988.0766933,3073,34.5257453918457
1771773989.2644107,3074,25.350345611572266
1771773991.3409111,3075,30.688562393188477
1771773991.468188,3076,79.0238265991211
1771773996.4103959,3077,34.50277328491211
1771773999.956053,3078,29.416934967041016
1771774006.8671985,3079,52.507503509521484
1771774009.7312288,3080,37.084373474121094
1771774016.1458035,3081,44.511043548583984
1771774031.0213299,3082,44.1529426574707
1771774134.5548751,3083,50.12424087524414
1771774140.1477077,3084,46.78973388671875
1771774148.8593266,3085,40.211509704589844
1771774152.2133062,3086,47.419395446777344
1771774152.597093,3087,15.425048828125
1771774158.458963,3088,44.5307731628418
1771774161.7615128,3089,37.68788146972656
1771774161.8985336,3090,16.101242065429688
1771774170.37503,3091,51.3582763671875
1771774173.2739844,3092,41.268856048583984
1771774196.7645025,3093,44.013633728027344
1771774197.6348162,3094,52.42692184448242
1771774210.0646281,3095,31.63101577758789
1771774220.218425,3096,44.54158401489258
1771774222.197287,3097,37.516117095947266
1771774222.3196115,3098,14.407870292663574
1771774227.4363978,3099,45.095062255859375
1771774227.565085,3100,32.56367492675781
1771774231.0215988,3101,44.33980178833008
1771774238.010973,3102,39.927616119384766
1771774239.1134958,3103,33.84658432006836
1771774239.6111224,3104,24.098567962646484
1771774243.14887,3105,56.40305709838867
1771774247.4514625,3106,44.92131805419922
1771774259.6240964,3107,40.41124725341797
1771774274.5024,3108,35.338714599609375
1771774275.9167464,3109,58.68489074707031
1771774279.4378078,3110,46.741912841796875
1771774281.6824791,3111,41.171146392822266
1771774294.1183352,3112,46.98444366455078
1771774300.7243955,3113,45.74419021606445
1771774303.215977,3114,28.642961502075195
1771774312.2208622,3115,43.83687973022461
1771774315.4387004,3116,59.48712158203125
1771774326.8356009,3117,42.96044921875
1771774327.390764,3118,28.69009017944336
1771774335.2121055,3119,45.158607482910156
1771774337.8215177,3120,41.85912322998047
1771774347.2879,3121,40.19159698486328
1771774348.758308,3122,42.93717956542969
1771774353.4931846,3123,59.473297119140625
1771774354.7384393,3124,21.56844711303711
1771774358.02522,3125,34.7165641784668
1771774358.5933197,3126,44.90903091430664
1771774358.7147157,3127,74.2430419921875
1771774358.8354406,3128,233.86827087402344
1771774365.3015268,3129,35.582279205322266
1771774392.199187,3130,40.9384651184082
1771774394.7408032,3131,50.8715934753418
1771774396.4945002,3132,83.37836456298828
1771774406.7293844,3133,43.9069709777832
1771774409.2113826,3134,28.178224563598633
1771774411.38533,3135,51.965797424316406
1771774413.1287706,3136,42.84551239013672
1771774416.6326509,3137,44.12501525878906
1771774423.8671155,3138,52.14118194580078
1771774428.4457266,3139,59.96222686767578
1771774435.1807806,3140,38.8275260925293
1771774567.500684,3141,53.089237213134766
1771774572.6423829,3142,43.35022735595703
1771774572.9097931,3143,21.367103576660156
1771774582.4220452,3144,47.03483963012695
1771774595.3047411,3145,39.85020446777344
1771774598.3128045,3146,35.04192352294922
1771774598.4449534,3147,137.99075317382812
1771774602.1577137,3148,32.641597747802734
1771774606.965248,3149,50.365474700927734
1771774607.0885112,3150,5.554957866668701
1771774607.2758164,3151,35.54640579223633
1771774615.5726404,3152,40.309940338134766
1771774616.058921,3153,13.454601287841797
1771774624.186413,3154,43.03218460083008
1771774632.9222305,3155,45.31111526489258
1771774635.477321,3156,70.4323501586914
1771774641.5948203,3157,25.73302459716797
1771774646.6369627,3158,47.353240966796875
1771774649.7303827,3159,25.973163604736328
1771774650.7131028,3160,53.854679107666016
1771774658.5504205,3161,41.245487213134766
1771774669.8720343,3162,46.00004577636719
1771774674.1574194,3163,59.25114822387695
1771774678.3222864,3164,39.2608642578125
1771774678.4473436,3165,9.408319473266602
1771774680.5833945,3166,50.17005920410156
1771774693.6573422,3167,38.50460433959961
1771774697.672356,3168,41.045291900634766
1771774698.6765969,3169,78.23202514648438
1771774699.019124,3170,21.232383728027344
1771774704.1705718,3171,37.810752868652344
1771774704.2986686,3172,6.617084980010986
1771774709.6490355,3173,60.500465393066406
1771774714.057015,3174,35.27421188354492
1771774714.2526133,3175,5.722949981689453
1771774717.8965204,3176,61.261863708496094
1771774745.5123641,3177,41.816795349121094
1771774751.1526232,3178,49.52572250366211
1771774759.7051637,3179,50.055484771728516
1771774760.0762644,3180,186.82733154296875
1771774762.7274086,3181,72.45814514160156
1771774764.9866638,3182,20.441526412963867
1771774771.4464622,3183,42.549415588378906
1771774776.6833196,3184,52.60380554199219
1771774790.4333518,3185,61.87218475341797
1771774796.1241772,3186,44.32451248168945
1771774808.9176643,3187,38.75380325317383
1771774809.1708694,3188,28.208707809448242
1771774817.8371484,3189,44.2786979675293
1771774834.294633,3190,32.76242446899414
1771774848.1727908,3191,43.74824142456055
1771774853.9530783,3192,47.42269515991211
1771774862.3460824,3193,36.9435920715332
1771774867.6046746,3194,38.7232780456543
1771774872.2793684,3195,31.334318161010742
1771774875.0255554,3196,59.18330383300781
1771774884.8892927,3197,48.501827239990234
1771774939.4538033,3198,41.314414978027344
1771774941.389365,3199,20.402769088745117
1771774947.2136834,3200,31.51405906677246
1771774947.4035864,3201,78.10818481445312
1771774957.9272869,3202,46.406436920166016
1771774965.0149667,3203,34.920326232910156
1771774967.1640134,3204,52.98802185058594
1771774980.3095834,3205,43.347679138183594
1771774985.686587,3206,49.904075622558594
1771774992.36745,3207,45.16008377075195
1771775000.7218978,3208,38.28390121459961
1771775003.2556071,3209,36.36420822143555
1771775004.8845122,3210,15.424640655517578
1771775012.855034,3211,41.51100540161133
1771775028.890647,3212,38.22636032104492
1771775029.320368,3213,27.75471305847168
1771775038.14501,3214,50.83672332763672
1771775039.1309254,3215,86.8544921875
1771775044.2776742,3216,66.12741088867188
1771775049.148518,3217,24.29446029663086
1771775054.9507422,3218,51.049137115478516
1771775071.0848083,3219,55.52696228027344
1771775071.2110496,3220,12.243844985961914
1771775071.6096952,3221,28.151729583740234
1771775077.372058,3222,40.2396240234375
1771775098.036124,3223,52.34556198120117
1771775100.1198018,3224,64.39249420166016
1771775101.5058317,3225,36.97279357910156
1771775109.196566,3226,53.13066101074219
1771775113.020121,3227,41.781341552734375
1771775116.224739,3228,32.32219314575195
1771775116.3551877,3229,22.24925422668457
1771775121.457969,3230,48.07899475097656
1771775124.9240706,3231,47.42383575439453
1771775125.8113987,3232,63.48134994506836
1771775131.6548402,3233,42.12664031982422
1771775134.6036685,3234,47.28742980957031
1771775141.2693489,3235,45.07848358154297
1771775141.392357,3236,21.685653686523438
1771775143.5334036,3237,75.86268615722656
1771775147.899341,3238,40.983150482177734
1771775155.336257,3239,50.77356719970703
1771775155.466914,3240,45.796958923339844
1771775166.0961118,3241,60.04645538330078
1771775168.9056156,3242,45.827030181884766
1771775176.1819663,3243,48.85252380371094
1771775176.8562825,3244,25.783187866210938
1771775181.6968968,3245,39.02168273925781
1771775188.103887,3246,35.20680236816406
1771775189.6108377,3247,39.0119743347168
1771775194.6906662,3248,33.343597412109375
1771775201.4942317,3249,55.43603515625
1771775207.7653208,3250,48.78337097167969
1771775226.0709267,3251,50.544189453125
1771775226.2532153,3252,11.169447898864746
1771775227.240572,3253,71.8180160522461
1771775235.2800412,3254,49.5723762512207
1771775235.40343,3255,152.54095458984375
1771775237.6452882,3256,20.43742561340332
1771775238.813794,3257,58.03300857543945
1771775239.629689,3258,27.286386489868164
1771775240.6181455,3259,56.94725036621094
1771775247.4340734,3260,36.04679489135742
1771775248.4091268,3261,61.422035217285156
1771775248.6553845,3262,17.24561309814453
1771775248.7801716,3263,6.172104358673096
1771775250.4591887,3264,41.58404541015625
1771775364.4625845,3265,65.70330047607422
1771775364.6525939,3266,18.607952117919922
1771775366.4869142,3267,49.9170036315918
1771775369.9802668,3268,55.86241149902344
1771775371.034723,3269,36.51518249511719
1771775373.685627,3270,48.14366912841797
1771775374.123495,3271,16.289104461669922
1771775374.2509112,3272,17.79897689819336
1771775385.6479938,3273,60.162330627441406
1771775399.3082533,3274,33.92605209350586
1771775402.087386,3275,52.59865188598633
1771775403.5542264,3276,44.1412239074707
1771775406.0595589,3277,66.61040496826172
1771775409.6855204,3278,43.09300994873047
1771775417.2423816,3279,39.11332702636719
1771775417.6258554,3280,20.311281204223633
1771775421.3727264,3281,42.3806037902832
1771775424.5587204,3282,47.17002868652344
1771775426.4293973,3283,50.950016021728516
1771775427.4887838,3284,25.310928344726562
1771775428.9442766,3285,24.397066116333008
1771775429.9613166,3286,22.976015090942383
1771775432.34077,3287,33.24870681762695
1771775433.6264372,3288,35.400821685791016
1771775442.4734974,3289,48.27690505981445
1771775442.6024768,3290,45.28437042236328
1771775451.062264,3291,39.05033493041992
1771775460.1898503,3292,54.27153015136719
1771775469.8634975,3293,47.44282150268555
1771775470.9853325,3294,20.979496002197266
1771775474.3952503,3295,71.71914672851562
1771775482.6168528,3296,45.28754806518555
1771775484.1739929,3297,38.087646484375
1771775486.772676,3298,37.991024017333984
1771775490.4867954,3299,42.012718200683594
1771775502.0016918,3300,36.75851821899414
1771775507.247617,3301,34.81599807739258
1771775510.5390835,3302,64.38145446777344
1771775515.0593505,3303,38.95191192626953
1771775516.4631124,3304,20.68609046936035
1771775518.812403,3305,62.01139831542969
1771775521.456949,3306,32.446598052978516
1771775523.33972,3307,22.660892486572266
1771775529.1211765,3308,54.29641342163086
1771775535.7928958,3309,40.90568161010742
1771775535.9255686,3310,13.403925895690918
1771775538.97165,3311,58.622833251953125
1771775539.0964386,3312,7.789420127868652
1771775542.349418,3313,37.489410400390625
1771775545.0300388,3314,31.412050247192383
1771775545.4676871,3315,139.55111694335938
1771775548.3014925,3316,30.107608795166016
1771775548.6947253,3317,13.803590774536133
1771775548.8777158,3318,41.37907791137695
1771775555.7033365,3319,39.94525909423828
1771775558.9219086,3320,27.67433738708496
1771775559.964585,3321,52.26156234741211
1771775563.3486788,3322,35.80596923828125
1771775563.5322597,3323,12.126531600952148
1771775565.1308386,3324,46.13824462890625
1771775565.761218,3325,23.055675506591797
1771775571.4507966,3326,43.81953811645508
1771775572.951579,3327,49.14780044555664
1771775573.7177823,3328,12.76131820678711
1771775574.1670282,3329,49.60873794555664
1771775574.9871147,3330,13.56173324584961
1771775582.7323048,3331,36.25238800048828
1771775589.0475273,3332,39.484703063964844
1771775591.1320236,3333,83.85881042480469
1771775594.3571599,3334,43.8553352355957
1771775594.7259355,3335,17.75526237487793
1771775596.6322284,3336,38.907344818115234
1771775601.9350536,3337,46.57683181762695
1771775602.7321265,3338,28.3542423248291
1771775603.7142577,3339,28.88254737854004
1771775611.1544898,3340,29.972705841064453
1771775616.5397182,3341,39.98466110229492
1771775617.7229457,3342,42.76975631713867
1771775626.2255874,3343,56.3011474609375
1771775629.1750965,3344,44.7205696105957
1771775633.07024,3345,36.11385726928711
1771775636.5291152,3346,35.4563102722168
1771775636.898339,3347,32.66991424560547
1771775637.3153858,3348,107.78767395019531
1771775637.517929,3349,17.807270050048828
1771775648.1451614,3350,44.753108978271484
1771775649.403711,3351,24.01749038696289
1771775662.4343069,3352,42.76174545288086
1771775666.1192603,3353,46.97351837158203
1771775669.488948,3354,82.84131622314453
1771775669.7436776,3355,67.39495849609375
1771775679.2774541,3356,33.1968879699707
1771775680.6317139,3357,63.61931228637695
1771775684.2097063,3358,36.50988006591797
1771775769.0977366,3359,75.55919647216797
1771775771.8914807,3360,54.67879867553711
1771775773.1432447,3361,59.63862991333008
1771775775.5699568,3362,61.18462371826172
1771775778.3287716,3363,62.444522857666016
1771775782.8760147,3364,50.814334869384766
1771775784.7750661,3365,13.82955265045166
1771775785.043113,3366,28.64707374572754
1771775788.9304013,3367,36.785621643066406
1771775789.7439344,3368,14.26999568939209
1771775790.8895645,3369,40.13468551635742
1771775795.9900658,3370,45.661529541015625
1771775799.9549127,3371,42.2841796875
1771775800.0821404,3372,7.3735527992248535
1771775800.4035668,3373,144.3397674560547
1771775800.7269535,3374,131.69845581054688
1771775805.9021387,3375,28.416629791259766
1771775809.8387372,3376,47.34353256225586
1771775809.9642017,3377,904.9644775390625
1771775815.706032,3378,43.471168518066406
1771775823.601886,3379,47.33273696899414
1771775825.2678294,3380,43.00445556640625
1771775832.1951003,3381,43.09406661987305
1771775832.3987572,3382,20.10865020751953
1771775835.7910333,3383,38.48410415649414
1771775836.316444,3384,57.1300163269043
1771775839.0601008,3385,39.84021759033203
1771775839.2491014,3386,12.393497467041016
1771775841.0666442,3387,41.93625259399414
1771775843.4070375,3388,59.31427764892578
1771775844.3692129,3389,49.46382141113281
1771775845.7485552,3390,32.05679702758789
1771775845.935498,3391,10.235906600952148
1771775852.9105527,3392,44.289310455322266
1771775853.4017851,3393,61.77241897583008
1771775854.8404076,3394,41.95645523071289
1771775857.8130481,3395,57.95405960083008
1771775858.0622776,3396,28.856107711791992
1771775858.7361152,3397,69.3909912109375
1771775861.1453557,3398,52.24646759033203
1771775864.3028014,3399,47.91371154785156
1771775871.4167347,3400,42.1157341003418
1771775877.3031518,3401,54.62932586669922
1771775881.3615372,3402,38.047359466552734
1771775883.2600076,3403,47.02631378173828
1771775886.0364416,3404,38.942649841308594
1771775887.9631782,3405,30.817590713500977
1771775888.0869315,3406,13.714879989624023
1771775892.8287776,3407,30.990928649902344
1771775894.7433805,3408,60.18562698364258
1771775898.6087596,3409,57.305545806884766
1771775899.1639533,3410,32.2713508605957
1771775900.471701,3411,24.20296287536621
1771775900.9555807,3412,59.510902404785156
1771775909.031132,3413,41.778961181640625
1771775914.165603,3414,29.223295211791992
1771775915.9322531,3415,37.50907897949219
1771775916.0548654,3416,16.341291427612305
1771775919.312603,3417,37.519676208496094
1771775921.4300005,3418,42.94931411743164
1771775921.9164672,3419,23.345985412597656
1771775925.0736136,3420,47.733116149902344
1771775929.7578807,3421,31.65775489807129
1771775930.8873677,3422,89.25688171386719
1771775937.8496974,3423,39.52812957763672
1771775938.536601,3424,23.542064666748047
1771775938.9690435,3425,54.791046142578125
1771775942.4427757,3426,57.025177001953125
1771775942.636677,3427,10.47828197479248
1771775944.5280318,3428,93.6087417602539
1771775944.6530423,3429,9.68293285369873
1771775946.7957208,3430,44.61411666870117
1771775950.1343508,3431,67.53752136230469
1771775951.3869047,3432,94.3145751953125
1771775953.2872496,3433,53.954071044921875
1771775953.4211473,3434,9.08814811706543
1771775954.6446,3435,61.24555969238281
1771775956.1946518,3436,88.40825653076172
1771775961.4987483,3437,54.72234344482422
1771775963.955889,3438,93.6441879272461
1771775966.5976112,3439,49.64915084838867
1771775966.7332554,3440,19.776857376098633
1771775966.8592455,3441,11.43998908996582
1771775974.36142,3442,51.93882369995117
1771775975.3439898,3443,29.518569946289062
1771775975.6059244,3444,32.06766128540039
1771775978.907182,3445,50.61077117919922
1771775980.539363,3446,45.217891693115234
1771775986.3962054,3447,31.378955841064453
1771775986.9260123,3448,120.56661987304688
1771775988.0855682,3449,42.5008659362793
1771775988.2741694,3450,13.857809066772461
1771775993.8627515,3451,28.57863998413086
1771775998.599274,3452,46.53173828125
1771776000.5978324,3453,30.90923309326172
1771776001.0516021,3454,34.00021743774414
1771776002.2791476,3455,27.44934844970703
1771776004.3963819,3456,50.01023864746094
1771776005.271075,3457,48.439361572265625
1771776005.3971756,3458,16.735916137695312
1771776009.9988701,3459,33.51238250732422
1771776011.251026,3460,52.60285186767578
1771776011.5057082,3461,12.563002586364746
1771776015.3555527,3462,20.408309936523438
1771776022.8993533,3463,58.80314636230469
1771776024.5658405,3464,65.47772979736328
1771776026.1255925,3465,39.0581169128418
1771776029.3398836,3466,26.83766746520996
1771776030.6402407,3467,77.83222198486328
1771776034.9257386,3468,58.57445526123047
1771776037.382868,3469,37.87712860107422
1771776037.6461818,3470,45.97491455078125
1771776041.3286736,3471,34.641361236572266
1771776042.8653698,3472,68.27655792236328
1771776044.606451,3473,53.69004821777344
1771776046.9844632,3474,41.77048873901367
1771776048.5697157,3475,30.13249969482422
1771776048.7506237,3476,115.79303741455078
1771776049.0063355,3477,28.321754455566406
1771776050.4774442,3478,33.10664749145508
1771776051.5167165,3479,46.20798873901367
1771776052.818719,3480,23.97747039794922
1771776053.9165645,3481,49.70299530029297
1771776054.0397072,3482,24.309476852416992
1771776056.4961293,3483,41.74504470825195
1771776059.5173693,3484,46.61415481567383
1771776061.3242502,3485,25.43085289001465
1771776062.1628256,3486,29.4345760345459
1771776064.076585,3487,36.36320877075195
1771776066.284703,3488,33.61381149291992
1771776068.5077932,3489,29.462793350219727
1771776071.195217,3490,45.298397064208984
1771776072.3945577,3491,47.64458084106445
1771776072.699767,3492,33.04328155517578
1771776072.8843617,3493,7.387290954589844
1771776073.0695763,3494,26.644725799560547
1771776073.1975763,3495,24.290273666381836
1771776076.148049,3496,27.76628875732422
1771776079.0537264,3497,52.40254592895508
1771776081.4181771,3498,47.43620300292969
1771776081.6825132,3499,7.661102771759033
1771776085.3279366,3500,38.62970733642578
1771776093.7717094,3501,41.662628173828125
1771776098.2493968,3502,67.98494720458984
1771776206.0646746,3503,40.08966827392578
1771776206.3800588,3504,18.215972900390625
1771776209.3350563,3505,54.02401351928711
1771776215.3746436,3506,45.85050964355469
1771776215.500183,3507,7.052803039550781
1771776216.1404228,3508,61.66284942626953
1771776220.267944,3509,52.468257904052734
1771776223.132309,3510,43.85499954223633
1771776223.2560532,3511,9.270309448242188
1771776225.1757123,3512,45.52122116088867
1771776226.7821374,3513,99.37144470214844
1771776230.1203177,3514,41.85681915283203
1771776234.7592297,3515,35.91669845581055
1771776239.0835192,3516,36.0316276550293
1771776239.580653,3517,68.09857940673828
1771776240.5278306,3518,32.17262649536133
1771776240.6547093,3519,48.372398376464844
1771776240.7798667,3520,46.64134216308594
1771776244.8069496,3521,29.70774269104004
1771776246.5788624,3522,31.396930694580078
1771776254.9305592,3523,36.844078063964844
1771776259.9229705,3524,27.130687713623047
1771776261.8121753,3525,56.863529205322266
1771776263.7025568,3526,41.88086700439453
1771776268.0397882,3527,36.19286346435547
1771776268.8481824,3528,79.97259521484375
1771776272.0249841,3529,59.21059799194336
1771776272.1501532,3530,16.805509567260742
1771776278.7073038,3531,39.1764030456543
1771776288.846167,3532,45.29221725463867
1771776294.0391998,3533,34.28898239135742
1771776295.6286557,3534,45.808258056640625
1771776297.615213,3535,38.10626983642578
1771776299.8522835,3536,33.978546142578125
1771776301.8012986,3537,30.859037399291992
1771776305.881951,3538,41.53636169433594
1771776312.5343041,3539,32.71219253540039
1771776316.4574707,3540,43.965579986572266
1771776324.1362092,3541,35.466156005859375
1771776324.8772347,3542,29.88262939453125
1771776332.954694,3543,39.20714569091797
1771776336.949798,3544,43.9686279296875
1771776337.1999655,3545,30.789684295654297
1771776337.9425273,3546,40.64263153076172
1771776338.0643954,3547,17.73986053466797
1771776339.272215,3548,30.71384048461914
1771776342.5068285,3549,26.041622161865234
1771776343.6088283,3550,36.55498504638672
1771776345.2917016,3551,29.8228759765625
1771776350.7336912,3552,55.903995513916016
1771776352.04226,3553,38.25343322753906
1771776353.0667365,3554,22.502071380615234
1771776354.4793994,3555,51.775516510009766
1771776359.4527867,3556,55.5530891418457
1771776359.5817146,3557,8.559545516967773
1771776367.4490268,3558,38.42544174194336
1771776370.174904,3559,19.151090621948242
1771776374.0119588,3560,26.581701278686523
1771776375.058721,3561,62.08351516723633
1771776375.318979,3562,42.19184112548828
1771776376.500778,3563,42.481075286865234
1771776377.8695683,3564,38.66084671020508
1771776379.6587257,3565,30.047311782836914
1771776380.5996447,3566,24.923202514648438
1771776383.7282717,3567,50.10675048828125
1771776383.8508096,3568,236.53375244140625
1771776385.1699011,3569,22.7852725982666
1771776387.020109,3570,29.218965530395508
1771776389.3857193,3571,33.1555061340332
1771776389.885093,3572,52.335140228271484
1771776395.4094658,3573,44.26923751831055
1771776398.114136,3574,48.842262268066406
1771776398.552098,3575,85.89947509765625
1771776401.4634593,3576,28.207826614379883
1771776401.7138128,3577,17.248783111572266
1771776404.380852,3578,25.40925407409668
1771776408.7169716,3579,23.779245376586914
1771776410.3208282,3580,82.12118530273438
1771776412.524936,3581,39.39543151855469
1771776418.1456351,3582,48.655208587646484
1771776418.472697,3583,9.382282257080078
1771776420.2336173,3584,55.194725036621094
1771776420.4343376,3585,12.869573593139648
1771776429.8411396,3586,56.07972717285156
1771776430.2170656,3587,123.03275299072266
1771776430.348026,3588,5.902295112609863
1771776431.4585502,3589,18.986440658569336
1771776432.1526585,3590,41.424137115478516
1771776433.7705927,3591,26.820886611938477
1771776435.2506516,3592,27.282981872558594
1771776438.0022054,3593,59.76715087890625
1771776439.474053,3594,52.447940826416016
1771776441.2486696,3595,36.812110900878906
1771776441.5798469,3596,32.405269622802734
1771776446.326129,3597,62.294593811035156
1771776450.6817503,3598,45.10218811035156
1771776451.022121,3599,22.64824676513672
1771776452.407864,3600,61.59342956542969
1771776452.667255,3601,18.041542053222656
1771776453.704618,3602,70.79537200927734
1771776454.2513187,3603,44.031982421875
1771776456.4174938,3604,47.36220169067383
1771776456.559012,3605,12.243585586547852
1771776457.651695,3606,45.903995513916016
1771776457.8422554,3607,6.088291168212891
1771776464.2045972,3608,67.43576049804688
1771776464.9443362,3609,73.01883697509766
1771776468.4723258,3610,28.644681930541992
1771776476.279801,3611,40.29741668701172
1771776482.5090654,3612,64.4681625366211
1771776482.7036638,3613,12.440650939941406
1771776489.516723,3614,46.00761795043945
1771776492.7452898,3615,46.7886848449707
1771776497.775396,3616,40.992942810058594
1771776498.644731,3617,23.62900161743164
1771776498.829521,3618,33.39064407348633
1771776500.7597501,3619,56.1723747253418
1771776505.3080754,3620,45.16987991333008
1771776505.4328976,3621,9.914859771728516
1771776506.259854,3622,56.76488494873047
1771776511.2597713,3623,42.59123992919922
1771776511.3828933,3624,16.457704544067383
1771776511.567473,3625,11.162903785705566
1771776511.8246605,3626,29.337610244750977
1771776512.0813503,3627,69.18473815917969
1771776512.2059302,3628,17.566970825195312
1771776516.4933922,3629,26.475019454956055
1771776522.2801414,3630,57.78580856323242
1771776522.4766166,3631,17.337825775146484
1771776527.376683,3632,43.875022888183594
1771776590.1036093,3633,38.589717864990234
1771776591.4358807,3634,57.8582763671875
1771776591.5655816,3635,9.297714233398438
1771776596.7379596,3636,43.736995697021484
1771776610.7929063,3637,49.31788635253906
1771776611.1927443,3638,19.39383888244629
1771776611.3150077,3639,3.8901939392089844
1771776615.0021896,3640,27.691022872924805
1771776623.5379045,3641,41.09393310546875
1771776623.926166,3642,48.8586311340332
1771776624.0461607,3643,70.3440170288086
1771776630.939844,3644,41.798561096191406
1771776631.1209445,3645,47.949615478515625
1771776632.6850834,3646,23.44493865966797
1771776637.8683577,3647,53.17186737060547
1771776638.29707,3648,11.847610473632812
1771776638.608742,3649,13.760872840881348
1771776638.9705763,3650,13.33535099029541
1771776639.2826424,3651,11.925301551818848
1771776647.7392657,3652,38.77777099609375
1771776648.7131622,3653,25.554800033569336
1771776648.909382,3654,13.521147727966309
1771776662.9332094,3655,34.179161071777344
1771776666.8329308,3656,48.29159164428711
1771776670.6098142,3657,52.09529495239258
1771776672.211029,3658,31.97295570373535
1771776674.7440405,3659,40.25126266479492
1771776674.9246745,3660,25.854206085205078
1771776685.0190735,3661,34.45978546142578
1771776688.143422,3662,36.77082061767578
1771776690.7535942,3663,38.65085983276367
1771776697.869331,3664,54.175384521484375
1771776700.4666824,3665,62.276790618896484
1771776703.1942644,3666,42.673004150390625
1771776703.5006833,3667,13.361093521118164
1771776703.6266975,3668,17.27126693725586
1771776706.896033,3669,64.99808502197266
1771776712.7455108,3670,41.047645568847656
1771776716.5621624,3671,47.34169006347656
1771776716.8908188,3672,13.080671310424805
1771776717.0170572,3673,8.305265426635742
1771776722.98635,3674,51.656795501708984
1771776726.3304553,3675,31.986862182617188
1771776731.3064642,3676,30.968555450439453
1771776731.4352343,3677,7.895188331604004
1771776735.1910598,3678,65.67231750488281
1771776735.8061106,3679,67.3387451171875
1771776740.0187223,3680,46.00421142578125
1771776743.2151372,3681,46.00328826904297
1771776744.6632538,3682,28.03306007385254
1771776752.6799188,3683,36.255916595458984
1771776756.300741,3684,36.59952163696289
1771776756.925313,3685,20.49536895751953
1771776757.109105,3686,6.3141021728515625
1771776760.7539523,3687,58.21414566040039
1771776762.0168836,3688,30.78860855102539
1771776774.9884841,3689,44.241127014160156
1771776776.94176,3690,28.319169998168945
1771776777.069243,3691,64.63419342041016
1771776780.4129055,3692,60.99519348144531
1771776781.3044803,3693,62.99393844604492
1771776781.4290934,3694,22.8810977935791
1771776786.3536685,3695,37.074363708496094
1771776792.7068353,3696,32.700645446777344
1771776794.7968109,3697,16.869388580322266
1771776795.1117713,3698,23.237001419067383
1771776795.3076944,3699,15.916021347045898
1771776797.6936548,3700,19.490276336669922
1771776801.6089897,3701,50.40778732299805
1771776803.246843,3702,22.596019744873047
1771776805.27524,3703,56.407169342041016
1771776805.4548492,3704,18.834457397460938
1771776805.7134743,3705,25.1047306060791
1771776807.5381036,3706,25.905256271362305
1771776810.8652337,3707,34.22149658203125
1771776813.7184439,3708,31.10755157470703
1771776815.5056536,3709,45.28609848022461
1771776816.4609716,3710,13.778797149658203
1771776826.3043523,3711,45.75007247924805
1771776826.9567156,3712,58.49607467651367
1771776827.4591095,3713,47.504173278808594
1771776830.7542288,3714,53.18325424194336
1771776830.8911006,3715,7.739072799682617
1771776831.019068,3716,24.143795013427734
1771776841.0693357,3717,57.98050308227539
1771776841.4337728,3718,190.46002197265625
1771776848.240697,3719,30.926076889038086
1771776848.4940622,3720,10.005640029907227
1771776852.1067758,3721,59.57132339477539
1771776856.140934,3722,42.220890045166016
1771776857.7657952,3723,30.12285614013672
1771776858.294669,3724,21.3609619140625
1771776859.5731702,3725,60.95841979980469
1771776872.201958,3726,51.4916877746582
1771776872.4504323,3727,78.76715850830078
1771776874.9296377,3728,36.12883377075195
1771776875.0568366,3729,12.940704345703125
1771776880.9292762,3730,47.91950988769531
1771776883.0101755,3731,29.915203094482422
1771776884.9866092,3732,45.91788864135742
1771776885.3710227,3733,18.039653778076172
1771776889.709329,3734,31.380537033081055
1771776892.9133496,3735,30.978349685668945
1771776898.4772696,3736,51.512813568115234
1771776905.8389375,3737,45.026851654052734
1771776909.8049946,3738,24.13365936279297
1771777012.620176,3739,46.53378677368164
1771777016.5836768,3740,64.0490951538086
1771777020.9208422,3741,38.155086517333984
1771777024.2826543,3742,41.25827407836914
1771777031.9534051,3743,47.03508758544922
1771777033.2961538,3744,126.38613891601562
1771777038.9046462,3745,40.89280700683594
1771777050.873105,3746,34.04184341430664
1771777051.0058608,3747,11.741683006286621
1771777055.3079133,3748,24.973609924316406
1771777066.0939746,3749,36.89451217651367
1771777072.6417086,3750,53.58734893798828
1771777076.9033782,3751,26.703340530395508
1771777079.6599438,3752,48.10566711425781
1771777084.2031994,3753,33.9034309387207
1771777084.5022771,3754,48.476497650146484
1771777084.63262,3755,8.084939956665039
1771777085.1669347,3756,27.500015258789062
1771777087.568155,3757,77.26988220214844
1771777088.1782546,3758,15.10863971710205
1771777091.7218766,3759,52.6792106628418
1771777097.8161445,3760,38.01028060913086
1771777101.6343021,3761,76.758544921875
1771777119.4918685,3762,47.078243255615234
1771777128.6248834,3763,39.74516296386719
1771777128.8888795,3764,29.059690475463867
1771777132.406504,3765,50.44000244140625
1771777132.534192,3766,11.208684921264648
1771777136.1081867,3767,65.9105453491211
1771777137.0011556,3768,33.40950393676758
1771777139.777904,3769,24.929811477661133
1771777140.052091,3770,18.43995475769043
1771777140.3060045,3771,14.952467918395996
1771777144.1049845,3772,49.84729766845703
1771777148.9363096,3773,39.41991424560547
1771777149.0705767,3774,26.160877227783203
1771777155.2517893,3775,43.903446197509766
1771777161.833687,3776,50.685726165771484
1771777162.098069,3777,14.921870231628418
1771777165.4589872,3778,65.05189514160156
1771777165.646859,3779,125.55552673339844
1771777169.1701763,3780,23.297887802124023
1771777169.2988486,3781,325.11700439453125
1771777180.1207526,3782,55.07091522216797
1771777182.0308893,3783,33.17000961303711
1771777189.3543377,3784,49.82818603515625
1771777189.7566745,3785,127.38275146484375
1771777189.8852031,3786,8.58385944366455
1771777192.359355,3787,31.732683181762695
1771777193.6119766,3788,34.08360290527344
1771777193.8766663,3789,12.707036018371582
1771777195.721274,3790,43.954139709472656
1771777202.2929652,3791,42.084537506103516
1771777205.2139552,3792,28.143478393554688
1771777208.7182255,3793,47.833229064941406
1771777209.7554846,3794,19.818132400512695
1771777222.6677673,3795,55.45023727416992
1771777226.8099582,3796,53.57971954345703
1771777232.1251805,3797,48.159915924072266
1771777232.2688093,3798,13.29263687133789
1771777233.015593,3799,33.32329559326172
1771777233.2014546,3800,16.30428695678711
1771777233.5291913,3801,48.34447479248047
1771777234.8598337,3802,46.57439041137695
1771777237.1051998,3803,31.657503128051758
1771777239.9762194,3804,56.91633605957031
1771777240.684046,3805,54.7316780090332
1771777242.5790706,3806,31.9346923828125
1771777243.6248236,3807,91.87468719482422
1771777249.036326,3808,32.54195785522461
1771777249.781602,3809,10.949563026428223
1771777252.7977486,3810,41.927574157714844
1771777252.984663,3811,8.44078254699707
1771777254.07353,3812,14.371819496154785
1771777258.5190747,3813,44.37021255493164
1771777261.5589862,3814,35.451690673828125
1771777263.3895845,3815,15.918001174926758
1771777263.7886727,3816,33.79140853881836
1771777268.5641756,3817,50.539886474609375
1771777272.744322,3818,41.76694107055664
1771777278.157757,3819,37.44963455200195
1771777279.7321043,3820,23.919639587402344
1771777279.9214172,3821,16.752521514892578
1771777280.0463424,3822,56.41702651977539
1771777284.4894397,3823,49.92927169799805
1771777289.0853763,3824,35.594764709472656
1771777292.9149272,3825,43.41091537475586
1771777305.3202748,3826,45.605682373046875
1771777307.5443513,3827,38.526161193847656
1771777311.057209,3828,34.72916030883789
1771777317.2312498,3829,39.65800476074219
1771777318.177738,3830,54.3606071472168
1771777318.6618423,3831,12.143454551696777
1771777331.5921836,3832,45.011077880859375
1771777336.8478293,3833,57.43950653076172
1771777337.0741236,3834,19.638469696044922
1771777346.5083172,3835,44.29869842529297
1771777356.0215201,3836,28.81028938293457
1771777415.3374207,3837,40.597984313964844
1771777415.4709623,3838,15.755446434020996
1771777416.4279685,3839,27.613229751586914
1771777420.2153945,3840,46.67195129394531
1771777429.9926653,3841,53.711997985839844
1771777435.6916795,3842,32.44832992553711
1771777439.3758845,3843,60.177268981933594
1771777439.816317,3844,32.75654602050781
1771777451.1214063,3845,53.29145812988281
1771777454.8873835,3846,35.03963851928711
1771777457.2087312,3847,41.48320388793945
1771777469.6506207,3848,50.790916442871094
1771777480.3700547,3849,39.34530258178711
1771777481.6578429,3850,20.967252731323242
1771777481.8491921,3851,9.128959655761719
1771777483.6441898,3852,35.91502380371094
1771777486.039084,3853,37.36420440673828
1771777488.2265613,3854,72.99420928955078
1771777494.396859,3855,47.87302780151367
1771777495.4524558,3856,48.23145294189453
1771777497.839839,3857,58.46037673950195
1771777501.4566307,3858,48.43867874145508
1771777510.4131763,3859,43.76495361328125
1771777510.5446413,3860,17.100601196289062
1771777514.3864565,3861,43.84348678588867
1771777515.5037222,3862,29.374549865722656
1771777518.0726488,3863,55.877952575683594
1771777520.9537132,3864,29.9227237701416
1771777525.9673462,3865,60.107688903808594
1771777526.6590316,3866,19.654766082763672
1771777539.8815148,3867,38.98154830932617
1771777542.0182745,3868,30.834197998046875
1771777542.291072,3869,20.53809356689453
1771777577.3411264,3870,47.3096809387207
1771777577.4833684,3871,12.633460998535156
1771777583.888157,3872,45.84429931640625
1771777590.125866,3873,38.969120025634766
1771777592.841982,3874,56.372798919677734
1771777594.4857695,3875,55.00479507446289
1771777598.1697652,3876,75.76667022705078
1771777598.2986214,3877,456.263671875
1771777603.456307,3878,46.5382194519043
1771777603.7280488,3879,17.251277923583984
1771777607.6101828,3880,39.14785385131836
1771777614.0293908,3881,37.92070388793945
1771777614.1570635,3882,6.294166088104248
1771777614.2835298,3883,7.327186584472656
1771777623.5336773,3884,33.411346435546875
1771777623.857954,3885,9.0184965133667
1771777629.6219203,3886,36.72170639038086
1771777630.9389603,3887,16.64480972290039
1771777634.4786167,3888,55.3763313293457
1771777643.1447763,3889,52.537166595458984
1771777646.3259735,3890,68.9407730102539
1771777652.2831898,3891,42.15847396850586
1771777666.3537898,3892,46.05495071411133
1771777666.4760208,3893,533.9385986328125
1771777666.8586836,3894,29.228029251098633
1771777668.7651136,3895,56.64638137817383
1771777674.7146847,3896,38.797523498535156
1771777677.5299883,3897,32.25946807861328
1771777678.6349926,3898,16.307764053344727
1771777679.6744716,3899,58.16862106323242
1771777685.175794,3900,33.936370849609375
1771777689.9532921,3901,56.56145095825195
1771777698.4784408,3902,64.13651275634766
1771777702.158945,3903,41.73924255371094
1771777702.3521109,3904,10.371759414672852
1771777706.1343393,3905,44.37150192260742
1771777715.4058378,3906,35.06048583984375
1771777716.431868,3907,36.77227020263672
1771777716.6222677,3908,17.082082748413086
1771777718.2026255,3909,38.30955123901367
1771777726.5041654,3910,31.941804885864258
1771777728.0966055,3911,38.70646286010742
1771777729.4023705,3912,23.106599807739258
1771777729.7834303,3913,25.083534240722656
1771777733.6112351,3914,32.9061279296875
1771777737.9794436,3915,42.127708435058594
1771777742.1705222,3916,45.50545120239258
1771777742.8392622,3917,11.225687980651855
1771777753.0324893,3918,48.126182556152344
1771777814.7965858,3919,9.695074081420898
1771777817.6836882,3920,31.045957565307617
1771777819.5728831,3921,28.0111141204834
1771777819.6967146,3922,10.11853313446045
1771777820.5669472,3923,49.41715621948242
1771777822.809602,3924,49.18865966796875
1771777825.4833233,3925,32.4833984375
1771777828.4246016,3926,52.68925476074219
1771777833.5869825,3927,59.0401611328125
1771777843.2243888,3928,39.00385665893555
1771777845.1977308,3929,19.522829055786133
1771777852.796839,3930,52.73243713378906
1771777857.3722765,3931,51.20498275756836
1771777859.0174565,3932,67.20950317382812
1771777871.537944,3933,58.19082260131836
1771777871.929274,3934,24.007354736328125
1771777872.054939,3935,7.551669120788574
1771777885.4867008,3936,49.073360443115234
1771777894.9934697,3937,31.606168746948242
1771777895.1176932,3938,63.0657844543457
1771777902.7474837,3939,49.652069091796875
1771777903.060081,3940,183.0621337890625
1771777903.3138113,3941,56.07313919067383
1771777905.5377026,3942,43.27069854736328
1771777913.250315,3943,44.54445266723633
1771777927.317959,3944,51.745033264160156
1771777928.3068135,3945,39.689964294433594
1771777932.993091,3946,43.908203125
1771777934.7323787,3947,89.1343765258789
1771777935.0367334,3948,26.120655059814453
1771777936.507144,3949,22.027074813842773
1771777938.529144,3950,47.82136154174805
1771777938.6694484,3951,10.89633560180664
1771777942.9925733,3952,43.81849670410156
1771777950.5155745,3953,40.58899688720703
1771777954.3498542,3954,23.474292755126953
1771777964.845273,3955,44.23883819580078
1771777974.6897721,3956,52.856842041015625
1771777975.3786335,3957,34.979209899902344
1771777975.5660563,3958,270.54345703125
1771777981.8723526,3959,42.65214538574219
1771777987.5093908,3960,34.593746185302734
1771777987.8308609,3961,111.85964965820312
1771777992.7166634,3962,32.20149230957031
1771777995.7928543,3963,37.522003173828125
1771777999.7394462,3964,20.535045623779297
1771778008.724339,3965,54.66604232788086
1771778015.048853,3966,43.76776885986328
1771778018.2200642,3967,57.480384826660156
1771778018.9884043,3968,63.143863677978516
1771778026.5044847,3969,36.226341247558594
1771778032.4269602,3970,58.96717071533203
1771778040.5518417,3971,58.961299896240234
1771778044.9722319,3972,86.53802490234375
1771778054.0240269,3973,48.13859939575195
1771778054.8074884,3974,27.23275375366211
1771778060.4983213,3975,48.54269027709961
1771778060.8193665,3976,15.01046085357666
1771778069.2982333,3977,41.658531188964844
1771778071.9959667,3978,24.500308990478516
1771778082.1580398,3979,36.75233459472656
1771778083.0321882,3980,8.346067428588867
1771778086.4159157,3981,61.35751724243164
1771778086.674772,3982,18.093828201293945
1771778090.3786693,3983,50.79645919799805
1771778102.6840296,3984,41.91950225830078
1771778110.257244,3985,42.532859802246094
1771778114.1550198,3986,45.33141326904297
1771778119.5331402,3987,42.081180572509766
1771778127.297008,3988,43.53572463989258
1771778128.7212799,3989,34.80264663696289
1771778130.1349154,3990,27.69895362854004
1771778130.5380805,3991,17.23103904724121
1771778141.833668,3992,52.05168533325195
1771778223.760937,3993,51.589599609375
1771778228.1414535,3994,56.38468551635742
1771778228.269872,3995,42.401878356933594
1771778228.4629698,3996,23.300811767578125
1771778233.5311394,3997,43.29050827026367
1771778233.6570961,3998,9.009565353393555
1771778233.9054482,3999,16.550777435302734
1771778239.3454294,4000,41.06557846069336
1771778243.1509156,4001,40.00556564331055
1771778243.4909751,4002,88.6079330444336
1771778246.4588537,4003,36.35801696777344
1771778248.5845304,4004,47.429080963134766
1771778249.0519457,4005,17.6866455078125
1771778251.739295,4006,54.40022659301758
1771778253.4409883,4007,62.51487731933594
1771778253.5797625,4008,7.793923377990723
1771778257.8494756,4009,41.489898681640625
1771778261.5842347,4010,39.59251403808594
1771778270.7728431,4011,49.800052642822266
1771778274.2984717,4012,43.812767028808594
1771778289.3236272,4013,44.30678939819336
1771778297.815114,4014,54.30325698852539
1771778301.1672885,4015,57.39101791381836
1771778307.0909467,4016,48.241355895996094
1771778307.706651,4017,131.0613555908203
1771778309.4692545,4018,36.3885612487793
1771778314.313552,4019,34.360721588134766
1771778321.1703389,4020,35.70735549926758
1771778325.3990045,4021,70.49272918701172
1771778327.0244167,4022,53.64134979248047
1771778330.3839862,4023,30.30834197998047
1771778330.5093398,4024,55.46243667602539
1771778337.4338212,4025,27.923166275024414
1771778338.7476814,4026,17.912748336791992
1771778345.777667,4027,58.794734954833984
1771778350.0884695,4028,59.90170669555664
1771778351.3394365,4029,54.598846435546875
1771778353.9081507,4030,51.033084869384766
1771778357.1146832,4031,57.730812072753906
1771778359.3366485,4032,37.60075378417969
1771778360.3597612,4033,23.588228225708008
1771778361.8655853,4034,17.441085815429688
1771778362.5560913,4035,24.790090560913086
1771778362.872806,4036,23.596023559570312
1771778368.2032464,4037,56.5246467590332
1771778371.728641,4038,38.24717712402344
1771778377.793374,4039,52.176937103271484
1771778381.3633142,4040,37.59367370605469
1771778383.916826,4041,49.70280838012695
1771778391.8361883,4042,45.02020263671875
1771778392.7532012,4043,91.11632537841797
1771778394.547343,4044,63.42969512939453
1771778398.676403,4045,53.96926498413086
1771778400.987572,4046,40.133941650390625
1771778411.4787998,4047,38.45685958862305
1771778411.6039376,4048,27.194568634033203
1771778416.6245728,4049,43.14054489135742
1771778424.7455854,4050,60.91535186767578
1771778435.2978218,4051,41.67070388793945
1771778435.733372,4052,14.212067604064941
1771778440.5599976,4053,38.62521743774414
1771778441.8154263,4054,44.06355667114258
1771778443.5326974,4055,69.1983642578125
1771778450.9029825,4056,38.28786087036133
1771778452.8455002,4057,64.20287322998047
1771778462.1983938,4058,44.45150375366211
1771778471.5805843,4059,43.16970443725586
1771778474.553525,4060,32.80855178833008
1771778475.8578274,4061,23.351417541503906
1771778480.473134,4062,35.681087493896484
1771778484.2510803,4063,72.72679901123047
1771778486.0572784,4064,32.20861053466797
1771778492.0825818,4065,57.70140838623047
1771778493.6497898,4066,49.39506530761719
1771778494.760006,4067,64.25214385986328
1771778496.82684,4068,38.13087463378906
1771778500.5377564,4069,58.58491897583008
1771778505.1480649,4070,51.28389358520508
1771778515.7633054,4071,58.532447814941406
1771778520.025655,4072,45.183555603027344
1771778528.5856586,4073,43.64599609375
1771778528.9942296,4074,96.44141387939453
1771778529.2658112,4075,19.239688873291016
1771778534.089099,4076,42.26179504394531
1771778541.4972496,4077,44.231468200683594
1771778609.6202166,4078,50.17713928222656
1771778610.1731133,4079,112.34526062011719
1771778613.1770298,4080,79.89269256591797
1771778619.3404777,4081,65.82725524902344
1771778622.8883364,4082,40.67656707763672
1771778625.1678054,4083,43.696712493896484
1771778627.0419328,4084,28.668302536010742
1771778627.1800752,4085,5.418564319610596
1771778627.307508,4086,25.975322723388672
1771778634.4978,4087,59.662784576416016
1771778636.0607412,4088,30.451574325561523
1771778639.9640508,4089,35.54127883911133
1771778640.2108033,4090,20.09366798400879
1771778641.388138,4091,20.944974899291992
1771778643.2491076,4092,17.107450485229492
1771778651.9656496,4093,50.712562561035156
1771778652.2811983,4094,13.108260154724121
1771778664.5922282,4095,49.52739334106445
1771778665.844271,4096,20.58985710144043
1771778677.2426941,4097,44.06287384033203
1771778679.6966882,4098,62.52841567993164
1771778686.9601197,4099,34.99501037597656
1771778687.0867796,4100,9.978013038635254
1771778688.2318041,4101,51.8221321105957
1771778689.523497,4102,61.13936233520508
1771778693.5298448,4103,46.68258285522461
1771778693.7815828,4104,12.60292911529541
1771778724.1074243,4105,48.46109390258789
1771778725.0491316,4106,54.13085174560547
1771778726.433848,4107,81.35233306884766
1771778727.4092817,4108,62.431785583496094
1771778731.530575,4109,54.56410598754883
1771778734.8108356,4110,18.58320426940918
1771778739.9175947,4111,80.445068359375
1771778740.1087728,4112,14.057964324951172
1771778743.8406467,4113,42.86427688598633
1771778748.4608536,4114,63.26108932495117
1771778752.4720109,4115,32.76847457885742
1771778757.0743675,4116,54.49515914916992
1771778763.3108668,4117,34.68025207519531
1771778764.6052907,4118,14.427879333496094
1771778767.6385336,4119,46.415802001953125
1771778770.3439631,4120,55.693878173828125
1771778773.7221847,4121,67.60626983642578
1771778777.277438,4122,59.09988784790039
1771778780.183861,4123,61.61723327636719
1771778788.795878,4124,45.9720344543457
1771778792.0809124,4125,62.158775329589844
1771778793.3859472,4126,67.33648681640625
1771778799.8001013,4127,62.546810150146484
1771778804.39101,4128,56.266056060791016
1771778808.1431453,4129,49.81665802001953
1771778810.7013268,4130,23.694976806640625
1771778815.7231777,4131,39.15304183959961
1771778824.762798,4132,42.2975959777832
1771778825.6492646,4133,56.62202835083008
1771778826.383466,4134,72.02228546142578
1771778828.074,4135,46.28776550292969
1771778846.1679256,4136,48.01042175292969
1771778848.5678005,4137,46.59282684326172
1771778850.1397874,4138,84.81539916992188
1771778853.7203767,4139,35.40458297729492
1771778861.7040634,4140,43.910301208496094
1771778861.8681629,4141,12.49869155883789
1771778872.6558707,4142,53.758731842041016
1771778879.1060562,4143,40.29605484008789
1771778879.8878887,4144,26.485027313232422
1771778880.0121868,4145,12.165287017822266
1771778895.2507768,4146,41.109859466552734
1771778898.8253903,4147,32.194061279296875
1771778898.9549923,4148,6.964077949523926
1771778903.3455591,4149,59.24412536621094
1771778907.3526406,4150,64.08527374267578
1771778909.29029,4151,89.31897735595703
1771778912.6223683,4152,60.0372428894043
1771778998.49736,4153,39.86629104614258
1771778999.2170584,4154,51.57445526123047
1771779000.490792,4155,75.70492553710938
1771779010.6483066,4156,44.14598846435547
1771779025.6232774,4157,45.4821662902832
1771779034.0971353,4158,36.382713317871094
1771779039.2265906,4159,52.76311492919922
1771779055.9816194,4160,40.43055725097656
1771779056.2396028,4161,16.310401916503906
1771779056.5624025,4162,111.4334487915039
1771779057.9994755,4163,62.5189208984375
1771779062.033243,4164,48.285743713378906
1771779070.6717758,4165,50.2304801940918
1771779075.122697,4166,52.39370346069336
1771779075.5165858,4167,258.27703857421875
1771779077.7747307,4168,53.5452995300293
1771779081.9649212,4169,39.14231872558594
1771779084.1547103,4170,50.21971130371094
1771779087.343308,4171,40.90314483642578
1771779089.685676,4172,40.1895866394043
1771779091.5325916,4173,79.9336929321289
1771779094.8162498,4174,51.839019775390625
1771779104.247193,4175,47.56420135498047
1771779112.272601,4176,57.49079513549805
1771779115.6001554,4177,46.99858093261719
1771779122.715876,4178,45.47573471069336
1771779123.2276957,4179,20.795440673828125
1771779124.6662526,4180,42.37196731567383
1771779139.4075806,4181,39.98796081542969
1771779139.5332634,4182,12.341836929321289
1771779142.009992,4183,64.66506958007812
1771779150.936678,4184,38.80604553222656
1771779154.7735975,4185,47.744895935058594
1771779177.259639,4186,52.01108932495117
1771779181.1994996,4187,57.12571716308594
1771779182.2220068,4188,77.87661743164062
1771779202.2630472,4189,46.31534194946289
1771779211.3493953,4190,47.06792449951172
1771779219.4935882,4191,58.5895881652832
1771779223.2245703,4192,60.144168853759766
1771779226.9037085,4193,71.45671081542969
1771779228.586951,4194,45.92852783203125
1771779234.7602615,4195,61.298370361328125
1771779235.321384,4196,30.802658081054688
1771779236.8863919,4197,71.16305541992188
1771779238.5697944,4198,69.9404525756836
1771779238.6984034,4199,14.931469917297363
1771779261.672819,4200,56.29125213623047
1771779270.0048683,4201,34.444889068603516
1771779276.24746,4202,42.45991516113281
1771779276.373594,4203,17.685955047607422
1771779277.583958,4204,18.90214729309082
1771779280.9374416,4205,45.717288970947266
1771779287.8323696,4206,65.14839935302734
1771779296.9766915,4207,48.55198669433594
1771779299.9943516,4208,52.19481658935547
1771779302.5519683,4209,53.37376022338867
1771779302.7380636,4210,3.8529131412506104
1771779308.7306998,4211,60.080650329589844
1771779352.9148319,4212,46.72859191894531
1771779358.938924,4213,43.147865295410156
1771779360.9830003,4214,34.8275146484375
1771779363.2102911,4215,62.708648681640625
1771779364.1476912,4216,61.133506774902344
1771779365.5068038,4217,15.633914947509766
1771779366.508116,4218,57.29545211791992
1771779367.045282,4219,48.85730743408203
1771779394.0120823,4220,50.92118453979492
1771779399.3160927,4221,39.708984375
1771779403.1643348,4222,34.85449981689453
1771779406.6481183,4223,57.34087371826172
1771779423.144032,4224,54.37310791015625
1771779423.982964,4225,24.03597640991211
1771779437.6253579,4226,63.34381103515625
1771779441.462741,4227,54.26800537109375
1771779447.7294197,4228,37.07124710083008
1771779460.1213489,4229,43.428401947021484
1771779460.3703709,4230,78.13382720947266
1771779468.6297913,4231,58.802207946777344
1771779484.3438947,4232,50.30409622192383
1771779488.1090817,4233,63.92118835449219
1771779495.9451783,4234,35.85894012451172
1771779500.192999,4235,47.67371368408203
1771779514.3686802,4236,60.70478820800781
1771779516.1446152,4237,30.12833023071289
1771779517.4671915,4238,21.88512420654297
1771779531.8224854,4239,55.806907653808594
1771779542.5673842,4240,52.11874008178711
1771779561.8474202,4241,47.80687713623047
1771779566.73942,4242,42.71065139770508
1771779582.7341623,4243,54.119075775146484
1771779586.3587627,4244,48.472923278808594
1771779586.851364,4245,32.505252838134766
1771779587.69942,4246,34.79518508911133
1771779590.8308954,4247,45.53973388671875
1771779595.3043532,4248,40.85834884643555
1771779597.9919205,4249,51.51708984375
1771779612.0494504,4250,49.49380111694336
1771779613.4041982,4251,50.08189392089844
1771779613.9215925,4252,45.22562789916992
1771779616.1297584,4253,52.55390167236328
1771779630.9355237,4254,51.0836181640625
1771779631.061076,4255,152.7762451171875
1771779639.438855,4256,59.59443283081055
1771779643.2446659,4257,52.04670715332031
1771779650.8441443,4258,60.88444519042969
1771779663.7687006,4259,50.67885208129883
1771779665.3859758,4260,47.835445404052734
1771779672.8878984,4261,54.06320571899414
1771779679.1483235,4262,37.980159759521484
1771779698.9635942,4263,21.318714141845703
1771779713.1674004,4264,65.21214294433594
1771779733.5451758,4265,52.36940002441406
1771779735.3463051,4266,41.559295654296875
1771779735.533191,4267,12.937175750732422
1771779736.8822868,4268,16.95516586303711
1771779743.08239,4269,48.21379852294922
1771779745.8018103,4270,66.40415954589844
1771779745.9308085,4271,8.950813293457031
1771779747.6606271,4272,19.534303665161133
1771779747.85299,4273,14.113822937011719
1771779758.9979413,4274,50.10026931762695
1771779768.6832464,4275,56.641944885253906
1771779779.4088345,4276,47.438724517822266
1771779787.1927614,4277,62.1435546875
1771779802.5295167,4278,43.73820114135742
1771779810.7401836,4279,62.97095489501953
1771779817.4327126,4280,48.833309173583984
1771779819.148568,4281,33.90343475341797
1771779832.583048,4282,48.51803970336914
1771779834.1937225,4283,82.38052368164062
1771779840.6903257,4284,54.87574005126953
1771779845.5797966,4285,50.945068359375
1771779851.4020665,4286,67.69261932373047
1771779865.1227186,4287,42.14826202392578
1771779872.4255335,4288,68.11724853515625
1771779878.8575363,4289,42.815521240234375
1771779880.8391836,4290,35.17400360107422
1771779882.7732465,4291,64.59951782226562
1771779882.8975844,4292,10.97404956817627
1771779883.0233665,4293,82.55052185058594
1771779887.9590497,4294,78.62287902832031
1771779888.0866184,4295,5.654740333557129
1771779892.217429,4296,68.29425811767578
1771779893.1731348,4297,51.172271728515625
1771779896.568415,4298,42.012237548828125
1771779896.695148,4299,13.823309898376465
1771779901.940896,4300,52.39179229736328
1771779907.6020834,4301,36.549442291259766
1771779916.0767782,4302,48.312477111816406
1771779917.5076745,4303,64.3619613647461
1771779924.1847775,4304,30.870847702026367
1771779924.3068457,4305,316.7478332519531
1771779927.4691088,4306,40.16028594970703
1771779931.7700276,4307,58.30436706542969
1771779942.9721966,4308,50.64136505126953
1771779946.158053,4309,53.16289138793945
1771779959.5277169,4310,54.004947662353516
1771779962.554181,4311,44.58028793334961
1771779962.9467816,4312,71.91063690185547
1771779963.7634437,4313,70.24710845947266
1771779966.3478613,4314,74.55342864990234
1771779980.3734434,4315,45.10380935668945
1771779981.7048028,4316,40.89196014404297
1771779990.4876409,4317,49.981380462646484
1771780002.4524167,4318,52.976463317871094
1771780010.9323037,4319,60.762168884277344
1771780012.8612893,4320,53.55198669433594
1771780014.8951173,4321,37.962799072265625
1771780020.2499814,4322,50.11090850830078
1771780023.661469,4323,45.085567474365234
1771780079.0234437,4324,18.158084869384766
1771780091.548342,4325,36.253883361816406
1771780091.9953704,4326,10.113584518432617
1771780092.7094238,4327,40.672142028808594
1771780093.1481,4328,54.620731353759766
1771780111.3239338,4329,43.80781555175781
1771780116.380948,4330,43.90860366821289
1771780118.9922419,4331,54.45366668701172
1771780120.2073197,4332,56.154014587402344
1771780122.4560435,4333,63.80846405029297
1771780122.5811129,4334,36.404876708984375
1771780122.7065573,4335,7.584792137145996
1771780129.949028,4336,53.85356903076172
1771780133.3021405,4337,48.31459045410156
1771780149.232786,4338,57.70453643798828
1771780149.4237185,4339,8.253800392150879
1771780151.3822758,4340,39.634281158447266
1771780151.9491217,4341,36.35232925415039
1771780152.6253045,4342,126.6688461303711
1771780170.1241639,4343,55.24047088623047
1771780175.8909433,4344,61.866676330566406
1771780178.8126926,4345,81.68791198730469
1771780182.4858315,4346,81.12273406982422
1771780182.877867,4347,34.76152801513672
1771780187.2723806,4348,32.26366424560547
1771780204.5197957,4349,48.766510009765625
1771780206.5558605,4350,36.485843658447266
1771780210.82991,4351,67.72084045410156
1771780215.95584,4352,38.6517219543457
1771780218.7973623,4353,38.08023452758789
1771780221.545446,4354,44.557640075683594
1771780225.181977,4355,48.442230224609375
1771780244.490726,4356,49.73295593261719
1771780245.5289886,4357,37.916996002197266
1771780246.0924864,4358,18.26445770263672
1771780246.80275,4359,102.86638641357422
1771780248.4063485,4360,17.998140335083008
1771780254.637336,4361,66.89066314697266
1771780265.3726692,4362,57.58608627319336
1771780267.7640584,4363,80.69534301757812
1771780287.071229,4364,52.684600830078125
1771780287.2119768,4365,15.458523750305176
1771780298.8922334,4366,57.88935089111328
1771780299.0861347,4367,15.587930679321289
1771780320.7441409,4368,52.78417205810547
1771780323.018973,4369,62.972469329833984
1771780327.276168,4370,54.192848205566406
1771780330.097793,4371,70.17654418945312
1771780339.7928662,4372,60.601593017578125
1771780339.9173484,4373,97.91526794433594
1771780344.989014,4374,42.814327239990234
1771780350.7467237,4375,58.68722152709961
1771780353.9636695,4376,40.579044342041016
1771780355.052507,4377,52.077476501464844
1771780359.53244,4378,56.70949172973633
1771780359.6604176,4379,44.434326171875
1771780374.6196713,4380,50.37022399902344
1771780374.7439044,4381,402.634521484375
1771780376.3943734,4382,88.5178451538086
1771780380.5619938,4383,62.157527923583984
1771780402.066337,4384,56.91407775878906
1771780404.6372113,4385,105.68830108642578
1771780433.0689077,4386,51.04874801635742
1771780434.8738217,4387,33.873863220214844
1771780435.2434955,4388,13.555212020874023
1771780435.6931484,4389,26.932241439819336
1771780435.8190804,4390,8.945164680480957
1771780435.9462485,4391,26.436635971069336
1771780439.738705,4392,62.67462158203125
1771780443.2799878,4393,54.866455078125
1771780443.6053686,4394,101.62393188476562
1771780445.0485303,4395,66.06688690185547
1771780448.274275,4396,44.87031936645508
1771780466.6463604,4397,56.29058837890625
1771780468.7111557,4398,40.71467208862305
1771780468.8433723,4399,272.5418701171875
1771780468.970882,4400,6.948037147521973
1771780472.7923257,4401,51.08099365234375
1771780478.395264,4402,45.638465881347656
1771780479.5329518,4403,28.857465744018555
1771780483.512932,4404,41.289573669433594
1771780490.7742813,4405,58.00746154785156
1771780500.5597794,4406,80.28998565673828
1771780501.260791,4407,18.008228302001953
1771780506.8385348,4408,62.684532165527344
1771780508.9348323,4409,71.05550384521484
1771780510.2957854,4410,31.696109771728516
1771780511.0587654,4411,86.41429901123047
1771780516.9435568,4412,50.91191482543945
1771780518.393832,4413,24.96842384338379
1771780523.5752137,4414,66.31144714355469
1771780534.159088,4415,56.57163619995117
1771780534.684563,4416,90.59332275390625
1771780543.3040297,4417,49.91581344604492
1771780554.503752,4418,55.36381912231445
1771780565.2285967,4419,66.23332214355469
1771780574.1945517,4420,48.821720123291016
1771780577.3900447,4421,67.91366577148438
1771780580.9252152,4422,39.35854721069336
1771780581.047556,4423,19.981630325317383
1771780584.445364,4424,58.09761428833008
1771780590.6493857,4425,48.80533218383789
1771780601.8982208,4426,69.1982650756836
1771780613.5210204,4427,59.83224105834961
1771780644.2475026,4428,54.883907318115234
1771780645.41967,4429,78.94332885742188
1771780646.641254,4430,38.50534439086914
1771780649.6246395,4431,74.58133697509766
1771780649.9485002,4432,45.938148498535156
1771780651.033756,4433,27.433032989501953
1771780651.795513,4434,58.45528793334961
1771780673.5765123,4435,52.99314880371094
1771780693.3553452,4436,63.79166030883789
1771780698.0040414,4437,49.626976013183594
1771780700.5416007,4438,50.11473083496094
1771780707.8163943,4439,76.81945037841797
1771780730.4893563,4440,57.95771789550781
1771780730.6775906,4441,35.472259521484375
1771780737.3997376,4442,72.69601440429688
1771780742.9411595,4443,52.01518249511719
1771780756.648842,4444,64.04349517822266
1771780812.8820536,4445,49.104652404785156
1771780816.3064258,4446,57.14389419555664
1771780820.0340242,4447,47.06689453125
1771780821.8482568,4448,47.052391052246094
1771780824.7397394,4449,44.62114334106445
1771780825.6247706,4450,79.91629028320312
1771780825.749353,4451,15.686203002929688
1771780830.7420478,4452,52.74033737182617
1771780831.8154247,4453,32.9570426940918
1771780839.9157538,4454,59.99714279174805
1771780845.6504993,4455,62.63703536987305
1771780848.5411193,4456,44.392478942871094
1771780858.6101406,4457,66.10395812988281
1771780859.0671792,4458,76.18254089355469
1771780869.525416,4459,73.44058990478516
1771780870.8018508,4460,19.659265518188477
1771780870.9265308,4461,120.22809600830078
1771780874.7020187,4462,48.867801666259766
1771780877.9393914,4463,65.90858459472656
1771780887.2531934,4464,76.90145874023438
1771780890.3223734,4465,64.52256774902344
1771780901.3316047,4466,54.7623176574707
1771780905.5780232,4467,65.39320373535156
1771780924.8479679,4468,66.95206451416016
1771780928.2790635,4469,100.77428436279297
1771780961.6135135,4470,58.466575622558594
1771780961.7404563,4471,3.748394012451172
1771780961.8699129,4472,12.741518020629883
1771780963.4165692,4473,61.86895751953125
1771780971.6263576,4474,53.22315216064453
1771780987.887147,4475,56.008907318115234
1771780991.546805,4476,67.87239074707031
1771780991.672608,4477,16.370630264282227
1771780991.7998574,4478,40.74797058105469
1771780995.6594365,4479,77.96756744384766
1771780995.977473,4480,32.95127868652344
1771781002.2937975,4481,82.51023864746094
1771781003.8850584,4482,68.53662109375
1771781004.1096241,4483,13.181482315063477
1771781011.2124221,4484,73.5746078491211
1771781028.011233,4485,56.843780517578125
1771781031.7203672,4486,54.19779968261719
1771781031.9839225,4487,61.20736312866211
1771781033.724945,4488,69.97303771972656
1771781034.4834628,4489,101.33794403076172
1771781036.5187004,4490,39.932159423828125
1771781036.6526616,4491,28.232526779174805
1771781051.1752756,4492,58.69906234741211
1771781053.4263048,4493,36.275306701660156
1771781054.791775,4494,49.12300109863281
1771781058.6184695,4495,57.01812744140625
1771781063.301201,4496,34.16061019897461
1771781074.0234015,4497,57.90916442871094
1771781074.156675,4498,242.7044677734375
1771781089.3887277,4499,61.53266525268555
1771781094.8426154,4500,45.32595443725586
1771781101.1971018,4501,73.4263916015625
1771781104.743148,4502,50.198307037353516
1771781107.6398885,4503,80.9928970336914
1771781110.8502645,4504,105.51496124267578
1771781112.5300212,4505,67.943115234375
1771781115.2339835,4506,69.40119171142578
1771781120.0397174,4507,54.35813903808594
1771781140.083936,4508,58.18547821044922
1771781182.2813873,4509,60.53738784790039
1771781184.7912488,4510,61.89653396606445
1771781188.8741393,4511,47.50823211669922
1771781199.060798,4512,60.00364303588867
1771781233.9722035,4513,60.01261901855469
1771781236.3084774,4514,118.29043579101562
1771781246.0058417,4515,57.712589263916016
1771781255.0005014,4516,54.90621566772461
1771781255.1637354,4517,7.358233451843262
1771781255.691293,4518,20.830827713012695
1771781261.1372309,4519,67.59952545166016
1771781262.0661674,4520,60.643394470214844
1771781268.5229878,4521,52.856658935546875
1771781269.2691572,4522,50.3476676940918
1771781273.011731,4523,66.85881042480469
1771781273.1385374,4524,8.809526443481445
1771781285.7530937,4525,60.98067855834961
1771781296.1370516,4526,52.81386184692383
1771781303.7367935,4527,76.31935119628906
1771781312.2730532,4528,44.82099533081055
1771781313.5588617,4529,101.25575256347656
1771781318.732622,4530,63.36933898925781
1771781325.11709,4531,55.80953598022461
1771781327.3413136,4532,66.06932067871094
1771781329.082449,4533,93.29210662841797
1771781338.8666909,4534,64.47830963134766
1771781342.138262,4535,33.87389373779297
1771781343.2740638,4536,72.11756134033203
1771781343.4027624,4537,32.98265838623047
1771781351.225273,4538,81.13007354736328
1771781359.2209795,4539,66.82364654541016
1771781360.4613483,4540,24.591100692749023
1771781363.3798273,4541,72.3820571899414
1771781363.5013914,4542,28.305377960205078
1771781365.496364,4543,67.52037811279297
1771781369.7106667,4544,95.37052917480469
1771781373.3579175,4545,67.85954284667969
1771781377.4585016,4546,65.45922088623047
1771781381.2861624,4547,48.62147521972656
1771781381.4197526,4548,8.73149585723877
1771781386.185277,4549,58.371578216552734
1771781393.036666,4550,84.16970825195312
1771781396.6516824,4551,56.607330322265625
1771781406.4484746,4552,67.03144073486328
1771781415.8342159,4553,75.73136901855469
1771781415.9592044,4554,8.228226661682129
1771781418.8870745,4555,68.6238021850586
1771781422.224387,4556,71.66226959228516
1771781434.5505137,4557,66.20757293701172
1771781444.3945987,4558,67.8661880493164
1771781448.4596946,4559,60.2979621887207
1771781448.589208,4560,13.643500328063965
1771781458.1252117,4561,78.0607681274414
1771781469.047851,4562,71.65404510498047
1771781470.7919812,4563,19.009828567504883
1771781471.0569906,4564,19.696298599243164
1771781475.417978,4565,70.43196868896484
1771781480.4891686,4566,100.35723114013672
1771781484.402562,4567,67.72181701660156
1771781487.161614,4568,48.70451354980469
1771781488.5630755,4569,69.2490005493164
1771781491.3726587,4570,51.073726654052734
1771781491.5012708,4571,66.97667694091797
1771781497.1729782,4572,66.27918243408203
1771781546.8758996,4573,70.88216400146484
1771781553.9659998,4574,46.53421401977539
1771781554.0924227,4575,16.008159637451172
1771781554.219769,4576,76.70426177978516
1771781569.2921119,4577,57.595977783203125
1771781570.909995,4578,56.95124053955078
1771781572.6997256,4579,74.34515380859375
1771781576.1866314,4580,87.97898864746094
1771781589.0991557,4581,65.98465728759766
1771781597.6804364,4582,66.90690612792969
1771781599.1468987,4583,87.74321746826172
1771781603.0802696,4584,58.219051361083984
1771781604.2735856,4585,71.11228942871094
1771781607.8861873,4586,86.5916976928711
1771781618.540477,4587,61.24737548828125
1771781644.274762,4588,70.15150451660156
1771781644.6658905,4589,62.59333038330078
1771781652.8561926,4590,74.85185241699219
1771781652.9806695,4591,51.86553955078125
1771781653.8197134,4592,81.33826446533203
1771781657.2019954,4593,67.73438262939453
1771781660.1300418,4594,90.12202453613281
1771781664.263159,4595,54.719642639160156
1771781672.3159413,4596,65.81309509277344
1771781674.9320068,4597,52.786842346191406
1771781676.226414,4598,134.80747985839844
1771781678.690923,4599,71.74247741699219
1771781693.7225332,4600,65.78349304199219
1771781705.017857,4601,66.4034652709961
1771781706.1412172,4602,55.55233383178711
1771781706.6580017,4603,30.411876678466797
1771781708.0274532,4604,64.1510009765625
1771781713.206006,4605,68.7225112915039
1771781719.4525502,4606,62.193748474121094
1771781719.577604,4607,12.607223510742188
1771781723.5357559,4608,75.61624908447266
1771781724.176724,4609,88.95481872558594
1771781727.5373173,4610,51.599769592285156
1771781727.7284062,4611,18.559551239013672
1771781728.736819,4612,29.83266258239746
1771781729.5543375,4613,79.30194091796875
1771781732.1765501,4614,63.08843231201172
1771781740.0581117,4615,89.45079803466797
1771781743.54777,4616,87.63826751708984
1771781749.7394462,4617,73.6463394165039
1771781752.59863,4618,64.49407196044922
1771781764.8102567,4619,74.82339477539062
1771781774.2624898,4620,77.22357177734375
1771781775.1535969,4621,61.093284606933594
1771781792.5703118,4622,68.53671264648438
1771781811.736608,4623,73.36759185791016
1771781813.851427,4624,41.41018295288086
1771781821.1109598,4625,67.67636108398438
1771781823.3384948,4626,90.906005859375
1771781825.675268,4627,86.86239624023438
1771781827.2851763,4628,54.907527923583984
1771781830.6012073,4629,28.357913970947266
1771781838.4426804,4630,69.39105224609375
1771781838.5722136,4631,437.6707763671875
1771781838.7646065,4632,13.834636688232422
1771781844.2111135,4633,89.12237548828125
1771781850.0943866,4634,66.12576293945312
1771781852.7817771,4635,101.7564468383789
1771781857.493076,4636,88.24419403076172
1771781866.0385573,4637,76.03414154052734
1771781873.9678123,4638,70.69256591796875
1771781909.5572472,4639,65.00482940673828
1771781915.4495225,4640,56.40361785888672
1771781917.5481951,4641,73.32827758789062
1771781917.6769571,4642,50.99870300292969
1771781930.4164562,4643,77.99835968017578
1771781930.6062593,4644,13.566047668457031
1771781930.926843,4645,151.07101440429688
1771781936.081586,4646,57.20488357543945
1771781936.2078202,4647,17.65884780883789
1771781946.6761405,4648,96.5405502319336
1771781948.5190265,4649,69.29722595214844
1771781948.6526763,4650,12.942390441894531
1771781950.1727836,4651,53.27363586425781
1771781950.2966943,4652,13.628891944885254
1771781962.900355,4653,74.15705871582031
1771781963.025034,4654,13.709314346313477
1771781964.7938552,4655,93.31153106689453
1771781971.2186077,4656,58.40563201904297
1771781973.458806,4657,70.13735961914062
1771781982.075662,4658,60.861637115478516
1771781992.981255,4659,96.81379699707031
1771781993.1045294,4660,370.80059814453125
1771781994.9531763,4661,88.51165771484375
1771781998.3684132,4662,77.48336029052734
1771782018.7327697,4663,86.49617767333984
1771782018.861691,4664,36.12786102294922
1771782019.1243486,4665,26.118425369262695
1771782035.3830462,4666,82.16493225097656
1771782043.5102885,4667,85.32848358154297
1771782043.8421168,4668,59.184696197509766
1771782051.8327847,4669,94.39087677001953
1771782056.6408825,4670,81.36407470703125
1771782061.6411045,4671,55.61116027832031
1771782065.5178046,4672,104.33076477050781
1771782077.1388514,4673,92.30794525146484
1771782077.4563978,4674,24.36266326904297
1771782084.174183,4675,66.93914794921875
1771782090.4174435,4676,77.72970581054688
1771782096.2093842,4677,86.92180633544922
1771782100.5257268,4678,59.03977966308594
1771782100.7689567,4679,21.698179244995117
1771782102.3803008,4680,50.046566009521484
1771782105.659591,4681,51.31693649291992
1771782108.3072808,4682,38.43022537231445
1771782113.9122741,4683,89.31246948242188
1771782115.5041406,4684,81.86661529541016
1771782119.4338682,4685,79.30084228515625
1771782125.6165867,4686,66.93472290039062
1771782136.7314773,4687,91.93989562988281
1771782143.37278,4688,103.812744140625
1771782152.5862055,4689,103.25286865234375
1771782167.5145872,4690,85.68856811523438
1771782172.9146206,4691,51.66456604003906
1771782173.0384507,4692,148.88027954101562
1771782175.6916847,4693,107.8490982055664
1771782175.8199122,4694,20.78113555908203
1771782179.8369124,4695,75.7605972290039
1771782182.8287446,4696,80.73682403564453
1771782184.0173044,4697,145.55543518066406
1771782195.2080352,4698,88.18367004394531
1771782195.3394914,4699,56.583168029785156
1771782201.771653,4700,92.12273406982422
1771782213.3846717,4701,87.04835510253906
1771782217.9435306,4702,82.09430694580078
1771782221.967132,4703,78.82014465332031
1771782231.2405658,4704,76.49718475341797
1771782299.7670074,4705,88.68821716308594
1771782300.258166,4706,62.71175003051758
1771782306.0578616,4707,109.09272766113281
1771782306.324408,4708,38.91248321533203
1771782306.5787823,4709,53.42374038696289
1771782312.539576,4710,78.51189422607422
1771782316.1135201,4711,80.00128936767578
1771782331.2843556,4712,84.78577423095703
1771782332.8238642,4713,48.310184478759766
1771782340.763772,4714,94.0887451171875
1771782351.2237258,4715,93.6005630493164
1771782357.1089106,4716,72.19742584228516
1771782361.6464903,4717,81.30865478515625
1771782362.0281153,4718,93.36089324951172
1771782366.3481815,4719,96.65039825439453
1771782370.8406549,4720,68.73031616210938
1771782371.0229163,4721,75.30010986328125
1771782376.240898,4722,113.80802154541016
1771782381.1920524,4723,94.78529357910156
1771782385.081289,4724,87.19153594970703
1771782401.4890013,4725,97.01078033447266
1771782403.3973181,4726,69.52470397949219
1771782406.5455155,4727,68.31396484375
1771782414.0367942,4728,77.57759094238281
1771782434.625039,4729,81.8677749633789
1771782445.1081524,4730,87.55245971679688
1771782446.6577554,4731,91.8021240234375
1771782449.050048,4732,75.11690521240234
1771782451.837143,4733,88.68595886230469
1771782453.2865849,4734,75.54395294189453
1771782453.751851,4735,65.32164764404297
1771782456.8567433,4736,79.28014373779297
1771782459.6415744,4737,76.84855651855469
1771782467.528119,4738,96.50243377685547
1771782468.279776,4739,100.9725341796875
1771782474.0976977,4740,85.79312133789062
1771782476.1231472,4741,66.53111267089844
1771782482.163119,4742,113.05557250976562
1771782486.7700338,4743,77.3045883178711
1771782501.265121,4744,96.49751281738281
1771782502.2810733,4745,120.79950714111328
1771782507.2865937,4746,101.57785034179688
1771782510.65761,4747,113.98194122314453
1771782515.850102,4748,83.45178985595703
1771782517.367901,4749,45.726356506347656
1771782534.6756134,4750,94.40116119384766
1771782539.982265,4751,111.30406188964844
1771782544.5913196,4752,78.30287170410156
1771782545.0195634,4753,93.77740478515625
1771782551.1517186,4754,140.20741271972656
1771782554.4173481,4755,72.74177551269531
1771782559.1949143,4756,80.06832885742188
1771782563.0661697,4757,108.54349517822266
1771782565.8419693,4758,99.60999298095703
1771782565.9669473,4759,27.830459594726562
1771782573.3650053,4760,69.39647674560547
1771782573.6837003,4761,106.07994079589844
1771782573.8085668,4762,13.077789306640625
1771782579.2384145,4763,83.30126190185547
1771782579.6272526,4764,59.410491943359375
1771782586.0612285,4765,83.84397888183594
1771782587.553806,4766,79.81924438476562
1771782590.0674927,4767,99.0827865600586
1771782598.5783744,4768,87.00370788574219
1771782603.1576269,4769,90.8681640625
1771782604.4393587,4770,138.7657012939453
1771782607.6028624,4771,100.916748046875
1771782611.361339,4772,116.51294708251953
1771782625.0752676,4773,59.21239471435547
1771782655.5924473,4774,68.13137817382812
1771782656.6515946,4775,41.08524703979492
1771782656.781601,4776,35.09315872192383
1771782656.9097054,4777,47.457496643066406
1771782658.429769,4778,132.31344604492188
1771782660.694843,4779,120.68356323242188
1771782662.6574495,4780,48.64802169799805
1771782666.9986055,4781,74.39986419677734
1771782667.1846488,4782,48.4378662109375
1771782667.3099902,4783,47.166748046875
1771782668.7279618,4784,61.09774398803711
1771782668.9105535,4785,17.573184967041016
1771782675.544583,4786,84.34762573242188
1771782676.0719151,4787,51.394920349121094
1771782684.6203175,4788,105.5830078125
1771782690.8275669,4789,113.27802276611328
1771782690.9565153,4790,12.002513885498047
1771782706.3058572,4791,81.43451690673828
1771782712.3437762,4792,67.74099731445312
1771782712.4703157,4793,13.242738723754883
1771782715.4790637,4794,112.74620056152344
1771782722.5782166,4795,85.7276840209961
1771782728.4019284,4796,73.52790069580078
1771782728.9078252,4797,66.15556335449219
1771782731.4978442,4798,134.24066162109375
1771782732.2107897,4799,66.87709045410156
1771782737.2731051,4800,121.80690002441406
1771782740.923047,4801,70.83850860595703
1771782741.0486758,4802,31.74066162109375
1771782741.1760702,4803,21.818050384521484
1771782743.1602747,4804,80.24972534179688
1771782747.0170085,4805,115.93801879882812
1771782747.8287346,4806,171.96522521972656
1771782749.474122,4807,133.34495544433594
1771782749.7158837,4808,167.35977172851562
1771782751.5461233,4809,77.95664978027344
1771782759.8032706,4810,104.5780029296875
1771782771.4681811,4811,92.12802124023438
1771782776.411701,4812,111.17974090576172
1771782776.7249045,4813,74.82471466064453
1771782795.6745224,4814,103.36295318603516
1771782797.831712,4815,98.22604370117188
1771782799.54468,4816,120.7959213256836
1771782802.7398798,4817,115.85112762451172
1771782804.3444362,4818,94.22236633300781
1771782805.5288172,4819,122.9762191772461
1771782809.0181375,4820,122.27777099609375
1771782809.4008677,4821,51.3723030090332
1771782814.8717291,4822,115.09440612792969
1771782827.4046762,4823,109.40280151367188
1771782831.4106593,4824,51.05825424194336
1771782833.7458744,4825,113.34967041015625
1771782833.8700333,4826,101.00381469726562
1771782836.8396518,4827,73.89656829833984
1771782842.5780916,4828,84.97608947753906
1771782844.3694642,4829,70.72607421875
1771782855.3481345,4830,101.82620239257812
1771782855.6678052,4831,324.0695495605469
1771782862.2638872,4832,72.60359191894531
1771782863.306738,4833,44.16362762451172
1771782869.1400852,4834,100.92547607421875
1771782874.489451,4835,91.46807098388672
1771782880.5967333,4836,103.77455139160156
1771782896.944246,4837,99.59891510009766
1771782900.3348343,4838,92.80640411376953
1771782903.7300117,4839,98.86105346679688
1771782912.4353535,4840,102.66868591308594
1771782916.2578228,4841,92.08956909179688
1771782916.6377406,4842,34.72320556640625
1771782917.6338747,4843,159.5522918701172
1771782918.2980344,4844,76.16263580322266
1771782920.730534,4845,71.61106872558594
1771782923.3888562,4846,81.8628158569336
1771782923.5138032,4847,8.941699981689453
1771782924.8434997,4848,102.05323028564453
1771782927.8136363,4849,114.27165985107422
1771782929.0688584,4850,94.4451675415039
1771782939.9459455,4851,104.19788360595703
1771782948.054393,4852,113.99693298339844
1771782950.896924,4853,71.78173828125
1771782956.8890173,4854,121.69318389892578
1771782960.818791,4855,108.54450225830078
1771782962.9497616,4856,118.73542022705078
1771782963.0841954,4857,29.639923095703125
1771782966.898285,4858,93.60324096679688
1771782975.726245,4859,94.62196350097656
1771782979.2782567,4860,114.21517181396484
1771783016.154749,4861,78.84178161621094
1771783016.5633245,4862,65.62784576416016
1771783025.1600268,4863,118.23324584960938
1771783025.6135035,4864,126.59191131591797
1771783028.4061537,4865,91.55252075195312
1771783031.7684026,4866,97.55286407470703
1771783031.8936896,4867,25.34416961669922
1771783032.6927094,4868,74.45884704589844
1771783033.4349892,4869,39.2371826171875
1771783039.3836923,4870,116.9111099243164
1771783046.252254,4871,81.98270416259766
1771783049.144936,4872,112.46546173095703
1771783052.8388476,4873,106.08849334716797
1771783059.7817605,4874,110.26045989990234
1771783062.0947602,4875,89.11238861083984
1771783063.5741317,4876,99.19781494140625
1771783076.4861417,4877,121.4729232788086
1771783080.5266695,4878,111.75473022460938
1771783084.6942036,4879,110.60037231445312
1771783091.516277,4880,90.7203140258789
1771783091.8317187,4881,22.291017532348633
1771783093.6547847,4882,126.52761840820312
1771783094.8677917,4883,96.18071746826172
1771783113.0954723,4884,107.04415130615234
1771783115.1164606,4885,100.00286865234375
1771783115.662025,4886,151.8162841796875
1771783117.1228855,4887,85.36151885986328
1771783126.5487118,4888,87.26293182373047
1771783129.8037207,4889,152.18894958496094
1771783131.990738,4890,101.13320922851562
1771783132.1759582,4891,25.117063522338867
1771783137.3824205,4892,128.27755737304688
1771783138.4659019,4893,160.5028076171875
1771783138.6695738,4894,104.35076904296875
1771783138.929715,4895,190.39096069335938
1771783140.221183,4896,87.51476287841797
1771783144.6253352,4897,95.19902801513672
1771783169.4056559,4898,102.39029693603516
1771783172.747487,4899,70.73413848876953
1771783185.0742772,4900,116.24993133544922
1771783186.7036827,4901,85.52732849121094
1771783188.4686377,4902,62.35202407836914
1771783188.859183,4903,63.15485382080078
1771783199.8097098,4904,110.12312316894531
1771783202.9375348,4905,113.09284210205078
1771783205.1899621,4906,86.3090591430664
1771783207.8241088,4907,81.94171905517578
1771783209.4587002,4908,120.17891693115234
1771783210.700448,4909,49.36216354370117
1771783222.3612323,4910,81.52757263183594
1771783223.1287305,4911,199.0665740966797
1771783224.877154,4912,91.04096984863281
1771783227.5349774,4913,121.93885803222656
1771783234.5789127,4914,111.6162109375
1771783234.7032793,4915,17.838783264160156
1771783238.6095233,4916,109.518310546875
1771783243.7533283,4917,89.06973266601562
1771783257.2974534,4918,145.33181762695312
1771783263.566452,4919,77.89257049560547
1771783268.3808162,4920,102.11178588867188
1771783269.418565,4921,79.19503784179688
1771783274.7307715,4922,132.54129028320312
1771783277.192023,4923,165.45875549316406
1771783279.5856888,4924,99.97832489013672
1771783280.114579,4925,158.4458770751953
1771783283.8953698,4926,79.70095825195312
1771783287.8800046,4927,142.06166076660156
1771783294.1993577,4928,98.21543884277344
1771783299.244196,4929,119.55245208740234
1771783299.5728474,4930,164.5487518310547
1771783304.9694326,4931,106.65241241455078
1771783305.7470324,4932,112.83219909667969
1771783315.896496,4933,115.3556900024414
1771783316.117699,4934,59.71689987182617
1771783316.3702767,4935,22.19893455505371
1771783338.0946062,4936,113.09051513671875
1771783416.598987,4937,103.68730163574219
1771783426.4784715,4938,108.50320434570312
1771783429.9447434,4939,70.89097595214844
1771783430.0690439,4940,13.732915878295898
1771783431.3125272,4941,77.14081573486328
1771783431.9258788,4942,111.01625061035156
1771783434.5710824,4943,125.70685577392578
1771783454.3639593,4944,103.94346618652344
1771783461.2058191,4945,103.56021881103516
1771783462.2544882,4946,56.72207260131836
1771783463.234134,4947,50.45878219604492
1771783465.0704253,4948,123.84967041015625
1771783468.3374655,4949,93.37902069091797
1771783469.6528473,4950,76.4295883178711
1771783471.613049,4951,93.86788940429688
1771783481.6091943,4952,115.91728973388672
1771783484.7894976,4953,171.45314025878906
1771783488.1771028,4954,87.5669174194336
1771783496.5310588,4955,121.07083129882812
1771783498.3641853,4956,135.7250213623047
1771783500.3419855,4957,149.3214111328125
1771783501.835574,4958,148.56092834472656
1771783507.0182676,4959,144.3439178466797
1771783509.7165856,4960,82.84989166259766
1771783510.0355184,4961,216.7189483642578
1771783512.4642143,4962,110.00132751464844
1771783518.4803069,4963,132.43853759765625
1771783518.6753724,4964,23.903640747070312
1771783518.8019824,4965,85.18812561035156
1771783518.926525,4966,20.524036407470703
1771783523.5433831,4967,134.90756225585938
1771783524.7158961,4968,100.77779388427734
1771783526.4146593,4969,105.23420715332031
1771783530.9256876,4970,125.33424377441406
1771783531.0537128,4971,26.227128982543945
1771783547.8002565,4972,116.5652084350586
1771783556.5076644,4973,118.05590057373047
1771783557.7846904,4974,181.76490783691406
1771783558.2042046,4975,29.241008758544922
1771783560.1687882,4976,83.49864196777344
1771783566.823817,4977,115.85997009277344
1771783569.4580352,4978,108.0131607055664
1771783572.8869035,4979,77.87122344970703
1771783584.7621322,4980,119.67228698730469
1771783587.4835794,4981,90.30553436279297
1771783591.635732,4982,114.32013702392578
1771783595.818726,4983,135.17678833007812
1771783604.5832489,4984,103.80997467041016
1771783606.2177563,4985,62.98195266723633
1771783612.9710615,4986,126.32415008544922
1771783617.3551106,4987,132.59909057617188
1771783618.85002,4988,154.6719512939453
1771783625.5764394,4989,123.78321838378906
1771783628.6625693,4990,138.49403381347656
1771783632.0551906,4991,170.32420349121094
1771783635.5377746,4992,130.7080841064453
1771783638.7133482,4993,118.50146484375
1771783644.0018528,4994,127.3790283203125
1771783658.8275373,4995,124.6193618774414
1771783660.5576496,4996,161.28903198242188
1771783668.3927293,4997,120.97449493408203
1771783668.6571894,4998,19.733083724975586
1771783671.9543736,4999,144.77197265625
1771783674.9402854,5000,101.56153869628906
1771783675.2502875,5001,187.36968994140625
1771783676.7629058,5002,270.2881164550781
1771783680.1390815,5003,127.75348663330078
1771783680.267788,5004,17.82217025756836
1771783681.1067038,5005,127.02056121826172
1771783687.4724674,5006,116.24430084228516
1771783687.729079,5007,57.03831481933594
1771783694.4258459,5008,123.60990142822266
1771783694.6760216,5009,405.9708251953125
1771783698.216394,5010,144.29571533203125
1771783700.3923857,5011,114.7107162475586
1771783702.1315587,5012,175.5290985107422
1771783703.885529,5013,222.00218200683594
1771783706.4158406,5014,111.32698822021484
1771783714.647525,5015,125.48541259765625
1771783720.0284314,5016,152.09280395507812
1771783732.6943538,5017,151.2918701171875
1771783742.1557562,5018,143.54319763183594
1771783815.888352,5019,116.35536193847656
1771783818.2543864,5020,139.4429168701172
1771783818.6543212,5021,161.73565673828125
1771783826.3283594,5022,110.67630004882812
1771783829.371429,5023,96.3041763305664
1771783829.4952354,5024,24.010000228881836
1771783829.991634,5025,224.8666534423828
1771783847.024786,5026,154.38316345214844
1771783849.9186428,5027,130.68650817871094
1771783855.3447106,5028,147.01734924316406
1771783859.2173386,5029,96.02904510498047
1771783861.4258332,5030,208.33282470703125
1771783873.7375743,5031,115.58109283447266
1771783877.582833,5032,114.4781265258789
1771783879.4799583,5033,130.29660034179688
1771783884.0818424,5034,139.8834991455078
1771783888.705525,5035,123.57164764404297
1771783892.1540043,5036,195.49032592773438
1771783893.394635,5037,194.52639770507812
1771783893.6519344,5038,48.41613006591797
1771783897.31851,5039,93.13011932373047
1771783902.4525583,5040,127.5160903930664
1771783906.2354329,5041,140.41741943359375
1771783914.8699994,5042,115.49991607666016
1771783914.9971216,5043,28.42730712890625
1771783915.1228023,5044,72.09811401367188
1771783922.215491,5045,158.5412139892578
1771783925.4197123,5046,202.651611328125
1771783926.4233637,5047,115.49956512451172
1771783934.5620854,5048,134.683837890625
1771783942.4773815,5049,123.7645263671875
1771783948.5551643,5050,139.72003173828125
1771783948.684611,5051,127.85588073730469
1771783952.813254,5052,151.55545043945312
1771783957.355585,5053,164.85540771484375
1771783959.4366112,5054,191.14137268066406
1771783959.8349082,5055,96.73800659179688
1771783959.9587507,5056,99.56309509277344
1771783961.1381874,5057,172.9207000732422
1771783967.1504705,5058,134.7207794189453
1771783971.274615,5059,128.35113525390625
1771783971.4693344,5060,23.174043655395508
1771783978.8428254,5061,138.30496215820312
1771783979.1570294,5062,52.99656677246094
1771783985.434474,5063,160.19703674316406
1771783985.6175892,5064,68.23260498046875
1771783988.256817,5065,153.62591552734375
1771783990.0130875,5066,176.7036590576172
1771783993.1693878,5067,120.02247619628906
1771783993.2929227,5068,410.0855712890625
1771783995.303613,5069,109.27144622802734
1771784005.6817482,5070,116.67173767089844
1771784013.5797067,5071,140.21656799316406
1771784015.9602292,5072,107.19686889648438
1771784019.3473341,5073,116.98723602294922
1771784021.2497284,5074,142.7711944580078
1771784023.7370722,5075,122.30648803710938
1771784027.110593,5076,155.94053649902344
1771784027.3706946,5077,39.96881103515625
1771784031.8803246,5078,135.1963348388672
1771784034.0257542,5079,186.36903381347656
1771784037.488211,5080,242.8751678466797
1771784038.003795,5081,133.0060577392578
1771784038.1267667,5082,22.313369750976562
1771784038.2557561,5083,135.27932739257812
1771784044.1378834,5084,169.8117218017578
1771784047.3848364,5085,206.25146484375
1771784050.798719,5086,130.2475128173828
1771784054.2014499,5087,84.3655776977539
1771784061.8650382,5088,115.34378814697266
1771784063.2550733,5089,189.99710083007812
1771784068.727597,5090,104.49369812011719
1771784070.9049451,5091,156.47825622558594
1771784077.3659322,5092,131.74356079101562
1771784077.5520043,5093,36.901954650878906
1771784081.6711893,5094,107.52704620361328
1771784083.730749,5095,132.4761962890625
1771784087.2132816,5096,161.17967224121094
1771784091.4026282,5097,96.4301986694336
1771784096.6563663,5098,138.0286407470703
1771784105.5290525,5099,155.49777221679688
1771784110.471806,5100,146.9207000732422
1771784113.431007,5101,145.35499572753906
1771784118.4124887,5102,132.00758361816406
1771784118.5432942,5103,57.002620697021484
1771784122.7395058,5104,140.79225158691406
1771784134.0462472,5105,128.54249572753906
1771784222.6380396,5106,105.01876831054688
1771784229.3327434,5107,119.191650390625
1771784240.369559,5108,134.83885192871094
1771784241.105826,5109,122.32865905761719
1771784247.7089937,5110,124.60488891601562
1771784247.8520603,5111,60.473411560058594
1771784252.041736,5112,146.6452178955078
1771784254.8256202,5113,135.1170196533203
1771784257.9328456,5114,120.46949005126953
1771784258.6835237,5115,46.778533935546875
1771784258.8089323,5116,129.48126220703125
1771784260.2119648,5117,130.81100463867188
1771784266.2151368,5118,173.14537048339844
1771784266.4133117,5119,472.74462890625
1771784271.09283,5120,154.1332550048828
1771784286.6433446,5121,138.1098175048828
1771784291.606511,5122,164.072265625
1771784292.3026276,5123,118.84680938720703
1771784293.2271304,5124,129.51007080078125
1771784298.4873023,5125,134.87106323242188
1771784306.94165,5126,168.66592407226562
1771784307.3245256,5127,127.45990753173828
1771784309.6239018,5128,183.59730529785156
1771784320.615495,5129,139.2782745361328
1771784329.4978824,5130,105.1064224243164
1771784340.2683277,5131,142.63966369628906
1771784345.2411277,5132,120.76033020019531
1771784349.5617955,5133,118.2894287109375
1771784351.5152562,5134,153.4285125732422
1771784355.9609163,5135,131.55352783203125
1771784361.9490142,5136,139.7382354736328
1771784368.6582,5137,149.22772216796875
1771784368.8863697,5138,41.30529022216797
1771784375.6949253,5139,181.39695739746094
1771784375.8204596,5140,29.250520706176758
1771784379.7460525,5141,113.6752700805664
1771784390.47682,5142,110.89885711669922
1771784392.2430182,5143,110.02872467041016
1771784393.2294974,5144,152.13014221191406
1771784399.3034573,5145,186.79696655273438
1771784402.7307022,5146,124.73126220703125
1771784405.3946254,5147,135.4418487548828
1771784405.7238946,5148,48.139774322509766
1771784421.524471,5149,125.75973510742188
1771784421.6528833,5150,200.30636596679688
1771784421.778042,5151,23.740116119384766
1771784433.3360622,5152,148.6840057373047
1771784436.7419593,5153,151.27684020996094
1771784439.0983112,5154,152.15673828125
1771784442.5685563,5155,161.93258666992188
1771784444.4602823,5156,106.03019714355469
1771784446.450428,5157,220.77882385253906
1771784448.2397132,5158,121.79212951660156
1771784448.3652391,5159,37.85953903198242
1771784448.4944882,5160,21.518239974975586
1771784449.7889607,5161,145.31675720214844
1771784450.0620713,5162,224.82308959960938
1771784456.8062177,5163,178.2089385986328
1771784460.1508243,5164,211.47833251953125
1771784468.7060997,5165,150.1477508544922
1771784473.0074463,5166,178.67715454101562
1771784473.1333601,5167,30.373172760009766
1771784474.600808,5168,155.42088317871094
1771784475.0026891,5169,75.73819732666016
1771784478.3488657,5170,126.5955810546875
1771784479.240979,5171,104.63143920898438
1771784483.6283603,5172,132.086181640625
1771784485.565519,5173,62.5950813293457
1771784489.129973,5174,174.28067016601562
1771784489.5334752,5175,107.19525909423828
1771784494.1515539,5176,168.4268341064453
1771784500.468252,5177,169.56289672851562
1771784503.3523562,5178,144.9186248779297
1771784527.47993,5179,140.15541076660156
1771784533.2755952,5180,163.48878479003906
1771784538.7041085,5181,119.710205078125
1771784625.3044848,5182,162.63827514648438
1771784626.8452597,5183,171.5989532470703
1771784630.1992412,5184,133.14013671875
1771784636.5092788,5185,154.7409210205078
1771784636.687858,5186,1303.5203857421875
1771784638.3530161,5187,95.23114013671875
1771784639.0419612,5188,80.74115753173828
1771784641.9310758,5189,175.20172119140625
1771784647.8099396,5190,169.37631225585938
1771784654.440803,5191,102.58343505859375
1771784657.8762941,5192,161.9173583984375
1771784665.8025827,5193,198.79530334472656
1771784671.3532057,5194,168.5550537109375
1771784671.4763923,5195,66.03997039794922
1771784672.1149712,5196,137.3796844482422
1771784673.2957094,5197,265.00537109375
1771784674.7133157,5198,115.10084533691406
1771784675.6176577,5199,109.74420928955078
1771784678.7272012,5200,187.3554229736328
1771784692.49119,5201,159.73411560058594
1771784695.8659737,5202,221.66030883789062
1771784698.9864008,5203,129.04725646972656
1771784704.6643937,5204,205.91925048828125
1771784704.8482366,5205,40.05126190185547
1771784706.0629034,5206,113.77314758300781
1771784709.2346032,5207,192.9908905029297
1771784712.497971,5208,107.18746948242188
1771784715.7261736,5209,86.59956359863281
1771784723.6584337,5210,175.45977783203125
1771784730.6412258,5211,176.22665405273438
1771784734.0625355,5212,112.05756378173828
1771784734.3188365,5213,363.589111328125
1771784738.7862136,5214,217.06492614746094
1771784739.8560429,5215,104.45597839355469
1771784742.4328184,5216,105.18106842041016
1771784747.0623956,5217,182.57850646972656
1771784749.281793,5218,127.81417083740234
1771784749.4214115,5219,176.17491149902344
1771784759.6026807,5220,153.2201385498047
1771784762.810604,5221,170.12635803222656
1771784762.9361982,5222,30.059097290039062
1771784768.1350327,5223,180.80618286132812
1771784768.4672575,5224,146.63525390625
1771784768.656347,5225,46.368526458740234
1771784771.9750397,5226,160.851806640625
1771784776.8474264,5227,142.2476043701172
1771784783.7896895,5228,165.14413452148438
1771784787.656831,5229,104.32295227050781
1771784789.0985897,5230,124.93451690673828
1771784791.1502283,5231,170.5723419189453
1771784803.1917365,5232,180.10232543945312
1771784808.4751503,5233,225.02259826660156
1771784811.7908795,5234,185.55247497558594
1771784812.2499738,5235,276.0594787597656
1771784813.2067654,5236,202.76181030273438
1771784817.4198453,5237,137.3106689453125
1771784823.7306213,5238,107.17167663574219
1771784825.4024374,5239,223.23873901367188
1771784826.6631646,5240,192.09805297851562
1771784827.129353,5241,38.81338882446289
1771784832.200431,5242,156.0089569091797
1771784832.3311687,5243,65.37657165527344
1771784834.0286224,5244,152.9200439453125
1771784837.974619,5245,201.9266357421875
1771784843.2284777,5246,147.24301147460938
1771784846.697701,5247,184.2633514404297
1771784849.777296,5248,203.3926544189453
1771784849.9014478,5249,274.004638671875
1771784851.746071,5250,149.63824462890625
1771784855.760416,5251,187.576416015625
1771784864.9867604,5252,167.69879150390625
1771784866.5731902,5253,239.9240264892578
1771784872.2026799,5254,184.36195373535156
1771784890.7393205,5255,164.71185302734375
1771784901.4167693,5256,195.44287109375
1771784915.0622656,5257,175.16001892089844
1771784921.1036255,5258,200.9097900390625
1771784924.5938194,5259,239.84666442871094
1771784930.1346183,5260,155.63502502441406
1771784933.3932943,5261,154.06536865234375
1771784933.517175,5262,58.5437126159668
1771784952.2522817,5263,158.03985595703125
1771785004.712387,5264,143.18020629882812
1771785022.5373588,5265,171.23008728027344
1771785036.1474593,5266,158.69215393066406
1771785038.7455304,5267,214.11582946777344
1771785042.8894475,5268,164.359375
1771785046.3223953,5269,176.37010192871094
1771785052.3098528,5270,128.06446838378906
1771785058.0875227,5271,128.932861328125
1771785059.575492,5272,183.96751403808594
1771785059.696474,5273,37.5885009765625
1771785061.9423726,5274,210.3959197998047
1771785066.81062,5275,225.10614013671875
1771785067.1954505,5276,276.36553955078125
1771785071.2003639,5277,152.97975158691406
1771785074.6103473,5278,140.0692138671875
1771785078.6447673,5279,237.92660522460938
1771785080.3143592,5280,214.843505859375
1771785084.2482164,5281,155.9313507080078
1771785091.9278772,5282,155.43325805664062
1771785094.3824596,5283,218.23326110839844
1771785096.8089492,5284,196.15501403808594
1771785105.9013991,5285,155.18179321289062
1771785106.0318098,5286,50.37646484375
1771785107.6873987,5287,158.60342407226562
1771785107.8207562,5288,207.7254180908203
1771785111.0897498,5289,182.13027954101562
1771785112.3699672,5290,162.7073211669922
1771785117.2361689,5291,234.69451904296875
1771785123.3145728,5292,166.92123413085938
1771785124.6593668,5293,145.61114501953125
1771785125.4259992,5294,365.3929748535156
1771785126.4135985,5295,104.31633758544922
1771785129.8094692,5296,152.69290161132812
1771785137.2091367,5297,180.6116485595703
1771785140.5289845,5298,137.3015594482422
1771785144.6151392,5299,217.66358947753906
1771785149.0361469,5300,180.12322998046875
1771785153.8257177,5301,161.5065460205078
1771785155.607382,5302,133.82354736328125
1771785157.1287305,5303,147.30615234375
1771785165.423271,5304,176.28118896484375
1771785167.01568,5305,166.00755310058594
1771785169.9805212,5306,87.18257141113281
1771785175.533048,5307,212.9419403076172
1771785176.5003536,5308,181.93511962890625
1771785179.7887847,5309,163.0849609375
1771785183.221702,5310,227.22671508789062
1771785185.196528,5311,189.90391540527344
1771785185.3895764,5312,963.8816528320312
1771785189.8318377,5313,180.91163635253906
1771785191.1471717,5314,249.8101043701172
1771785196.9839048,5315,222.80279541015625
1771785198.1600695,5316,230.66091918945312
1771785216.0815196,5317,182.5302276611328
1771785218.4384518,5318,176.89993286132812
1771785223.5600066,5319,147.3019561767578
1771785230.2252264,5320,176.96136474609375
1771785238.1404874,5321,166.00608825683594
1771785239.0313776,5322,177.0353240966797
1771785244.6083803,5323,156.92198181152344
1771785246.363705,5324,140.76141357421875
1771785259.7616599,5325,197.9634246826172
1771785262.9851904,5326,178.8187255859375
1771785269.9179761,5327,148.86688232421875
1771785273.7869627,5328,189.5026092529297
1771785275.1652906,5329,183.63905334472656
1771785278.509174,5330,147.93922424316406
1771785283.0315084,5331,146.20932006835938
1771785283.3619018,5332,48.70976638793945
1771785287.8201876,5333,181.3767547607422
1771785296.8510728,5334,248.8079833984375
1771785300.6725998,5335,200.14186096191406
1771785315.348696,5336,175.83798217773438
1771785315.8344502,5337,217.75416564941406
1771785317.0101645,5338,227.85394287109375
1771785317.8435316,5339,143.623779296875
1771785320.9853601,5340,286.5380554199219
1771785326.6655533,5341,188.08763122558594
1771785374.634457,5342,177.53176879882812
1771785375.293118,5343,102.98070526123047
1771785376.6599596,5344,143.91001892089844
1771785380.2740183,5345,222.0825653076172
1771785382.1135724,5346,131.87791442871094
1771785394.251552,5347,211.47100830078125
1771785399.3683898,5348,186.41416931152344
1771785400.667366,5349,221.3383331298828
1771785410.6529164,5350,273.3765869140625
1771785419.1888943,5351,174.45989990234375
1771785422.278816,5352,185.2941436767578
1771785422.6606505,5353,287.9981994628906
1771785424.0929444,5354,285.2384948730469
1771785425.2676775,5355,225.79884338378906
1771785434.1033957,5356,162.44639587402344
1771785443.2297003,5357,191.11851501464844
1771785447.3703637,5358,128.02854919433594
1771785447.5013566,5359,19.09735870361328
1771785449.1471903,5360,219.82815551757812
1771785464.5206347,5361,195.77845764160156
1771785467.131402,5362,182.96319580078125
1771785470.8120463,5363,210.3490447998047
1771785474.3625958,5364,155.9327392578125
1771785476.787861,5365,142.42369079589844
1771785477.2388349,5366,687.6924438476562
1771785485.2047596,5367,177.94009399414062
1771785489.8466656,5368,168.52061462402344
1771785511.1882796,5369,207.2264862060547
1771785512.540307,5370,329.6064453125
1771785518.8881202,5371,197.79925537109375
1771785522.2365246,5372,168.48272705078125
1771785530.1398456,5373,165.98495483398438
1771785530.2667289,5374,450.7269287109375
1771785530.3898404,5375,242.1808624267578
1771785534.8913662,5376,199.74993896484375
1771785539.345103,5377,171.7637176513672
1771785542.9948273,5378,205.86260986328125
1771785543.6757462,5379,143.9604034423828
1771785544.8806038,5380,249.3028564453125
1771785548.3088202,5381,148.6955108642578
1771785555.5754218,5382,190.69927978515625
1771785555.8851697,5383,177.9691925048828
1771785561.9156058,5384,214.39610290527344
1771785566.1634662,5385,172.28465270996094
1771785583.8921437,5386,199.71067810058594
1771785589.548578,5387,223.17176818847656
1771785589.9453583,5388,164.100341796875
1771785593.0353935,5389,300.0553894042969
1771785602.3164833,5390,213.95445251464844
1771785608.2326438,5391,229.02911376953125
1771785609.8090558,5392,109.6966323852539
1771785609.9332871,5393,19.39250946044922
1771785610.062992,5394,23.353111267089844
1771785613.3659835,5395,200.96524047851562
1771785616.1614287,5396,245.7913055419922
1771785620.4219756,5397,200.06101989746094
1771785622.2018063,5398,201.98629760742188
1771785628.908022,5399,229.1422119140625
1771785629.1012616,5400,44.427886962890625
1771785631.0021214,5401,183.58547973632812
1771785636.9103274,5402,154.32315063476562
1771785639.2579823,5403,156.7406463623047
1771785641.5530791,5404,139.73052978515625
1771785646.929836,5405,232.9144287109375
1771785662.9717574,5406,183.85394287109375
1771785663.4576123,5407,284.66180419921875
1771785667.9527636,5408,159.41859436035156
1771785674.1071808,5409,238.30740356445312
1771785674.6968286,5410,337.2414855957031
1771785685.025611,5411,189.7334442138672
1771785685.365778,5412,323.8045959472656
1771785688.8026524,5413,251.07391357421875
1771785697.362516,5414,215.3981170654297
1771785760.9434009,5415,169.63839721679688
1771785770.3803225,5416,159.89627075195312
1771785778.6816561,5417,215.71762084960938
1771785784.1682484,5418,102.90089416503906
1771785785.7796755,5419,127.098388671875
1771785787.7299433,5420,183.7076873779297
1771785790.338638,5421,234.9941864013672
1771785790.4761908,5422,62.11647033691406
1771785791.9257524,5423,141.54107666015625
1771785796.9248228,5424,157.3800506591797
1771785799.3569813,5425,219.1456756591797
1771785804.0086339,5426,251.1906280517578
1771785808.6978338,5427,201.23948669433594
1771785823.3226492,5428,226.9794921875
1771785829.7771466,5429,227.33642578125
1771785831.3795621,5430,229.53768920898438
1771785843.0607836,5431,205.5998077392578
1771785856.5422316,5432,223.53329467773438
1771785859.2111442,5433,263.142822265625
1771785861.8707774,5434,156.50057983398438
1771785869.4343972,5435,170.9962921142578
1771785871.5126734,5436,236.7882537841797
1771785875.1766074,5437,232.8150177001953
1771785876.090288,5438,283.2371826171875
1771785885.7132518,5439,224.9517822265625
1771785903.015609,5440,233.5666046142578
1771785910.9565675,5441,181.3450164794922
1771785912.856684,5442,208.5995330810547
1771785912.9809062,5443,65.7301025390625
1771785914.7330394,5444,236.37380981445312
1771785921.2987049,5445,249.84011840820312
1771785926.7951741,5446,306.9225769042969
1771785929.268465,5447,251.99855041503906
1771785932.655784,5448,276.056884765625
1771785939.8935184,5449,182.60389709472656
1771785949.064906,5450,178.9812469482422
1771785949.1959434,5451,34.25644302368164
1771785957.8086264,5452,180.3335418701172
1771785971.7552066,5453,177.95252990722656
1771785978.8370106,5454,175.92227172851562
1771785986.393199,5455,270.9359130859375
1771786000.7253196,5456,212.19126892089844
1771786003.2242095,5457,146.83819580078125
1771786006.7749405,5458,225.36195373535156
1771786006.9608,5459,391.0865783691406
1771786007.453107,5460,340.5637512207031
1771786009.2993195,5461,197.6009063720703
1771786013.7074866,5462,244.23536682128906
1771786022.5064738,5463,201.0522003173828
1771786027.3197494,5464,129.36915588378906
1771786027.5728593,5465,584.7610473632812
1771786036.3631642,5466,206.51206970214844
1771786039.9265835,5467,167.39447021484375
1771786049.4820714,5468,266.6253967285156
1771786052.7861314,5469,218.06858825683594
1771786054.5388832,5470,213.49530029296875
1771786060.2372997,5471,159.1868438720703
1771786060.7128112,5472,181.3655548095703
1771786060.9113276,5473,195.49642944335938
1771786070.7001197,5474,235.0111846923828
1771786079.772381,5475,164.87232971191406
1771786083.3558276,5476,186.05038452148438
1771786091.014533,5477,212.94261169433594
1771786156.4870393,5478,202.7477264404297
1771786164.2039754,5479,178.61590576171875
1771786167.0658617,5480,245.8171844482422
1771786174.7783005,5481,228.68655395507812
1771786183.3729877,5482,251.90110778808594
1771786191.4578567,5483,205.47955322265625
1771786194.3753653,5484,237.14669799804688
1771786200.2194967,5485,286.4853210449219
1771786210.0722187,5486,177.1467742919922
1771786210.9711325,5487,434.0573425292969
1771786214.4399693,5488,192.51959228515625
1771786222.1559534,5489,215.61636352539062
1771786223.0665195,5490,187.14955139160156
1771786223.959059,5491,181.38400268554688
1771786227.6099172,5492,283.7828369140625
1771786236.8084593,5493,224.38023376464844
1771786236.9418755,5494,24.605228424072266
1771786237.069759,5495,205.356689453125
1771786241.0071692,5496,188.44371032714844
1771786250.031759,5497,235.18560791015625
1771786254.6792095,5498,167.8818817138672
1771786255.984717,5499,164.5882568359375
1771786256.4277322,5500,299.33050537109375
1771786260.5206745,5501,208.8497314453125
1771786265.773459,5502,237.59666442871094
1771786272.1161144,5503,210.22000122070312
1771786275.5651455,5504,258.6990661621094
1771786276.10253,5505,441.8810119628906
1771786276.238156,5506,259.2984619140625
1771786276.6682513,5507,93.48401641845703
1771786281.8320825,5508,229.3485565185547
1771786301.0025103,5509,210.9283447265625
1771786310.2312524,5510,149.1251983642578
1771786319.62247,5511,183.68553161621094
1771786322.8104098,5512,344.10919189453125
1771786330.9091873,5513,312.24810791015625
1771786332.8398979,5514,261.2489013671875
1771786335.038149,5515,191.63136291503906
1771786348.268932,5516,201.9463348388672
1771786353.7495635,5517,209.74603271484375
1771786353.8743684,5518,85.74603271484375
1771786359.4714062,5519,189.25550842285156
1771786369.111329,5520,229.3899383544922
1771786369.7453053,5521,127.6306381225586
1771786376.7545276,5522,211.40162658691406
1771786376.8823707,5523,197.50613403320312
1771786384.1384647,5524,176.543701171875
1771786385.2632818,5525,242.57200622558594
1771786385.38853,5526,447.23046875
1771786385.5166464,5527,120.96052551269531
1771786387.0796404,5528,165.75047302246094
1771786389.72932,5529,244.95062255859375
1771786395.5700424,5530,244.2093505859375
1771786397.3324869,5531,150.69400024414062
1771786399.9443753,5532,304.4095458984375
1771786404.9362314,5533,241.7533416748047
1771786408.481616,5534,247.60482788085938
1771786412.7762132,5535,178.25347900390625
1771786413.6562204,5536,160.6591033935547
1771786415.9011655,5537,202.86485290527344
1771786419.4796917,5538,172.77484130859375
1771786422.156489,5539,189.1168975830078
1771786425.2120345,5540,198.09640502929688
1771786429.4793553,5541,227.8321990966797
1771786433.7718933,5542,210.22389221191406
1771786438.129575,5543,192.8480224609375
1771786440.9579778,5544,237.12742614746094
1771786441.0831249,5545,102.61563110351562
1771786441.3995125,5546,209.1842803955078
1771786443.470088,5547,151.94529724121094
1771786447.8518782,5548,353.428466796875
1771786450.730777,5549,198.83534240722656
1771786454.0736804,5550,204.44094848632812
1771786463.5595798,5551,186.61587524414062
1771786469.4011126,5552,238.523193359375
1771786471.2179036,5553,136.50491333007812
1771786473.4960465,5554,178.17373657226562
1771786480.38489,5555,173.21243286132812
1771786523.7586823,5556,279.8525085449219
1771786525.2741473,5557,184.88768005371094
1771786528.3028033,5558,265.6817321777344
1771786528.4960005,5559,1000.17529296875
1771786532.0193958,5560,216.59201049804688
1771786535.4328809,5561,236.31689453125
1771786553.6290932,5562,221.0139617919922
1771786558.2903767,5563,176.66127014160156
1771786559.3134797,5564,243.82644653320312
1771786565.0802293,5565,252.14430236816406
1771786568.112758,5566,219.95237731933594
1771786582.5809805,5567,248.08750915527344
1771786588.339116,5568,199.30860900878906
1771786594.3700342,5569,189.66212463378906
1771786594.5106163,5570,25.381502151489258
1771786598.3566718,5571,140.616455078125
1771786603.8599458,5572,318.8681945800781
1771786605.2569487,5573,209.7295684814453
1771786607.2132378,5574,425.2359619140625
1771786610.7707677,5575,240.96136474609375
1771786614.349535,5576,348.3883361816406
1771786622.497562,5577,228.8731689453125
1771786622.6372511,5578,201.67120361328125
1771786623.8880987,5579,313.55914306640625
1771786624.278488,5580,81.06734466552734
1771786624.4026234,5581,22.680545806884766
1771786638.9939604,5582,218.165283203125
1771786642.7857897,5583,236.86187744140625
1771786649.7790024,5584,253.7722930908203
1771786653.579087,5585,312.4488525390625
1771786656.1935778,5586,366.8493347167969
1771786673.198628,5587,258.44342041015625
1771786679.6345127,5588,245.64971923828125
1771786683.5085704,5589,273.64971923828125
1771786687.8721282,5590,282.5231628417969
1771786707.4339623,5591,252.23516845703125
1771786710.9564216,5592,196.8258819580078
1771786711.4040139,5593,288.8979797363281
1771786722.385307,5594,236.10726928710938
1771786725.3350713,5595,170.6786346435547
1771786725.7103543,5596,85.02788543701172
1771786725.8370502,5597,198.39410400390625
1771786730.0902624,5598,166.84649658203125
1771786743.7032497,5599,244.71156311035156
1771786743.8419607,5600,341.9211120605469
1771786750.324592,5601,253.7393798828125
1771786751.1560981,5602,234.63648986816406
1771786751.2801566,5603,1594.3369140625
1771786756.4908724,5604,215.69378662109375
1771786758.8812912,5605,242.99879455566406
1771786759.0196733,5606,31.416841506958008
1771786760.3292081,5607,356.0933532714844
1771786765.3897448,5608,270.42376708984375
1771786766.8303275,5609,168.45314025878906
1771786774.0424292,5610,195.67564392089844
1771786775.4846556,5611,248.84954833984375
1771786780.7857454,5612,217.6448974609375
1771786794.4093993,5613,242.0167694091797
1771786797.625424,5614,175.1645050048828
1771786811.2829406,5615,203.72340393066406
1771786818.4172077,5616,293.01177978515625
1771786820.8263774,5617,351.5975341796875
1771786821.6576307,5618,184.16595458984375
1771786827.656062,5619,144.32554626464844
1771786832.1288397,5620,233.697265625
1771786833.4483624,5621,220.24217224121094
1771786840.8523736,5622,236.0028839111328
1771786928.4915771,5623,231.20301818847656
1771786931.404736,5624,248.54608154296875
1771786933.383288,5625,151.69448852539062
1771786933.5164225,5626,31.181310653686523
1771786933.644435,5627,118.97824096679688
1771786933.8033934,5628,208.51548767089844
1771786937.9686997,5629,243.53744506835938
1771786945.6133919,5630,216.49380493164062
1771786950.7435737,5631,282.4425964355469
1771786953.1813667,5632,365.2331237792969
1771786962.9196646,5633,238.95962524414062
1771786966.3275135,5634,287.13726806640625
1771786970.067752,5635,363.21923828125
1771786972.8422973,5636,270.4581298828125
1771786974.454872,5637,206.451904296875
1771786981.5457942,5638,239.61990356445312
1771786985.3372416,5639,143.34580993652344
1771786993.9271796,5640,289.415771484375
1771786994.637795,5641,95.42401885986328
1771786996.9037302,5642,283.180419921875
1771787000.2324574,5643,183.04449462890625
1771787015.0022738,5644,269.3218688964844
1771787017.644332,5645,219.321533203125
1771787021.0669596,5646,132.3467559814453
1771787026.0707498,5647,241.86788940429688
1771787029.7133145,5648,200.95181274414062
1771787045.1781206,5649,266.79583740234375
1771787052.8805637,5650,278.5889587402344
1771787053.0056343,5651,118.85478210449219
1771787054.5082495,5652,202.50477600097656
1771787057.959793,5653,262.2674560546875
1771787075.3158038,5654,263.8753967285156
1771787078.3142738,5655,344.7550964355469
1771787080.0131621,5656,234.1064453125
1771787082.0746067,5657,196.28115844726562
1771787088.7837365,5658,223.18679809570312
1771787097.2741373,5659,254.9110565185547
1771787108.7410262,5660,295.36529541015625
1771787113.9806466,5661,206.50390625
1771787118.7410066,5662,256.1848449707031
1771787124.0143228,5663,215.41567993164062
1771787129.0840702,5664,327.959716796875
1771787132.405252,5665,231.3573455810547
1771787132.8440497,5666,200.44728088378906
1771787136.4297364,5667,265.3262023925781
1771787140.7481756,5668,225.8683624267578
1771787146.5296826,5669,201.4384307861328
1771787147.9660623,5670,225.06747436523438
1771787148.2432926,5671,50.68290710449219
1771787163.480073,5672,257.0315246582031
1771787168.7575846,5673,277.5664978027344
1771787175.1705873,5674,259.47003173828125
1771787178.5770514,5675,290.0920715332031
1771787181.1326847,5676,175.12171936035156
1771787187.4732635,5677,280.28924560546875
1771787193.870105,5678,238.6416015625
1771787201.6556242,5679,257.8510437011719
1771787212.1233094,5680,222.74276733398438
1771787215.8994958,5681,329.4978332519531
1771787220.7241912,5682,240.04788208007812
1771787220.8482797,5683,820.5923461914062
1771787230.0714748,5684,259.6819152832031
1771787235.9941103,5685,220.82705688476562
1771787236.2409387,5686,44.15586853027344
1771787244.7591147,5687,275.5113525390625
1771787249.9061809,5688,274.0073547363281
1771787300.9527729,5689,234.6942901611328
1771787309.4861948,5690,213.37266540527344
1771787311.7248836,5691,320.86810302734375
1771787315.890523,5692,282.57611083984375
1771787319.6352706,5693,216.6294403076172
1771787324.142722,5694,296.40875244140625
1771787324.471492,5695,406.8124694824219
1771787327.787374,5696,317.5196228027344
1771787328.3989503,5697,424.6957702636719
1771787340.3547335,5698,282.6919860839844
1771787347.1330018,5699,303.65460205078125
1771787361.262046,5700,232.94358825683594
1771787364.6956544,5701,231.47540283203125
1771787376.4948866,5702,293.14898681640625
1771787379.9335682,5703,309.4076843261719
1771787384.6325722,5704,282.30615234375
1771787399.0054135,5705,239.88914489746094
1771787402.3538117,5706,237.90809631347656
1771787409.1159484,5707,246.7049102783203
1771787409.2408054,5708,66.9698486328125
1771787415.4681833,5709,185.95138549804688
1771787424.5932903,5710,243.8606719970703
1771787427.5314429,5711,314.7226257324219
1771787429.5277662,5712,273.17706298828125
1771787442.664463,5713,260.57525634765625
1771787442.7961345,5714,79.78694152832031
1771787447.3358727,5715,145.1642303466797
1771787449.1275337,5716,292.5462646484375
1771787456.7212925,5717,271.7884216308594
1771787460.6007,5718,229.57151794433594
1771787466.2361777,5719,234.01113891601562
1771787475.4440224,5720,232.23941040039062
1771787482.0293298,5721,346.6150207519531
1771787497.9639764,5722,231.5398406982422
1771787500.9293714,5723,232.5231170654297
1771787507.5061493,5724,388.6302490234375
1771787508.385704,5725,353.9597473144531
1771787512.248919,5726,258.1877136230469
1771787520.3535295,5727,267.7175598144531
1771787521.9531665,5728,193.56190490722656
1771787531.233712,5729,234.00086975097656
1771787534.6346283,5730,272.11871337890625
1771787536.2491171,5731,259.9385986328125
1771787536.3731062,5732,977.2943115234375
1771787542.2314482,5733,341.7615661621094
1771787550.92592,5734,209.8073272705078
1771787558.1849098,5735,228.45108032226562
1771787573.100782,5736,250.474365234375
1771787582.577989,5737,335.80908203125
1771787584.3384135,5738,244.81846618652344
1771787585.8357697,5739,341.8766784667969
1771787597.428301,5740,289.9876708984375
1771787607.6494849,5741,241.99362182617188
1771787623.208188,5742,269.4197998046875
1771787759.4364853,5743,219.20639038085938
1771787771.988864,5744,316.0188903808594
1771787783.3876214,5745,282.6242370605469
1771787798.241275,5746,250.3102264404297
1771787808.542595,5747,323.857177734375
1771787810.8416312,5748,228.43576049804688
1771787817.272276,5749,245.09939575195312
1771787827.4421902,5750,233.76344299316406
1771787831.1224356,5751,266.6305236816406
1771787834.48877,5752,236.48936462402344
1771787836.3216796,5753,394.2547607421875
1771787836.7692387,5754,110.32515716552734
1771787836.9756572,5755,502.5809020996094
1771787843.206075,5756,263.2254943847656
1771787843.406944,5757,64.42376708984375
1771787847.393448,5758,203.44703674316406
1771787847.5322616,5759,58.924110412597656
1771787853.6434467,5760,258.34783935546875
1771787859.4163673,5761,188.96978759765625
1771787866.5936584,5762,268.5729064941406
1771787870.8030322,5763,160.35154724121094
1771787870.9910088,5764,158.46844482421875
1771787882.3442512,5765,241.36666870117188
1771787897.107343,5766,262.5647888183594
1771787940.1054122,5767,274.4908447265625
1771787940.9494069,5768,327.3108215332031
1771787958.1239026,5769,261.1635437011719
1771787961.4375713,5770,256.42388916015625
1771787984.602373,5771,254.11221313476562
1771787992.7273383,5772,347.02825927734375
1771787994.0027366,5773,557.8841552734375
1771788002.1415937,5774,289.9677734375
1771788012.3635237,5775,271.7169494628906
1771788015.7378962,5776,208.62571716308594
1771788026.3615146,5777,282.7689514160156
1771788030.3868783,5778,308.18304443359375
1771788033.0352993,5779,235.21142578125
1771788039.0184934,5780,282.7991638183594
1771788051.3516707,5781,257.28369140625
1771788058.7000554,5782,265.70635986328125
1771788069.591576,5783,313.6081237792969
1771788074.7670462,5784,340.91632080078125
1771788197.3964636,5785,270.76031494140625
1771788199.7391639,5786,136.2878875732422
1771788201.6269324,5787,300.7479553222656
1771788209.0781581,5788,273.6912841796875
1771788209.780597,5789,121.67597961425781
1771788209.9082487,5790,616.7564697265625
1771788211.7888927,5791,320.1296081542969
1771788227.047644,5792,258.5146789550781
1771788235.8203845,5793,284.01080322265625
1771788237.290514,5794,243.45933532714844
1771788237.4200795,5795,34.544429779052734
1771788244.578698,5796,292.01446533203125
1771788250.3971887,5797,248.55796813964844
1771788256.4761834,5798,302.509033203125
1771788268.1760588,5799,254.12057495117188
1771788275.9576979,5800,264.2032470703125
1771788278.0614283,5801,332.28204345703125
1771788282.6461463,5802,217.50399780273438
1771788282.7716167,5803,49.33043670654297
1771788282.8954358,5804,146.75930786132812
1771788286.2832491,5805,232.1403350830078
1771788297.3019426,5806,297.5964660644531
1771788300.6897635,5807,252.46583557128906
1771788307.643971,5808,263.8858642578125
1771788309.3869758,5809,257.21826171875
1771788313.3234565,5810,299.814453125
1771788318.5612946,5811,373.901123046875
1771788322.0019069,5812,245.38912963867188
1771788322.1283617,5813,46.09089660644531
1771788327.353811,5814,275.62548828125
1771788328.9380405,5815,285.3597412109375
1771788330.3797371,5816,190.7633514404297
1771788350.9611347,5817,267.35980224609375
1771788358.646905,5818,351.81927490234375
1771788362.1601748,5819,223.0300750732422
1771788368.7153554,5820,245.170166015625
1771788374.5057254,5821,310.186279296875
1771788377.9726698,5822,188.19931030273438
1771788384.2434154,5823,259.4261169433594
1771788386.939188,5824,236.4366455078125
1771788405.7294462,5825,292.7278747558594
1771788412.6599014,5826,278.1294250488281
1771788418.2177055,5827,277.6175842285156
1771788421.5512567,5828,265.33831787109375
1771788435.3044727,5829,288.62298583984375
1771788446.1944282,5830,214.2268829345703
1771788449.6467845,5831,252.6858367919922
1771788452.9116435,5832,226.0015106201172
1771788453.4839244,5833,427.6832580566406
1771788468.1076744,5834,279.4701843261719
1771788472.5970712,5835,338.5723571777344
1771788481.9343686,5836,346.41876220703125
1771788483.8343906,5837,145.75430297851562
1771788491.3849626,5838,248.15975952148438
1771788501.2099884,5839,252.67176818847656
1771788519.5895731,5840,282.9093322753906
1771788580.8502007,5841,355.7423400878906
1771788587.923268,5842,242.85995483398438
1771788588.0473497,5843,251.05233764648438
1771788591.8099065,5844,263.69140625
1771788597.5604305,5845,251.9090576171875
1771788597.6833217,5846,29.966384887695312
1771788604.1776655,5847,334.24383544921875
1771788614.5535433,5848,290.77490234375
1771788618.002226,5849,252.9955596923828
1771788622.3230066,5850,271.9547424316406
1771788622.4479504,5851,30.440399169921875
1771788624.1741967,5852,341.6094970703125
1771788632.866377,5853,268.7148132324219
1771788654.1517246,5854,275.97125244140625
1771788657.3568501,5855,227.4608154296875
1771788657.4853094,5856,1683.0460205078125
1771788666.0455234,5857,236.48275756835938
1771788675.2563694,5858,296.0854797363281
1771788692.7638202,5859,345.4819641113281
1771788696.4257736,5860,397.9317626953125
1771788703.7242913,5861,317.52777099609375
1771788705.8705072,5862,170.43350219726562
1771788714.9836607,5863,311.25732421875
1771788718.8028395,5864,265.182373046875
1771788720.8751159,5865,245.74676513671875
1771788721.5894518,5866,143.24147033691406
1771788733.7469919,5867,322.1374816894531
1771788734.7623143,5868,312.2578430175781
1771788738.8035235,5869,224.49839782714844
1771788749.4482749,5870,251.9720458984375
1771788753.9529867,5871,273.2798767089844
1771788760.3417912,5872,346.0762939453125
1771788790.6994135,5873,288.954345703125
1771788791.7850692,5874,284.48602294921875
1771788791.9175167,5875,327.40167236328125
1771788805.181088,5876,269.103271484375
1771788817.4828637,5877,267.3783264160156
1771788827.905093,5878,305.0953369140625
1771788833.62203,5879,266.1123352050781
1771788836.4114408,5880,172.65374755859375
1771788851.1574616,5881,307.9910583496094
1771788863.1154547,5882,282.00360107421875
1771788868.2471294,5883,282.49542236328125
1771788872.2395747,5884,264.56732177734375
1771788879.4718454,5885,315.2345275878906
1771788881.0430152,5886,300.21954345703125
1771788892.5347748,5887,254.5270233154297
1771788892.6589324,5888,114.58537292480469
1771788898.5759053,5889,330.54132080078125
1771789011.7625275,5890,333.9968566894531
1771789019.7071085,5891,256.2699890136719
1771789033.5920203,5892,301.1783447265625
1771789037.2734103,5893,365.4280700683594
1771789043.987713,5894,337.5396423339844
1771789047.3743522,5895,335.59637451171875
1771789052.4052138,5896,200.8573760986328
1771789056.308644,5897,297.849365234375
1771789062.2546217,5898,277.1582946777344
1771789071.1277478,5899,377.8722229003906
1771789071.3113036,5900,680.3009033203125
1771789072.4930105,5901,319.2076416015625
1771789078.3797884,5902,305.08294677734375
1771789079.6703367,5903,342.3957824707031
1771789087.852059,5904,295.88275146484375
1771789091.1904478,5905,243.62997436523438
1771789097.5872173,5906,285.8473815917969
1771789110.1985793,5907,231.95960998535156
1771789114.7417693,5908,368.56964111328125
1771789129.6546247,5909,281.77191162109375
1771789151.0493627,5910,266.2608642578125
1771789161.8187408,5911,325.8479919433594
1771789172.6284196,5912,215.76657104492188
1771789199.2082999,5913,326.2290954589844
1771789210.7464545,5914,305.63446044921875
1771789212.8790863,5915,145.02980041503906
1771789223.306966,5916,265.3106994628906
1771789240.5469952,5917,257.78759765625
1771789245.324176,5918,317.6242980957031
1771789252.2162712,5919,247.22799682617188
1771789254.1239364,5920,313.2681884765625
1771789257.2944262,5921,218.35537719726562
1771789270.2980008,5922,326.90606689453125
1771789274.4150367,5923,194.43798828125
1771789281.563251,5924,268.8592529296875
1771789296.840014,5925,349.12591552734375
1771789309.8429163,5926,364.7546691894531
1771789310.8344765,5927,447.673095703125
1771789313.4795566,5928,224.15431213378906
1771789337.9701517,5929,268.4111022949219
1771789413.8653934,5930,267.91998291015625
1771789418.6400385,5931,265.7566223144531
1771789420.9453263,5932,291.1435546875
1771789421.0699334,5933,418.69696044921875
1771789422.369969,5934,143.81813049316406
1771789428.2669325,5935,295.6859130859375
1771789431.6432335,5936,292.1365051269531
1771789431.768232,5937,1606.2205810546875
1771789431.8921587,5938,208.7818603515625
1771789441.24324,5939,308.43463134765625
1771789446.2638922,5940,361.77996826171875
1771789461.6457212,5941,289.2809753417969
1771789473.1624732,5942,286.75006103515625
1771789475.1068823,5943,394.974365234375
1771789482.5868793,5944,306.6305847167969
1771789489.5277057,5945,356.3772888183594
1771789491.6379344,5946,318.7350158691406
1771789506.4723759,5947,302.9490966796875
1771789510.3596113,5948,327.0281982421875
1771789510.7961326,5949,193.01290893554688
1771789538.0459008,5950,304.7743225097656
1771789565.9077678,5951,325.29449462890625
1771789569.3011122,5952,354.2131042480469
1771789579.9913468,5953,359.20611572265625
1771789594.2507505,5954,234.19483947753906
1771789600.4057488,5955,301.4296569824219
1771789609.650137,5956,286.39105224609375
1771789609.9390526,5957,412.2781677246094
1771789611.2553895,5958,353.2377624511719
1771789614.1603122,5959,168.7906036376953
1771789618.8679316,5960,324.2842712402344
1771789624.078982,5961,296.26898193359375
1771789624.2069774,5962,334.77520751953125
1771789627.7239943,5963,280.7508850097656
1771789639.2064538,5964,309.4353942871094
1771789639.3418353,5965,34.2593994140625
1771789639.4708776,5966,53.408485412597656
1771789652.1036217,5967,371.01605224609375
1771789653.1390932,5968,279.7115173339844
1771789673.5925853,5969,343.79345703125
1771789679.8154783,5970,280.1117858886719
1771789693.6655266,5971,295.4359130859375
1771789693.8047416,5972,80.77823638916016
1771789697.3552344,5973,312.1337890625
1771789704.375975,5974,279.2682189941406
1771789705.3556838,5975,199.1947479248047
1771789706.5885005,5976,275.9933776855469
1771789714.4966848,5977,286.6866149902344
1771789736.1671934,5978,293.48663330078125
1771789857.849748,5979,311.8460998535156
1771789871.5383995,5980,341.9054260253906
1771789890.4233952,5981,310.371826171875
1771789897.4876661,5982,311.3401184082031
1771789903.385005,5983,323.8797607421875
1771789903.5092146,5984,84.14106750488281
1771789923.7905338,5985,327.05572509765625
1771789925.8700771,5986,221.61463928222656
1771789942.5413344,5987,312.7803039550781
1771789972.275002,5988,254.7169189453125
1771789983.4792535,5989,367.95269775390625
1771789986.8411658,5990,238.8849334716797
1771790002.165071,5991,349.1142883300781
1771790007.9319494,5992,302.88043212890625
1771790008.4495268,5993,324.15716552734375
1771790010.7061265,5994,256.68292236328125
1771790018.9402454,5995,305.6517028808594
1771790026.5972142,5996,269.74176025390625
1771790033.168253,5997,286.1587219238281
1771790042.8300207,5998,297.61566162109375
1771790054.9125397,5999,321.0574951171875
1771790062.770004,6000,305.0007019042969
1771790066.6432993,6001,316.6733093261719
1771790066.772201,6002,50.91944122314453
1771790069.3345683,6003,379.05755615234375
1771790089.3400831,6004,317.0182800292969
1771790107.5780945,6005,322.54730224609375
1771790108.1062386,6006,74.5420913696289
1771790109.0736525,6007,118.11681365966797
1771790109.2001703,6008,46.79753875732422
1771790113.4660199,6009,311.35992431640625
1771790129.0334663,6010,303.17144775390625
1771790138.1054165,6011,310.81768798828125
1771790138.2299633,6012,75.40882873535156
1771790155.6822984,6013,244.6920623779297
1771790163.798783,6014,248.82681274414062
1771790167.7837822,6015,300.0180969238281
1771790238.890725,6016,258.8518981933594
1771790245.1277144,6017,293.971923828125
1771790260.5033052,6018,308.09735107421875
1771790273.3032613,6019,267.09918212890625
1771790283.321346,6020,274.2483825683594
1771790283.4699428,6021,56.65814971923828
1771790290.4125087,6022,368.6822509765625
1771790303.220955,6023,302.58056640625
1771790319.1605296,6024,276.3646545410156
1771790343.3734546,6025,325.6717224121094
1771790353.1170175,6026,359.2688903808594
1771790360.7250192,6027,276.5295104980469
1771790371.405361,6028,296.4131774902344
1771790373.3892765,6029,296.49615478515625
1771790383.2080922,6030,304.033447265625
1771790412.8289974,6031,296.970703125
1771790413.2093658,6032,538.9014282226562
1771790425.964799,6033,326.51611328125
1771790432.044421,6034,317.384765625
1771790441.772005,6035,349.12237548828125
1771790447.7891533,6036,249.6331024169922
1771790458.5843544,6037,274.76605224609375
1771790466.171831,6038,324.6600036621094
1771790466.2973666,6039,1635.97265625
1771790469.450932,6040,430.1358642578125
1771790480.8759704,6041,264.2551574707031
1771790498.5456378,6042,339.95013427734375
1771790511.2726014,6043,243.05479431152344
1771790521.1377952,6044,317.5336608886719
1771790524.9094927,6045,279.40008544921875
1771790531.6614268,6046,350.4593505859375
1771790532.871852,6047,231.98773193359375
1771790537.4607017,6048,331.7731628417969
1771790551.9615324,6049,341.7302551269531
1771790555.482963,6050,266.28533935546875
1771790575.6629534,6051,313.61578369140625
1771790661.9929125,6052,390.0403137207031
1771790666.5546322,6053,276.32550048828125
1771790672.433437,6054,285.1371154785156
1771790675.785387,6055,364.5627136230469
1771790699.0246508,6056,320.1094055175781
1771790707.6276948,6057,360.0263977050781
1771790716.184224,6058,364.1316223144531
1771790721.0444021,6059,258.69854736328125
1771790727.792335,6060,256.4076843261719
1771790753.719842,6061,312.2205810546875
1771790762.141669,6062,380.3917236328125
1771790765.5699098,6063,438.7983703613281
1771790779.5728488,6064,375.2436218261719
1771790779.7601228,6065,221.99832153320312
1771790780.979355,6066,321.26556396484375
1771790785.0356002,6067,255.06459045410156
1771790795.9522955,6068,276.4652404785156
1771790798.4555902,6069,248.76100158691406
1771790811.1118147,6070,292.8331298828125
1771790817.755479,6071,315.365234375
1771790832.1833005,6072,288.4263000488281
1771790835.622166,6073,257.80181884765625
1771790852.330637,6074,338.2381286621094
1771790864.9414737,6075,303.77923583984375
1771790877.3068862,6076,246.29791259765625
1771790882.9836082,6077,323.7012939453125
1771790886.2558694,6078,321.2359924316406
1771790899.7065754,6079,287.4527587890625
1771790900.8232486,6080,261.63037109375
1771790915.7925391,6081,323.46063232421875
1771790919.2125666,6082,330.4873352050781
1771790926.6898808,6083,393.90313720703125
1771790953.031178,6084,309.2895812988281
1771790954.6352532,6085,222.72006225585938
1771790959.2978191,6086,402.8983154296875
1771790974.2611177,6087,274.2618713378906
1771791076.2497256,6088,288.276611328125
1771791076.3750856,6089,146.66360473632812
1771791097.1178775,6090,298.1558837890625
1771791112.7821465,6091,311.6872253417969
1771791131.27203,6092,299.55450439453125
1771791136.168813,6093,336.6683044433594
1771791154.0017338,6094,304.7425842285156
1771791162.8359294,6095,350.7129211425781
1771791179.7043624,6096,314.4740295410156
1771791190.395513,6097,332.7696838378906
1771791221.8755755,6098,316.8526306152344
1771791222.0029645,6099,1119.5791015625
1771791235.7884214,6100,288.3639831542969
1771791245.5311341,6101,310.57403564453125
1771791251.5210264,6102,296.7628173828125
1771791264.6271574,6103,310.59576416015625
1771791271.1630504,6104,281.00341796875
1771791271.28794,6105,505.6542053222656
1771791281.5549808,6106,339.9847412109375
1771791281.8104784,6107,205.2999725341797
1771791291.2696981,6108,311.03802490234375
1771791292.77593,6109,476.2584228515625
1771791293.3834033,6110,284.2703857421875
1771791298.188298,6111,259.38330078125
1771791299.0971615,6112,448.1663513183594
1771791313.1437216,6113,301.29736328125
1771791339.9273162,6114,284.4828186035156
1771791353.7796085,6115,320.76458740234375
1771791357.2055976,6116,307.21295166015625
1771791385.382129,6117,318.65234375
1771791433.6919196,6118,336.28973388671875
1771791440.8219237,6119,323.30413818359375
1771791441.008585,6120,238.49746704101562
1771791444.4077315,6121,310.954345703125
1771791451.7770228,6122,261.8018798828125
1771791452.6856496,6123,161.53221130371094
1771791453.133404,6124,167.20208740234375
1771791467.528446,6125,325.47052001953125
1771791471.9958076,6126,261.851806640625
1771791473.2097762,6127,273.19256591796875
1771791476.553046,6128,214.84698486328125
1771791499.4374957,6129,316.81512451171875
1771791502.9018984,6130,317.5150146484375
1771791503.030838,6131,76.53538513183594
1771791511.701478,6132,228.90328979492188
1771791513.2033403,6133,379.3238525390625
1771791522.3848264,6134,304.3410949707031
1771791543.6898823,6135,321.70587158203125
1771791543.821047,6136,80.06680297851562
1771791550.392284,6137,311.7887878417969
1771791550.709493,6138,81.83135223388672
1771791554.1280098,6139,416.16552734375
1771791557.8053496,6140,315.5985107421875
1771791557.9354837,6141,86.5849380493164
1771791563.4957652,6142,299.2373046875
1771791566.9285266,6143,230.44979858398438
1771791567.0564663,6144,27.99969482421875
1771791583.8927467,6145,293.5569763183594
1771791593.5804565,6146,224.72552490234375
1771791593.710272,6147,145.39453125
1771791593.8385844,6148,62.26545715332031
1771791600.0112503,6149,346.5625915527344
1771791607.6909997,6150,307.83001708984375
1771791613.7337408,6151,309.3820495605469
1771791613.868258,6152,109.53150177001953
1771791620.6628788,6153,258.2049255371094
1771791623.0961723,6154,363.3997497558594
1771791630.7860305,6155,346.26171875
1771791640.59666,6156,307.29205322265625
1771791644.0099587,6157,391.1783447265625
1771791663.6400254,6158,320.6475524902344
1771791680.6327686,6159,261.8766174316406
1771791704.8777838,6160,313.80572509765625
1771791717.365231,6161,308.3865661621094
1771791737.0494537,6162,306.5489196777344
1771791767.4774039,6163,339.3370666503906
1771791903.6657526,6164,332.87066650390625
1771791907.504575,6165,424.8858642578125
1771791928.1531365,6166,317.85693359375
1771791932.0245926,6167,320.4443664550781
1771791937.244198,6168,288.2616271972656
1771791946.4430768,6169,299.9496154785156
1771791958.5714738,6170,317.3531494140625
1771791981.882772,6171,278.7164611816406
1771791985.3289363,6172,351.0096130371094
1771792002.4432743,6173,346.62286376953125
1771792006.9903872,6174,357.4517822265625
1771792024.4267354,6175,355.99432373046875
1771792024.5570776,6176,171.3271484375
1771792062.6062522,6177,322.54412841796875
1771792073.6509078,6178,296.7745056152344
1771792094.7725813,6179,379.1778869628906
1771792098.135314,6180,345.7204895019531
1771792110.6772287,6181,297.5104675292969
1771792111.3793387,6182,398.9157409667969
1771792118.8021774,6183,281.079345703125
1771792124.1356838,6184,317.94354248046875
1771792135.6271546,6185,282.99267578125
1771792142.3595047,6186,336.4837341308594
1771792145.713726,6187,351.1327209472656
1771792145.8371847,6188,270.68182373046875
1771792174.190083,6189,332.31414794921875
1771792177.5175977,6190,484.0606384277344
1771792185.1454408,6191,341.59979248046875
1771792201.9527965,6192,341.7412414550781
1771792252.2798383,6193,243.23976135253906
1771792256.7802913,6194,349.40618896484375
1771792265.4278097,6195,280.1665344238281
1771792297.8313818,6196,319.947265625
1771792303.5376666,6197,435.5785827636719
1771792306.7996125,6198,344.33673095703125
1771792310.124842,6199,224.72250366210938
1771792336.8025186,6200,323.8943786621094
1771792340.1711535,6201,244.84092712402344
1771792361.005688,6202,309.0013122558594
1771792373.1320045,6203,329.62548828125
1771792373.261948,6204,58.625938415527344
1771792373.3894482,6205,66.62979888916016
1771792391.8662148,6206,344.8206481933594
1771792399.920578,6207,300.20245361328125
1771792423.6623418,6208,312.0913391113281
1771792431.3994317,6209,354.13018798828125
1771792450.296503,6210,323.7348327636719
1771792460.712406,6211,314.64398193359375
1771792471.2585797,6212,388.546142578125
1771792492.9086313,6213,307.1100769042969
1771792503.2291205,6214,310.59051513671875
1771792523.6005614,6215,349.4693298339844
1771792533.2643676,6216,316.0491638183594
1771792539.0528166,6217,337.0128173828125
1771792543.4327796,6218,287.91131591796875
1771792543.5697339,6219,900.799072265625
1771792554.288548,6220,343.0804138183594
1771792560.2052522,6221,410.1972961425781
1771792567.5134847,6222,243.8649139404297
1771792628.1153467,6223,362.9910583496094
1771792648.1607578,6224,317.0259094238281
1771792651.502898,6225,303.5876770019531
1771792654.5728912,6226,367.8533935546875
1771792657.9854279,6227,380.58306884765625
1771792673.3061712,6228,360.0679931640625
1771792679.9457805,6229,296.3274230957031
1771792692.1622326,6230,323.3633117675781
1771792712.0483687,6231,318.75634765625
1771792712.17427,6232,697.7262573242188
1771792712.300035,6233,137.84596252441406
1771792715.5926955,6234,234.01910400390625
1771792722.1086664,6235,246.3031463623047
1771792729.2450247,6236,393.0149230957031
1771792732.9989939,6237,262.88525390625
1771792736.3605015,6238,362.57147216796875
1771792737.42886,6239,333.34014892578125
1771792748.9927926,6240,310.50335693359375
1771792751.94942,6241,389.0208435058594
1771792760.171477,6242,384.15655517578125
1771792764.3069892,6243,407.5045166015625
1771792780.5307071,6244,316.9385070800781
1771792780.6587803,6245,58.226436614990234
1771792788.047519,6246,359.83660888671875
1771792796.5706277,6247,292.2012023925781
1771792799.3732297,6248,347.5191955566406
1771792804.9348269,6249,500.9762878417969
1771792837.6250005,6250,345.421630859375
1771792848.2650788,6251,285.75250244140625
1771792859.9964883,6252,329.6993713378906
1771792863.3065124,6253,331.829833984375
1771792868.3677943,6254,360.6119079589844
1771792874.9585245,6255,321.8794860839844
1771792882.6833582,6256,311.7215881347656
1771792882.807248,6257,58.343448638916016
1771792904.65734,6258,344.2297058105469
1771792925.1922743,6259,297.65960693359375
1771792931.6712303,6260,259.11273193359375
1771792952.667008,6261,373.3480529785156
1771793024.8911414,6262,128.9635467529297
1771793034.5998433,6263,301.1646728515625
1771793047.0148208,6264,356.6781311035156
1771793066.138647,6265,297.006103515625
1771793066.7393384,6266,800.3926391601562
1771793073.7835166,6267,318.0461730957031
1771793078.7102113,6268,371.3656921386719
1771793079.6596787,6269,168.22401428222656
1771793084.7694035,6270,390.07818603515625
1771793087.64404,6271,336.5929870605469
1771793091.8942277,6272,279.7309875488281
1771793118.7693079,6273,328.60858154296875
1771793137.960396,6274,297.3855285644531
1771793143.048072,6275,312.79510498046875
1771793152.442046,6276,344.5352478027344
1771793156.9141765,6277,296.5190734863281
1771793167.8025959,6278,323.6094970703125
1771793177.7475128,6279,379.5052795410156
1771793185.6401982,6280,298.68560791015625
1771793189.1418505,6281,353.9109802246094
1771793202.3823562,6282,317.8415222167969
1771793210.2158322,6283,315.2611999511719
1771793214.1388676,6284,263.4560852050781
1771793214.2694838,6285,145.98602294921875
1771793224.7276034,6286,328.2641296386719
1771793235.1908865,6287,339.6437072753906
1771793242.1369789,6288,276.1448669433594
1771793244.9978442,6289,313.3572998046875
1771793248.408733,6290,229.64088439941406
1771793249.550988,6291,401.7132263183594
1771793278.4714015,6292,303.0795593261719
1771793291.6088514,6293,270.5992126464844
1771793308.7821712,6294,334.7669982910156
1771793312.4111507,6295,336.2326354980469
1771793313.2077239,6296,466.5089111328125
1771793328.4731557,6297,393.48883056640625
1771793334.0025346,6298,322.36920166015625
1771793368.8255234,6299,310.4729309082031
1771793476.0402155,6300,324.6044921875
1771793479.6730592,6301,247.9564666748047
1771793488.8585706,6302,293.9590148925781
1771793505.5441756,6303,321.37396240234375
1771793507.3296173,6304,305.3139343261719
1771793509.42442,6305,466.9200744628906
1771793517.6734653,6306,336.1731262207031
1771793541.6077306,6307,302.6452941894531
1771793544.3609548,6308,405.01995849609375
1771793566.0709877,6309,331.6584167480469
1771793569.5153563,6310,310.29010009765625
1771793573.3876371,6311,345.33148193359375
1771793573.5174634,6312,356.3360595703125
1771793585.9013643,6313,351.9947814941406
1771793592.5149603,6314,337.9330139160156
1771793601.9739618,6315,354.0096435546875
1771793610.1310394,6316,286.9839782714844
1771793614.0757656,6317,381.1705627441406
1771793616.6281943,6318,291.200927734375
1771793625.9544034,6319,336.3031921386719
1771793642.9351544,6320,288.8309631347656
1771793656.0105486,6321,363.0299377441406
1771793659.3872776,6322,399.4742736816406
1771793666.414196,6323,367.1546936035156
1771793669.2112849,6324,311.8365173339844
1771793686.2348042,6325,348.0262756347656
1771793686.9240553,6326,241.62168884277344
1771793692.4989676,6327,373.8695068359375
1771793704.0234075,6328,349.6236877441406
1771793721.782691,6329,374.4258728027344
1771793725.2321532,6330,388.23419189453125
1771793736.5927641,6331,344.42462158203125
1771793741.3850055,6332,396.63079833984375
1771793766.203845,6333,342.3026123046875
1771793766.3288445,6334,364.56201171875
1771793778.3924773,6335,354.8793029785156
1771793870.6666539,6336,344.00982666015625
1771793875.1224377,6337,271.0187072753906
1771793880.585059,6338,372.0179443359375
1771793898.6394503,6339,309.5561218261719
1771793904.713799,6340,287.9539794921875
1771793914.6355004,6341,334.3603210449219
1771793934.4470656,6342,371.4665222167969
1771793960.1313102,6343,284.1833801269531
1771793969.677941,6344,406.08612060546875
1771793976.2098405,6345,308.2198486328125
1771793987.189101,6346,377.545654296875
1771793990.4445314,6347,352.3301696777344
1771793996.796917,6348,486.5115966796875
1771794001.1978717,6349,335.9171142578125
1771794012.0397735,6350,300.5193786621094
1771794012.1727128,6351,1030.506103515625
1771794031.4174592,6352,349.5404968261719
1771794046.2687485,6353,335.0803527832031
1771794049.9680269,6354,375.0043640136719
1771794052.2094076,6355,371.3286437988281
1771794058.88844,6356,350.1407470703125
1771794066.1504362,6357,319.48236083984375
1771794071.3995376,6358,392.25579833984375
1771794072.1126971,6359,231.32008361816406
1771794077.9647193,6360,361.8176574707031
1771794078.1591604,6361,444.4043884277344
1771794090.8307788,6362,280.0096740722656
1771794098.1085122,6363,270.41015625
1771794126.7277913,6364,380.9294128417969
1771794132.8400693,6365,364.0652160644531
1771794164.6143813,6366,315.1175842285156
1771794177.6511548,6367,298.266845703125
1771794234.6768773,6368,332.99578857421875
1771794240.4364288,6369,404.32049560546875
1771794267.0328467,6370,340.11822509765625
1771794279.060771,6371,377.9599609375
1771794285.966089,6372,332.0406799316406
1771794291.8660765,6373,410.8233642578125
1771794299.7202218,6374,306.8556823730469
1771794304.726749,6375,395.1549377441406
1771794318.9053974,6376,320.697998046875
1771794350.2257707,6377,348.36944580078125
1771794368.529262,6378,373.2816162109375
1771794376.3629408,6379,353.7236633300781
1771794382.6824648,6380,313.8756408691406
1771794390.7444804,6381,335.4383850097656
1771794394.524501,6382,339.9496154785156
1771794401.211268,6383,386.5351867675781
1771794413.6780102,6384,324.1340026855469
1771794443.8377483,6385,379.5909423828125
1771794451.8223557,6386,410.6960144042969
1771794455.082562,6387,292.82086181640625
1771794464.2298956,6388,308.3028259277344
1771794468.8774939,6389,383.7791748046875
1771794474.0167708,6390,296.254150390625
1771794486.9631188,6391,316.8705749511719
1771794491.885059,6392,240.1040496826172
1771794505.0152903,6393,383.1636047363281
1771794531.969367,6394,334.1398620605469
1771794532.110579,6395,93.66978454589844
1771794534.7122579,6396,368.4302673339844
1771794545.1008468,6397,425.91766357421875
1771794550.5455778,6398,350.2736511230469
1771794640.7913735,6399,289.58392333984375
1771794648.1608796,6400,355.4474182128906
1771794660.146365,6401,287.70208740234375
1771794663.4749677,6402,360.6401672363281
1771794663.6002393,6403,109.3620376586914
1771794677.6343853,6404,352.3666687011719
1771794686.5383883,6405,338.29730224609375
1771794694.6990008,6406,370.1900939941406
1771794711.410207,6407,353.4757385253906
1771794725.5369017,6408,309.7626037597656
1771794725.6600096,6409,726.927978515625
1771794750.6437612,6410,351.1641540527344
1771794781.1321936,6411,329.57147216796875
1771794804.970329,6412,341.6961669921875
1771794816.0476062,6413,348.58984375
1771794819.379895,6414,363.9468994140625
1771794823.5438192,6415,366.1584777832031
1771794825.9000201,6416,187.26255798339844
1771794840.5023272,6417,422.1134338378906
1771794841.6898856,6418,272.80987548828125
1771794864.9939933,6419,330.63153076171875
1771794874.3815677,6420,306.6113586425781
1771794874.5100853,6421,68.27204895019531
1771794877.2295325,6422,176.79380798339844
1771794880.6258583,6423,204.53887939453125
1771794884.0095253,6424,356.2608947753906
1771794897.6415017,6425,309.5508728027344
1771794897.7735195,6426,71.29214477539062
1771794897.9013617,6427,53.75718688964844
1771794916.0824673,6428,393.0307922363281
1771794916.2111964,6429,174.25286865234375
1771794916.402153,6430,302.70452880859375
1771794921.415273,6431,462.09442138671875
1771794927.5149066,6432,362.06622314453125
1771794935.5286164,6433,360.1165771484375
1771794941.6766508,6434,282.8565368652344
1771794941.8063354,6435,68.08023071289062
1771794950.7964225,6436,358.22210693359375
1771794951.925586,6437,245.28857421875
1771794960.2675312,6438,248.04156494140625
1771795026.5928671,6439,211.0666961669922
1771795045.1528716,6440,362.7727966308594
1771795062.1691144,6441,351.37420654296875
1771795062.2966516,6442,416.2086181640625
1771795094.5212507,6443,306.7013244628906
1771795108.9945507,6444,303.4646301269531
1771795118.2597215,6445,414.5833435058594
1771795122.4763591,6446,332.96142578125
1771795125.909666,6447,278.4797668457031
1771795129.2381904,6448,311.5403137207031
1771795139.9321544,6449,330.8201599121094
1771795144.6027346,6450,313.3908996582031
1771795148.3335383,6451,237.30470275878906
1771795166.903708,6452,351.2326354980469
1771795181.131965,6453,376.8327331542969
1771795195.2902431,6454,349.5516357421875
1771795210.6192832,6455,342.7198486328125
1771795219.7569551,6456,388.40606689453125
1771795227.541572,6457,415.6891784667969
1771795231.6386402,6458,237.06736755371094
1771795235.086557,6459,360.0862731933594
1771795238.6108375,6460,329.6860656738281
1771795247.5997252,6461,271.2840576171875
1771795262.2937949,6462,289.7486572265625
1771795268.4498594,6463,292.6070556640625
1771795286.9208162,6464,356.759033203125
1771795306.8608048,6465,293.3422546386719
1771795315.5384622,6466,335.6589660644531
1771795321.2037027,6467,354.29779052734375
1771795334.9886124,6468,311.73394775390625
1771795338.3574564,6469,552.9847412109375
1771795354.574236,6470,381.1661071777344
1771795446.6180494,6471,403.1471252441406
1771795450.252555,6472,372.23455810546875
1771795453.751914,6473,332.9453125
1771795475.3801742,6474,344.11334228515625
1771795496.5714722,6475,342.1357421875
1771795500.1126482,6476,291.9285583496094
1771795507.6426044,6477,355.4508972167969
1771795510.9672987,6478,270.8392028808594
1771795546.190209,6479,322.9102783203125
1771795559.5151498,6480,334.45965576171875
1771795560.0760705,6481,147.54522705078125
1771795560.4283934,6482,550.498291015625
1771795572.9047236,6483,318.4358215332031
1771795578.5737426,6484,286.7494812011719
1771795589.454924,6485,331.92059326171875
1771795593.4362411,6486,311.2170715332031
1771795615.5473835,6487,354.1610412597656
1771795618.9941773,6488,323.2853088378906
1771795642.305725,6489,318.7181091308594
1771795653.3322115,6490,381.5443115234375
1771795655.8524735,6491,324.5523376464844
1771795660.955573,6492,357.26165771484375
1771795665.5769866,6493,346.35443115234375
1771795678.0967894,6494,380.9541320800781
1771795690.8110282,6495,327.324462890625
1771795698.062135,6496,283.0757751464844
1771795701.4239562,6497,362.3608093261719
1771795707.5530052,6498,351.345703125
1771795719.1883817,6499,374.6933288574219
1771795719.3155653,6500,367.8611755371094
1771795726.881598,6501,421.3958740234375
1771795742.4416242,6502,315.1996765136719
1771795753.4536648,6503,397.9854431152344
1771795756.7619364,6504,391.71307373046875
1771795756.8898728,6505,59.49591827392578
1771795757.0152435,6506,57.44822692871094
1771795759.5958672,6507,495.8966369628906
1771795785.4879022,6508,284.99407958984375
1771795841.532578,6509,388.39227294921875
1771795856.1711602,6510,299.9902038574219
1771795866.2576277,6511,223.71400451660156
1771795878.242756,6512,333.26483154296875
1771795903.969675,6513,330.9378356933594
1771795907.5145283,6514,246.2727813720703
1771795907.6405687,6515,1783.355224609375
1771795924.0192366,6516,322.9822998046875
1771795924.145802,6517,1281.432373046875
1771795932.714342,6518,291.2760009765625
1771795935.9782891,6519,418.5506286621094
1771795969.3125553,6520,341.9141540527344
1771795974.776347,6521,320.0642395019531
1771795977.8163826,6522,326.94427490234375
1771795985.5822608,6523,281.9950256347656
1771795988.9614294,6524,239.76101684570312
1771795994.0531194,6525,235.15670776367188
1771795997.421359,6526,345.7169494628906
1771795997.6171663,6527,309.0001525878906
1771795999.0851104,6528,340.6589050292969
1771795999.21555,6529,127.08908081054688
1771796001.083282,6530,201.73931884765625
1771796012.000811,6531,253.921142578125
1771796019.6990266,6532,347.0482482910156
1771796027.3118706,6533,354.7695617675781
1771796030.7468276,6534,286.101318359375
1771796040.217917,6535,346.8686218261719
1771796053.6110997,6536,352.4374084472656
1771796077.4936728,6537,308.2192077636719
1771796082.0437346,6538,351.2452392578125
1771796094.1340675,6539,330.43939208984375
1771796104.7534354,6540,268.31640625
1771796105.7230997,6541,280.0788879394531
1771796117.371892,6542,311.74127197265625
1771796126.008377,6543,389.27313232421875
1771796127.8530693,6544,289.5432434082031
1771796144.1291976,6545,346.3437194824219
1771796261.905983,6546,312.1428527832031
1771796267.2794468,6547,309.3518371582031
1771796275.5094426,6548,362.6282653808594
1771796282.2282846,6549,350.91082763671875
1771796283.5978858,6550,345.90814208984375
1771796296.6011953,6551,305.45709228515625
1771796314.283949,6552,346.6524658203125
1771796329.787579,6553,361.86566162109375
1771796338.9327133,6554,371.5216369628906
1771796361.2635977,6555,392.856689453125
1771796366.9202142,6556,411.8642578125
1771796371.2193098,6557,211.56517028808594
1771796376.3892608,6558,372.7355651855469
1771796389.1633048,6559,302.9095764160156
1771796402.9563925,6560,268.1977844238281
1771796409.270284,6561,269.45684814453125
1771796428.528018,6562,363.32196044921875
1771796437.4150226,6563,396.1358947753906
1771796447.6368976,6564,382.2310791015625
1771796462.6088412,6565,316.40386962890625
1771796465.9535503,6566,458.3235168457031
1771796473.3966885,6567,321.68255615234375
1771796483.386624,6568,325.9615478515625
1771796494.5690668,6569,377.516845703125
1771796504.1444597,6570,330.02227783203125
1771796510.9442172,6571,275.10919189453125
1771796516.0106754,6572,461.26519775390625
1771796519.9546094,6573,309.03619384765625
1771796522.6448753,6574,427.8069763183594
1771796540.9365165,6575,305.18170166015625
1771796566.6319928,6576,286.81158447265625
1771796569.2343888,6577,440.028076171875
1771796585.3696735,6578,278.1907958984375
1771796663.3754334,6579,214.55686950683594
1771796672.1129854,6580,270.32757568359375
1771796675.599859,6581,302.32427978515625
1771796676.7563033,6582,403.2060241699219
1771796676.8829405,6583,54.00088882446289
1771796698.7637541,6584,328.64898681640625
1771796713.07244,6585,325.28033447265625
1771796749.7084532,6586,347.3289794921875
1771796771.9171324,6587,329.6453857421875
1771796779.5822232,6588,294.6542663574219
1771796780.180538,6589,646.37109375
1771796783.6099663,6590,325.8228454589844
1771796798.4810216,6591,306.98876953125
1771796798.8133297,6592,172.28924560546875
1771796810.152333,6593,356.5577087402344
1771796817.207746,6594,417.8940124511719
1771796823.5066607,6595,277.7437438964844
1771796829.3544412,6596,347.83990478515625
1771796842.9004061,6597,336.8424987792969
1771796847.6122909,6598,380.0464172363281
1771796852.2757897,6599,301.3416748046875
1771796855.7060912,6600,227.46043395996094
1771796867.6121147,6601,346.4176025390625
1771796872.096865,6602,319.4210205078125
1771796872.2389417,6603,100.1102523803711
1771796872.3687572,6604,69.57562255859375
1771796875.7724361,6605,474.0360412597656
1771796882.7981176,6606,333.2693176269531
1771796885.4318552,6607,433.2330322265625
1771796910.955668,6608,372.2626037597656
1771796914.6360762,6609,339.2373962402344
1771796919.0347645,6610,311.17706298828125
1771796925.3984435,6611,417.388916015625
1771796925.5228012,6612,236.47463989257812
1771796940.7103739,6613,352.681884765625
1771796940.846696,6614,161.7967529296875
1771796945.0689766,6615,239.86070251464844
1771796956.5597742,6616,322.1444396972656
1771796956.68925,6617,74.74231719970703
1771796973.8693268,6618,289.9422302246094
1771796981.521284,6619,474.6884460449219
1771796998.81034,6620,373.0242614746094
1771797121.8327394,6621,322.9895324707031
1771797122.3108156,6622,284.9519958496094
1771797132.5836222,6623,309.76824951171875
1771797136.0172591,6624,323.95660400390625
1771797140.3737185,6625,390.52423095703125
1771797143.7867448,6626,368.5049133300781
1771797158.9235163,6627,295.2758483886719
1771797162.3949683,6628,185.1528778076172
1771797162.5210452,6629,1782.8341064453125
1771797180.3435895,6630,332.34619140625
1771797187.4291518,6631,391.3877258300781
1771797192.5335073,6632,286.1717224121094
1771797195.515451,6633,347.822265625
1771797206.6374507,6634,261.3303527832031
1771797210.089992,6635,227.60337829589844
1771797214.0487497,6636,354.0335388183594
1771797235.2141228,6637,278.4270935058594
1771797235.6649244,6638,276.0310974121094
1771797247.89409,6639,292.94818115234375
1771797250.7993412,6640,428.35693359375
1771797254.1375282,6641,279.1044616699219
1771797262.6013503,6642,335.2017517089844
1771797285.3536434,6643,316.246337890625
1771797288.7167647,6644,250.28688049316406
1771797288.8456805,6645,880.8522338867188
1771797300.8655105,6646,333.18267822265625
1771797304.2810092,6647,387.33782958984375
1771797309.3608832,6648,287.0500183105469
1771797328.943387,6649,269.4449462890625
1771797348.4615946,6650,307.0297546386719
1771797363.4478524,6651,356.1734313964844
1771797376.60466,6652,257.2414245605469
1771797377.9953034,6653,178.71400451660156
1771797389.5858247,6654,333.8368835449219
1771797407.4667473,6655,348.6702880859375
1771797418.8970218,6656,319.19366455078125
1771797419.7050827,6657,280.9600830078125
1771797434.7805297,6658,303.4951171875
1771797549.0305877,6659,307.085693359375
1771797557.1894004,6660,406.2088928222656
1771797558.529705,6661,353.28179931640625
1771797571.6968756,6662,308.8898620605469
1771797583.5008163,6663,295.3969421386719
1771797596.9765303,6664,272.9736022949219
1771797604.1611662,6665,407.91888427734375
1771797608.9720323,6666,320.9139099121094
1771797629.5920286,6667,307.6717529296875
1771797630.930393,6668,506.8139343261719
1771797642.8290126,6669,305.5558776855469
1771797646.1646473,6670,402.8348693847656
1771797659.022734,6671,346.9040832519531
1771797688.431681,6672,270.43743896484375
1771797691.1736865,6673,278.05718994140625
1771797701.9126627,6674,287.9531555175781
1771797706.9612622,6675,303.5091552734375
1771797707.087972,6676,132.75799560546875
1771797714.38086,6677,391.86505126953125
1771797717.8411903,6678,298.902099609375
1771797721.2971897,6679,287.3902893066406
1771797721.4272673,6680,910.313720703125
1771797730.5886173,6681,342.8120422363281
1771797745.2664804,6682,337.8861083984375
1771797746.9003882,6683,288.4906921386719
1771797766.981809,6684,310.82586669921875
1771797773.852395,6685,300.484375
1771797773.9786172,6686,91.84598541259766
1771797780.7208931,6687,415.8672180175781
1771797780.8464692,6688,1010.3600463867188
1771797780.9743783,6689,63.532257080078125
1771797781.1023514,6690,44.40215301513672
1771797792.4001691,6691,315.6231689453125
1771797794.003016,6692,599.5823974609375
1771797797.6180403,6693,309.7873840332031
1771797799.9108174,6694,360.162841796875
1771797805.0035136,6695,378.89398193359375
1771797822.406888,6696,287.6399230957031
1771797822.5426211,6697,96.073974609375
1771797832.6208065,6698,331.5299987792969
1771797854.4843385,6699,275.2911071777344
1771797860.8793797,6700,235.56991577148438
1771797882.5138478,6701,369.68756103515625
1771797972.2060103,6702,295.2294616699219
1771797985.2024436,6703,265.63037109375
1771797995.5398247,6704,356.4908752441406
1771797998.898637,6705,387.1238098144531
1771798032.439745,6706,356.0079650878906
1771798032.694364,6707,927.332763671875
1771798043.2601123,6708,333.8145446777344
1771798043.4368474,6709,63.164642333984375
1771798049.0369437,6710,401.19769287109375
1771798063.0923986,6711,355.4457702636719
1771798066.7210057,6712,247.1669921875
1771798070.1321578,6713,240.25735473632812
1771798070.2567723,6714,41.9490966796875
1771798084.9930415,6715,307.31671142578125
1771798093.040601,6716,310.8518981933594
1771798093.1675868,6717,1149.6534423828125
1771798105.9804552,6718,288.4906311035156
1771798110.697598,6719,262.37188720703125
1771798110.8306851,6720,100.00788879394531
1771798114.2855232,6721,280.1014099121094
1771798127.0997984,6722,307.75335693359375
1771798137.7027225,6723,351.0967712402344
1771798137.836414,6724,64.32938385009766
1771798161.7495928,6725,297.6288757324219
1771798168.0412784,6726,280.7673034667969
1771798171.5170329,6727,233.9790802001953
1771798179.8676825,6728,360.97918701171875
1771798182.5926392,6729,312.65771484375
1771798193.645217,6730,259.41827392578125
1771798198.35234,6731,288.3930969238281
1771798210.5743504,6732,347.2418212890625
1771798217.0754194,6733,304.9234619140625
1771798236.1720142,6734,331.1960144042969
1771798241.146805,6735,312.6379699707031
1771798249.991772,6736,289.629150390625
1771798278.8696184,6737,291.52691650390625
1771798358.5393755,6738,306.4768371582031
1771798372.9424698,6739,343.86260986328125
1771798377.532493,6740,289.8179016113281
1771798400.3532536,6741,256.5452880859375
1771798416.0618212,6742,295.2518005371094
1771798418.3582764,6743,289.7933349609375
1771798442.033191,6744,310.2626953125
1771798448.6849318,6745,304.955078125
1771798452.1352797,6746,260.74700927734375
1771798474.3597474,6747,305.9217529296875
1771798483.6047456,6748,233.3206329345703
1771798487.049936,6749,269.30072021484375
1771798501.0654945,6750,298.0572204589844
1771798501.2001064,6751,102.98574829101562
1771798506.982526,6752,417.2839050292969
1771798524.0830476,6753,281.3907470703125
1771798537.2449963,6754,303.03057861328125
1771798543.037115,6755,203.9815673828125
1771798553.1783533,6756,341.2683410644531
1771798554.5179937,6757,568.1534423828125
1771798554.6426818,6758,99.14777374267578
1771798576.7947495,6759,304.79461669921875
1771798580.1198134,6760,254.4713592529297
1771798582.8792562,6761,386.6891174316406
1771798602.1287937,6762,294.07049560546875
1771798611.1126084,6763,366.22833251953125
1771798618.4392316,6764,329.8193664550781
1771798624.244249,6765,339.3802185058594
1771798630.2161334,6766,261.1037292480469
1771798633.7817469,6767,289.4368896484375
1771798636.499625,6768,262.4195251464844
1771798641.3552542,6769,372.0442810058594
1771798660.267818,6770,323.0097961425781
1771798724.8540144,6771,381.3480224609375
1771798735.3461506,6772,243.65187072753906
1771798736.5728116,6773,333.0033264160156
1771798741.5750184,6774,267.6986083984375
1771798748.0493114,6775,313.3499755859375
1771798777.5614474,6776,273.97674560546875
1771798778.9392405,6777,243.43511962890625
1771798780.114024,6778,486.2334289550781
1771798780.7782838,6779,493.6918640136719
1771798791.4155865,6780,282.6553039550781
1771798814.4583898,6781,322.29449462890625
1771798816.4666774,6782,276.7607727050781
1771798834.7428544,6783,255.17677307128906
1771798840.7873523,6784,265.1807861328125
1771798848.4818296,6785,274.21807861328125
1771798857.9606314,6786,286.66119384765625
1771798869.322655,6787,333.4134521484375
1771798871.8560984,6788,322.8716125488281
1771798885.6586738,6789,301.96246337890625
1771798893.970878,6790,234.57398986816406
1771798900.052252,6791,336.22198486328125
1771798907.8511522,6792,281.98187255859375
1771798921.1757603,6793,286.2918701171875
1771798922.485885,6794,680.4967041015625
1771798934.9598682,6795,278.6845397949219
1771798963.1604247,6796,283.4423522949219
1771798984.6171649,6797,293.4551696777344
1771799009.3899896,6798,284.1200256347656
1771799022.939569,6799,299.5769958496094
1771799037.5601964,6800,297.0740966796875
1771799046.189151,6801,266.8424377441406
1771799172.50895,6802,282.8055419921875
1771799190.8384318,6803,295.7572021484375
1771799208.6500463,6804,265.52191162109375
1771799214.6712077,6805,292.64984130859375
1771799257.537999,6806,268.9224548339844
1771799273.4130518,6807,274.9517517089844
1771799277.925916,6808,329.4377136230469
1771799285.0166898,6809,296.92596435546875
1771799318.363684,6810,261.7429504394531
1771799321.6560326,6811,319.43414306640625
1771799326.79106,6812,303.4376525878906
1771799345.2647831,6813,276.5281982421875
1771799348.029362,6814,221.736572265625
1771799353.5550616,6815,319.916015625
1771799353.6837335,6816,565.74560546875
1771799357.0530977,6817,189.04193115234375
1771799384.505901,6818,284.6983947753906
1771799387.9140887,6819,277.2478942871094
1771799390.3121073,6820,240.6789093017578
1771799393.7377377,6821,155.29275512695312
1771799401.4271047,6822,248.00535583496094
1771799404.5056567,6823,200.959716796875
1771799437.1791606,6824,289.7148132324219
1771799456.23403,6825,264.43896484375
1771799460.9575937,6826,437.31536865234375
1771799466.1554608,6827,296.6355285644531
1771799479.8813193,6828,286.86572265625
1771799486.600343,6829,225.66986083984375
1771799557.7448556,6830,260.3570251464844
1771799582.0399916,6831,278.1236877441406
1771799610.812573,6832,291.08465576171875
1771799623.1588082,6833,274.8297424316406
1771799628.4890218,6834,327.96588134765625
1771799633.8049648,6835,181.5569610595703
1771799639.0204523,6836,261.4714050292969
1771799652.7814405,6837,287.8382568359375
1771799673.5882297,6838,254.66575622558594
1771799686.390396,6839,276.56866455078125
1771799687.8241549,6840,293.5674133300781
1771799697.1297314,6841,210.33343505859375
1771799701.0421894,6842,297.9596252441406
1771799711.7765958,6843,270.2964782714844
1771799722.9172547,6844,319.19293212890625
1771799743.2182124,6845,277.49462890625
1771799755.3229237,6846,231.59097290039062
1771799755.4489136,6847,57.65452575683594
1771799760.0774007,6848,238.19175720214844
1771799771.9945004,6849,284.3981628417969
1771799777.5123913,6850,268.2161865234375
1771799782.9027877,6851,267.53253173828125
1771799792.7141657,6852,259.4245300292969
1771799792.844336,6853,72.62151336669922
1771799812.7533696,6854,293.7073669433594
1771799816.218376,6855,201.7405548095703
1771799816.3441405,6856,721.1724853515625
1771799857.4371986,6857,253.33892822265625
1771799860.9544263,6858,267.0028076171875
1771799868.4346318,6859,244.76144409179688
1771799978.028728,6860,148.53802490234375
1771799994.3797276,6861,248.0924072265625
1771800017.681824,6862,245.53038024902344
1771800017.8096852,6863,168.71127319335938
1771800021.6224763,6864,193.6351776123047
1771800033.2042253,6865,215.07887268066406
1771800055.3478112,6866,243.32626342773438
1771800058.7987607,6867,283.4248352050781
1771800058.9260962,6868,124.24605560302734
1771800070.827747,6869,224.53952026367188
1771800086.4164572,6870,245.0602569580078
1771800109.139453,6871,256.15289306640625
1771800109.270241,6872,782.05859375
1771800124.303204,6873,249.06381225585938
1771800140.4417193,6874,256.4510498046875
1771800147.215593,6875,265.600341796875
1771800153.0898743,6876,228.2825469970703
1771800163.3237567,6877,206.57484436035156
1771800211.8410854,6878,272.8970642089844
1771800221.6088848,6879,235.7414093017578
1771800232.5878947,6880,249.23289489746094
1771800236.022286,6881,283.17010498046875
1771800254.8351274,6882,232.12380981445312
1771800258.1519506,6883,298.99652099609375
1771800287.5683718,6884,217.14260864257812
1771800295.8652775,6885,212.6740264892578
1771800299.438757,6886,315.6821594238281
1771800302.7097492,6887,266.7828369140625
1771800417.0408804,6888,240.98275756835938
1771800426.85469,6889,219.68533325195312
1771800461.083045,6890,238.85494995117188
1771800470.1572113,6891,203.80618286132812
1771800473.5958354,6892,205.20840454101562
1771800474.4739468,6893,234.2416229248047
1771800497.529859,6894,211.6070098876953
1771800505.9391994,6895,243.62083435058594
1771800513.928599,6896,222.0629425048828
1771800533.5915236,6897,252.25062561035156
1771800539.0782347,6898,207.1344451904297
1771800548.0854216,6899,280.4080810546875
1771800574.3311424,6900,244.37704467773438
1771800589.486312,6901,248.70079040527344
1771800589.6471565,6902,263.90911865234375
1771800603.7717721,6903,214.1907196044922
1771800618.6116974,6904,230.9659423828125
1771800623.691678,6905,156.0977783203125
1771800629.6911469,6906,305.3772888183594
1771800633.5513241,6907,218.99505615234375
1771800636.9691825,6908,216.4123992919922
1771800655.0324235,6909,221.7061309814453
1771800688.3610013,6910,232.8013153076172
1771800699.0895379,6911,265.851318359375
1771800700.4622858,6912,226.77484130859375
1771800702.7065628,6913,244.04574584960938
1771800712.972061,6914,245.08302307128906
1771800713.959541,6915,237.82862854003906
1771800772.4595315,6916,182.05972290039062
1771800802.7008295,6917,234.53555297851562
1771800806.1606567,6918,216.36575317382812
1771800806.5518007,6919,380.7976989746094
1771800806.6749468,6920,74.29911804199219
1771800812.462354,6921,271.79937744140625
1771800812.5926783,6922,373.6675720214844
1771800812.7830465,6923,125.67636108398438
1771800816.2423134,6924,286.540283203125
1771800819.6047735,6925,265.4328308105469
1771800819.7285147,6926,587.0540771484375
1771800842.5529828,6927,224.72117614746094
1771800862.7472758,6928,224.5294189453125
1771800866.2945118,6929,206.72727966308594
1771800869.6851287,6930,284.5309143066406
1771800892.4058607,6931,195.8054656982422
1771800892.5346925,6932,227.24085998535156
1771800896.9035628,6933,180.57559204101562
1771800902.0764186,6934,194.64901733398438
1771800907.2765596,6935,258.95947265625
1771800907.4058025,6936,66.82450866699219
1771800913.8140829,6937,159.18484497070312
1771800917.8527231,6938,297.6369934082031
1771800947.499196,6939,200.47239685058594
1771800947.6289947,6940,616.2061767578125
1771800947.7579763,6941,41.7820930480957
1771800951.756272,6942,291.57281494140625
1771800955.9700513,6943,170.8740692138672
1771800956.1128151,6944,96.9002914428711
1771800972.8898907,6945,249.31187438964844
1771800995.130661,6946,198.0548858642578
1771801005.2016742,6947,219.99093627929688
1771801012.3688188,6948,212.57289123535156
1771801032.075735,6949,213.25814819335938
1771801044.2037916,6950,214.05613708496094
1771801052.6237447,6951,205.07713317871094
1771801064.111119,6952,193.07632446289062
1771801070.545155,6953,171.0555877685547
1771801093.2807012,6954,221.09628295898438
1771801111.9189265,6955,201.3866729736328
1771801210.1408777,6956,221.8208465576172
1771801242.3232265,6957,206.74705505371094
1771801262.8104353,6958,219.9073944091797
1771801271.4669013,6959,205.3114471435547
1771801296.3930302,6960,198.93434143066406
1771801301.3240466,6961,177.066650390625
1771801304.6739175,6962,203.91773986816406
1771801308.0294054,6963,185.79180908203125
1771801311.9584737,6964,201.80332946777344
1771801318.7653966,6965,220.20086669921875
1771801322.1986964,6966,206.47413635253906
1771801328.1066594,6967,194.36550903320312
1771801342.2945526,6968,160.56105041503906
1771801342.418707,6969,684.331787109375
1771801364.2442029,6970,214.00369262695312
1771801369.717531,6971,274.9273681640625
1771801380.5067012,6972,205.73587036132812
1771801401.3916104,6973,204.5609588623047
1771801424.4811394,6974,202.79830932617188
1771801426.8353057,6975,168.4781036376953
1771801429.231095,6976,157.85130310058594
1771801452.1799595,6977,193.41204833984375
1771801456.6016374,6978,176.61570739746094
1771801460.5301478,6979,150.37562561035156
1771801460.9384258,6980,144.54190063476562
1771801482.2610981,6981,188.48797607421875
1771801489.0499425,6982,166.52830505371094
1771801492.5140045,6983,181.2100067138672
1771801500.4568262,6984,197.68385314941406
1771801508.0537434,6985,198.58050537109375
1771801511.4740345,6986,233.8385772705078
1771801536.7488215,6987,176.78399658203125
1771801608.8845236,6988,171.77159118652344
1771801617.025077,6989,184.2135009765625
1771801618.009056,6990,101.30857849121094
1771801630.391355,6991,186.83078002929688
1771801633.8260536,6992,164.96493530273438
1771801637.4199972,6993,144.68740844726562
1771801639.246133,6994,206.5309295654297
1771801661.8080332,6995,187.23336791992188
1771801668.774973,6996,174.7016143798828
1771801693.8379443,6997,199.64224243164062
1771801711.751084,6998,181.8123016357422
1771801715.2115226,6999,186.970458984375
1771801718.639259,7000,180.8193817138672
1771801732.8048952,7001,189.63827514648438
1771801738.7693675,7002,249.4998321533203
1771801740.7928398,7003,139.91018676757812
1771801744.5881991,7004,188.8345184326172
1771801752.15,7005,215.7005615234375
1771801773.342393,7006,205.31820678710938
1771801773.9713614,7007,128.82843017578125
1771801777.9683473,7008,209.09136962890625
1771801778.095018,7009,53.35151672363281
1771801781.2632828,7010,216.3891143798828
1771801787.16289,7011,128.36061096191406
1771801798.0227897,7012,190.644287109375
1771801808.428788,7013,191.7165985107422
1771801813.3834486,7014,213.823486328125
1771801819.6681268,7015,216.11251831054688
1771801823.0345929,7016,173.2892303466797
1771801827.4723175,7017,208.47177124023438
1771801833.3196914,7018,192.4185333251953
1771801837.484713,7019,176.30084228515625
1771801841.2237158,7020,205.01773071289062
1771801845.2608595,7021,218.4423065185547
1771801879.535015,7022,181.0038299560547
1771801883.0208375,7023,117.76592254638672
1771801896.0390759,7024,153.5948028564453
1771801913.2120812,7025,181.75718688964844
1771801914.157534,7026,236.33221435546875
1771801914.2854311,7027,44.860652923583984
1771801938.555848,7028,157.89732360839844
1771802009.1761715,7029,191.13986206054688
1771802029.780552,7030,171.5317840576172
1771802069.5791547,7031,175.06414794921875
1771802077.745945,7032,121.45586395263672
1771802079.6990654,7033,143.5338592529297
1771802098.377191,7034,194.55445861816406
1771802101.754412,7035,130.70199584960938
1771802102.456316,7036,347.7847900390625
1771802107.3411279,7037,162.38143920898438
1771802129.146723,7038,159.5665283203125
1771802133.1996202,7039,170.8836669921875
1771802142.6198392,7040,160.53465270996094
1771802145.5665226,7041,211.31924438476562
1771802153.6429975,7042,152.99281311035156
1771802155.1438322,7043,144.1148223876953
1771802179.6130579,7044,200.00567626953125
1771802181.0076845,7045,184.02340698242188
1771802182.3576248,7046,114.75357055664062
1771802185.8058894,7047,220.43092346191406
1771802192.012132,7048,163.433349609375
1771802192.1417575,7049,90.9912109375
1771802197.1292627,7050,185.4983367919922
1771802231.1839273,7051,153.03497314453125
1771802236.306704,7052,143.1575164794922
1771802248.7583773,7053,164.89515686035156
1771802249.4516168,7054,67.18170166015625
1771802252.8865995,7055,233.9459228515625
1771802257.8254256,7056,201.46707153320312
1771802281.2766905,7057,157.2394561767578
1771802281.4025178,7058,46.30840301513672
1771802285.4640746,7059,160.08908081054688
1771802285.590526,7060,60.811485290527344
1771802292.303745,7061,174.6485595703125
1771802297.5820274,7062,120.6460952758789
1771802304.0334237,7063,209.9942626953125
1771802311.692439,7064,189.76368713378906
1771802398.5435238,7065,130.6501007080078
1771802407.9777927,7066,148.6907958984375
1771802413.5819576,7067,154.70042419433594
1771802429.99394,7068,170.1111602783203
1771802431.1305175,7069,199.8135986328125
1771802437.0432284,7070,162.6553192138672
1771802465.8577528,7071,160.5476837158203
1771802492.5259626,7072,137.44541931152344
1771802499.0524352,7073,163.3764190673828
1771802504.3331518,7074,175.4510955810547
1771802511.8732681,7075,155.80433654785156
1771802512.0141,7076,99.27861785888672
1771802530.5240057,7077,174.47149658203125
1771802536.088346,7078,162.9850616455078
1771802555.4778256,7079,167.5303192138672
1771802572.9233937,7080,127.19303131103516
1771802575.5095954,7081,179.34051513671875
1771802592.523346,7082,158.23300170898438
1771802595.033502,7083,130.83424377441406
1771802602.2144403,7084,164.95846557617188
1771802614.5991309,7085,116.19120788574219
1771802622.2137842,7086,168.79989624023438
1771802625.750711,7087,101.41426086425781
1771802632.7060826,7088,126.51924133300781
1771802653.9745393,7089,153.61009216308594
1771802669.8633697,7090,132.2809600830078
1771802687.567255,7091,130.5633087158203
1771802687.6966577,7092,668.7149047851562
1771802691.7042952,7093,127.81351470947266
1771802691.8274736,7094,30.260963439941406
1771802720.9384284,7095,145.7707061767578
1771802825.051054,7096,161.75747680664062
1771802843.010019,7097,119.52677917480469
1771802843.613106,7098,114.27352905273438
1771802857.5761464,7099,138.89266967773438
1771802863.675357,7100,119.86066436767578
1771802884.883228,7101,143.5342254638672
1771802908.5227635,7102,141.27578735351562
1771802918.098792,7103,129.9378204345703
1771802925.047638,7104,140.88035583496094
1771802928.8908458,7105,109.57162475585938
1771802948.591812,7106,115.5056381225586
1771802952.0602357,7107,97.90062713623047
1771802952.1863468,7108,25.581153869628906
1771802955.5322893,7109,177.69448852539062
1771802956.4573245,7110,98.85188293457031
1771802970.1937835,7111,133.96066284179688
1771802973.5603483,7112,168.50393676757812
1771802990.2344935,7113,125.61572265625
1771802995.8730807,7114,163.31687927246094
1771803008.022963,7115,140.1866455078125
1771803013.5009158,7116,157.43357849121094
1771803018.0635395,7117,103.24458312988281
1771803018.1907938,7118,90.14376831054688
1771803023.8935304,7119,169.7641143798828
1771803038.9418998,7120,127.73119354248047
1771803052.9238253,7121,160.2293701171875
1771803057.2346406,7122,134.51849365234375
1771803071.2790215,7123,136.54638671875
1771803071.4064004,7124,761.4251098632812
1771803075.44882,7125,135.4020233154297
1771803078.8258798,7126,121.060302734375
1771803082.734198,7127,99.896484375
1771803093.996637,7128,133.4596710205078
1771803099.02052,7129,127.90019989013672
1771803108.3448935,7130,125.39695739746094
1771803139.9812481,7131,111.22505187988281
1771803212.824329,7132,112.78522491455078
1771803222.3464007,7133,121.21818542480469
1771803227.0883589,7134,123.74441528320312
1771803232.5321019,7135,152.91677856445312
1771803234.483371,7136,185.3900909423828
1771803237.8055995,7137,107.94794464111328
1771803243.0037992,7138,108.44864654541016
1771803270.3921268,7139,129.61907958984375
1771803283.7284825,7140,133.0410919189453
1771803283.8548417,7141,572.11474609375
1771803288.8104885,7142,114.42528533935547
1771803320.9579387,7143,114.77375030517578
1771803338.5384252,7144,114.35594177246094
1771803338.6697137,7145,34.146583557128906
1771803351.7626693,7146,116.81311798095703
1771803353.8201277,7147,166.74127197265625
1771803370.348848,7148,112.62731170654297
1771803386.337254,7149,134.30288696289062
1771803407.239248,7150,103.54930877685547
1771803407.407046,7151,36.526695251464844
1771803410.7393174,7152,118.68798065185547
1771803425.7750516,7153,137.74703979492188
1771803459.4262383,7154,123.09596252441406
1771803467.0904582,7155,139.19198608398438
1771803481.6897917,7156,134.85731506347656
1771803494.9986203,7157,118.77814483642578
1771803507.0876231,7158,96.74847412109375
1771803514.0753472,7159,116.00798034667969
1771803517.5580847,7160,80.31336212158203
1771803530.9764292,7161,114.74646759033203
1771803700.564972,7162,116.83672332763672
1771803700.6894965,7163,32.99582290649414
1771803717.1437798,7164,115.3348159790039
1771803728.313329,7165,109.00553894042969
1771803739.4615932,7166,102.43656921386719
1771803762.9931607,7167,115.33875274658203
1771803766.3920329,7168,104.520751953125
1771803795.4503806,7169,105.12539672851562
1771803811.1626043,7170,116.16942596435547
1771803811.29047,7171,49.94850540161133
1771803814.745438,7172,91.25908660888672
1771803819.9597876,7173,152.23211669921875
1771803834.2011437,7174,93.28455352783203
1771803834.3293574,7175,65.80235290527344
1771803847.3299725,7176,124.2607650756836
1771803849.7458546,7177,130.74659729003906
1771803860.3659306,7178,90.10601043701172
1771803887.6375031,7179,98.43462371826172
1771803906.5481842,7180,120.7865219116211
1771803913.7247744,7181,126.33806610107422
1771803933.29686,7182,108.04471588134766
1771803936.7868595,7183,100.30811309814453
1771803940.1946657,7184,73.93429565429688
1771803963.241634,7185,99.6156005859375
1771803990.5124192,7186,99.71345520019531
1771804010.3519404,7187,98.72091674804688
1771804106.0644753,7188,75.88322448730469
1771804109.4845328,7189,136.1894989013672
1771804115.9435735,7190,119.9293212890625
1771804119.5400584,7191,89.44576263427734
1771804130.3860447,7192,119.83624267578125
1771804148.0531511,7193,103.51042175292969
1771804153.6179955,7194,86.42723846435547
1771804185.2284544,7195,103.98509979248047
1771804197.5484567,7196,94.46903991699219
1771804247.3034325,7197,97.30689239501953
1771804256.4107175,7198,99.08702087402344
1771804256.5718644,7199,899.55615234375
1771804274.4803767,7200,97.08541107177734
1771804311.111028,7201,95.27709197998047
1771804328.305908,7202,86.95610046386719
1771804332.3261156,7203,81.8499526977539
1771804335.7604518,7204,79.9773941040039
1771804344.0397542,7205,128.42019653320312
1771804352.493727,7206,87.5891342163086
1771804380.2673373,7207,95.0699234008789
1771804383.6749241,7208,68.3839111328125
1771804383.8008227,7209,49.07721710205078
1771804387.9168804,7210,93.45713806152344
1771804393.2707198,7211,94.73265075683594
1771804402.651438,7212,112.8124771118164
1771804443.7358093,7213,96.7002182006836
1771804516.4754846,7214,104.92507934570312
1771804528.8263717,7215,99.50114440917969
1771804538.9098542,7216,80.18014526367188
1771804545.0955958,7217,93.49440002441406
1771804553.6490479,7218,95.87272644042969
1771804561.6257823,7219,105.44943237304688
1771804562.2878182,7220,49.76955795288086
1771804591.5278094,7221,97.0562973022461
1771804596.20766,7222,99.23735809326172
1771804598.6624413,7223,67.9533920288086
1771804631.4630291,7224,89.25332641601562
1771804640.1293476,7225,80.03484344482422
1771804640.2704298,7226,29.681930541992188
1771804643.3811543,7227,99.28677368164062
1771804649.8109124,7228,81.352294921875
1771804654.709751,7229,72.1236572265625
1771804661.025528,7230,86.70435333251953
1771804666.3106601,7231,87.93539428710938
1771804674.2764053,7232,82.83106994628906
1771804677.9020495,7233,93.9541015625
1771804690.9250572,7234,90.5689468383789
1771804697.4251435,7235,84.75370025634766
1771804718.842097,7236,90.4937973022461
1771804719.8870692,7237,106.28936004638672
1771804733.7404442,7238,101.94253540039062
1771804742.0875902,7239,68.79178619384766
1771804744.4270134,7240,97.82027435302734
1771804747.8941264,7241,71.55059814453125
1771804761.6175966,7242,73.49112701416016
1771804772.1359773,7243,95.28238677978516
1771804776.0091,7244,104.72174835205078
1771804778.48646,7245,129.17703247070312
1771804782.4294956,7246,89.80738830566406
1771804794.5362267,7247,92.4642105102539
1771804804.5446172,7248,91.68202209472656
1771804807.928317,7249,78.10958099365234
1771804827.0841165,7250,100.76863098144531
1771804890.070934,7251,85.13097381591797
1771804893.5564332,7252,98.56291198730469
1771804905.6651351,7253,94.90365600585938
1771804909.2619362,7254,84.88119506835938
1771804924.5631454,7255,82.62825012207031
1771804932.6165943,7256,92.23579406738281
1771804933.0015888,7257,34.67589569091797
1771804943.6564546,7258,96.3663558959961
1771804945.3896055,7259,60.20974349975586
1771804950.864921,7260,79.37026977539062
1771804962.988919,7261,90.03445434570312
1771804963.3209994,7262,59.8539924621582
1771804974.898492,7263,89.09413146972656
1771804975.025433,7264,80.65226745605469
1771804982.6208324,7265,86.23284149169922
1771804987.7634182,7266,91.65834045410156
1771804988.5372493,7267,138.7889404296875
1771804991.8089683,7268,82.80513000488281
1771804995.2860546,7269,87.33024597167969
1771805001.0370579,7270,73.41844940185547
1771805005.0520875,7271,76.30432891845703
1771805005.1748705,7272,111.1226806640625
1771805014.4562001,7273,79.8529052734375
1771805026.262187,7274,84.7478256225586
1771805031.051888,7275,111.25902557373047
1771805036.9702935,7276,62.0002326965332
1771805037.1034617,7277,40.38294219970703
1771805064.2328105,7278,83.68275451660156
1771805069.2678525,7279,97.061279296875
1771805076.9145048,7280,96.16421508789062
1771805090.7760103,7281,87.97888946533203
1771805095.4693954,7282,75.3656997680664
1771805106.126894,7283,104.9610824584961
1771805106.2569003,7284,63.02647399902344
1771805138.4214127,7285,84.55517578125
1771805149.0673318,7286,94.03142547607422
1771805171.0522728,7287,83.60684204101562
1771805174.6191893,7288,114.25348663330078
1771805180.4815323,7289,79.9530258178711
1771805186.8967006,7290,86.93809509277344
1771805192.3448586,7291,76.01062774658203
1771805196.4734085,7292,95.99919891357422
1771805196.5964918,7293,16.30452537536621
1771805216.0244977,7294,82.25914764404297
1771805250.352643,7295,83.1627197265625
1771805250.477955,7296,170.3631134033203
1771805250.604667,7297,22.250459671020508
1771805255.4262314,7298,68.82278442382812
1771805262.6729047,7299,85.19163513183594
1771805274.1505692,7300,88.04094696044922
1771805277.5882945,7301,101.8125
1771805292.0980756,7302,85.33687591552734
1771805298.3615093,7303,74.1679916381836
1771805304.0572724,7304,81.5575942993164
1771805310.7054653,7305,73.57048797607422
1771805323.895891,7306,85.5093002319336
1771805327.960991,7307,67.60803985595703
1771805328.2138731,7308,27.2181339263916
1771805328.40042,7309,23.05022430419922
1771805328.5259063,7310,20.874637603759766
1771805341.6144888,7311,79.09746551513672
1771805341.8766606,7312,44.53125762939453
1771805344.6221392,7313,81.82471466064453
1771805362.9095001,7314,96.6975326538086
1771805366.8108535,7315,79.98734283447266
1771805383.9758785,7316,77.89717864990234
1771805384.1100154,7317,30.29859161376953
1771805392.626172,7318,95.35626983642578
1771805415.3715584,7319,79.4557876586914
1771805415.5025907,7320,89.71086120605469
1771805420.6359186,7321,85.2986068725586
1771805422.0089924,7322,115.09207153320312
1771805427.72529,7323,85.98863220214844
1771805430.702914,7324,81.69206237792969
1771805446.4526484,7325,78.0789566040039
1771805446.6378133,7326,204.5950927734375
1771805452.463778,7327,111.97323608398438
1771805452.592729,7328,17.322471618652344
1771805461.16516,7329,76.28369140625
1771805463.6215026,7330,101.60929870605469
1771805476.4653466,7331,81.9229965209961
1771805476.5908535,7332,46.926780700683594
1771805477.729955,7333,50.881866455078125
1771805481.4815671,7334,71.11691284179688
1771805485.620048,7335,92.41844940185547
1771805486.3613675,7336,65.71945190429688
1771805486.486859,7337,25.128665924072266
1771805490.6188061,7338,80.43748474121094
1771805493.3281882,7339,73.2227783203125
1771805496.763645,7340,95.05831909179688
1771805498.4414241,7341,35.813411712646484
1771805508.9091098,7342,80.60478210449219
1771805515.9649992,7343,72.15615844726562
1771805520.3255925,7344,129.5977325439453
1771805523.7626026,7345,59.923526763916016
1771805539.9301322,7346,88.70816802978516
1771805541.9919987,7347,106.24423217773438
1771805542.1242435,7348,206.1693572998047
1771805546.2018306,7349,97.704345703125
1771805551.1173677,7350,79.35677337646484
1771805565.713471,7351,89.75428009033203
1771805622.0285711,7352,76.6150894165039
1771805622.1582868,7353,24.67471694946289
1771805633.0106654,7354,82.14090728759766
1771805637.1068285,7355,78.5907211303711
1771805651.4725919,7356,98.34735870361328
1771805664.2005212,7357,83.65455627441406
1771805673.2941613,7358,76.67716217041016
1771805673.4549713,7359,85.00611877441406
1771805676.853416,7360,72.51902770996094
1771805684.5444539,7361,97.34798431396484
1771805709.9810224,7362,82.41783905029297
1771805714.4946716,7363,83.44161224365234
1771805717.4888704,7364,80.83590698242188
1771805732.7046432,7365,97.76676940917969
1771805733.2608883,7366,47.096832275390625
1771805737.199062,7367,105.1561279296875
1771805746.9339333,7368,89.88801574707031
1771805753.0131369,7369,82.00084686279297
1771805766.059718,7370,79.0659408569336
1771805798.5705934,7371,76.58689880371094
1771805802.101961,7372,92.4949722290039
1771805809.4610636,7373,83.53597259521484
1771805817.1441097,7374,83.39644622802734
1771805817.2710867,7375,38.549049377441406
1771805820.8445797,7376,75.76792907714844
1771805822.4167676,7377,85.03197479248047
1771805825.258845,7378,89.66912841796875
1771805825.665973,7379,55.388736724853516
1771805831.7516227,7380,93.39447021484375
1771805835.9838412,7381,80.52128601074219
1771805850.3331661,7382,89.42842864990234
1771805863.4843528,7383,97.8494873046875
1771805873.7490907,7384,96.82408905029297
1771805878.930169,7385,86.57823944091797
1771805884.9151556,7386,69.3475570678711
1771805904.3938363,7387,86.1461181640625
1771805904.5255506,7388,16.57691764831543
1771805919.7945275,7389,102.3250961303711
1771805926.5711462,7390,98.39246368408203
1771805935.8872743,7391,81.39065551757812
1771805968.380577,7392,75.39070892333984
1771805972.641894,7393,76.84014892578125
1771805979.4579551,7394,88.87973022460938
1771805986.5508912,7395,79.71375274658203
1771805990.6731634,7396,93.2374038696289
1771805994.0811613,7397,98.74625396728516
1771806012.0413787,7398,74.4222412109375
1771806012.2991145,7399,62.038909912109375
1771806021.3337574,7400,84.52884674072266
1771806034.9593463,7401,74.47530364990234
1771806037.2756681,7402,66.22836303710938
1771806041.1597333,7403,128.11300659179688
1771806042.426675,7404,146.9431915283203
1771806071.0881915,7405,87.74302673339844
1771806071.2144673,7406,26.472251892089844
1771806071.3431048,7407,14.674800872802734
1771806095.1177092,7408,96.58660888671875
1771806099.572762,7409,86.57416534423828
1771806117.9467015,7410,89.61270141601562
1771806145.4943838,7411,93.86158752441406
1771806148.9534419,7412,60.36438751220703
1771806157.6194499,7413,98.3470687866211
1771806157.749563,7414,18.062110900878906
1771806160.347685,7415,74.06330108642578
1771806166.4534633,7416,103.14393615722656
1771806191.8538413,7417,82.6317367553711
1771806205.074835,7418,105.25614166259766
1771806206.0622847,7419,217.56410217285156
1771806206.8454094,7420,100.69862365722656
1771806208.75838,7421,133.86851501464844
1771806217.6228478,7422,95.93862915039062
1771806217.8787873,7423,27.061683654785156
1771806219.63841,7424,30.784021377563477
1771806223.8834364,7425,77.03784942626953
1771806224.0136497,7426,421.8077697753906
1771806232.7813287,7427,86.80148315429688
1771806275.6063051,7428,94.00007629394531
1771806277.2277813,7429,73.74793243408203
1771806285.7460258,7430,122.17832946777344
1771806303.0477262,7431,81.55882263183594
1771806347.5453377,7432,88.49006652832031
1771806365.6498604,7433,82.73048400878906
1771806375.3090982,7434,64.64534759521484
1771806380.048188,7435,122.7274398803711
1771806385.2072153,7436,111.08045196533203
1771806393.1147673,7437,99.13945770263672
1771806396.9367168,7438,171.22329711914062
1771806402.6800916,7439,104.17793273925781
1771806403.4647396,7440,32.47376251220703
1771806403.6009672,7441,30.14981460571289
1771806403.7306085,7442,46.6898193359375
1771806408.1410635,7443,82.23118591308594
1771806408.6539214,7444,56.575286865234375
1771806411.2839315,7445,108.7695083618164
1771806423.4767046,7446,84.73538970947266
1771806428.6859775,7447,122.42953491210938
1771806452.354592,7448,93.23493957519531
1771806462.7335315,7449,88.27345275878906
1771806487.211932,7450,87.97936248779297
1771806487.7528179,7451,39.864173889160156
1771806488.6520805,7452,71.58750915527344
1771806488.946478,7453,46.32777404785156
1771806493.2378047,7454,105.32586669921875
1771806494.7391853,7455,72.76387023925781
1771806497.1443894,7456,69.2870864868164
1771806505.591881,7457,77.1357421875
1771806512.0224125,7458,111.58426666259766
1771806523.7376502,7459,98.18009948730469
1771806527.75205,7460,91.46034240722656
1771806535.4265127,7461,103.38130950927734
1771806544.4639106,7462,84.00502014160156
1771806547.9752028,7463,87.13967895507812
1771806555.7523828,7464,83.57341766357422
1771806563.3186188,7465,98.85261535644531
1771806566.1092756,7466,110.42643737792969
1771806579.1533,7467,105.31616973876953
1771806579.9329054,7468,60.02961730957031
1771806586.9986856,7469,76.24557495117188
1771806594.9073365,7470,77.46095275878906
1771806607.7232575,7471,109.11353302001953
1771806613.5592902,7472,108.4548568725586
1771806638.514088,7473,116.28720092773438
1771806641.9652905,7474,86.49148559570312
1771806642.9386399,7475,67.24412536621094
1771806644.8427947,7476,78.17999267578125
1771806647.0251245,7477,79.27877807617188
1771806648.7610393,7478,176.64427185058594
1771806659.350003,7479,78.68619537353516
1771806730.647281,7480,23.806964874267578
1771806734.978819,7481,61.15776443481445
1771806745.4524145,7482,118.31730651855469
1771806760.7571378,7483,113.04190826416016
1771806763.2767527,7484,69.53523254394531
1771806763.4052687,7485,23.626737594604492
1771806764.2838557,7486,42.662166595458984
1771806764.4097133,7487,26.281169891357422
1771806767.7395754,7488,78.23894500732422
1771806776.7571084,7489,111.18806457519531
1771806788.3480527,7490,102.74138641357422
1771806788.4756448,7491,27.770645141601562
1771806805.9676287,7492,108.62393188476562
1771806809.4265666,7493,98.08808135986328
1771806810.2047527,7494,78.26361846923828
1771806810.3309414,7495,24.009899139404297
1771806821.9654725,7496,70.9771499633789
1771806834.8366156,7497,101.9415283203125
1771806836.3769047,7498,76.3630599975586
1771806840.243475,7499,123.95524597167969
1771806840.7533793,7500,175.5128631591797
1771806845.0088842,7501,83.10853576660156
1771806846.1383893,7502,131.38504028320312
1771806863.7701945,7503,90.13299560546875
1771806864.9887927,7504,154.44732666015625
1771806871.5087318,7505,75.2112808227539
1771806883.5437102,7506,91.43437194824219
1771806885.5963328,7507,111.4080810546875
1771806896.7244124,7508,116.3271484375
1771806900.136627,7509,84.15263366699219
1771806901.3386426,7510,85.91259002685547
1771806902.0178404,7511,28.569690704345703
1771806902.9620793,7512,120.92021179199219
1771806911.9883838,7513,90.1863784790039
1771806917.2733319,7514,119.58592224121094
1771806929.8694496,7515,112.89646911621094
1771806932.1903818,7516,130.83680725097656
1771806944.3692017,7517,86.09477233886719
1771806961.8959694,7518,87.87975311279297
1771806989.4547765,7519,96.4636459350586
1771806993.0015392,7520,108.64983367919922
1771806998.4011276,7521,91.62417602539062
1771807000.493949,7522,100.27606201171875
1771807016.3865962,7523,107.45864868164062
1771807022.968942,7524,124.61681365966797
1771807023.4322097,7525,188.38949584960938
1771807027.831499,7526,98.27137756347656
1771807035.0331054,7527,83.36398315429688
1771807035.1586313,7528,28.750709533691406
1771807036.7583206,7529,112.05021667480469
1771807039.649984,7530,91.26979064941406
1771807047.752019,7531,117.6107406616211
1771807048.779958,7532,101.04759216308594
1771807048.9109848,7533,108.86537170410156
1771807051.5046914,7534,125.1341552734375
1771807052.6020775,7535,66.1261215209961
1771807063.4816918,7536,115.8718032836914
1771807099.5298042,7537,88.88969421386719
1771807104.332931,7538,144.489501953125
1771807119.355988,7539,88.83235931396484
1771807126.9510417,7540,117.9626693725586
1771807134.90894,7541,110.60277557373047
1771807144.6813374,7542,90.07621765136719
1771807146.9872196,7543,64.86749267578125
1771807154.4932687,7544,107.86548614501953
1771807154.6197612,7545,118.10021209716797
1771807155.7060044,7546,42.00196838378906
1771807179.7091444,7547,101.96298217773438
1771807181.458436,7548,145.9126434326172
1771807183.1473937,7549,111.42489624023438
1771807185.8777442,7550,145.71240234375
1771807189.2853146,7551,90.74565124511719
1771807190.5572026,7552,62.134178161621094
1771807202.8080373,7553,123.72391510009766
1771807206.6138983,7554,115.10469055175781
1771807206.741516,7555,112.3958969116211
1771807208.9678097,7556,109.64106750488281
1771807210.0468433,7557,115.69085693359375
1771807213.5231667,7558,79.56949615478516
1771807213.6534145,7559,21.987621307373047
1771807229.617987,7560,111.04527282714844
1771807236.0611815,7561,107.08539581298828
1771807242.2605932,7562,119.92095947265625
1771807242.4509246,7563,36.22950744628906
1771807257.7150528,7564,117.14881134033203
1771807259.3932989,7565,124.83015441894531
1771807260.5020978,7566,147.6365509033203
1771807266.0500047,7567,51.59231948852539
1771807266.2578902,7568,29.269695281982422
1771807269.2375987,7569,152.524658203125
1771807269.3610005,7570,32.45462417602539
1771807270.5198777,7571,95.88298034667969
1771807273.7880661,7572,103.63285827636719
1771807274.773885,7573,58.97004699707031
1771807285.107351,7574,97.3010482788086
1771904492.73341,1,258.0876159667969
1771904495.4323967,2,279.16680908203125
1771904497.837746,3,370.792724609375
1771904500.900598,4,229.73512268066406
1771904502.2778447,5,207.39793395996094
1771904505.862765,6,256.3533020019531
1771904505.9818547,7,772.035400390625
1771904508.4023633,8,281.310546875
1771904509.8626006,9,323.3302307128906
1771904516.9024136,10,260.2427978515625
1771904520.80986,11,310.1053161621094
1771905001.903026,1,258.31585693359375
1771905004.2595713,2,313.4698181152344
1771905004.6870713,3,482.8726501464844
1771925597.476877,1,9895.40234375
1771925599.4291742,2,1240.2916259765625
1771925610.4789808,3,166.2767791748047
1771925617.53796,4,151.9923858642578
1771925624.7935555,5,83.9518051147461
1771925628.7115963,6,121.21073150634766
1771925632.007902,7,123.3912582397461
1771925633.671771,8,163.61521911621094
1771925634.0515578,9,210.55946350097656
1771925638.1054313,10,204.51742553710938
1771925647.813367,11,195.91741943359375
1771925649.6790447,12,264.079833984375
1771925651.0348752,13,284.642333984375
1771925655.4072387,14,186.85057067871094
1771925657.239545,15,245.64796447753906
1771925660.8377292,16,204.95651245117188
1771925664.717466,17,159.93017578125
1771925669.470759,18,183.9510955810547
1771925676.5666544,19,195.61212158203125
1771925688.2936418,20,177.73634338378906
1771925692.02312,21,225.3976593017578
1771925697.4214368,22,169.8944549560547
1771925698.9315186,23,177.04786682128906
1771925703.8619184,24,157.790283203125
1771925704.287685,25,56.35650634765625
1771925704.4070446,26,220.5504913330078
1771925706.8529694,27,208.20620727539062
1771925718.5510461,28,189.6339874267578
1771925718.872219,29,141.33151245117188
1771925722.4970965,30,208.976318359375
1771925722.8669455,31,103.50418090820312
1771925746.1829157,32,139.3682861328125
1771925750.582659,33,119.113525390625
1771925753.0263014,34,139.11520385742188
1771925761.3669872,35,161.95912170410156
1771925764.7498128,36,161.9084014892578
1771925766.5584095,37,191.0459747314453
1771925770.426242,38,164.00244140625
1771925775.3617244,39,160.91664123535156
1771925777.6723506,40,166.9138946533203
1771925789.730598,41,138.23355102539062
1771925793.1401951,42,97.09750366210938
1771925797.432181,43,125.65061950683594
1771925801.6590662,44,159.56529235839844
1771925805.1602013,45,106.91764068603516
1771925805.672542,46,246.7327117919922
1771925805.7942684,47,4.2512311935424805
1771925805.9151313,48,13.149940490722656
1771925808.550734,49,200.1086883544922
1771925818.7898777,50,130.88937377929688
1771925819.433573,51,158.67230224609375
1771925820.6767874,52,120.77031707763672
1771925820.798409,53,20.886056900024414
1771925824.544249,54,161.17645263671875
1771925825.6852555,55,173.4850616455078
1771925830.291611,56,205.7640380859375
1771925832.9022639,57,175.17396545410156
1771925834.530545,58,160.01698303222656
1771925837.3135045,59,161.63021850585938
1771925842.4154627,60,167.58984375
1771925848.650337,61,191.99256896972656
1771925851.4486022,62,143.20741271972656
1771925857.7825835,63,128.18243408203125
1771925859.0039256,64,177.2268524169922
1771925861.8496106,65,157.57395935058594
1771925864.6007233,66,186.3351287841797
1771925865.1022472,67,243.2006378173828
1771925872.4236822,68,136.0911407470703
1771925873.2851603,69,190.53057861328125
1771925875.9074314,70,152.06260681152344
1771925877.0830386,71,67.8117446899414
1771925882.6335092,72,154.11517333984375
1771925883.3620434,73,138.8573455810547
1771925886.8887124,74,164.4991912841797
1771925897.4476326,75,134.96759033203125
1771925903.2905526,76,144.99703979492188
1771925903.4201744,77,226.4710235595703
1771925909.086651,78,136.0421905517578
1771925912.3506637,79,155.86123657226562
1771925915.8030412,80,167.61550903320312
1771925921.956981,81,137.3458251953125
1771925926.1708465,82,146.01950073242188
1771926186.3617694,83,173.75106811523438
1771926188.2395113,84,235.6103057861328
1771926188.631008,85,185.03662109375
1771926194.5754895,86,153.95257568359375
1771926200.6694984,87,120.37387084960938
1771926203.9328625,88,134.76138305664062
1771926207.4475808,89,124.40005493164062
1771926217.4467466,90,173.5648193359375
1771926223.0448604,91,141.1974639892578
1771926229.3595886,92,135.51556396484375
1771926230.1756837,93,210.36074829101562
1771926233.0968523,94,171.38877868652344
1771926233.6626704,95,95.5981674194336
1771926236.5044603,96,104.24183654785156
1771926237.9256294,97,201.8495330810547
1771926240.7406933,98,129.62535095214844
1771926241.1883886,99,100.33026885986328
1771926244.2858827,100,164.73251342773438
1771926246.6397398,101,121.9266586303711
1771926253.0710852,102,175.23341369628906
1771926253.4796376,103,212.76539611816406
1771926253.9593651,104,232.22613525390625
1771926256.490336,105,90.26184844970703
1771926257.1873586,106,123.21580505371094
1771926258.5990295,107,182.58663940429688
1771926267.3363194,108,154.45742797851562
1771926267.6550152,109,186.1653289794922
1771926268.7356412,110,150.5880126953125
1771926273.0476353,111,164.0699005126953
1771926280.3930674,112,131.04029846191406
1771926285.767582,113,169.93765258789062
1771926288.4784443,114,152.1693115234375
1771926290.3295147,115,106.76841735839844
1771926290.7486544,116,85.61572265625
1771926293.883638,117,183.2141571044922
1771926300.2993295,118,157.97898864746094
1771926308.5520422,119,134.2918701171875
1771926311.809366,120,143.4508819580078
1771926314.2793477,121,154.58387756347656
1771926314.4035885,122,330.8880615234375
1771926321.7924325,123,145.40858459472656
1771926323.0933576,124,155.19451904296875
1771926323.45262,125,250.81756591796875
1771926326.2091496,126,119.48748016357422
1771926329.5414605,127,145.9754180908203
1771926330.5678766,128,114.51874542236328
1771926331.5137753,129,262.1520690917969
1771926335.0036025,130,124.75003051757812
1771926336.1441376,131,85.74784851074219
1771926342.8497033,132,163.609375
1771926344.8238955,133,119.19200897216797
1771926348.5181472,134,166.22581481933594
1771926349.4127865,135,113.23350524902344
1771926356.8258317,136,124.19422912597656
1771926357.6010256,137,222.96511840820312
1771926358.2042665,138,160.265869140625
1771926358.4674935,139,28.509506225585938
1771926362.477993,140,146.77293395996094
1771926363.8625922,141,155.42507934570312
1771926367.29917,142,121.33712005615234
1771926368.964876,143,117.74862670898438
1771926370.0541387,144,256.4384460449219
1771926370.232808,145,132.11744689941406
1771926374.5329475,146,159.7196807861328
1771926377.4167235,147,176.86395263671875
1771926379.2646728,148,146.77456665039062
1771926380.3747146,149,163.11032104492188
1771926388.733679,150,143.35525512695312
1771926389.861115,151,167.33604431152344
1771926390.1106668,152,135.52078247070312
1771926390.3049872,153,156.28692626953125
1771926396.2704077,154,158.01869201660156
1771926406.4024491,155,148.92918395996094
1771926406.585102,156,70.15072631835938
1771926410.242759,157,143.06271362304688
1771926410.3651395,158,30.256975173950195
1771926411.9624853,159,184.44677734375
1771926413.7313635,160,113.513427734375
1771926415.4647012,161,121.35896301269531
1771926418.9037225,162,122.22234344482422
1771926420.9524682,163,186.42593383789062
1771926423.417284,164,129.57713317871094
1771926425.4424891,165,169.17401123046875
1771926431.9925077,166,112.16285705566406
1771926434.4739745,167,126.5530014038086
1771926436.034015,168,120.49112701416016
1771926441.2680774,169,149.31964111328125
1771926442.0712168,170,54.12688446044922
1771926444.6059535,171,159.79632568359375
1771926447.1092181,172,95.43688201904297
1771926451.9291003,173,134.6931610107422
1771926454.6757793,174,131.6182861328125
1771926458.2054412,175,137.96087646484375
1771926463.0109286,176,146.60043334960938
1771926463.2611928,177,249.23683166503906
1771926464.687254,178,162.50816345214844
1771926464.8258483,179,309.42645263671875
1771926473.9500937,180,139.69297790527344
1771926474.144792,181,44.79345703125
1771926474.4643853,182,231.45960998535156
1771926480.9704645,183,139.34561157226562
1771926484.5971413,184,113.83601379394531
1771926487.0362868,185,126.63751983642578
1771926490.2171392,186,142.31878662109375
1771926497.9632168,187,138.61695861816406
1771926498.5853004,188,116.95913696289062
1771926498.9223783,189,85.23558044433594
1771926499.41638,190,136.0768280029297
1771926514.7308955,191,121.21975708007812
1771926516.5533133,192,148.55612182617188
1771926522.2090125,193,128.15367126464844
1771926750.0871239,194,113.91943359375
1771926758.3787105,195,118.01853942871094
1771926772.0398436,196,117.13899993896484
1771926774.3725889,197,99.2966537475586
1771926779.9960983,198,128.47760009765625
1771926792.8287811,199,133.9544677734375
1771926798.814478,200,118.53108978271484
1771926816.6636872,201,119.03134155273438
1771926821.3139064,202,131.11663818359375
1771926822.1179597,203,135.58993530273438
1771926838.1732838,204,128.005126953125
1771926858.0252986,205,119.94062805175781
1771926871.0109053,206,100.58847045898438
1771926876.827949,207,128.56201171875
1771926887.4830272,208,113.55365753173828
1771926896.0282302,209,109.69445037841797
1771926898.5759182,210,116.49381256103516
1771926911.344864,211,98.35574340820312
1771926922.9647837,212,96.72164154052734
1771926944.0942564,213,109.19644927978516
1771926949.3086274,214,122.32567596435547
1771926960.0790908,215,117.04362487792969
1771926962.504127,216,105.18244934082031
1771926964.1972167,217,164.76942443847656
1771926965.80603,218,145.70208740234375
1771926970.2813332,219,152.2147979736328
1771926976.9493573,220,100.08741760253906
1771926981.1126082,221,106.73035430908203
1771926989.7834668,222,141.30755615234375
1771926990.9671092,223,119.9389419555664
1771926991.4479587,224,69.3912353515625
1771926999.4223864,225,96.18643951416016
1771927000.6133807,226,111.45333099365234
1771927009.6974576,227,112.61714172363281
1771927013.0103185,228,95.98585510253906
1771927027.5905087,229,108.5493392944336
1771927030.2783947,230,118.27842712402344
1771927030.51332,231,10.479337692260742
1771927044.0544894,232,127.2935562133789
1771927060.0089743,233,115.94862365722656
1771927071.910386,234,118.48593139648438
1771927082.7717166,235,117.12635803222656
1771927098.5590825,236,121.69566345214844
1771927110.1131856,237,107.69132995605469
1771927110.7184062,238,166.2389678955078
1771927126.2945359,239,110.41529846191406
1771927126.4267242,240,648.3049926757812
1771927136.6420538,241,103.54442596435547
1771927141.122592,242,136.94615173339844
1771927145.7927866,243,136.7124786376953
1771927155.7548378,244,119.780029296875
1771927155.969197,245,276.7174072265625
1771927178.138168,246,108.99749755859375
1771927239.069646,247,96.22029113769531
1771927254.8546166,248,113.45276641845703
1771927256.8770084,249,125.71315002441406
1771927261.3587534,250,142.74427795410156
1771927270.3136714,251,140.58619689941406
1771927272.2727513,252,116.14827728271484
1771927274.5726812,253,150.5919647216797
1771927276.1506028,254,185.10765075683594
1771927280.710369,255,103.42323303222656
1771927293.4777136,256,118.0732192993164
1771927303.9785643,257,115.84613800048828
1771927322.218936,258,133.00885009765625
1771927326.7172332,259,114.59586334228516
1771927346.3351796,260,118.71669006347656
1771927346.5988145,261,89.68384552001953
1771927357.1900105,262,123.47698211669922
1771927360.1938107,263,109.1106948852539
1771927380.5991614,264,127.99751281738281
1771927392.255207,265,122.35972595214844
1771927403.7614963,266,116.5704574584961
1771927405.0944347,267,74.01187896728516
1771927408.2038438,268,82.3829116821289
1771927432.7821202,269,113.47020721435547
1771927440.82924,270,103.07926177978516
1771927459.6212728,271,137.7576446533203
1771927464.6153798,272,71.6452407836914
1771927471.3031085,273,144.80259704589844
1771927471.6786666,274,35.32682800292969
1771927477.4219975,275,92.74256134033203
1771927477.8528075,276,148.4280242919922
1771927496.5105774,277,120.99097442626953
1771927504.1005857,278,110.2592544555664
1771927520.9954467,279,111.24378204345703
1771927540.559986,280,115.42765045166016
1771927554.5091302,281,117.7115478515625
1771927555.924399,282,125.95899200439453
1771927556.2529674,283,76.03478240966797
1771927573.1372597,284,131.81729125976562
1771927595.748615,285,118.06040954589844
1771927595.944959,286,186.4542694091797
1771927597.233119,287,107.64382934570312
1771927614.3515935,288,98.30323028564453
1771927625.553762,289,112.2196273803711
1771927626.006583,290,176.05381774902344
1771927626.1506839,291,14.770524024963379
1771927651.8908918,292,119.95193481445312
1771927664.902953,293,103.9866714477539
1771927668.505356,294,89.42044067382812
1771927670.3810005,295,157.82948303222656
1771927687.194617,296,118.85731506347656
1771927849.4137292,297,146.71543884277344
1771927853.5317187,298,100.87699127197266
1771927853.7669685,299,12.262001037597656
1771927865.9753995,300,120.60244750976562
1771927872.7641888,301,110.26150512695312
1771927881.3538997,302,114.15214538574219
1771927901.3024378,303,126.45745849609375
1771927909.5414011,304,102.91083526611328
1771927940.8193095,305,120.61799621582031
1771927940.9559884,306,252.86923217773438
1771927958.4590225,307,105.88915252685547
1771927984.392565,308,109.49886322021484
1771927985.4772332,309,115.57286834716797
1771928024.5291917,310,119.41354370117188
1771928029.0663135,311,112.12389373779297
1771928034.314446,312,150.87181091308594
1771928050.324489,313,115.13931274414062
1771928064.6134744,314,94.25779724121094
1771928097.7398412,315,120.94440460205078
1771928098.2176127,316,93.54889678955078
1771928109.6145682,317,78.38523864746094
1771928112.33979,318,125.62409973144531
1771928113.9176087,319,105.70294952392578
1771928114.2090797,320,26.586959838867188
1771928119.8521652,321,182.80015563964844
1771928120.1428277,322,122.47770690917969
1771928123.1368597,323,210.3413543701172
1771928146.6224048,324,117.07036590576172
1771928173.6134653,325,122.14397430419922
1771928183.224266,326,137.67999267578125
1771928215.9528518,327,120.5584716796875
1771928223.6784425,328,101.4747085571289
1771928227.2957928,329,127.91978454589844
1771928265.5275645,330,117.05911254882812
1771928265.6585014,331,147.12664794921875
1771928303.465579,332,125.81315612792969
1771928325.5515175,333,101.74601745605469
1771928344.9427912,334,131.6487274169922
1771928364.805931,335,110.26182556152344
1771928395.5242267,336,104.00396728515625
1771928479.7535903,337,116.19474792480469
1771928495.3992252,338,107.37401580810547
1771928496.0669248,339,136.07386779785156
1771928507.0590124,340,106.73216247558594
1771928516.6407619,341,132.3650360107422
1771928560.0441742,342,109.7780990600586
1771928561.0888655,343,149.65182495117188
1771928563.8298693,344,127.54408264160156
1771928572.0732367,345,113.20285034179688
1771928588.3920786,346,112.9263687133789
1771928590.0097578,347,219.33648681640625
1771928612.122359,348,112.99253845214844
1771928612.2568922,349,41.93955993652344
1771928612.4509358,350,23.312564849853516
1771928642.371237,351,115.68955993652344
1771928642.501134,352,14.111912727355957
1771928648.6812377,353,125.80370330810547
1771928658.6393857,354,97.52971649169922
1771928664.0162902,355,119.53096771240234
1771928675.1140392,356,111.0545883178711
1771928675.7121444,357,79.24053192138672
1771928685.6978552,358,114.37714385986328
1771928698.1782508,359,104.70564270019531
1771928705.3909779,360,145.3710174560547
1771928711.648892,361,115.50901794433594
1771928733.6879723,362,125.78943634033203
1771928736.0384662,363,93.83404541015625
1771928748.725811,364,115.07290649414062
1771928750.4190583,365,95.77249908447266
1771928752.0894835,366,90.93988800048828
1771928774.7829602,367,116.50830841064453
1771928780.4502048,368,73.5762710571289
1771928788.4969223,369,138.2851104736328
1771928837.411561,370,119.7114486694336
1771928851.0720553,371,115.97573852539062
1771928851.968825,372,47.52474594116211
1771928854.9164948,373,136.618408203125
1771928866.888601,374,124.19825744628906
1771928867.071611,375,41.29893493652344
1771928873.30185,376,107.16067504882812
1771928886.8245828,377,124.7924575805664
1771928899.4198554,378,112.6116943359375
1771928899.6922536,379,49.58949661254883
1771928907.6496942,380,102.0770034790039
1771928911.8462374,381,132.08349609375
1771928919.6682496,382,123.62892150878906
1771928933.283799,383,132.07688903808594
1771929146.5378032,384,65.93281555175781
1771929146.8932743,385,84.82846069335938
1771929156.4407516,386,112.55509185791016
1771929156.6501443,387,32.9619026184082
1771929157.3913412,388,65.69048309326172
1771929175.7289526,389,96.11045837402344
1771929177.100486,390,227.60865783691406
1771929192.6437492,391,106.67704010009766
1771929192.9931111,392,109.69305419921875
1771929226.0852523,393,122.91739654541016
1771929226.2124367,394,27.021923065185547
1771929238.6402478,395,125.71974182128906
1771929256.7064514,396,116.67008209228516
1771929261.0999513,397,102.73489379882812
1771929266.396429,398,108.3984603881836
1771929281.3115802,399,126.12174987792969
1771929294.9058132,400,114.01873779296875
1771929307.9490607,401,107.69913482666016
1771929316.2759125,402,118.17241668701172
1771929326.6285195,403,133.40830993652344
1771929327.7264261,404,84.60358428955078
1771929337.2353754,405,117.77780151367188
1771929350.8414838,406,129.76173400878906
1771929351.2359776,407,131.89657592773438
1771929351.6532364,408,101.97953796386719
1771929498.6683552,409,119.4265365600586
1771929527.7317944,410,122.5426025390625
1771929537.3950024,411,119.930419921875
1771929545.144509,412,111.41275024414062
1771929558.8110409,413,134.8641357421875
1771929559.6619315,414,124.0142593383789
1771929562.2660332,415,105.24614715576172
1771929562.8651366,416,45.91489791870117
1771929581.1636658,417,112.86275482177734
1771929871.9779181,418,111.08834075927734
1771929874.340151,419,144.60443115234375
1771929914.7290068,420,133.86627197265625
1771929943.859461,421,129.5975341796875
1771929944.118606,422,72.96514129638672
1771929954.6440346,423,106.5624008178711
1771929970.462986,424,120.9014663696289
1771929971.5645857,425,118.4626235961914
1771929974.9598656,426,48.457969665527344
1771929979.656509,427,171.78086853027344
1771929995.1278343,428,113.42713928222656
1771930004.0394163,429,116.90857696533203
1771930012.9990182,430,130.31845092773438
1771930027.8083472,431,115.50111389160156
1771930053.350115,432,93.35968017578125
1771930068.9363856,433,144.08811950683594
1771930083.85373,434,118.51553344726562
1771930121.4679775,435,128.8582763671875
1771930128.5656414,436,123.3960189819336
1771930136.843189,437,117.6490478515625
1771930137.142001,438,128.43275451660156
1771930152.8948555,439,149.43507385253906
1771930154.3129878,440,117.68716430664062
1771930154.4696777,441,9.681562423706055
1771930156.3090842,442,203.57212829589844
1771930173.1714406,443,122.61455535888672
1771930173.5435011,444,133.7059326171875
1771930174.302963,445,171.98321533203125
1771930186.1304708,446,139.9366912841797
1771930192.3326397,447,120.94998168945312
1771930192.4847345,448,34.458248138427734
1771930208.7875881,449,137.0458526611328
1771930209.9415638,450,99.97981262207031
1771930224.889441,451,126.5583267211914
1771930225.9727793,452,122.2729721069336
1771930242.6313496,453,110.0244369506836
1771930245.5359342,454,64.82767486572266
1771930247.0691254,455,184.44578552246094
1771930263.380632,456,110.52696990966797
1771930265.2046921,457,187.7514190673828
1771930278.1627827,458,123.89134216308594
1771930290.0146384,459,109.00204467773438
1771930293.7889037,460,95.93133544921875
1771930297.878652,461,129.210693359375
1771930306.2920423,462,127.72331237792969
1771930318.9929745,463,147.67015075683594
1771930319.3426714,464,130.45957946777344
1771930334.896159,465,120.42926788330078
1771930439.3262954,466,117.62944030761719
1771930440.6689253,467,139.16812133789062
1771930440.9281127,468,132.62030029296875
1771930441.4193075,469,48.00151062011719
1771930441.844607,470,56.57638931274414
1771930449.086649,471,138.27581787109375
1771930451.7038631,472,139.92462158203125
1771930466.1996617,473,109.68206024169922
1771930483.7558708,474,109.70310974121094
1771930514.6704671,475,111.0124282836914
1771930520.346972,476,110.48429870605469
1771930525.6644974,477,121.6200180053711
1771930544.3361046,478,117.81061553955078
1771930544.5993278,479,201.7694091796875
1771930550.8765676,480,115.38159942626953
1771930559.5794795,481,144.0086669921875
1771930573.8122234,482,157.0080108642578
1771930592.5389192,483,144.02456665039062
1771930597.4524534,484,118.52835083007812
1771930604.390796,485,113.3990707397461
1771930606.5845106,486,181.92210388183594
1771930614.3336983,487,134.83990478515625
1771930616.0822685,488,162.93539428710938
1771930630.4214845,489,117.56047058105469
1771930634.894865,490,129.66909790039062
1771930652.6884995,491,128.79580688476562
1771930672.2538455,492,133.69540405273438
1771930672.4418278,493,47.39251708984375
1771930677.2600448,494,151.8095703125
1771930685.1407208,495,118.94574737548828
1771930688.3751144,496,125.73275756835938
1771930689.5228193,497,121.31475830078125
1771930692.7679641,498,103.12100982666016
1771930693.2270653,499,208.16934204101562
1771930695.8637874,500,121.69896697998047
1771930699.1642866,501,126.09088897705078
1771930702.546722,502,113.2978744506836
1771930704.9806786,503,158.14730834960938
1771930705.2422705,504,39.604530334472656
1771930706.3862224,505,142.8181610107422
1771930708.1129248,506,69.40308380126953
1771930712.7325654,507,121.5642318725586
1771930721.626822,508,110.65341186523438
1771930723.0650496,509,184.7291717529297
1771930726.0652442,510,131.6076202392578
1771930727.729459,511,155.34349060058594
1771930743.741437,512,153.13807678222656
1771930750.302291,513,162.32749938964844
1771930753.1374693,514,143.37554931640625
1771930753.3360093,515,36.30815887451172
1771930761.6214137,516,135.98681640625
1771930763.426095,517,99.71454620361328
1771930766.9400177,518,131.3392791748047
1771930770.911092,519,164.0851287841797
1771930774.3084414,520,97.18022155761719
1771930775.2967365,521,145.3013916015625
1771930777.3293,522,131.816650390625
1771930784.5124283,523,94.98511505126953
1771930786.590026,524,137.2934112548828
1771930788.439615,525,66.08138275146484
1771930791.8406572,526,111.15072631835938
1771930792.157194,527,94.59215545654297
1771930797.123019,528,133.45806884765625
1771930797.3685524,529,273.3535461425781
1771930798.2027888,530,140.1937713623047
1771930800.1598217,531,117.88867950439453
1771930800.3518922,532,13.0907564163208
1771930801.5050519,533,135.38424682617188
1771930803.159201,534,93.93377685546875
1771930803.4258828,535,320.50372314453125
1771930805.6321359,536,83.97086334228516
1771930806.9955163,537,165.23684692382812
1771930807.2633617,538,27.413240432739258
1771930807.8441668,539,154.21963500976562
1771930810.275729,540,124.95999908447266
1771930813.3751585,541,172.4188232421875
1771930814.6726792,542,171.37632751464844
1771930815.6201963,543,238.31285095214844
1771930818.3007307,544,157.51109313964844
1771930821.8479776,545,197.2904815673828
1771931020.4156303,546,142.8478240966797
1771931024.053418,547,122.16400146484375
1771931026.9183137,548,103.5916748046875
1771931027.198745,549,323.91717529296875
1771931031.6457868,550,123.33287048339844
1771931035.3269365,551,118.70155334472656
1771931040.7000177,552,116.80563354492188
1771931044.2288842,553,160.8197021484375
1771931052.9907508,554,134.67723083496094
1771931058.3417926,555,131.28274536132812
1771931058.5489998,556,171.75791931152344
1771931067.1219668,557,148.0575714111328
1771931069.2506952,558,107.06361389160156
1771931071.4752414,559,177.9370880126953
1771931071.8116271,560,38.837730407714844
1771931075.954889,561,126.60752868652344
1771931079.2568002,562,182.30274963378906
1771931084.4651966,563,155.62281799316406
1771931090.6858191,564,151.1454620361328
1771931094.9128108,565,137.4652557373047
1771931095.1669571,566,20.561885833740234
1771931095.2937577,567,18.466751098632812
1771931097.2191126,568,124.66767120361328
1771931099.266554,569,137.2733154296875
1771931100.2990415,570,75.07682800292969
1771931102.595809,571,112.47986602783203
1771931106.3665721,572,116.56783294677734
1771931107.8328443,573,206.55406188964844
1771931109.05744,574,170.7781219482422
1771931110.8195653,575,127.8459243774414
1771931117.147066,576,151.71885681152344
1771931119.0313694,577,169.7983856201172
1771931123.8956733,578,116.2462387084961
1771931129.970622,579,129.93014526367188
1771931132.309689,580,98.12630462646484
1771931134.2968304,581,118.12297058105469
1771931137.2829409,582,195.8303680419922
1771931137.4088812,583,45.617557525634766
1771931139.6111143,584,148.5076904296875
1771931147.1794374,585,148.7024383544922
1771931152.0245924,586,102.33546447753906
1771931157.3483236,587,104.76175689697266
1771931158.0768995,588,129.8606719970703
1771931158.6345732,589,113.3151626586914
1771931161.2206795,590,145.97119140625
1771931169.354101,591,130.0716094970703
1771931170.571867,592,303.9980773925781
1771931176.0586076,593,125.06163787841797
1771931179.6175551,594,125.97837829589844
1771931185.2537117,595,143.2927703857422
1771931190.3891711,596,142.4991912841797
1771931192.2503397,597,112.95455932617188
1771931194.1741102,598,111.47608184814453
1771931194.5535686,599,58.61112594604492
1771931197.8834178,600,112.59159851074219
1771931199.9687629,601,153.27659606933594
1771931206.2777581,602,134.1581268310547
1771931219.4252923,603,133.25674438476562
1771931220.6292145,604,192.03448486328125
1771931226.0897331,605,163.5880889892578
1771931235.007212,606,138.0813751220703
1771931241.3084526,607,119.63199615478516
1771931241.432548,608,12.395914077758789
1771931244.4660723,609,104.81250762939453
1771931255.1317537,610,124.84437561035156
1771931255.7699044,611,117.90189361572266
1771931256.5693493,612,202.87396240234375
1771931262.0384183,613,148.31126403808594
1771931266.0093741,614,161.77259826660156
1771931268.0336525,615,135.20130920410156
1771931268.341158,616,231.5176239013672
1771931268.534593,617,612.6807861328125
1771931271.8058276,618,123.13992309570312
1771931271.989895,619,28.90286636352539
1771931280.1199188,620,110.47506713867188
1771931285.9610581,621,153.33778381347656
1771931290.4207847,622,103.30139923095703
1771931290.6837447,623,215.28213500976562
1771931292.6728623,624,109.51554107666016
1771931295.6376014,625,116.18890380859375
1771931295.8355625,626,24.368671417236328
1771931296.7293096,627,221.5243682861328
1771931299.4752665,628,177.1812744140625
1771931301.1175096,629,147.52212524414062
1771931301.6764934,630,75.66447448730469
1771931304.3438919,631,112.93281555175781
1771931306.1739273,632,176.98147583007812
1771931309.5842617,633,143.53665161132812
1771931311.9240258,634,102.02864074707031
1771931317.5095787,635,156.7725830078125
1771931318.8137944,636,112.63284301757812
1771931323.3156745,637,114.60092163085938
1771931324.4975138,638,135.27210998535156
1771931328.031112,639,84.85384368896484
1771931333.3990707,640,139.5998992919922
1771931335.6420016,641,158.62109375
1771931338.833905,642,184.5079345703125
1771931340.6135197,643,142.86524963378906
1771931524.5048003,644,296.53155517578125
1771931526.9469998,645,147.07797241210938
1771931527.460593,646,85.05339813232422
1771931530.85194,647,95.52399444580078
1771931535.0920634,648,142.90609741210938
1771931538.2785978,649,188.25413513183594
1771931543.1239142,650,156.86781311035156
1771931553.4988382,651,123.88386535644531
1771931555.942362,652,135.3538360595703
1771931556.1509912,653,50.294864654541016
1771931557.2214925,654,105.94657897949219
1771931561.8487484,655,157.81300354003906
1771931565.484012,656,121.12496948242188
1771931566.7863953,657,95.66055297851562
1771931570.210724,658,124.98596954345703
1771931571.4650915,659,135.9755401611328
1771931576.9478931,660,140.1949920654297
1771931577.6855924,661,93.42851257324219
1771931580.5056157,662,153.54022216796875
1771931580.6990867,663,108.30715942382812
1771931580.8925338,664,32.31578826904297
1771931586.7044587,665,118.87226104736328
1771931589.0733294,666,125.72080993652344
1771931591.0977206,667,160.2672576904297
1771931599.2158737,668,162.22869873046875
1771931599.703695,669,207.81114196777344
1771931603.9943771,670,154.060546875
1771931605.9731472,671,104.67220306396484
1771931606.165102,672,47.16864776611328
1771931608.4021084,673,123.68759155273438
1771931624.9801629,674,139.0471954345703
1771931628.5643659,675,127.85086059570312
1771931630.4695385,676,147.37843322753906
1771931635.254179,677,175.896728515625
1771931638.1806622,678,117.88611602783203
1771931638.304893,679,85.66990661621094
1771931640.1541722,680,114.54814910888672
1771931643.7642114,681,138.9095458984375
1771931645.349251,682,160.70318603515625
1771931650.9481716,683,137.21597290039062
1771931672.1312535,684,126.88809204101562
1771931672.4471295,685,102.77352905273438
1771931674.0845888,686,154.80718994140625
1771931677.4392104,687,141.07530212402344
1771931687.8137662,688,145.72190856933594
1771931689.30415,689,149.16017150878906
1771931698.0768852,690,123.10785675048828
1771931700.093834,691,138.0041961669922
1771931705.2220967,692,147.8402557373047
1771931705.4081542,693,23.804475784301758
1771931712.002124,694,123.22388458251953
1771931718.6114519,695,149.7430877685547
1771931721.1687918,696,98.92961120605469
1771931722.9908366,697,235.30418395996094
1771931725.9554284,698,107.9739990234375
1771931732.340154,699,146.16146850585938
1771931737.7523475,700,92.80518341064453
1771931738.3204424,701,149.0801544189453
1771931738.4525464,702,36.923919677734375
1771931741.7602289,703,136.63580322265625
1771931745.5208073,704,174.61268615722656
1771931750.9314759,705,100.3810806274414
1771931755.5770297,706,127.36079406738281
1771931761.9076004,707,131.24769592285156
1771931769.237344,708,135.11611938476562
1771931769.3663347,709,86.87031555175781
1771931773.138005,710,135.43008422851562
1771931778.5635629,711,134.87295532226562
1771931781.5567596,712,183.64010620117188
1771931785.8973053,713,132.09909057617188
1771931793.906418,714,121.6054458618164
1771931794.8649082,715,213.42137145996094
1771931799.2869422,716,131.69593811035156
1771931802.1182213,717,141.87554931640625
1771931802.5989904,718,97.47480773925781
1771931806.7999845,719,128.95196533203125
1771931807.8124416,720,67.30535888671875
1771931817.2529912,721,163.0686492919922
1771931817.3794725,722,18.18644905090332
1771931824.2278945,723,149.17776489257812
1771931827.6080942,724,109.08329772949219
1771931828.1708338,725,106.86878967285156
1771931830.491197,726,125.94207000732422
1771931837.0826962,727,128.3801727294922
1771931842.9026775,728,113.10404205322266
1771931844.1003897,729,137.21414184570312
1771931844.346664,730,126.11784362792969
1771931853.7887142,731,125.18959045410156
1771932048.7554853,732,120.71207427978516
1771932051.2425418,733,124.37763977050781
1771932051.3790128,734,248.44508361816406
1771932053.3388953,735,143.3592529296875
1771932056.9285378,736,148.42991638183594
1771932060.0061738,737,123.25508117675781
1771932063.5409946,738,155.5170135498047
1771932067.606505,739,99.8851089477539
1771932067.797922,740,74.25790405273438
1771932071.5488324,741,145.25904846191406
1771932077.0174537,742,108.11587524414062
1771932077.2074077,743,14.2110595703125
1771932080.0465143,744,133.35174560546875
1771932080.2460463,745,367.9017639160156
1771932081.7218654,746,131.27088928222656
1771932081.845007,747,148.39974975585938
1771932090.16235,748,143.8956298828125
1771932098.099182,749,137.3204803466797
1771932103.786798,750,114.09375762939453
1771932104.0575655,751,176.40997314453125
1771932109.0287433,752,112.2468490600586
1771932116.7894015,753,130.9095916748047
1771932117.0478687,754,212.55532836914062
1771932119.8573077,755,109.13607025146484
1771932123.8672423,756,112.95012664794922
1771932124.0540075,757,101.46464538574219
1771932132.7071338,758,124.61813354492188
1771932136.6432,759,114.66415405273438
1771932149.920907,760,134.84336853027344
1771932151.8328488,761,135.44918823242188
1771932152.0899506,762,342.6621398925781
1771932160.6677623,763,108.21324920654297
1771932162.1719527,764,65.41673278808594
1771932166.818422,765,113.99921417236328
1771932170.6663668,766,117.74193572998047
1771932172.863471,767,112.52218627929688
1771932172.9905558,768,208.28652954101562
1771932173.5521903,769,80.41583251953125
1771932174.8429403,770,94.64054107666016
1771932186.980214,771,118.70259857177734
1771932188.657251,772,121.12968444824219
1771932190.770567,773,218.0988006591797
1771932195.545975,774,114.3722152709961
1771932198.378317,775,101.99310302734375
1771932198.5151505,776,533.9925537109375
1771932201.8525183,777,92.86492156982422
1771932201.9770157,778,276.97442626953125
1771932202.2318997,779,234.15943908691406
1771932202.6152453,780,220.3719482421875
1771932205.8753262,781,156.731689453125
1771932211.9482207,782,138.3868408203125
1771932213.8356066,783,134.7349853515625
1771932226.105921,784,123.08775329589844
1771932230.0176613,785,98.9415512084961
1771932235.4522533,786,104.21168518066406
1771932235.5789642,787,145.14471435546875
1771932242.2959986,788,121.99284362792969
1771932247.483125,789,84.4566421508789
1771932253.4597776,790,123.26174926757812
1771932256.650107,791,84.36822509765625
1771932263.3860626,792,129.1992950439453
1771932263.7918494,793,112.00342559814453
1771932265.142192,794,173.03253173828125
1771932270.3544445,795,119.2585678100586
1771932277.817198,796,134.53807067871094
1771932284.00486,797,137.5572967529297
1771932290.9742756,798,143.73617553710938
1771932291.098153,799,304.52337646484375
1771932298.1474245,800,105.1036148071289
1771932298.271897,801,13.569019317626953
1771932298.3974712,802,12.937240600585938
1771932299.5215557,803,119.84880065917969
1771932303.9973924,804,119.87847900390625
1771932304.6434133,805,155.8018798828125
1771932312.542199,806,124.35882568359375
1771932313.535017,807,93.21380615234375
1771932317.8177,808,117.38499450683594
1771932323.3648236,809,92.88068389892578
1771932325.002511,810,146.79867553710938
1771932325.5724773,811,159.56761169433594
1771932328.5474296,812,140.18194580078125
1771932328.6701927,813,21.8060302734375
1771932334.923074,814,132.84414672851562
1771932337.1849384,815,101.2195053100586
1771932337.8258553,816,76.08858489990234
1771932342.7840853,817,138.45164489746094
1771932350.6170838,818,124.39276123046875
1771932363.3172176,819,129.14962768554688
1771932369.9834356,820,125.93791198730469
1771932509.0799603,821,122.8115234375
1771932513.9187,822,117.7591552734375
1771932514.0420268,823,17.182085037231445
1771932528.7608962,824,107.11705017089844
1771932528.9511535,825,178.38246154785156
1771932532.4779172,826,96.30022430419922
1771932541.6569033,827,114.25077056884766
1771932548.7073128,828,114.97637176513672
1771932552.6679056,829,87.52608489990234
1771932556.018972,830,139.64175415039062
1771932557.347289,831,162.99325561523438
1771932566.555318,832,122.06255340576172
1771932575.6457574,833,99.97203826904297
1771932579.8648963,834,96.37882995605469
1771932584.0548964,835,111.44727325439453
1771932584.3129413,836,352.02685546875
1771932592.9253266,837,125.21607971191406
1771932600.402663,838,86.09058380126953
1771932620.436651,839,111.66964721679688
1771932621.0465395,840,61.12139892578125
1771932627.9068367,841,88.65032196044922
1771932628.0341222,842,106.10261535644531
1771932628.159793,843,144.87677001953125
1771932665.5848885,844,116.77610778808594
1771932668.8981724,845,84.89100646972656
1771932674.2765062,846,94.2326889038086
1771932682.5868196,847,102.79580688476562
1771932684.1644104,848,99.84921264648438
1771932686.0783396,849,87.11235809326172
1771932686.8472466,850,70.61837005615234
1771932689.7813494,851,103.11613464355469
1771932693.0337596,852,98.80506896972656
1771932698.085887,853,104.681884765625
1771932712.3561883,854,95.18311309814453
1771932712.4866714,855,16.801733016967773
1771932721.0185208,856,101.00563049316406
1771932725.5997877,857,103.88883972167969
1771932730.1471624,858,87.94097900390625
1771932742.3050735,859,111.50342559814453
1771932758.6767054,860,111.62871551513672
1771932770.2358842,861,104.62822723388672
1771932780.4855847,862,95.94851684570312
1771932785.4297578,863,120.51313018798828
1771932786.4823506,864,130.28956604003906
1771932787.5886877,865,81.88874053955078
1771932790.9327874,866,101.03797149658203
1771932803.1605866,867,110.30513763427734
1771932808.3880897,868,88.71210479736328
1771932808.7042823,869,182.9442901611328
1771932825.3762927,870,110.79496765136719
1771932827.3866394,871,118.8735580444336
1771932834.5181444,872,106.56958770751953
1771933002.229567,873,291.5306396484375
1771933003.9634228,874,94.66452026367188
1771933004.0856838,875,16.684633255004883
1771933009.8536794,876,94.53118133544922
1771933009.9801283,877,10.732338905334473
1771933015.732882,878,114.86703491210938
1771933032.101368,879,101.53401947021484
1771933035.479107,880,107.76708221435547
1771933038.6501884,881,107.52835845947266
1771933038.7758703,882,50.86730194091797
1771933041.0676906,883,102.26127624511719
1771933044.3390949,884,111.71039581298828
1771933045.7613778,885,119.26768493652344
1771933046.1477063,886,62.67092514038086
1771933054.6260512,887,77.15754699707031
1771933061.198869,888,98.07644653320312
1771933068.4749293,889,88.70409393310547
1771933068.597804,890,78.44482421875
1771933074.4351976,891,97.654541015625
1771933096.0669844,892,108.7592544555664
1771933106.0451236,893,115.97402954101562
1771933112.6465359,894,93.01593017578125
1771933112.9262576,895,119.56073760986328
1771933114.3933868,896,110.46833801269531
1771933119.654599,897,110.94833374023438
1771933119.7824087,898,33.057010650634766
1771933120.4700134,899,63.14016342163086
1771933122.9787135,900,91.6553955078125
1771933129.9093912,901,93.11570739746094
1771933135.1010492,902,95.62037658691406
1771933141.6542554,903,111.7338638305664
1771933150.0965867,904,110.28650665283203
1771933153.7213104,905,92.50426483154297
1771933156.6939685,906,120.70336151123047
1771933157.3971784,907,130.30506896972656
1771933157.524988,908,10.25008773803711
1771933157.6536584,909,6.339968681335449
1771933163.4139633,910,86.6134262084961
1771933163.5401866,911,23.956079483032227
1771933163.801668,912,135.21485900878906
1771933164.0576217,913,25.050621032714844
1771933179.0433364,914,89.06282806396484
1771933179.6102118,915,108.73324584960938
1771933180.6757267,916,104.90095520019531
1771933182.5647748,917,76.46891021728516
1771933186.1700332,918,108.5506362915039
1771933188.9916644,919,84.1534423828125
1771933192.5068612,920,101.10044860839844
1771933194.1362715,921,80.8582534790039
1771933197.4060717,922,84.51261901855469
1771933197.5298822,923,20.432342529296875
1771933202.1374145,924,134.8466796875
1771933202.2639568,925,77.33781433105469
1771933203.6993024,926,113.52294921875
1771933205.2836723,927,122.72126007080078
1771933206.8423793,928,131.08731079101562
1771933213.618435,929,106.27996063232422
1771933217.586922,930,92.77452087402344
1771933222.006723,931,86.71440887451172
1771933223.3164995,932,81.75834655761719
1771933226.4548895,933,95.03009796142578
1771933230.3356872,934,106.3081283569336
1771933233.7197804,935,98.52429962158203
1771933234.3207176,936,94.26058959960938
1771933234.5874636,937,48.89409255981445
1771933234.712706,938,183.80123901367188
1771933236.5481389,939,116.77129364013672
1771933247.901092,940,103.84583282470703
1771933250.3932345,941,91.42656707763672
1771933255.2799208,942,102.53507232666016
1771933256.0606766,943,76.91839599609375
1771933276.6439178,944,93.77581024169922
1771933280.384714,945,63.78615188598633
1771933285.0754893,946,83.3818359375
1771933291.54097,947,118.74592590332031
1771933295.5389414,948,121.80554962158203
1771933295.7330282,949,93.50174713134766
1771933297.1816576,950,169.84783935546875
1771933306.4883273,951,74.67154693603516
1771933311.454432,952,115.82447814941406
1771933312.0010996,953,87.66134643554688
1771933312.8930883,954,102.36984252929688
1771933317.0478194,955,84.306884765625
1771933317.8773568,956,116.26880645751953
1771933320.4304566,957,88.19983673095703
1771933410.068721,958,79.39514923095703
1771933413.6010108,959,103.5166015625
1771933421.9196782,960,105.56839752197266
1771933424.9282262,961,135.69212341308594
1771933425.9531488,962,84.96756744384766
1771933426.0790088,963,188.2060089111328
1771933426.6787653,964,59.140689849853516
1771933426.872028,965,178.37599182128906
1771933429.8815029,966,85.26384735107422
1771933431.4091835,967,68.21703338623047
1771933434.6843796,968,82.26974487304688
1771933439.2670035,969,97.44739532470703
1771933451.7793565,970,105.8020248413086
1771933453.3962443,971,96.26223754882812
1771933454.8335114,972,61.8132209777832
1771933457.0607493,973,59.15676498413086
1771933460.1135445,974,108.02883911132812
1771933461.5735035,975,73.00834655761719
1771933469.849546,976,82.5120849609375
1771933469.9750543,977,22.415912628173828
1771933470.5393457,978,62.87838363647461
1771933478.0715337,979,80.95069122314453
1771933478.4858792,980,66.2933120727539
1771933485.0618858,981,98.7444839477539
1771933485.9550047,982,81.7845230102539
1771933488.1840525,983,66.126708984375
1771933492.707967,984,84.14451599121094
1771933494.6430893,985,137.84127807617188
1771933496.1332667,986,165.69732666015625
1771933506.009848,987,90.96795654296875
1771933507.8183777,988,69.80265045166016
1771933509.3325727,989,93.75818634033203
1771933514.8254595,990,83.14483642578125
1771933517.7957215,991,96.2007064819336
1771933525.364075,992,99.89329528808594
1771933525.4937792,993,8.232172012329102
1771933527.2807522,994,106.66414642333984
1771933529.2896779,995,116.19063568115234
1771933529.6327827,996,71.11473846435547
1771933530.3277462,997,73.94497680664062
1771933530.5902197,998,51.169471740722656
1771933534.8770142,999,97.2107925415039
1771933535.286356,1000,18.710886001586914
1771933536.1662564,1001,48.747711181640625
1771933538.292959,1002,71.81459045410156
1771933539.520179,1003,71.96453857421875
1771933540.1869278,1004,58.50946807861328
1771933543.0998676,1005,87.00938415527344
1771933549.3558426,1006,93.5725326538086
1771933553.4714022,1007,92.31541442871094
1771933556.9787405,1008,82.1584701538086
1771933563.7954056,1009,98.59860229492188
1771933563.9296594,1010,6.884865760803223
1771933567.45048,1011,92.59317016601562
1771933569.2778578,1012,93.39541625976562
1771933574.0906851,1013,89.66976165771484
1771933576.3474627,1014,117.24866485595703
1771933579.7397063,1015,127.7079849243164
1771933579.8726623,1016,104.26724243164062
1771933580.066814,1017,141.9918975830078
1771933581.211034,1018,99.64356231689453
1771933583.815367,1019,82.33036041259766
1771933583.9614794,1020,69.08873748779297
1771933584.9162238,1021,77.96869659423828
1771933592.3860142,1022,108.6781997680664
1771933596.2931979,1023,91.42449188232422
1771933599.4727924,1024,110.51853942871094
1771933601.3079886,1025,96.23017883300781
1771933604.3545084,1026,81.80774688720703
1771933605.3703516,1027,108.65721130371094
1771933605.7598324,1028,60.98381042480469
1771933609.4417508,1029,67.27019500732422
1771933611.83122,1030,42.72235870361328
1771933616.7545855,1031,109.89122772216797
1771933621.124649,1032,109.31779479980469
1771933624.981014,1033,78.61125183105469
1771933625.9191008,1034,136.69667053222656
1771933626.1741838,1035,71.08357238769531
1771933630.9100506,1036,98.75384521484375
1771933631.10199,1037,82.41354370117188
1771933639.2376525,1038,100.22541809082031
1771933639.380159,1039,8.683728218078613
1771933639.58012,1040,139.70892333984375
1771933641.3873498,1041,120.08354187011719
1771933642.6178617,1042,103.36555480957031
1771933642.8772595,1043,22.089704513549805
1771933647.293138,1044,77.97652435302734
1771933647.4204323,1045,153.81417846679688
1771933647.8575647,1046,220.47149658203125
1771933649.1199164,1047,82.9527359008789
1771933651.0698297,1048,112.86174011230469
1771933655.9027212,1049,109.8239974975586
1771933656.1556542,1050,37.986717224121094
1771933660.5348396,1051,114.13932800292969
1771933665.1247697,1052,88.89313507080078
1771933666.820777,1053,74.216552734375
1771933670.2077885,1054,99.30891418457031
1771933673.4547408,1055,106.55876159667969
1771933675.352875,1056,78.67191314697266
1771933675.8964202,1057,155.28543090820312
1771933679.1873908,1058,109.73735046386719
1771933679.3193786,1059,6.7934746742248535
1771933680.8851938,1060,98.76629638671875
1771933693.430077,1061,105.11746215820312
1771933693.8855565,1062,122.49676513671875
1771933703.8717752,1063,92.14982604980469
1771933705.5340292,1064,79.97537231445312
1771933713.908085,1065,91.61223602294922
1771933714.8084536,1066,84.28666687011719
1771933719.0182211,1067,91.36945343017578
1771933719.2895036,1068,146.07135009765625
1771933726.6901426,1069,109.44053649902344
1771933733.3946319,1070,90.15060424804688
1771933733.733367,1071,46.1434211730957
1771933736.4440064,1072,95.51718139648438
1771933737.8017533,1073,80.91353607177734
1771933741.7323492,1074,78.4435043334961
1771933750.1475687,1075,98.67561340332031
1771933817.690237,1076,65.86972045898438
1771933822.9804587,1077,105.6652603149414
1771933826.1964376,1078,53.62248229980469
1771933832.2837343,1079,81.83415985107422
1771933834.70857,1080,50.38637161254883
1771933836.7590044,1081,157.41513061523438
1771933839.4278224,1082,111.8951644897461
1771933840.9318228,1083,134.97254943847656
1771933841.0557976,1084,27.65689468383789
1771933841.9434648,1085,99.91239929199219
1771933842.0701096,1086,10.366308212280273
1771933846.2904963,1087,96.43323516845703
1771933848.0659604,1088,93.62203216552734
1771933849.1423903,1089,61.995025634765625
1771933851.0096397,1090,71.39329528808594
1771933853.3485396,1091,92.07551574707031
1771933854.34077,1092,66.03583526611328
1771933860.6034317,1093,117.30623626708984
1771933861.9413397,1094,70.9019546508789
1771933862.310049,1095,140.22154235839844
1771933863.6091275,1096,117.83256530761719
1771933865.4754825,1097,90.54480743408203
1771933866.361696,1098,44.353187561035156
1771933871.572653,1099,92.73648834228516
1771933872.5034099,1100,168.34841918945312
1771933873.9845517,1101,87.48469543457031
1771933874.5003536,1102,44.52350616455078
1771933874.6832604,1103,273.49041748046875
1771933877.0172737,1104,78.13347625732422
1771933878.5963867,1105,111.39994049072266
1771933878.7219296,1106,14.165616035461426
1771933878.844428,1107,15.020263671875
1771933879.0306177,1108,10.544550895690918
1771933887.446313,1109,111.90850830078125
1771933892.1766489,1110,103.74237823486328
1771933896.5230472,1111,98.2274169921875
1771933897.818467,1112,120.25409698486328
1771933898.6297858,1113,176.0687255859375
1771933900.2911682,1114,137.90838623046875
1771933903.877457,1115,86.06575775146484
1771933904.191227,1116,126.28736877441406
1771933907.291039,1117,123.92157745361328
1771933907.5455086,1118,223.75308227539062
1771933913.9692998,1119,87.33206939697266
1771933915.489064,1120,71.59722900390625
1771933915.6701505,1121,200.4408416748047
1771933915.8627741,1122,27.23772621154785
1771933918.6865144,1123,78.62879180908203
1771933918.8718753,1124,79.27191162109375
1771933926.5392728,1125,94.91240692138672
1771933927.8894422,1126,117.87994384765625
1771933930.4687338,1127,100.49591827392578
1771933931.4533951,1128,113.23358917236328
1771933933.0919604,1129,69.7746810913086
1771933933.2778864,1130,38.51942825317383
1771933934.5484893,1131,92.11042785644531
1771933938.7039752,1132,103.434326171875
1771933940.2863233,1133,79.93579864501953
1771933940.869278,1134,53.89567947387695
1771933942.1774902,1135,34.532691955566406
1771933943.3762736,1136,60.00639724731445
1771933943.5095458,1137,6.888324737548828
1771933943.7703865,1138,108.21975708007812
1771933946.0456533,1139,64.94108581542969
1771933948.663818,1140,102.81330871582031
1771933951.286442,1141,89.62745666503906
1771933954.5819738,1142,104.34504699707031
1771933954.8419392,1143,132.05995178222656
1771933955.1669943,1144,141.0645294189453
1771933956.5976787,1145,105.8704605102539
1771933957.5841208,1146,137.8914794921875
1771933960.0656767,1147,93.83883666992188
1771933960.2482793,1148,114.5131607055664
1771933965.362348,1149,91.7968521118164
1771933966.780303,1150,73.84454345703125
1771933970.04675,1151,61.618045806884766
1771933976.6052537,1152,96.5815658569336
1771933980.6015759,1153,94.69116973876953
1771933980.7276852,1154,16.42061996459961
1771933983.7400324,1155,97.5740966796875
1771933983.9873743,1156,74.4968032836914
1771933984.433465,1157,87.04085540771484
1771933986.3237462,1158,92.31684112548828
1771933987.350944,1159,162.58518981933594
1771933988.1881907,1160,83.59822082519531
1771933994.9740477,1161,118.83917236328125
1771933996.414092,1162,74.10417938232422
1771934001.569893,1163,108.3689193725586
1771934002.5835478,1164,156.9748992919922
1771934003.2346299,1165,118.06394958496094
1771934009.7763536,1166,122.0832290649414
1771934010.1154282,1167,37.46217346191406
1771934018.514693,1168,86.47309875488281
1771934022.0119264,1169,81.53824615478516
1771934028.0007384,1170,107.98784637451172
1771934032.4770882,1171,88.75332641601562
1771934033.5835848,1172,142.78256225585938
1771934041.92262,1173,99.59087371826172
1771934042.9162495,1174,100.96495819091797
1771934044.9649706,1175,83.69883728027344
1771934048.7042458,1176,102.75385284423828
1771934049.683455,1177,75.47174835205078
1771934052.7990704,1178,105.39854431152344
1771934053.8508744,1179,134.8454132080078
1771934054.2297592,1180,164.77928161621094
1771934054.4897864,1181,15.906204223632812
1771934058.1614938,1182,103.90821838378906
1771934059.1226287,1183,78.26233673095703
1771934060.3874419,1184,65.86849975585938
1771934063.9325626,1185,78.59654998779297
1771934067.7930534,1186,76.4810791015625
1771934073.1451511,1187,118.27661895751953
1771934073.270396,1188,63.480743408203125
1771934074.5859866,1189,66.37234497070312
1771934074.8408914,1190,95.37651062011719
1771934078.587002,1191,75.01097869873047
1771934082.4999833,1192,92.41206359863281
1771934087.7730222,1193,108.93192291259766
1771934089.3171475,1194,87.1644287109375
1771934092.7033377,1195,80.71102142333984
1771934092.8291664,1196,346.44525146484375
1771934094.3634512,1197,138.19570922851562
1771934094.6183298,1198,47.75060272216797
1771934097.6003385,1199,82.6512680053711
1771934099.914883,1200,93.02940368652344
1771934101.0676205,1201,59.7857551574707
1771934102.0092735,1202,99.86795806884766
1771934104.957476,1203,78.49635314941406
1771934106.3108249,1204,91.40785217285156
1771934113.664141,1205,95.03746795654297
1771934115.6422017,1206,111.8419189453125
1771934115.9539747,1207,174.5927276611328
1771934123.6396744,1208,113.11971282958984
1771934127.0015228,1209,97.89202117919922
1771934131.1008399,1210,116.80059051513672
1771934133.7853088,1211,72.22688293457031
1771934133.9750588,1212,102.28466796875
1771934140.897621,1213,107.43058013916016
1771934141.3832295,1214,27.360363006591797
1771934146.4374707,1215,77.29975891113281
1771934278.7448952,1216,77.05197143554688
1771934279.9249802,1217,86.52813720703125
1771934280.4198728,1218,78.0759506225586
1771934283.8184233,1219,114.95838928222656
1771934287.0785832,1220,95.64886474609375
1771934291.6089544,1221,105.6822738647461
1771934294.8452601,1222,74.73796844482422
1771934296.5958216,1223,104.07533264160156
1771934299.963263,1224,121.87928771972656
1771934300.9307103,1225,112.60001373291016
1771934301.2419596,1226,225.58348083496094
1771934301.3654196,1227,135.57785034179688
1771934306.550878,1228,92.69036102294922
1771934308.508995,1229,74.6473159790039
1771934309.4260235,1230,127.05397033691406
1771934313.2160583,1231,109.91690063476562
1771934314.199876,1232,110.32597351074219
1771934317.7300556,1233,62.172393798828125
1771934317.9099948,1234,13.643829345703125
1771934319.07818,1235,121.87446594238281
1771934320.7843444,1236,98.72722625732422
1771934325.8301284,1237,119.71317291259766
1771934328.5058105,1238,67.88504791259766
1771934330.554253,1239,98.66451263427734
1771934340.8376112,1240,75.21321868896484
1771934344.1519876,1241,103.94371795654297
1771934344.4836514,1242,18.238399505615234
1771934346.7186887,1243,80.79230499267578
1771934348.3474662,1244,65.39913940429688
1771934350.7074463,1245,96.13007354736328
1771934351.7408624,1246,97.70182037353516
1771934351.8658373,1247,45.617271423339844
1771934352.1190403,1248,6.082101345062256
1771934353.7485042,1249,82.3348159790039
1771934353.878513,1250,8.850539207458496
1771934357.2755425,1251,70.59844207763672
1771934357.3997397,1252,131.40435791015625
1771934359.2649338,1253,120.1587142944336
1771934361.6523619,1254,79.3854751586914
1771934363.413294,1255,105.12168884277344
1771934365.369709,1256,70.7169189453125
1771934365.495179,1257,11.022904396057129
1771934370.0355678,1258,79.67964935302734
1771934372.23374,1259,100.12947845458984
1771934374.428068,1260,108.35148620605469
1771934374.681602,1261,160.3931121826172
1771934376.3894186,1262,80.92316436767578
1771934376.7208352,1263,145.72286987304688
1771934381.0808244,1264,81.3554458618164
1771934383.535855,1265,120.6379165649414
1771934386.2332404,1266,86.96403503417969
1771934386.4208694,1267,134.84994506835938
1771934387.861628,1268,102.013427734375
1771934393.4284854,1269,99.06053924560547
1771934400.0799735,1270,97.7076187133789
1771934400.5428975,1271,41.86188888549805
1771934400.9912877,1272,140.19866943359375
1771934403.3637552,1273,93.5943374633789
1771934403.7465575,1274,127.86770629882812
1771934404.3512914,1275,31.78244400024414
1771934404.5894628,1276,329.98919677734375
1771934411.9314504,1277,114.7925796508789
1771934415.4505541,1278,90.3537368774414
1771934417.2476988,1279,134.01564025878906
1771934417.7297525,1280,96.75211334228516
1771934418.9341242,1281,114.17401885986328
1771934419.3004467,1282,209.3472137451172
1771934420.478644,1283,90.40596008300781
1771934421.010388,1284,76.49122619628906
1771934422.549597,1285,122.89519500732422
1771934422.9136634,1286,115.37548065185547
1771934423.161489,1287,432.48919677734375
1771934426.7861762,1288,93.560546875
1771934428.5157864,1289,75.08850860595703
1771934431.8393216,1290,101.49341583251953
1771934434.2100291,1291,87.84251403808594
1771934441.6854737,1292,91.54720306396484
1771934442.3892515,1293,77.87294006347656
1771934446.899612,1294,86.62478637695312
1771934448.6308057,1295,120.26914978027344
1771934450.4797473,1296,59.91918182373047
1771934451.087795,1297,153.33303833007812
1771934452.0267246,1298,49.08172607421875
1771934452.8050413,1299,127.26663970947266
1771934452.9814541,1300,50.694068908691406
1771934454.1391704,1301,132.8851776123047
1771934466.1701808,1302,104.25863647460938
1771934466.5634634,1303,115.05815124511719
1771934472.4006083,1304,99.98995971679688
1771934474.835785,1305,47.05962371826172
1771934481.5076482,1306,85.3427505493164
1771934482.8776867,1307,154.09954833984375
1771934483.004647,1308,26.330005645751953
1771934486.230733,1309,84.07303619384766
1771934487.8822334,1310,62.08586120605469
1771934493.3070958,1311,92.99283599853516
1771934497.668987,1312,106.50505828857422
1771934500.5233614,1313,92.85679626464844
1771934500.661488,1314,99.68658447265625
1771934501.225593,1315,102.30638122558594
1771934505.3641365,1316,94.55582427978516
1771934508.6153858,1317,80.03665161132812
1771934508.7577703,1318,219.85696411132812
1771934508.8852465,1319,17.76567840576172
1771934515.364054,1320,104.15765380859375
1771934517.1751995,1321,68.88490295410156
1771934518.5205872,1322,66.62432098388672
1771934519.297879,1323,48.08689498901367
1771934519.9243617,1324,65.1872329711914
1771934520.4858975,1325,53.96746063232422
1771934526.788513,1326,72.41574096679688
1771934527.394245,1327,91.480224609375
1771934529.6331153,1328,38.066593170166016
1771934534.8490255,1329,120.7763442993164
1771934538.1471138,1330,80.30054473876953
1771934539.8130765,1331,75.427734375
1771934540.5655015,1332,48.089813232421875
1771934547.131758,1333,74.8104476928711
1771934547.2620747,1334,124.90727233886719
1771934547.7476048,1335,61.68619918823242
1771934548.2926202,1336,123.17801666259766
1771934551.5197492,1337,90.91238403320312
1771934560.5619001,1338,110.83474731445312
1771934564.5709026,1339,87.9944839477539
1771934566.2567253,1340,48.51892852783203
1771934568.0599167,1341,75.5790023803711
1771934570.3035944,1342,44.24631118774414
1771934570.4276288,1343,8.194969177246094
1771934571.2575812,1344,75.92239379882812
1771934571.5145369,1345,35.859230041503906
1771934576.8551798,1346,115.1420669555664
1771934576.9815342,1347,33.333953857421875
1771934577.1111252,1348,93.60429382324219
1771934579.2229607,1349,91.51042938232422
1771934579.5989535,1350,20.44788932800293
1771934581.6373456,1351,80.85379791259766
1771934581.9838812,1352,116.47360229492188
1771934585.3373013,1353,136.04269409179688
1771934586.5500972,1354,77.0171127319336
1771934586.9321203,1355,161.1980438232422
1771934588.127015,1356,74.25617980957031
1771934591.5302296,1357,102.06497192382812
1771934591.6674337,1358,15.370870590209961
1771934594.9000757,1359,81.33033752441406
1771934596.0350735,1360,51.049705505371094
1771934596.16042,1361,7.826427459716797
1771934596.2859943,1362,118.13876342773438
1771934596.9327629,1363,57.91621017456055
1771934602.5533664,1364,76.5616226196289
1771934712.6180658,1365,29.78339195251465
1771934719.6641726,1366,104.03402709960938
1771934724.2527423,1367,83.21311950683594
1771934727.3274813,1368,50.94828796386719
1771934727.9870133,1369,47.9421272277832
1771934733.7528734,1370,87.10403442382812
1771934733.943467,1371,31.81250762939453
1771934734.134342,1372,31.009559631347656
1771934736.0337734,1373,66.79491424560547
1771934737.2683392,1374,111.39063262939453
1771934744.1157024,1375,76.59999084472656
1771934751.6703105,1376,74.34374237060547
1771934752.8974187,1377,84.49409484863281
1771934753.2831829,1378,50.93561553955078
1771934757.8264792,1379,80.5739517211914
1771934759.74417,1380,101.25654602050781
1771934760.4437544,1381,47.28825378417969
1771934762.7538726,1382,72.68594360351562
1771934766.9702787,1383,99.56051635742188
1771934769.91192,1384,62.49398422241211
1771934777.448737,1385,102.64398956298828
1771934778.834619,1386,104.53492736816406
1771934782.1936486,1387,93.77793884277344
1771934787.2891216,1388,99.25045776367188
1771934792.3349829,1389,87.76152038574219
1771934794.260479,1390,79.07247924804688
1771934799.0181265,1391,92.57999420166016
1771934801.2813113,1392,148.30682373046875
1771934803.6111374,1393,119.4352035522461
1771934805.3689857,1394,84.55313110351562
1771934807.7551208,1395,85.51360321044922
1771934811.2358513,1396,74.9784927368164
1771934813.10616,1397,85.36756134033203
1771934821.3656838,1398,82.963623046875
1771934823.1977148,1399,83.71768188476562
1771934827.9241679,1400,120.04505157470703
1771934828.1880822,1401,23.645360946655273
1771934830.8713477,1402,98.18534088134766
1771934831.8412151,1403,96.39727020263672
1771934833.8500292,1404,81.33708953857422
1771934837.1864913,1405,80.3896713256836
1771934840.541328,1406,75.45635223388672
1771934844.1531687,1407,79.25275421142578
1771934844.643393,1408,60.642852783203125
1771934844.8248587,1409,16.307384490966797
1771934846.1376274,1410,69.73090362548828
1771934847.4854832,1411,76.30817413330078
1771934847.7388864,1412,29.77967643737793
1771934854.7840877,1413,75.73414611816406
1771934855.1242375,1414,173.9654083251953
1771934859.6724827,1415,79.25408935546875
1771934860.0959997,1416,37.15861892700195
1771934861.2827358,1417,48.75299835205078
1771934861.4667802,1418,176.3245086669922
1771934865.7644372,1419,92.86991882324219
1771934868.3744352,1420,64.46394348144531
1771934876.183551,1421,103.25757598876953
1771934878.0309908,1422,73.72923278808594
1771934878.365457,1423,122.87141418457031
1771934880.7024922,1424,78.81742858886719
1771934883.3541906,1425,120.30487060546875
1771934884.7597485,1426,124.93577575683594
1771934886.1345453,1427,92.74964141845703
1771934887.1257105,1428,53.215492248535156
1771934887.8964407,1429,45.87735366821289
1771934888.2193596,1430,98.37349700927734
1771934888.4735003,1431,61.043087005615234
1771934890.4029493,1432,62.630374908447266
1771934893.6184196,1433,89.88688659667969
1771934894.4881227,1434,98.8683853149414
1771934894.611967,1435,9.050063133239746
1771934895.8563538,1436,110.65702056884766
1771934899.87457,1437,100.9589614868164
1771934900.2639673,1438,77.43233489990234
1771934901.2324383,1439,104.51011657714844
1771934904.1222923,1440,73.06190490722656
1771934907.5073183,1441,131.22088623046875
1771934908.5972235,1442,50.37116241455078
1771934917.216086,1443,90.84071350097656
1771934921.6499066,1444,74.96391296386719
1771934922.7426212,1445,52.64387893676758
1771934926.6872787,1446,82.61136627197266
1771934934.755712,1447,82.0025634765625
1771934938.7056258,1448,94.22016906738281
1771934941.9139626,1449,86.85997009277344
1771934943.7372024,1450,63.0693244934082
1771934943.8622224,1451,21.933189392089844
1771934946.3972673,1452,150.53712463378906
1771934949.218431,1453,70.05171966552734
1771934951.2575917,1454,67.76191711425781
1771934954.7547169,1455,63.28490447998047
1771934960.9127605,1456,85.85922241210938
1771934962.6755025,1457,105.37985229492188
1771934964.2572718,1458,115.245361328125
1771934968.1077828,1459,82.93829345703125
1771934968.2442484,1460,160.70010375976562
1771934968.7055652,1461,56.31834030151367
1771934968.8299618,1462,3.0417943000793457
1771934970.4274793,1463,73.3316650390625
1771934971.2572577,1464,122.41586303710938
1771934973.6017823,1465,78.57727813720703
1771934973.9229064,1466,128.52593994140625
1771934975.1741452,1467,95.15974426269531
1771934975.3563685,1468,80.36038208007812
1771934978.7148442,1469,111.68138122558594
1771934986.0402648,1470,95.37026977539062
1771934990.2414815,1471,61.42103576660156
1771934991.0932267,1472,109.37109375
1771934992.319556,1473,78.07992553710938
1771934992.8042185,1474,54.13578796386719
1771934998.335755,1475,85.02045440673828
1771935000.0823538,1476,141.74635314941406
1771935004.8414335,1477,106.95718383789062
1771935009.9822028,1478,95.56700897216797
1771935013.8507094,1479,101.68746948242188
1771935017.1125903,1480,81.79449462890625
1771935021.3700778,1481,76.18402862548828
1771935027.5090203,1482,91.6773681640625
1771935031.2640002,1483,73.12897491455078
1771935044.1432683,1484,74.12494659423828
1771935105.5027957,1485,116.7103500366211
1771935109.2958407,1486,101.14989471435547
1771935113.3480895,1487,129.9806671142578
1771935114.7802365,1488,72.30606079101562
1771935118.6162446,1489,95.3072280883789
1771935120.544355,1490,90.46603393554688
1771935126.0443165,1491,104.6835708618164
1771935128.2102222,1492,76.08599090576172
1771935129.446029,1493,34.0793342590332
1771935129.8915632,1494,70.15882110595703
1771935131.1138458,1495,60.83751678466797
1771935132.7548668,1496,87.0459213256836
1771935132.94984,1497,13.254231452941895
1771935133.447742,1498,64.91353607177734
1771935134.4231253,1499,44.29401779174805
1771935139.1383858,1500,91.51032257080078
1771935139.26027,1501,108.38392639160156
1771935146.0660288,1502,100.4914779663086
1771935146.1990106,1503,17.476282119750977
1771935156.8874521,1504,89.01138305664062
1771935157.0147693,1505,116.50881958007812
1771935158.5338504,1506,56.423545837402344
1771935161.811947,1507,88.8147201538086
1771935167.0377576,1508,89.06513214111328
1771935176.955074,1509,102.99566650390625
1771935178.1220841,1510,75.763427734375
1771935182.5330462,1511,59.399017333984375
1771935185.3949373,1512,103.29353332519531
1771935192.2593076,1513,84.73928833007812
1771935197.7639797,1514,84.65311431884766
1771935198.0076847,1515,127.23993682861328
1771935199.8282022,1516,88.66729736328125
1771935201.2103279,1517,113.1026840209961
1771935207.0732841,1518,91.0054931640625
1771935210.8198094,1519,108.2214126586914
1771935211.255547,1520,91.6254653930664
1771935212.0543935,1521,59.54046630859375
1771935212.9936972,1522,74.08724212646484
1771935214.3213458,1523,104.92257690429688
1771935214.4519153,1524,17.002195358276367
1771935218.4810274,1525,113.39307403564453
1771935222.3523664,1526,101.05563354492188
1771935223.610046,1527,105.7468490600586
1771935228.119427,1528,87.60114288330078
1771935230.0693865,1529,89.97447204589844
1771935231.1073802,1530,126.49285125732422
1771935231.4840589,1531,51.92317199707031
1771935231.8144805,1532,75.17803192138672
1771935231.9956677,1533,47.20478057861328
1771935233.401438,1534,64.15415954589844
1771935233.5259962,1535,10.531322479248047
1771935233.764965,1536,15.796661376953125
1771935234.8974574,1537,85.68946838378906
1771935236.9916987,1538,58.01472473144531
1771935238.5222304,1539,78.04357147216797
1771935243.5578136,1540,81.82266998291016
1771935253.0901835,1541,82.88509368896484
1771935254.0053327,1542,149.53224182128906
1771935259.1644018,1543,87.96968841552734
1771935265.9779189,1544,76.21174621582031
1771935266.7180228,1545,93.59893798828125
1771935270.369251,1546,81.83302307128906
1771935276.85737,1547,84.51036071777344
1771935277.4128592,1548,30.243465423583984
1771935282.9981303,1549,80.28656005859375
1771935286.4431872,1550,85.80177307128906
1771935291.0080256,1551,76.96285247802734
1771935291.1325839,1552,20.44713592529297
1771935294.3243215,1553,97.1565933227539
1771935294.8277578,1554,117.65706634521484
1771935296.8348653,1555,67.01228332519531
1771935300.9442406,1556,69.22906494140625
1771935304.2221117,1557,91.58943939208984
1771935307.7775831,1558,83.75473022460938
1771935314.5293736,1559,71.63739776611328
1771935316.5413299,1560,97.98343658447266
1771935318.337122,1561,90.31299591064453
1771935321.7313356,1562,67.08595275878906
1771935324.7290957,1563,104.89142608642578
1771935332.356398,1564,82.87332916259766
1771935334.4865458,1565,99.5350112915039
1771935338.0166812,1566,87.12774658203125
1771935340.158928,1567,139.54112243652344
1771935342.0407412,1568,72.41747283935547
1771935342.298174,1569,12.596268653869629
1771935350.2026494,1570,80.62285614013672
1771935351.8270776,1571,80.18014526367188
1771935352.9783735,1572,72.40726470947266
1771935353.7563784,1573,107.83067321777344
1771935358.7959843,1574,68.73735809326172
1771935361.2370238,1575,81.18824768066406
1771935362.565574,1576,79.7665023803711
1771935364.1554475,1577,92.17215728759766
1771935366.7935312,1578,113.51303100585938
1771935374.5899985,1579,86.64806365966797
1771935379.1468399,1580,99.23519134521484
1771935379.284942,1581,142.79287719726562
1771935381.3747485,1582,47.406620025634766
1771935384.184191,1583,105.55563354492188
1771935391.3252323,1584,81.6595458984375
1771935393.3810947,1585,94.42733764648438
1771935398.0818155,1586,78.14396667480469
1771935399.2502177,1587,54.61304473876953
1771935401.603322,1588,95.91976928710938
1771935403.8308647,1589,60.51903533935547
1771935403.9568162,1590,95.56939697265625
1771935404.0843952,1591,22.315786361694336
1771935410.0133479,1592,68.83586883544922
1771935411.7544458,1593,85.6366195678711
1771935411.8888817,1594,136.89642333984375
1771935418.493342,1595,81.92400360107422
1771935514.297793,1596,91.71403503417969
1771935525.9248297,1597,88.12274932861328
1771935526.5912929,1598,94.98704528808594
1771935528.1760213,1599,76.09144592285156
1771935530.5574613,1600,68.87767791748047
1771935534.260781,1601,115.2292709350586
1771935545.7503536,1602,94.38316345214844
1771935550.5566468,1603,56.39964294433594
1771935561.564176,1604,81.358642578125
1771935570.3561373,1605,77.98736572265625
1771935570.4876337,1606,43.115543365478516
1771935570.9149868,1607,33.08771514892578
1771935578.3385363,1608,91.27367401123047
1771935578.8519504,1609,47.383888244628906
1771935580.1478398,1610,74.6478500366211
1771935582.1969543,1611,75.86676788330078
1771935583.4284616,1612,35.41413116455078
1771935586.1039033,1613,70.47708892822266
1771935586.2279801,1614,26.790735244750977
1771935587.5790727,1615,62.67972946166992
1771935591.0620015,1616,72.70012664794922
1771935591.1904738,1617,80.74151611328125
1771935594.0088754,1618,73.39649200439453
1771935598.0481606,1619,83.61300659179688
1771935603.4766855,1620,77.5884780883789
1771935608.9576998,1621,102.78211212158203
1771935610.4457355,1622,98.44001007080078
1771935613.782109,1623,66.42889404296875
1771935615.9340248,1624,76.32071685791016
1771935618.1967804,1625,75.18822479248047
1771935618.7088451,1626,52.05839920043945
1771935620.0841615,1627,52.47769546508789
1771935622.1867893,1628,72.50099182128906
1771935625.260167,1629,115.4255142211914
1771935627.0988855,1630,98.39286804199219
1771935629.1067483,1631,53.39073944091797
1771935633.178268,1632,97.65370178222656
1771935633.3041153,1633,26.30390167236328
1771935633.428565,1634,20.251956939697266
1771935636.0032103,1635,89.54219055175781
1771935644.3749871,1636,77.14021301269531
1771935646.3397682,1637,70.73326110839844
1771935649.5539665,1638,95.88184356689453
1771935649.958719,1639,41.2779655456543
1771935652.5722368,1640,83.08415222167969
1771935657.528548,1641,54.78896713256836
1771935658.054776,1642,47.71928024291992
1771935659.9996028,1643,39.46078109741211
1771935662.00117,1644,85.08716583251953
1771935663.3988152,1645,80.27643585205078
1771935665.0943043,1646,71.2105941772461
1771935665.4141066,1647,57.402584075927734
1771935668.9012897,1648,103.55410766601562
1771935669.145552,1649,48.174922943115234
1771935670.2275195,1650,36.67961883544922
1771935670.3561058,1651,130.2721405029297
1771935673.438038,1652,81.34379577636719
1771935674.6863265,1653,82.17386627197266
1771935676.661547,1654,91.37361907958984
1771935676.788818,1655,22.293338775634766
1771935678.2062056,1656,54.73826599121094
1771935687.4688296,1657,54.167274475097656
1771935690.7103503,1658,87.44133758544922
1771935693.171601,1659,69.6968002319336
1771935693.6010184,1660,173.77090454101562
1771935697.1192763,1661,100.09668731689453
1771935698.4937093,1662,79.25521850585938
1771935700.3138742,1663,67.66141510009766
1771935701.987293,1664,73.88521575927734
1771935704.1990623,1665,122.1309585571289
1771935706.4670036,1666,74.27362060546875
1771935722.063353,1667,83.31195068359375
1771935723.1728272,1668,60.94998550415039
1771935724.3685415,1669,57.66353988647461
1771935727.575938,1670,71.23213195800781
1771935727.9385915,1671,103.83042907714844
1771935729.695893,1672,85.74005889892578
1771935734.7042327,1673,63.66322326660156
1771935734.9017918,1674,86.1547622680664
1771935735.095676,1675,158.05438232421875
1771935735.8640459,1676,93.22858428955078
1771935741.031043,1677,87.8995132446289
1771935741.2161624,1678,71.3887939453125
1771935746.625912,1679,88.72344970703125
1771935748.5102627,1680,76.98060607910156
1771935750.742008,1681,90.55464172363281
1771935759.172693,1682,82.60419464111328
1771935759.9623883,1683,64.56900024414062
1771935761.500772,1684,96.34857177734375
1771935763.5144017,1685,83.01968383789062
1771935766.83504,1686,84.72335052490234
1771935771.0660434,1687,89.24897766113281
1771935776.3214123,1688,82.3109359741211
1771935777.141151,1689,92.32987213134766
1771935778.522952,1690,79.69314575195312
1771935778.7787669,1691,147.81243896484375
1771935781.530223,1692,64.03081512451172
1771935784.6117198,1693,45.69672393798828
1771935788.0619094,1694,75.02032470703125
1771935797.717054,1695,78.56919860839844
1771935797.9769304,1696,76.07056427001953
1771935809.187215,1697,79.27349853515625
1771935815.3414388,1698,85.06153869628906
1771935817.1534688,1699,153.8401641845703
1771935820.5636818,1700,76.05900573730469
1771935822.8955207,1701,86.7046127319336
1771935824.154588,1702,120.04911041259766
1771935824.3428552,1703,19.40631103515625
1771935824.5348434,1704,103.65899658203125
1771935825.9720287,1705,56.42008972167969
1771935831.1854632,1706,72.38310241699219
1771935831.383002,1707,22.873804092407227
1771935833.755042,1708,92.30573272705078
1771935931.0347948,1709,60.29819869995117
1771935931.1611588,1710,14.356472969055176
1771935936.2400217,1711,79.60840606689453
1771935941.8875773,1712,81.91746520996094
1771935945.0223317,1713,105.96707916259766
1771935948.4007525,1714,78.97203063964844
1771935951.6324508,1715,84.22879028320312
1771935953.8790607,1716,81.66881561279297
1771935954.0698876,1717,115.33562469482422
1771935958.438744,1718,79.84837341308594
1771935963.1534705,1719,79.00289154052734
1771935963.641433,1720,41.52452850341797
1771935964.597331,1721,87.02474212646484
1771935966.4039214,1722,66.57842254638672
1771935967.1902862,1723,83.1846923828125
1771935969.1215143,1724,80.14323425292969
1771935972.8554885,1725,98.24761962890625
1771935977.388261,1726,97.22538757324219
1771935983.2031972,1727,87.96527862548828
1771935985.3446913,1728,75.50479125976562
1771935987.2295935,1729,65.85275268554688
1771935988.4370492,1730,69.67404174804688
1771935988.565448,1731,14.625635147094727
1771935989.7818792,1732,70.98326110839844
1771935990.0426278,1733,90.67778015136719
1771935991.076093,1734,84.84105682373047
1771935991.3855112,1735,42.83831024169922
1771935994.7524588,1736,77.80610656738281
1771936010.324893,1737,63.39028549194336
1771936020.0377402,1738,70.81607818603516
1771936020.1632957,1739,117.00212097167969
1771936022.3249576,1740,87.40470123291016
1771936031.1529398,1741,89.50077056884766
1771936031.351457,1742,12.579187393188477
1771936033.11425,1743,117.75920867919922
1771936035.2667518,1744,88.02998352050781
1771936036.4148307,1745,78.47113037109375
1771936036.7322547,1746,167.39370727539062
1771936042.5469372,1747,58.556705474853516
1771936044.7396958,1748,96.61090850830078
1771936054.2423372,1749,67.44047546386719
1771936054.4266238,1750,9.201041221618652
1771936054.949031,1751,48.263336181640625
1771936062.3045657,1752,79.196044921875
1771936069.4975204,1753,77.54789733886719
1771936069.6263092,1754,17.62850570678711
1771936069.955447,1755,80.39323425292969
1771936072.9570358,1756,71.41908264160156
1771936073.2094471,1757,95.99020385742188
1771936076.7999275,1758,114.74087524414062
1771936077.173,1759,61.428035736083984
1771936079.1560028,1760,119.54666137695312
1771936080.3679018,1761,79.40608978271484
1771936082.875292,1762,78.81571197509766
1771936087.2865589,1763,71.72908782958984
1771936087.5445397,1764,50.83011245727539
1771936087.6688523,1765,13.264209747314453
1771936093.5910246,1766,70.09735870361328
1771936095.87311,1767,88.25670623779297
1771936101.1632898,1768,70.54178619384766
1771936101.3468652,1769,26.151687622070312
1771936104.7249336,1770,82.2936019897461
1771936104.8526003,1771,11.639906883239746
1771936104.9818769,1772,43.40724182128906
1771936106.400242,1773,56.59957504272461
1771936108.4153743,1774,76.66346740722656
1771936124.5028167,1775,68.77068328857422
1771936129.617582,1776,72.52014923095703
1771936135.3166492,1777,68.25692749023438
1771936140.1525686,1778,66.65544891357422
1771936143.9149885,1779,70.0324478149414
1771936151.4240174,1780,52.87672424316406
1771936153.318346,1781,74.31654357910156
1771936155.518095,1782,60.81596374511719
1771936156.7324815,1783,84.40266418457031
1771936164.2704144,1784,76.08810424804688
1771936164.5405629,1785,85.73328399658203
1771936164.7288837,1786,70.68755340576172
1771936169.822838,1787,71.12163543701172
1771936173.4674284,1788,73.44729614257812
1771936182.8796537,1789,73.50757598876953
1771936184.9482791,1790,109.53495025634766
1771936186.9423418,1791,88.62991333007812
1771936188.4149625,1792,85.33439636230469
1771936192.3784058,1793,73.26155090332031
1771936196.0599573,1794,103.54724884033203
1771936197.7968028,1795,53.84864807128906
1771936202.9955118,1796,63.795875549316406
1771936210.9935596,1797,67.10383605957031
1771936211.126955,1798,33.71288299560547
1771936214.0068178,1799,86.38513946533203
1771936214.198609,1800,44.00529479980469
1771936223.5891995,1801,76.47075653076172
1771936232.2571208,1802,91.53756713867188
1771936236.8532617,1803,74.43497467041016
1771936237.0374155,1804,18.036636352539062
1771936242.078085,1805,62.28566360473633
1771936245.0459373,1806,75.65992736816406
1771936248.0812166,1807,71.50000762939453
1771936341.32835,1808,77.45408630371094
1771936350.725904,1809,78.9921875
1771936352.8235762,1810,79.50843048095703
1771936360.3761294,1811,68.20097351074219
1771936361.3626776,1812,78.81000518798828
1771936365.1355507,1813,68.8276596069336
1771936365.8205166,1814,89.80345916748047
1771936375.0606456,1815,68.09850311279297
1771936387.61627,1816,76.73945617675781
1771936391.5700843,1817,55.37221908569336
1771936392.5675497,1818,55.939762115478516
1771936395.8632107,1819,60.97613525390625
1771936398.0514271,1820,102.4436264038086
1771936398.361401,1821,51.0872917175293
1771936403.3491466,1822,51.89119338989258
1771936409.2275777,1823,72.451904296875
1771936414.6094317,1824,66.1270751953125
1771936422.0788617,1825,62.064117431640625
1771936423.04037,1826,76.14059448242188
1771936428.244292,1827,71.35507202148438
1771936436.8624356,1828,57.4532356262207
1771936437.3673904,1829,66.01702117919922
1771936439.3280358,1830,113.13634490966797
1771936444.220654,1831,63.10901641845703
1771936448.2111979,1832,84.71648406982422
1771936448.340604,1833,209.72900390625
1771936448.466041,1834,15.149681091308594
1771936450.8804593,1835,70.09709930419922
1771936454.3269827,1836,72.38931274414062
1771936456.44893,1837,72.63846588134766
1771936460.2112536,1838,62.5391845703125
1771936460.933058,1839,68.92984771728516
1771936461.0613315,1840,8.986265182495117
1771936461.185827,1841,10.81709098815918
1771936466.8373804,1842,73.75719451904297
1771936466.9636185,1843,59.8391227722168
1771936467.0934734,1844,185.43756103515625
1771936467.9978905,1845,97.01736450195312
1771936487.7934318,1846,64.24124145507812
1771936492.4093478,1847,60.892215728759766
1771936492.5364494,1848,173.27389526367188
1771936493.142086,1849,42.21977996826172
1771936496.612089,1850,68.82444763183594
1771936496.7353294,1851,13.09705924987793
1771936500.8947384,1852,75.89037322998047
1771936501.1449583,1853,42.599945068359375
1771936505.9492228,1854,71.37208557128906
1771936512.4090261,1855,75.30298614501953
1771936515.2561572,1856,44.3717155456543
1771936521.4346547,1857,62.0823860168457
1771936521.7552493,1858,34.194541931152344
1771936521.878269,1859,9.322011947631836
1771936523.8346548,1860,61.870567321777344
1771936526.9653234,1861,39.260498046875
1771936529.393953,1862,89.28768157958984
1771936533.819137,1863,68.83033752441406
1771936546.4903607,1864,82.46813201904297
1771936556.467567,1865,66.33920288085938
1771936558.662132,1866,61.70802688598633
1771936560.0209467,1867,74.0630874633789
1771936569.796314,1868,74.03108978271484
1771936580.314884,1869,60.503536224365234
1771936589.114733,1870,80.59697723388672
1771936592.3081641,1871,69.14673614501953
1771936593.7936184,1872,54.1038932800293
1771936594.8115783,1873,78.16448974609375
1771936598.136567,1874,67.71141815185547
1771936598.2614589,1875,13.833992004394531
1771936604.8200822,1876,82.17252349853516
1771936609.0512013,1877,59.258338928222656
1771936609.174455,1878,5.811474800109863
1771936610.835613,1879,65.01502227783203
1771936615.9245455,1880,83.36991882324219
1771936616.2515662,1881,66.56149291992188
1771936624.2294648,1882,60.97438430786133
1771936625.2330453,1883,81.10917663574219
1771936628.117344,1884,73.84483337402344
1771936631.353092,1885,78.13614654541016
1771936636.477696,1886,67.58879089355469
1771936645.5372071,1887,73.11813354492188
1771936645.7324016,1888,44.07926940917969
1771936646.0482447,1889,57.2985954284668
1771936646.178787,1890,83.13380432128906
1771936647.1736562,1891,38.5006103515625
1771936647.2974336,1892,258.4153747558594
1771936649.3987463,1893,66.62593841552734
1771936724.1877232,1894,65.73861694335938
1771936725.1424797,1895,36.236961364746094
1771936731.4495118,1896,75.95291900634766
1771936731.5775537,1897,451.1916809082031
1771936732.4292536,1898,27.22764015197754
1771936733.7993062,1899,57.24763870239258
1771936737.474562,1900,49.07468032836914
1771936737.6065671,1901,18.602127075195312
1771936742.4673479,1902,61.65555953979492
1771936742.714628,1903,104.9238510131836
1771936745.4698277,1904,56.936100006103516
1771936748.8792672,1905,62.74525833129883
1771936751.043176,1906,49.27071762084961
1771936754.6436498,1907,53.10285949707031
1771936755.6132133,1908,58.973960876464844
1771936757.6257708,1909,93.16878509521484
1771936762.0793824,1910,67.37344360351562
1771936762.2691844,1911,10.568967819213867
1771936772.8653195,1912,81.3505630493164
1771936774.5242162,1913,74.24796295166016
1771936778.7047253,1914,70.6897201538086
1771936781.8122146,1915,77.35091400146484
1771936784.5162046,1916,70.32752990722656
1771936788.6779735,1917,51.04838943481445
1771936790.8429153,1918,87.92716979980469
1771936797.7185845,1919,53.20180130004883
1771936797.847681,1920,19.931621551513672
1771936800.3146493,1921,70.7213134765625
1771936808.25628,1922,75.89007568359375
1771936808.8417404,1923,38.715641021728516
1771936811.844987,1924,51.23257827758789
1771936812.0269785,1925,127.09750366210938
1771936813.558972,1926,92.05451202392578
1771936814.3240442,1927,60.775535583496094
1771936817.149272,1928,77.24810791015625
1771936817.4019628,1929,75.42768096923828
1771936819.3815503,1930,56.32529067993164
1771936821.086811,1931,86.6636962890625
1771936825.95121,1932,71.44542694091797
1771936829.5139103,1933,75.75920104980469
1771936829.7187243,1934,125.72388458251953
1771936829.9075751,1935,28.4462947845459
1771936830.0376723,1936,9.49329662322998
1771936836.549279,1937,73.24231719970703
1771936844.167719,1938,61.93454360961914
1771936855.1699793,1939,73.6454849243164
1771936855.4122906,1940,97.53582763671875
1771936861.7846782,1941,75.86019134521484
1771936865.8816946,1942,65.19743347167969
1771936866.0116658,1943,184.50717163085938
1771936872.8343275,1944,63.677127838134766
1771936874.5073223,1945,93.23307037353516
1771936877.3337483,1946,52.383544921875
1771936879.070786,1947,74.52090454101562
1771936879.1952686,1948,20.46971321105957
1771936882.4469721,1949,79.00962829589844
1771936898.7142785,1950,70.2107162475586
1771936904.3233154,1951,71.13471984863281
1771936907.1033869,1952,78.26576232910156
1771936910.820078,1953,72.62512969970703
1771936916.085952,1954,73.6034927368164
1771936919.5706387,1955,97.26673889160156
1771936923.4416714,1956,72.98817443847656
1771936936.1602473,1957,70.2595443725586
1771936936.4993746,1958,86.19995880126953
1771936937.7963943,1959,45.791934967041016
1771936941.8602564,1960,68.23503112792969
1771936946.7093682,1961,74.6518783569336
1771936957.413475,1962,80.50450134277344
1771936960.3833473,1963,70.65667724609375
1771936962.256827,1964,83.63102722167969
1771936963.9860728,1965,79.97611999511719
1771936968.8640122,1966,64.97198486328125
1771936975.9992325,1967,63.61216735839844
1771936976.9216046,1968,85.36646270751953
1771936983.8625054,1969,68.45496368408203
1771936986.9029555,1970,55.54822540283203
1771936990.0850682,1971,67.36843872070312
1771936990.2111466,1972,30.079509735107422
1771936995.9255342,1973,68.485595703125
1771936999.302229,1974,58.725921630859375
1771936999.4279747,1975,50.86765670776367
1771936999.6085465,1976,34.62519073486328
1771937001.300269,1977,60.501346588134766
1771937003.5572908,1978,62.67362976074219
1771937005.547904,1979,54.40739440917969
1771937009.0663528,1980,98.26229095458984
1771937012.7560377,1981,58.348941802978516
1771937023.712553,1982,75.74323272705078
1771937027.0140784,1983,66.61805725097656
1771937031.0067194,1984,68.90546417236328
1771937035.4481714,1985,91.95655059814453
1771937036.526073,1986,69.91575622558594
1771937039.189608,1987,63.00339126586914
1771937040.8266044,1988,81.54815673828125
1771937045.3749948,1989,64.43769073486328
1771937049.4750128,1990,54.4857292175293
1771937057.0569565,1991,69.4752197265625
1771937136.1843874,1992,88.64555358886719
1771937142.3386478,1993,60.05174255371094
1771937142.4661543,1994,149.13302612304688
1771937145.8089802,1995,92.94987487792969
1771937148.8517609,1996,80.19470977783203
1771937155.317267,1997,68.13146209716797
1771937171.2949896,1998,72.89102172851562
1771937171.4249787,1999,12.336681365966797
1771937172.5689976,2000,100.60681915283203
1771937176.1613007,2001,63.45127487182617
1771937188.767361,2002,64.25083923339844
1771937197.9494162,2003,59.56504821777344
1771937200.0598166,2004,90.65406799316406
1771937201.8799012,2005,89.08729553222656
1771937202.204133,2006,15.929162979125977
1771937210.5498827,2007,60.64372253417969
1771937213.987236,2008,44.71018600463867
1771937216.091309,2009,85.48465728759766
1771937219.670214,2010,44.25668716430664
1771937229.9732542,2011,79.28902435302734
1771937234.5248823,2012,56.42803955078125
1771937244.6614847,2013,55.820960998535156
1771937253.3438327,2014,81.79635620117188
1771937264.0387874,2015,59.154449462890625
1771937272.539355,2016,76.6867904663086
1771937277.6244216,2017,69.24515533447266
1771937278.318653,2018,68.02216339111328
1771937280.370906,2019,96.33735656738281
1771937281.3110895,2020,82.99723815917969
1771937281.4989154,2021,74.54866790771484
1771937287.9660907,2022,53.26595687866211
1771937289.6149776,2023,54.0577278137207
1771937301.5660295,2024,65.73422241210938
1771937301.7002006,2025,12.501431465148926
1771937305.9893687,2026,81.3092269897461
1771937307.2929046,2027,68.29513549804688
1771937308.0183668,2028,48.72157669067383
1771937308.5033324,2029,36.51866149902344
1771937312.0770333,2030,53.12789535522461
1771937314.665533,2031,64.3609390258789
1771937315.862882,2032,48.388301849365234
1771937319.8947623,2033,50.7464485168457
1771937326.1501997,2034,85.83428955078125
1771937331.2848985,2035,66.92160034179688
1771937333.5074937,2036,86.57750701904297
1771937336.5937293,2037,52.273067474365234
1771937339.9400356,2038,71.39144897460938
1771937342.66692,2039,71.40181732177734
1771937344.3873065,2040,49.11922836303711
1771937348.190916,2041,65.19757843017578
1771937360.9897766,2042,59.343994140625
1771937365.9860382,2043,60.1199836730957
1771937369.9098742,2044,58.62113952636719
1771937371.3961356,2045,60.70326232910156
1771937374.5152168,2046,65.17911529541016
1771937378.6042433,2047,65.52660369873047
1771937386.266244,2048,68.67256927490234
1771937386.7221568,2049,42.122501373291016
1771937400.1554894,2050,56.12339782714844
1771937402.627408,2051,54.20436477661133
1771937413.4623573,2052,53.027442932128906
1771937417.8598619,2053,74.93707275390625
1771937424.0843427,2054,63.034183502197266
1771937426.6535761,2055,73.4928207397461
1771937430.3148685,2056,56.05653762817383
1771937433.938885,2057,50.16278076171875
1771937447.3491976,2058,75.12781524658203
1771937448.8217092,2059,65.33018493652344
1771937450.9431853,2060,52.531959533691406
1771937451.6029143,2061,15.268352508544922
1771937456.2925885,2062,57.10707092285156
1771937514.9747508,2063,40.38069152832031
1771937515.0979574,2064,115.09703063964844
1771937515.2231705,2065,8.156346321105957
1771937515.5566208,2066,21.781169891357422
1771937516.678288,2067,87.1325454711914
1771937516.9253209,2068,71.92902374267578
1771937519.1584742,2069,79.64327239990234
1771937523.6346643,2070,75.75575256347656
1771937529.123458,2071,65.78229522705078
1771937542.1968389,2072,73.68041229248047
1771937542.324858,2073,21.943431854248047
1771937542.4534085,2074,300.95831298828125
1771937556.5963187,2075,66.39432525634766
1771937560.1026843,2076,63.484779357910156
1771937563.5402555,2077,49.12942886352539
1771937567.23106,2078,76.18384552001953
1771937568.3954618,2079,64.7624282836914
1771937571.8230355,2080,63.71302795410156
1771937571.9615736,2081,10.308351516723633
1771937581.9112344,2082,63.1028938293457
1771937582.0390441,2083,432.333740234375
1771937591.2184176,2084,71.85411834716797
1771937596.3703113,2085,76.02019500732422
1771937604.214015,2086,51.64661407470703
1771937604.641574,2087,197.06234741210938
1771937609.0624259,2088,66.24751281738281
1771937612.0813596,2089,67.43073272705078
1771937615.08996,2090,48.12934875488281
1771937615.49985,2091,81.99134063720703
1771937620.1190348,2092,55.17676544189453
1771937622.5929768,2093,52.920326232910156
1771937628.4264452,2094,60.53537368774414
1771937631.6747315,2095,93.97737884521484
1771937631.7993498,2096,57.331443786621094
1771937638.000222,2097,67.20829772949219
1771937639.1087232,2098,87.28497314453125
1771937642.3476598,2099,55.832027435302734
1771937658.813124,2100,63.32332229614258
1771937666.859595,2101,74.73104858398438
1771937670.3942623,2102,68.252685546875
1771937674.3592315,2103,68.61691284179688
1771937677.2257478,2104,73.40019226074219
1771937677.365229,2105,9.32986068725586
1771937686.6925201,2106,71.36094665527344
1771937695.0937922,2107,60.45025634765625
1771937702.937647,2108,51.78382110595703
1771937714.2874029,2109,67.02000427246094
1771937719.6558855,2110,76.74005889892578
1771937720.6420496,2111,69.5477066040039
1771937721.6430748,2112,67.27725982666016
1771937721.7842076,2113,53.95237731933594
1771937722.7519257,2114,117.04800415039062
1771937728.4062846,2115,60.262298583984375
1771937728.5334618,2116,119.698974609375
1771937729.8164744,2117,42.87577819824219
1771937733.3056483,2118,61.1685791015625
1771937734.6613333,2119,62.02124786376953
1771937737.8145833,2120,76.17378997802734
1771937741.216427,2121,53.15420913696289
1771937745.9882343,2122,66.77511596679688
1771937748.6447675,2123,95.06715393066406
1771937751.5080223,2124,54.09494400024414
1771937757.158501,2125,76.69210052490234
1771937758.436221,2126,81.04725646972656
1771937761.1878295,2127,77.81452178955078
1771937765.138755,2128,51.32315444946289
1771937768.533827,2129,52.361419677734375
1771937771.8751667,2130,77.16340637207031
1771937772.061197,2131,52.25027084350586
1771937777.067326,2132,84.5813980102539
1771937784.365215,2133,62.78888702392578
1771937784.5010643,2134,65.30119323730469
1771937792.667743,2135,64.97700500488281
1771937792.7960613,2136,20.738563537597656
1771937794.4908168,2137,42.61247253417969
1771937798.0852098,2138,54.45852279663086
1771937803.1499338,2139,67.07339477539062
1771937811.642582,2140,86.14069366455078
1771937826.519835,2141,64.37185668945312
1771937828.8532112,2142,66.15449523925781
1771937835.5537946,2143,73.78654479980469
1771937905.5052748,2144,63.51710510253906
1771937905.6322715,2145,6.50418758392334
1771937910.7567809,2146,64.69566345214844
1771937920.9237323,2147,58.53254318237305
1771937922.1671178,2148,74.4520492553711
1771937922.6900423,2149,62.59572219848633
1771937924.8018107,2150,39.516746520996094
1771937937.529658,2151,60.4399528503418
1771937948.4261582,2152,65.141357421875
1771937956.1787906,2153,67.10449981689453
1771937958.462552,2154,59.540199279785156
1771937961.6379852,2155,76.22023010253906
1771937970.9270005,2156,77.77869415283203
1771937976.1002553,2157,56.386226654052734
1771937977.3744266,2158,51.19385528564453
1771937979.25214,2159,65.82902526855469
1771937984.6996713,2160,66.65157318115234
1771937994.9121985,2161,66.53099822998047
1771938001.7272835,2162,66.56666564941406
1771938010.3956573,2163,47.74028015136719
1771938023.2755513,2164,66.5013656616211
1771938029.696827,2165,60.62263488769531
1771938031.4483523,2166,44.94084167480469
1771938041.7585437,2167,56.55290603637695
1771938045.5693645,2168,59.652259826660156
1771938061.4966478,2169,62.997989654541016
1771938069.8857172,2170,66.0005874633789
1771938076.0670319,2171,78.67813873291016
1771938105.633158,2172,74.78204345703125
1771938105.826019,2173,115.74372863769531
1771938108.7607803,2174,65.8104019165039
1771938124.8605545,2175,55.974605560302734
1771938125.1190424,2176,47.361595153808594
1771938130.212354,2177,68.76538848876953
1771938130.4008577,2178,13.401435852050781
1771938132.5774813,2179,64.6298828125
1771938133.888319,2180,55.364017486572266
1771938143.9631126,2181,63.16866683959961
1771938148.2860408,2182,64.89175415039062
1771938148.4131932,2183,35.79530715942383
1771938152.5550268,2184,93.70386505126953
1771938166.0390904,2185,67.2271728515625
1771938175.7346501,2186,61.40592575073242
1771938185.9631286,2187,61.11621856689453
1771938193.2110476,2188,67.19518280029297
1771938196.57947,2189,75.59746551513672
1771938200.7646093,2190,62.138248443603516
1771938200.9019477,2191,13.055421829223633
1771938217.663626,2192,60.49635696411133
1771938222.2313023,2193,64.96270751953125
1771938301.2755682,2194,92.61872100830078
1771938301.7779198,2195,40.74288558959961
1771938309.111111,2196,60.23341369628906
1771938314.6572757,2197,54.87318801879883
1771938318.2024803,2198,74.72649383544922
1771938329.963127,2199,71.81231689453125
1771938330.5736804,2200,30.45245933532715
1771938337.0870323,2201,47.93502426147461
1771938337.21503,2202,19.867591857910156
1771938344.9506528,2203,77.08055877685547
1771938350.9407701,2204,68.65158081054688
1771938365.4948964,2205,79.3602294921875
1771938369.6436534,2206,70.59091186523438
1771938379.1680763,2207,76.7176742553711
1771938383.417774,2208,70.62245178222656
1771938386.399447,2209,62.0612678527832
1771938394.2510304,2210,66.13411712646484
1771938398.4200253,2211,71.86951446533203
1771938402.7144415,2212,56.15446090698242
1771938427.2053993,2213,73.8340835571289
1771938428.7389824,2214,84.76201629638672
1771938434.5632205,2215,84.6556167602539
1771938462.70331,2216,64.44319915771484
1771938469.7297056,2217,55.00223922729492
1771938473.108408,2218,74.39886474609375
1771938473.2382665,2219,10.778728485107422
1771938475.1636956,2220,61.425785064697266
1771938484.4538114,2221,70.48681640625
1771938488.2503064,2222,70.46524810791016
1771938489.456948,2223,66.76162719726562
1771938497.0799668,2224,70.73757934570312
1771938497.209748,2225,19.310813903808594
1771938511.2366374,2226,69.11934661865234
1771938515.6261544,2227,57.85715866088867
1771938521.272644,2228,82.59012603759766
1771938521.8547192,2229,175.22711181640625
1771938528.9887688,2230,54.4298210144043
1771938529.1197088,2231,10.23529052734375
1771938534.3634334,2232,62.30604934692383
1771938536.6946924,2233,41.957847595214844
1771938539.988566,2234,72.92549133300781
1771938546.2678359,2235,87.94353485107422
1771938549.0242672,2236,90.52088928222656
1771938550.1766338,2237,71.73311614990234
1771938552.6069515,2238,64.27821350097656
1771938557.428334,2239,65.18319702148438
1771938562.9928446,2240,48.37751007080078
1771938570.263183,2241,80.11790466308594
1771938575.4625509,2242,60.47246170043945
1771938578.0373008,2243,72.97380828857422
1771938578.4161084,2244,78.9400863647461
1771938581.1101613,2245,61.63975524902344
1771938582.5329068,2246,71.65548706054688
1771938582.6559014,2247,19.280681610107422
1771938582.9103856,2248,39.131954193115234
1771938583.167519,2249,85.6803207397461
1771938588.8739364,2250,61.480491638183594
1771938589.3512552,2251,85.26300811767578
1771938589.7242248,2252,26.20947265625
1771938592.8562202,2253,73.68968200683594
1771938594.2636127,2254,44.80021286010742
1771938596.1524236,2255,58.237857818603516
1771938598.3322093,2256,69.78060913085938
1771938598.8950198,2257,55.49897003173828
1771938599.364,2258,57.640567779541016
1771938602.365605,2259,43.561729431152344
1771938608.610502,2260,62.891448974609375
1771938609.2851343,2261,53.6371955871582
1771938609.6061928,2262,188.2574920654297
1771938610.5475209,2263,76.23308563232422
1771938611.3513823,2264,47.60341262817383
1771938612.3176305,2265,49.55519485473633
1771938615.3009775,2266,56.13860321044922
1771938617.5977478,2267,83.16690826416016
1771938617.8480775,2268,126.41677856445312
1771938618.9774144,2269,51.58112716674805
1771938620.4596245,2270,83.7959976196289
1771938620.5978248,2271,39.52992248535156
1771938621.8114681,2272,55.72142791748047
1771938631.8659525,2273,65.66273498535156
1771938750.2015367,2274,88.65318298339844
1771938750.332902,2275,7.177988052368164
1771938752.1853771,2276,97.65451049804688
1771938752.8859403,2277,103.37801361083984
1771938753.2134137,2278,19.312780380249023
1771938754.354462,2279,71.30416870117188
1771938755.8893218,2280,51.12875747680664
1771938756.31174,2281,68.70771026611328
1771938758.594701,2282,83.18960571289062
1771938763.0306559,2283,62.34746551513672
1771938766.1131341,2284,66.05776977539062
1771938773.8029277,2285,74.8001937866211
1771938773.9419007,2286,72.32067108154297
1771938781.948576,2287,69.18087768554688
1771938785.266302,2288,90.55926513671875
1771938786.1433842,2289,65.0899887084961
1771938792.5476246,2290,60.43977737426758
1771938797.1951973,2291,68.7928237915039
1771938798.8718982,2292,71.75801086425781
1771938804.3764534,2293,61.439022064208984
1771938807.1716294,2294,98.00808715820312
1771938809.7201607,2295,72.61463928222656
1771938819.6497786,2296,61.04264831542969
1771938826.6027634,2297,57.37063980102539
1771938829.177285,2298,54.922386169433594
1771938830.336968,2299,74.15299224853516
1771938830.6608584,2300,48.757606506347656
1771938830.7837887,2301,9.362497329711914
1771938831.7105181,2302,92.096435546875
1771938833.042839,2303,51.54990768432617
1771938833.5707855,2304,50.416751861572266
1771938833.7520337,2305,169.02447509765625
1771938839.4192672,2306,79.71858215332031
1771938840.4511364,2307,86.48982238769531
1771938842.7450633,2308,84.7881088256836
1771938843.3114,2309,65.43797302246094
1771938847.717005,2310,59.15802764892578
1771938852.3579102,2311,69.16659545898438
1771938853.7461448,2312,68.48506927490234
1771938855.5211916,2313,114.30548858642578
1771938857.538267,2314,74.7858657836914
1771938861.713991,2315,85.78507995605469
1771938869.018046,2316,93.28681182861328
1771938870.4946854,2317,48.67934799194336
1771938877.9955802,2318,81.81770324707031
1771938883.065257,2319,78.07353973388672
1771938883.988955,2320,47.902835845947266
1771938884.9898062,2321,48.494510650634766
1771938888.9200432,2322,72.08072662353516
1771938892.0793886,2323,52.37831115722656
1771938894.3410926,2324,64.01070404052734
1771938896.7903492,2325,49.11031723022461
1771938897.2549047,2326,55.400333404541016
1771938904.3706722,2327,64.55553436279297
1771938907.5705473,2328,63.56681823730469
1771938911.517928,2329,43.573604583740234
1771938914.6637323,2330,94.43284606933594
1771938914.9083893,2331,56.10062789916992
1771938916.9234192,2332,59.222721099853516
1771938927.522154,2333,69.36156463623047
1771938928.5036309,2334,119.59944152832031
1771938935.8035471,2335,73.46756744384766
1771938941.451639,2336,62.45587158203125
1771938941.59165,2337,15.373563766479492
1771938944.3092942,2338,40.37487030029297
1771938947.6496294,2339,59.296966552734375
1771938955.0743713,2340,68.25650787353516
1771938955.3928275,2341,34.625885009765625
1771938955.8654706,2342,85.36483764648438
1771938960.7948303,2343,54.52644348144531
1771938969.0539165,2344,81.13611602783203
1771938974.943625,2345,69.5743637084961
1771938979.3848152,2346,56.580528259277344
1771938984.2477074,2347,65.6913070678711
1771938989.2423804,2348,68.25822448730469
1771938989.4338596,2349,137.007568359375
1771938992.92177,2350,81.78739166259766
1771939004.664052,2351,59.87603759765625
1771939009.3754404,2352,66.6383056640625
1771939016.41803,2353,67.72504425048828
1771939022.2840202,2354,67.45513153076172
1771939022.4210913,2355,46.774620056152344
1771939026.0578215,2356,71.38426208496094
1771939027.3984287,2357,87.34801483154297
1771939030.5481477,2358,72.20523834228516
1771939030.6818447,2359,21.057533264160156
1771939030.8117115,2360,124.67979431152344
1771939042.700326,2361,71.91822052001953
1771939046.934128,2362,81.22559356689453
1771939050.2450492,2363,78.8631591796875
1771939053.715313,2364,95.84337615966797
1771939053.8467455,2365,52.87196731567383
1771939054.8479128,2366,82.1235122680664
1771939057.738835,2367,73.96639251708984
1771939061.0546682,2368,72.89310455322266
1771939065.9396825,2369,56.710838317871094
1771939066.0709915,2370,9.60079574584961
1771939066.7732563,2371,120.77476501464844
1771939076.7347183,2372,61.19736099243164
1771939146.743461,2373,12.805560111999512
1771939148.2439864,2374,61.16267013549805
1771939155.2619627,2375,65.4804916381836
1771939155.5107095,2376,158.29208374023438
1771939157.4316819,2377,66.26935577392578
1771939158.9447508,2378,65.44184875488281
1771939160.4962823,2379,70.47811126708984
1771939163.0069194,2380,75.33883666992188
1771939165.0523298,2381,77.79703521728516
1771939167.572004,2382,67.90795135498047
1771939167.766942,2383,46.59310531616211
1771939168.1543028,2384,29.98809051513672
1771939170.1395812,2385,65.07404327392578
1771939171.5137775,2386,99.22235870361328
1771939175.0821145,2387,69.55313873291016
1771939181.8438337,2388,82.11341094970703
1771939184.3425496,2389,55.3224983215332
1771939184.7892077,2390,20.845306396484375
1771939186.1964812,2391,47.32011795043945
1771939187.8933508,2392,73.43890380859375
1771939189.5925336,2393,91.1004867553711
1771939194.6277254,2394,47.95325469970703
1771939194.7549016,2395,24.39472770690918
1771939194.9405735,2396,235.12228393554688
1771939196.066126,2397,84.4720458984375
1771939200.422351,2398,74.32511138916016
1771939203.4811735,2399,59.23981857299805
1771939205.144685,2400,53.75221252441406
1771939208.3711607,2401,60.04170608520508
1771939214.0321472,2402,86.33070373535156
1771939218.9961731,2403,56.88475036621094
1771939219.2643058,2404,12.063416481018066
1771939220.3129444,2405,93.06476593017578
1771939224.1508348,2406,70.51721954345703
1771939230.0980518,2407,86.1314926147461
1771939232.3551798,2408,82.50028228759766
1771939234.5316768,2409,101.07839965820312
1771939234.6607885,2410,16.813182830810547
1771939235.956344,2411,75.97689819335938
1771939240.3625557,2412,53.25615310668945
1771939241.125678,2413,56.015018463134766
1771939245.6221251,2414,66.8838119506836
1771939246.8477497,2415,33.620521545410156
1771939256.9273026,2416,63.010581970214844
1771939260.1377935,2417,51.631202697753906
1771939265.3486,2418,63.23807144165039
1771939266.1391096,2419,92.70394897460938
1771939268.6021314,2420,81.91947174072266
1771939273.596797,2421,78.34245300292969
1771939275.3190868,2422,72.2828369140625
1771939278.810634,2423,72.40963745117188
1771939281.758639,2424,89.43732452392578
1771939283.872644,2425,75.41981506347656
1771939285.972562,2426,111.38500213623047
1771939291.0023477,2427,77.38749694824219
1771939293.1934023,2428,97.69706726074219
1771939293.7477162,2429,124.68223571777344
1771939294.5329285,2430,47.72092819213867
1771939301.0197103,2431,82.0945816040039
1771939301.2760282,2432,32.64244079589844
1771939302.2406707,2433,89.43805694580078
1771939304.9062932,2434,64.27600860595703
1771939307.8355927,2435,67.019287109375
1771939311.474838,2436,101.08991241455078
1771939315.0986235,2437,58.664852142333984
1771939316.5319488,2438,44.53999710083008
1771939325.433066,2439,73.9062728881836
1771939327.2470167,2440,75.76141357421875
1771939328.837295,2441,52.84638595581055
1771939329.6246793,2442,112.3362808227539
1771939332.5178673,2443,38.75212860107422
1771939332.8289542,2444,41.96066665649414
1771939334.6124387,2445,79.11253356933594
1771939334.9963336,2446,41.302879333496094
1771939343.3299527,2447,66.03453826904297
1771939343.5142164,2448,18.251506805419922
1771939344.5500221,2449,70.9326400756836
1771939346.1820292,2450,90.24992370605469
1771939348.3700104,2451,109.35670471191406
1771939349.4248,2452,42.8078498840332
1771939350.81914,2453,37.02580261230469
1771939352.8277643,2454,51.68331527709961
1771939357.146597,2455,85.63997650146484
1771939357.7811134,2456,36.562557220458984
1771939361.6196115,2457,80.61687469482422
1771939363.7767565,2458,60.113224029541016
1771939363.961471,2459,44.378265380859375
1771939364.9579732,2460,85.7839126586914
1771939365.9734833,2461,77.80610656738281
1771939367.2616434,2462,49.52961349487305
1771939368.7952938,2463,63.425594329833984
1771939368.9826145,2464,11.545135498046875
1771939369.8254647,2465,60.391197204589844
1771939372.4465446,2466,59.37044906616211
1771939376.4008312,2467,53.975746154785156
1771939376.806716,2468,115.0173568725586
1771939386.1491342,2469,68.44374084472656
1771939392.1283143,2470,78.8782958984375
1771939394.7226217,2471,52.84388732910156
1771939394.9062462,2472,33.35129165649414
1771939396.7934458,2473,49.72957229614258
1771939398.7501612,2474,37.85578155517578
1771939401.600949,2475,78.28060150146484
1771939403.2181022,2476,83.84671783447266
1771939406.692577,2477,64.56942749023438
1771939406.9012752,2478,18.60128402709961
1771939410.1742094,2479,51.804229736328125
1771939413.334141,2480,64.93646240234375
1771939417.4040062,2481,85.73788452148438
1771939417.5301437,2482,95.9940185546875
1771939419.212232,2483,97.87820434570312
1771939420.4350815,2484,48.788719177246094
1771939420.5655742,2485,136.26100158691406
1771939423.5897677,2486,101.1590347290039
1771939428.3184144,2487,74.53943634033203
1771939434.9385715,2488,74.2456283569336
1771939448.4723692,2489,69.07744598388672
1771939448.7284296,2490,46.296756744384766
1771939452.1292546,2491,90.44288635253906
1771939454.989836,2492,86.3061752319336
1771939458.2703621,2493,73.07585144042969
1771939458.9306998,2494,58.400543212890625
1771939462.058778,2495,64.16948699951172
1771939463.566099,2496,97.2606201171875
1771939465.2429395,2497,47.9973258972168
1771939467.2231631,2498,88.14933776855469
1771939476.2460463,2499,72.39704895019531
1771939541.5273201,2500,94.79949188232422
1771939541.788426,2501,99.49755096435547
1771939545.1072478,2502,77.74546813964844
1771939553.1160834,2503,78.39958953857422
1771939554.4650242,2504,103.66793060302734
1771939554.5879593,2505,16.84466552734375
1771939562.071801,2506,77.70027923583984
1771939562.331179,2507,61.72945785522461
1771939562.9755678,2508,77.37016296386719
1771939565.3631182,2509,72.16594696044922
1771939570.7092223,2510,73.25587463378906
1771939578.2779608,2511,79.2955322265625
1771939582.2037075,2512,68.13581085205078
1771939583.710581,2513,112.9921646118164
1771939589.3347008,2514,83.94013977050781
1771939591.7297583,2515,87.5000991821289
1771939604.6641417,2516,77.32978820800781
1771939605.4441524,2517,106.02955627441406
1771939608.5067143,2518,101.53630828857422
1771939614.682476,2519,86.3953857421875
1771939618.9704278,2520,55.42646026611328
1771939623.012141,2521,66.42232513427734
1771939627.2260475,2522,89.58837127685547
1771939629.862214,2523,85.1720199584961
1771939635.3225608,2524,86.85895538330078
1771939635.513124,2525,51.69636535644531
1771939636.8527813,2526,61.5864143371582
1771939638.8491886,2527,61.63859176635742
1771939648.2294757,2528,80.07894134521484
1771939649.259344,2529,61.76191329956055
1771939652.6057825,2530,41.212669372558594
1771939652.7296305,2531,13.714797973632812
1771939652.9231167,2532,135.91973876953125
1771939654.1001327,2533,22.173736572265625
1771939654.5981977,2534,29.50295639038086
1771939656.476248,2535,100.72620391845703
1771939670.3412287,2536,78.1386489868164
1771939672.1945727,2537,96.97576904296875
1771939679.522267,2538,67.1292953491211
1771939691.7760909,2539,85.33121490478516
1771939693.9376402,2540,82.91739654541016
1771939698.7085383,2541,82.99159240722656
1771939705.8032742,2542,71.95455932617188
1771939715.6098132,2543,69.4632568359375
1771939715.868572,2544,313.8966979980469
1771939717.759994,2545,99.64639282226562
1771939720.905465,2546,76.50476837158203
1771939721.2842457,2547,151.6392059326172
1771939725.9690876,2548,70.4747085571289
1771939729.874709,2549,75.99440002441406
1771939736.1237571,2550,83.97913360595703
1771939737.6738646,2551,69.7327880859375
1771939738.394052,2552,80.4349365234375
1771939738.5181835,2553,19.955127716064453
1771939749.4392688,2554,84.05753326416016
1771939757.7287037,2555,64.01776123046875
1771939762.4748402,2556,52.82120895385742
1771939763.9751287,2557,56.65773010253906
1771939767.5030572,2558,60.66653060913086
1771939769.5424256,2559,38.73686218261719
1771939770.0214915,2560,68.67066955566406
1771939770.1430144,2561,9.999053955078125
1771939772.022385,2562,73.36976623535156
1771939773.2003694,2563,73.43254852294922
1771939773.334485,2564,112.55149841308594
1771939773.595174,2565,174.03781127929688
1771939776.1434646,2566,83.88409423828125
1771939776.2802405,2567,49.15869903564453
1771939779.5495563,2568,79.30953216552734
1771939781.2015927,2569,42.18796920776367
1771939783.0181751,2570,64.71397399902344
1771939786.4421403,2571,76.87403106689453
1771939786.954304,2572,49.96767044067383
1771939787.2268865,2573,17.40109634399414
1771939787.4136176,2574,24.12884521484375
1771939787.604433,2575,15.27805233001709
1771939791.0718136,2576,67.7517318725586
1771939792.0001829,2577,68.76571655273438
1771939795.0555768,2578,85.77342987060547
1771939795.8983276,2579,76.78250122070312
1771939796.1872427,2580,99.55343627929688
1771939801.3152761,2581,65.17515563964844
1771939801.4422808,2582,111.17405700683594
1771939804.9804158,2583,107.78186798095703
1771939807.9391024,2584,66.25425720214844
1771939813.4912922,2585,79.06842041015625
1771939819.8243668,2586,71.44991302490234
1771939821.047446,2587,42.5087776184082
1771939821.173692,2588,190.72091674804688
1771939825.9469922,2589,64.54844665527344
1771939832.3198779,2590,89.05738830566406
1771939833.9299808,2591,52.82999038696289
1771939837.3324873,2592,74.6719741821289
1771939837.4617953,2593,305.4668884277344
1771939841.84423,2594,75.83099365234375
1771939842.8749757,2595,30.380634307861328
1771939848.2339206,2596,85.16516876220703
1771939850.2724504,2597,54.79364776611328
1771939855.7790942,2598,79.04781341552734
1771939858.0247083,2599,76.81470489501953
1771939859.844718,2600,58.585994720458984
1771939861.6140652,2601,65.51368713378906
1771939864.4691446,2602,68.18618774414062
1771939866.2453115,2603,41.7029914855957
1771939974.309243,2604,53.10403060913086
1771939975.3379617,2605,22.30377769470215
1771939977.180464,2606,63.807220458984375
1771939979.896933,2607,61.896583557128906
1771939980.0226657,2608,7.699777126312256
1771939983.2950459,2609,78.85537719726562
1771939985.3225727,2610,75.60785675048828
1771939990.480719,2611,67.82713317871094
1771939994.350103,2612,99.9090347290039
1771940001.6791015,2613,93.3301773071289
1771940001.813771,2614,85.56013488769531
1771940005.051297,2615,54.23445129394531
1771940015.651585,2616,70.83755493164062
1771940021.0818737,2617,80.5586166381836
1771940026.553981,2618,53.35519027709961
1771940026.7449284,2619,103.09291076660156
1771940027.0100014,2620,47.07585525512695
1771940037.8267567,2621,77.5867691040039
1771940038.5387928,2622,67.52701568603516
1771940045.6933894,2623,71.72514343261719
1771940046.079271,2624,206.0303955078125
1771940051.7372131,2625,86.6728286743164
1771940053.4659355,2626,59.8845100402832
1771940055.30114,2627,50.98788070678711
1771940059.0392714,2628,67.23490142822266
1771940062.228719,2629,86.39991760253906
1771940064.8842084,2630,56.789669036865234
1771940066.9070864,2631,72.88143157958984
1771940070.1125708,2632,61.68909454345703
1771940071.00656,2633,81.73600769042969
1771940073.6247613,2634,43.527565002441406
1771940074.99691,2635,66.73147583007812
1771940081.535956,2636,68.16934967041016
1771940087.0332627,2637,64.98561096191406
1771940091.477007,2638,76.60970306396484
1771940091.814336,2639,172.27516174316406
1771940093.912121,2640,73.04922485351562
1771940096.608136,2641,46.61592102050781
1771940096.7367918,2642,9.966897964477539
1771940100.569496,2643,53.861663818359375
1771940100.760744,2644,69.94041442871094
1771940111.0318005,2645,74.33446502685547
1771940115.3659613,2646,89.89163208007812
1771940116.087257,2647,50.08016586303711
1771940119.846581,2648,94.92851257324219
1771940120.530689,2649,52.18205261230469
1771940120.65981,2650,16.145160675048828
1771940127.668885,2651,74.33716583251953
1771940137.171568,2652,92.58323669433594
1771940141.8892336,2653,71.36878204345703
1771940144.0989063,2654,47.65229034423828
1771940144.2829902,2655,78.28671264648438
1771940147.961071,2656,71.68367767333984
1771940154.6920278,2657,62.23261642456055
1771940162.7227929,2658,88.62767791748047
1771940165.854035,2659,66.5928955078125
1771940165.9786623,2660,38.44682693481445
1771940175.093641,2661,70.8870849609375
1771940176.7965648,2662,66.64240264892578
1771940176.9226427,2663,14.936695098876953
1771940178.740834,2664,73.66800689697266
1771940181.6350293,2665,58.544761657714844
1771940192.8239186,2666,60.22312545776367
1771940193.8510697,2667,91.7298355102539
1771940199.142815,2668,69.10657501220703
1771940202.1299648,2669,55.98750686645508
1771940202.3942623,2670,166.370849609375
1771940202.6513278,2671,112.08106231689453
1771940203.7913194,2672,70.24461364746094
1771940208.4133437,2673,80.98558044433594
1771940210.8064313,2674,62.76919937133789
1771940223.577617,2675,74.23596954345703
1771940227.2147322,2676,64.36913299560547
1771940227.4153721,2677,25.351425170898438
1771940227.598156,2678,10.182653427124023
1771940229.2162092,2679,84.83649444580078
1771940235.9433892,2680,77.853271484375
1771940237.060349,2681,60.869293212890625
1771940240.5124705,2682,88.9435806274414
1771940241.7296536,2683,92.90637969970703
1771940243.9857154,2684,76.0216064453125
1771940244.1154966,2685,5.461112022399902
1771940244.9027383,2686,74.22138977050781
1771940256.0003016,2687,66.5875244140625
1771940266.9086223,2688,79.52544403076172
1771940271.5426593,2689,86.36632537841797
1771940275.6224535,2690,88.45452117919922
1771940276.725023,2691,58.25001907348633
1771940277.9735105,2692,70.2909164428711
1771940280.2448618,2693,83.96174621582031
1771940285.2264168,2694,95.67210388183594
1771940285.3659256,2695,6.021836280822754
1771940286.5161324,2696,59.46726989746094
1771940286.6458957,2697,152.22988891601562
1771940287.5134528,2698,50.3021354675293
1771940292.6717288,2699,89.93981170654297
1771940298.137182,2700,66.74071502685547
1771940298.3869061,2701,21.686426162719727
1771940299.9528227,2702,70.25357818603516
1771940303.1220336,2703,88.198974609375
1771940349.9202826,2704,114.61494445800781
1771940350.3696775,2705,47.46554183959961
1771940351.5374928,2706,72.14392852783203
1771940352.2217233,2707,101.83102416992188
1771940353.1714253,2708,68.53260803222656
1771940356.7018273,2709,74.94526672363281
1771940364.8799398,2710,80.10029602050781
1771940366.0863333,2711,86.23614501953125
1771940367.5490577,2712,86.69122314453125
1771940367.8060212,2713,119.44400024414062
1771940367.9928548,2714,57.25092315673828
1771940374.8420389,2715,75.65284729003906
1771940375.1801805,2716,93.26538848876953
1771940381.4713864,2717,75.63829040527344
1771940382.7484052,2718,71.13532257080078
1771940384.6605558,2719,41.75123596191406
1771940386.290945,2720,76.80706024169922
1771940388.427923,2721,71.10790252685547
1771940389.6490278,2722,87.02814483642578
1771940389.8424144,2723,66.15316009521484
1771940393.203317,2724,95.17501068115234
1771940394.6444302,2725,90.30990600585938
1771940395.042005,2726,73.1729507446289
1771940396.7904956,2727,92.32255554199219
1771940403.2194915,2728,59.39385986328125
1771940404.7100182,2729,92.0344009399414
1771940405.100044,2730,57.91887664794922
1771940406.1469781,2731,63.008697509765625
1771940407.930557,2732,66.77881622314453
1771940408.574973,2733,39.816959381103516
1771940410.1662617,2734,65.77090454101562
1771940410.2974617,2735,14.5481595993042
1771940423.635809,2736,73.23551940917969
1771940427.7186515,2737,69.40220642089844
1771940427.964092,2738,10.003656387329102
1771940429.5644894,2739,96.51866912841797
1771940431.1595392,2740,85.69710540771484
1771940432.3384364,2741,62.1321907043457
1771940432.469388,2742,21.015995025634766
1771940435.5753775,2743,85.73340606689453
1771940437.2201505,2744,67.87613677978516
1771940439.239156,2745,90.81358337402344
1771940439.4903154,2746,42.46796798706055
1771940446.267651,2747,58.107086181640625
1771940447.9281511,2748,139.87567138671875
1771940452.019493,2749,47.704002380371094
1771940453.242546,2750,39.33603286743164
1771940455.0199816,2751,48.06525802612305
1771940457.2331722,2752,101.47025299072266
1771940457.5554597,2753,17.143268585205078
1771940460.1766546,2754,69.33446502685547
1771940464.0677938,2755,60.279029846191406
1771940466.4898698,2756,59.818355560302734
1771940473.4999738,2757,89.34971618652344
1771940482.2104013,2758,77.71662139892578
1771940489.3778255,2759,81.22232818603516
1771940491.159242,2760,157.60147094726562
1771940496.8191714,2761,69.23451232910156
1771940498.1715183,2762,86.64495849609375
1771940498.481123,2763,21.35060691833496
1771940499.9062605,2764,71.47494506835938
1771940505.137911,2765,75.51313781738281
1771940506.0598874,2766,64.28014373779297
1771940512.9847405,2767,67.88467407226562
1771940513.1124592,2768,11.364084243774414
1771940513.3044934,2769,29.3837890625
1771940518.081964,2770,77.0837631225586
1771940522.1953151,2771,98.63524627685547
1771940522.5870142,2772,53.520938873291016
1771940523.7633345,2773,63.341121673583984
1771940525.4665437,2774,78.03443908691406
1771940528.113201,2775,75.86624908447266
1771940528.2446773,2776,9.675838470458984
1771940528.6271753,2777,31.890636444091797
1771940529.6863942,2778,96.8253402709961
1771940532.4819903,2779,102.34992218017578
1771940533.2142887,2780,94.323974609375
1771940536.7342257,2781,91.72986602783203
1771940536.9166102,2782,112.34664916992188
1771940538.256905,2783,62.01423263549805
1771940539.0646148,2784,59.09573745727539
1771940540.3407257,2785,109.71343994140625
1771940546.6191916,2786,73.94507598876953
1771940550.6041303,2787,71.28031921386719
1771940554.6092615,2788,71.8000717163086
1771940555.7226272,2789,50.10275650024414
1771940557.0563083,2790,94.28646087646484
1771940560.4583323,2791,80.1541519165039
1771940562.1784606,2792,68.67584991455078
1771940569.4293687,2793,76.9998779296875
1771940579.0964553,2794,69.6572494506836
1771940579.4924047,2795,130.38784790039062
1771940582.429485,2796,101.27867126464844
1771940582.8317897,2797,48.04416275024414
1771940587.5847795,2798,68.86009979248047
1771940587.9703827,2799,123.6714096069336
1771940591.2973604,2800,84.84432983398438
1771940593.8429937,2801,75.12567138671875
1771940596.7911263,2802,75.80028533935547
1771940598.3647716,2803,98.7583999633789
1771940599.4818342,2804,53.90066146850586
1771940599.6652553,2805,156.91900634765625
1771940600.0842252,2806,76.89325714111328
1771940602.6845696,2807,72.71576690673828
1771940607.6518195,2808,110.97651672363281
1771940609.6071768,2809,63.234596252441406
1771940618.8947966,2810,71.25616455078125
1771940620.4861395,2811,141.238037109375
1771940624.5159817,2812,102.86983489990234
1771940632.9217832,2813,71.3871841430664
1771940638.5882092,2814,64.09217071533203
1771940638.7157118,2815,61.898193359375
1771940642.7799938,2816,69.6204605102539
1771940647.329882,2817,84.936767578125
1771940649.0242107,2818,109.2855224609375
1771940649.2767057,2819,35.50883483886719
1771940650.5559807,2820,53.38041305541992
1771940650.930227,2821,131.52853393554688
1771940655.7747405,2822,70.16261291503906
1771940656.0270576,2823,81.44393157958984
1771940656.8172164,2824,63.83504867553711
1771940658.0650582,2825,66.82160949707031
1771940662.8189554,2826,98.30074310302734
1771940668.2103236,2827,70.66234588623047
1771940671.9152787,2828,89.65315246582031
1771940672.0433724,2829,20.9638614654541
1771940677.627374,2830,80.38336944580078
1771940791.9882715,2831,44.5924072265625
1771940793.707431,2832,111.29510498046875
1771940796.959266,2833,74.62117004394531
1771940801.7943888,2834,85.25563049316406
1771940815.3580112,2835,75.95087432861328
1771940817.495562,2836,96.88865661621094
1771940817.623125,2837,283.3294982910156
1771940820.0014396,2838,89.59209442138672
1771940821.1253724,2839,63.841835021972656
1771940828.5791175,2840,84.33889770507812
1771940830.491015,2841,76.4300765991211
1771940830.748543,2842,114.57771301269531
1771940833.653195,2843,115.68140411376953
1771940835.3183093,2844,79.55990600585938
1771940835.580189,2845,112.64970397949219
1771940836.9162116,2846,57.071510314941406
1771940850.8159964,2847,78.08842468261719
1771940852.3831377,2848,33.53046417236328
1771940857.7916558,2849,81.99588012695312
1771940861.0869644,2850,65.95265197753906
1771940861.4147182,2851,23.26429557800293
1771940868.5351229,2852,70.68224334716797
1771940874.469411,2853,91.33667755126953
1771940875.9610786,2854,80.05850219726562
1771940879.8570483,2855,105.81181335449219
1771940886.0112202,2856,84.0086669921875
1771940895.0459,2857,77.58839416503906
1771940895.8681254,2858,56.851158142089844
1771940897.598296,2859,102.28836059570312
1771940897.986405,2860,98.5293197631836
1771940901.150266,2861,80.07035064697266
1771940901.8537211,2862,74.36360168457031
1771940903.513216,2863,118.97208404541016
1771940904.7958202,2864,44.202049255371094
1771940909.0346699,2865,63.08111572265625
1771940909.5815728,2866,165.92604064941406
1771940910.4011726,2867,57.69927978515625
1771940910.5842838,2868,19.161317825317383
1771940910.9646058,2869,29.596153259277344
1771940916.2763312,2870,50.125938415527344
1771940917.6837156,2871,60.22050857543945
1771940923.3009338,2872,76.17696380615234
1771940923.4252994,2873,328.26690673828125
1771940923.5505698,2874,34.068572998046875
1771940925.3646815,2875,54.27302551269531
1771940927.3464682,2876,70.83358764648438
1771940928.270513,2877,82.13776397705078
1771940928.5388696,2878,72.44561004638672
1771940934.1120195,2879,65.99928283691406
1771940937.4657946,2880,86.691162109375
1771940937.590578,2881,195.10720825195312
1771940944.7263672,2882,79.9298095703125
1771940944.9890728,2883,16.72120475769043
1771940946.1659715,2884,57.749656677246094
1771940946.5804482,2885,48.90673065185547
1771940950.2431593,2886,82.00558471679688
1771940951.1666806,2887,67.89204406738281
1771940951.6193616,2888,62.87799072265625
1771940954.9172142,2889,81.54386138916016
1771940955.0423148,2890,37.856903076171875
1771940955.1720674,2891,14.800797462463379
1771940960.254134,2892,79.12100219726562
1771940961.8029337,2893,55.083126068115234
1771940969.7876573,2894,67.3293685913086
1771940970.1817422,2895,25.753332138061523
1771940970.816647,2896,100.36373901367188
1771940971.004239,2897,44.6526985168457
1771940974.5802197,2898,68.25181579589844
1771940975.0059948,2899,80.75420379638672
1771940976.415869,2900,81.01904296875
1771940979.0668902,2901,76.07188415527344
1771940990.3265347,2902,80.67548370361328
1771940994.8650584,2903,65.68598937988281
1771940999.1946542,2904,61.587100982666016
1771941000.889091,2905,90.48331451416016
1771941004.5771174,2906,96.59480285644531
1771941004.703263,2907,371.7412109375
1771941005.7968514,2908,73.20722961425781
1771941008.7935772,2909,87.10081481933594
1771941012.821343,2910,65.15264892578125
1771941013.4258885,2911,28.90808868408203
1771941015.9139388,2912,77.34225463867188
1771941027.030777,2913,76.57994079589844
1771941032.0560627,2914,85.19804382324219
1771941038.3672655,2915,76.62973022460938
1771941040.5506992,2916,77.82401275634766
1771941046.4968812,2917,84.46285247802734
1771941048.5361354,2918,116.20185852050781
1771941051.2036934,2919,100.78024291992188
1771941053.1875718,2920,72.3813247680664
1771941056.797009,2921,94.10797119140625
1771941060.883729,2922,82.41151428222656
1771941062.3677359,2923,64.3604736328125
1771941065.6247022,2924,77.34346771240234
1771941067.07155,2925,89.07294464111328
1771941075.7555342,2926,79.68844604492188
1771941077.8022351,2927,97.1370620727539
1771941083.0766435,2928,77.72462463378906
1771941085.0917683,2929,65.14551544189453
1771941085.219627,2930,43.38106155395508
1771941086.454429,2931,81.74149322509766
1771941089.3228884,2932,83.2502670288086
1771941094.8100219,2933,82.94046020507812
1771941099.614644,2934,86.23602294921875
1771941105.9269586,2935,97.61236572265625
1771941106.0561256,2936,29.3262939453125
1771941128.356974,2937,84.66375732421875
1771941189.8877213,2938,90.07151794433594
1771941193.019856,2939,82.74491119384766
1771941194.46379,2940,81.067626953125
1771941196.58542,2941,87.61717987060547
1771941206.586691,2942,85.90462493896484
1771941207.6685634,2943,71.108642578125
1771941207.797705,2944,11.034117698669434
1771941209.4993715,2945,60.23045349121094
1771941209.7486875,2946,20.17489242553711
1771941209.9429338,2947,23.330854415893555
1771941211.2584412,2948,79.04450988769531
1771941213.827129,2949,71.01771545410156
1771941215.1232402,2950,81.89244079589844
1771941215.4283159,2951,35.13579559326172
1771941220.2471833,2952,98.99452209472656
1771941222.0005615,2953,69.86458587646484
1771941223.199316,2954,58.36006164550781
1771941223.703785,2955,71.31050109863281
1771941225.1508942,2956,107.69639587402344
1771941228.0632553,2957,73.78935241699219
1771941231.3196115,2958,58.33808517456055
1771941233.168963,2959,118.5895004272461
1771941236.6056144,2960,76.73828887939453
1771941242.5265787,2961,77.0186538696289
1771941243.9016478,2962,76.6711654663086
1771941253.242799,2963,91.64262390136719
1771941254.7561035,2964,55.121925354003906
1771941258.812008,2965,95.25092315673828
1771941268.0491717,2966,80.69730377197266
1771941268.1821687,2967,240.1151123046875
1771941269.3625696,2968,48.546939849853516
1771941272.5219548,2969,86.31082916259766
1771941272.7271698,2970,86.6043930053711
1771941277.124512,2971,68.62185668945312
1771941280.1745603,2972,112.19825744628906
1771941284.9273677,2973,76.49910736083984
1771941286.3341618,2974,91.259033203125
1771941288.572163,2975,71.0882568359375
1771941290.5407007,2976,88.0222396850586
1771941292.367908,2977,66.04287719726562
1771941296.0563476,2978,91.26896667480469
1771941297.5784235,2979,100.66129302978516
1771941298.3593814,2980,94.84651947021484
1771941298.8085868,2981,53.47395706176758
1771941303.0412855,2982,75.3443374633789
1771941305.1560652,2983,89.55313873291016
1771941308.0525446,2984,77.96343994140625
1771941310.372413,2985,118.1472396850586
1771941311.9207582,2986,59.20753860473633
1771941312.2392483,2987,54.06217956542969
1771941313.4891677,2988,109.40809631347656
1771941314.3317904,2989,67.6544189453125
1771941314.4581594,2990,29.467918395996094
1771941317.6007318,2991,77.42167663574219
1771941322.2191448,2992,94.05735778808594
1771941322.358466,2993,15.205259323120117
1771941325.7610602,2994,98.6304931640625
1771941334.4811418,2995,83.12657928466797
1771941336.2485495,2996,154.3502655029297
1771941341.5671747,2997,74.98600006103516
1771941341.6934242,2998,55.29220962524414
1771941345.446822,2999,81.27027893066406
1771941345.5898936,3000,10.556785583496094
1771941346.467014,3001,68.0342025756836
1771941348.307416,3002,66.81939697265625
1771941350.0057833,3003,120.58069610595703
1771941351.5030875,3004,64.59991455078125
1771941361.010018,3005,77.25616455078125
1771941364.785448,3006,90.49403381347656
1771941367.9275184,3007,77.19186401367188
1771941368.943992,3008,92.78845977783203
1771941369.6304307,3009,94.81977081298828
1771941374.9758213,3010,77.35456085205078
1771941377.2660172,3011,109.63507080078125
1771941381.3341565,3012,59.5904541015625
1771941381.595387,3013,69.17337036132812
1771941389.5372438,3014,84.42515563964844
1771941390.3029194,3015,68.00369262695312
1771941393.4278657,3016,66.01261138916016
1771941397.6976187,3017,95.14996337890625
1771941401.6861305,3018,65.49111938476562
1771941405.525734,3019,102.34843444824219
1771941409.6734638,3020,89.214111328125
1771941412.4328413,3021,82.1328353881836
1771941420.919771,3022,99.35664367675781
1771941421.555871,3023,37.12926483154297
1771941424.6052687,3024,50.98883819580078
1771941426.2126791,3025,83.17334747314453
1771941428.1273105,3026,62.34375
1771941431.394842,3027,84.8406982421875
1771941434.6737576,3028,89.33001708984375
1771941445.4108982,3029,68.12682342529297
1771941450.4992495,3030,67.453857421875
1771941450.7466085,3031,48.21147918701172
1771941451.002092,3032,74.41603088378906
1771941453.0235574,3033,92.42452239990234
1771941456.8202996,3034,80.75213623046875
1771941461.5022182,3035,71.21417236328125
1771941462.9859278,3036,88.29251098632812
1771941463.125656,3037,18.161712646484375
1771941467.5845509,3038,104.74301147460938
1771941475.741576,3039,88.70114135742188
1771941486.6865103,3040,87.50967407226562
1771941488.3703356,3041,100.95240783691406
1771941489.829446,3042,62.51702117919922
1771941490.0124316,3043,280.0343017578125
1771941493.4832222,3044,58.51996994018555
1771941496.7259626,3045,89.66345977783203
1771941498.9684825,3046,76.28687286376953
1771941500.5919735,3047,113.43096160888672
1771941502.5970967,3048,100.01289367675781
1771941507.233023,3049,62.00754928588867
1771941577.5952723,3050,82.71768951416016
1771941580.8873703,3051,65.84600067138672
1771941583.391704,3052,73.20811462402344
1771941583.5165834,3053,69.76487731933594
1771941585.2357953,3054,58.3289680480957
1771941585.9548998,3055,128.67601013183594
1771941590.6423008,3056,77.03854370117188
1771941598.9987237,3057,76.00337219238281
1771941616.2741718,3058,79.66537475585938
1771941616.5920224,3059,27.877197265625
1771941619.8417706,3060,87.3087158203125
1771941620.7332327,3061,75.45978546142578
1771941624.298348,3062,86.5764389038086
1771941624.4400835,3063,19.023033142089844
1771941627.934968,3064,77.86407470703125
1771941636.6939235,3065,71.820068359375
1771941640.1811397,3066,75.41317749023438
1771941642.322342,3067,116.96684265136719
1771941644.817303,3068,120.25005340576172
1771941647.2615035,3069,92.37591552734375
1771941652.5613873,3070,72.30693817138672
1771941655.6163154,3071,117.70504760742188
1771941655.9409835,3072,48.990875244140625
1771941658.0270329,3073,113.0157470703125
1771941658.1660185,3074,177.9752197265625
1771941658.2919464,3075,13.571728706359863
1771941659.1686096,3076,50.34837341308594
1771941661.563465,3077,85.29267120361328
1771941661.75415,3078,183.94815063476562
1771941668.7051587,3079,73.03509521484375
1771941674.7949245,3080,104.22775268554688
1771941675.0992906,3081,80.99974060058594
1771941676.2567194,3082,85.88300323486328
1771941683.675428,3083,67.35540771484375
1771941683.865017,3084,210.59063720703125
1771941688.7070062,3085,99.47882843017578
1771941690.5626945,3086,66.69654083251953
1771941694.0349824,3087,70.32221984863281
1771941697.369854,3088,102.69345092773438
1771941699.9104998,3089,85.91325378417969
1771941703.2531998,3090,63.76698303222656
1771941707.1979434,3091,79.48222351074219
1771941707.9541957,3092,96.92293548583984
1771941709.2027805,3093,132.72279357910156
1771941709.3378186,3094,12.757198333740234
1771941710.865496,3095,66.16456604003906
1771941714.6704514,3096,94.23521423339844
1771941716.1574512,3097,98.52269744873047
1771941721.1720676,3098,100.8922119140625
1771941726.3569648,3099,96.14892578125
1771941728.0357852,3100,103.94681549072266
1771941731.3016548,3101,75.82563018798828
1771941731.4840488,3102,211.34930419921875
1771941732.4748914,3103,79.11058807373047
1771941739.5510447,3104,110.59601593017578
1771941741.632868,3105,85.31935119628906
1771941743.5554504,3106,58.19157409667969
1771941746.8872845,3107,135.31201171875
1771941748.5815403,3108,72.06521606445312
1771941748.9852457,3109,61.044742584228516
1771941756.0956478,3110,104.32942962646484
1771941756.3482106,3111,55.362571716308594
1771941765.1946201,3112,83.38656616210938
1771941767.4085846,3113,60.80353546142578
1771941773.3389916,3114,72.89393615722656
1771941777.3313375,3115,81.99910736083984
1771941780.4192405,3116,134.8911590576172
1771941791.1529982,3117,106.34669494628906
1771941793.4334793,3118,83.04508209228516
1771941793.973734,3119,79.50597381591797
1771941795.8741353,3120,70.55677795410156
1771941802.6591794,3121,107.60627746582031
1771941802.7854095,3122,17.437103271484375
1771941804.1234493,3123,73.23831176757812
1771941808.4071453,3124,95.01032257080078
1771941811.7702856,3125,83.51817321777344
1771941811.8982859,3126,127.50814056396484
1771941812.497113,3127,32.76701736450195
1771941820.9599125,3128,91.50430297851562
1771941822.6110463,3129,46.35908508300781
1771941823.0683954,3130,19.991378784179688
1771941826.4343317,3131,107.1709976196289
1771941826.6847544,3132,113.63228607177734
1771941830.0349298,3133,76.4906997680664
1771941830.2316704,3134,363.0361328125
1771941830.5770912,3135,18.144380569458008
1771941835.5938919,3136,124.54923248291016
1771941837.7325513,3137,81.8092041015625
1771941839.22702,3138,114.98077392578125
1771941847.512772,3139,82.06134033203125
1771941852.0249462,3140,81.99312591552734
1771941855.7475207,3141,79.63622283935547
1771941860.9855785,3142,60.16096496582031
1771941862.3599594,3143,97.0886459350586
1771941865.776599,3144,93.92207336425781
1771941868.3241334,3145,80.36742401123047
1771941869.9668903,3146,101.44087982177734
1771941871.2852716,3147,46.54243850708008
1771941873.9137743,3148,96.55945587158203
1771941874.6505795,3149,51.06948471069336
1771941888.288891,3150,86.44332885742188
1771941894.8760965,3151,81.2641830444336
1771941900.345766,3152,73.55949401855469
1771941902.1953995,3153,90.57225799560547
1771941969.656853,3154,72.96390533447266
1771941971.6532102,3155,113.83843994140625
1771941975.2274392,3156,83.77141571044922
1771941977.1878583,3157,61.31647491455078
1771941983.3332994,3158,99.43275451660156
1771941987.8064291,3159,99.6421890258789
1771941998.8348172,3160,87.0806884765625
1771942002.146652,3161,74.20318603515625
1771942005.0536857,3162,77.45860290527344
1771942005.24256,3163,16.592113494873047
1771942008.514807,3164,85.92435455322266
1771942009.0717685,3165,51.662776947021484
1771942012.4993134,3166,97.99932861328125
1771942012.6936185,3167,39.94710922241211
1771942012.8226414,3168,25.824853897094727
1771942014.8153486,3169,116.2681655883789
1771942014.9983532,3170,216.53916931152344
1771942016.5338597,3171,115.85774993896484
1771942016.8590388,3172,91.80921936035156
1771942018.1322563,3173,87.17457580566406
1771942019.0410373,3174,64.51895141601562
1771942019.1640859,3175,116.57086181640625
1771942027.6537666,3176,89.47281646728516
1771942027.902871,3177,127.69786071777344
1771942029.109668,3178,79.06340026855469
1771942030.691021,3179,123.66544342041016
1771942032.6922612,3180,93.2858657836914
1771942038.7370412,3181,92.22196197509766
1771942043.9281423,3182,89.06983184814453
1771942048.953623,3183,86.38666534423828
1771942053.3167424,3184,77.6308364868164
1771942054.3147297,3185,125.8714370727539
1771942061.156297,3186,71.21949768066406
1771942061.283234,3187,26.64801025390625
1771942061.532362,3188,108.1851806640625
1771942065.3112884,3189,83.98116302490234
1771942066.9168856,3190,100.77378845214844
1771942074.1464205,3191,71.05601501464844
1771942077.4445772,3192,101.89031219482422
1771942080.1889634,3193,75.45992279052734
1771942086.0833979,3194,85.01873016357422
1771942086.2081063,3195,42.00022506713867
1771942087.7434742,3196,37.48225402832031
1771942091.1656406,3197,86.46509552001953
1771942095.0340035,3198,117.87103271484375
1771942096.440681,3199,77.70911407470703
1771942098.307362,3200,76.25379180908203
1771942099.7409651,3201,76.44853210449219
1771942099.863877,3202,109.2634048461914
1771942112.2088642,3203,100.22697448730469
1771942115.780159,3204,74.08257293701172
1771942119.69016,3205,84.19093322753906
1771942120.1870587,3206,62.3321418762207
1771942124.8290591,3207,83.87919616699219
1771942125.0177648,3208,39.48415756225586
1771942127.8493402,3209,110.09809875488281
1771942128.0293195,3210,105.62657165527344
1771942130.6280155,3211,121.17332458496094
1771942132.4721103,3212,100.43763732910156
1771942146.3376346,3213,90.52708435058594
1771942157.7053018,3214,81.9075927734375
1771942157.952324,3215,43.790992736816406
1771942159.7148569,3216,71.18083190917969
1771942159.8401945,3217,14.385236740112305
1771942167.8352492,3218,85.47479248046875
1771942168.1535506,3219,130.8587188720703
1771942171.1240191,3220,98.66962432861328
1771942172.818974,3221,99.44757843017578
1771942180.196732,3222,81.8219223022461
1771942184.5362985,3223,82.60895538330078
1771942187.0990703,3224,96.25389862060547
1771942192.4258263,3225,61.50968933105469
1771942192.693201,3226,49.19949722290039
1771942195.2061162,3227,59.270687103271484
1771942196.6129792,3228,95.51661682128906
1771942208.432295,3229,91.53446197509766
1771942211.844464,3230,84.97567749023438
1771942213.4401252,3231,114.59681701660156
1771942214.81245,3232,152.233154296875
1771942217.345767,3233,105.34953308105469
1771942222.6200593,3234,92.81036376953125
1771942226.6449447,3235,64.05339813232422
1771942228.5052357,3236,85.18372344970703
1771942228.6307566,3237,24.504148483276367
1771942230.1600811,3238,81.7687759399414
1771942231.9840353,3239,122.96251678466797
1771942235.6668024,3240,73.48876190185547
1771942237.6486678,3241,86.37027740478516
1771942240.6867323,3242,111.70679473876953
1771942242.3971977,3243,82.47437286376953
1771942248.404143,3244,91.47685241699219
1771942249.4114053,3245,30.58112907409668
1771942252.6612346,3246,104.31230926513672
1771942253.4650552,3247,171.79014587402344
1771942257.4071283,3248,110.77876281738281
1771942258.7483597,3249,97.33515167236328
1771942260.3765118,3250,95.26774597167969
1771942260.6323438,3251,40.41046905517578
1771942265.66884,3252,77.828125
1771942267.1193855,3253,66.34750366210938
1771942273.4589481,3254,79.37071990966797
1771942279.1093853,3255,75.13704681396484
1771942310.551762,3256,84.11029815673828
1771942413.4101946,3257,123.00715637207031
1771942415.38639,3258,94.87325286865234
1771942417.16772,3259,133.05787658691406
1771942419.161015,3260,76.63070678710938
1771942422.4579983,3261,85.32044982910156
1771942425.82841,3262,111.64517211914062
1771942429.2336438,3263,73.57362365722656
1771942438.2718463,3264,79.11888122558594
1771942438.45914,3265,133.75677490234375
1771942441.5651188,3266,67.62014770507812
1771942441.6876655,3267,16.344284057617188
1771942441.8788471,3268,22.50621795654297
1771942443.1864982,3269,127.11361694335938
1771942443.755057,3270,98.83422088623047
1771942448.9178786,3271,69.02836608886719
1771942452.5976384,3272,78.82615661621094
1771942453.8810802,3273,141.0659942626953
1771942454.1384146,3274,174.9657745361328
1771942455.9097555,3275,51.65470504760742
1771942458.0397809,3276,100.18879699707031
1771942459.6139572,3277,87.09529876708984
1771942460.6329796,3278,88.57000732421875
1771942464.0133157,3279,112.89114379882812
1771942465.2528465,3280,132.0753631591797
1771942473.2371883,3281,98.72225189208984
1771942484.924878,3282,87.71055603027344
1771942489.4406943,3283,73.06876373291016
1771942490.8065405,3284,78.02156829833984
1771942493.5924027,3285,76.76004028320312
1771942496.924067,3286,93.27674865722656
1771942497.8224323,3287,141.20419311523438
1771942499.7297082,3288,120.00762939453125
1771942503.0898893,3289,81.31389617919922
1771942503.3542943,3290,51.199951171875
1771942505.0760815,3291,85.73162841796875
1771942505.3422544,3292,306.4827880859375
1771942509.2649715,3293,110.84696197509766
1771942521.738916,3294,83.06256866455078
1771942522.3497357,3295,49.718387603759766
1771942529.21734,3296,98.70225524902344
1771942530.6543212,3297,89.95809173583984
1771942538.771522,3298,94.71726989746094
1771942544.5773015,3299,89.77986145019531
1771942546.806302,3300,70.47016143798828
1771942550.483575,3301,99.31983947753906
1771942552.5352268,3302,82.51426696777344
1771942552.7277162,3303,115.77275085449219
1771942560.3396482,3304,73.1995620727539
1771942566.4750626,3305,97.27498626708984
1771942575.5944154,3306,88.86054229736328
1771942584.053424,3307,92.03197479248047
1771942586.0732586,3308,126.29592895507812
1771942589.5249581,3309,58.360015869140625
1771942589.9316204,3310,73.88270568847656
1771942593.2113492,3311,98.62084197998047
1771942600.2228727,3312,69.64732360839844
1771942607.191807,3313,82.98616790771484
1771942612.810315,3314,102.27013397216797
1771942612.9512057,3315,10.866260528564453
1771942626.0983415,3316,106.01219177246094
1771942628.3896177,3317,74.59829711914062
1771942632.1146512,3318,78.8232421875
1771942634.9977915,3319,121.37580108642578
1771942636.8318992,3320,88.15919494628906
1771942643.288999,3321,89.64037322998047
1771942643.415445,3322,32.28353500366211
1771942646.3401232,3323,86.56471252441406
1771942660.835364,3324,96.59858703613281
1771942668.0707889,3325,89.1305160522461
1771942668.4640515,3326,58.156986236572266
1771942672.0242114,3327,90.07799530029297
1771942675.504691,3328,104.9566650390625
1771942679.314314,3329,104.12638092041016
1771942679.578396,3330,26.113527297973633
1771942681.3116338,3331,102.66810607910156
1771942688.822852,3332,80.8393325805664
1771942694.102779,3333,99.39997863769531
1771942697.7767313,3334,94.67725372314453
1771942701.2343326,3335,79.44771575927734
1771942703.346417,3336,102.18316650390625
1771942704.8313754,3337,85.46551513671875
1771942705.8739328,3338,107.61274719238281
1771942707.2601392,3339,150.45042419433594
1771942708.6391196,3340,51.58635330200195
1771942710.560189,3341,96.19786834716797
1771942717.5735419,3342,85.56810760498047
1771942719.0705361,3343,96.01486206054688
1771942724.8197527,3344,86.1224594116211
1771942796.6619306,3345,185.1864013671875
1771942800.3863654,3346,85.51882934570312
1771942801.7577856,3347,50.90316390991211
1771942803.871884,3348,83.13568115234375
1771942814.7718139,3349,72.02632141113281
1771942814.9670675,3350,87.92271423339844
1771942823.1715045,3351,67.61714935302734
1771942824.7339442,3352,96.28909301757812
1771942828.8886464,3353,86.22340393066406
1771942834.5940356,3354,79.1659164428711
1771942844.049181,3355,87.67472076416016
1771942850.0078743,3356,66.48692321777344
1771942855.2498806,3357,111.57451629638672
1771942855.449052,3358,86.10224914550781
1771942855.704357,3359,51.40162658691406
1771942864.575346,3360,83.64537048339844
1771942865.107108,3361,110.67860412597656
1771942865.4354484,3362,78.32701873779297
1771942872.7976518,3363,97.63870239257812
1771942873.1802096,3364,94.75467681884766
1771942876.452019,3365,118.73271942138672
1771942876.6361678,3366,70.04060363769531
1771942880.2784507,3367,91.95299530029297
1771942885.1820538,3368,74.69931030273438
1771942885.4987097,3369,62.40662384033203
1771942888.2615745,3370,83.43170928955078
1771942889.3828692,3371,91.00192260742188
1771942891.253654,3372,77.16053771972656
1771942891.3802118,3373,82.5760498046875
1771942894.148588,3374,65.05274200439453
1771942894.3304036,3375,44.34765625
1771942900.4520736,3376,80.77276611328125
1771942900.698002,3377,18.306310653686523
1771942900.8212044,3378,33.092041015625
1771942901.2201295,3379,114.59334564208984
1771942901.3438673,3380,26.794628143310547
1771942902.4887717,3381,79.16374206542969
1771942904.178375,3382,50.60419845581055
1771942904.37509,3383,134.12803649902344
1771942905.178051,3384,70.97054290771484
1771942907.0058584,3385,123.01145935058594
1771942909.4032586,3386,76.27978515625
1771942912.037297,3387,61.348968505859375
1771942912.4899232,3388,80.35325622558594
1771942921.2117429,3389,106.17186737060547
1771942928.4393435,3390,88.20651245117188
1771942932.9060533,3391,101.84286499023438
1771942941.3764367,3392,84.4843521118164
1771942942.210777,3393,82.63658142089844
1771942944.151188,3394,59.64743423461914
1771942947.403419,3395,83.12933349609375
1771942947.5420718,3396,25.99317169189453
1771942953.9408352,3397,73.59465026855469
1771942957.3028336,3398,93.57391357421875
1771942961.4420896,3399,76.27027893066406
1771942961.6304448,3400,10.911386489868164
1771942965.3060765,3401,88.82250213623047
1771942968.8617978,3402,119.80595397949219
1771942972.64249,3403,85.24217987060547
1771942978.902519,3404,94.0606689453125
1771942981.3652687,3405,112.18104553222656
1771942987.4297915,3406,84.46047973632812
1771942991.8443193,3407,59.4188346862793
1771942993.46157,3408,29.885181427001953
1771942997.0811293,3409,83.07041931152344
1771943000.4464333,3410,57.06589889526367
1771943005.0914252,3411,98.32501220703125
1771943006.3869872,3412,80.05106353759766
1771943011.74633,3413,85.64112091064453
1771943019.6675348,3414,111.65167999267578
1771943019.7982898,3415,232.66326904296875
1771943020.3264213,3416,106.65577697753906
1771943025.4928343,3417,109.57330322265625
1771943027.2524257,3418,95.69114685058594
1771943043.921078,3419,87.67025756835938
1771943044.0537717,3420,76.39437866210938
1771943047.9221666,3421,98.49629974365234
1771943053.0232782,3422,61.518226623535156
1771943058.4264164,3423,76.12394714355469
1771943063.8029497,3424,97.94503021240234
1771943065.5705686,3425,101.01290893554688
1771943073.5551167,3426,78.52556610107422
1771943078.07393,3427,108.15234375
1771943080.4678617,3428,92.84039306640625
1771943085.7255478,3429,70.48995208740234
1771943085.9786062,3430,65.37206268310547
1771943086.3750086,3431,70.33721160888672
1771943086.8183408,3432,143.96063232421875
1771943088.7675145,3433,93.9060287475586
1771943091.3963425,3434,94.64422607421875
1771943092.3828936,3435,92.435302734375
1771943097.2081003,3436,122.92364501953125
1771943103.1847076,3437,84.97229766845703
1771943103.3195407,3438,163.15826416015625
1771943106.550758,3439,114.49038696289062
1771943114.3419857,3440,77.64612579345703
1771943114.789855,3441,92.13372802734375
1771943123.9770029,3442,107.13253021240234
1771943192.5965543,3443,106.69050598144531
1771943195.3967352,3444,94.17523956298828
1771943197.0303376,3445,73.94258117675781
1771943200.2998009,3446,68.4598159790039
1771943205.5543125,3447,91.24884033203125
1771943210.0088956,3448,80.36680603027344
1771943215.0754576,3449,95.71681213378906
1771943235.8114882,3450,81.64608764648438
1771943239.332511,3451,86.52874755859375
1771943245.017848,3452,84.56669616699219
1771943247.1090043,3453,100.26156616210938
1771943249.3058488,3454,120.83141326904297
1771943250.564938,3455,63.26568603515625
1771943254.392554,3456,101.72273254394531
1771943260.0248885,3457,86.97894287109375
1771943263.3591506,3458,65.82553100585938
1771943263.8129086,3459,123.29405212402344
1771943267.2873206,3460,82.85295867919922
1771943271.9693987,3461,90.63831329345703
1771943276.338211,3462,82.10247039794922
1771943277.4272935,3463,89.66727447509766
1771943279.3509681,3464,108.43770599365234
1771943279.7553241,3465,94.65766143798828
1771943280.859197,3466,74.61968994140625
1771943282.8490353,3467,111.54039764404297
1771943290.3932018,3468,90.5544662475586
1771943298.0451455,3469,93.24038696289062
1771943306.4216928,3470,110.04432678222656
1771943306.551327,3471,28.193191528320312
1771943309.4259593,3472,82.25924682617188
1771943314.9422574,3473,84.55680084228516
1771943315.065822,3474,459.55609130859375
1771943318.553254,3475,92.73045349121094
1771943318.7421322,3476,15.291849136352539
1771943323.1022544,3477,87.80221557617188
1771943326.6118898,3478,86.44852447509766
1771943326.741759,3479,19.867897033691406
1771943329.7194242,3480,97.69618225097656
1771943334.3883383,3481,95.77542114257812
1771943344.5877378,3482,74.03485107421875
1771943345.5637352,3483,25.393823623657227
1771943347.642277,3484,71.18126678466797
1771943350.8207357,3485,118.92474365234375
1771943355.997622,3486,83.45992279052734
1771943361.9798393,3487,66.51974487304688
1771943367.2232559,3488,74.50248718261719
1771943371.0265005,3489,81.01580810546875
1771943371.4555721,3490,77.01795959472656
1771943372.1613677,3491,144.49085998535156
1771943378.5144145,3492,97.89256286621094
1771943378.7783675,3493,44.857017517089844
1771943384.2606633,3494,88.48485565185547
1771943386.2018611,3495,93.46559143066406
1771943391.5340014,3496,91.0506820678711
1771943392.209543,3497,130.94508361816406
1771943394.772693,3498,89.639404296875
1771943394.9017782,3499,9.10706901550293
1771943398.0366917,3500,93.81278228759766
1771943400.0269856,3501,62.218257904052734
1771943403.9546373,3502,81.86619567871094
1771943406.6554754,3503,113.49420166015625
1771943406.8437955,3504,22.828767776489258
1771943412.5093794,3505,75.95121002197266
1771943413.5727272,3506,96.57955169677734
1771943415.6964576,3507,91.60276794433594
1771943417.6020641,3508,77.52320861816406
1771943423.6819096,3509,85.56818389892578
1771943435.7869558,3510,86.50872802734375
1771943447.4426403,3511,93.20317077636719
1771943449.87367,3512,75.17693328857422
1771943453.4711046,3513,83.49124908447266
1771943457.0809557,3514,63.87537384033203
1771943461.269658,3515,81.16429138183594
1771943470.4015763,3516,85.0749740600586
1771943483.9955401,3517,93.46458435058594
1771943487.2024515,3518,77.40773010253906
1771943489.1112874,3519,93.01163482666016
1771943494.5812683,3520,98.58209228515625
1771943500.4746642,3521,68.99999237060547
1771943501.458767,3522,77.50675201416016
1771943506.0996249,3523,111.62954711914062
1771943582.2658944,3524,104.9670639038086
1771943583.777721,3525,109.75282287597656
1771943584.980343,3526,74.19396209716797
1771943587.4920046,3527,83.0091781616211
1771943589.844934,3528,53.9034423828125
1771943592.4638362,3529,131.8392333984375
1771943593.7394612,3530,92.75457000732422
1771943595.9802063,3531,98.29146575927734
1771943614.341083,3532,81.65599822998047
1771943615.5039425,3533,70.25703430175781
1771943619.4229867,3534,83.19962310791016
1771943625.9303253,3535,97.17414093017578
1771943628.6120296,3536,95.07034301757812
1771943635.6090622,3537,85.1162109375
1771943638.5152574,3538,60.270938873291016
1771943649.471971,3539,96.10051727294922
1771943653.2705932,3540,104.31169891357422
1771943654.4100955,3541,143.9557647705078
1771943654.757444,3542,94.30866241455078
1771943656.9951997,3543,91.27006530761719
1771943662.2581823,3544,94.94450378417969
1771943662.864772,3545,85.39610290527344
1771943662.9978926,3546,21.91970443725586
1771943663.1235192,3547,326.24542236328125
1771943668.6113713,3548,86.34938049316406
1771943672.0686595,3549,114.52799224853516
1771943674.9149516,3550,49.77877426147461
1771943675.6331599,3551,48.961769104003906
1771943677.7610457,3552,91.06422424316406
1771943682.9106247,3553,104.12300109863281
1771943687.5185633,3554,91.53424072265625
1771943694.961215,3555,73.83448028564453
1771943695.0942621,3556,18.311376571655273
1771943697.092266,3557,54.72509002685547
1771943720.1598544,3558,93.51890563964844
1771943720.3457825,3559,20.60854721069336
1771943720.602345,3560,300.4321594238281
1771943721.5843163,3561,82.59903717041016
1771943733.7491663,3562,87.73139953613281
1771943738.4310627,3563,88.83370971679688
1771943752.981732,3564,81.53463745117188
1771943756.3377755,3565,107.11124420166016
1771943758.4024186,3566,57.92228317260742
1771943758.5257878,3567,69.21061706542969
1771943766.9162416,3568,76.75664520263672
1771943767.9739223,3569,24.67975616455078
1771943769.572361,3570,67.27435302734375
1771943771.3808904,3571,68.28715515136719
1771943771.5099077,3572,372.24560546875
1771943777.1714342,3573,91.75521087646484
1771943777.4356225,3574,265.4190673828125
1771943781.4679153,3575,119.04512786865234
1771943784.5973449,3576,113.8678207397461
1771943784.8603268,3577,26.648265838623047
1771943788.340143,3578,91.77466583251953
1771943789.3495746,3579,89.27788543701172
1771943793.6257563,3580,84.39506530761719
1771943796.983396,3581,79.53852081298828
1771943797.1093144,3582,432.80682373046875
1771943802.975821,3583,84.89266204833984
1771943803.3949337,3584,54.066383361816406
1771943810.0688426,3585,86.28854370117188
1771943819.962374,3586,96.74724578857422
1771943825.9135644,3587,98.92752838134766
1771943833.8934042,3588,74.65255737304688
1771943834.0218632,3589,170.16416931152344
1771943841.083274,3590,91.78291320800781
1771943847.2995167,3591,114.49436950683594
1771943848.1544752,3592,76.65888977050781
1771943849.3619695,3593,64.94108581542969
1771943852.791521,3594,72.49691772460938
1771943859.7231555,3595,75.64850616455078
1771943869.7507358,3596,88.0284423828125
1771943880.8743756,3597,85.16263580322266
1771943883.4479887,3598,102.27388000488281
1771943897.4368436,3599,90.84941864013672
1771943901.3757396,3600,105.14985656738281
1771943911.1374512,3601,87.19440460205078
1771944008.9983182,3602,87.57260131835938
1771944018.7150414,3603,94.76332092285156
1771944022.0577502,3604,84.54988098144531
1771944025.4276838,3605,86.97615051269531
1771944031.4709663,3606,101.1071548461914
1771944045.525213,3607,91.89646911621094
1771944045.6543214,3608,73.0173110961914
1771944055.1017382,3609,77.77278137207031
1771944057.1180332,3610,87.17079162597656
1771944059.31597,3611,48.226078033447266
1771944062.6411657,3612,88.08824157714844
1771944073.4984665,3613,101.8154296875
1771944073.6890762,3614,11.941644668579102
1771944073.9480734,3615,87.6685562133789
1771944074.2021456,3616,157.85922241210938
1771944076.1858394,3617,61.42316818237305
1771944076.3788095,3618,24.16385269165039
1771944079.7152784,3619,97.85287475585938
1771944081.0535839,3620,36.835960388183594
1771944081.5859122,3621,161.29409790039062
1771944084.0483055,3622,112.21003723144531
1771944093.2079701,3623,96.7558822631836
1771944098.6171138,3624,110.319091796875
1771944107.0923252,3625,89.5231704711914
1771944114.131758,3626,74.55274963378906
1771944114.6741655,3627,153.28712463378906
1771944117.9896414,3628,101.67196655273438
1771944121.7143548,3629,47.50339889526367
1771944135.9689085,3630,84.8636245727539
1771944139.6114922,3631,76.25749206542969
1771944146.7165349,3632,81.22044372558594
1771944156.7983236,3633,96.66299438476562
1771944167.7086694,3634,92.03301239013672
1771944171.7287664,3635,66.14602661132812
1771944184.7647421,3636,88.63585662841797
1771944188.0998983,3637,70.65245056152344
1771944189.5714698,3638,105.155517578125
1771944192.6340165,3639,116.42036437988281
1771944202.2375863,3640,80.1942138671875
1771944207.0138059,3641,125.48186492919922
1771944207.140834,3642,42.13288116455078
1771944210.9439714,3643,69.21231842041016
1771944216.8221397,3644,80.94535064697266
1771944230.4001164,3645,99.45619201660156
1771944233.2994812,3646,97.37113189697266
1771944238.5644608,3647,87.4799575805664
1771944241.816281,3648,108.64402770996094
1771944248.7027168,3649,96.08982849121094
1771944256.95483,3650,102.8044662475586
1771944257.6621475,3651,242.36935424804688
1771944260.9779444,3652,90.34869384765625
1771944264.959154,3653,80.06269836425781
1771944272.3444073,3654,113.10282135009766
1771944272.470543,3655,86.80587768554688
1771944273.5465631,3656,131.7841339111328
1771944277.4327705,3657,62.39228057861328
1771944280.7633061,3658,85.84493255615234
1771944310.0519507,3659,91.5549545288086
1771944313.9316018,3660,88.96511840820312
1771944315.5446007,3661,92.85752868652344
1771944315.8688507,3662,195.88150024414062
1771944318.1098912,3663,101.46397399902344
1771944395.6346202,3664,99.15032958984375
1771944398.7345679,3665,64.8345947265625
1771944400.89798,3666,81.54480743408203
1771944405.9093988,3667,66.15406036376953
1771944413.531483,3668,85.9008560180664
1771944429.0460067,3669,84.6823959350586
1771944432.862116,3670,85.97335815429688
1771944436.2093928,3671,102.28960418701172
1771944438.5241966,3672,100.4821548461914
1771944444.288099,3673,96.03268432617188
1771944457.5256565,3674,97.8529052734375
1771944465.180809,3675,95.08741760253906
1771944472.6256578,3676,75.15386962890625
1771944472.8897567,3677,100.0687026977539
1771944476.4532614,3678,98.6751480102539
1771944480.6915822,3679,93.99967956542969
1771944484.0981243,3680,94.72916412353516
1771944491.932661,3681,84.59168243408203
1771944492.4539056,3682,63.003700256347656
1771944498.5260026,3683,100.74127960205078
1771944500.5791698,3684,71.25587463378906
1771944504.8203142,3685,110.34754943847656
1771944515.3507898,3686,88.62146759033203
1771944524.4215832,3687,92.3396987915039
1771944529.0847325,3688,101.78204345703125
1771944532.45237,3689,90.09993743896484
1771944535.6658304,3690,131.41477966308594
1771944536.8571453,3691,99.7789306640625
1771944539.7922072,3692,104.10218048095703
1771944546.3336456,3693,95.37887573242188
1771944548.449323,3694,106.06138610839844
1771944555.03008,3695,85.77404022216797
1771944573.839111,3696,104.1976318359375
1771944590.0546267,3697,91.25920867919922
1771944593.304668,3698,93.62201690673828
1771944598.580968,3699,101.3077163696289
1771944606.9697943,3700,77.29195404052734
1771944608.891597,3701,92.00975036621094
1771944629.761306,3702,86.81109619140625
1771944633.82446,3703,92.94318389892578
1771944634.3420537,3704,49.42641830444336
1771944638.7775478,3705,85.25
1771944638.9033554,3706,8.527605056762695
1771944647.8394246,3707,87.2693862915039
1771944668.6637301,3708,88.60527038574219
1771944679.3861268,3709,104.28253173828125
1771944680.292208,3710,115.28535461425781
1771944705.860549,3711,81.95225524902344
1771944764.3188732,3712,95.0953140258789
1771944765.816176,3713,64.29948425292969
1771944766.8210225,3714,88.35693359375
1771944774.2066002,3715,102.4655990600586
1771944778.6904478,3716,116.43711853027344
1771944788.9796162,3717,98.7393569946289
1771944793.5048425,3718,84.39302062988281
1771944796.339953,3719,87.89898681640625
1771944797.84882,3720,79.78986358642578
1771944809.3376637,3721,108.20629119873047
1771944809.46461,3722,28.919952392578125
1771944810.8915842,3723,99.14794921875
1771944812.6601617,3724,131.67445373535156
1771944812.7894032,3725,130.89505004882812
1771944825.8540516,3726,100.50711822509766
1771944828.289155,3727,62.132171630859375
1771944835.6078153,3728,79.31476593017578
1771944835.9350188,3729,59.1823616027832
1771944836.855731,3730,138.529541015625
1771944851.6152728,3731,86.09515380859375
1771944856.6672,3732,82.79676818847656
1771944857.251311,3733,56.798194885253906
1771944860.6406062,3734,81.65753173828125
1771944864.3097546,3735,63.42354202270508
1771944888.251117,3736,108.02985382080078
1771944900.259513,3737,90.16105651855469
1771944914.4793422,3738,94.90391540527344
1771944921.8809466,3739,98.65037536621094
1771944922.2101948,3740,47.17374038696289
1771944926.9058414,3741,64.16627502441406
1771944933.8664284,3742,114.40254974365234
1771944949.210479,3743,107.15867614746094
1771944956.1949558,3744,85.27458190917969
1771944957.2687538,3745,140.05308532714844
1771944957.3977447,3746,94.85748291015625
1771944959.3001177,3747,110.7184829711914
1771944962.9812279,3748,78.73057556152344
1771944967.6417525,3749,90.25532531738281
1771944968.4760885,3750,107.57998657226562
1771944972.3872726,3751,104.29912567138672
1771944979.8937657,3752,75.60182189941406
1771944985.267258,3753,98.6958999633789
1771944986.1397808,3754,37.03117752075195
1771945016.4016116,3755,100.25277709960938
1771945021.9740098,3756,107.46190643310547
1771945036.7225416,3757,97.85344696044922
1771945043.3877964,3758,96.01130676269531
1771945051.1785717,3759,95.78736877441406
1771945054.50252,3760,127.51507568359375
1771945058.5897548,3761,102.75242614746094
1771945062.0647955,3762,89.5524673461914
1771945063.989555,3763,93.7374496459961
1771945070.3109863,3764,86.8852767944336
1771945156.5915108,3765,48.44230651855469
1771945166.3044868,3766,100.26510620117188
1771945171.460605,3767,104.87130737304688
1771945176.9666092,3768,127.53221893310547
1771945195.943092,3769,105.44445037841797
1771945208.1291053,3770,92.4190902709961
1771945216.565995,3771,100.37960815429688
1771945216.692817,3772,59.83304977416992
1771945218.9107296,3773,83.98403930664062
1771945219.0358036,3774,73.18455505371094
1771945224.033365,3775,115.58290100097656
1771945224.5492742,3776,127.65737915039062
1771945236.8090448,3777,98.68441009521484
1771945239.1902437,3778,90.67488861083984
1771945249.4171734,3779,118.2845687866211
1771945261.8519235,3780,85.23297882080078
1771945266.0852349,3781,61.88694763183594
1771945270.6030078,3782,78.93122100830078
1771945279.9684465,3783,97.06555938720703
1771945282.654255,3784,62.02831268310547
1771945283.8686054,3785,120.41841125488281
1771945292.805899,3786,106.61849975585938
1771945304.6054552,3787,94.73140716552734
1771945306.4279208,3788,81.98188018798828
1771945320.5954711,3789,105.02700805664062
1771945324.2910504,3790,95.98785400390625
1771945327.237924,3791,90.979736328125
1771945332.280364,3792,101.09196472167969
1771945332.4154983,3793,141.29806518554688
1771945339.3339856,3794,110.08694458007812
1771945341.715596,3795,126.70294189453125
1771945349.1697502,3796,84.17487335205078
1771945349.3020098,3797,360.913330078125
1771945349.4947877,3798,67.32600402832031
1771945357.378534,3799,121.12509155273438
1771945367.595001,3800,107.94270324707031
1771945370.0649147,3801,83.18760681152344
1771945382.2740316,3802,96.12442016601562
1771945394.1174576,3803,104.7869873046875
1771945413.7629182,3804,94.13233947753906
1771945413.8949509,3805,16.933246612548828
1771945440.1519613,3806,91.67536163330078
1771945451.9916725,3807,86.18708038330078
1771945460.4406116,3808,96.86555480957031
1771945474.0206075,3809,98.4780044555664
1771945493.05896,3810,104.94049072265625
1771945541.5530224,3811,112.32933807373047
1771945542.8471224,3812,152.5369415283203
1771945545.5540068,3813,102.77418518066406
1771945554.693906,3814,85.52159881591797
1771945562.967014,3815,110.72422790527344
1771945563.6368876,3816,52.8359489440918
1771945568.327146,3817,137.06509399414062
1771945569.979588,3818,112.29966735839844
1771945571.932534,3819,87.34160614013672
1771945576.7406654,3820,95.36697387695312
1771945576.9990544,3821,32.067420959472656
1771945589.8183627,3822,114.35677337646484
1771945593.349073,3823,92.60276794433594
1771945596.6955686,3824,85.97908782958984
1771945602.0458193,3825,94.2844009399414
1771945608.4429314,3826,76.32771301269531
1771945619.380712,3827,97.95867156982422
1771945622.2370844,3828,118.45427703857422
1771945629.3763516,3829,85.30720520019531
1771945640.466556,3830,94.02763366699219
1771945644.8086448,3831,98.23452758789062
1771945648.3159034,3832,83.99397277832031
1771945651.7169554,3833,98.97803497314453
1771945662.8231423,3834,88.66964721679688
1771945668.6819737,3835,83.14329528808594
1771945670.079038,3836,123.27289581298828
1771945687.9260776,3837,91.44605255126953
1771945708.5987122,3838,85.86026000976562
1771945711.4546463,3839,81.18050384521484
1771945718.6521168,3840,115.0154800415039
1771945718.7752697,3841,22.020408630371094
1771945718.9028249,3842,72.36337280273438
1771945739.5251234,3843,104.41564178466797
1771945744.81567,3844,101.3006362915039
1771945748.6032124,3845,101.27698516845703
1771945754.9103374,3846,101.62909698486328
1771945766.3577955,3847,126.17964172363281
1771945773.0469794,3848,99.21595764160156
1771945780.9489896,3849,93.31224060058594
1771945793.143448,3850,87.68675994873047
1771945794.706637,3851,159.87586975097656
1771945798.5562108,3852,95.44133758544922
1771945811.8187087,3853,98.03982543945312
1771945829.58513,3854,86.33946228027344
1771945833.300592,3855,81.1458511352539
1771945840.258647,3856,113.13701629638672
1771945851.122948,3857,93.659423828125
1771945865.7243967,3858,89.94266510009766
1771945870.1745353,3859,85.7714614868164
1771945944.1827667,3860,106.74894714355469
1771945947.616174,3861,95.0439453125
1771945958.4235966,3862,86.38166046142578
1771945972.4674735,3863,121.15689849853516
1771945974.1495914,3864,102.39965057373047
1771945983.2596972,3865,106.77741241455078
1771945987.772178,3866,116.42340850830078
1771945998.70255,3867,102.38096618652344
1771945999.4037788,3868,96.42269897460938
1771946011.2669594,3869,119.41288757324219
1771946014.7956657,3870,87.2776870727539
1771946031.2674365,3871,95.04302978515625
1771946031.3960605,3872,294.2763366699219
1771946056.3825045,3873,97.59678649902344
1771946057.478021,3874,90.65322875976562
1771946069.6510928,3875,90.35369110107422
1771946071.3802183,3876,92.92667388916016
1771946078.1788533,3877,123.41954040527344
1771946080.6364353,3878,93.65462493896484
1771946087.388686,3879,114.21858215332031
1771946100.223709,3880,88.75216674804688
1771946107.226496,3881,119.013427734375
1771946109.696998,3882,97.32219696044922
1771946113.1785955,3883,85.39798736572266
1771946114.1662703,3884,76.08372497558594
1771946148.2567308,3885,97.56896209716797
1771946162.3977683,3886,84.00077819824219
1771946176.3115888,3887,103.00099182128906
1771946187.754707,3888,84.60093688964844
1771946191.7535026,3889,97.22972869873047
1771946207.974684,3890,96.29081726074219
1771946215.6067986,3891,98.42389678955078
1771946220.161776,3892,77.29660034179688
1771946226.9246573,3893,73.9384994506836
1771946234.5340054,3894,105.59431457519531
1771946249.8124666,3895,103.77889251708984
1771946262.1106186,3896,106.31468963623047
1771946268.2929404,3897,115.38153076171875
1771946277.5301442,3898,114.42615509033203
1771946415.413609,3899,109.91284942626953
1771946424.4701362,3900,113.22027587890625
1771946439.883418,3901,103.40520477294922
1771946446.613608,3902,105.33943939208984
1771946475.9250004,3903,111.18701171875
1771946495.7653112,3904,92.18096923828125
1771946510.7637746,3905,111.31623840332031
1771946523.772463,3906,119.8486099243164
1771946537.9456167,3907,97.90219116210938
1771946545.0893543,3908,90.14509582519531
1771946549.6429362,3909,129.2451934814453
1771946564.2454667,3910,91.22474670410156
1771946573.4129457,3911,86.93982696533203
1771946576.5675943,3912,83.76427459716797
1771946579.890487,3913,88.24577331542969
1771946634.7170706,3914,113.61660766601562
1771946634.8477604,3915,27.44775390625
1771946644.1352198,3916,103.6572265625
1771946645.5426624,3917,137.91256713867188
1771946668.055212,3918,97.09378051757812
1771946701.9425054,3919,103.56846618652344
1771946706.198336,3920,110.16171264648438
1771946720.946517,3921,114.7384262084961
1771946721.080839,3922,106.08694458007812
1771946721.2097406,3923,141.2447967529297
1771946721.6746166,3924,142.78781127929688
1771946837.692087,3925,181.268310546875
1771946850.3347,3926,110.968505859375
1771946854.9427733,3927,108.8843002319336
1771946858.3631754,3928,116.9361801147461
1771946858.673231,3929,243.2416534423828
1771946858.8050475,3930,289.500732421875
1771946867.8080716,3931,106.79948425292969
1771946867.991688,3932,125.96118927001953
1771946874.9663453,3933,100.52650451660156
1771946876.3854983,3934,185.052734375
1771946890.4903574,3935,107.9738998413086
1771946893.266321,3936,96.04244995117188
1771946893.7642064,3937,197.84632873535156
1771946909.5583322,3938,108.14226531982422
1771946919.0667539,3939,94.30563354492188
1771946924.1876118,3940,93.4427719116211
1771946928.2614512,3941,111.70472717285156
1771946938.4023416,3942,117.87367248535156
1771946940.698261,3943,135.7583465576172
1771946950.0733013,3944,88.06642150878906
1771946952.8645952,3945,115.00810241699219
1771946967.453815,3946,96.11546325683594
1771946970.2020252,3947,108.4464340209961
1771946979.9077895,3948,100.67119598388672
1771946983.1875215,3949,88.6428451538086
1771946984.9178355,3950,93.67684173583984
1771946999.0695157,3951,120.69715881347656
1771947007.9285548,3952,94.48258209228516
1771947011.9400349,3953,89.72689056396484
1771947015.2293804,3954,111.58755493164062
1771947018.4043458,3955,134.23558044433594
1771947029.0084355,3956,106.69021606445312
1771947030.2630916,3957,63.21405029296875
1771947031.8420258,3958,169.7483673095703
1771947036.2186937,3959,115.77765655517578
1771947039.5620565,3960,93.00220489501953
1771947053.3926334,3961,96.90607452392578
1771947057.4424064,3962,126.6392593383789
1771947061.6798286,3963,79.0157241821289
1771947066.0678296,3964,89.05191040039062
1771947073.1224632,3965,107.90332794189453
1771947079.7092764,3966,101.47614288330078
1771947082.2679303,3967,125.76751708984375
1771947091.023726,3968,130.99472045898438
1771947094.4332585,3969,117.47364044189453
1771947106.7832181,3970,95.94532012939453
1771947118.4986565,3971,141.40745544433594
1771947123.0391662,3972,94.55445098876953
1771947125.4388533,3973,80.30170440673828
1771947125.6891317,3974,24.250865936279297
1771947125.877389,3975,20.129318237304688
1771947129.1172419,3976,108.45650482177734
1771947131.3005579,3977,160.2894287109375
1771947131.6167254,3978,64.47785949707031
1771947135.010133,3979,96.23416900634766
1771947145.366105,3980,104.58627319335938
1771947152.7541463,3981,127.59711456298828
1771947156.1836336,3982,114.21253204345703
1771947204.507703,3983,26.05915641784668
1771947209.0717247,3984,129.87388610839844
1771947211.8398364,3985,96.18865203857422
1771947212.391143,3986,184.13006591796875
1771947220.3407848,3987,133.4884490966797
1771947224.1519353,3988,110.87113952636719
1771947224.2764237,3989,8.31054973602295
1771947237.2126882,3990,118.54076385498047
1771947244.7952354,3991,115.53984069824219
1771947253.0482957,3992,100.52598571777344
1771947256.6074352,3993,93.22906494140625
1771947259.9532058,3994,94.5309829711914
1771947266.314136,3995,87.40467071533203
1771947271.7432785,3996,102.10531616210938
1771947277.7071023,3997,128.34483337402344
1771947282.7391539,3998,94.9499740600586
1771947285.4547052,3999,94.04254150390625
1771947287.0711007,4000,130.88919067382812
1771947288.150431,4001,112.8731460571289
1771947288.2759101,4002,720.5424194335938
1771947297.467873,4003,128.97320556640625
1771947298.907153,4004,148.32493591308594
1771947300.1777945,4005,59.27134704589844
1771947302.3787544,4006,113.56211853027344
1771947302.6938822,4007,125.94441223144531
1771947302.8155453,4008,167.764404296875
1771947306.6793265,4009,118.4699935913086
1771947316.4725854,4010,128.67567443847656
1771947323.2894733,4011,92.42891693115234
1771947336.7307127,4012,117.92439270019531
1771947340.2621999,4013,84.23385620117188
1771947341.781434,4014,202.10057067871094
1771947345.214134,4015,124.30579376220703
1771947352.3841038,4016,134.31101989746094
1771947353.6201801,4017,54.147987365722656
1771947355.6524777,4018,102.4544448852539
1771947358.9392798,4019,91.89675903320312
1771947371.5610557,4020,94.58625030517578
1771947389.4674966,4021,112.00448608398438
1771947392.6878576,4022,128.30844116210938
1771947400.1953168,4023,94.8118667602539
1771947407.3770978,4024,112.76375579833984
1771947407.509955,4025,32.130489349365234
1771947407.8764336,4026,117.36331939697266
1771947415.8977087,4027,101.15882110595703
1771947421.7259862,4028,123.28260803222656
1771947429.845574,4029,123.14254760742188
1771947432.3773487,4030,78.73452758789062
1771947437.7532463,4031,134.97218322753906
1771947445.9858406,4032,121.81998443603516
1771947448.6775753,4033,137.90679931640625
1771947448.8007643,4034,193.28070068359375
1771947453.6198237,4035,142.4124755859375
1771947462.3338506,4036,87.32422637939453
1771947469.6665027,4037,113.83175659179688
1771947471.4095423,4038,164.6488494873047
1771947471.6594481,4039,69.60877990722656
1771947475.732864,4040,98.40110778808594
1771947476.6084766,4041,106.97645568847656
1771947482.1973128,4042,102.24931335449219
1771947485.3287847,4043,130.90626525878906
1771947486.7508905,4044,95.99449920654297
1771947487.12143,4045,41.98427200317383
1771947488.631492,4046,98.70111846923828
1771947492.7338822,4047,159.75521850585938
1771947492.9232,4048,22.26317024230957
1771947494.949998,4049,90.93389892578125
1771947506.7418664,4050,110.3058090209961
1771947509.9894848,4051,112.08416748046875
1771947510.6036868,4052,201.0804443359375
1771947514.7471213,4053,129.4878692626953
1771947516.9284105,4054,124.92159271240234
1771947520.7960186,4055,157.60118103027344
1771947590.849414,4056,114.77005004882812
1771947591.1725025,4057,106.19153594970703
1771947591.360309,4058,432.1185607910156
1771947594.7115734,4059,106.39012908935547
1771947607.654162,4060,130.32247924804688
1771947610.545888,4061,116.17140197753906
1771947617.7385616,4062,125.79137420654297
1771947618.4104254,4063,106.42562866210938
1771947631.799729,4064,119.18269348144531
1771947631.9609628,4065,118.741455078125
1771947634.9355993,4066,84.31704711914062
1771947638.5789654,4067,110.1793441772461
1771947642.0146418,4068,116.73658752441406
1771947644.3393092,4069,114.27899169921875
1771947650.3345575,4070,106.69087219238281
1771947660.6604798,4071,125.6466064453125
1771947667.2192981,4072,123.47315216064453
1771947667.349035,4073,119.8955078125
1771947668.7208273,4074,120.83247375488281
1771947673.157101,4075,82.23908233642578
1771947675.1057827,4076,91.58345031738281
1771947678.8165429,4077,119.07803344726562
1771947680.4803915,4078,72.24046325683594
1771947684.522195,4079,142.1644744873047
1771947700.6589723,4080,108.95740509033203
1771947706.6797314,4081,117.17040252685547
1771947722.42143,4082,112.60615539550781
1771947726.2603478,4083,102.45066833496094
1771947730.3744116,4084,179.08856201171875
1771947743.1091933,4085,119.43894958496094
1771947745.1560714,4086,188.94039916992188
1771947748.4138317,4087,106.39179229736328
1771947752.3714194,4088,121.97075653076172
1771947757.5326464,4089,134.97137451171875
1771947759.6085007,4090,140.19204711914062
1771947762.9713879,4091,108.92935180664062
1771947766.3858585,4092,93.51377868652344
1771947766.5171204,4093,14.123887062072754
1771947774.0363991,4094,134.7804412841797
1771947782.2357135,4095,150.89157104492188
1771947784.0011835,4096,161.34500122070312
1771947787.9020975,4097,109.2765884399414
1771947791.3073075,4098,120.6156997680664
1771947793.4433641,4099,82.7975845336914
1771947797.9137523,4100,103.24695587158203
1771947800.8174524,4101,93.83290100097656
1771947803.234412,4102,112.38107299804688
1771947811.1000695,4103,90.80249786376953
1771947815.2032733,4104,131.32362365722656
1771947817.3990357,4105,98.37366485595703
1771947828.8875048,4106,88.75548553466797
1771947829.1471968,4107,123.57142639160156
1771947829.4022021,4108,456.9577331542969
1771947835.6368837,4109,134.83154296875
1771947838.6229866,4110,141.7766876220703
1771947839.829159,4111,131.87152099609375
1771947844.847969,4112,102.00911712646484
1771947846.616637,4113,94.26709747314453
1771947846.8724403,4114,99.89031219482422
1771947855.7548287,4115,92.4620590209961
1771947867.9612327,4116,121.56361389160156
1771947870.0575557,4117,119.92706298828125
1771947873.7930245,4118,124.34900665283203
1771947877.5589724,4119,111.28596496582031
1771947880.4946525,4120,160.190673828125
1771947884.5071735,4121,107.12867736816406
1771947885.4501185,4122,220.09005737304688
1771947889.778915,4123,146.50799560546875
1771947893.7532907,4124,138.82290649414062
1771947895.347272,4125,80.28479766845703
1771947955.6083057,4126,159.490478515625
1771947961.0751936,4127,68.30377197265625
1771947963.4572666,4128,90.75049591064453
1771947970.5182455,4129,145.3161163330078
1771947972.2281501,4130,103.56112670898438
1771947975.4578712,4131,108.75548553466797
1771947980.8509226,4132,134.16842651367188
1771947984.069386,4133,161.4769287109375
1771947984.80248,4134,111.85218811035156
1771947988.8581038,4135,104.27604675292969
1771947993.1798012,4136,101.0135269165039
1771947999.7989597,4137,127.9819564819336
1771948003.4211035,4138,148.64151000976562
1771948003.6799664,4139,112.60397338867188
1771948004.9289725,4140,104.26293182373047
1771948010.8113005,4141,142.00279235839844
1771948014.2625437,4142,103.79256439208984
1771948020.185456,4143,142.00819396972656
1771948022.7586954,4144,91.52420043945312
1771948040.0985684,4145,125.61932373046875
1771948043.6498854,4146,93.4417495727539
1771948044.4529788,4147,68.921142578125
1771948045.504845,4148,113.32115173339844
1771948047.7917933,4149,101.93839263916016
1771948047.990165,4150,574.5999755859375
1771948048.2531836,4151,117.95294189453125
1771948052.5004904,4152,158.69309997558594
1771948053.7127805,4153,48.183170318603516
1771948059.5700598,4154,95.37088775634766
1771948063.125496,4155,115.12354278564453
1771948067.9041023,4156,124.7730712890625
1771948068.8575768,4157,117.45072174072266
1771948072.2870643,4158,79.97933197021484
1771948078.521589,4159,180.89328002929688
1771948082.6261284,4160,137.93927001953125
1771948086.7755132,4161,136.84225463867188
1771948086.9027548,4162,34.710086822509766
1771948087.9746885,4163,70.56214904785156
1771948096.5008214,4164,110.50495147705078
1771948096.6330113,4165,17.906635284423828
1771948097.1748176,4166,278.21307373046875
1771948098.6158943,4167,168.1710662841797
1771948109.8491955,4168,159.17837524414062
1771948114.2700956,4169,131.74412536621094
1771948117.5237837,4170,109.38603210449219
1771948117.6566412,4171,57.96323013305664
1771948123.1047165,4172,118.68275451660156
1771948125.9830995,4173,105.87837219238281
1771948130.245057,4174,117.1800537109375
1771948138.5544019,4175,124.67740631103516
1771948140.821352,4176,91.83049774169922
1771948146.516604,4177,115.86749267578125
1771948153.393283,4178,121.58840942382812
1771948161.7526464,4179,134.8782501220703
1771948164.3847241,4180,183.32644653320312
1771948169.988608,4181,113.52401733398438
1771948174.7142172,4182,120.80233001708984
1771948177.5591269,4183,171.33944702148438
1771948182.534419,4184,99.48779296875
1771948191.9518266,4185,121.41769409179688
1771948194.8838725,4186,133.5139617919922
1771948196.884595,4187,163.9447021484375
1771948200.4997685,4188,107.0285873413086
1771948200.629969,4189,41.22669982910156
1771948204.1391177,4190,139.56509399414062
1771948212.091653,4191,103.76909637451172
1771948216.7317805,4192,161.5617218017578
1771948228.1847396,4193,111.20893859863281
1771948231.6951663,4194,109.3672866821289
1771948235.0005515,4195,127.77191925048828
1771948237.2308478,4196,116.479248046875
1771948242.4578562,4197,101.28971862792969
1771948242.582924,4198,21.47210121154785
1771948244.9816647,4199,133.60438537597656
1771948248.0488408,4200,111.17330169677734
1771948252.0636919,4201,168.77169799804688
1771948254.193793,4202,228.53883361816406
1771948257.4961338,4203,122.8672866821289
1771948268.3150442,4204,118.74662017822266
1771948268.810372,4205,81.3817367553711
1771948278.4585032,4206,134.67430114746094
1771948278.7893074,4207,42.87065887451172
1771948284.1547422,4208,130.5832977294922
1771948383.4205809,4209,95.45460510253906
1771948387.9109209,4210,146.48216247558594
1771948394.7064278,4211,125.42882537841797
1771948397.6568778,4212,92.84529876708984
1771948403.861581,4213,102.52384948730469
1771948406.242988,4214,84.73380279541016
1771948411.7624676,4215,108.07514190673828
1771948412.9704473,4216,170.43124389648438
1771948413.1127892,4217,193.37059020996094
1771948413.2520356,4218,352.6581115722656
1771948413.4311254,4219,39.530677795410156
1771948413.5656073,4220,29.742351531982422
1771948428.9633427,4221,119.0892562866211
1771948437.3675125,4222,129.92071533203125
1771948439.243195,4223,126.62713623046875
1771948440.990399,4224,175.9387664794922
1771948441.1753695,4225,383.6405029296875
1771948451.507593,4226,153.71400451660156
1771948453.825147,4227,161.0126953125
1771948455.0925012,4228,159.6879119873047
1771948455.2214825,4229,288.51123046875
1771948469.0894103,4230,143.69937133789062
1771948470.403505,4231,128.4826202392578
1771948476.317514,4232,93.56049346923828
1771948481.5100758,4233,138.8508758544922
1771948484.5054772,4234,103.61033630371094
1771948485.2409987,4235,132.4783477783203
1771948488.261579,4236,160.6599578857422
1771948488.988287,4237,78.75902557373047
1771948498.4710016,4238,143.7205810546875
1771948504.1488855,4239,96.20082092285156
1771948509.7150953,4240,120.2083511352539
1771948512.9568994,4241,138.81704711914062
1771948523.8931682,4242,121.02993774414062
1771948531.583343,4243,125.44865417480469
1771948536.3560193,4244,110.0054931640625
1771948536.4804897,4245,22.471240997314453
1771948547.4341671,4246,124.71102142333984
1771948553.8146844,4247,141.0176544189453
1771948561.2851737,4248,101.034912109375
1771948565.00782,4249,138.3679656982422
1771948567.0913467,4250,142.0348663330078
1771948567.4756613,4251,242.87681579589844
1771948567.604518,4252,22.1151123046875
1771948575.4879975,4253,142.04518127441406
1771948580.722824,4254,152.0390625
1771948580.91785,4255,43.052024841308594
1771948586.2394874,4256,116.09599304199219
1771948587.8927631,4257,111.91426849365234
1771948591.2184904,4258,120.048583984375
1771948594.4269197,4259,63.72039031982422
1771948597.7224004,4260,138.57150268554688
1771948605.1856117,4261,139.45852661132812
1771948610.6024647,4262,139.98641967773438
1771948610.7402985,4263,81.74528503417969
1771948614.078229,4264,121.62928009033203
1771948617.8949296,4265,144.8373565673828
1771948618.0791202,4266,546.3834838867188
1771948621.9543393,4267,176.0093536376953
1771948622.078773,4268,117.6331558227539
1771948628.4734292,4269,148.80796813964844
1771948632.613433,4270,159.9589385986328
1771948636.187135,4271,111.41636657714844
1771948636.8607078,4272,185.7344970703125
1771948638.467432,4273,112.2601318359375
1771948638.7896912,4274,61.68177032470703
1771948645.1508548,4275,126.21109008789062
1771948649.8594742,4276,192.64352416992188
1771948653.7316399,4277,111.10297393798828
1771948653.8551533,4278,45.255855560302734
1771948657.328074,4279,122.65577697753906
1771948658.203558,4280,129.455078125
1771948667.4773092,4281,139.07772827148438
1771948673.717004,4282,135.2904815673828
1771948677.0521207,4283,114.06233215332031
1771948678.8106444,4284,175.0558624267578
1771948680.7698042,4285,64.68780517578125
1771948682.5751884,4286,203.52972412109375
1771948682.9155838,4287,154.4978485107422
1771948687.0023324,4288,155.1450653076172
1771948692.6924417,4289,143.16233825683594
1771948694.9476178,4290,190.64767456054688
1771948699.9141095,4291,145.38214111328125
1771948788.9185328,4292,127.38887023925781
1771948789.9996428,4293,162.6113739013672
1771948795.6373296,4294,120.68087005615234
1771948797.562407,4295,138.18826293945312
1771948797.6861389,4296,32.542030334472656
1771948803.8432195,4297,154.3477783203125
1771948807.4266176,4298,172.30335998535156
1771948810.097596,4299,139.53977966308594
1771948810.228131,4300,27.085559844970703
1771948811.7631636,4301,206.04884338378906
1771948826.083806,4302,99.03445434570312
1771948826.5669873,4303,75.78055572509766
1771948837.0152497,4304,121.90824127197266
1771948846.7224295,4305,142.4231719970703
1771948849.2764778,4306,240.51914978027344
1771948852.8599577,4307,109.78294372558594
1771948855.5891874,4308,118.63758850097656
1771948857.2107563,4309,184.79376220703125
1771948867.8031516,4310,133.91012573242188
1771948877.4094143,4311,145.28863525390625
1771948879.298328,4312,99.58578491210938
1771948883.2969224,4313,94.63196563720703
1771948885.073491,4314,115.68822479248047
1771948885.55634,4315,81.88602447509766
1771948891.7340987,4316,146.9316864013672
1771948904.3047812,4317,149.8739471435547
1771948933.329855,4318,130.4719696044922
1771948947.4266455,4319,129.7776641845703
1771948958.3578763,4320,114.876220703125
1771948962.642969,4321,183.20553588867188
1771948964.5115178,4322,180.38070678710938
1771948965.8109167,4323,114.02253723144531
1771948965.9476688,4324,21.58713722229004
1771948977.9790504,4325,118.15385437011719
1771948985.425126,4326,130.93988037109375
1771948998.4559274,4327,105.66693115234375
1771949005.2144768,4328,141.40284729003906
1771949008.5985537,4329,142.32598876953125
1771949015.5369873,4330,112.69928741455078
1771949017.3799453,4331,114.11121368408203
1771949021.0552917,4332,166.28292846679688
1771949025.771664,4333,148.05487060546875
1771949030.3469052,4334,137.2009735107422
1771949033.6371248,4335,153.89236450195312
1771949035.9962127,4336,127.93327331542969
1771949037.1569943,4337,177.9026641845703
1771949055.2821877,4338,135.68760681152344
1771949056.927681,4339,150.85523986816406
1771949060.5151815,4340,105.96942138671875
1771949068.577534,4341,135.35646057128906
1771949078.693572,4342,99.21977996826172
1771949082.0119283,4343,130.1263427734375
1771949082.140456,4344,15.869349479675293
1771949084.172971,4345,63.48114776611328
1771949087.3337262,4346,120.7371826171875
1771949104.056937,4347,139.6178436279297
1771949104.4701624,4348,119.74950408935547
1771949104.886969,4349,207.07400512695312
1771949116.370815,4350,130.17330932617188
1771949118.7430618,4351,206.14251708984375
1771949121.8354855,4352,138.9055938720703
1771949122.181035,4353,318.75579833984375
1771949123.818559,4354,141.56723022460938
1771949123.9630985,4355,120.6840591430664
1771949152.9457366,4356,140.93316650390625
1771949252.4656408,4357,111.65065002441406
1771949256.3952143,4358,146.000732421875
1771949258.1784952,4359,115.38907623291016
1771949263.0055027,4360,118.1904067993164
1771949265.8463058,4361,107.5621109008789
1771949272.7306788,4362,133.0615692138672
1771949277.4353209,4363,118.61341094970703
1771949284.4421506,4364,132.4992218017578
1771949287.5059953,4365,122.68877410888672
1771949288.7413845,4366,83.30648803710938
1771949295.6984084,4367,153.1942901611328
1771949310.7344062,4368,118.85456848144531
1771949313.909174,4369,108.57279968261719
1771949318.5168743,4370,162.80093383789062
1771949329.1683369,4371,120.56694793701172
1771949329.3003802,4372,83.30684661865234
1771949332.2249768,4373,138.2229766845703
1771949332.3515916,4374,56.21501922607422
1771949340.288137,4375,144.1540069580078
1771949348.8689895,4376,99.72338104248047
1771949348.9923549,4377,38.84819030761719
1771949358.8418224,4378,154.03219604492188
1771949367.55248,4379,132.99942016601562
1771949378.4567306,4380,141.0765380859375
1771949394.579564,4381,150.83961486816406
1771949398.7618086,4382,157.02072143554688
1771949413.8824801,4383,139.8561248779297
1771949423.349618,4384,146.00550842285156
1771949428.821779,4385,111.27133178710938
1771949438.198253,4386,115.55807495117188
1771949445.4767098,4387,136.1365203857422
1771949446.4005773,4388,150.15060424804688
1771949446.5830836,4389,310.22174072265625
1771949454.6781826,4390,163.4527587890625
1771949456.0299397,4391,94.95240783691406
1771949464.9901814,4392,159.41006469726562
1771949477.2145855,4393,148.68455505371094
1771949483.9243588,4394,166.8074188232422
1771949492.191464,4395,151.80804443359375
1771949495.0265749,4396,131.3443603515625
1771949499.394736,4397,155.66603088378906
1771949505.8589134,4398,146.8080291748047
1771949509.241063,4399,132.78895568847656
1771949509.909758,4400,334.8752136230469
1771949524.5326145,4401,146.4437713623047
1771949526.2972903,4402,148.51992797851562
1771949530.090649,4403,166.99671936035156
1771949533.2031007,4404,103.57544708251953
1771949540.9000945,4405,148.81597900390625
1771949541.0243561,4406,63.06853485107422
1771949549.669054,4407,121.7833480834961
1771949654.7690918,4408,102.44598388671875
1771949658.9209945,4409,110.9136734008789
1771949660.262178,4410,159.07106018066406
1771949664.670929,4411,152.9081268310547
1771949665.9821026,4412,144.72412109375
1771949676.4266646,4413,129.64913940429688
1771949688.1256595,4414,140.0664520263672
1771949691.8639243,4415,102.37995147705078
1771949692.5708358,4416,123.49182891845703
1771949694.6531026,4417,156.86798095703125
1771949700.763834,4418,154.52574157714844
1771949702.021594,4419,139.55160522460938
1771949711.9189425,4420,157.22767639160156
1771949723.172988,4421,125.26968383789062
1771949724.2104352,4422,229.82705688476562
1771949730.9449298,4423,129.0155487060547
1771949736.5230289,4424,144.21144104003906
1771949738.736621,4425,140.20249938964844
1771949738.8679936,4426,44.18840789794922
1771949743.428255,4427,112.01500701904297
1771949745.172798,4428,79.1478271484375
1771949745.3013616,4429,32.658992767333984
1771949746.8825164,4430,225.2796173095703
1771949751.4442194,4431,149.835205078125
1771949751.5732353,4432,347.6720886230469
1771949753.1087623,4433,138.19000244140625
1771949755.4463325,4434,134.32154846191406
1771949757.7021325,4435,150.6295166015625
1771949761.246875,4436,125.18993377685547
1771949764.5262089,4437,89.43000793457031
1771949767.4256194,4438,135.64500427246094
1771949772.8019645,4439,137.5579376220703
1771949782.6975641,4440,126.82049560546875
1771949783.0887198,4441,380.8887023925781
1771949784.928127,4442,144.438232421875
1771949790.0547583,4443,140.4733428955078
1771949797.5200346,4444,123.30831909179688
1771949805.4881709,4445,121.96038818359375
1771949809.2968793,4446,150.6055908203125
1771949809.6851308,4447,179.69859313964844
1771949812.9848306,4448,129.83546447753906
1771949826.6770809,4449,142.17813110351562
1771949829.124388,4450,145.9763641357422
1771949839.55513,4451,138.10833740234375
1771949855.5503578,4452,137.9252471923828
1771949860.6316845,4453,148.4921112060547
1771949863.9677374,4454,136.46287536621094
1771949885.380707,4455,134.62237548828125
1771949886.5450814,4456,113.8111343383789
1771949888.4490526,4457,192.7349853515625
1771949892.9796937,4458,108.5526123046875
1771949893.6362514,4459,119.18294525146484
1771949917.7192965,4460,144.47100830078125
1771949921.1550798,4461,125.78421783447266
1771949925.5235403,4462,142.12327575683594
1771949938.2982466,4463,144.82247924804688
1771949976.321727,4464,139.30641174316406
1771950090.5197763,4465,128.427490234375
1771950092.4807584,4466,94.67774963378906
1771950099.1603687,4467,128.9553985595703
1771950115.3278036,4468,158.93841552734375
1771950117.168762,4469,148.34664916992188
1771950119.8134632,4470,146.2160186767578
1771950120.1255448,4471,69.593505859375
1771950125.686724,4472,178.3508758544922
1771950128.1236076,4473,118.31681060791016
1771950128.2459095,4474,13.864079475402832
1771950141.184462,4475,161.2580108642578
1771950142.7094676,4476,107.05381774902344
1771950159.1143675,4477,164.14773559570312
1771950165.3484514,4478,154.80593872070312
1771950168.0525465,4479,95.02465057373047
1771950168.180564,4480,59.158477783203125
1771950184.9128559,4481,135.95960998535156
1771950196.245835,4482,142.0301513671875
1771950205.0135932,4483,135.40611267089844
1771950211.4187806,4484,171.2666473388672
1771950213.0838382,4485,100.83251953125
1771950230.4246907,4486,140.76675415039062
1771950234.7408695,4487,141.25430297851562
1771950235.0704598,4488,330.8411865234375
1771950241.477855,4489,107.70918273925781
1771950246.1543324,4490,136.01258850097656
1771950257.609478,4491,122.83638000488281
1771950259.5815477,4492,157.10279846191406
1771950260.3787549,4493,204.99169921875
1771950260.5647488,4494,54.30437469482422
1771950265.2156718,4495,147.06863403320312
1771950265.3406484,4496,198.11801147460938
1771950266.3040543,4497,61.962257385253906
1771950269.0986314,4498,94.97359466552734
1771950280.1646256,4499,160.02090454101562
1771950304.1233788,4500,157.3342742919922
1771950317.7159097,4501,129.02610778808594
1771950323.677541,4502,115.95730590820312
1771950331.8342314,4503,129.6860809326172
1771950335.3344994,4504,123.49060821533203
1771950338.5535474,4505,142.31788635253906
1771950376.4145727,4506,151.3081512451172
1771950385.2193975,4507,131.62896728515625
1771950516.5937903,4508,155.35133361816406
1771950527.0445771,4509,144.64625549316406
1771950530.5335994,4510,114.55015563964844
1771950530.719802,4511,31.573434829711914
1771950532.2771747,4512,157.2780303955078
1771950540.5160608,4513,179.5832977294922
1771950548.0190673,4514,140.34161376953125
1771950560.2616751,4515,125.95927429199219
1771950564.7206209,4516,100.4024887084961
1771950569.056795,4517,134.3699951171875
1771950569.218997,4518,13.264026641845703
1771950578.7381485,4519,124.17000579833984
1771950592.914847,4520,166.29263305664062
1771950595.1672878,4521,132.8603515625
1771950605.3013177,4522,113.66768646240234
1771950612.9240344,4523,165.16751098632812
1771950616.855733,4524,153.5837860107422
1771950618.6826832,4525,116.17955017089844
1771950622.434491,4526,169.06971740722656
1771950634.6511042,4527,147.47021484375
1771950634.7811599,4528,43.909820556640625
1771950637.885312,4529,180.36094665527344
1771950640.0988276,4530,141.28628540039062
1771950643.9952295,4531,122.91558074951172
1771950647.2351122,4532,172.05235290527344
1771950655.0679777,4533,148.6375732421875
1771950665.2578862,4534,144.07652282714844
1771950673.4184344,4535,150.09861755371094
1771950673.555874,4536,198.92913818359375
1771950681.7791781,4537,159.846923828125
1771950705.409218,4538,186.81405639648438
1771950709.1750238,4539,154.28598022460938
1771950709.2999895,4540,17.10723876953125
1771950716.7338698,4541,144.51805114746094
1771950718.2274115,4542,116.3770751953125
1771950742.9402268,4543,145.59255981445312
1771950747.3816876,4544,124.07334899902344
1771950764.5336096,4545,137.51187133789062
1771950779.1419232,4546,156.86741638183594
1771950797.7794456,4547,146.6743621826172
1771950797.909308,4548,327.2196960449219
1771950801.4441197,4549,170.2100067138672
1771950812.3408287,4550,139.4932098388672
1771950894.9143782,4551,158.88360595703125
1771950902.5059152,4552,156.060546875
1771950908.3502283,4553,193.17776489257812
1771950931.3859324,4554,163.78257751464844
1771950938.7434628,4555,124.22266387939453
1771950942.8499496,4556,199.3313446044922
1771950949.2660098,4557,142.93017578125
1771950949.3971386,4558,26.875213623046875
1771950949.5921092,4559,25.439353942871094
1771950965.3917713,4560,147.1096649169922
1771950992.4707944,4561,155.0857391357422
1771950992.599183,4562,18.843338012695312
1771950996.272008,4563,137.20884704589844
1771950999.05832,4564,206.1927490234375
1771951011.3256083,4565,160.2229461669922
1771951013.812456,4566,180.96958923339844
1771951032.7940388,4567,134.74754333496094
1771951040.3154657,4568,192.21372985839844
1771951058.8453069,4569,147.6490020751953
1771951058.96866,4570,72.4691162109375
1771951077.5366833,4571,146.00717163085938
1771951083.6864326,4572,140.67901611328125
1771951095.0410397,4573,177.9197998046875
1771951100.1861637,4574,136.68145751953125
1771951103.5415156,4575,140.80712890625
1771951114.3862417,4576,129.55455017089844
1771951124.2354934,4577,152.30772399902344
1771951127.4980345,4578,127.85152435302734
1771951129.3787935,4579,87.84759521484375
1771951151.0834002,4580,158.54244995117188
1771951151.2203257,4581,22.48919677734375
1771951157.8881028,4582,157.58367919921875
1771951163.439737,4583,184.75436401367188
1771951180.7368157,4584,150.645751953125
1771951185.587485,4585,178.94769287109375
1771951195.6172574,4586,149.18154907226562
1771951195.7988148,4587,79.77980041503906
1771951200.0986037,4588,172.83615112304688
1771951207.352538,4589,174.92941284179688
1771951274.1790102,4590,194.76429748535156
1771951278.771286,4591,130.93911743164062
1771951280.1757712,4592,114.4939193725586
1771951287.3494067,4593,137.89125061035156
1771951288.4321003,4594,177.0218048095703
1771951297.2044756,4595,146.76768493652344
1771951304.3181114,4596,143.849853515625
1771951320.933252,4597,170.8039093017578
1771951328.9108522,4598,147.63279724121094
1771951331.1293714,4599,156.60743713378906
1771951335.8934968,4600,167.9046173095703
1771951340.2236063,4601,148.275146484375
1771951342.8062885,4602,141.1808624267578
1771951356.0982454,4603,165.87188720703125
1771951367.2522657,4604,139.95230102539062
1771951384.027219,4605,166.9704132080078
1771951386.4168742,4606,103.11200714111328
1771951409.0168734,4607,153.4221649169922
1771951423.5907955,4608,164.16085815429688
1771951429.525049,4609,136.4556884765625
1771951429.844995,4610,62.044342041015625
1771951436.276987,4611,124.050537109375
1771951436.4041107,4612,20.915498733520508
1771951444.244432,4613,194.69093322753906
1771951446.6225421,4614,138.7808837890625
1771951458.2379904,4615,155.84219360351562
1771951466.465386,4616,168.844482421875
1771951466.8370633,4617,149.72837829589844
1771951470.0857537,4618,177.2698974609375
1771951479.889999,4619,132.06561279296875
1771951488.2759817,4620,117.84918212890625
1771951494.0521812,4621,141.56240844726562
1771951497.2573602,4622,123.97543334960938
1771951509.2688265,4623,163.37037658691406
1771951513.3124344,4624,166.8431854248047
1771951528.1843028,4625,143.60621643066406
1771951535.7930663,4626,176.48031616210938
1771951547.5066571,4627,197.55294799804688
1771951573.7544334,4628,152.15257263183594
1771951589.1530643,4629,180.95455932617188
1771951700.8310614,4630,177.79095458984375
1771951706.4515011,4631,150.92979431152344
1771951708.5290616,4632,161.63417053222656
1771951713.110469,4633,150.62744140625
1771951716.3807762,4634,124.20651245117188
1771951717.0792081,4635,291.0473327636719
1771951729.2197769,4636,156.2068634033203
1771951747.0586636,4637,147.83575439453125
1771951750.420869,4638,204.87001037597656
1771951757.5649085,4639,159.52694702148438
1771951768.1533134,4640,163.5388641357422
1771951802.1455374,4641,162.9029541015625
1771951805.3473732,4642,215.09996032714844
1771951809.9060915,4643,151.14292907714844
1771951824.6086016,4644,148.8241424560547
1771951829.4829943,4645,107.9475326538086
1771951837.661342,4646,129.96566772460938
1771951847.8822546,4647,158.2952423095703
1771951852.9975042,4648,144.43199157714844
1771951860.024586,4649,156.17848205566406
1771951863.9377165,4650,118.97240447998047
1771951872.1462736,4651,138.64642333984375
1771951875.4494126,4652,239.96681213378906
1771951887.8149621,4653,160.12158203125
1771951890.6144366,4654,187.30844116210938
1771951890.7421277,4655,49.03819274902344
1771951891.5466151,4656,144.89385986328125
1771951899.7866492,4657,119.59266662597656
1771951918.885074,4658,154.2738800048828
1771951920.05378,4659,111.11272430419922
1771951922.2008708,4660,176.90626525878906
1771951944.4637277,4661,144.2820281982422
1771951947.791708,4662,147.62765502929688
1771951953.9586022,4663,169.6033935546875
1771951964.7379792,4664,184.28965759277344
1771951965.686395,4665,207.68173217773438
1771951970.1332033,4666,191.2103271484375
1771951973.8109846,4667,142.09542846679688
1771951975.61519,4668,174.49002075195312
1771951975.737817,4669,103.93199157714844
1771951981.7950103,4670,156.14804077148438
1771951992.3463752,4671,133.19149780273438
1771951995.0717325,4672,155.20877075195312
1771952001.187818,4673,201.91543579101562
1771952006.421213,4674,209.65872192382812
1771952116.6122694,4675,170.96188354492188
1771952119.008165,4676,154.3736114501953
1771952122.354885,4677,191.99703979492188
1771952125.584371,4678,171.30389404296875
1771952128.8584325,4679,168.8746795654297
1771952151.132096,4680,145.19952392578125
1771952153.9108534,4681,109.14498901367188
1771952160.5471914,4682,218.48953247070312
1771952166.874985,4683,152.06295776367188
1771952171.8191996,4684,187.50033569335938
1771952176.72646,4685,190.238525390625
1771952179.226819,4686,101.71326446533203
1771952189.6157036,4687,172.8084716796875
1771952207.3450077,4688,149.4274139404297
1771952226.196415,4689,157.77313232421875
1771952229.282461,4690,125.70372772216797
1771952234.583065,4691,144.36341857910156
1771952236.5393004,4692,201.873779296875
1771952246.74059,4693,141.28211975097656
1771952251.9022222,4694,130.40696716308594
1771952259.9256377,4695,153.65142822265625
1771952281.2815907,4696,153.43231201171875
1771952281.5333524,4697,29.10283851623535
1771952286.0514896,4698,184.99839782714844
1771952289.903771,4699,185.7795867919922
1771952295.477997,4700,124.11627197265625
1771952299.7791834,4701,181.42141723632812
1771952303.3436089,4702,220.1533203125
1771952305.6636908,4703,143.47366333007812
1771952322.0700066,4704,148.18946838378906
1771952333.1032307,4705,186.99156188964844
1771952337.3691344,4706,179.79420471191406
1771952344.1524284,4707,147.00987243652344
1771952366.3684127,4708,168.75706481933594
1771952375.7108576,4709,134.4947967529297
1771952380.8839316,4710,133.5051727294922
1771952394.6131413,4711,147.6805877685547
1771952397.712572,4712,168.93173217773438
1771952414.2544603,4713,179.1494598388672
1771952418.8834584,4714,212.25038146972656
1771952421.584154,4715,167.20860290527344
1771952524.44912,4716,191.1546630859375
1771952526.7567832,4717,150.4213104248047
1771952531.3545191,4718,198.74363708496094
1771952538.7544289,4719,185.75424194335938
1771952561.0401437,4720,173.8545684814453
1771952572.5223937,4721,201.39535522460938
1771952579.9316585,4722,158.7538604736328
1771952594.197054,4723,140.5830841064453
1771952603.1240156,4724,141.49583435058594
1771952622.1658187,4725,163.7620391845703
1771952622.293571,4726,37.93695831298828
1771952639.327598,4727,165.99459838867188
1771952660.7277453,4728,164.53233337402344
1771952683.6826677,4729,151.9082794189453
1771952689.0541608,4730,158.84234619140625
1771952694.2461896,4731,159.0435333251953
1771952699.72919,4732,156.0458221435547
1771952701.7219932,4733,170.7768096923828
1771952711.3486376,4734,139.9484100341797
1771952712.2258391,4735,204.19992065429688
1771952717.3058574,4736,120.2900161743164
1771952721.476868,4737,205.47830200195312
1771952731.8953898,4738,163.19285583496094
1771952733.6799583,4739,160.76670837402344
1771952774.0385983,4740,182.8240203857422
1771952777.6557002,4741,183.13551330566406
1771952785.2094934,4742,143.0421142578125
1771952790.4611468,4743,156.7032012939453
1771952794.3994236,4744,197.95677185058594
1771952795.5444572,4745,254.003173828125
1771952800.825457,4746,164.4385528564453
1771952801.9710073,4747,421.089111328125
1771952807.12255,4748,163.6907501220703
1771952813.853643,4749,146.39315795898438
1771952815.461126,4750,159.60116577148438
1771952820.4954941,4751,152.42759704589844
1771952827.887897,4752,172.33848571777344
1771952831.2013187,4753,111.2137451171875
1771952831.3276107,4754,185.70474243164062
1771952839.593764,4755,108.96037292480469
1771952920.4170332,4756,154.32923889160156
1771952930.5559387,4757,167.4384765625
1771952941.3372273,4758,150.8819122314453
1771952947.5886407,4759,240.51475524902344
1771952967.0452795,4760,164.87962341308594
1771952976.740984,4761,156.9552459716797
1771952979.6003547,4762,227.89337158203125
1771952988.5729687,4763,160.90924072265625
1771953003.4131818,4764,133.6660614013672
1771953006.6407957,4765,169.25682067871094
1771953009.9402905,4766,163.6544952392578
1771953022.335185,4767,140.5137176513672
1771953027.249511,4768,173.85679626464844
1771953029.3006124,4769,183.25038146972656
1771953047.3567805,4770,161.57470703125
1771953053.525536,4771,158.2281494140625
1771953055.4401999,4772,91.76656341552734
1771953060.768472,4773,169.91250610351562
1771953075.2150085,4774,162.18341064453125
1771953075.3495784,4775,68.50166320800781
1771953075.478631,4776,20.12610626220703
1771953083.136341,4777,165.83912658691406
1771953087.5878978,4778,124.33720397949219
1771953087.7126415,4779,119.49504089355469
1771953122.6552317,4780,172.5667724609375
1771953127.5561678,4781,160.54464721679688
1771953131.3532598,4782,183.02610778808594
1771953159.3000891,4783,161.46395874023438
1771953159.4257445,4784,54.24494552612305
1771953163.6843598,4785,123.0337905883789
1771953173.7581923,4786,162.60324096679688
1771953193.0122185,4787,170.9736785888672
1771953212.4185548,4788,155.3028106689453
1771953217.1399052,4789,159.9365997314453
1771953224.4484143,4790,161.72305297851562
1771953316.7100825,4791,164.95948791503906
1771953318.5235395,4792,117.1341781616211
1771953340.8973038,4793,164.8939666748047
1771953344.8205898,4794,187.662109375
1771953356.3497605,4795,161.67039489746094
1771953364.3689957,4796,179.6988983154297
1771953380.0099957,4797,183.94300842285156
1771953385.9170237,4798,200.3917694091797
1771953386.1032321,4799,324.1220703125
1771953389.301654,4800,207.1835479736328
1771953405.695459,4801,117.80191802978516
1771953420.047267,4802,176.22805786132812
1771953444.0638478,4803,191.4945831298828
1771953448.5182269,4804,212.85757446289062
1771953452.632983,4805,192.97267150878906
1771953471.9419255,4806,139.031494140625
1771953484.3725405,4807,143.13829040527344
1771953485.1144588,4808,121.57501983642578
1771953487.9699779,4809,195.00128173828125
1771953491.170633,4810,120.43165588378906
1771953502.1861615,4811,173.97183227539062
1771953528.1483052,4812,182.69679260253906
1771953529.0549622,4813,259.8016052246094
1771953529.540344,4814,181.43048095703125
1771953550.4342518,4815,156.5567626953125
1771953563.7116964,4816,190.61874389648438
1771953566.9757204,4817,203.29360961914062
1771953574.149737,4818,124.42840576171875
1771953576.800518,4819,115.37907409667969
1771953609.5720453,4820,168.2625274658203
1771953623.007284,4821,139.85574340820312
1771953729.1394992,4822,134.24685668945312
1771953738.9792843,4823,190.41070556640625
1771953741.8248034,4824,148.690185546875
1771953753.8874714,4825,169.16822814941406
1771953758.1486433,4826,178.1246337890625
1771953777.0518682,4827,176.75537109375
1771953779.9864042,4828,132.5989990234375
1771953804.3347535,4829,163.28407287597656
1771953821.8816392,4830,147.65208435058594
1771953832.9238544,4831,169.41600036621094
1771953853.0866525,4832,173.0193634033203
1771953856.576629,4833,190.56765747070312
1771953870.7490444,4834,155.56297302246094
1771953901.8807402,4835,180.06298828125
1771953907.7329023,4836,167.6542205810547
1771953929.6976063,4837,153.9980010986328
1771953932.964697,4838,146.71804809570312
1771953936.1643445,4839,166.9311981201172
1771953939.393784,4840,220.04144287109375
1771953944.5066636,4841,183.0594482421875
1771953971.6954517,4842,162.5337371826172
1771953977.3549824,4843,133.78704833984375
1771953991.770231,4844,150.99032592773438
1771953994.115834,4845,164.9231414794922
1771954001.0038524,4846,177.2671661376953
1771954001.1411948,4847,22.616065979003906
1771954018.0016165,4848,172.63037109375
1771954022.7725518,4849,139.33583068847656
1771954045.7786684,4850,170.52427673339844
1771954126.965355,4851,245.74923706054688
1771954127.158078,4852,189.76690673828125
1771954129.8900712,4853,156.1183319091797
1771954139.1657925,4854,145.93443298339844
1771954152.8258646,4855,138.65000915527344
1771954157.602734,4856,200.076904296875
1771954168.954514,4857,185.58175659179688
1771954183.795187,4858,163.0477294921875
1771954189.3982978,4859,163.52023315429688
1771954194.670759,4860,178.40267944335938
1771954200.5539756,4861,192.4652862548828
1771954208.7909527,4862,169.61904907226562
1771954233.0545652,4863,155.47463989257812
1771954252.6649234,4864,162.3489532470703
1771954266.9911406,4865,167.75291442871094
1771954271.8331194,4866,94.64754486083984
1771954277.714492,4867,210.16546630859375
1771954277.84493,4868,1240.5460205078125
1771954283.074209,4869,161.98838806152344
1771954290.907939,4870,151.81640625
1771954291.033604,4871,33.763282775878906
1771954300.5612733,4872,166.31546020507812
1771954303.7950265,4873,137.1525115966797
1771954308.8856611,4874,166.056640625
1771954324.7877584,4875,162.80859375
1771954330.6337006,4876,171.80743408203125
1771954343.4494166,4877,191.58157348632812
1771954350.132135,4878,158.8227081298828
1771954369.8572547,4879,179.4503173828125
1771954411.6484582,4880,165.11965942382812
1771954431.0460343,4881,178.5573272705078
1771954475.3796034,4882,160.07662963867188
1771954522.8014073,4883,175.19517517089844
1771954523.4307945,4884,172.49082946777344
1771954532.4462454,4885,172.60360717773438
1771954538.6401324,4886,140.7390899658203
1771954558.1336188,4887,184.8710174560547
1771954558.26221,4888,25.054458618164062
1771954578.561369,4889,186.88815307617188
1771954583.7419775,4890,160.36045837402344
1771954617.8724124,4891,155.2617645263672
1771954628.1948915,4892,143.04908752441406
1771954633.3616648,4893,151.17884826660156
1771954643.866169,4894,184.91587829589844
1771954648.4190102,4895,151.56399536132812
1771954673.6248653,4896,156.75564575195312
1771954679.1197047,4897,163.14852905273438
1771954683.4085617,4898,185.3385772705078
1771954708.8858154,4899,184.72921752929688
1771954718.3408134,4900,173.33468627929688
1771954728.669212,4901,157.83853149414062
1771954729.100311,4902,415.90777587890625
1771954729.496393,4903,166.60211181640625
1771954746.008299,4904,181.5409393310547
1771954752.376713,4905,137.75473022460938
1771954768.5962675,4906,214.67332458496094
1771954840.3467064,4907,181.11672973632812
1771954855.824981,4908,199.7049102783203
1771954859.0103304,4909,154.59603881835938
1771954867.6388154,4910,168.03701782226562
1771954870.9964511,4911,257.7216491699219
1771954872.3355374,4912,129.89344787597656
1771954872.4690378,4913,28.87487030029297
1771954881.957921,4914,163.32974243164062
1771954882.3660448,4915,229.7244110107422
1771954885.944945,4916,140.50038146972656
1771954892.1247027,4917,187.9740753173828
1771954907.8243375,4918,219.2618865966797
1771954911.033284,4919,155.871337890625
1771954915.3640938,4920,173.85240173339844
1771954925.2506812,4921,166.26866149902344
1771954928.8965747,4922,198.48330688476562
1771954929.0214825,4923,31.582653045654297
1771954932.7878733,4924,197.12884521484375
1771954942.0993845,4925,162.21217346191406
1771954943.2576828,4926,98.45426940917969
1771954945.730164,4927,122.09040069580078
1771954955.2933307,4928,183.69149780273438
1771954964.2216105,4929,134.4521484375
1771954985.5916965,4930,175.081787109375
1771954988.8794985,4931,130.00477600097656
1771955011.6772287,4932,199.1742706298828
1771955016.5963209,4933,184.04087829589844
1771955020.4438303,4934,201.60169982910156
1771955035.132276,4935,172.04901123046875
1771955035.8337722,4936,149.10081481933594
1771955037.9036286,4937,190.45384216308594
1771955038.232114,4938,476.94586181640625
1771955040.0030496,4939,188.40289306640625
1771955061.499063,4940,190.99710083007812
1771955062.0207183,4941,98.26565551757812
1771955064.357298,4942,121.61061096191406
1771955064.882141,4943,118.12913513183594
1771955070.0017672,4944,167.63217163085938
1771955074.980004,4945,221.52452087402344
1771955075.1025577,4946,39.48931121826172
1771955092.4033227,4947,186.45790100097656
1771955094.9919446,4948,143.6146697998047
1771955113.376914,4949,181.48472595214844
1771955131.0378327,4950,138.89764404296875
1771955143.9724636,4951,172.7840118408203
1771955148.3140912,4952,175.5414276123047
1771955171.6410575,4953,181.02720642089844
1771955233.9788237,4954,169.2535858154297
1771955234.1010282,4955,21.090858459472656
1771955244.4431343,4956,175.28912353515625
1771955249.962512,4957,169.96148681640625
1771955255.4824293,4958,174.9119110107422
1771955260.3833332,4959,198.93731689453125
1771955301.1530468,4960,178.7448272705078
1771955312.8983157,4961,190.71017456054688
1771955329.5276926,4962,200.3947296142578
1771955364.4577014,4963,189.60052490234375
1771955374.4260268,4964,194.70196533203125
1771955375.7872782,4965,144.3240203857422
1771955379.0456364,4966,250.94805908203125
1771955390.3353982,4967,179.25230407714844
1771955398.963781,4968,203.2752227783203
1771955418.2947516,4969,180.94656372070312
1771955450.6254222,4970,199.6919403076172
1771955450.751418,4971,179.940673828125
1771955470.3395922,4972,171.29229736328125
1771955483.9871037,4973,199.1031951904297
1771955495.5405364,4974,212.38360595703125
1771955499.6343398,4975,187.85592651367188
1771955506.2345507,4976,143.90765380859375
1771955512.4139419,4977,214.46646118164062
1771955523.8395498,4978,224.95260620117188
1771955600.5639248,4979,156.20294189453125
1771955612.1052232,4980,180.7548370361328
1771955615.4814947,4981,252.231201171875
1771955621.34111,4982,234.28778076171875
1771955629.9547968,4983,201.1466064453125
1771955645.791342,4984,156.6421661376953
1771955653.0657833,4985,172.9639434814453
1771955656.7264879,4986,218.57984924316406
1771955656.8555076,4987,80.5587387084961
1771955683.0373557,4988,184.482666015625
1771955686.2749205,4989,154.7407684326172
1771955702.324044,4990,203.54074096679688
1771955714.7043371,4991,189.7316131591797
1771955714.8376935,4992,129.0310821533203
1771955716.51793,4993,111.3482894897461
1771955732.2598927,4994,173.25143432617188
1771955741.1389503,4995,182.0619354248047
1771955757.13904,4996,200.24124145507812
1771955761.8410478,4997,178.79661560058594
1771955763.772018,4998,236.05296325683594
1771955767.0272527,4999,165.97691345214844
1771955786.7719078,5000,205.07398986816406
1771955792.7695105,5001,186.20956420898438
1771955792.893701,5002,506.5374450683594
1771955811.3074472,5003,179.48211669921875
1771955819.7992723,5004,175.4769287109375
1771955819.9281385,5005,161.32644653320312
1771955842.6348395,5006,205.7209930419922
1771955848.53864,5007,204.61911010742188
1771955848.6622517,5008,48.825889587402344
1771955853.3940165,5009,196.454345703125
1771955862.896805,5010,200.45472717285156
1771955879.2001402,5011,157.9656982421875
1771955891.510494,5012,205.53836059570312
1771955895.9216437,5013,157.7869110107422
1771955940.8047194,5014,181.8114776611328
1771956000.847311,5015,169.09109497070312
1771956016.7523282,5016,206.63258361816406
1771956021.7819676,5017,219.65023803710938
1771956025.9733741,5018,209.3427276611328
1771956033.1044319,5019,238.60694885253906
1771956052.6382334,5020,178.04611206054688
1771956055.9143074,5021,202.88035583496094
1771956094.594596,5022,214.62998962402344
1771956099.4605167,5023,168.84237670898438
1771956114.3629227,5024,199.64041137695312
1771956118.2983756,5025,213.39576721191406
1771956121.586813,5026,125.74168395996094
1771956124.4010766,5027,224.27389526367188
1771956124.5330617,5028,302.13372802734375
1771956129.9997807,5029,154.41351318359375
1771956131.6499865,5030,278.4029235839844
1771956145.7264194,5031,218.4152069091797
1771956153.5530803,5032,199.4068145751953
1771956184.3577607,5033,198.68832397460938
1771956214.017254,5034,206.0715789794922
1771956219.9846256,5035,170.0761260986328
1771956230.2348464,5036,121.51712799072266
1771956242.3528852,5037,176.80142211914062
1771956257.7546513,5038,229.11439514160156
1771956277.780584,5039,222.20016479492188
1771956289.6920307,5040,217.0205535888672
1771956361.0780764,5041,47.74396896362305
1771956376.6926594,5042,171.70791625976562
1771956380.7920992,5043,188.8451385498047
1771956384.5442665,5044,171.6912078857422
1771956397.048109,5045,191.47833251953125
1771956397.9244635,5046,214.77377319335938
1771956401.9679885,5047,197.65245056152344
1771956415.7217793,5048,206.9945831298828
1771956428.637029,5049,235.96546936035156
1771956433.2439106,5050,160.5597686767578
1771956452.1823814,5051,179.0513458251953
1771956496.0434299,5052,190.3641357421875
1771956515.9717581,5053,166.58253479003906
1771956524.4633944,5054,163.29214477539062
1771956530.6515608,5055,172.7390594482422
1771956539.5141053,5056,169.90936279296875
1771956558.7032416,5057,197.3724365234375
1771956566.4868,5058,200.47247314453125
1771956580.6023896,5059,180.5594024658203
1771956593.7134333,5060,221.07666015625
1771956616.342068,5061,207.9969024658203
1771956641.9121947,5062,203.91384887695312
1771956650.181302,5063,205.2762451171875
1771956668.432907,5064,196.53836059570312
1771956729.2455049,5065,192.96925354003906
1771956741.6498535,5066,186.50518798828125
1771956750.364181,5067,241.74343872070312
1771956759.3549948,5068,215.22625732421875
1771956759.4803686,5069,29.910198211669922
1771956773.0548215,5070,213.70632934570312
1771956776.625626,5071,224.39720153808594
1771956782.6781816,5072,177.8740997314453
1771956793.5546486,5073,187.3321075439453
1771956801.1802375,5074,161.9048309326172
1771956831.550729,5075,193.43539428710938
1771956859.1734385,5076,179.9828338623047
1771956889.552071,5077,192.89047241210938
1771956902.9317644,5078,156.22105407714844
1771956906.2014298,5079,286.21337890625
1771956929.627308,5080,186.19729614257812
1771956930.651886,5081,279.2630920410156
1771956937.4443774,5082,212.3521270751953
1771956961.7957244,5083,190.58775329589844
1771956979.0302227,5084,210.77732849121094
1771956979.1570818,5085,39.38063049316406
1771956989.969039,5086,151.44284057617188
1771956998.6944048,5087,211.15420532226562
1771957018.1186872,5088,202.01043701171875
1771957087.5084813,5089,179.34539794921875
1771957104.0889306,5090,187.0260009765625
1771957117.040659,5091,211.31338500976562
1771957121.8203983,5092,218.0518341064453
1771957132.5132864,5093,180.69422912597656
1771957133.657018,5094,180.78878784179688
1771957141.0077152,5095,224.07034301757812
1771957153.2688742,5096,197.21170043945312
1771957162.1046515,5097,186.4930419921875
1771957169.8262353,5098,204.20188903808594
1771957178.557456,5099,184.61570739746094
1771957182.8782828,5100,221.7127227783203
1771957199.5478292,5101,167.15371704101562
1771957210.0425675,5102,225.82034301757812
1771957218.013209,5103,223.84445190429688
1771957247.220156,5104,221.90463256835938
1771957256.1580534,5105,196.03958129882812
1771957257.2028344,5106,198.8076934814453
1771957264.9245086,5107,213.39352416992188
1771957268.9483616,5108,191.73709106445312
1771957296.7776651,5109,189.81532287597656
1771957304.000668,5110,220.15802001953125
1771957328.9898622,5111,201.7096710205078
1771957332.3194156,5112,221.13504028320312
1771957336.1435513,5113,182.70965576171875
1771957345.4694736,5114,185.02755737304688
1771957350.3074937,5115,220.9379119873047
1771957383.1261525,5116,186.1326904296875
1771957406.7177262,5117,199.9838104248047
1771957483.683762,5118,247.2523651123047
1771957501.5240867,5119,232.54345703125
1771957505.290472,5120,229.8876495361328
1771957515.2287538,5121,181.80201721191406
1771957524.435147,5122,188.4315185546875
1771957542.1475766,5123,209.797607421875
1771957550.8663723,5124,220.04171752929688
1771957577.2741284,5125,193.21881103515625
1771957586.3595002,5126,147.7841339111328
1771957601.747198,5127,210.5074005126953
1771957605.0279534,5128,182.31991577148438
1771957627.025498,5129,180.39730834960938
1771957647.5864222,5130,197.01454162597656
1771957653.7387838,5131,163.41229248046875
1771957653.8755991,5132,1062.619873046875
1771957661.012485,5133,194.8917999267578
1771957667.5342205,5134,154.34060668945312
1771957667.670356,5135,117.14360046386719
1771957671.4516652,5136,193.04248046875
1771957684.751439,5137,177.08148193359375
1771957699.833607,5138,203.99713134765625
1771957717.0776763,5139,238.8670196533203
1771957730.4939618,5140,218.65428161621094
1771957741.3032491,5141,188.82102966308594
1771957749.6486216,5142,176.51290893554688
1771957764.5179737,5143,207.78176879882812
1771957792.0105476,5144,200.0823211669922
1771957878.132391,5145,205.27992248535156
1771957883.3948557,5146,131.0205078125
1771957889.7791324,5147,160.1228790283203
1771957899.3342812,5148,214.77066040039062
1771957913.4396667,5149,178.69931030273438
1771957926.936952,5150,202.70310974121094
1771957930.616589,5151,160.6619110107422
1771957935.488698,5152,166.3345947265625
1771957940.3231099,5153,193.84962463378906
1771957958.7673235,5154,204.76339721679688
1771957969.3272038,5155,216.5607452392578
1771957972.66894,5156,203.8826141357422
1771958008.8506932,5157,191.17947387695312
1771958015.7094367,5158,207.30564880371094
1771958018.9769418,5159,131.18783569335938
1771958030.050163,5160,184.12562561035156
1771958040.6565428,5161,228.3238067626953
1771958048.4026825,5162,191.6525421142578
1771958061.648725,5163,158.98419189453125
1771958066.8012307,5164,229.20986938476562
1771958066.9351685,5165,48.78654479980469
1771958068.5809603,5166,237.5597381591797
1771958083.1640935,5167,178.6396484375
1771958093.8780718,5168,194.49874877929688
1771958115.3490164,5169,188.78970336914062
1771958123.1008425,5170,239.53285217285156
1771958141.027741,5171,200.16204833984375
1771958150.7389972,5172,226.20816040039062
1771958151.0009942,5173,61.94144821166992
1771958165.5598102,5174,222.36056518554688
1771958176.5961223,5175,172.25723266601562
1771958271.6970298,5176,144.77264404296875
1771958276.1021864,5177,211.43081665039062
1771958314.8145752,5178,231.08497619628906
1771958322.9331589,5179,239.98374938964844
1771958335.5368707,5180,197.1197509765625
1771958335.6707761,5181,238.5336151123047
1771958346.2944794,5182,196.179931640625
1771958352.7991138,5183,223.7587890625
1771958366.9625313,5184,193.67210388183594
1771958369.1476774,5185,332.8709411621094
1771958373.9729471,5186,216.18846130371094
1771958383.1015651,5187,200.30728149414062
1771958386.910593,5188,187.1766815185547
1771958408.3672278,5189,203.10092163085938
1771958419.6136327,5190,180.01780700683594
1771958424.1779637,5191,152.49868774414062
1771958432.2984624,5192,216.3741455078125
1771958433.9946022,5193,217.0150146484375
1771958457.0470502,5194,207.75921630859375
1771958466.9905694,5195,150.254638671875
1771958472.03539,5196,211.55345153808594
1771958476.7614627,5197,164.05043029785156
1771958490.4527385,5198,214.09695434570312
1771958508.687711,5199,198.30386352539062
1771958510.4261453,5200,160.45361328125
1771958538.0997267,5201,215.3839874267578
1771958547.843221,5202,204.12745666503906
1771958559.0028682,5203,184.50660705566406
1771958566.8209534,5204,159.63731384277344
1771958586.8679907,5205,157.78610229492188
1771958659.965549,5206,254.59024047851562
1771958663.924866,5207,135.64662170410156
1771958667.2641387,5208,206.9547882080078
1771958680.9944491,5209,205.4482879638672
1771958685.2150607,5210,174.72564697265625
1771958686.4692664,5211,189.29498291015625
1771958691.218661,5212,192.19473266601562
1771958691.3486247,5213,39.64452362060547
1771958694.5970185,5214,144.9141082763672
1771958703.9548237,5215,206.22119140625
1771958717.3611639,5216,193.15130615234375
1771958717.4931316,5217,498.573486328125
1771958730.6819832,5218,169.27105712890625
1771958746.3240063,5219,203.6819305419922
1771958771.5888968,5220,193.4272918701172
1771958784.1521933,5221,221.56874084472656
1771958787.472938,5222,220.588623046875
1771958796.8744812,5223,221.02957153320312
1771958799.7321823,5224,153.17550659179688
1771958803.910871,5225,189.67892456054688
1771958806.5228813,5226,116.45414733886719
1771958809.754433,5227,218.30909729003906
1771958820.0837917,5228,218.320068359375
1771958823.1601758,5229,311.1549987792969
1771958828.002453,5230,322.9300537109375
1771958838.4313924,5231,219.16525268554688
1771958847.2646246,5232,195.6881103515625
1771958856.928062,5233,215.6002197265625
1771958871.8001583,5234,235.0716094970703
1771958873.6275706,5235,222.84967041015625
1771958876.869466,5236,251.11062622070312
1771958876.9927118,5237,37.679378509521484
1771958890.5754626,5238,184.58242797851562
1771958893.8731954,5239,222.40179443359375
1771958904.1237898,5240,214.76661682128906
1771958915.8260186,5241,199.93898010253906
1771958934.8370607,5242,192.30027770996094
1771958941.7831576,5243,202.57081604003906
1771958950.5791032,5244,187.4984130859375
1771958953.8182814,5245,235.0901336669922
1771958976.0025797,5246,213.32786560058594
1771959042.4213026,5247,264.67071533203125
1771959064.7363732,5248,225.41033935546875
1771959068.5938814,5249,118.8099365234375
1771959099.842166,5250,190.99070739746094
1771959103.1423922,5251,213.86114501953125
1771959108.5115004,5252,160.4121551513672
1771959120.4051964,5253,162.33743286132812
1771959134.452999,5254,233.90745544433594
1771959144.309551,5255,165.9148406982422
1771959164.1932168,5256,244.35006713867188
1771959180.4700756,5257,217.6586456298828
1771959190.452277,5258,237.85446166992188
1771959246.3656714,5259,213.7601318359375
1771959254.7461681,5260,235.2571563720703
1771959262.6934118,5261,186.5242462158203
1771959266.3954515,5262,207.1620635986328
1771959278.281894,5263,195.7943878173828
1771959285.2313356,5264,191.56527709960938
1771959289.7707095,5265,197.7444610595703
1771959317.043955,5266,199.8773651123047
1771959321.364102,5267,237.34136962890625
1771959325.8569214,5268,150.68812561035156
1771959346.8407898,5269,203.73553466796875
1771959408.1182687,5270,191.43373107910156
1771959430.3852305,5271,195.61412048339844
1771959434.6158116,5272,256.6869812011719
1771959460.4333076,5273,222.22373962402344
1771959465.025347,5274,264.2166748046875
1771959473.3626635,5275,220.555419921875
1771959503.0086849,5276,205.74575805664062
1771959512.6345503,5277,202.31283569335938
1771959519.3326497,5278,155.95199584960938
1771959536.645222,5279,222.7180633544922
1771959576.8891633,5280,211.2404022216797
1771959589.63807,5281,163.85838317871094
1771959609.5007255,5282,206.8356475830078
1771959623.8033125,5283,185.0415496826172
1771959624.8842356,5284,165.2554931640625
1771959642.5172536,5285,191.7196502685547
1771959645.2448635,5286,213.86204528808594
1771959645.3707833,5287,21.290267944335938
1771959653.4504511,5288,230.236083984375
1771959656.738753,5289,181.81553649902344
1771959678.878726,5290,241.3434295654297
1771959686.5971093,5291,215.5209503173828
1771959696.288777,5292,201.12066650390625
1771959712.8175108,5293,216.66261291503906
1771959821.334893,5294,143.92318725585938
1771959825.385743,5295,287.71484375
1771959843.928926,5296,194.187744140625
1771959854.1921544,5297,207.84507751464844
1771959861.7748938,5298,191.4068603515625
1771959868.162128,5299,202.52854919433594
1771959871.702473,5300,282.3131103515625
1771959877.7708528,5301,270.6808776855469
1771959877.911645,5302,1404.37109375
1771959878.0382261,5303,73.75987243652344
1771959890.9099543,5304,205.59877014160156
1771959898.132187,5305,154.82345581054688
1771959898.2608235,5306,20.161563873291016
1771959903.0306406,5307,188.91629028320312
1771959914.3577914,5308,179.92027282714844
1771959941.8284745,5309,197.9458465576172
1771959945.1216083,5310,274.6260070800781
1771959953.6857088,5311,169.63807678222656
1771959966.0784423,5312,197.50355529785156
1771959981.6640456,5313,221.9634246826172
1771960000.6099937,5314,197.87342834472656
1771960006.2381737,5315,241.9398956298828
1771960021.3316057,5316,214.69161987304688
1771960039.4564006,5317,207.68951416015625
1771960067.3770404,5318,211.79188537597656
1771960100.0160024,5319,197.80027770996094
1771960110.559386,5320,195.45037841796875
1771960122.0221026,5321,216.10948181152344
1771960135.1537206,5322,224.43826293945312
1771960270.532973,5323,211.49545288085938
1771960283.1154606,5324,189.05938720703125
1771960297.7388968,5325,222.75843811035156
1771960308.1221,5326,186.16802978515625
1771960329.952164,5327,199.93141174316406
1771960336.1302252,5328,186.53778076171875
1771960342.3791978,5329,288.6153259277344
1771960351.7444217,5330,178.162841796875
1771960357.297566,5331,178.0242156982422
1771960379.467162,5332,243.31610107421875
1771960404.7019074,5333,216.42276000976562
1771960412.176681,5334,220.6858673095703
1771960416.752655,5335,172.05531311035156
1771960426.9078286,5336,214.80506896972656
1771960449.8909817,5337,212.98886108398438
1771960459.665106,5338,242.62017822265625
1771960462.945687,5339,197.9091339111328
1771960467.0112522,5340,209.2783203125
1771960494.3286166,5341,232.17459106445312
1771960494.4544704,5342,69.02117919921875
1771960523.4494894,5343,206.37405395507812
1771960548.9309056,5344,185.8247833251953
1771960552.8253813,5345,267.425537109375
1771960556.3568058,5346,252.9768524169922
1771960671.8913753,5347,165.55645751953125
1771960675.2485714,5348,286.8131408691406
1771960704.5165546,5349,215.18167114257812
1771960709.0139005,5350,210.70274353027344
1771960712.7082102,5351,174.98667907714844
1771960734.9226022,5352,221.06301879882812
1771960757.0974212,5353,191.710693359375
1771960757.2348073,5354,37.75933837890625
1771960763.250989,5355,187.6138458251953
1771960766.9803517,5356,254.1801300048828
1771960767.742674,5357,254.64630126953125
1771960785.6488667,5358,214.45620727539062
1771960787.644649,5359,173.4975128173828
1771960798.6193306,5360,180.14114379882812
1771960807.4024062,5361,182.92872619628906
1771960816.2844195,5362,207.0491180419922
1771960817.436584,5363,166.6720428466797
1771960820.7245715,5364,248.06712341308594
1771960849.328686,5365,220.48776245117188
1771960852.7692716,5366,232.62939453125
1771960887.8557725,5367,196.21832275390625
1771960904.9526222,5368,177.92127990722656
1771960920.742608,5369,200.4947052001953
1771960936.021246,5370,199.94837951660156
1771960949.7432606,5371,234.69175720214844
1771960953.08801,5372,246.66709899902344
1771960956.4326477,5373,185.5865020751953
1771960977.873377,5374,198.64532470703125
1771961076.023157,5375,299.3407897949219
1771961079.689976,5376,220.22421264648438
1771961086.3931384,5377,219.70352172851562
1771961089.7070632,5378,155.8056182861328
1771961101.779955,5379,208.9154052734375
1771961117.3392484,5380,219.54791259765625
1771961125.971755,5381,185.15284729003906
1771961132.725069,5382,150.72042846679688
1771961153.3607838,5383,225.14630126953125
1771961163.3477306,5384,240.72775268554688
1771961169.050359,5385,194.3932342529297
1771961186.623243,5386,188.46322631835938
1771961212.5228176,5387,188.32138061523438
1771961232.3721094,5388,199.97109985351562
1771961249.8794975,5389,165.67735290527344
1771961250.0053775,5390,1014.7400512695312
1771961258.59699,5391,270.6314392089844
1771961261.8260815,5392,172.92025756835938
1771961265.0843484,5393,280.5115661621094
1771961290.4875574,5394,212.66571044921875
1771961291.5251071,5395,165.35057067871094
1771961302.1731029,5396,223.35806274414062
1771961305.4370747,5397,209.87466430664062
1771961309.056129,5398,244.05368041992188
1771961325.0896316,5399,250.77725219726562
1771961339.2266593,5400,212.31532287597656
1771961342.5850015,5401,153.38047790527344
1771961345.8841743,5402,177.95361328125
1771961346.3087456,5403,90.70866394042969
1771961346.4356885,5404,41.016204833984375
1771961349.1154728,5405,143.70289611816406
1771961354.559271,5406,283.3134460449219
1771961360.9341316,5407,222.93353271484375
1771961366.0811763,5408,226.5786895751953
1771961400.958832,5409,213.1214599609375
1771961478.0702758,5410,181.49887084960938
1771961481.395902,5411,236.11781311035156
1771961490.2010407,5412,219.07351684570312
1771961494.5001986,5413,196.2086944580078
1771961516.6920705,5414,238.66326904296875
1771961532.9261587,5415,225.11190795898438
1771961544.9294765,5416,195.5098114013672
1771961545.2912374,5417,107.150634765625
1771961553.5272522,5418,227.55235290527344
1771961581.527675,5419,223.0341796875
1771961590.2258806,5420,212.13868713378906
1771961606.74,5421,243.56016540527344
1771961612.511825,5422,199.16812133789062
1771961616.821092,5423,210.849365234375
1771961620.457779,5424,211.74557495117188
1771961644.084332,5425,179.87469482421875
1771961668.5866246,5426,222.71971130371094
1771961671.5672271,5427,328.27679443359375
1771961685.61031,5428,214.4362335205078
1771961704.9227173,5429,211.9599151611328
1771961708.1863058,5430,266.2960510253906
1771961743.2316787,5431,227.618896484375
1771961746.4809458,5432,177.3562469482422
1771961754.3968525,5433,152.12033081054688
1771961819.1311069,5434,225.43861389160156
1771961849.7926645,5435,211.02671813964844
1771961866.7729309,5436,211.2412109375
1771961894.7900257,5437,194.8510284423828
1771961924.0000067,5438,210.32188415527344
1771961927.2227726,5439,204.88751220703125
1771961930.4891384,5440,166.21835327148438
1771961935.2250626,5441,183.2000274658203
1771961938.6284914,5442,198.477294921875
1771961941.8567798,5443,251.14846801757812
1771961953.045792,5444,207.68394470214844
1771961956.161126,5445,217.84478759765625
1771961958.8787084,5446,287.5495910644531
1771961968.576722,5447,193.53343200683594
1771961995.9652736,5448,204.8952178955078
1771962004.574755,5449,189.89096069335938
1771962036.123674,5450,210.03482055664062
1771962040.0668318,5451,192.572021484375
1771962043.3904085,5452,181.8321533203125
1771962052.5540996,5453,218.85357666015625
1771962059.3179228,5454,251.41737365722656
1771962088.8200133,5455,237.06983947753906
1771962093.3002355,5456,213.09913635253906
1771962105.7100813,5457,219.3127899169922
1771962109.1455555,5458,228.57273864746094
1771962111.4164944,5459,330.0041198730469
1771962130.2562652,5460,221.4030303955078
1771962197.252919,5461,220.14614868164062
1771962209.2824354,5462,211.13258361816406
1771962220.0672677,5463,213.2293701171875
1771962241.9252675,5464,161.85533142089844
1771962252.4256659,5465,233.26675415039062
1771962267.5905497,5466,216.0709228515625
1771962271.186847,5467,166.62051391601562
1771962280.0240922,5468,222.1199493408203
1771962280.4896245,5469,86.6298599243164
1771962282.835508,5470,238.69476318359375
1771962302.0200458,5471,187.7220458984375
1771962316.1637049,5472,219.47276306152344
1771962324.69166,5473,235.99795532226562
1771962351.3134065,5474,236.01658630371094
1771962354.905176,5475,196.91358947753906
1771962377.2064085,5476,214.2036590576172
1771962396.066834,5477,181.0099334716797
1771962399.7098985,5478,228.14991760253906
1771962426.8179328,5479,211.63038635253906
1771962438.0825372,5480,216.0629425048828
1771962455.6954112,5481,198.531982421875
1771962459.901774,5482,254.30075073242188
1771962464.6140654,5483,187.95909118652344
1771962483.0393553,5484,228.4713897705078
1771962484.5710526,5485,201.63150024414062
1771962493.972294,5486,205.76881408691406
1771962513.794696,5487,222.45516967773438
1771962612.1536317,5488,216.533203125
1771962625.6188965,5489,240.0616912841797
1771962654.5059714,5490,174.11785888671875
1771962670.5119865,5491,201.6096954345703
1771962677.693564,5492,217.35226440429688
1771962681.532574,5493,154.35787963867188
1771962684.7306943,5494,145.63282775878906
1771962694.1723108,5495,238.36300659179688
1771962730.518138,5496,210.7391357421875
1771962738.0149162,5497,190.66307067871094
1771962741.2491949,5498,132.98426818847656
1771962745.0782888,5499,267.939208984375
1771962760.6926408,5500,250.87355041503906
1771962767.7456262,5501,252.76611328125
1771962783.76764,5502,208.23385620117188
1771962784.988041,5503,143.83799743652344
1771962789.7203968,5504,238.10243225097656
1771962791.8983119,5505,122.36953735351562
1771962810.9734104,5506,212.7369384765625
1771962826.267545,5507,219.55471801757812
1771962827.391477,5508,286.05242919921875
1771962837.428655,5509,236.57510375976562
1771962864.042121,5510,199.13755798339844
1771962880.505173,5511,189.68844604492188
1771962887.361211,5512,247.15187072753906
1771962899.394995,5513,202.48016357421875
1771962901.1862957,5514,161.16119384765625
1771962915.6792543,5515,180.0832061767578
1771962921.7503786,5516,270.001220703125
1771963033.3809366,5517,217.52154541015625
1771963043.6157362,5518,233.0146484375
1771963047.8190506,5519,232.2949981689453
1771963054.820998,5520,208.46205139160156
1771963068.4426417,5521,227.40863037109375
1771963076.2208338,5522,185.2790985107422
1771963091.299134,5523,187.3779296875
1771963096.0655499,5524,242.0794219970703
1771963096.8303952,5525,394.1638488769531
1771963127.1581786,5526,190.9850311279297
1771963134.6797016,5527,205.0821533203125
1771963140.2909606,5528,219.56436157226562
1771963146.6984205,5529,237.82518005371094
1771963157.4031231,5530,208.185302734375
1771963185.810435,5531,223.68368530273438
1771963191.0046508,5532,190.80960083007812
1771963191.163774,5533,32.22304153442383
1771963194.6878402,5534,160.03744506835938
1771963222.6107454,5535,179.14956665039062
1771963231.4156265,5536,160.06114196777344
1771963241.3109894,5537,191.84080505371094
1771963248.863171,5538,170.10226440429688
1771963259.6192904,5539,181.7208709716797
1771963273.9038417,5540,201.64073181152344
1771963287.252627,5541,241.77859497070312
1771963310.2606637,5542,201.33529663085938
1771963313.8919115,5543,202.64642333984375
1771963317.1794858,5544,240.3049774169922
1771963318.416248,5545,192.79295349121094
1771963321.7237477,5546,142.28067016601562
1771963332.869577,5547,252.82785034179688
1771963333.185857,5548,278.96136474609375
1771963359.8879917,5549,189.30184936523438
1771963452.2722244,5550,191.67164611816406
1771963476.8939595,5551,212.87779235839844
1771963505.4420235,5552,205.64846801757812
1771963509.7936997,5553,222.23863220214844
1771963509.9187534,5554,71.70240783691406
1771963510.0417848,5555,1337.896240234375
1771963527.5397487,5556,179.91343688964844
1771963530.868431,5557,187.95315551757812
1771963546.7411063,5558,211.21820068359375
1771963563.572145,5559,184.16822814941406
1771963573.1353247,5560,180.02870178222656
1771963579.396572,5561,193.04965209960938
1771963584.003354,5562,152.02247619628906
1771963617.8842394,5563,206.7662353515625
1771963618.3512423,5564,122.53965759277344
1771963625.1197312,5565,218.31085205078125
1771963648.8356268,5566,217.53094482421875
1771963659.1793754,5567,215.77809143066406
1771963669.9710178,5568,196.14527893066406
1771963693.0132751,5569,188.94741821289062
1771963696.3212018,5570,197.41506958007812
1771963724.6430612,5571,207.7379608154297
1771963726.0980086,5572,220.1539306640625
1771963726.3617704,5573,54.92768096923828
1771963736.1003256,5574,204.28533935546875
1771963739.3624258,5575,140.40904235839844
1771963862.3929222,5576,210.99490356445312
1771963891.3197255,5577,185.24562072753906
1771963904.4053047,5578,224.78004455566406
1771963909.4639614,5579,253.34324645996094
1771963931.9373055,5580,204.45230102539062
1771963939.0395331,5581,209.95919799804688
1771963944.9312704,5582,199.57894897460938
1771963964.7788985,5583,190.069091796875
1771963984.9797852,5584,264.5371398925781
1771963997.6877708,5585,213.5806121826172
1771964006.041147,5586,212.73085021972656
1771964028.0017877,5587,217.66552734375
1771964031.2597036,5588,204.91310119628906
1771964044.9553092,5589,199.2202606201172
1771964052.346603,5590,232.07752990722656
1771964070.722923,5591,207.64569091796875
1771964073.990122,5592,189.5689697265625
1771964081.5658743,5593,260.4541015625
1771964084.8528068,5594,145.50503540039062
1771964089.1575782,5595,240.2301483154297
1771964109.7152033,5596,177.37887573242188
1771964126.242405,5597,221.0126495361328
1771964129.5243394,5598,223.38739013671875
1771964155.2016296,5599,248.87628173828125
1771964280.440826,5600,174.64297485351562
1771964303.0907297,5601,218.216796875
1771964314.8347268,5602,213.73422241210938
1771964315.9684267,5603,162.0831298828125
1771964320.9759243,5604,191.12025451660156
1771964321.108653,5605,285.8880310058594
1771964336.4444659,5606,196.92703247070312
1771964339.7791846,5607,149.9300079345703
1771964345.8507273,5608,226.78604125976562
1771964358.3067749,5609,224.30081176757812
1771964372.2294254,5610,259.866943359375
1771964375.6514416,5611,315.8495788574219
1771964384.5731876,5612,240.30006408691406
1771964387.952555,5613,239.22975158691406
1771964393.049785,5614,292.62353515625
1771964395.4407573,5615,242.35922241210938
1771964407.289713,5616,213.2117919921875
1771964410.674865,5617,236.30484008789062
1771964416.130735,5618,134.93092346191406
1771964420.13124,5619,206.44911193847656
1771964422.5701742,5620,223.35145568847656
1771964425.904595,5621,147.63951110839844
1771964429.2101424,5622,165.1531524658203
1771964448.2535553,5623,189.04598999023438
1771964451.8428688,5624,156.27734375
1771964472.3953052,5625,187.2385711669922
1771964472.5333047,5626,73.37970733642578
1771964477.3470104,5627,165.14273071289062
1771964490.7861884,5628,171.751220703125
1771964494.202437,5629,245.45458984375
1771964500.158293,5630,242.6182098388672
1771964503.4140208,5631,142.80848693847656
1771964516.2930396,5632,243.59226989746094
1771964519.561514,5633,237.6484375
1771964534.5954008,5634,160.6324920654297
1771964548.2127886,5635,191.59312438964844
1771964558.235309,5636,176.16807556152344
1771964567.4020317,5637,164.57408142089844
1771964593.7526839,5638,206.2228240966797
1771964684.06748,5639,197.8935546875
1771964689.0595424,5640,222.39268493652344
1771964696.458309,5641,192.47988891601562
1771964697.1540203,5642,315.4814758300781
1771964700.8953676,5643,118.24695587158203
1771964708.2411342,5644,245.4340057373047
1771964709.526024,5645,224.11341857910156
1771964712.7700384,5646,231.42311096191406
1771964712.8945444,5647,27.120140075683594
1771964724.8197777,5648,185.09219360351562
1771964728.0844235,5649,197.1965789794922
1771964737.3462577,5650,214.6253204345703
1771964741.5563922,5651,125.08879089355469
1771964752.0312152,5652,176.2776336669922
1771964755.6820543,5653,190.9590606689453
1771964767.0717373,5654,202.50698852539062
1771964776.9912097,5655,177.27940368652344
1771964797.113243,5656,203.38763427734375
1771964802.203355,5657,218.19866943359375
1771964802.368168,5658,60.657615661621094
1771964806.005427,5659,287.01806640625
1771964809.2688808,5660,189.4298858642578
1771964820.4673822,5661,186.3809814453125
1771964841.501992,5662,217.39804077148438
1771964846.2580752,5663,208.7255096435547
1771964846.3906705,5664,269.29681396484375
1771964853.1856973,5665,229.57278442382812
1771964884.8006952,5666,233.6807403564453
1771964888.0172215,5667,199.4383544921875
1771964888.149742,5668,36.48137664794922
1771964889.6286736,5669,259.5177307128906
1771964900.3685944,5670,206.98703002929688
1771964903.6161056,5671,188.4168701171875
1771964906.9862146,5672,260.9625549316406
1771964908.1490593,5673,174.13693237304688
1771964919.2668025,5674,190.28280639648438
1771964954.5325413,5675,206.15240478515625
1771964966.789935,5676,212.7100372314453
1771964977.0090475,5677,194.16000366210938
1771964990.4209318,5678,175.97177124023438
1771965092.5156012,5679,222.18663024902344
1771965097.9400387,5680,173.4743194580078
1771965113.8548038,5681,199.91802978515625
1771965117.1861095,5682,160.89654541015625
1771965121.1484156,5683,194.87371826171875
1771965127.0702991,5684,226.06642150878906
1771965130.4316852,5685,201.06809997558594
1771965136.3311832,5686,179.4300994873047
1771965137.3986084,5687,321.68389892578125
1771965138.89799,5688,346.4761962890625
1771965163.7460275,5689,193.95338439941406
1771965176.1342902,5690,192.52426147460938
1771965192.3203926,5691,189.24014282226562
1771965195.7320154,5692,194.8900909423828
1771965218.9057803,5693,195.10943603515625
1771965223.1046953,5694,209.83889770507812
1771965235.4461284,5695,205.07858276367188
1771965244.3476143,5696,224.27981567382812
1771965269.3390706,5697,188.0223846435547
1771965269.4623404,5698,53.576171875
1771965278.3505595,5699,179.76776123046875
1771965298.2688284,5700,171.70298767089844
1771965318.7565684,5701,206.14129638671875
1771965322.043342,5702,187.00791931152344
1771965322.1684322,5703,120.04362487792969
1771965336.730545,5704,205.92320251464844
1771965337.1568503,5705,180.4418182373047
1771965338.1507463,5706,219.92189025878906
1771965361.7233343,5707,197.45582580566406
1771965378.8132112,5708,157.7296905517578
1771965398.2986026,5709,210.2838592529297
1771965411.0095608,5710,182.96603393554688
1771965542.7186532,5711,242.35350036621094
1771965546.0073533,5712,192.33279418945312
1771965565.2778442,5713,186.8846435546875
1771965574.6451888,5714,161.26861572265625
1771965593.630053,5715,190.5878143310547
1771965597.8275933,5716,187.34408569335938
1771965598.9710908,5717,191.3584442138672
1771965612.194092,5718,201.4616241455078
1771965635.9401824,5719,199.97988891601562
1771965652.8673434,5720,197.763671875
1771965662.5858831,5721,164.9923553466797
1771965676.7647717,5722,157.64991760253906
1771965683.1471486,5723,189.92071533203125
1771965692.198135,5724,173.45867919921875
1771965704.4040003,5725,178.3301544189453
1771965708.355176,5726,155.70179748535156
1771965711.658356,5727,156.1898651123047
1771965712.7648885,5728,199.17501831054688
1771965735.4337687,5729,194.42385864257812
1771965749.6303594,5730,171.18133544921875
1771965761.4155185,5731,172.5518035888672
1771965773.9568088,5732,197.48138427734375
1771965774.0818138,5733,40.268253326416016
1771965799.733763,5734,196.76788330078125
1771965814.6822422,5735,165.27850341796875
1771965827.1300695,5736,202.58984375
1771965847.6366377,5737,183.83938598632812
1771965948.7320085,5738,193.1571044921875
1771965948.857342,5739,270.5523681640625
1771965964.547306,5740,164.711181640625
1771965973.1815848,5741,230.90208435058594
1771965993.751336,5742,179.84674072265625
1771965997.4982698,5743,181.2431182861328
1771966026.774719,5744,180.2195281982422
1771966030.9176245,5745,193.67306518554688
1771966055.1660926,5746,169.2686309814453
1771966064.44511,5747,161.3636474609375
1771966068.0698342,5748,180.4833526611328
1771966071.4235713,5749,172.97518920898438
1771966083.364129,5750,183.8473358154297
1771966086.1470938,5751,136.84548950195312
1771966090.5555813,5752,146.99710083007812
1771966113.136418,5753,198.07020568847656
1771966139.4159193,5754,176.0764617919922
1771966147.901497,5755,163.86436462402344
1771966151.1936357,5756,196.92227172851562
1771966154.7364202,5757,224.75364685058594
1771966168.2192416,5758,181.07052612304688
1771966189.8162284,5759,170.20098876953125
1771966201.2371917,5760,166.21377563476562
1771966213.3317914,5761,171.25875854492188
1771966227.3493264,5762,175.75634765625
1771966234.7470062,5763,193.24208068847656
1771966364.724773,5764,165.9778289794922
1771966365.601201,5765,184.79010009765625
1771966365.7275336,5766,24.412960052490234
1771966369.0836105,5767,138.2977294921875
1771966380.174996,5768,188.3939666748047
1771966383.548693,5769,208.6139678955078
1771966402.6463602,5770,174.02841186523438
1771966407.3880913,5771,168.2096710205078
1771966442.865108,5772,185.3568572998047
1771966446.1955788,5773,132.0342254638672
1771966450.7474058,5774,181.6361541748047
1771966451.1423123,5775,80.5972900390625
1771966459.4505098,5776,163.32765197753906
1771966470.954565,5777,187.1396942138672
1771966480.918198,5778,182.80404663085938
1771966486.2414198,5779,269.7476806640625
1771966488.287254,5780,211.7482452392578
1771966504.0474186,5781,193.14443969726562
1771966508.7741394,5782,204.6779327392578
1771966512.799724,5783,155.01942443847656
1771966518.3419113,5784,146.07057189941406
1771966518.4712882,5785,20.24232292175293
1771966521.7517326,5786,131.79833984375
1771966525.0707827,5787,172.25108337402344
1771966531.1064076,5788,159.6236572265625
1771966570.0042896,5789,180.77259826660156
1771966577.0665824,5790,192.6544952392578
1771966577.2047575,5791,115.41654968261719
1771966587.9430997,5792,209.5684356689453
1771966599.710723,5793,171.41885375976562
1771966616.4777396,5794,176.40927124023438
1771966617.9040496,5795,194.94651794433594
1771966624.5742557,5796,196.67544555664062
1771966640.7517145,5797,174.5088348388672
1771966653.6797926,5798,180.48382568359375
1771966657.883052,5799,181.27581787109375
1771966775.0762048,5800,189.244140625
1771966775.2028244,5801,45.07273864746094
1771966787.1597755,5802,141.0151824951172
1771966805.270557,5803,157.54087829589844
1771966805.3977406,5804,16.461214065551758
1771966808.7017643,5805,136.4751739501953
1771966808.9546323,5806,51.67771530151367
1771966812.2738464,5807,181.931396484375
1771966815.546551,5808,194.5857696533203
1771966834.837038,5809,190.8983917236328
1771966838.025344,5810,167.6243133544922
1771966860.497002,5811,157.57398986816406
1771966863.5580552,5812,164.56552124023438
1771966866.8753507,5813,152.24502563476562
1771966891.9920733,5814,178.61500549316406
1771966901.297132,5815,154.0274200439453
1771966903.8875482,5816,142.08047485351562
1771966907.1993709,5817,169.9674835205078
1771966919.3510559,5818,145.5865936279297
1771966922.5869448,5819,128.17642211914062
1771966940.0429244,5820,180.94088745117188
1771966943.5351763,5821,114.2327651977539
1771966964.518783,5822,154.88241577148438
1771966980.9312131,5823,182.22293090820312
1771966981.057624,5824,33.73183822631836
1771966982.8322468,5825,228.54798889160156
1771967007.3852093,5826,170.74131774902344
1771967012.178064,5827,122.36952209472656
1771967018.7442646,5828,197.52182006835938
1771967040.330431,5829,161.21730041503906
1771967040.4703736,5830,30.00096893310547
1771967057.1450756,5831,159.93844604492188
1771967060.5073311,5832,175.20774841308594
1771967075.6456144,5833,178.25523376464844
1771967180.3941197,5834,131.7465362548828
1771967183.635551,5835,196.00106811523438
1771967191.8362193,5836,166.2356719970703
1771967195.1421852,5837,166.52464294433594
1771967197.827544,5838,117.88980865478516
1771967219.0496469,5839,148.2736053466797
1771967224.3622973,5840,202.52374267578125
1771967241.1073334,5841,162.62112426757812
1771967245.9506161,5842,136.00927734375
1771967257.2679694,5843,179.3633575439453
1771967262.32841,5844,181.00088500976562
1771967267.3323627,5845,161.83966064453125
1771967267.4581602,5846,174.43914794921875
1771967276.5701516,5847,161.99571228027344
1771967277.2096927,5848,146.7340087890625
1771967277.334805,5849,58.19642639160156
1771967287.072684,5850,176.41700744628906
1771967295.6905801,5851,159.01658630371094
1771967302.295219,5852,153.38375854492188
1771967302.7704241,5853,298.87841796875
1771967315.6084647,5854,163.72103881835938
1771967330.6281133,5855,151.4590606689453
1771967334.8859038,5856,187.50941467285156
1771967340.592443,5857,185.03273010253906
1771967344.8222091,5858,178.50845336914062
1771967362.076714,5859,156.17111206054688
1771967368.628717,5860,160.39129638671875
1771967386.397996,5861,131.6580047607422
1771967404.7362354,5862,184.03070068359375
1771967437.4272304,5863,175.36019897460938
1771967454.870039,5864,175.788818359375
1771967459.2474785,5865,133.79420471191406
1771967462.4834244,5866,117.82044982910156
1771967472.7521532,5867,158.84124755859375
1771967485.3126442,5868,157.59481811523438
1771967512.4200392,5869,168.88388061523438
1771967601.8186615,5870,143.70620727539062
1771967610.3964095,5871,169.29339599609375
1771967625.4882047,5872,142.62481689453125
1771967635.041916,5873,198.5860137939453
1771967647.1896753,5874,149.56991577148438
1771967673.6220558,5875,163.16090393066406
1771967673.749233,5876,44.080257415771484
1771967678.6814172,5877,173.6823272705078
1771967687.8466973,5878,137.49810791015625
1771967691.1093645,5879,140.0673370361328
1771967694.2747612,5880,168.8459930419922
1771967694.3978093,5881,34.514678955078125
1771967698.8394253,5882,159.38241577148438
1771967702.098887,5883,148.3604278564453
1771967710.793447,5884,149.6286163330078
1771967715.442269,5885,103.74726867675781
1771967743.40886,5886,171.98587036132812
1771967773.5261314,5887,158.6274871826172
1771967790.2462747,5888,156.37734985351562
1771967815.8310208,5889,167.55752563476562
1771967831.1999612,5890,167.10067749023438
1771967834.489048,5891,127.14141845703125
1771967876.4852688,5892,141.71405029296875
1771967896.185016,5893,141.42037963867188
1771968033.469538,5894,138.5192108154297
1771968033.5947442,5895,18.402793884277344
1771968056.0229752,5896,140.8097686767578
1771968072.6276665,5897,166.51446533203125
1771968075.8891425,5898,117.35371398925781
1771968095.3160791,5899,147.720458984375
1771968102.1375422,5900,139.49505615234375
1771968105.8414018,5901,156.87875366210938
1771968124.8145492,5902,164.936767578125
1771968128.059679,5903,120.85794830322266
1771968131.350573,5904,182.4794464111328
1771968168.2528083,5905,151.92337036132812
1771968182.738852,5906,177.5000762939453
1771968196.1905377,5907,151.35382080078125
1771968216.862782,5908,165.90423583984375
1771968231.05817,5909,156.57186889648438
1771968236.8206382,5910,159.6748809814453
1771968236.9502375,5911,38.942283630371094
1771968239.3059275,5912,156.80755615234375
1771968239.4453304,5913,175.4918975830078
1771968248.5715241,5914,151.34117126464844
1771968249.3484561,5915,186.52821350097656
1771968253.151399,5916,134.34439086914062
1771968254.8318775,5917,185.5516815185547
1771968256.188613,5918,116.8792724609375
1771968266.3944333,5919,162.5960235595703
1771968269.6664402,5920,110.72872161865234
1771968284.7649527,5921,136.7275848388672
1771968303.3869126,5922,137.76646423339844
1771968327.6713622,5923,141.23046875
1771968482.8202724,5924,140.9805450439453
1771968486.2116652,5925,109.81160736083984
1771968508.9958968,5926,156.65733337402344
1771968512.350629,5927,161.8870849609375
1771968519.1980023,5928,150.97801208496094
1771968530.141464,5929,106.54947662353516
1771968533.4388132,5930,157.34539794921875
1771968535.9701002,5931,157.39732360839844
1771968546.9097958,5932,157.92135620117188
1771968555.7771711,5933,161.34002685546875
1771968561.268731,5934,149.6371612548828
1771968563.965505,5935,159.19358825683594
1771968568.084032,5936,145.1801300048828
1771968589.3638122,5937,137.57518005371094
1771968593.37051,5938,188.708984375
1771968613.5531502,5939,135.79901123046875
1771968619.2271314,5940,154.60125732421875
1771968622.5126922,5941,257.83758544921875
1771968647.8299587,5942,164.89013671875
1771968653.0156982,5943,187.851806640625
1771968671.0726087,5944,163.05714416503906
1771968683.2964199,5945,131.1287841796875
1771968692.5176117,5946,141.5758819580078
1771968704.739807,5947,163.31683349609375
1771968704.8649697,5948,28.821413040161133
1771968704.9906192,5949,45.05155944824219
1771968718.4906688,5950,137.440185546875
1771968720.9979463,5951,95.71109008789062
1771968722.6078367,5952,142.24154663085938
1771968722.7421927,5953,99.45211791992188
1771968740.4126122,5954,138.05029296875
1771968743.2385342,5955,163.96629333496094
1771968749.3400936,5956,129.0404510498047
1771968752.650583,5957,116.85538482666016
1771968766.6490133,5958,159.5983123779297
1771968781.3218036,5959,152.4049072265625
1771968781.4624972,5960,50.065452575683594
1771968787.4412334,5961,145.831787109375
1771968790.774501,5962,168.47572326660156
1771968795.415549,5963,163.2471923828125
1771968895.4518468,5964,146.34629821777344
1771968907.728869,5965,147.5026397705078
1771968917.184149,5966,134.05650329589844
1771968942.783219,5967,141.61947631835938
1771968946.053185,5968,91.1502914428711
1771968969.8523688,5969,141.3523712158203
1771968972.083842,5970,151.78001403808594
1771968986.6767554,5971,156.77078247070312
1771969006.1936607,5972,152.90255737304688
1771969013.5019095,5973,122.55624389648438
1771969020.765072,5974,127.00079345703125
1771969051.739902,5975,117.43378448486328
1771969056.450654,5976,157.92474365234375
1771969056.5754092,5977,50.079864501953125
1771969059.5035155,5978,105.72640991210938
1771969070.7687945,5979,145.21913146972656
1771969075.1709456,5980,144.71873474121094
1771969086.527699,5981,119.92100524902344
1771969103.9870741,5982,132.98257446289062
1771969129.0823915,5983,147.6970672607422
1771969129.2445812,5984,25.517982482910156
1771969138.2425,5985,138.77450561523438
1771969138.3682268,5986,199.99896240234375
1771969158.551411,5987,155.61227416992188
1771969187.003188,5988,134.62863159179688
1771969196.4494402,5989,105.3615493774414
1771969219.3323088,5990,122.07927703857422
1771969287.3152442,5991,73.98247528076172
1771969291.3499894,5992,110.81732177734375
1771969299.329462,5993,133.52574157714844
1771969302.6514401,5994,198.19387817382812
1771969307.4855514,5995,119.10946655273438
1771969319.824069,5996,107.89305877685547
1771969330.0175097,5997,154.51162719726562
1771969333.3111455,5998,81.97270965576172
1771969345.2216008,5999,128.7056884765625
1771969345.5335739,6000,86.35478973388672
1771969359.5185037,6001,131.5320281982422
1771969377.7252786,6002,133.3015594482422
1771969398.9690578,6003,125.30338287353516
1771969410.3247943,6004,119.38921356201172
1771969413.619563,6005,149.14187622070312
1771969419.3115993,6006,104.10438537597656
1771969424.5030508,6007,82.45079040527344
1771969436.7258875,6008,139.09713745117188
1771969451.3129103,6009,161.62843322753906
1771969454.6545453,6010,105.40298461914062
1771969461.2862093,6011,157.53634643554688
1771969472.2766392,6012,117.03419494628906
1771969479.2644227,6013,140.8329315185547
1771969497.0466106,6014,116.4308090209961
1771969503.1631808,6015,150.17489624023438
1771969509.8557985,6016,121.84876251220703
1771969513.1547773,6017,99.34877014160156
1771969519.587614,6018,116.4917221069336
1771969532.4730132,6019,156.5155487060547
1771969540.8387783,6020,137.03720092773438
1771969556.1281974,6021,124.72889709472656
1771969558.6420636,6022,163.3537139892578
1771969573.3637536,6023,124.17440795898438
1771969582.5964956,6024,116.52539825439453
1771969591.6696517,6025,125.45600891113281
1771969640.245852,6026,29.66444206237793
1771969663.0665045,6027,134.03009033203125
1771969681.59921,6028,127.92884063720703
1771969688.3455575,6029,95.52818298339844
1771969691.951054,6030,121.59809112548828
1771969697.6484513,6031,175.2703857421875
1771969719.6417103,6032,121.4361343383789
1771969724.4330516,6033,111.15438079833984
1771969747.1627204,6034,129.13877868652344
1771969751.5157533,6035,124.82865142822266
1771969762.634485,6036,123.29545593261719
1771969773.0305583,6037,126.37749481201172
1771969780.1561968,6038,103.26168823242188
1771969789.5527563,6039,112.27236938476562
1771969789.9303184,6040,84.14727783203125
1771969798.7957983,6041,108.893798828125
1771969808.2222042,6042,127.39999389648438
1771969819.2674425,6043,114.12162017822266
1771969850.560924,6044,118.23649597167969
1771969867.2228482,6045,139.07333374023438
1771969870.4791484,6046,99.09650421142578
1771969871.8689358,6047,132.14419555664062
1771969876.852279,6048,156.464599609375
1771969880.1809132,6049,147.20355224609375
1771969895.1611528,6050,138.99009704589844
1771969903.2216191,6051,140.60824584960938
1771969908.018384,6052,122.9938735961914
1771969921.659254,6053,125.3896255493164
1771969922.9480863,6054,113.96414947509766
1771969939.8734589,6055,108.31478881835938
1771969944.1166208,6056,76.09147644042969
1771969950.4304712,6057,115.35739135742188
1771969967.6005795,6058,148.0414581298828
1771970040.3440676,6059,159.36463928222656
1771970054.13705,6060,110.05093383789062
1771970073.6744962,6061,116.43376159667969
1771970079.9411497,6062,104.50731658935547
1771970095.9418845,6063,124.01927947998047
1771970115.0147092,6064,139.34580993652344
1771970118.4253752,6065,99.78034210205078
1771970123.518788,6066,87.87618255615234
1771970148.283793,6067,127.37449645996094
1771970161.3749473,6068,108.8603286743164
1771970176.3834434,6069,131.2177734375
1771970215.4563856,6070,135.97006225585938
1771970234.3027909,6071,102.72569274902344
1771970258.6820428,6072,125.20559692382812
1771970258.8072772,6073,184.67678833007812
1771970267.139789,6074,117.7324447631836
1771970272.252126,6075,107.91510772705078
1771970273.987438,6076,99.62020111083984
1771970278.4644835,6077,115.71736145019531
1771970282.909909,6078,141.19366455078125
1771970283.6095974,6079,233.4086456298828
1771970290.457032,6080,129.58851623535156
1771970293.1450431,6081,123.89215087890625
1771970296.416363,6082,147.44546508789062
1771970301.9482505,6083,126.59201049804688
1771970313.8528197,6084,129.96067810058594
1771970330.7526677,6085,137.74005126953125
1771970346.424483,6086,128.76046752929688
1771970450.4005046,6087,89.50299835205078
1771970466.6336448,6088,142.4989776611328
1771970493.1729662,6089,101.59212493896484
1771970498.3987095,6090,128.1666717529297
1771970505.7543862,6091,123.44599151611328
1771970513.0758073,6092,128.06085205078125
1771970528.9450178,6093,120.0499496459961
1771970534.5120888,6094,104.55567932128906
1771970534.6461637,6095,44.24317169189453
1771970542.7052648,6096,120.57376861572266
1771970576.3731236,6097,126.35828399658203
1771970583.059901,6098,160.03428649902344
1771970586.28311,6099,131.301513671875
1771970589.5872588,6100,130.6185760498047
1771970611.0421789,6101,105.74868774414062
1771970628.3994782,6102,114.92527770996094
1771970629.1853554,6103,180.81695556640625
1771970640.932895,6104,111.97967529296875
1771970652.6347585,6105,112.42658233642578
1771970655.8920333,6106,118.61238098144531
1771970662.723449,6107,95.4584732055664
1771970665.9780016,6108,124.42737579345703
1771970698.4742112,6109,116.34337615966797
1771970710.0804088,6110,144.08941650390625
1771970741.6840043,6111,105.40503692626953
1771970744.965468,6112,151.88433837890625
1771970781.5839312,6113,129.1449737548828
1771970949.7636642,6114,128.25
1771970953.5909972,6115,106.95347595214844
1771970958.4973297,6116,163.43540954589844
1771970972.3738353,6117,142.41195678710938
1771970975.1418152,6118,81.83898162841797
1771970976.1277573,6119,96.56139373779297
1771970984.6068661,6120,114.23133087158203
1771970985.9420416,6121,57.909488677978516
1771970991.412037,6122,93.28684997558594
1771970998.9708645,6123,99.17635345458984
1771971018.4616034,6124,92.37567901611328
1771971030.39424,6125,125.40580749511719
1771971034.3328798,6126,93.60621643066406
1771971037.5724409,6127,140.49606323242188
1771971047.2575815,6128,122.87776184082031
1771971068.4327362,6129,90.77051544189453
1771971075.3588216,6130,128.54151916503906
1771971096.3041112,6131,109.91364288330078
1771971123.5856075,6132,108.40575408935547
1771971126.9109738,6133,104.07666778564453
1771971128.432329,6134,79.89812469482422
1771971135.4433846,6135,99.83124542236328
1771971142.4866943,6136,100.64408111572266
1771971148.7144952,6137,107.22836303710938
1771971158.3986564,6138,116.90312194824219
1771971166.5061529,6139,115.93836212158203
1771971170.5514526,6140,151.12010192871094
1771971176.6278756,6141,120.33641815185547
1771971195.225433,6142,114.28185272216797
1771971195.3539295,6143,19.46169662475586
1771971217.0566134,6144,115.4738540649414
1771971244.849043,6145,107.0107650756836
1771971345.5407214,6146,124.0030288696289
1771971356.0205061,6147,107.98664855957031
1771971384.7599602,6148,112.09781646728516
1771971393.6108265,6149,117.08432006835938
1771971395.2586677,6150,109.95578002929688
1771971398.5960155,6151,196.76858520507812
1771971423.637538,6152,92.80628204345703
1771971451.0338879,6153,102.5208511352539
1771971457.1214795,6154,96.64324951171875
1771971457.816351,6155,28.074939727783203
1771971461.149975,6156,124.35027313232422
1771971468.9195776,6157,113.29781341552734
1771971483.5802293,6158,105.94634246826172
1771971490.0014222,6159,141.67750549316406
1771971496.3229158,6160,110.95775604248047
1771971528.3179622,6161,112.98657989501953
1771971556.3949122,6162,118.28260040283203
1771971556.53559,6163,154.40090942382812
1771971561.3794458,6164,112.63787841796875
1771971561.5051942,6165,95.68113708496094
1771971564.7209873,6166,153.41323852539062
1771971570.5803888,6167,142.36883544921875
1771971576.6355357,6168,131.0724639892578
1771971590.8188133,6169,107.6944580078125
1771971600.0039034,6170,109.4987564086914
1771971616.037045,6171,99.51238250732422
1771971624.5737524,6172,131.5909881591797
1771971642.3527193,6173,115.83602142333984
1771971648.2710369,6174,122.05801391601562
1771971715.057882,6175,129.46658325195312
1771971724.9478602,6176,114.49565887451172
1771971725.1411908,6177,81.55879974365234
1771971732.7246132,6178,92.57010650634766
1771971732.852184,6179,30.976144790649414
1771971732.981891,6180,852.19091796875
1771971739.7265995,6181,115.25536346435547
1771971743.0378325,6182,135.27206420898438
1771971749.7469356,6183,106.17464447021484
1771971749.8773146,6184,19.825458526611328
1771971765.075535,6185,110.33916473388672
1771971785.88683,6186,116.0834732055664
1771971804.1151161,6187,109.75123596191406
1771971821.5024114,6188,119.72223663330078
1771971825.6887648,6189,107.57096099853516
1771971829.73313,6190,74.29151916503906
1771971832.1232395,6191,107.87036895751953
1771971863.7785807,6192,106.3530044555664
1771971869.2809174,6193,80.84866333007812
1771971874.1327488,6194,99.43431854248047
1771971891.7898624,6195,110.24394226074219
1771971900.7072527,6196,95.58929443359375
1771971912.7028594,6197,110.34725952148438
1771971917.1690252,6198,79.52685546875
1771971924.1595132,6199,123.29940032958984
1771971937.9125874,6200,123.24340057373047
1771971965.023835,6201,102.90180969238281
1771971974.066887,6202,121.78666687011719
1771971977.1503007,6203,61.33021545410156
1771971980.7519188,6204,111.74568939208984
1771971986.6078823,6205,76.89838409423828
1771971986.7431202,6206,13.897808074951172
1771972009.185993,6207,109.32128143310547
1771972010.4508495,6208,135.95709228515625
1771972028.6824498,6209,95.96883392333984
1771972099.1332793,6210,32.487632751464844
1771972109.7445192,6211,107.77299499511719
1771972116.8208954,6212,111.73018646240234
1771972141.21212,6213,105.3694839477539
1771972145.2912652,6214,109.41937255859375
1771972146.1682217,6215,85.83817291259766
1771972150.6757529,6216,112.49484252929688
1771972150.8087864,6217,38.92820358276367
1771972150.9347453,6218,32.18382263183594
1771972162.8728917,6219,133.69879150390625
1771972188.6091957,6220,115.11180877685547
1771972191.8723438,6221,112.41146087646484
1771972199.2032855,6222,111.61317443847656
1771972218.427325,6223,106.60337829589844
1771972244.987963,6224,102.44681549072266
1771972270.1801305,6225,105.19793701171875
1771972292.1165588,6226,90.58229064941406
1771972302.8504422,6227,98.07188415527344
1771972316.25418,6228,92.49015045166016
1771972327.133104,6229,70.75752258300781
1771972328.7380755,6230,82.44705963134766
1771972353.2162101,6231,101.39940643310547
1771972361.5866745,6232,89.41462707519531
1771972383.3811278,6233,105.40196990966797
1771972404.9901748,6234,113.79973602294922
1771972409.0263731,6235,80.78482818603516
1771972425.7308848,6236,97.35247039794922
1771972559.0891573,6237,72.09772491455078
1771972572.3529477,6238,93.75897979736328
1771972579.1372814,6239,119.40321350097656
1771972582.6769178,6240,117.31539916992188
1771972586.8183904,6241,108.40699768066406
1771972592.8984094,6242,81.02424621582031
1771972607.3660638,6243,115.58074951171875
1771972614.6311114,6244,90.0522689819336
1771972619.516792,6245,98.78721618652344
1771972635.6396797,6246,113.42880249023438
1771972642.6236255,6247,100.08674621582031
1771972662.608915,6248,94.86832427978516
1771972664.7134438,6249,82.56391143798828
1771972664.855297,6250,17.75787925720215
1771972674.7777221,6251,85.92202758789062
1771972678.085762,6252,96.37290954589844
1771972694.974879,6253,85.57120513916016
1771972738.2610893,6254,124.06937408447266
1771972744.6068106,6255,89.51287078857422
1771972748.6709828,6256,112.58021545410156
1771972752.985249,6257,140.8475799560547
1771972756.2858586,6258,114.52300262451172
1771972782.7682438,6259,93.71282196044922
1771972812.1214874,6260,102.17720031738281
1771972815.465979,6261,71.9171371459961
1771972815.8060482,6262,44.46304702758789
1771972837.9134743,6263,97.3338623046875
1771972852.7046444,6264,91.84083557128906
1771972858.1327918,6265,130.07383728027344
1771972863.2519715,6266,115.32054901123047
1771972982.6446126,6267,103.80472564697266
1771973004.5034134,6268,83.88849639892578
1771973010.964354,6269,104.68476104736328
1771973016.7682405,6270,90.13360595703125
1771973024.9778767,6271,56.356319427490234
1771973049.8804717,6272,102.9813461303711
1771973053.1862702,6273,75.67034912109375
1771973053.7797918,6274,120.7983627319336
1771973056.9929805,6275,117.60783386230469
1771973060.5977013,6276,116.2065200805664
1771973063.8898501,6277,145.10145568847656
1771973075.6348424,6278,91.85250091552734
1771973076.3547657,6279,176.9036865234375
1771973079.000962,6280,84.78546142578125
1771973082.3299744,6281,75.37075805664062
1771973086.0342746,6282,102.81008911132812
1771973098.7491515,6283,87.61641693115234
1771973121.5099719,6284,94.61632537841797
1771973128.41676,6285,81.86866760253906
1771973136.990143,6286,106.7830581665039
1771973140.3118932,6287,89.7010726928711
1771973155.721461,6288,94.9078140258789
1771973163.3006442,6289,112.52210235595703
1771973174.949515,6290,111.96862030029297
1771973177.4378657,6291,116.8194580078125
1771973196.4681425,6292,86.94815826416016
1771973197.4742842,6293,70.50224304199219
1771973197.5981107,6294,97.75596618652344
1771973248.3066103,6295,90.90403747558594
1771973252.4037015,6296,57.90620040893555
1771973255.7555485,6297,70.2127456665039
1771973260.3545961,6298,83.39543151855469
1771973262.370793,6299,113.17261505126953
1771973275.582,6300,83.39905548095703
1771973389.5705504,6301,70.86576843261719
1771973395.4796143,6302,76.351806640625
1771973398.8271663,6303,103.80496978759766
1771973423.0695019,6304,108.68789672851562
1771973448.7061408,6305,95.27261352539062
1771973452.0629888,6306,77.57781219482422
1771973452.3137445,6307,129.377685546875
1771973457.695726,6308,80.44778442382812
1771973462.2954652,6309,77.31973266601562
1771973476.1819603,6310,70.95805358886719
1771973478.6920223,6311,87.55805969238281
1771973478.817313,6312,33.490196228027344
1771973485.2863667,6313,84.33057403564453
1771973486.1675057,6314,93.18109130859375
1771973486.2950425,6315,51.595458984375
1771973503.2500997,6316,99.68795013427734
1771973533.8485546,6317,85.25064849853516
1771973537.9994407,6318,127.94532012939453
1771973539.7978458,6319,62.068668365478516
1771973545.6620212,6320,100.9990463256836
1771973550.2820144,6321,127.43032836914062
1771973559.3762364,6322,105.99346160888672
1771973562.693281,6323,119.19438934326172
1771973569.6371455,6324,82.28299713134766
1771973573.027089,6325,70.29462432861328
1771973593.4330401,6326,84.75142669677734
1771973614.01228,6327,107.8241195678711
1771973624.3534179,6328,113.20366668701172
1771973627.5794322,6329,166.1795196533203
1771973640.1202796,6330,75.11495208740234
1771973642.0040424,6331,93.94139862060547
1771973647.001572,6332,98.3501968383789
1771973661.089309,6333,85.55892944335938
1771973664.5984714,6334,65.27896881103516
1771973665.4608905,6335,62.70899200439453
1771973679.5175464,6336,109.72872161865234
1771973682.7887995,6337,73.10009002685547
1771973682.9142256,6338,18.638574600219727
1771973687.3241065,6339,83.36172485351562
1771973707.151726,6340,97.31717681884766
1771973872.9980404,6341,81.63609313964844
1771973873.1218612,6342,546.1115112304688
1771973882.1538556,6343,78.82238006591797
1771973891.882719,6344,117.41017150878906
1771973914.6224241,6345,85.87311553955078
1771973924.2590072,6346,68.61248016357422
1771973931.4105968,6347,97.7019271850586
1771973940.6582005,6348,86.90876007080078
1771973945.3616295,6349,79.52053833007812
1771973947.9343035,6350,86.64671325683594
1771973961.4565163,6351,85.10317993164062
1771973969.7642298,6352,83.00772094726562
1771973969.8900743,6353,137.8933563232422
1771973990.3983998,6354,93.93364715576172
1771973990.5304847,6355,41.56768798828125
1771974008.35406,6356,82.56868743896484
1771974021.0619698,6357,94.60640716552734
1771974024.3769157,6358,97.24072265625
1771974024.503149,6359,41.737770080566406
1771974038.8497136,6360,95.17960357666016
1771974045.9035614,6361,88.60839080810547
1771974051.1716359,6362,91.96304321289062
1771974075.70643,6363,90.68570709228516
1771974087.0826318,6364,91.5911636352539
1771974099.960337,6365,70.0468978881836
1771974103.9331582,6366,76.68216705322266
1771974120.5304472,6367,83.06710052490234
1771974139.2615852,6368,89.61573028564453
1771974148.6238942,6369,76.91676330566406
1771974156.913829,6370,94.84264373779297
1771974158.708827,6371,63.76908493041992
1771974160.3418453,6372,44.888553619384766
1771974167.9357443,6373,118.18675994873047
1771974171.3075588,6374,79.53680419921875
1771974194.963333,6375,82.95808410644531
1771974303.3336992,6376,83.46438598632812
1771974324.7605052,6377,90.24971771240234
1771974340.2763634,6378,85.5132827758789
1771974340.406702,6379,41.25365447998047
1771974376.1387312,6380,86.18682861328125
1771974394.1789992,6381,79.87660217285156
1771974394.304484,6382,62.714088439941406
1771974418.4354367,6383,101.09268951416016
1771974421.7861452,6384,95.61099243164062
1771974425.6685755,6385,97.76459503173828
1771974440.7044477,6386,93.32959747314453
1771974463.99878,6387,77.25296020507812
1771974478.546386,6388,92.010986328125
1771974492.7297013,6389,68.8740463256836
1771974494.9270325,6390,74.23365020751953
1771974524.3801167,6391,77.64169311523438
1771974527.675664,6392,79.81527709960938
1771974546.309412,6393,85.46658325195312
1771974551.0966804,6394,76.7833480834961
1771974553.807557,6395,86.26005554199219
1771974566.3931053,6396,90.8383560180664
1771974574.8093925,6397,85.61567687988281
1771974580.8570833,6398,79.03453063964844
1771974604.4005773,6399,82.7141342163086
1771974684.0805416,6400,112.63047790527344
1771974684.2130141,6401,328.59600830078125
1771974698.3369894,6402,93.67520141601562
1771974701.6951525,6403,61.1009521484375
1771974715.937062,6404,87.83576965332031
1771974745.583734,6405,85.72522735595703
1771974761.2746103,6406,91.00262451171875
1771974769.301272,6407,105.09590911865234
1771974782.5169873,6408,74.50885772705078
1771974798.769998,6409,86.78241729736328
1771974801.318055,6410,73.55594635009766
1771974806.9126737,6411,79.01985168457031
1771974807.4221747,6412,27.38005828857422
1771974808.1213408,6413,38.2032356262207
1771974810.479895,6414,68.5439682006836
1771974829.7245877,6415,95.15855407714844
1771974829.8499575,6416,25.329082489013672
1771974830.7368395,6417,133.88784790039062
1771974855.4835858,6418,89.28042602539062
1771974855.6084733,6419,20.964599609375
1771974865.5561056,6420,82.1576919555664
1771974869.8585896,6421,111.91728973388672
1771974885.3290122,6422,105.30470275878906
1771974897.008751,6423,80.91629791259766
1771974917.0228243,6424,78.84027862548828
1771974917.336164,6425,36.376407623291016
1771974919.0738335,6426,55.557857513427734
1771974947.4125006,6427,85.50485229492188
1771974954.9374413,6428,90.09319305419922
1771974958.2431226,6429,66.55001831054688
1771974984.4901032,6430,83.26470947265625
1771974986.9641726,6431,99.69126892089844
1771975004.3722632,6432,88.66777038574219
1771975104.1809468,6433,60.80464172363281
1771975106.6888328,6434,139.13070678710938
1771975113.812716,6435,96.56997680664062
1771975116.0681264,6436,58.235084533691406
1771975128.380173,6437,79.59235382080078
1771975147.4491277,6438,77.1159439086914
1771975165.4618866,6439,103.29077911376953
1771975169.8204892,6440,147.91329956054688
1771975173.2055624,6441,51.90080261230469
1771975190.6439176,6442,88.74311828613281
1771975190.7757077,6443,287.40118408203125
1771975194.1431417,6444,82.57325744628906
1771975199.5104203,6445,61.977848052978516
1771975219.2102911,6446,84.99365234375
1771975232.9916887,6447,76.35313415527344
1771975242.4900367,6448,82.37788391113281
1771975247.9399576,6449,57.64364242553711
1771975249.343819,6450,69.8763198852539
1771975264.3382146,6451,94.8231430053711
1771975286.2262049,6452,93.64410400390625
1771975289.518508,6453,99.35430145263672
1771975297.120758,6454,88.66514587402344
1771975303.0971305,6455,71.12902069091797
1771975326.9693692,6456,89.31548309326172
1771975357.2137601,6457,82.57322692871094
1771975361.8840861,6458,81.99391174316406
1771975362.0089517,6459,18.573814392089844
1771975362.428483,6460,66.58721923828125
1771975371.1250715,6461,119.95744323730469
1771975398.2294848,6462,94.17512512207031
1771975401.1183436,6463,108.72382354736328
1771975405.7815375,6464,60.35088348388672
1771975426.7212112,6465,80.04325866699219
1771975485.9144974,6466,95.68294525146484
1771975500.628352,6467,84.82415008544922
1771975520.3133616,6468,68.1383285522461
1771975532.528659,6469,94.24250030517578
1771975544.707409,6470,69.55777740478516
1771975557.7119546,6471,71.26028442382812
1771975558.213124,6472,90.94728088378906
1771975561.583699,6473,92.47233581542969
1771975561.7185166,6474,20.273418426513672
1771975565.0918305,6475,59.09823989868164
1771975567.4338868,6476,80.11013793945312
1771975571.7697682,6477,88.87068939208984
1771975578.0367644,6478,84.3459701538086
1771975582.1477249,6479,86.02432250976562
1771975598.2234726,6480,80.44145202636719
1771975603.4774408,6481,65.31768035888672
1771975606.0335004,6482,110.87832641601562
1771975612.2829442,6483,86.22261810302734
1771975625.8399365,6484,85.3070297241211
1771975661.0259743,6485,87.1159896850586
1771975677.631712,6486,80.7818374633789
1771975688.307537,6487,75.27755737304688
1771975691.264057,6488,110.38601684570312
1771975696.1111646,6489,76.68976593017578
1771975701.6544163,6490,56.987159729003906
1771975707.4157608,6491,62.873382568359375
1771975711.1211557,6492,67.77767944335938
1771975711.2520504,6493,52.141571044921875
1771975725.4658215,6494,92.6781005859375
1771975732.8471072,6495,86.07911682128906
1771975743.9938803,6496,97.71166229248047
1771975755.9285975,6497,69.47692108154297
1771975760.2090473,6498,84.74508666992188
1771975762.513549,6499,73.37870025634766
1771975762.646297,6500,23.477092742919922
1771975762.8369474,6501,41.72977828979492
1771975792.3100138,6502,83.25469970703125
1771975851.5348992,6503,70.28360748291016
1771975854.8173525,6504,129.9861602783203
1771975869.661313,6505,87.9203109741211
1771975869.7897475,6506,19.428874969482422
1771975873.0487726,6507,66.93411254882812
1771975878.5930588,6508,57.735321044921875
1771975885.785463,6509,72.57903289794922
1771975886.6199026,6510,62.95380783081055
1771975895.3893118,6511,62.392669677734375
1771975899.5200732,6512,72.40965270996094
1771975901.0499203,6513,47.6878547668457
1771975917.9804058,6514,84.45918273925781
1771975922.3977177,6515,89.00145721435547
1771975928.5052722,6516,83.6117935180664
1771975931.8432977,6517,118.22956848144531
1771975932.9240131,6518,132.32565307617188
1771975947.8566756,6519,109.8978271484375
1771975949.711437,6520,96.44544219970703
1771975956.738127,6521,77.31175994873047
1771975960.0482583,6522,52.83551788330078
1771975993.8761559,6523,85.16893768310547
1771975994.448356,6524,117.12225341796875
1771976003.991768,6525,111.92266082763672
1771976020.9027755,6526,82.0113525390625
1771976040.258128,6527,79.50691223144531
1771976055.6710467,6528,84.92821502685547
1771976057.3422616,6529,70.72879028320312
1771976073.1163766,6530,88.55642700195312
1771976086.5808887,6531,84.30010986328125
1771976089.4054365,6532,114.10731506347656
1771976099.4854531,6533,82.39875793457031
1771976103.3181033,6534,91.86869812011719
1771976105.6499512,6535,92.34898376464844
1771976106.1658988,6536,29.601289749145508
1771976119.219738,6537,73.22948455810547
1771976125.1402795,6538,108.33163452148438
1771976141.3404431,6539,108.37095642089844
1771976147.4198902,6540,76.64335632324219
1771976152.9178746,6541,73.75981140136719
1771976159.168064,6542,68.20838165283203
1771976160.9283378,6543,78.03878021240234
1771976223.4977372,6544,64.20059204101562
1771976226.9232671,6545,71.89925384521484
1771976230.2319577,6546,99.6878662109375
1771976230.3622575,6547,63.577049255371094
1771976243.5211048,6548,81.82304382324219
1771976253.9374363,6549,80.80982971191406
1771976254.0740025,6550,99.29676818847656
1771976257.9410799,6551,77.43296813964844
1771976260.1352634,6552,81.28266143798828
1771976266.2648437,6553,110.88748168945312
1771976269.7923625,6554,75.98306274414062
1771976293.0141783,6555,82.40805053710938
1771976298.0170348,6556,114.71617889404297
1771976306.2094483,6557,101.50906372070312
1771976308.5387907,6558,81.44171905517578
1771976321.3016443,6559,92.99813842773438
1771976333.3979454,6560,86.6336669921875
1771976360.8035333,6561,92.16043853759766
1771976363.795897,6562,86.16397857666016
1771976374.1643035,6563,71.60185241699219
1771976380.1564295,6564,69.5356674194336
1771976387.1398916,6565,82.29461669921875
1771976403.5496154,6566,83.89397430419922
1771976417.3757095,6567,82.69747924804688
1771976421.381329,6568,73.9656753540039
1771976430.042131,6569,72.94646453857422
1771976441.477335,6570,80.75990295410156
1771976450.0111299,6571,92.38909912109375
1771976454.3993106,6572,96.1064453125
1771976457.8135817,6573,121.36932373046875
1771976487.2796996,6574,74.6971664428711
1771976492.112867,6575,104.41323852539062
1771976505.299565,6576,94.43330383300781
1771976505.4316955,6577,183.15234375
1771976505.696025,6578,34.8353271484375
1771976507.3267539,6579,110.9406967163086
1771976513.1864567,6580,94.52680969238281
1771976521.1821702,6581,100.88626098632812
1771976544.8354385,6582,88.35409545898438
1771976574.013254,6583,68.02904510498047
1771976588.6091967,6584,83.19390869140625
1771976593.760583,6585,71.63795471191406
1771976601.6510217,6586,90.50220489501953
1771976609.632014,6587,88.64224243164062
1771976615.1239789,6588,64.3698959350586
1771976615.2550704,6589,41.88401412963867
1771976615.9851596,6590,106.66019439697266
1771976620.0244055,6591,123.75608825683594
1771976628.6601837,6592,78.1527328491211
1771976637.1773784,6593,77.71788024902344
1771976656.900213,6594,89.44303894042969
1771976657.5338962,6595,42.15739059448242
1771976670.6405547,6596,76.19012451171875
1771976672.971057,6597,49.20745086669922
1771976674.212555,6598,88.87325286865234
1771976675.6865785,6599,102.26020050048828
1771976680.5547128,6600,115.14659118652344
1771976680.7604601,6601,30.47515869140625
1771976685.7447305,6602,57.76921844482422
1771976685.8790777,6603,157.0343780517578
1771976688.8895943,6604,98.44776916503906
1771976690.4842122,6605,41.28207778930664
1771976709.2090144,6606,89.11392211914062
1771976710.0644548,6607,43.51769256591797
1771976710.3229132,6608,25.911436080932617
1771976711.508086,6609,104.1538314819336
1771976724.0699458,6610,102.16666412353516
1771976726.5591195,6611,93.9005126953125
1771976729.8181407,6612,100.51467895507812
1771976730.8433328,6613,133.1057586669922
1771976737.633262,6614,83.70476531982422
1771976739.6992161,6615,82.67113494873047
1771976743.104181,6616,75.6396255493164
1771976758.5248184,6617,85.98887634277344
1771976771.7073424,6618,76.25709533691406
1771976772.3565884,6619,64.0813980102539
1771976775.6714146,6620,76.71662139892578
1771976783.3908122,6621,106.38951873779297
1771976791.428828,6622,72.52240753173828
1771976797.2220302,6623,67.08421325683594
1771976798.377584,6624,78.71146392822266
1771976810.939544,6625,79.94671630859375
1771976811.061913,6626,39.77579116821289
1771976827.935919,6627,90.27442932128906
1771976831.4091845,6628,98.59260559082031
1771976834.7247293,6629,88.76991271972656
1771976838.691803,6630,63.524932861328125
1771976838.8214548,6631,14.174980163574219
1771976847.2307966,6632,95.45469665527344
1771976848.6006782,6633,44.49092102050781
1771976848.8577774,6634,177.12635803222656
1771976854.1684055,6635,82.00287628173828
1771976855.8381872,6636,70.19377136230469
1771976856.093451,6637,22.499250411987305
1771976857.7522955,6638,125.82332611083984
1771976867.6479406,6639,104.7983169555664
1771976869.2489572,6640,45.763118743896484
1771976873.3781297,6641,85.27468872070312
1771976924.673979,6642,59.486263275146484
1771976927.9718523,6643,68.72076416015625
1771976931.0018086,6644,69.27047729492188
1771976932.3371,6645,53.28041076660156
1771976955.3783143,6646,92.9526596069336
