wall_time,step,value
1773500882.9138417,2,-138.8474884033203
1773500887.8541644,3,-124.10762023925781
1773500895.2984855,4,-150.66461181640625
1773500900.1931345,5,-147.2792510986328
1773500900.5855057,6,-100.0
1773500902.6894977,7,-113.8676528930664
1773500906.4982147,8,-136.58384704589844
1773500915.1365798,9,-165.17715454101562
1773500915.7241013,10,-100.0
1773500919.2989469,11,-129.42674255371094
1773500919.6512516,12,-100.0
1773500928.8032048,13,-179.02513122558594
1773500942.5301328,14,-183.54373168945312
1773500951.1085274,15,-143.3405303955078
1773501411.5912628,2,-144.34422302246094
1773501413.383995,3,-107.37797546386719
1773501413.5749476,4,-100.0
1773501413.7016113,5,-100.0
1773501414.4721086,6,-104.29645538330078
1773501417.2538197,7,-120.80357360839844
1773501425.7351727,8,-169.4586944580078
1773501427.9103236,9,-117.17655181884766
1773501429.349874,10,-113.51295471191406
1773501429.5556808,11,-100.0
1773501443.2046902,12,-222.8393096923828
1773501444.2290587,13,-100.99237823486328
1773501448.3257747,14,-130.85031127929688
1773501575.497804,2,-135.71868896484375
1773501578.3152053,3,-120.90520477294922
1773501581.0666938,4,-115.99864959716797
1773501590.793536,5,-162.45558166503906
1773501595.6252367,6,-123.17511749267578
1773501597.7051344,7,-119.29369354248047
1773501607.113384,8,-176.0816192626953
1773501609.313979,9,-109.6218032836914
1773501614.5054743,10,-131.94212341308594
1773501622.85847,11,-149.48275756835938
1773501623.4386375,12,-100.0
1773501624.8724248,13,-116.19271087646484
1773501630.890169,14,-142.79638671875
1773501632.4595628,15,-107.41107940673828
1773501636.1375017,16,-135.1182098388672
1773501645.579975,17,-167.06182861328125
1773501661.737148,18,-253.24159240722656
1773501676.1714532,19,-185.46038818359375
1773501679.7866013,20,-121.51507568359375
1773501680.4556508,21,-103.61238098144531
1773501680.6130672,22,-100.0
1773501685.2264438,23,-135.3466033935547
1773501685.6452553,24,-100.0
1773501688.2330384,25,-119.32445526123047
1773501700.874511,26,-200.08721923828125
1773501714.7599971,27,21.61628532409668
1773501719.5930748,28,-122.6314697265625
1773501721.5433853,29,-112.5251235961914
1773501736.2353206,30,-216.92294311523438
1773501737.481886,31,-100.73687744140625
1773501740.29699,32,-119.50151062011719
1773501746.9841197,33,-138.55999755859375
1773501751.626514,34,-139.64483642578125
1773501753.129445,35,-105.47883605957031
1773501756.5805233,36,-136.3244171142578
1773501759.4341152,37,-127.135986328125
1773501761.353909,38,-112.9685287475586
1773501762.5359786,39,-104.04724884033203
1773501762.7309754,40,-100.0
1773501763.6919174,41,-105.99109649658203
1773501769.4454994,42,-150.36654663085938
1773501782.315337,43,-189.55093383789062
1773501783.3505204,44,-100.37601470947266
1773501784.7152076,45,-111.553466796875
1773501786.826469,46,-118.87936401367188
1773501788.5847774,47,-110.68292236328125
1773501789.6744013,48,-109.8251953125
1773501790.313204,49,-103.67507934570312
1773501791.593382,50,-106.49382019042969
1773501799.8517663,51,-157.26217651367188
1773501802.1212792,52,-113.55948638916016
1773501806.3131402,53,-143.0207061767578
1773501807.6895747,54,-102.46468353271484
1773501810.496591,55,-123.70095825195312
1773501814.8573291,56,-135.13597106933594
1773501821.4748602,57,-175.09945678710938
1773501824.033948,58,-113.3307113647461
1773501824.2766452,59,-100.0
1773501826.6966608,60,-111.82791137695312
1773501828.2974913,61,-110.61767578125
1773501829.0021467,62,-104.33306121826172
1773501834.5017555,63,-154.11436462402344
1773501835.370532,64,-102.99626159667969
1773501835.530222,65,-100.0
1773501841.7060761,66,-139.3686981201172
1773501848.7152665,67,-145.0438232421875
1773501849.4003375,68,-100.0
1773501852.6501484,69,-130.9849853515625
1773501853.931055,70,-108.6540298461914
1773501856.2590666,71,-123.29548645019531
1773501862.306521,72,-142.49681091308594
1773501865.4666078,73,-125.37406158447266
1773501870.1920388,74,-130.39285278320312
1773501870.7785757,75,-100.33636474609375
1773501873.263095,76,-125.9764175415039
1773501877.1916435,77,-137.66659545898438
1773501877.8273456,78,-103.66607666015625
1773501879.3208678,79,-113.75390625
1773501887.3096051,80,-184.69923400878906
1773501888.2163684,81,-103.99829864501953
1773501889.4784088,82,-110.03472137451172
1773501889.7007434,83,-100.65177154541016
1773501890.051568,84,-101.48334503173828
1773501896.2246287,85,-143.7412567138672
1773501898.0561938,86,-114.43360900878906
1773501898.2487094,87,-100.0
1773501899.3188918,88,-107.15410614013672
1773501900.2172987,89,-103.91088104248047
1773501900.383386,90,-100.0
1773501902.085793,91,-110.30789184570312
1773501903.872726,92,-113.39881134033203
1773501905.6327653,93,-119.98528289794922
1773501906.8980145,94,-112.82708740234375
1773501908.1776695,95,-106.03292846679688
1773501912.2891932,96,-128.01451110839844
1773502088.314148,97,-155.1983184814453
1773502089.8783703,98,-108.63926696777344
1773502090.1114192,99,-100.23196411132812
1773502090.2880793,100,-100.62914276123047
1773502090.4100363,101,-100.0
1773502095.0347056,102,-143.1835174560547
1773502107.8940382,103,-208.049072265625
1773502113.4706748,104,-129.27084350585938
1773502114.009757,105,-100.98274230957031
1773502115.2331707,106,-113.73050689697266
1773502119.066237,107,-137.0125274658203
1773502127.4648924,108,-194.49795532226562
1773502128.2252278,109,-102.37510681152344
1773502128.4160237,110,-100.62425231933594
1773502129.9543447,111,-114.62738037109375
1773502131.5440276,112,-112.83769226074219
1773502133.9523723,113,-122.32337951660156
1773502134.2338493,114,-100.50337219238281
1773502135.3988082,115,-107.4172134399414
1773502135.7277198,116,-101.70466613769531
1773502136.0782793,117,-101.99759674072266
1773502136.5132685,118,-103.84793090820312
1773502138.5518572,119,-112.95513916015625
1773502138.778167,120,-100.0
1773502138.9116886,121,-100.0
1773502140.988341,122,-124.84212493896484
1773502141.9698162,123,-108.5405044555664
1773502147.521222,124,-143.82662963867188
1773502147.8954082,125,-100.0
1773502152.3934193,126,-127.26510620117188
1773502159.223356,127,-162.66839599609375
1773502164.6088183,128,-150.7996368408203
1773502166.1165338,129,-112.03326416015625
1773502166.8495038,130,-105.11712646484375
1773502169.4074943,131,-129.3456573486328
1773502170.9047368,132,-110.40470886230469
1773502172.2819831,133,-105.50938415527344
1773502177.1029916,134,-146.51577758789062
1773502177.7754526,135,-102.41533660888672
1773502178.0858335,136,-101.21338653564453
1773502178.212617,137,-100.0
1773502180.0146027,138,-111.26976776123047
1773502182.881463,139,-124.58930206298828
1773502183.1712596,140,-100.0
1773502183.3517036,141,-100.21548461914062
1773502187.269548,142,-120.1860580444336
1773502187.7266712,143,-101.09297943115234
1773502197.1190946,144,-182.5053253173828
1773502200.1131456,145,-115.0699691772461
1773502203.8340445,146,-137.35104370117188
1773502204.1607318,147,-100.05015563964844
1773502206.239898,148,-117.5158462524414
1773502206.7264864,149,-102.61347198486328
1773502206.85457,150,-100.0
1773502208.343128,151,-113.36923217773438
1773502210.8716354,152,-126.76866912841797
1773502215.1934564,153,-141.52842712402344
1773502216.5684185,154,-108.7872543334961
1773502217.4725666,155,-104.94287109375
1773502218.9764102,156,-114.01884460449219
1773502219.3838716,157,-101.1468734741211
1773502219.685863,158,-101.47845458984375
1773502219.8732266,159,-100.5999984741211
1773502220.0007854,160,-100.0
1773502230.0318143,161,-191.38345336914062
1773502236.1342728,162,-158.862060546875
1773502238.2011452,163,-109.16160583496094
1773502240.4195933,164,-116.94217681884766
1773502241.8418863,165,-115.61193084716797
1773502242.0275342,166,-100.0
1773502242.1471593,167,-100.0
1773502243.1144998,168,-107.2717514038086
1773502245.0031092,169,-112.24385070800781
1773502245.3021276,170,-101.29792785644531
1773502245.9841142,171,-105.72212219238281
1773502247.2416275,172,-106.52784729003906
1773502248.225797,173,-107.9693374633789
1773502249.698478,174,-109.70842742919922
1773502252.4800346,175,-123.35301208496094
1773502252.7120435,176,-100.0
1773502256.5827131,177,-137.02503967285156
1773502258.1992276,178,-114.86690521240234
1773502258.4889684,179,-100.82527160644531
1773502259.4555595,180,-104.08818817138672
1773502259.6715312,181,-100.41065216064453
1773502259.9091277,182,-101.29493713378906
1773502260.2064126,183,-101.99663543701172
1773502260.4390354,184,-100.94678497314453
1773502266.3011034,185,-138.7369384765625
1773502268.5584002,186,-118.58422088623047
1773502274.1496603,187,-153.6630401611328
1773502277.1539848,188,-120.08108520507812
1773502280.0560758,189,-126.55088806152344
1773502280.8003109,190,-104.76963806152344
1773502291.554523,191,-203.69488525390625
1773502298.7939534,192,-165.28636169433594
1773502299.3768399,193,-100.72942352294922
1773502301.519865,194,-117.13692474365234
1773502302.8190649,195,-111.76669311523438
1773502305.0245852,196,-119.48067474365234
1773502306.8008544,197,-106.45840454101562
1773502307.0555959,198,-100.30842590332031
1773502307.2326014,199,-100.46331024169922
1773502308.0893567,200,-108.19625854492188
1773502308.2567306,201,-100.0
1773502308.377612,202,-100.0
1773502310.3293183,203,-116.7291030883789
1773502311.8958554,204,-107.532470703125
1773502312.4624236,205,-103.10628509521484
1773502312.6632798,206,-100.46450805664062
1773502321.1440153,207,-153.66537475585938
1773502321.7524943,208,-100.2266845703125
1773502323.3437405,209,-110.49884033203125
1773502324.8687534,210,-109.66133117675781
1773502325.559347,211,-105.80905151367188
1773502330.020326,212,-125.38916778564453
1773502332.2610736,213,-122.07068634033203
1773502338.7026796,214,-170.62193298339844
1773502342.6886427,215,-124.8457260131836
1773502343.8099985,216,-112.43677520751953
1773502345.0240467,217,-104.481201171875
1773502346.0294187,218,-108.51348114013672
1773502348.0323694,219,-107.85066223144531
1773502350.4231317,220,-129.76724243164062
1773502354.8314972,221,-122.99022674560547
1773502356.0314317,222,-112.58070373535156
1773502358.1995752,223,-121.07230377197266
1773502359.3991654,224,-106.1124496459961
1773502365.955139,225,-150.56015014648438
1773502367.9667675,226,-123.254638671875
1773502370.4698863,227,-129.60989379882812
1773502373.9520931,228,-133.80796813964844
1773502379.6409202,229,-131.47787475585938
1773502388.3197305,230,-166.83261108398438
1773502454.710864,231,-109.47241973876953
1773502465.4001174,232,-212.62515258789062
1773502466.1356518,233,-101.50690460205078
1773502467.5200264,234,-108.24080657958984
1773502469.2160797,235,-109.18324279785156
1773502471.296818,236,-114.7025146484375
1773502474.9672623,237,-119.48431396484375
1773502476.9336696,238,-109.26602935791016
1773502481.178453,239,-127.9842758178711
1773502484.337197,240,-115.5532455444336
1773502484.695893,241,-100.6309814453125
1773502486.4563637,242,-113.45014190673828
1773502488.4491603,243,-113.1873550415039
1773502491.0134144,244,-114.01885986328125
1773502492.4108212,245,-113.13335418701172
1773502492.5831604,246,-100.0
1773502500.9506676,247,-159.20718383789062
1773502505.7208464,248,-142.96682739257812
1773502508.2791235,249,-116.92015838623047
1773502508.6126306,250,-101.29110717773438
1773502508.9011292,251,-100.98228454589844
1773502512.2623396,252,-116.17790985107422
1773502512.9657059,253,-102.11359405517578
1773502516.2472913,254,-127.42152404785156
1773502517.6386344,255,-113.80769348144531
1773502518.3686333,256,-105.29926300048828
1773502523.4360769,257,-148.2924346923828
1773502527.5258873,258,-134.2422637939453
1773502530.0479405,259,-113.73041534423828
1773502531.109852,260,-108.46215057373047
1773502532.6541827,261,-106.10338592529297
1773502533.0051231,262,-102.16983795166016
1773502535.0180542,263,-111.16187286376953
1773502541.2471645,264,-163.03488159179688
1773502542.512454,265,-104.89869689941406
1773502544.918741,266,-109.94109344482422
1773502546.264287,267,-113.46731567382812
1773502546.9439049,268,-105.5992431640625
1773502549.951148,269,-115.96047973632812
1773502553.3148859,270,-119.87801361083984
1773502555.663949,271,-113.20071411132812
1773502557.0266232,272,-105.87174224853516
1773502559.9066613,273,-114.46646881103516
1773502560.7350147,274,-106.15203857421875
1773502561.727909,275,-108.14301300048828
1773502563.6870632,276,-110.02205657958984
1773502565.9325054,277,-120.8379898071289
1773502566.14802,278,-100.0
1773502566.328174,279,-100.88579559326172
1773502568.2153947,280,-117.26701354980469
1773502569.4329689,281,-112.72700500488281
1773502569.9447367,282,-103.00088500976562
1773502570.3687513,283,-101.73152923583984
1773502570.7292583,284,-102.79592895507812
1773502570.8592353,285,-100.0
1773502575.9384484,286,-122.21646118164062
1773502584.6009789,287,-155.01133728027344
1773502590.4170012,288,-151.234130859375
1773502590.9584446,289,-101.14803314208984
1773502592.94316,290,-117.39595794677734
1773502595.4401078,291,-123.34942626953125
1773502599.0617945,292,-141.5758056640625
1773502606.616675,293,-172.25697326660156
1773502607.2669175,294,-101.55582427978516
1773502607.579333,295,-101.30878448486328
1773502610.7988803,296,72.76899719238281
1773502611.4468386,297,-102.63325500488281
1773502612.8791623,298,-108.49465942382812
1773502613.0586138,299,-100.0
1773502616.5596151,300,-118.7872085571289
1773502621.7134635,301,-136.5784912109375
1773502629.6968,302,-174.88766479492188
1773502631.3645666,303,-114.4302749633789
1773502633.3920372,304,-122.48416137695312
1773502633.8317018,305,-101.62089538574219
1773502634.8546934,306,-108.78955078125
1773502638.221924,307,-124.8450927734375
1773502650.2723682,308,-198.20887756347656
1773502653.9873073,309,-116.3116226196289
1773502657.282593,310,-123.23282623291016
1773502659.366082,311,-118.85502624511719
1773502660.368912,312,-108.45488739013672
1773502664.160714,313,-128.04701232910156
1773502664.4491236,314,-100.0
1773502672.6750832,315,-175.72607421875
1773502677.7195122,316,-147.7758331298828
1773502678.487561,317,-102.11863708496094
1773502678.6309454,318,-100.0
1773502685.377256,319,-146.3363800048828
1773502686.5607934,320,-106.1410903930664
1773502693.1372757,321,-145.2492218017578
1773502697.570977,322,-124.42176055908203
1773502703.7761981,323,-144.03880310058594
1773502708.4497147,324,-129.74549865722656
1773502709.143814,325,-102.20369720458984
1773502709.4629884,326,-101.31689453125
1773502710.4396021,327,-103.12837982177734
1773502715.9305086,328,-131.15650939941406
1773502718.3791275,329,-116.42289733886719
1773502721.7741983,330,-133.29708862304688
1773502725.7959313,331,-142.26397705078125
1773502728.054272,332,-114.23480224609375
1773502729.3276637,333,-104.44905853271484
1773502733.3288956,334,-135.65232849121094
1773502737.6476638,335,-142.59732055664062
1773502741.8168406,336,-133.3599090576172
1773502742.2976053,337,-101.13784790039062
1773502742.6583376,338,-102.15238189697266
1773502754.0819936,339,-201.25770568847656
1773502822.0478249,340,-119.40788269042969
1773502823.5268052,341,-108.23035430908203
1773502828.616543,342,-135.1752166748047
1773502830.3680763,343,-110.94325256347656
1773502832.176489,344,-112.81963348388672
1773502833.8490782,345,-116.3144302368164
1773502834.9441383,346,-107.68382263183594
1773502842.949636,347,-166.5615692138672
1773502846.5099483,348,-136.93832397460938
1773502849.719823,349,-136.74508666992188
1773502851.0010912,350,-106.275146484375
1773502854.150981,351,-133.64324951171875
1773502854.6308098,352,-102.52202606201172
1773502854.8730483,353,-100.51663208007812
1773502860.2629297,354,-143.78408813476562
1773502861.1219013,355,-103.95793151855469
1773502862.2116005,356,-106.97789764404297
1773502863.4955,357,-112.33087158203125
1773502864.5124173,358,-108.1991958618164
1773502866.6303902,359,-110.34893798828125
1773502873.0711849,360,63.902015686035156
1773502874.5605128,361,-108.14520263671875
1773502876.1648054,362,-111.53924560546875
1773502876.912392,363,-103.72211456298828
1773502877.0613282,364,-100.0
1773502882.8956933,365,-143.55322265625
1773502887.3505807,366,-152.9128875732422
1773502889.7120163,367,-124.65941619873047
1773502890.383164,368,-102.32579803466797
1773502890.6409907,369,-100.56968688964844
1773502893.3680503,370,-127.79948425292969
1773502896.5471418,371,-123.21004486083984
1773502899.0145214,372,-112.50679779052734
1773502901.3125286,373,-122.0328598022461
1773502901.5358915,374,-100.0
1773502902.8226867,375,-107.44363403320312
1773502904.7423944,376,-122.87008666992188
1773502911.9046094,377,-171.1401824951172
1773502912.9206965,378,-104.18131256103516
1773502913.1348069,379,-100.44587707519531
1773502913.9273932,380,-103.75916290283203
1773502916.0887828,381,-120.96441650390625
1773502918.5120893,382,-118.39259338378906
1773502920.8236332,383,-112.02217102050781
1773502924.3667634,384,-138.83094787597656
1773502929.1267195,385,-132.7760467529297
1773502929.573742,386,-100.68046569824219
1773502931.4397852,387,-111.29476165771484
1773502937.729087,388,-151.10768127441406
1773502953.7684731,389,-213.2519073486328
1773502955.7986112,390,-104.97999572753906
1773502957.102587,391,-115.38983917236328
1773502960.9601297,392,-122.2040023803711
1773502964.9998434,393,-123.33403015136719
1773502966.181313,394,-113.42203521728516
1773502969.7105591,395,-146.94068908691406
1773502980.5771708,396,-216.68905639648438
1773502982.1839857,397,-115.13044738769531
1773502982.347334,398,-100.0
1773502988.6558087,399,-134.3691864013672
1773502995.0660243,400,-153.40823364257812
1773503001.1427307,401,-159.63168334960938
1773503004.6637876,402,-128.09642028808594
1773503008.3541183,403,-129.39947509765625
1773503017.6643724,404,-181.7771759033203
1773503021.81567,405,-130.498779296875
1773503022.625417,406,-105.4256820678711
1773503023.4318454,407,-104.73219299316406
1773503024.0878353,408,-103.24700164794922
1773503024.2331243,409,-100.0
1773503027.7188702,410,-116.8951416015625
1773503028.8963208,411,-105.93353271484375
1773503029.7431583,412,-108.52155303955078
1773503031.5266464,413,-121.23751831054688
1773503031.7812438,414,-100.72150421142578
1773503032.5198472,415,-103.69430541992188
1773503034.4067547,416,-114.35774993896484
1773503046.822193,417,-214.63783264160156
1773503050.9451368,418,-137.61337280273438
1773503053.7450767,419,-118.14447784423828
1773503054.1609414,420,-101.37598419189453
1773503054.3500564,421,-100.13801574707031
1773503057.454576,422,-129.42860412597656
1773503059.4294956,423,-118.33740234375
1773503059.6818125,424,-100.60087585449219
1773503060.1488962,425,-103.70575714111328
1773503063.77547,426,-122.22834777832031
1773503065.4014678,427,-117.49201202392578
1773503065.8077698,428,-101.0830078125
1773503067.40709,429,-106.59522247314453
1773503070.0160697,430,-117.77974700927734
1773503074.1982768,431,-126.32453155517578
1773503074.56622,432,-100.6363754272461
1773503077.9660623,433,-132.0962371826172
1773503092.355417,434,-238.97914123535156
1773503093.5520923,435,-101.75269317626953
1773503095.5989304,436,-114.61105346679688
1773503097.293708,437,-117.23749542236328
1773503101.048554,438,-131.86767578125
1773503104.7890215,439,-119.83079528808594
1773503105.2202818,440,-101.01122283935547
1773503113.743773,441,-183.5995330810547
1773503115.386134,442,-108.51126098632812
1773503116.1839495,443,-105.06938934326172
1773503117.4238346,444,-109.63301849365234
1773503119.6088781,445,-109.83061981201172
1773503153.6044223,446,-118.99180603027344
1773503153.9766698,447,-102.19281768798828
1773503159.7583218,448,-146.65794372558594
1773503162.1505094,449,-121.11617279052734
1773503162.3689392,450,-100.0
1773503162.4950674,451,-100.0
1773503163.6221716,452,-111.95240783691406
1773503164.2958431,453,-104.2597427368164
1773503165.2934034,454,-103.5267105102539
1773503165.6874402,455,-102.76131439208984
1773503167.5527866,456,-107.2194595336914
1773503171.3015637,457,-129.4759521484375
1773503173.3445082,458,-120.67819213867188
1773503174.1589758,459,-101.14873504638672
1773503177.132363,460,-129.16683959960938
1773503177.393688,461,-100.0
1773503177.5701606,462,-100.6578140258789
1773503179.713593,463,-115.16942596435547
1773503183.2547886,464,-132.857421875
1773503185.2170258,465,-120.7154769897461
1773503185.7505264,466,-103.89893341064453
1773503189.861635,467,-137.99398803710938
1773503195.651325,468,-144.0579833984375
1773503199.4883938,469,-129.74014282226562
1773503199.823739,470,-100.47203063964844
1773503202.8082135,471,-127.00858306884766
1773503203.9860196,472,-113.98651123046875
1773503209.6386852,473,-149.5575714111328
1773503216.7515457,474,-140.7024688720703
1773503222.8841507,475,-146.2054901123047
1773503224.4387503,476,-112.82441711425781
1773503229.822343,477,-143.8616943359375
1773503230.3086355,478,-100.31697845458984
1773503235.0969446,479,-137.2854461669922
1773503236.9519515,480,-113.78633880615234
1773503238.6064968,481,-106.88557434082031
1773503241.9972534,482,-118.9416275024414
1773503244.7912495,483,-125.13590240478516
1773503246.5822415,484,-112.40709686279297
1773503247.4556813,485,-109.03302764892578
1773503250.1174192,486,-117.89469909667969
1773503255.342481,487,-130.5793914794922
1773503256.0224295,488,-104.6477279663086
1773503257.606378,489,-113.72142791748047
1773503258.1270616,490,-101.63813781738281
1773503258.2629313,491,-100.0
1773503259.3848188,492,-109.3836669921875
1773503259.7763798,493,-102.0068588256836
1773503260.127824,494,-102.82623291015625
1773503264.2372057,495,-123.82435607910156
1773503267.8764348,496,-120.58802795410156
1773503268.3757644,497,-102.88394927978516
1773503268.8472588,498,-104.0322265625
1773503269.3817663,499,-101.88259887695312
1773503269.5169194,500,-100.0
1773503272.439564,501,-120.18896484375
1773503277.8603847,502,-167.00973510742188
1773503278.2315633,503,-100.0
1773503278.9682698,504,-103.43059539794922
1773503279.1142132,505,-100.0
1773503279.2324836,506,-100.0
1773503282.7585378,507,-143.04664611816406
1773503288.3668575,508,-142.85684204101562
1773503291.1276145,509,-121.6127700805664
1773503292.2619886,510,-110.4389877319336
1773503293.1525695,511,-104.50959014892578
1773503295.4795363,512,-114.7386703491211
1773503297.7182384,513,-122.15492248535156
1773503302.4145315,514,-143.4099578857422
1773503303.958539,515,-111.84342193603516
1773503304.135821,516,-100.0
1773503304.4794374,517,-101.92960357666016
1773503308.0692108,518,-124.57317352294922
1773503321.478021,519,-211.2354736328125
1773503323.6151874,520,-109.97019958496094
1773503324.8576636,521,-106.56346130371094
1773503326.3176365,522,-115.29238891601562
1773503326.7279918,523,-103.11763000488281
1773503328.513328,524,-109.18992614746094
1773503329.762209,525,-107.58738708496094
1773503332.0037923,526,-112.13563537597656
1773503333.3921967,527,-114.77381134033203
1773503337.031096,528,-133.7706756591797
1773503338.000918,529,-106.9687271118164
1773503338.96118,530,-105.7264175415039
1773503341.1232076,531,-112.40547943115234
1773503345.6002066,532,-129.07252502441406
1773503346.6570954,533,-110.84016418457031
1773503352.3419082,534,-129.1028594970703
1773503355.1730487,535,-109.92774200439453
1773503356.6459503,536,-109.87288665771484
1773503358.1788177,537,-114.82069396972656
1773503361.3447683,538,-127.47344207763672
1773503361.890179,539,-102.25498962402344
1773503364.806598,540,-119.09558868408203
1773503367.3102424,541,-114.65394592285156
1773503369.344197,542,-115.7228012084961
1773503373.9512966,543,-129.27748107910156
1773503379.9367218,544,-147.381591796875
1773503380.3262124,545,-100.0
1773503386.3746257,546,-150.9810333251953
1773503387.463452,547,-104.61500549316406
1773503392.4318397,548,-145.80996704101562
1773503395.9204738,549,-129.82290649414062
1773503399.5423067,550,-132.80703735351562
1773503401.6015913,551,-112.32585144042969
1773503401.8579187,552,-100.25352478027344
1773503407.016928,553,-137.78863525390625
1773503416.2881885,554,-181.8203582763672
1773503418.917652,555,-126.84850311279297
1773503421.1525507,556,-110.91461181640625
1773503422.0937111,557,-104.65923309326172
1773503423.365337,558,-114.55245208740234
1773503423.6484869,559,-100.51570892333984
1773503428.7495477,560,-137.45013427734375
1773503429.7746546,561,-108.7969741821289
1773503432.613674,562,-126.01115417480469
1773503438.414688,563,-163.60760498046875
1773503448.589902,564,-175.81771850585938
1773503454.0635717,565,-134.3859405517578
1773503638.6087098,566,-100.0
1773503641.12961,567,-118.941162109375
1773503642.745945,568,-113.76824951171875
1773503654.1032019,569,-184.9738311767578
1773503654.8863094,570,-102.63908386230469
1773503656.2444696,571,-108.90999603271484
1773503657.0905166,572,-106.56124114990234
1773503659.7575483,573,-128.8468475341797
1773503663.1734705,574,-126.58259582519531
1773503666.2783673,575,-127.20237731933594
1773503672.4213932,576,-158.4611053466797
1773503676.983125,577,-128.13885498046875
1773503679.2986295,578,-113.12313842773438
1773503683.5220454,579,-129.0857391357422
1773503684.20734,580,-102.69437408447266
1773503684.4620621,581,-100.7787857055664
1773503684.5888398,582,-100.0
1773503685.552314,583,-112.3125991821289
1773503686.2714458,584,-103.10530853271484
1773503705.3829906,585,-260.5262145996094
1773503709.6642463,586,-124.72341918945312
1773503714.0570629,587,-129.80433654785156
1773503718.189405,588,-131.4114990234375
1773503718.765532,589,-102.40797424316406
1773503723.3275986,590,-127.33234405517578
1773503725.4944518,591,-109.69095611572266
1773503725.8139284,592,-101.31251525878906
1773503727.3210773,593,-108.51917266845703
1773503730.0624108,594,-116.14115905761719
1773503731.3118584,595,-107.03691864013672
1773503737.9353306,596,-164.0277862548828
1773503738.399416,597,-100.65477752685547
1773503748.0119803,598,-164.2869873046875
1773503752.1601334,599,-119.91883087158203
1773503752.719536,600,-101.43770599365234
1773503756.1649475,601,-130.5382537841797
1773503757.613386,602,-110.39933776855469
1773503760.791771,603,-119.5419921875
1773503762.999567,604,-112.85074615478516
1773503766.630542,605,-124.06349182128906
1773503766.9763572,606,-100.2145767211914
1773503767.1609364,607,-100.39646911621094
1773503770.2557726,608,-134.96188354492188
1773503775.1080675,609,-129.07205200195312
1773503775.5549965,610,-100.63069915771484
1773503775.7454364,611,-100.4950180053711
1773503777.497557,612,-111.009765625
1773503777.8247929,613,-101.10121154785156
1773503779.1995933,614,-107.5569076538086
1773503792.191531,615,-234.3908233642578
1773503794.01753,616,-110.1775131225586
1773503795.6733818,617,-109.62980651855469
1773503800.0324824,618,-138.74256896972656
1773503801.830293,619,-115.80004119873047
1773503805.5112867,620,-130.5825958251953
1773503808.7731988,621,-117.7297134399414
1773503809.1046164,622,-100.68843841552734
1773503816.6898408,623,-159.87338256835938
1773503819.0436053,624,-110.10028076171875
1773503820.7682884,625,-112.8265151977539
1773503829.664597,626,-174.47756958007812
1773503832.5269575,627,-112.09131622314453
1773503834.9436862,628,-127.89875030517578
1773503836.8462994,629,-113.4731674194336
1773503838.8310726,630,-112.1343994140625
1773503839.8207493,631,-107.03499603271484
1773503840.9671645,632,-112.0805435180664
1773503841.4618993,633,-103.59788513183594
1773503842.6061535,634,-108.67932891845703
1773503846.4004817,635,-130.13336181640625
1773503847.2370467,636,-103.90428161621094
1773503850.3033898,637,-113.97695922851562
1773503850.7208827,638,-102.10145568847656
1773503853.4399195,639,-118.91028594970703
1773503853.7292967,640,-100.48320007324219
1773503854.918791,641,-108.72200775146484
1773503859.1919773,642,-134.57420349121094
1773503864.6865003,643,-151.3976593017578
1773503866.7012682,644,-114.44389343261719
1773503866.9594123,645,-100.14725494384766
1773503872.385691,646,-147.80372619628906
1773503878.0840442,647,-135.4625701904297
1773503882.0722308,648,-134.98768615722656
1773503882.351383,649,-100.0
1773503883.1915503,650,-109.32125091552734
1773503884.4061978,651,-108.32792663574219
1773503886.7214823,652,-126.9906005859375
1773503887.0109806,653,-100.40618896484375
1773503888.6558988,654,-112.32369995117188
1773503892.3994794,655,-130.55831909179688
1773503893.0717332,656,-101.41685485839844
1773503894.6804397,657,-111.06210327148438
1773503896.496643,658,-112.4764404296875
1773503902.9557905,659,-161.7268524169922
1773503903.5324035,660,-101.45580291748047
1773503909.0496619,661,-134.59010314941406
1773503909.823854,662,-103.66851806640625
1773503914.5543234,663,-146.83242797851562
1773503914.9144192,664,-100.0
1773503915.4275858,665,-105.48027801513672
1773503916.6793804,666,-109.65772247314453
1773503920.4295871,667,-136.3170928955078
1773503920.9282837,668,-103.1290512084961
1773503922.4003758,669,-113.92809295654297
1773503927.07649,670,-137.41885375976562
1773503934.7347515,671,-156.30133056640625
1773503938.2088418,672,-133.22567749023438
1773504019.5948863,673,-100.0
1773504028.5676703,674,-167.44712829589844
1773504032.1543424,675,-138.6719207763672
1773504034.1696267,676,-111.15385437011719
1773504038.1210454,677,-137.36849975585938
1773504039.9685912,678,-110.50041198730469
1773504049.5036163,679,-165.67918395996094
1773504055.2864404,680,-161.29489135742188
1773504056.7028332,681,-113.88825988769531
1773504059.3085325,682,-124.6834487915039
1773504061.2706096,683,-118.28594970703125
1773504061.528402,684,-100.68376922607422
1773504067.3987346,685,-155.47030639648438
1773504068.388229,686,-102.9765853881836
1773504072.383541,687,-130.8912353515625
1773504073.650202,688,-106.74008178710938
1773504074.0006702,689,-101.42013549804688
1773504078.4133413,690,-141.56271362304688
1773504078.728856,691,-100.0
1773504080.303725,692,-116.49060821533203
1773504080.6008687,693,-100.54110717773438
1773504088.8974395,694,-187.70993041992188
1773504100.7374787,695,-201.7886505126953
1773504103.677438,696,-114.77052307128906
1773504104.7735715,697,-111.36712646484375
1773504105.0575666,698,-101.65874481201172
1773504107.5229816,699,-119.40628814697266
1773504109.3432205,700,-110.468994140625
1773504125.3820353,701,-255.58447265625
1773504128.0540934,702,-117.82328796386719
1773504128.9821012,703,-104.27253723144531
1773504137.076702,704,-167.42425537109375
1773504143.9146962,705,62.483482360839844
1773504151.2849247,706,-165.69532775878906
1773504154.0153177,707,-125.08509063720703
1773504154.513099,708,-103.09419250488281
1773504157.9088883,709,-130.71116638183594
1773504160.9829006,710,-134.03933715820312
1773504162.7967126,711,-118.7058334350586
1773504162.9819033,712,-100.0
1773504163.9349148,713,-109.52849578857422
1773504173.7419918,714,-183.3074951171875
1773504176.6420834,715,-118.78141784667969
1773504180.9821846,716,-131.77334594726562
1773504182.4218357,717,-113.06304168701172
1773504184.0358622,718,-114.00247955322266
1773504188.127621,719,-129.9431610107422
1773504188.4720848,720,-100.99756622314453
1773504188.9303188,721,-105.21076965332031
1773504189.1186619,722,-100.95690155029297
1773504190.8829331,723,87.50301361083984
1773504191.2359953,724,-102.1272201538086
1773504198.670853,725,-165.16151428222656
1773504199.820071,726,-101.39838409423828
1773504205.3749156,727,-146.74522399902344
1773504206.9436724,728,-111.5584945678711
1773504209.887976,729,-118.01395416259766
1773504213.762141,730,-122.2112045288086
1773504215.7060344,731,-107.45166015625
1773504218.7839746,732,-128.2495880126953
1773504219.246697,733,-102.31964874267578
1773504221.5699468,734,-122.56925964355469
1773504222.4029045,735,-105.90608978271484
1773504226.3580868,736,-125.03498840332031
1773504226.7640781,737,-100.36809539794922
1773504227.4469516,738,-103.53228759765625
1773504237.79988,739,-165.3330078125
1773504238.4538875,740,-100.79938507080078
1773504240.7246335,741,-109.9171142578125
1773504244.43863,742,-122.28089904785156
1773504249.5589807,743,-138.8262481689453
1773504265.2474716,744,-202.77684020996094
1773504271.3088276,745,-135.7406005859375
1773504283.7036905,746,-207.848876953125
1773504284.7161756,747,-104.37577056884766
1773504286.6060262,748,-112.13671112060547
1773504287.4161484,749,-109.64988708496094
1773504292.08896,750,-148.0550079345703
1773504294.0828214,751,-113.51116943359375
1773504296.6659558,752,-112.56507873535156
1773504297.781971,753,-108.59484100341797
1773504298.0591593,754,-101.85966491699219
1773504300.1652308,755,-112.0423583984375
1773504304.1219828,756,-148.50672912597656
1773504305.1844084,757,-109.97695922851562
1773504308.8887606,758,-121.26588439941406
1773504310.9898076,759,-114.86132049560547
1773504316.1399846,760,-142.6426544189453
1773504434.6788394,761,-201.33995056152344
1773504437.2089152,762,-123.93207550048828
1773504437.4120283,763,-100.0
1773504438.078942,764,-105.19666290283203
1773504443.5650744,765,-140.11509704589844
1773504447.0393445,766,-136.2866668701172
1773504451.1818616,767,-129.18724060058594
1773504456.6130347,768,-160.67318725585938
1773504460.5749238,769,-138.76910400390625
1773504468.0778503,770,-173.64532470703125
1773504471.6521728,771,-131.10885620117188
1773504474.3348963,772,-127.521240234375
1773504478.1988964,773,-125.37297821044922
1773504478.8940883,774,-104.75483703613281
1773504481.7957625,775,-120.95523834228516
1773504482.8798518,776,-106.48725891113281
1773504485.091879,777,-116.47760772705078
1773504486.7329783,778,-117.23371887207031
1773504490.830867,779,-125.39093017578125
1773504492.998205,780,-118.66651916503906
1773504493.7121575,781,-104.70548248291016
1773504496.2309394,782,-127.21014404296875
1773504497.2728686,783,-109.39712524414062
1773504499.2659225,784,-115.56690216064453
1773504501.0079944,785,-111.90013122558594
1773504501.19397,786,-100.0
1773504504.6649036,787,-130.03636169433594
1773504507.0546298,788,-121.72225952148438
1773504516.350937,789,-208.03514099121094
1773504531.7141416,790,-243.23959350585938
1773504535.3189626,791,-114.83209228515625
1773504540.3238363,792,-137.29629516601562
1773504544.7032406,793,-139.43873596191406
1773504546.5332794,794,-107.87144470214844
1773504552.430709,795,-140.2960205078125
1773504555.406748,796,-117.5448226928711
1773504557.6642838,797,-115.95098876953125
1773504563.5331361,798,41.24703598022461
1773504567.5418062,799,-147.01702880859375
1773504572.2790413,800,-138.0201873779297
1773504574.0849762,801,-120.71299743652344
1773504579.7679574,802,-140.5946044921875
1773504580.2068858,803,-100.65862274169922
1773504582.4540637,804,-111.66108703613281
1773504587.715079,805,-148.4897918701172
1773504588.9418857,806,-108.70015716552734
1773504591.4788702,807,-128.48660278320312
1773504597.0338285,808,-138.0385284423828
1773504599.9387157,809,-113.1966323852539
1773504600.4380128,810,-101.91927337646484
1773504603.4722729,811,-122.92858123779297
1773504605.8798976,812,-115.61217498779297
1773504608.0639105,813,-123.33541107177734
1773504608.3200393,814,-100.44759368896484
1773504610.2222686,815,-113.73297119140625
1773504615.5842404,816,49.29484558105469
1773504622.1141763,817,-145.11856079101562
1773504624.4931276,818,-114.84398651123047
1773504624.7591813,819,-100.56830596923828
1773504629.4340727,820,-131.590087890625
1773504630.3680944,821,-106.77388763427734
1773504632.1600726,822,-116.86740112304688
1773504636.0630355,823,70.67312622070312
1773504643.235811,824,-169.6559600830078
1773504643.6570344,825,-100.0
1773504644.4853,826,-108.45953369140625
1773504646.6879117,827,-109.28218078613281
1773504649.622092,828,-113.53683471679688
1773504660.515824,829,-171.36773681640625
1773504661.238622,830,-101.22478485107422
1773504668.1505823,831,-156.27389526367188
1773504668.7039094,832,-100.53054809570312
1773504669.4961305,833,-109.60839080810547
1773504671.4689252,834,-120.27164459228516
1773504673.9406388,835,-121.59001159667969
1773504677.4768782,836,-125.24037170410156
1773504686.0154407,837,-167.807373046875
1773504687.9173863,838,-120.88227081298828
1773504688.9309719,839,-109.58551788330078
1773504690.1346924,840,-105.34557342529297
1773504693.815646,841,-118.59698486328125
1773504697.9443223,842,-141.16827392578125
1773504708.1652482,843,-181.4046173095703
1773504710.5105605,844,-113.0076904296875
1773504715.71137,845,-128.71835327148438
1773504845.1340156,846,-101.40187072753906
1773504845.2573793,847,-100.0
1773504849.611981,848,-136.562744140625
1773504850.4148912,849,-105.28712463378906
1773504856.459806,850,-140.2760772705078
1773504861.5488243,851,-149.62344360351562
1773504862.2620857,852,-101.41280364990234
1773504864.258946,853,-118.64425659179688
1773504864.4536316,854,-100.0
1773504869.8257425,855,-133.915771484375
1773504870.4462764,856,-101.91117858886719
1773504873.1108303,857,-123.42323303222656
1773504876.248905,858,-120.99690246582031
1773504878.146479,859,-112.58558654785156
1773504881.506691,860,-129.18350219726562
1773504882.754976,861,-107.62622833251953
1773504887.8428936,862,-134.5301513671875
1773504890.1497118,863,-118.73758697509766
1773504890.3670502,864,-100.0
1773504893.0241182,865,-128.19932556152344
1773504893.9539545,866,-108.36103820800781
1773504896.471055,867,-120.26820373535156
1773504896.7022898,868,-100.0
1773504898.028284,869,-106.23528289794922
1773504899.9672155,870,-117.81593322753906
1773504901.540959,871,-115.042724609375
1773504903.7019296,872,-120.84357452392578
1773504904.1850708,873,-102.42810821533203
1773504904.3748662,874,-100.17687225341797
1773504904.501869,875,-100.0
1773504905.4961526,876,-110.97577667236328
1773504906.591779,877,-106.86703491210938
1773504916.8038294,878,-205.34423828125
1773504918.6917884,879,-109.47796630859375
1773504924.0536804,880,-134.04202270507812
1773504927.3723605,881,-120.32057189941406
1773504927.7325907,882,-100.357666015625
1773504934.6912584,883,-144.6212615966797
1773504939.7807052,884,-141.49658203125
1773504940.1923256,885,-100.78410339355469
1773504941.5728602,886,-113.87797546386719
1773504944.5137713,887,-122.11409759521484
1773504946.3707914,888,-114.7015380859375
1773504951.469992,889,-138.54791259765625
1773504952.632959,890,-108.28041076660156
1773504960.8769119,891,-196.71192932128906
1773504961.349953,892,-100.0
1773504971.855028,893,-161.06768798828125
1773504982.9366517,894,-158.0098419189453
1773504989.5699286,895,-167.4454803466797
1773504996.8879335,896,-156.28514099121094
1773504997.3228774,897,-100.0
1773505001.1018949,898,69.50837707519531
1773505010.9057302,899,-167.5916748046875
1773505014.8473911,900,-138.33815002441406
1773505016.3837664,901,-109.34272766113281
1773505017.2211428,902,-105.52455139160156
1773505021.9640906,903,-134.2078094482422
1773505025.5401578,904,-120.20458221435547
1773505026.1997359,905,-104.61776733398438
1773505030.891936,906,-134.62010192871094
1773505031.317028,907,-101.41613006591797
1773505033.0898263,908,-119.87589263916016
1773505042.6050742,909,-154.310302734375
1773505043.1444066,910,-100.0
1773505050.1440384,911,-139.5727996826172
1773505058.328916,912,-153.7811737060547
1773505063.7892373,913,-138.53761291503906
1773505066.5601423,914,-129.2418975830078
1773505066.8476121,915,-100.40768432617188
1773505071.574029,916,-133.0196990966797
1773505074.7890847,917,-118.51373291015625
1773505075.3221903,918,-101.57988739013672
1773505077.4448469,919,-112.3713607788086
1773505079.2569528,920,-121.3321533203125
1773505086.0477765,921,-145.92184448242188
1773505089.2088804,922,-134.47605895996094
1773505091.8758848,923,-123.76679992675781
1773505093.890038,924,-120.03838348388672
1773505094.913936,925,-103.84321594238281
1773505095.2370386,926,-100.67564392089844
1773505097.2532024,927,-114.63257598876953
1773505099.9098642,928,-117.46353912353516
1773505100.1932316,929,-100.62165832519531
1773505100.4818127,930,-101.35233306884766
1773505109.3678951,931,-174.133056640625
1773505111.9902134,932,-115.32963562011719
1773505115.134813,933,-116.77352905273438
1773505119.7349246,934,-141.67605590820312
1773505120.0538383,935,-100.0
1773505123.4169886,936,-127.36254119873047
1773505130.7439537,937,-145.68655395507812
1773505131.2990487,938,-101.58453369140625
1773505131.9790766,939,-107.7230224609375
1773505133.6139364,940,-113.51982879638672
1773505134.8470984,941,-109.1660385131836
1773505136.8758676,942,-114.41334533691406
1773505139.2337756,943,-126.52725219726562
1773505156.0965295,944,-269.32220458984375
1773505335.1746297,945,-186.67626953125
1773505336.4220192,946,-103.96398162841797
1773505336.7734475,947,-100.65474700927734
1773505338.501837,948,-116.59022521972656
1773505339.461952,949,-106.96318817138672
1773505339.6213143,950,-100.0
1773505341.8626049,951,-112.53904724121094
1773505357.0621214,952,-205.84756469726562
1773505361.0957644,953,-124.2320785522461
1773505367.0122087,954,-150.3800506591797
1773505367.7661002,955,-104.03700256347656
1773505369.1682107,956,-116.49825286865234
1773505370.4552147,957,-113.03433990478516
1773505380.326861,958,-173.54779052734375
1773505381.95161,959,-108.48393249511719
1773505382.1140661,960,-100.0
1773505392.7614582,961,-180.24354553222656
1773505396.9642317,962,61.0683708190918
1773505397.2555358,963,-100.0
1773505403.158277,964,-150.62258911132812
1773505405.708949,965,-118.02015686035156
1773505405.9869843,966,-100.8846664428711
1773505412.940167,967,-165.8816680908203
1773505414.7422683,968,-116.03356170654297
1773505417.4329798,969,-129.4934844970703
1773505420.7723002,970,-133.66448974609375
1773505421.9900434,971,-107.2609634399414
1773505428.1758597,972,-159.28746032714844
1773505438.5100505,973,-186.17050170898438
1773505439.1140146,974,-100.0
1773505440.2147865,975,-110.0842056274414
1773505441.8791032,976,-116.77635955810547
1773505442.4569402,977,-103.84130096435547
1773505449.743832,978,-158.4292449951172
1773505452.5887,979,-130.7142333984375
1773505453.380983,980,-108.3409652709961
1773505455.919671,981,-116.06421661376953
1773505456.597892,982,-104.83374786376953
1773505459.6202295,983,-135.26275634765625
1773505462.400426,984,-114.57613372802734
1773505462.6571708,985,-100.0
1773505464.6989765,986,-113.78328704833984
1773505478.5840185,987,-236.31869506835938
1773505484.311086,988,-154.25418090820312
1773505485.3481264,989,-108.43299865722656
1773505486.0543692,990,-107.19461822509766
1773505496.258942,991,-195.9387969970703
1773505498.9994261,992,-125.00653076171875
1773505503.4499218,993,-132.1790313720703
1773505512.122036,994,-166.63223266601562
1773505516.7192683,995,-138.24044799804688
1773505520.2257426,996,-134.43804931640625
1773505520.5460231,997,-100.6259994506836
1773505521.817943,998,-112.38504028320312
1773505521.9963164,999,-100.0
1773505525.4083683,1000,-141.7079315185547
1773505525.9216948,1001,-101.69278717041016
1773505526.0489311,1002,-100.0
1773505531.4306874,1003,-131.88087463378906
1773505533.4097807,1004,-111.09954071044922
1773505534.151639,1005,-106.05602264404297
1773505534.3597236,1006,-100.7061538696289
1773505536.7299302,1007,-129.1033477783203
1773505543.824031,1008,-161.2962188720703
1773505547.4179432,1009,-131.78366088867188
1773505547.690766,1010,-100.0
1773505562.177579,1011,-210.3090057373047
1773505563.0416484,1012,-100.0
1773505570.6251116,1013,-149.4344024658203
1773505573.8092728,1014,-131.7508544921875
1773505581.7977593,1015,-181.93861389160156
1773505582.3586793,1016,-100.74552154541016
1773505582.537071,1017,-100.39420318603516
1773505586.3688085,1018,-135.91392517089844
1773505587.7138486,1019,-106.96903991699219
1773505591.781971,1020,61.16565704345703
1773505592.2159412,1021,-101.70565032958984
1773505595.3319783,1022,-133.76158142089844
1773505601.0940926,1023,-136.56541442871094
1773505602.9158297,1024,-111.37775421142578
1773505605.9851205,1025,-124.85403442382812
1773505606.573691,1026,-104.15238189697266
1773505608.8006837,1027,-111.1438217163086
1773505728.289089,1028,-217.2266387939453
1773505733.4231634,1029,-139.17617797851562
1773505733.9640315,1030,-100.98898315429688
1773505740.6465404,1031,-153.33885192871094
1773505745.0387871,1032,-133.71397399902344
1773505750.4958103,1033,-139.5759735107422
1773505752.3653476,1034,-112.26472473144531
1773505752.840003,1035,-102.62777709960938
1773505754.9684224,1036,-109.10790252685547
1773505759.105099,1037,-149.78692626953125
1773505770.4003413,1038,-208.2774658203125
1773505771.8304024,1039,-108.00041961669922
1773505772.7203429,1040,-104.66375732421875
1773505775.8222547,1041,-117.50410461425781
1773505784.909245,1042,-179.66331481933594
1773505786.945086,1043,-116.98816680908203
1773505788.031636,1044,-109.99897003173828
1773505794.9774742,1045,-136.5674591064453
1773505795.5900214,1046,-100.88003540039062
1773505804.066564,1047,-161.97915649414062
1773505804.5812702,1048,-100.0
1773505804.9774413,1049,-102.38813781738281
1773505805.1138163,1050,-100.0
1773505805.294458,1051,-100.72232055664062
1773505809.239382,1052,-121.10922241210938
1773505819.288178,1053,-169.84011840820312
1773505819.8751552,1054,-100.0
1773505822.3590362,1055,-118.63513946533203
1773505822.8804708,1056,-101.69286346435547
1773505832.9328196,1057,-200.12625122070312
1773505833.5922878,1058,-100.86589813232422
1773505835.425193,1059,-110.60636138916016
1773505841.549157,1060,-140.93374633789062
1773505848.3356328,1061,-133.19509887695312
1773505850.1020854,1062,-114.29058837890625
1773505850.293965,1063,-100.0
1773505853.6059134,1064,-135.396240234375
1773505858.2134292,1065,-145.62005615234375
1773505858.663923,1066,-100.6650390625
1773505866.3731933,1067,-161.03738403320312
1773505868.4728897,1068,-109.0344009399414
1773505874.6732879,1069,-159.2838897705078
1773505875.9174645,1070,-110.68083953857422
1773505879.651149,1071,-137.6973114013672
1773505879.939993,1072,-100.0
1773505880.92819,1073,-105.98246765136719
1773505882.8165038,1074,-108.62864685058594
1773505883.065277,1075,-100.62812042236328
1773505883.3032327,1076,-100.96207427978516
1773505885.5492883,1077,-124.45674896240234
1773505885.7752585,1078,-100.0
1773505888.4417412,1079,-122.49276733398438
1773505893.0403907,1080,-124.63494873046875
1773505897.6868634,1081,-155.1427764892578
1773505899.0201519,1082,-112.3349380493164
1773505901.2484722,1083,-117.95367431640625
1773505906.4144893,1084,-137.31459045410156
1773505911.864771,1085,-136.9658966064453
1773505912.2607388,1086,-100.0
1773505925.294028,1087,-190.58334350585938
1773505927.8415117,1088,-110.70439910888672
1773505932.66362,1089,-166.4628143310547
1773505939.9139602,1090,-137.3948974609375
1773505940.4172873,1091,-100.38493347167969
1773505940.8120215,1092,-101.40669250488281
1773505942.096072,1093,-114.58961486816406
1773505943.0001018,1094,-105.44794464111328
1773505943.160262,1095,-100.0
1773505948.9624896,1096,-139.82818603515625
1773505951.5761847,1097,-108.811767578125
1773505951.8641603,1098,-100.74247741699219
1773505953.7282243,1099,-121.1099624633789
1773505953.9251611,1100,-100.0
1773505956.9461262,1101,-126.47661590576172
1773505959.8969405,1102,-121.14700317382812
1773505961.5272026,1103,-109.18035125732422
1773505962.2736695,1104,-102.53873443603516
1773505965.2481174,1105,-135.93394470214844
1773505966.8491468,1106,-112.49711608886719
1773505972.3202524,1107,-145.4845428466797
1773505975.4471543,1108,-136.32638549804688
1773505979.6483817,1109,-137.77162170410156
1773505981.9851947,1110,-113.24703216552734
1773505993.9672458,1111,-179.35452270507812
1773505996.870304,1112,86.81932830810547
1773506004.4619656,1113,-176.59536743164062
1773506005.039402,1114,-100.52894592285156
1773506013.7020855,1115,-180.55299377441406
1773506143.1081471,1116,-123.48055267333984
1773506146.0496197,1117,-122.36029815673828
1773506146.371851,1118,-100.53446960449219
1773506146.4945352,1119,-100.0
1773506146.8942509,1120,-104.06026458740234
1773506147.0317752,1121,-100.0
1773506147.3218098,1122,-101.43366241455078
1773506151.345404,1123,-128.1216583251953
1773506154.7033772,1124,-134.95452880859375
1773506166.287215,1125,-188.10667419433594
1773506168.9933922,1126,-121.64827728271484
1773506169.6066158,1127,-103.07767486572266
1773506171.5121446,1128,-110.48272705078125
1773506172.7832878,1129,-104.87747192382812
1773506173.8021278,1130,-108.3830337524414
1773506175.016431,1131,-110.18181610107422
1773506179.6632445,1132,-138.0744171142578
1773506180.2293332,1133,-101.55795288085938
1773506182.5421214,1134,-113.084228515625
1773506185.8469517,1135,-126.20411682128906
1773506190.3998759,1136,-129.477294921875
1773506192.8652985,1137,-122.0666732788086
1773506196.095987,1138,-122.59075927734375
1773506203.3929565,1139,-135.8120880126953
1773506204.4599035,1140,-101.85350036621094
1773506206.5222535,1141,-114.38636016845703
1773506214.7660863,1142,-160.8499298095703
1773506215.446027,1143,-101.49299621582031
1773506216.917276,1144,-110.52242279052734
1773506220.5898387,1145,-129.93685913085938
1773506228.5903873,1146,-170.0836639404297
1773506233.0150506,1147,-116.52359771728516
1773506235.426138,1148,-120.60894012451172
1773506238.0872128,1149,-118.4857177734375
1773506240.5450723,1150,-117.57270050048828
1773506241.1116796,1151,-103.7961654663086
1773506242.5981722,1152,-114.4615249633789
1773506243.2963831,1153,-107.07075500488281
1773506248.2798886,1154,-149.5145721435547
1773506253.336157,1155,-124.05218505859375
1773506253.7589958,1156,-100.87730407714844
1773506259.1744838,1157,-165.5478057861328
1773506264.8554642,1158,-127.68585205078125
1773506270.359074,1159,-165.34385681152344
1773506278.6159253,1160,43.11868667602539
1773506282.7533588,1161,-123.12602233886719
1773506283.726224,1162,-103.03610229492188
1773506293.1901698,1163,-165.39950561523438
1773506295.7252712,1164,-113.17547607421875
1773506298.6002564,1165,-135.31983947753906
1773506310.149534,1166,-169.2730255126953
1773506314.1162117,1167,-133.01870727539062
1773506316.0063694,1168,-111.50630187988281
1773506316.4796002,1169,-102.07320404052734
1773506318.0178068,1170,-108.49279022216797
1773506318.2085829,1171,-100.0
1773506318.5428627,1172,-101.59473419189453
1773506320.8879032,1173,-120.8786392211914
1773506323.3970914,1174,-129.35386657714844
1773506328.4388962,1175,-144.7825469970703
1773506332.0790184,1176,-124.58551788330078
1773506334.0723202,1177,-111.4520492553711
1773506339.7803586,1178,-136.7195587158203
1773506347.5023248,1179,-170.70062255859375
1773506348.0220706,1180,-100.40155029296875
1773506349.857172,1181,-113.8735580444336
1773506350.3361733,1182,-101.9418716430664
1773506354.2005274,1183,-146.47695922851562
1773506361.5191884,1184,-164.57568359375
1773506363.459088,1185,-110.00260162353516
1773506363.6518898,1186,-100.0
1773506372.855252,1187,-153.6351318359375
1773506375.9683223,1188,-123.18480682373047
1773506376.486788,1189,-103.51029968261719
1773506376.890258,1190,-103.38420867919922
1773506377.025398,1191,-100.0
1773506378.7030952,1192,-113.23383331298828
1773506379.0728734,1193,-101.4648208618164
1773506381.0050187,1194,-113.75025939941406
1773506387.629159,1195,-144.98159790039062
1773506389.6569185,1196,-114.19417572021484
1773506400.5340796,1197,-170.6541290283203
1773506401.228059,1198,-100.4040298461914
1773506410.3113425,1199,21.837459564208984
1773506411.7822998,1200,-109.33731842041016
1773506413.3992596,1201,-110.84259033203125
1773506413.655436,1202,-100.91094970703125
1773506428.166956,1203,-206.39004516601562
1773506438.3933835,1204,-203.27601623535156
1773506439.247301,1205,-101.3995132446289
1773506580.10195,1206,-112.81035614013672
1773506605.4078715,1207,-305.0173645019531
1773506613.508192,1208,-170.5743865966797
1773506620.7412167,1209,-149.11415100097656
1773506629.9632971,1210,-167.87033081054688
1773506635.2653255,1211,-133.03411865234375
1773506640.1750195,1212,-136.16665649414062
1773506640.965098,1213,-104.65612030029297
1773506647.5322676,1214,-142.2909698486328
1773506669.3999362,1215,-270.47943115234375
1773506675.45731,1216,-129.20596313476562
1773506675.8642998,1217,-100.93154907226562
1773506675.9929695,1218,-100.0
1773506676.1223457,1219,-100.0
1773506676.6453364,1220,-103.89376831054688
1773506677.841223,1221,-112.75958251953125
1773506680.1993968,1222,-115.82955169677734
1773506686.542847,1223,-168.5122833251953
1773506687.704042,1224,-110.05016326904297
1773506690.648111,1225,-123.72761535644531
1773506692.4815109,1226,-116.1677017211914
1773506694.0317502,1227,-107.91080474853516
1773506694.4000554,1228,-102.10562133789062
1773506696.6244216,1229,-116.85627746582031
1773506696.8541,1230,-100.0
1773506723.4791353,1231,-287.27996826171875
1773506734.8951035,1232,-213.54486083984375
1773506736.8783367,1233,-115.49686431884766
1773506737.5593965,1234,-102.43255615234375
1773506742.7613122,1235,-140.17340087890625
1773506743.128378,1236,-100.0
1773506746.295334,1237,-132.77609252929688
1773506747.6722405,1238,-108.07991790771484
1773506750.734061,1239,-128.20486450195312
1773506752.3215013,1240,-119.55709838867188
1773506759.0297668,1241,-152.4133758544922
1773506768.6094012,1242,-187.80551147460938
1773506772.7273371,1243,-127.43256378173828
1773506774.729081,1244,-111.15357971191406
1773506775.3287644,1245,-104.02359008789062
1773506782.976085,1246,-198.39588928222656
1773506785.0936368,1247,-108.28506469726562
1773506788.28894,1248,-133.8065185546875
1773506790.3432894,1249,-107.91891479492188
1773506790.66126,1250,-101.57282257080078
1773506791.9700558,1251,-108.13105010986328
1773506798.1188552,1252,-164.10011291503906
1773506805.751071,1253,-154.71170043945312
1773506816.5581317,1254,-206.7515869140625
1773506818.6072788,1255,-116.44429779052734
1773506821.3828974,1256,-117.13762664794922
1773506821.6777399,1257,-100.68660736083984
1773506822.1258416,1258,-103.76732635498047
1773506823.5352235,1259,-106.68325805664062
1773506826.7342863,1260,-117.5129623413086
1773506827.2781296,1261,-102.15933990478516
1773506829.9577217,1262,-119.39038848876953
1773506833.6567678,1263,-136.75680541992188
1773506839.2002988,1264,-149.57968139648438
1773506842.9683094,1265,-117.05169677734375
1773506847.42498,1266,-127.93277740478516
1773506850.3513236,1267,-126.76583862304688
1773506852.72746,1268,-116.60714721679688
1773506853.3512604,1269,-102.05200958251953
1773506857.6053057,1270,-127.71149444580078
1773506858.7673037,1271,-101.89962768554688
1773506860.6403718,1272,-116.08242797851562
1773506860.8962495,1273,-100.99253845214844
1773506863.5902495,1274,-117.11666870117188
1773506863.950281,1275,-101.50492095947266
1773506870.9481854,1276,-154.1151580810547
1773506872.0434444,1277,-105.16615295410156
1773506874.1646242,1278,-126.08905792236328
1773506876.589079,1279,-114.07479095458984
1773506876.9861703,1280,-101.78194427490234
1773506889.436029,1281,-185.077392578125
1773506988.4810526,1282,39.41961669921875
1773506989.2638173,1283,-102.6872329711914
1773506989.401715,1284,-100.0
1773506999.5281522,1285,-186.3173828125
1773507000.2701828,1286,-101.00872802734375
1773507002.903053,1287,-125.25955963134766
1773507007.9112852,1288,-140.5117950439453
1773507027.0311415,1289,-274.03436279296875
1773507030.584379,1290,-126.97389221191406
1773507030.8281162,1291,-100.0
1773507030.9473963,1292,-100.0
1773507033.136057,1293,-124.81527709960938
1773507036.0555904,1294,-120.16593170166016
1773507040.3129838,1295,-117.73966217041016
1773507045.3172557,1296,-136.4281005859375
1773507047.399268,1297,-121.80400848388672
1773507053.4864712,1298,-153.50650024414062
1773507059.1057189,1299,-163.25839233398438
1773507065.6151161,1300,-144.8877716064453
1773507067.7516334,1301,-113.76240539550781
1773507067.960842,1302,-100.0
1773507068.0887136,1303,-100.0
1773507071.2003582,1304,-124.27007293701172
1773507073.1329792,1305,-113.0177230834961
1773507076.025266,1306,-134.26144409179688
1773507080.7421858,1307,-128.35948181152344
1773507083.3090742,1308,-118.6222915649414
1773507085.7438164,1309,-114.34175109863281
1773507088.2874818,1310,-114.74177551269531
1773507091.9047122,1311,-123.42425537109375
1773507092.823143,1312,-108.1746826171875
1773507095.2890635,1313,-127.52644348144531
1773507096.3203163,1314,-106.10919189453125
1773507108.7114403,1315,-176.17701721191406
1773507112.186103,1316,-116.38253021240234
1773507112.614262,1317,-101.02738952636719
1773507112.7396533,1318,-100.0
1773507119.0788345,1319,-159.4381103515625
1773507125.9261208,1320,-186.94956970214844
1773507126.4244769,1321,-100.4991455078125
1773507136.5780852,1322,-173.99014282226562
1773507139.4952445,1323,-114.99884796142578
1773507143.1170752,1324,-130.5420379638672
1773507144.9010851,1325,-122.57917022705078
1773507146.8221984,1326,-120.92748260498047
1773507152.2234485,1327,-125.27835845947266
1773507153.6808076,1328,-112.81576538085938
1773507155.5992184,1329,-113.04631042480469
1773507155.9730654,1330,-101.37813568115234
1773507159.0466602,1331,-119.73297882080078
1773507162.3813615,1332,-131.89138793945312
1773507169.3273637,1333,-156.36181640625
1773507176.9293962,1334,-137.092041015625
1773507179.3846145,1335,-114.3248291015625
1773507187.3993108,1336,-172.0199432373047
1773507190.9030342,1337,-124.09971618652344
1773507192.4084349,1338,-111.35735321044922
1773507192.6635966,1339,-100.30622100830078
1773507201.3443565,1340,-177.28314208984375
1773507205.3673189,1341,-115.69029998779297
1773507206.2420008,1342,-103.53055572509766
1773507209.6796017,1343,-137.97865295410156
1773507210.3799949,1344,-103.72126770019531
1773507211.6949801,1345,-111.68894958496094
1773507214.7682338,1346,-130.0918426513672
1773507215.0924764,1347,-100.4378433227539
1773507217.1537285,1348,-118.06083679199219
1773507217.431322,1349,-100.41460418701172
1773507218.1183662,1350,-105.37134552001953
1773507222.041191,1351,-124.85497283935547
1773507233.5373216,1352,-212.4281005859375
1773507234.9570336,1353,-103.68534088134766
1773507237.5709548,1354,-119.62853240966797
1773507238.200233,1355,-105.68297576904297
1773507240.5052052,1356,-125.93192291259766
1773507249.2204518,1357,-154.28781127929688
1773507261.3920584,1358,-211.3736114501953
1773507263.2873716,1359,-110.93721771240234
1773507269.5056627,1360,-175.03082275390625
1773507428.5917532,1361,-142.9317169189453
1773507443.7803984,1362,-241.88906860351562
1773507444.7260137,1363,-100.99420166015625
1773507444.8529165,1364,-100.0
1773507449.8373802,1365,-152.83470153808594
1773507462.435819,1366,-201.23046875
1773507464.9920352,1367,-122.76409149169922
1773507468.591675,1368,71.7322769165039
1773507476.518382,1369,-174.3742218017578
1773507479.361452,1370,-122.53541564941406
1773507481.1123238,1371,-107.70742797851562
1773507481.656305,1372,-102.77108764648438
1773507484.864323,1373,-120.9129409790039
1773507489.2409582,1374,-143.8997802734375
1773507495.5244176,1375,-162.29884338378906
1773507497.3151622,1376,-117.47230529785156
1773507498.2862253,1377,-104.55455017089844
1773507501.324791,1378,-117.73180389404297
1773507503.395339,1379,-118.6014633178711
1773507505.2262638,1380,93.43988800048828
1773507507.97882,1381,-133.83743286132812
1773507508.7929718,1382,-104.41217041015625
1773507510.9135253,1383,-122.83304595947266
1773507514.391344,1384,-120.89962768554688
1773507517.1341603,1385,-117.13072967529297
1773507522.4764116,1386,-150.4882354736328
1773507524.4710217,1387,-111.44729614257812
1773507525.2840433,1388,-107.42920684814453
1773507530.0965123,1389,-126.5109634399414
1773507537.262196,1390,-168.516845703125
1773507537.7093487,1391,-100.0
1773507545.5047958,1392,-154.62388610839844
1773507553.0383554,1393,-157.42242431640625
1773507559.5205848,1394,-134.85047912597656
1773507563.8092046,1395,-116.88745880126953
1773507569.4981256,1396,-148.32664489746094
1773507573.5275612,1397,-135.53060913085938
1773507575.7357702,1398,-116.1489028930664
1773507576.4483507,1399,-107.97252655029297
1773507577.1920786,1400,-105.14054870605469
1773507578.0172086,1401,-106.65850067138672
1773507586.608138,1402,-189.3000030517578
1773507587.16875,1403,-100.0
1773507589.2530768,1404,-110.38172149658203
1773507589.4744625,1405,-100.0
1773507590.303857,1406,-106.88084411621094
1773507594.6253743,1407,-131.6375732421875
1773507619.6839898,1408,-246.7172393798828
1773507636.9655442,1409,-219.435302734375
1773507642.352284,1410,-150.3094024658203
1773507644.728103,1411,-117.33509826660156
1773507651.1834161,1412,-141.97311401367188
1773507656.8721004,1413,-138.83291625976562
1773507684.9781291,1414,-276.2794494628906
1773507690.6167483,1415,-119.28726196289062
1773507690.944478,1416,-100.0
1773507701.3979568,1417,-211.1522674560547
1773507702.9483514,1418,-105.89301300048828
1773507709.711162,1419,-144.29974365234375
1773507723.3102338,1420,-225.3716583251953
1773507885.1216252,1421,-120.87298583984375
1773507885.4411397,1422,-100.52910614013672
1773507885.629381,1423,-100.70391845703125
1773507886.596452,1424,-108.3628158569336
1773507890.3097608,1425,-116.55592346191406
1773507891.9051015,1426,-108.88907623291016
1773507893.9331093,1427,77.80165100097656
1773507895.1272118,1428,-107.13583374023438
1773507899.9190805,1429,-135.22926330566406
1773507900.4532225,1430,-101.43079376220703
1773507900.5783596,1431,-100.0
1773507902.4328713,1432,-121.73942565917969
1773507905.0612547,1433,-115.39193725585938
1773507912.8250494,1434,-132.4645233154297
1773507913.871763,1435,-105.91448211669922
1773507930.4883058,1436,-228.1347198486328
1773507936.5377457,1437,-143.3569793701172
1773507941.1689916,1438,-139.91094970703125
1773507943.9196637,1439,-108.8540267944336
1773507968.8005767,1440,-291.06494140625
1773507973.3247874,1441,-135.9852294921875
1773507973.9988818,1442,-104.13601684570312
1773507974.3694172,1443,-101.87238311767578
1773507974.6154006,1444,-101.34729766845703
1773507974.8018417,1445,-100.30552673339844
1773507978.9440534,1446,-139.41978454589844
1773507986.3608027,1447,-151.4648895263672
1773507987.1277983,1448,-102.51378631591797
1773507993.9761455,1449,-164.94656372070312
1773508003.863177,1450,-185.4990234375
1773508006.4798427,1451,-112.41171264648438
1773508010.6293147,1452,-129.37680053710938
1773508018.8229296,1453,-151.5433807373047
1773508022.0224578,1454,-126.52359771728516
1773508022.279981,1455,-100.0
1773508024.518359,1456,-115.02558898925781
1773508035.0644403,1457,-209.9342803955078
1773508037.3747087,1458,-112.8582763671875
1773508041.5683186,1459,-134.85267639160156
1773508042.0069897,1460,-101.510498046875
1773508044.7601316,1461,-120.32147216796875
1773508049.4475782,1462,-124.04537200927734
1773508051.6174865,1463,-113.83279418945312
1773508056.182073,1464,65.50091552734375
1773508057.2988284,1465,-107.54855346679688
1773508062.616621,1466,-143.17002868652344
1773508072.9522722,1467,-165.13552856445312
1773508073.841977,1468,-103.42157745361328
1773508083.6292276,1469,-177.7565460205078
1773508092.0255072,1470,-159.3322296142578
1773508094.7289,1471,-124.74201202392578
1773508095.2659566,1472,-101.85924530029297
1773508095.6820757,1473,-102.33907318115234
1773508102.8795831,1474,-150.58395385742188
1773508105.9994538,1475,-119.68566131591797
1773508115.6802447,1476,-192.228515625
1773508120.0060894,1477,-154.3376007080078
1773508121.4477043,1478,-112.75123596191406
1773508123.4635286,1479,84.0064926147461
1773508128.8657901,1480,-145.7049102783203
1773508129.253057,1481,-100.0
1773508130.34139,1482,-111.7197036743164
1773508131.672213,1483,-112.43511199951172
1773508135.2050867,1484,-131.4961700439453
1773508135.496083,1485,-100.0
1773508140.6208932,1486,-150.4020233154297
1773508140.998342,1487,-100.0
1773508141.120681,1488,-100.0
1773508143.5891535,1489,-109.27157592773438
1773508182.6387577,1490,-359.1986083984375
1773508371.3107986,1491,-121.2009048461914
1773508373.1563625,1492,-117.3481216430664
1773508380.295966,1493,-171.757080078125
1773508381.1254032,1494,-103.59910583496094
1773508396.7048526,1495,-210.0933380126953
1773508400.663074,1496,-129.43487548828125
1773508426.3171265,1497,-267.43878173828125
1773508427.7121387,1498,-100.76214599609375
1773508428.5511043,1499,-109.57357788085938
1773508434.8829083,1500,-141.69483947753906
1773508440.7909722,1501,-144.56829833984375
1773508448.2167475,1502,-176.325927734375
1773508449.1441202,1503,-105.38736724853516
1773508455.3731067,1504,-132.0354766845703
1773508461.063513,1505,-139.2800750732422
1773508462.6939902,1506,91.46976470947266
1773508464.8793812,1507,-118.5613021850586
1773508468.9511588,1508,-134.81314086914062
1773508469.5051003,1509,-103.85356903076172
1773508469.663973,1510,-100.0
1773508470.9039073,1511,-110.2259292602539
1773508487.6313202,1512,-234.7417449951172
1773508494.885173,1513,-167.90908813476562
1773508495.5099754,1514,-102.0999526977539
1773508496.3039508,1515,-105.85245513916016
1773508500.3530958,1516,-143.84747314453125
1773508500.817273,1517,-101.17243194580078
1773508503.2147171,1518,-127.30670928955078
1773508519.1082428,1519,-226.07337951660156
1773508522.0951405,1520,-118.95333099365234
1773508524.9518461,1521,-134.22447204589844
1773508529.861421,1522,-147.39866638183594
1773508530.2324157,1523,-100.0
1773508530.359607,1524,-100.0
1773508534.0164719,1525,-120.99821472167969
1773508552.1512294,1526,-271.3983459472656
1773508562.9933577,1527,-188.128662109375
1773508567.4943612,1528,-132.58743286132812
1773508570.7772686,1529,-134.37469482421875
1773508590.7352188,1530,-252.2837677001953
1773508592.1191568,1531,-102.04615783691406
1773508592.5341349,1532,-103.319580078125
1773508593.6795006,1533,-107.38533782958984
1773508595.937663,1534,-111.6919937133789
1773508596.2292705,1535,-100.37059020996094
1773508596.354029,1536,-100.0
1773508601.1196413,1537,-135.9719696044922
1773508602.712308,1538,-118.71415710449219
1773508604.9224348,1539,-116.03217315673828
1773508611.23366,1540,-151.82264709472656
1773508617.1559906,1541,-136.50588989257812
1773508619.1170585,1542,-121.8374252319336
1773508630.4046159,1543,-183.1804962158203
1773508633.062162,1544,-108.034423828125
1773508642.8951352,1545,-172.6638946533203
1773508647.6807766,1546,-127.16847229003906
1773508648.2254193,1547,-102.65472412109375
1773508650.0496097,1548,-125.13065338134766
1773508653.0893233,1549,-125.51351928710938
1773508662.0711005,1550,-153.7792205810547
1773508827.8958976,1551,-137.46099853515625
1773508830.551217,1552,-128.90200805664062
1773508844.0142145,1553,-184.31520080566406
1773508846.808512,1554,-118.02302551269531
1773508849.0789454,1555,-113.57918548583984
1773508854.4005082,1556,-149.4612274169922
1773508855.4091496,1557,-106.08870697021484
1773508858.1910162,1558,-124.27082824707031
1773508864.1869,1559,62.30014419555664
1773508868.727389,1560,-130.63771057128906
1773508869.729275,1561,-106.8643798828125
1773508874.1025398,1562,-127.15699005126953
1773508892.3441527,1563,-208.62298583984375
1773508895.6520882,1564,-129.05419921875
1773508900.6735647,1565,-130.82496643066406
1773508905.8907804,1566,-145.7435302734375
1773508906.3178928,1567,-100.63961791992188
1773508917.1568289,1568,-194.0617218017578
1773508918.8406417,1569,-109.16828155517578
1773508923.9098275,1570,-149.7513885498047
1773508925.8292193,1571,-117.97346496582031
1773508930.1463425,1572,-124.10449981689453
1773508937.4870658,1573,-146.76968383789062
1773508940.279194,1574,-122.39681243896484
1773508943.877165,1575,-136.65768432617188
1773508951.115816,1576,-154.665283203125
1773508951.8021102,1577,-102.60218048095703
1773508959.9690933,1578,-151.41465759277344
1773508960.8242943,1579,-102.8325424194336
1773508962.9126937,1580,-118.63063049316406
1773508975.6083484,1581,-192.72128295898438
1773508977.2808342,1582,-110.35134887695312
1773508990.456016,1583,-185.8311767578125
1773508996.768084,1584,-136.8213348388672
1773509004.591799,1585,-153.69239807128906
1773509005.7919316,1586,-103.03529357910156
1773509006.775313,1587,-111.18611145019531
1773509008.2792513,1588,-116.70886993408203
1773509011.568141,1589,-121.26651763916016
1773509012.9599094,1590,-104.6278076171875
1773509020.0681112,1591,-184.90167236328125
1773509023.456172,1592,-115.49412536621094
1773509031.619401,1593,-210.98068237304688
1773509033.8078303,1594,-113.95655059814453
1773509038.9894023,1595,-149.9696502685547
1773509051.9850698,1596,-228.9124298095703
1773509060.7693515,1597,-148.61639404296875
1773509069.3115442,1598,-157.3119354248047
1773509071.7513769,1599,-125.417236328125
1773509071.9704459,1600,-100.0
1773509073.8879592,1601,-112.01952362060547
1773509075.7978287,1602,-117.45032501220703
1773509076.2301035,1603,-101.82587432861328
1773509076.3569505,1604,-100.0
1773509076.7489715,1605,-102.33793640136719
1773509078.2936606,1606,-108.78038024902344
1773509080.4887981,1607,-109.80126953125
1773509082.6152933,1608,-111.21697235107422
1773509082.8403332,1609,-100.0
1773509111.9190712,1610,-335.87457275390625
1773509121.463791,1611,-194.0153045654297
1773509223.878667,1612,-106.32805633544922
1773509224.4093168,1613,-102.26274871826172
1773509228.398189,1614,75.94523620605469
1773509228.7724144,1615,-100.96847534179688
1773509233.5506766,1616,-148.38644409179688
1773509237.3273509,1617,-123.55916595458984
1773509244.8231294,1618,-184.65342712402344
1773509249.9858623,1619,-142.5019073486328
1773509250.7558048,1620,-101.4615478515625
1773509251.0552342,1621,-101.56221008300781
1773509251.2378275,1622,-100.43771362304688
1773509262.1990392,1623,-204.23147583007812
1773509263.0328338,1624,-101.73515319824219
1773509266.6335757,1625,-148.25465393066406
1773509270.392452,1626,-122.85295104980469
1773509276.1818833,1627,-125.33606719970703
1773509277.7934213,1628,-114.48880004882812
1773509280.9613173,1629,-120.99037170410156
1773509281.5053637,1630,-101.61235046386719
1773509281.9194808,1631,-103.1559066772461
1773509295.472096,1632,-184.47000122070312
1773509303.3933022,1633,-163.37054443359375
1773509315.3514698,1634,-204.11415100097656
1773509327.8853796,1635,-202.14724731445312
1773509330.3370857,1636,83.95521545410156
1773509340.4812295,1637,-175.6361083984375
1773509353.3995984,1638,-205.40589904785156
1773509363.1594257,1639,-181.40383911132812
1773509373.0390892,1640,-191.91722106933594
1773509373.8593507,1641,-102.6291275024414
1773509375.6401384,1642,-116.04000091552734
1773509375.844467,1643,-100.0
1773509375.9634204,1644,-100.0
1773509384.3202322,1645,-171.67626953125
1773509387.2321818,1646,-117.8189468383789
1773509387.6460426,1647,-102.07406616210938
1773509397.4340346,1648,-186.9089813232422
1773509405.222234,1649,-144.2854766845703
1773509407.6110284,1650,-118.80899047851562
1773509407.833041,1651,-100.0
1773509413.1532478,1652,-141.50587463378906
1773509431.6624863,1653,-250.1893310546875
1773509435.5594544,1654,-138.34500122070312
1773509437.4652205,1655,-111.97697448730469
1773509437.858184,1656,-101.99981689453125
1773509447.456755,1657,-169.93406677246094
1773509470.514282,1658,-262.1357116699219
1773509479.431214,1659,-157.24359130859375
1773509482.465183,1660,-126.93183135986328
1773509489.9981344,1661,-149.14202880859375
1773509506.766732,1662,-201.19285583496094
1773509509.927136,1663,-119.247802734375
1773509510.264179,1664,-101.13013458251953
1773509512.710751,1665,-113.6135025024414
1773509521.55109,1666,-181.75733947753906
1773509568.0652485,1667,-172.51190185546875
1773509568.6554735,1668,-100.65902709960938
1773509568.8358963,1669,-100.4004898071289
1773509570.528886,1670,-116.18614959716797
1773509582.1979558,1671,-173.0039825439453
1773509587.399158,1672,-144.13519287109375
1773509594.8483162,1673,-160.81741333007812
1773509595.364705,1674,-100.0
1773509597.8821046,1675,-126.62193298339844
1773509607.5121017,1676,-178.84840393066406
1773509612.6453803,1677,-125.9563980102539
1773509620.1745486,1678,48.52111053466797
1773509624.0471876,1679,-125.7883529663086
1773509625.0705106,1680,-102.81723022460938
1773509640.3903267,1681,-240.43948364257812
1773509644.175388,1682,-117.86656188964844
1773509646.512579,1683,83.85477447509766
1773509674.894099,1684,-305.2586364746094
1773509686.1972394,1685,-151.44204711914062
1773509690.7581909,1686,-130.09780883789062
1773509691.086051,1687,-100.0
1773509696.3129125,1688,-133.03369140625
1773509698.0312076,1689,-115.65164947509766
1773509698.9771547,1690,-107.55471801757812
1773509706.8957894,1691,-161.22708129882812
1773509711.0410836,1692,-120.27973937988281
1773509712.1285934,1693,-109.3388442993164
1773509714.0561075,1694,-123.42855834960938
1773509717.1124399,1695,-127.02973175048828
1773509727.3283696,1696,-193.27728271484375
1773509745.5184865,1697,-227.707275390625
1773509748.7844057,1698,80.56124877929688
1773509751.3019574,1699,-131.3049774169922
1773509751.6087484,1700,-100.78559112548828
1773509753.7961817,1701,-128.21966552734375
1773509765.6371908,1702,-186.24327087402344
1773509772.6419585,1703,-155.68862915039062
1773509773.6462047,1704,-102.22882843017578
1773509780.8039129,1705,-162.42747497558594
1773509783.903457,1706,-118.32109832763672
1773509784.8698094,1707,-108.66717529296875
1773509807.4062576,1708,-233.38082885742188
1773509809.3173702,1709,-104.01000213623047
1773509813.9206057,1710,-125.28559875488281
1773509824.0541384,1711,-177.0548095703125
1773509832.1411288,1712,-147.52099609375
1773509833.5298624,1713,-111.06578826904297
1773509833.761612,1714,-100.45342254638672
1773509860.9511895,1715,-311.47137451171875
1773510027.9921014,1716,-189.77992248535156
1773510033.1350462,1717,-139.07904052734375
1773510034.2220302,1718,-105.46721649169922
1773510043.598099,1719,-164.78717041015625
1773510044.648633,1720,-104.89163208007812
1773510047.256309,1721,-123.80484008789062
1773510047.5234041,1722,-100.0
1773510052.1828501,1723,-129.32044982910156
1773510059.1721447,1724,-145.57223510742188
1773510072.193073,1725,-204.3656768798828
1773510081.0314243,1726,-182.919189453125
1773510083.7381787,1727,-112.04350280761719
1773510085.8162937,1728,-113.21591186523438
1773510088.43916,1729,-122.16734313964844
1773510093.9251237,1730,-132.80186462402344
1773510094.3767283,1731,-100.59127807617188
1773510096.3852432,1732,-108.46805572509766
1773510111.8223577,1733,-187.4277801513672
1773510115.3105114,1734,-128.76637268066406
1773510119.0321362,1735,63.71735382080078
1773510119.3363378,1736,-100.0
1773510119.8462641,1737,-103.3868408203125
1773510147.0774407,1738,-313.83184814453125
1773510159.4578478,1739,-177.67898559570312
1773510172.257658,1740,-227.95208740234375
1773510178.1850593,1741,-147.24977111816406
1773510182.8720953,1742,63.31260299682617
1773510198.3285334,1743,-249.7704620361328
1773510199.3501933,1744,-100.61854553222656
1773510199.4772146,1745,-100.0
1773510216.2901752,1746,-229.85472106933594
1773510223.1821244,1747,-134.3499298095703
1773510227.7593017,1748,-134.80517578125
1773510238.0486343,1749,-186.8175811767578
1773510243.2269948,1750,-135.97694396972656
1773510246.3741314,1751,-121.8895492553711
1773510260.3673954,1752,-238.84677124023438
1773510263.6559167,1753,-133.10389709472656
1773510267.1090262,1754,-133.72145080566406
1773510276.0542002,1755,-175.42201232910156
1773510282.0312803,1756,-142.501708984375
1773510287.3922348,1757,-139.68951416015625
1773510291.5348456,1758,-120.45966339111328
1773510296.5444002,1759,-130.53564453125
1773510297.731768,1760,-109.05813598632812
1773510302.178682,1761,-151.18275451660156
1773510480.736503,1762,-106.96629333496094
1773510489.5090914,1763,-158.72592163085938
1773510498.9272702,1764,-176.53695678710938
1773510507.393266,1765,-178.9151153564453
1773510507.8964434,1766,-100.0
1773510520.2573059,1767,-222.2603302001953
1773510521.0183375,1768,-100.0
1773510521.5354078,1769,-103.35431671142578
1773510524.0780714,1770,-124.59521484375
1773510527.6321917,1771,-140.3605194091797
1773510527.9273994,1772,-100.0
1773510528.3283029,1773,-103.32090759277344
1773510556.2590134,1774,-318.0829772949219
1773510558.2114615,1775,-104.51739501953125
1773510559.8004355,1776,-109.32522583007812
1773510571.5032206,1777,-195.428955078125
1773510575.3843842,1778,-136.2760772705078
1773510582.898931,1779,-179.43138122558594
1773510591.9622376,1780,-163.52255249023438
1773510596.4630713,1781,-131.27626037597656
1773510597.3991516,1782,-104.71894073486328
1773510601.784204,1783,-136.0206298828125
1773510602.790072,1784,-105.70536041259766
1773510610.053316,1785,-184.39370727539062
1773510619.5345585,1786,-172.06581115722656
1773510621.4092615,1787,-113.23231506347656
1773510629.6128032,1788,-157.81434631347656
1773510631.0118036,1789,-109.389404296875
1773510632.2791674,1790,-110.3104019165039
1773510632.4573023,1791,-100.0
1773510634.2914295,1792,-103.91868591308594
1773510636.4528294,1793,-118.43418884277344
1773510637.274663,1794,-107.82966613769531
1773510663.5460267,1795,-274.8310852050781
1773510668.05494,1796,-120.24259948730469
1773510673.1668954,1797,-145.14077758789062
1773510673.59122,1798,-100.82767486572266
1773510686.89421,1799,-219.18460083007812
1773510690.2403023,1800,-128.85604858398438
1773510702.7521954,1801,-183.31442260742188
1773510731.5353227,1802,-312.7463684082031
1773510743.9833953,1803,-195.46224975585938
1773510759.511439,1804,-217.37054443359375
1773510779.7901309,1805,-260.5637512207031
1773510928.8023424,1806,67.58091735839844
1773510934.6377437,1807,-142.91319274902344
1773510935.040181,1808,-100.0
1773510937.2614043,1809,-119.34779357910156
1773510946.6885712,1810,-153.5957794189453
1773510948.8589709,1811,-106.45794677734375
1773510955.566085,1812,-186.34967041015625
1773510959.5432277,1813,-129.259765625
1773510964.1533508,1814,-122.48078155517578
1773510976.3753636,1815,-190.08352661132812
1773510977.153431,1816,-100.67720031738281
1773510982.3592129,1817,-142.8187255859375
1773510984.4565895,1818,-110.47621154785156
1773510987.3015513,1819,-132.01124572753906
1773511011.2161646,1820,-287.1092834472656
1773511016.0051053,1821,-128.137939453125
1773511021.6689517,1822,-141.03892517089844
1773511027.6413646,1823,-154.50372314453125
1773511031.1497228,1824,-130.4235076904297
1773511031.5991213,1825,-101.22193145751953
1773511031.7780883,1826,-100.9078140258789
1773511033.3381343,1827,-111.568359375
1773511033.8155906,1828,-103.1803207397461
1773511038.9677763,1829,-128.8289031982422
1773511041.5047123,1830,-126.08614349365234
1773511058.6800978,1831,-238.1720428466797
1773511059.6808197,1832,-100.0
1773511061.4091325,1833,-117.91642761230469
1773511064.4738116,1834,-140.54684448242188
1773511078.6565804,1835,-218.3899383544922
1773511086.637312,1836,-177.4267578125
1773511090.2084727,1837,84.61749267578125
1773511109.0549643,1838,-235.79010009765625
1773511110.661069,1839,-106.35198974609375
1773511113.3269734,1840,-117.7597427368164
1773511114.6726902,1841,-112.1008071899414
1773511114.8597798,1842,-100.0
1773511115.424279,1843,-103.35810852050781
1773511127.726136,1844,-157.78311157226562
1773511160.833216,1845,-345.1952209472656
1773511163.3983116,1846,-107.0849609375
1773511166.0804935,1847,79.25007629394531
1773511176.773819,1848,-163.32760620117188
1773511186.4318795,1849,-188.7906951904297
1773511191.5527444,1850,-140.80653381347656
1773511193.2333255,1851,-111.7235107421875
1773511210.029278,1852,-255.55784606933594
1773511224.1011133,1853,-251.9891357421875
1773511317.4542346,1854,-153.59530639648438
1773511336.002884,1855,-253.73126220703125
1773511344.579054,1856,-159.8099822998047
1773511347.5263388,1857,-113.80297088623047
1773511354.6251178,1858,-166.55560302734375
1773511366.9671717,1859,-192.21905517578125
1773511375.6511252,1860,-185.16934204101562
1773511376.1671448,1861,-100.0
1773511386.3283482,1862,-208.25770568847656
1773511387.0189095,1863,-100.0
1773511388.8224525,1864,-108.28024291992188
1773511434.9020903,1865,-427.5553283691406
1773511440.008863,1866,-125.86711120605469
1773511444.4541032,1867,-126.36817169189453
1773511445.6041272,1868,-102.37351989746094
1773511452.8643873,1869,-158.74073791503906
1773511457.5513783,1870,-138.75650024414062
1773511484.4802983,1871,-292.3550109863281
1773511496.5031655,1872,-199.97755432128906
1773511499.0322497,1873,-118.5772476196289
1773511520.7921855,1874,-277.9252014160156
1773511524.7733686,1875,-135.96910095214844
1773511527.6549277,1876,-120.76883697509766
1773511543.7598684,1877,-201.80056762695312
1773511551.01594,1878,-163.47897338867188
1773511552.417702,1879,-112.11853790283203
1773511552.647096,1880,-100.69432067871094
1773511554.9572558,1881,-116.99803924560547
1773511555.2367527,1882,-100.8244400024414
1773511555.4711144,1883,-101.27655792236328
1773511555.5950918,1884,-100.0
1773511557.6142628,1885,-107.47197723388672
1773511557.831331,1886,-100.0
1773511571.1461089,1887,-234.8970184326172
1773511585.567813,1888,-10.742223739624023
1773511596.613169,1889,-205.99070739746094
1773511601.165074,1890,-119.5013198852539
1773511601.4998338,1891,-100.0
1773511614.9181037,1892,-195.98802185058594
1773511750.3174603,1893,-138.2579345703125
1773511759.6720612,1894,-204.90020751953125
1773511760.2791677,1895,-100.69764709472656
1773511770.904926,1896,-211.65701293945312
1773511771.7029998,1897,-100.20826721191406
1773511772.2807188,1898,-104.5014877319336
1773511797.4850245,1899,-311.5054626464844
1773511798.7951097,1900,-100.0
1773511803.4708955,1901,-134.35325622558594
1773511815.4789865,1902,-179.13746643066406
1773511828.0006,1903,-219.21165466308594
1773511840.9091814,1904,-193.76348876953125
1773511846.9122722,1905,46.22160720825195
1773511850.0408106,1906,-113.29756164550781
1773511865.101857,1907,-223.05538940429688
1773511879.6473587,1908,-193.87046813964844
1773511880.4492834,1909,-100.0
1773511880.5680385,1910,-100.0
1773511880.6926498,1911,-100.0
1773511886.6065092,1912,-134.21414184570312
1773511887.8774326,1913,-109.64646911621094
1773511888.0396478,1914,-100.0
1773511896.4489439,1915,-177.76226806640625
1773511910.7659755,1916,-187.36341857910156
1773511914.3499904,1917,-115.01818084716797
1773511917.3520973,1918,-116.11758422851562
1773511920.3869689,1919,-124.45496368408203
1773511924.6735704,1920,-145.9125213623047
1773511928.6084487,1921,-136.8378143310547
1773511938.2084653,1922,49.10710525512695
1773511948.173736,1923,-173.15676879882812
1773511954.215154,1924,-143.9621124267578
1773511954.6143403,1925,-100.0
1773511962.4862013,1926,-151.45570373535156
1773511965.3445098,1927,-120.88789367675781
1773511971.3401444,1928,-152.0219268798828
1773512018.9204593,1929,-411.0736389160156
1773512021.343178,1930,-100.0
1773512021.4623084,1931,-100.0
1773512028.205984,1932,-159.35289001464844
1773512117.422201,1933,-108.32075500488281
1773512136.5991194,1934,-254.0797119140625
1773512137.6559331,1935,-100.0
1773512142.373479,1936,-152.78909301757812
1773512148.7367465,1937,-147.47735595703125
1773512152.0646918,1938,-123.15916442871094
1773512152.5503216,1939,-102.45684051513672
1773512155.8632164,1940,-125.27350616455078
1773512158.925034,1941,-114.03502655029297
1773512169.6237144,1942,-187.57073974609375
1773512183.8461587,1943,-231.57595825195312
1773512187.718299,1944,-131.78956604003906
1773512190.9822826,1945,-123.90742492675781
1773512191.3608372,1946,-101.06964874267578
1773512206.6885026,1947,-229.9210662841797
1773512216.5921772,1948,-166.50909423828125
1773512227.8411765,1949,-210.33489990234375
1773512246.9122949,1950,-251.1935577392578
1773512252.3761313,1951,-144.7036895751953
1773512265.647471,1952,-205.4913330078125
1773512270.3372564,1953,-148.0987091064453
1773512280.1973205,1954,-181.306396484375
1773512281.494276,1955,-105.5770263671875
1773512288.5811782,1956,-147.73342895507812
1773512290.8629088,1957,-128.99298095703125
1773512298.6171234,1958,-157.92031860351562
1773512299.776984,1959,-108.97691345214844
1773512299.9282153,1960,-100.0
1773512304.4804363,1961,-145.0683135986328
1773512307.2972074,1962,-119.14484405517578
1773512321.0798643,1963,-207.21517944335938
1773512327.3459342,1964,-154.73086547851562
1773512329.665557,1965,-111.66329956054688
1773512332.1087785,1966,-115.71517181396484
1773512335.3662083,1967,-119.20530700683594
1773512336.0330245,1968,-105.48638916015625
1773512361.1022182,1969,-281.8617858886719
1773512390.327504,1970,-324.6262512207031
1773512394.8555353,1971,-130.3202362060547
1773512398.6042256,1972,-145.31765747070312
1773512412.599895,1973,-228.75433349609375
1773512567.4575238,1974,-109.05348205566406
1773512575.7913961,1975,-163.8780517578125
1773512577.3048134,1976,-112.55548095703125
1773512584.7282634,1977,-165.07177734375
1773512594.1772544,1978,-167.91932678222656
1773512597.7036378,1979,71.21040344238281
1773512608.8876333,1980,-194.94613647460938
1773512610.6968958,1981,-115.85477447509766
1773512613.4623315,1982,-127.87545013427734
1773512614.4005919,1983,-108.46973419189453
1773512618.0160651,1984,-128.40072631835938
1773512619.4929068,1985,-112.01476287841797
1773512624.2403789,1986,-139.0404510498047
1773512636.0703611,1987,-11.913041114807129
1773512641.879077,1988,-136.85731506347656
1773512642.4363182,1989,-101.4132080078125
1773512647.9850829,1990,-132.9760284423828
1773512650.1991313,1991,-120.0361099243164
1773512650.4122791,1992,-100.0
1773512676.3364234,1993,-341.49884033203125
1773512682.5199237,1994,-141.6640167236328
1773512682.8915157,1995,-100.0
1773512685.1214716,1996,-126.3294677734375
1773512703.046489,1997,-219.1642608642578
1773512704.6211712,1998,-101.09589385986328
1773512704.767367,1999,-100.0
1773512720.230295,2000,-222.04290771484375
1773512765.5902667,2001,-400.92236328125
1773512767.999509,2002,-100.0
1773512785.1022322,2003,-254.1461181640625
1773512788.0706024,2004,-124.1119384765625
1773512788.2897916,2005,-100.0
1773512789.6974132,2006,95.5536880493164
1773512795.6002889,2007,-164.55108642578125
1773512798.991337,2008,-128.65463256835938
1773512811.372695,2009,-187.36141967773438
1773512819.5461287,2010,-148.14488220214844
1773512820.0571043,2011,-100.0
1773512852.5153503,2012,-322.3543701171875
1773512907.0061793,2013,-458.3664245605469
1773513006.5757754,2014,-111.81389617919922
1773513007.159197,2015,-102.48542785644531
1773513011.7122812,2016,-141.15647888183594
1773513014.3682492,2017,-116.1666030883789
1773513027.4150958,2018,-201.50906372070312
1773513029.2899816,2019,-107.19680786132812
1773513029.4779284,2020,-100.0
1773513034.157463,2021,-138.94003295898438
1773513039.3975952,2022,-142.98504638671875
1773513057.647051,2023,-276.4444274902344
1773513121.3690488,2024,-596.1795654296875
1773513125.1024473,2025,-100.99468994140625
1773513127.0773358,2026,-125.3844223022461
1773513127.2961922,2027,-100.0
1773513127.86368,2028,-105.24089813232422
1773513137.8561559,2029,-187.39781188964844
1773513160.6473355,2030,-282.66845703125
1773513170.2240226,2031,-172.25755310058594
1773513180.7365038,2032,-177.72560119628906
1773513186.1445382,2033,-129.86895751953125
1773513187.0644746,2034,-108.34542846679688
1773513226.6452188,2035,-413.564208984375
1773513232.5825078,2036,-141.00115966796875
1773513243.4701524,2037,-167.63211059570312
1773513300.5255654,2038,-503.9913635253906
1773513501.313813,2039,-226.52569580078125
1773513508.0716727,2040,-133.12060546875
1773513513.6374292,2041,-148.1862335205078
1773513515.617307,2042,86.15608978271484
1773513527.0403802,2043,-203.26918029785156
1773513532.1859655,2044,-153.33349609375
1773513543.7189927,2045,-187.96392822265625
1773513544.7609315,2046,-101.99091339111328
1773513549.1032083,2047,-140.52783203125
1773513562.6610672,2048,-215.60720825195312
1773513564.7371054,2049,90.07698822021484
1773513585.7918096,2050,-248.66810607910156
1773513594.8869865,2051,-171.1136932373047
1773513631.7162552,2052,-336.8216552734375
1773513635.4361312,2053,-121.41870880126953
1773513639.3106213,2054,-138.5944061279297
1773513640.1293104,2055,-106.5204086303711
1773513640.3437037,2056,-100.8608169555664
1773513642.2618904,2057,-119.64508819580078
1773513655.087513,2058,-210.0791473388672
1773513666.086155,2059,-192.94021606445312
1773513755.3189874,2060,-686.1280517578125
1773513882.5512373,2061,-100.56922912597656
1773513885.4214869,2062,-121.8666763305664
1773513901.1021295,2063,-211.2481231689453
1773513904.7781456,2064,-117.45321655273438
1773513905.0479608,2065,-100.0
1773513918.52017,2066,-205.2960662841797
1773513934.9832397,2067,-200.98458862304688
1773513943.3218803,2068,-191.3018341064453
1773513945.5418057,2069,-115.11864471435547
1773513947.5844624,2070,-119.49637603759766
1773513949.188122,2071,-109.10342407226562
1773513949.3772268,2072,-100.0
1773513951.6392858,2073,-124.59913635253906
1773513996.4162607,2074,-475.3821716308594
1773514004.6407456,2075,-141.5555419921875
1773514014.5963194,2076,-10.95775318145752
1773514022.7028697,2077,-151.694580078125
1773514038.8543742,2078,-239.20333862304688
1773514041.7435281,2079,-123.94519805908203
1773514050.07952,2080,-159.2460479736328
1773514055.3278031,2081,-138.15159606933594
1773514091.3994005,2082,-373.45404052734375
1773514093.399984,2083,-100.0
1773514095.1897264,2084,-117.71659088134766
1773514102.9505615,2085,-154.49024963378906
1773514110.4230793,2086,-148.7720947265625
1773514134.070305,2087,-261.5833740234375
1773514135.557322,2088,-103.12794494628906
1773514137.5743105,2089,-113.28437805175781
1773514137.8570335,2090,-100.68742370605469
1773514143.93537,2091,-133.76808166503906
1773514217.7833633,2092,-619.1073608398438
1773514322.2714484,2093,-123.2237319946289
1773514331.7467995,2094,-196.7555694580078
1773514338.1121094,2095,-133.86813354492188
1773514353.0563831,2096,-227.49407958984375
1773514366.3095505,2097,-218.8297576904297
1773514368.887288,2098,-114.72684478759766
1773514369.0992591,2099,-100.0
1773514369.2732072,2100,-100.49999237060547
1773514371.6302013,2101,77.03225708007812
1773514376.215126,2102,-138.81802368164062
1773514377.3992772,2103,-110.72380828857422
1773514382.6621244,2104,58.75114440917969
1773514391.383031,2105,-156.76437377929688
1773514391.9750712,2106,-100.0
1773514458.4009066,2107,-516.8963012695312
1773514464.2062624,2108,-122.58743286132812
1773514464.5481982,2109,-100.68052673339844
1773514482.1783442,2110,-253.31320190429688
1773514484.3768194,2111,-113.11663818359375
1773514492.2298622,2112,-173.99070739746094
1773514505.89114,2113,-190.99203491210938
1773514509.078449,2114,-118.23756408691406
1773514528.2481804,2115,-233.41639709472656
1773514529.6243558,2116,-104.65087890625
1773514572.4420447,2117,-455.22589111328125
1773514783.680845,2118,-329.2546691894531
1773514791.7114172,2119,-169.68421936035156
1773514814.6890604,2120,-314.4965515136719
1773514822.767553,2121,-171.9845428466797
1773514873.1313262,2122,-391.7867126464844
1773514877.535344,2123,-121.15788269042969
1773514877.870722,2124,-101.55752563476562
1773514887.863579,2125,-172.5869598388672
1773514939.2689126,2126,-448.3827819824219
1773514984.663408,2127,-476.265869140625
1773515001.0711982,2128,-203.68238830566406
1773515005.6229334,2129,-146.39015197753906
1773515035.9422545,2130,-369.3404541015625
1773515185.8719957,2131,-106.63427734375
1773515232.9589443,2132,-519.9213256835938
1773515236.2877905,2133,-112.0204849243164
1773515251.29557,2134,-200.88711547851562
1773515277.9913213,2135,-298.0606994628906
1773515295.1823616,2136,-249.0998077392578
1773515318.9267702,2137,-323.85821533203125
1773515320.3228805,2138,-100.0
1773515337.7851515,2139,-283.82354736328125
1773515381.551255,2140,-349.28668212890625
1773515384.8451643,2141,-114.82025146484375
1773515385.0251417,2142,-100.0
1773515423.8542671,2143,-452.77044677734375
1773515518.78514,2144,-929.07666015625
1773515638.4781957,2145,-100.61885070800781
1773515641.6540976,2146,-130.46815490722656
1773515658.3690944,2147,-264.9040222167969
1773515673.4612167,2148,-202.8091583251953
1773515679.1270962,2149,-133.01731872558594
1773515803.3276234,2150,-969.6995849609375
1773515943.1157153,2151,-1000.1098022460938
1773516242.5421176,2152,-415.3502197265625
1773516247.1286037,2153,-133.45700073242188
1773516249.8482919,2154,-125.23735046386719
1773516251.045095,2155,-111.9196548461914
1773516255.3190966,2156,-138.72650146484375
1773516266.3411763,2157,13.522642135620117
1773516269.7429817,2158,-123.58534240722656
1773516278.9672985,2159,-178.2774658203125
1773516279.6195638,2160,-100.0
1773516285.4875667,2161,-132.2469024658203
1773516301.2217515,2162,-191.1244659423828
1773516314.6573043,2163,-239.3449249267578
1773516322.0540786,2164,-168.93678283691406
1773516328.0548162,2165,-139.03787231445312
1773516331.929376,2166,-139.9783172607422
1773516343.6402552,2167,-187.35317993164062
1773516345.3329232,2168,-109.04027557373047
1773516347.0968912,2169,-117.88585662841797
1773516350.3439295,2170,-132.0226593017578
1773516350.6812384,2171,-100.97901153564453
1773516356.0248997,2172,-152.00595092773438
1773516362.0558953,2173,-160.4457244873047
1773516379.2132084,2174,-246.25587463378906
1773516380.432002,2175,-101.85795593261719
1773516397.9373918,2176,-251.26776123046875
1773516438.702953,2177,-344.09564208984375
1773516624.9281836,2178,-180.43624877929688
1773516625.5812147,2179,-100.9532470703125
1773516626.2009864,2180,-106.71155548095703
1773516629.7331269,2181,-138.73687744140625
1773516636.1864014,2182,31.10305404663086
1773516673.1343899,2183,-359.2533874511719
1773516679.2961383,2184,-135.41358947753906
1773516729.3679526,2185,-445.5286865234375
1773516791.534776,2186,-531.34912109375
1773516805.7823644,2187,-175.801025390625
1773516810.661491,2188,-131.39955139160156
1773516847.6208446,2189,-377.6662292480469
1773516851.0551066,2190,-111.77708435058594
1773516859.0142741,2191,-168.4901123046875
1773516927.2361317,2192,-622.8478393554688
1773517084.0558221,2193,-100.0
1773517104.608764,2194,-301.6517333984375
1773517112.0461154,2195,-141.1683807373047
1773517120.197411,2196,-190.93780517578125
1773517121.7936301,2197,-114.1557846069336
1773517129.7441454,2198,-163.6857452392578
1773517130.2652538,2199,-100.0
1773517130.3909905,2200,-100.0
1773517130.5098693,2201,-100.0
1773517131.991935,2202,95.41748809814453
1773517138.605888,2203,65.03449249267578
1773517139.778749,2204,-108.4664077758789
1773517185.7012582,2205,-491.95166015625
1773517188.4301908,2206,-102.8446273803711
1773517188.56107,2207,-100.0
1773517191.757253,2208,73.41920471191406
1773517197.8934228,2209,-133.89111328125
1773517200.385112,2210,-130.31927490234375
1773517204.3120592,2211,-141.29457092285156
1773517205.080082,2212,-104.27472686767578
1773517206.0002782,2213,-108.47464752197266
1773517209.3551414,2214,-127.46746826171875
1773517211.2663512,2215,-111.26683807373047
1773517218.6622124,2216,-172.9239959716797
1773517220.6986353,2217,-119.4688949584961
1773517328.730923,2218,-1023.1829833984375
1773517339.1694207,2219,-125.21723937988281
1773517342.2409687,2220,-119.010986328125
1773517345.540101,2221,-132.78189086914062
1773517506.3902023,2222,-109.88522338867188
1773517516.7035427,2223,-175.13502502441406
1773517517.376178,2224,-100.0
1773517523.1526318,2225,-156.62498474121094
1773517576.3239982,2226,-471.6080017089844
1773517586.5090823,2227,-138.0418701171875
1773517590.531088,2228,-125.2185287475586
1773517595.9039683,2229,-132.34130859375
1773517597.0251577,2230,-105.46056365966797
1773517609.2322578,2231,-187.85238647460938
1773517637.1844401,2232,-382.6750793457031
1773517651.5010846,2233,-215.66136169433594
1773517652.4820793,2234,-102.30743408203125
1773517663.3981402,2235,-157.92782592773438
1773517664.0968015,2236,-100.0
1773517670.917935,2237,-169.081787109375
1773517675.0783105,2238,-134.1975555419922
1773517684.0961866,2239,-175.94442749023438
1773517701.2222953,2240,-245.5178985595703
1773517709.3796644,2241,-179.34898376464844
1773517711.745104,2242,-111.40503692626953
1773517718.3409836,2243,-130.38230895996094
1773517720.6961656,2244,-118.74681854248047
1773517722.8169947,2245,-116.81472778320312
1773517824.8793867,2246,-919.1544189453125
1773518008.2241943,2247,-102.8700942993164
1773518011.847745,2248,74.8648910522461
1773518016.3638272,2249,-128.2760467529297
1773518023.340309,2250,-143.9925994873047
1773518036.2722247,2251,-229.97718811035156
1773518037.089797,2252,-100.0
1773518038.4970899,2253,-112.47806549072266
1773518071.8378403,2254,-391.3389892578125
1773518100.5671747,2255,-266.4085998535156
1773518103.9272845,2256,-121.63204956054688
1773518142.9585395,2257,-429.0049133300781
1773518193.752131,2258,-429.9798583984375
1773518213.7294471,2259,-245.2623291015625
1773518217.7514613,2260,-120.32112121582031
1773518221.3991015,2261,-120.06522369384766
1773518222.4966977,2262,-105.9330062866211
1773518247.6799474,2263,-251.12118530273438
1773518256.720835,2264,-160.78968811035156
1773518262.360782,2265,-159.11129760742188
1773518265.7631762,2266,-123.00394439697266
1773518268.447665,2267,-114.26008605957031
1773518278.903202,2268,-189.02342224121094
1773518440.4409688,2269,-103.661376953125
1773518445.230148,2270,-140.47862243652344
1773518464.7213202,2271,-226.54661560058594
1773518477.17817,2272,-199.88229370117188
1773518478.3916314,2273,-106.12398529052734
1773518494.6154594,2274,-236.21620178222656
1773518607.48202,2275,-828.9869384765625
1773518617.6663868,2276,-137.9748992919922
1773518621.3194878,2277,-138.04696655273438
1773518649.729044,2278,-330.84356689453125
1773518683.369997,2279,-331.719970703125
1773518697.4468608,2280,-174.974365234375
1773518698.3851438,2281,-101.34738159179688
1773518722.7141316,2282,-318.9566955566406
1773518747.109116,2283,-286.98907470703125
1773518964.545546,2284,-125.85267639160156
1773519005.1524708,2285,-428.6134948730469
1773519019.3515272,2286,-227.76548767089844
1773519026.8621888,2287,-152.17286682128906
1773519042.1779075,2288,-206.0745391845703
1773519056.7035513,2289,-230.61203002929688
1773519072.2022607,2290,-219.03761291503906
1773519093.0173123,2291,-308.69378662109375
1773519098.638137,2292,-148.5030517578125
1773519100.6311228,2293,-114.2449951171875
1773519105.377536,2294,62.31992721557617
1773519105.8284292,2295,-100.97565460205078
1773519112.3430943,2296,-174.4056396484375
1773519138.924962,2297,-351.5154724121094
1773519140.4392686,2298,-100.0
1773519142.2414105,2299,-118.34233093261719
1773519143.4601295,2300,-109.75027465820312
1773519147.8462362,2301,72.79129028320312
1773519152.6552238,2302,70.86800384521484
1773519160.1291733,2303,-141.39988708496094
1773519192.1598113,2304,-339.1879577636719
1773519204.4223,2305,-162.54193115234375
1773519216.613559,2306,-221.82794189453125
1773519224.111161,2307,-161.24139404296875
1773519225.7609904,2308,-114.92705535888672
1773519232.225371,2309,-166.43093872070312
1773519232.8473084,2310,-101.07546997070312
1773519251.0728953,2311,-263.3800354003906
1773519554.3691912,2312,-451.9248962402344
1773519580.1292017,2313,-273.28863525390625
1773519590.862305,2314,-169.2904052734375
1773519600.7177906,2315,-170.97622680664062
1773519612.2472334,2316,-192.73989868164062
1773519612.9696577,2317,-100.0
1773519614.4781666,2318,-109.12065124511719
1773519614.677889,2319,-100.0
1773519672.3022978,2320,-612.9635620117188
1773519685.0152636,2321,-197.24171447753906
1773519694.2416344,2322,46.1263542175293
1773519694.9592264,2323,-101.30406188964844
1773519698.8401859,2324,-129.52484130859375
1773519734.7111876,2325,-381.1625061035156
1773519740.0051403,2326,-123.99752044677734
1773519769.1114604,2327,-358.88116455078125
1773519794.2093046,2328,-300.5593566894531
1773519877.200318,2329,-138.680419921875
1773519885.710985,2330,-169.68154907226562
1773519906.3931947,2331,-252.34410095214844
1773519936.453988,2332,-310.2008361816406
1773519967.2787426,2333,-361.1815490722656
1773520014.0609314,2334,-424.0499572753906
1773520016.6654334,2335,-102.90553283691406
1773520022.0482798,2336,-130.44668579101562
1773520035.6962621,2337,-16.02562141418457
1773520103.631347,2338,-687.8207397460938
1773520109.0619454,2339,-110.02275085449219
1773520140.558176,2340,-369.45806884765625
1773520147.0133808,2341,-128.4663848876953
1773520158.1235697,2342,-191.30227661132812
1773520166.2860906,2343,-167.28211975097656
1773520370.4335968,2344,-117.83367156982422
1773520370.863363,2345,-101.10408020019531
1773520373.2338157,2346,-126.83606719970703
1773520458.3492355,2347,-666.6556396484375
1773520489.4236124,2348,-310.70074462890625
1773520493.618766,2349,-136.09033203125
1773520504.9201882,2350,-212.20872497558594
1773520551.5125413,2351,-508.83197021484375
1773520561.857296,2352,-164.09461975097656
1773520565.4853382,2353,-116.86125946044922
1773520565.7820227,2354,-100.0
1773520567.3609612,2355,-121.09077453613281
1773520587.3291647,2356,-290.0415954589844
1773520613.8177965,2357,-283.1504211425781
1773520625.4770126,2358,-166.18153381347656
1773520633.1256037,2359,-161.8975372314453
1773520635.8723297,2360,-118.78192138671875
1773520690.009245,2361,-500.0519104003906
1773520898.0738728,2362,-331.56494140625
1773520899.8349786,2363,-100.0
1773520900.8053336,2364,-109.5715103149414
1773520907.4800966,2365,-145.46340942382812
1773520920.5116875,2366,-205.10379028320312
1773520928.8141763,2367,-154.91802978515625
1773520936.0069084,2368,38.62871551513672
1773520958.8681474,2369,-342.8887634277344
1773520960.2831957,2370,-100.0
1773520967.8780258,2371,-162.2933807373047
1773520993.1208413,2372,-278.9393005371094
1773521040.8002613,2373,-472.8926086425781
1773521044.9840784,2374,-121.10392761230469
1773521050.8842113,2375,33.944087982177734
1773521091.3223243,2376,-490.2139587402344
1773521134.9251738,2377,-377.5624694824219
1773521364.9521072,2378,-117.76869201660156
1773521365.185138,2379,-100.0
1773521403.5022168,2380,-413.2998962402344
1773521416.3852053,2381,-198.21356201171875
1773521424.3852391,2382,-176.6409454345703
1773521427.1933477,2383,-124.35061645507812
1773521438.4355898,2384,-188.17300415039062
1773521456.3841403,2385,-256.3356628417969
1773521466.8174517,2386,-172.28456115722656
1773521470.6469145,2387,-138.98297119140625
1773521492.5491505,2388,-244.70323181152344
1773521621.3764343,2389,-970.3408813476562
1773521658.7432063,2390,-317.0356750488281
1773521874.47313,2391,-118.8737564086914
1773521888.5211225,2392,-236.07614135742188
1773521891.0411,2393,-113.50897216796875
1773521893.465856,2394,-114.22294616699219
1773521899.598299,2395,-174.5763397216797
1773521905.5037975,2396,-165.29953002929688
1773521907.8708234,2397,-123.38423156738281
1773521914.8318608,2398,-158.7707061767578
1773521920.4178696,2399,-151.79397583007812
1773521935.4408348,2400,-201.24774169921875
1773521940.598298,2401,-132.86997985839844
1773521943.9298267,2402,-129.31419372558594
1773521944.4610312,2403,-101.89080810546875
1773522057.016265,2404,-994.1403198242188
1773522071.392315,2405,35.41328430175781
1773522103.3344014,2406,-324.6166687011719
1773522107.6401958,2407,-115.49896240234375
1773522108.6332526,2408,-109.33889770507812
1773522116.1732163,2409,53.54075622558594
1773522118.5511608,2410,-117.80052185058594
1773522132.526812,2411,-224.50709533691406
1773522136.7181911,2412,67.43704986572266
1773522205.303188,2413,-749.1167602539062
1773522369.3909004,2414,-103.60581970214844
1773522369.7608848,2415,-103.25481414794922
1773522375.0763159,2416,-140.7976531982422
1773522521.8789387,2417,-1289.4462890625
1773522530.695227,2418,-111.01551818847656
1773522551.3298986,2419,-233.22271728515625
1773522562.9442074,2420,-166.30715942382812
1773522576.0309541,2421,-186.17477416992188
1773522583.8262491,2422,-163.58570861816406
1773522649.0732617,2423,-674.5274047851562
1773522837.8687673,2424,-100.0
1773522840.834156,2425,-119.43863677978516
1773522841.1229663,2426,-100.0
1773522912.1162949,2427,-698.0653686523438
1773522937.6882744,2428,-308.7752380371094
1773522948.303736,2429,-208.3524932861328
1773522959.936146,2430,-174.52113342285156
1773522975.8791914,2431,-252.18341064453125
1773522976.9741743,2432,-101.16424560546875
1773523088.2062576,2433,-861.1912231445312
1773523353.7288918,2434,-531.8516235351562
1773523364.864726,2435,33.83384704589844
1773523365.4153004,2436,-100.0
1773523425.9207904,2437,-572.9022827148438
1773523487.5740583,2438,-507.26287841796875
1773523494.2661252,2439,-122.4146957397461
1773523501.2391024,2440,-140.84036254882812
1773523580.7470253,2441,-643.007080078125
1773523589.78321,2442,-141.23760986328125
1773523624.7741685,2443,-341.7078552246094
1773523842.6469316,2444,-212.794189453125
1773523843.491621,2445,-100.0
1773523899.9151802,2446,-493.835693359375
1773523910.1811001,2447,64.82185363769531
1773523917.4428337,2448,-151.30726623535156
1773523918.8897986,2449,-110.77411651611328
1773523921.870066,2450,-117.25963592529297
1773523961.0787146,2451,-422.9490051269531
1773523972.1970665,2452,-189.79615783691406
1773523973.4659927,2453,-109.38980865478516
1773523974.022898,2454,-101.97982788085938
1773523997.8891916,2455,-279.68597412109375
1773523999.3864837,2456,-100.0
1773524026.5681074,2457,-369.15338134765625
1773524050.4789314,2458,-297.5929260253906
1773524051.9363863,2459,-100.0
1773524085.5290782,2460,-439.3440856933594
1773524109.4441736,2461,-313.4082336425781
1773524293.1840274,2462,-143.14964294433594
1773524297.9573548,2463,-153.7722625732422
1773524310.6480176,2464,-231.011474609375
1773524314.0727265,2465,-134.56939697265625
1773524349.2391267,2466,-387.0782165527344
1773524420.7169952,2467,-606.0263061523438
1773524574.8553247,2468,-1308.081787109375
1773524846.049104,2469,9.164900779724121
1773524915.4793878,2470,-641.648193359375
1773524919.391392,2471,-100.0
1773524966.3519711,2472,-514.6860961914062
1773525016.105254,2473,-507.18450927734375
1773525025.0252385,2474,28.85588836669922
1773525033.2398713,2475,13.758193969726562
1773525033.8057773,2476,-100.0
1773525047.862086,2477,-250.0515899658203
1773525058.0219088,2478,-188.40890502929688
1773525059.5891438,2479,-109.12832641601562
1773525083.9043672,2480,-302.1742248535156
1773525094.7984946,2481,-175.9403839111328
1773525108.1171372,2482,-180.4091796875
1773525108.9861622,2483,-100.0
1773525126.2233026,2484,-211.37110900878906
1773525350.63003,2485,13.622343063354492
1773525389.1836147,2486,-453.20501708984375
1773525404.440278,2487,-186.12924194335938
1773525425.766222,2488,-292.4603271484375
1773525473.4631279,2489,-492.0
1773525477.4258301,2490,-114.14778900146484
1773525480.2408288,2491,81.74333953857422
1773525499.0634403,2492,-219.6208038330078
1773525506.3177261,2493,38.83677673339844
1773525512.1733842,2494,61.75007629394531
1773525592.590727,2495,-750.5079345703125
1773525623.0768237,2496,-346.8643493652344
1773525821.8713589,2497,-291.50970458984375
1773525866.3603797,2498,-491.02557373046875
1773525936.207293,2499,-611.5384521484375
1773525940.7283347,2500,-106.263427734375
1773525943.3982842,2501,-129.47140502929688
1773526131.7123153,2502,-1360.219970703125
1773526329.6369944,2503,-304.62066650390625
1773526337.0361898,2504,-171.73419189453125
1773526382.9042673,2505,-442.37451171875
1773526400.772255,2506,-218.50299072265625
1773526404.4944463,2507,-130.35667419433594
1773526440.614241,2508,-450.2505187988281
1773526495.735126,2509,-533.6021728515625
1773526498.7784107,2510,-100.0
1773526536.7181678,2511,-436.86285400390625
1773526599.07167,2512,-561.614501953125
1773526792.6578493,2513,-224.141845703125
1773526802.2551591,2514,-168.97698974609375
1773526802.9811456,2515,-100.38488006591797
1773526803.1089482,2516,-100.0
1773526838.351086,2517,-362.66278076171875
1773526856.705422,2518,-238.7321319580078
1773526894.8171155,2519,-439.47833251953125
1773526909.7114422,2520,-212.76756286621094
1773526911.5199826,2521,-110.40847778320312
1773527042.5211463,2522,-1211.6766357421875
1773527383.78108,2523,-844.9625854492188
1773527426.3050942,2524,-414.3182678222656
1773527465.0824761,2525,-447.8760681152344
1773527480.2820349,2526,-242.28759765625
1773527485.5302527,2527,69.25618743896484
1773527538.5605934,2528,-492.1514587402344
1773527607.6292229,2529,-515.3054809570312
1773527769.7548556,2530,-314.1688232421875
1773527858.710414,2531,-695.772216796875
1773527865.5370953,2532,-119.2242660522461
1773527992.0690706,2533,-1208.303466796875
1773528174.8617876,2534,-439.0089111328125
1773528182.0713847,2535,71.11559295654297
1773528193.3133168,2536,-205.16390991210938
1773528243.4069295,2537,-479.5400085449219
1773528250.5931466,2538,-126.55238342285156
1773528292.2481706,2539,-410.1048889160156
1773528351.5560844,2540,-658.792724609375
1773528523.2470405,2541,-1392.9788818359375
1773528722.0871952,2542,-138.94451904296875
1773528724.3789086,2543,-114.98650360107422
1773528797.602475,2544,-686.8082275390625
1773528805.559498,2545,-142.4336395263672
1773528841.6129637,2546,-386.202392578125
1773528913.3684528,2547,-635.5950927734375
1773529100.534944,2548,-355.9254150390625
1773529103.3509102,2549,-113.08516693115234
1773529110.2773652,2550,-164.5729522705078
1773529170.0401516,2551,-640.0205688476562
1773529185.2170515,2552,-230.2462615966797
1773529280.799198,2553,-976.2055053710938
1773529299.7994862,2554,-227.3699951171875
1773529307.162144,2555,40.060081481933594
1773529308.8451934,2556,-117.63819885253906
1773529331.6070874,2557,-270.8246765136719
1773529343.287141,2558,-1.3385779857635498
1773529527.4159126,2559,-109.0416488647461
1773529531.169834,2560,-136.16094970703125
1773529538.7212436,2561,-176.63314819335938
1773529556.4222727,2562,-251.41880798339844
1773529562.3372426,2563,-127.69869995117188
1773529562.751342,2564,-100.0
1773529652.2941036,2565,-809.4115600585938
1773529671.46036,2566,-213.02496337890625
1773529744.1501808,2567,-596.869140625
1773529758.647001,2568,29.83258628845215
1773529759.3608057,2569,-100.0
1773529829.7232113,2570,-697.6331787109375
1773529924.3021102,2571,-229.3114471435547
1773529996.4490151,2572,-590.038330078125
1773530069.326467,2573,-623.3465576171875
1773530108.109453,2574,-381.35406494140625
1773530160.9651318,2575,-502.9229736328125
1773530164.1274734,2576,-100.77571868896484
1773530165.8794565,2577,-120.53907775878906
1773530166.159363,2578,-100.73228454589844
1773530186.9791887,2579,-289.2979431152344
1773530257.7204027,2580,-771.89306640625
1773530557.4965262,2581,-785.469970703125
1773530568.67729,2582,-161.98175048828125
1773530653.070327,2583,-737.5889282226562
1773530658.126293,2584,-100.0
1773530658.304734,2585,-100.33380889892578
1773530659.0452533,2586,-109.10725402832031
1773530670.0850468,2587,-210.04661560058594
1773530755.3995628,2588,-822.1864624023438
1773530992.0652938,2589,-658.6602172851562
1773531076.175266,2590,-700.7237548828125
1773531093.6055992,2591,-234.79135131835938
1773531107.832166,2592,-238.09194946289062
1773531180.1331525,2593,-621.5872802734375
1773531383.3844168,2594,-141.48280334472656
1773531558.9902647,2595,-1506.2030029296875
1773531594.535047,2596,-339.0978698730469
1773531779.5196145,2597,-1687.3223876953125
1773532014.9660091,2598,-615.8047485351562
1773532128.4860532,2599,-915.720703125
1773532493.4940605,2600,-835.72509765625
1773532504.9612372,2601,-161.4217529296875
1773532505.4489734,2602,-100.0
1773532548.614224,2603,-435.41815185546875
1773532551.7171626,2604,-104.78504943847656
1773532633.1022687,2605,-839.55322265625
1773532780.3272831,2606,-192.3429718017578
1773532781.6645272,2607,-102.73148345947266
1773532830.4472291,2608,-544.9490356445312
1773532833.968032,2609,-105.6015396118164
1773532841.550699,2610,-178.32907104492188
1773532878.2643008,2611,-462.03668212890625
1773532924.280229,2612,-466.8811950683594
1773532938.6073802,2613,-220.28724670410156
1773533002.0402875,2614,-737.0584716796875
1773533082.728649,2615,-730.6085205078125
1773533380.548081,2616,-993.7670288085938
1773533405.7730532,2617,-264.8565368652344
1773533415.3121352,2618,-215.3624725341797
1773533446.2962658,2619,-369.28326416015625
1773533597.7605238,2620,-1269.000244140625
1773533801.1531534,2621,-146.98118591308594
1773533826.6633637,2622,-337.1243591308594
1773533911.65318,2623,-815.7994384765625
1773533928.8902123,2624,-215.0115966796875
1773533933.2564611,2625,-122.58218383789062
1773533957.285607,2626,-309.34686279296875
1773534004.6085668,2627,-285.5553894042969
1773534111.9598844,2628,-1086.1171875
1773534334.7585711,2629,-498.3321533203125
1773534362.0806947,2630,-293.28021240234375
1773534365.2648523,2631,-120.81509399414062
1773534383.159688,2632,-285.4398498535156
1773534402.916984,2633,-237.84677124023438
1773534542.6814146,2634,-1221.34375
1773534788.4072113,2635,-813.494384765625
1773534795.7812898,2636,-113.97087860107422
1773534813.326214,2637,-277.5930480957031
1773534928.5158837,2638,-1164.571533203125
1773535132.3673143,2639,-137.66200256347656
1773535216.741301,2640,-760.775390625
1773535236.5582364,2641,-243.55130004882812
1773535424.5121367,2642,-1548.5537109375
1773535781.3373604,2643,-1176.6226806640625
1773535823.0079525,2644,-223.79808044433594
1773535876.2492726,2645,-499.8326721191406
1773535885.8058865,2646,36.1937255859375
1773535887.199773,2647,-110.70256805419922
1773535926.7112854,2648,-380.35272216796875
1773536188.335301,2649,-951.59130859375
1773536204.953838,2650,-201.96730041503906
1773536244.0007694,2651,-422.8898010253906
1773536272.9280298,2652,-378.52239990234375
1773536276.1518986,2653,-116.99861907958984
1773536302.7762086,2654,-370.460205078125
1773536425.9659905,2655,-1006.4848022460938
1773536643.1374328,2656,-770.4563598632812
1773536648.3212001,2657,-100.0
1773536659.1690242,2658,-231.87081909179688
1773536709.2813704,2659,-436.63140869140625
1773536791.9728787,2660,-815.8912353515625
1773537047.2568526,2661,-1071.1025390625
1773537128.4001634,2662,-531.6629028320312
1773537139.7493398,2663,-188.20111083984375
1773537181.0791037,2664,-397.77020263671875
1773537188.8471317,2665,-137.9952392578125
1773537258.2476382,2666,-677.1947631835938
1773537515.1601777,2667,-310.7168273925781
1773537516.9513903,2668,-100.0
1773537560.439089,2669,-500.76904296875
1773537798.7339306,2670,-2211.890625
1773538000.1931915,2671,-152.68966674804688
1773538042.181105,2672,-268.1732482910156
1773538097.8162978,2673,-541.7557983398438
1773538104.9720862,2674,-149.58192443847656
1773538134.0004928,2675,-172.74884033203125
1773538182.9009862,2676,-480.5281677246094
1773538197.816128,2677,-213.75743103027344
1773538210.3844855,2678,-229.08270263671875
1773538222.3722646,2679,24.233604431152344
1773538313.486082,2680,-909.0827026367188
1773538532.6899352,2681,-730.0093383789062
1773538550.788426,2682,-14.015578269958496
1773538605.7642686,2683,-661.5681762695312
1773538727.9364731,2684,-1089.2713623046875
1773538847.8455853,2685,-100.0
1773538882.2951298,2686,-421.9924011230469
1773538891.1924152,2687,-163.7394256591797
1773538901.3491056,2688,17.177459716796875
1773538909.422977,2689,-181.72607421875
1773538922.8710144,2690,-192.6846160888672
1773538992.3128128,2691,-777.8281860351562
1773539016.3042698,2692,-297.96588134765625
1773539024.6145084,2693,53.67567825317383
1773539126.1132336,2694,-938.7373046875
1773539376.94309,2695,-1021.4508666992188
1773539411.0520184,2696,-97.10237121582031
1773539493.6005845,2697,-856.5162963867188
1773539553.440883,2698,-612.8243408203125
1773539709.2173238,2699,-399.1517028808594
1773539719.329037,2700,-184.2526397705078
1773539786.534191,2701,-627.8538818359375
1773539879.2955008,2702,-861.7817993164062
1773539928.7170494,2703,-532.233642578125
1773539939.265325,2704,-179.4987335205078
1773539956.961687,2705,-272.0632019042969
1773540127.1693432,2706,-195.94017028808594
1773540137.7614326,2707,-197.4104766845703
1773540192.18333,2708,-634.9315795898438
1773540195.8332596,2709,-100.0
1773540237.9933615,2710,-330.11492919921875
1773540271.7062144,2711,-393.883056640625
1773540285.870177,2712,-230.15188598632812
1773540286.7999089,2713,-100.0
1773540362.307965,2714,-764.3834228515625
1773540385.2489355,2715,-324.7491149902344
1773540404.0597692,2716,-253.11456298828125
1773540528.4013355,2717,-100.6333999633789
1773540661.1432362,2718,-915.9794921875
1773540723.5741699,2719,-332.5111999511719
1773540872.151017,2720,-1231.73193359375
1773540985.862603,2721,-100.0
1773541003.3664222,2722,-283.7647705078125
1773541006.6897893,2723,-123.7466049194336
1773541031.9489207,2724,-99.75291442871094
1773541114.7210557,2725,-720.6263427734375
1773541185.025104,2726,-572.6907958984375
1773541189.509796,2727,-100.0
1773541251.3982325,2728,-588.5697021484375
1773541705.862171,2729,-1735.562744140625
1773541732.8460832,2730,-207.47567749023438
1773541733.817325,2731,-100.0
1773541733.9443169,2732,-100.0
1773541734.0728166,2733,-100.0
1773541750.1684918,2734,-253.1687774658203
1773541787.832233,2735,-210.10569763183594
1773541948.9922233,2736,-393.6156005859375
1773541971.6544232,2737,-262.21685791015625
1773542008.7904274,2738,-438.4205627441406
1773542024.1024666,2739,-250.52511596679688
1773542048.99285,2740,-292.4250793457031
1773542050.6881719,2741,-100.0
1773542157.9913728,2742,-1002.138671875
1773542304.3989635,2743,-181.69993591308594
1773542345.6023233,2744,-462.6805725097656
1773542367.3602693,2745,-56.275386810302734
1773542403.1808772,2746,-196.01194763183594
1773542418.5744443,2747,-232.86087036132812
1773542443.7126231,2748,-108.33277130126953
1773542466.4888089,2749,-113.01213836669922
1773542478.968916,2750,-199.16656494140625
1773542498.6801012,2751,-56.82054901123047
1773542668.8243327,2752,-1478.4393310546875
1773542917.4128537,2753,-779.6925659179688
1773542950.0933304,2754,-330.5324401855469
1773542951.9395068,2755,-100.0
1773543010.976602,2756,-641.0460815429688
1773543046.2734017,2757,-459.39117431640625
1773543200.2171507,2758,-100.0
1773543255.909714,2759,-642.4675903320312
1773543283.392497,2760,-355.8721618652344
1773543328.8644156,2761,-287.9473571777344
1773543349.7936096,2762,-274.3777770996094
1773543367.6813784,2763,-9.834654808044434
1773543414.8519373,2764,-502.2361145019531
1773543419.1678479,2765,-115.99482727050781
1773543437.1265132,2766,-52.54585266113281
1773543438.4644074,2767,-100.0
1773543496.1601498,2768,-425.0302429199219
1773543676.9852805,2769,-747.1242065429688
1773543725.2429004,2770,-470.5677490234375
1773543743.7066698,2771,-203.15206909179688
1773543772.217828,2772,-350.1636047363281
1773543911.4709778,2773,-1074.79931640625
1773544016.630943,2774,-255.37611389160156
1773544173.9767394,2775,-1114.684814453125
1773544339.0633607,2776,-1220.3651123046875
1773544523.6957538,2777,-513.346435546875
1773544545.904104,2778,-268.2802429199219
1773544587.3125174,2779,-374.7485046386719
1773544611.7318172,2780,-126.24939727783203
1773546432.4835875,2,-208.0008087158203
1773546452.00315,3,-246.7710418701172
1773546473.284255,4,-329.0800476074219
1773546559.9393969,5,-950.2462158203125
1773546567.8763018,6,-121.10161590576172
1773546606.8821192,7,-413.10455322265625
1773546632.3444748,2,54.22566223144531
1773546731.256508,3,-1077.5352783203125
1773546787.1597388,4,-322.56488037109375
1773546791.8309815,5,97.82787322998047
1773546796.9841583,6,-137.80543518066406
1773546816.3759847,7,-59.83591079711914
1773546824.2802632,8,67.49455261230469
1773546833.7173762,9,26.70923614501953
1773546834.392782,10,-100.0
1773546852.9210799,11,-32.20793151855469
1773546860.7599878,12,33.96025848388672
1773546871.1924431,13,29.38373565673828
1773546873.1446612,14,-105.6398696899414
1773546891.6066651,15,-244.09329223632812
1773546895.193414,16,78.18115997314453
1773546914.6483808,17,-238.6268768310547
1773546932.7281427,18,-249.68975830078125
1773546938.7104619,19,64.87855529785156
1773546960.6307702,20,-89.99612426757812
1773546965.7833302,21,81.71684265136719
1773546973.1431596,22,-178.92909240722656
1773547154.9352994,23,-135.26431274414062
1773547157.528204,24,83.13996887207031
1773547229.6882627,25,-703.5423583984375
1773547235.8318272,26,-108.6084213256836
1773547247.8977618,27,-215.7735137939453
1773547319.5118706,28,-452.1766357421875
1773547328.8858821,29,-145.8838348388672
1773547407.896548,30,-398.4855651855469
1773547425.3356252,31,-190.1357879638672
1773547445.4321184,32,-17.699108123779297
1773547473.3025362,33,-340.02178955078125
1773547487.4803903,34,-20.213369369506836
1773547492.601157,35,81.70820617675781
1773547702.4569283,36,-457.21820068359375
1773547778.040726,37,-814.0574340820312
1773547797.9763732,38,-7.617290496826172
1773547802.998524,39,-124.78703308105469
1773547815.6073284,40,-17.54340362548828
1773547821.911731,41,58.90635681152344
1773547838.6784368,42,-244.02444458007812
1773547850.965835,43,20.253372192382812
1773547861.6888015,44,-192.96763610839844
1773547885.462924,45,-93.75875854492188
1773547889.5585,46,91.20613098144531
1773547891.0642881,47,-108.51331329345703
1773547895.286914,48,61.80495071411133
1773547899.4790978,49,-133.1942596435547
1773547906.1355953,50,51.30596160888672
1773547927.7343955,51,-89.37035369873047
1773547956.1206775,52,-81.95460510253906
1773548011.8303072,53,-319.30023193359375
1773548092.5032156,54,66.97904205322266
1773548100.3780835,55,-179.9440155029297
1773548110.6794412,56,15.852507591247559
1773548122.6807466,57,-217.12774658203125
1773548123.641863,58,-100.0
1773548133.5264397,59,25.776702880859375
1773548158.2000494,60,-297.2336120605469
1773548200.8892393,61,-430.55059814453125
1773548235.2231798,62,-107.82077026367188
1773548283.9589062,63,-233.2157440185547
1773548289.6558769,64,-123.75715637207031
1773548328.7923968,65,-177.26171875
1773548353.5283232,66,-60.98377990722656
1773548383.8006656,67,-53.55105972290039
1773548386.3909028,68,-103.30449676513672
1773548417.977711,69,-187.67904663085938
1773548564.505833,70,-397.5263671875
1773548629.6234043,71,-305.0684814453125
1773548690.0726078,72,-763.046630859375
1773548697.6887767,73,-127.9794921875
1773548713.1121087,74,-230.28822326660156
1773548725.0804486,75,-221.870849609375
1773548785.9757156,76,-339.33160400390625
1773548790.1680672,77,-100.0
1773548811.3519757,78,-39.07454299926758
1773548819.7701192,79,40.217403411865234
1773548842.008985,80,-125.63922882080078
1773548970.7749186,81,-66.10224914550781
1773549034.8398352,82,-489.0550231933594
1773549053.2727537,83,4.033246040344238
1773549055.6712873,84,93.57640838623047
1773549069.752842,85,-17.59787368774414
1773549094.5299723,86,-283.3391418457031
1773549096.6968179,87,-103.73042297363281
1773549104.249833,88,59.29821014404297
1773549111.2683425,89,60.017982482910156
1773549153.688293,90,-223.7960662841797
1773549187.7689981,91,-204.92381286621094
1773549207.6071436,92,-38.644107818603516
1773549219.1269565,93,19.000911712646484
1773549227.3500798,94,-160.84552001953125
1773549229.5919003,95,88.62692260742188
1773549230.1344953,96,-102.35842895507812
1773549243.9600482,97,-15.88488483428955
1773549260.504036,98,-4.887533664703369
1773549276.7273762,99,-1.2535775899887085
1773549327.416419,100,-124.53636169433594
1773549336.0588915,101,23.966840744018555
1773549356.502291,102,-305.7380065917969
1773549364.7268627,103,44.05806350708008
1773549369.0797684,104,-123.4724349975586
1773549373.9762201,105,79.80025482177734
1773549385.4645767,106,22.577112197875977
1773549392.6954787,107,-152.3395233154297
1773549395.5757477,108,81.9562759399414
1773549396.439352,109,-106.19915771484375
1773549402.4235594,110,54.03629684448242
1773549403.4488842,111,-106.42041015625
1773549419.8650222,112,-4.9459452629089355
1773549426.6479838,113,-134.78016662597656
1773549453.657298,114,-65.02947998046875
1773549461.2727022,115,59.54129409790039
1773549468.3117948,116,-163.41763305664062
1773549484.5033278,117,3.378249168395996
1773549489.0797644,118,-127.32118225097656
1773549517.5922813,119,-72.8087387084961
1773549536.6638165,120,-259.9318542480469
1773549546.5513644,121,9.72442626953125
1773549555.6387374,122,29.074678421020508
1773549569.656981,123,-177.5308380126953
1773549570.8475733,124,-100.0
1773549605.7841537,125,-126.29022979736328
1773549614.7757528,126,65.1295394897461
1773549626.0735273,127,-207.61244201660156
1773549634.9356282,128,37.351295471191406
1773549635.6385524,129,-100.0
1773549656.7942932,130,-246.3740234375
1773549669.8467696,131,-3.7719807624816895
1773549735.6698966,132,60.51342010498047
1773549737.1750805,133,98.55892944335938
1773549752.1851363,134,-19.715091705322266
1773549833.7827687,135,-423.5651550292969
1773549852.8879075,136,-216.02047729492188
1773549862.8083107,137,24.526609420776367
1773549863.6727338,138,-100.0
1773549865.656973,139,-121.16897583007812
1773549885.6246505,140,-300.7768249511719
1773549895.639615,141,39.23859786987305
1773549907.0637007,142,9.283193588256836
1773549911.320006,143,82.10611724853516
1773549926.1691816,144,-234.89151000976562
1773549932.2151673,145,73.17366790771484
1773549941.7841253,146,30.504072189331055
1773549942.6807187,147,-100.0
1773549953.6229098,148,5.999179363250732
1773549971.9918716,149,-35.22487258911133
1773549981.143284,150,-163.86878967285156
1773549989.9125779,151,61.94998550415039
1773550007.6404777,152,10.648696899414062
1773550015.3821476,153,-155.3783721923828
1773550030.77633,154,5.3585686683654785
1773550050.0402272,155,-263.53302001953125
1773550064.4714012,156,-0.45385634899139404
1773550076.1849782,157,27.46004867553711
1773550112.7599194,158,41.25681686401367
1773550126.8083444,159,-26.696870803833008
1773550135.7044976,160,53.147579193115234
1773550158.8075085,161,-67.91141510009766
1773550170.6820874,162,12.879240989685059
1773550201.4007485,163,-123.95919799804688
1773550204.2483847,164,-108.13764190673828
1773550211.6733587,165,36.55805969238281
1773550236.022469,166,-119.64875793457031
1773550260.632064,167,-366.983154296875
1773550273.4623876,168,8.538861274719238
1773550293.017081,169,-261.2212219238281
1773550303.225789,170,-183.59608459472656
1773550316.8238676,171,-10.411421775817871
1773550347.3215575,172,-353.410400390625
1773550385.3982997,173,-223.00543212890625
1773550388.5680726,174,-106.01209259033203
1773550411.4485548,175,-231.61920166015625
1773550426.1980386,176,-174.0876922607422
1773550440.6012235,177,2.696712017059326
1773550450.3606102,178,25.617767333984375
1773550562.4565475,179,8.288288116455078
1773550565.7846353,180,-122.120361328125
1773550583.1601777,181,-36.21266555786133
1773550594.3930767,182,38.59257888793945
1773550606.7115486,183,8.39441204071045
1773550633.9451642,184,-111.0862045288086
1773550636.2167628,185,-100.0
1773550645.942284,186,-188.5375213623047
1773550656.055619,187,40.037757873535156
1773550665.4004397,188,17.221940994262695
1773550684.152857,189,-37.407005310058594
1773550688.2471228,190,-129.62525939941406
1773550715.1275141,191,-127.79146575927734
1773550737.464264,192,-291.75457763671875
1773550752.2472534,193,-14.915246963500977
1773550758.7760394,194,-152.31060791015625
1773550767.1287708,195,43.75975036621094
1773550780.6627877,196,-8.4124116897583
1773550785.528136,197,64.8094253540039
1773550809.9109893,198,-115.18700408935547
1773550827.1279278,199,-0.2930538058280945
1773550836.8869941,200,-203.44619750976562
1773550839.3507047,201,-119.87740325927734
1773550841.9765985,202,-120.83501434326172
1773550845.8807364,203,-125.70716857910156
1773550851.961836,204,-158.54600524902344
1773550861.719465,205,27.12284278869629
1773550888.2465847,206,-83.25740051269531
1773550959.2237988,207,-48.4287223815918
1773550961.2867038,208,-100.0
1773550985.6544385,209,-101.57279968261719
1773551004.6620874,210,-72.46204376220703
1773551019.6730466,211,6.318896770477295
1773551035.4136992,212,-49.06586456298828
1773551036.822929,213,-100.6004409790039
1773551046.840748,214,13.170461654663086
1773551052.5046945,215,78.44982147216797
1773551062.9046893,216,9.48187255859375
1773551071.8938003,217,31.615921020507812
1773551072.7290127,218,-100.97703552246094
1773551083.319558,219,30.288997650146484
1773551093.4950526,220,33.04601287841797
1773551128.0888865,221,-173.53085327148438
1773551133.8472903,222,-114.73837280273438
1773551179.9603138,223,-228.9145965576172
1773551257.0804398,224,-885.0993041992188
1773551272.3435702,225,44.01386642456055
1773551277.2091596,226,-149.1191864013672
1773551379.062925,227,10.52527141571045
1773551403.672386,228,-56.504539489746094
1773551425.8173003,229,-63.47919845581055
1773551440.2791448,230,3.213524580001831
1773551471.3857396,231,-165.99246215820312
1773551497.9440205,232,-347.5648193359375
1773551516.2167757,233,-240.91539001464844
1773551555.0645616,234,-200.8877410888672
1773551597.8140116,235,-195.4194793701172
1773551650.2322483,236,-604.9146118164062
1773551666.551193,237,-195.56109619140625
1773551678.6479836,238,15.808929443359375
1773551688.600252,239,46.57961654663086
1773551693.3685157,240,71.44038391113281
1773551702.1370249,241,-175.65780639648438
1773551715.9600377,242,25.902368545532227
1773551823.9939654,243,-81.18488311767578
1773551847.930349,244,-51.05215835571289
1773551870.8423085,245,-23.857213973999023
1773551886.7673297,246,7.013994216918945
1773551891.1520965,247,-130.8544921875
1773551896.8628905,248,67.95018768310547
1773551910.605844,249,-36.384063720703125
1773551920.1029322,250,25.41320037841797
1773551945.2005115,251,-97.07353973388672
1773551961.0106933,252,-18.564207077026367
1773551964.3016286,253,85.32701873779297
1773551990.9959376,254,-172.12240600585938
1773552001.850065,255,15.021625518798828
1773552015.5325482,256,-225.78334045410156
1773552034.2353904,257,-78.4543685913086
1773552041.115351,258,71.62915802001953
1773552049.5711489,259,49.86991882324219
1773552050.0992453,260,-100.0
1773552058.3389282,261,38.927032470703125
1773552067.5150352,262,18.483354568481445
1773552087.1629696,263,-50.23271560668945
1773552100.6140559,264,26.737985610961914
1773552113.0409932,265,11.711906433105469
1773552189.605803,266,-100.0
1773552200.368948,267,-222.8446044921875
1773552231.9860094,268,-125.77561950683594
1773552263.0201602,269,-355.41619873046875
1773552276.1955287,270,-4.497979640960693
1773552285.8209221,271,-171.3919677734375
1773552316.0042045,272,-176.19459533691406
1773552319.3862693,273,-119.1717529296875
1773552330.2204993,274,28.617082595825195
1773552353.2926989,275,-116.62596130371094
1773552369.4578738,276,-17.613319396972656
1773552375.1485806,277,-137.65975952148438
1773552378.6759207,278,-146.41586303710938
1773552384.986097,279,72.96398162841797
1773552404.5798812,280,-60.57195281982422
1773552415.554867,281,12.756952285766602
1773552431.9389665,282,-293.5921630859375
1773552437.9999409,283,-155.29849243164062
1773552447.4623175,284,38.82178497314453
1773552453.4218025,285,56.729644775390625
1773552468.3482394,286,-8.078670501708984
1773552479.5970407,287,2.982142925262451
1773552549.092601,288,-282.69049072265625
1773552554.5773091,289,69.68754577636719
1773552571.8532355,290,-39.777706146240234
1773552585.7120574,291,-32.38681411743164
1773552602.884133,292,-27.246671676635742
1773552620.5661194,293,-43.58641815185547
1773552625.6591465,294,71.18895721435547
1773552631.7609758,295,42.59197235107422
1773552639.889342,296,44.29531478881836
1773552653.34779,297,-221.6806640625
1773552661.2301216,298,-186.99208068847656
1773552668.7402427,299,43.227413177490234
1773552693.6041946,300,-124.9676513671875
1773552705.7323472,301,-244.8164520263672
1773552713.3482902,302,41.964027404785156
1773552718.8637109,303,55.598880767822266
1773552732.9731143,304,-230.89736938476562
1773552745.7084804,305,-21.286945343017578
1773552767.5565462,306,-61.4089241027832
1773552774.8353448,307,41.384212493896484
1773552807.8720613,308,-348.0306396484375
1773552812.3675206,309,-135.01316833496094
1773552825.7312953,310,-279.9384765625
1773552838.3649728,311,-266.8866882324219
1773552883.0024776,312,-6.15571928024292
1773552887.4364827,313,73.83650207519531
1773552898.8202477,314,16.3502254486084
1773552912.4961023,315,-25.93583869934082
1773552920.1297843,316,54.61857986450195
1773552930.8286223,317,27.400941848754883
1773552932.0583549,318,-107.46878814697266
1773552941.0280194,319,36.4485969543457
1773552941.6566138,320,-100.95511627197266
1773552947.7111511,321,57.54453659057617
1773552976.1961646,322,-156.7308807373047
1773552981.356307,323,58.51754379272461
1773552989.7214112,324,20.285743713378906
1773552993.389284,325,85.02981567382812
1773552994.6042967,326,95.15656280517578
1773553006.3640563,327,-5.0311784744262695
1773553015.074903,328,51.677364349365234
1773553027.8761532,329,2.0921084880828857
1773553068.2600415,330,-418.8427734375
1773553082.5221598,331,-16.7508602142334
1773553106.9977324,332,-94.55866241455078
1773553122.0749383,333,-14.759739875793457
1773553147.7713914,334,-109.25172424316406
1773553175.867803,335,-78.2496337890625
1773553229.8691683,336,-372.75909423828125
1773553231.6203573,337,-103.00672149658203
1773553231.7579408,338,-100.0
1773553250.532968,339,-53.01111602783203
1773553267.7000937,340,6.1328606605529785
1773553277.074351,341,13.890098571777344
1773553283.1712914,342,46.41383743286133
1773553291.0926964,343,34.778099060058594
1773553300.6845815,344,25.649442672729492
1773553317.9174201,345,-99.89697265625
1773553333.1883569,346,-2.241569757461548
1773553335.692314,347,90.20724487304688
1773553360.9212642,348,-80.34693145751953
1773553367.8343856,349,56.15508270263672
1773553383.3422387,350,-46.53840255737305
1773553388.0182266,351,56.89748001098633
1773553402.291317,352,1.3365848064422607
1773553425.1232972,353,-300.47235107421875
1773553438.3528848,354,-220.2379150390625
1773553473.7720828,355,-157.360595703125
1773553484.9413652,356,27.994037628173828
1773553485.5169094,357,-100.0
1773553490.7965267,358,52.52696990966797
1773553552.1003828,359,-135.26174926757812
1773553565.3151674,360,-7.959298610687256
1773553568.972739,361,-141.8582305908203
1773553579.9203892,362,-26.99483871459961
1773553581.8920832,363,89.06198120117188
1773553599.0842695,364,-62.64540481567383
1773553602.4056416,365,73.84478759765625
1773553602.6614695,366,-100.0
1773553602.835416,367,-100.98851776123047
1773553615.6831129,368,26.610319137573242
1773553621.359915,369,61.83921432495117
1773553627.717181,370,-147.72320556640625
1773553633.1888103,371,47.781192779541016
1773553645.677039,372,-260.3913879394531
1773553659.139028,373,-28.48240852355957
1773553666.820685,374,43.784122467041016
1773553682.164497,375,-32.505306243896484
1773553692.6560402,376,26.391191482543945
1773553705.5837016,377,2.8931832313537598
1773553718.90994,378,-12.969109535217285
1773553728.2207026,379,24.46168327331543
1773553730.926717,380,-126.07818603515625
1773553739.6038065,381,27.26597023010254
1773553745.3589056,382,68.69676208496094
1773553774.8532927,383,-122.9954833984375
1773553793.908152,384,-111.23542022705078
1773553799.0582287,385,73.06513977050781
1773553819.0428689,386,-365.1332702636719
1773553827.6110048,387,49.93645095825195
1773553838.4685502,388,3.7678709030151367
1773553849.8683207,389,28.37195587158203
1773553884.2202022,390,17.432905197143555
1773553894.9618375,391,-179.32469177246094
1773553896.7648215,392,-114.7435531616211
1773553910.851192,393,21.106121063232422
1773553916.237612,394,55.44770431518555
1773553926.6518753,395,18.79440689086914
1773553927.3422105,396,-100.0
1773553961.9964612,397,-188.3290557861328
1773553979.2516356,398,-62.83024978637695
1773553987.706456,399,-202.979248046875
1773553996.8451788,400,27.086851119995117
1773554003.652259,401,-177.79808044433594
1773554017.2732854,402,-13.815465927124023
1773554031.344191,403,-52.99929428100586
1773554033.276004,404,-107.87158203125
1773554040.6528952,405,43.250179290771484
1773554050.9393282,406,20.904415130615234
1773554056.3129697,407,70.86494445800781
1773554079.505289,408,-108.81912994384766
1773554080.816285,409,-100.0
1773554096.8495345,410,-25.6755428314209
1773554112.185059,411,-34.1710090637207
1773554128.081478,412,-7.925463676452637
1773554149.2668803,413,-39.834014892578125
1773554151.9812183,414,-119.36915588378906
1773554166.4847932,415,-29.44190788269043
1773554204.4981813,416,74.41104888916016
1773554206.8109322,417,89.65325164794922
1773554222.0839002,418,-2.3674607276916504
1773554241.7238934,419,-82.56355285644531
1773554251.5707586,420,11.392271995544434
1773554252.275152,421,-102.3278579711914
1773554253.018994,422,-107.04741668701172
1773554253.6126602,423,99.16239929199219
1773554267.3958907,424,-45.09183883666992
1773554299.6333878,425,-184.745361328125
1773554313.884374,426,-192.25453186035156
1773554322.420228,427,60.24231719970703
1773554334.7782617,428,13.73654556274414
1773554340.1409576,429,43.1226806640625
1773554343.043283,430,-128.0065155029297
1773554348.2102163,431,-158.24887084960938
1773554348.7226272,432,-101.69449615478516
1773554361.8607056,433,-33.146759033203125
1773554373.7407947,434,1.2352235317230225
1773554374.9063764,435,-107.13831329345703
1773554377.7405195,436,-131.58294677734375
1773554384.8812664,437,31.490991592407227
1773554391.47234,438,34.86261749267578
1773554405.900213,439,0.3673892915248871
1773554419.3141418,440,-12.258150100708008
1773554445.4857106,441,-170.3643035888672
1773554446.8956575,442,-100.0
1773554457.9241364,443,-24.773439407348633
1773554468.2836897,444,21.82632064819336
1773554488.6555064,445,-39.78636169433594
1773554496.0171802,446,42.15158462524414
1773554537.6452906,447,-188.9841766357422
1773554556.4294271,448,-38.679866790771484
1773554572.4930742,449,-64.34952545166016
1773554578.778615,450,-179.97494506835938
1773554579.2928622,451,-101.68946075439453
1773554584.8503115,452,-144.26730346679688
1773554601.1470525,453,-31.235517501831055
1773554604.602621,454,77.71482849121094
1773554612.84969,455,26.25692367553711
1773554622.9313316,456,29.020919799804688
1773554629.146676,457,-178.51019287109375
1773554657.1465874,458,-187.8473358154297
1773554666.73367,459,25.323991775512695
1773554678.5423162,460,38.92761993408203
1773554686.6411977,461,35.68402099609375
1773554691.4691088,462,63.62358474731445
1773554699.4114716,463,52.26375198364258
1773554703.3086345,464,-144.25125122070312
1773554716.368724,465,-5.362451076507568
1773554720.003127,466,76.7823486328125
1773554735.900711,467,-24.572925567626953
1773554736.9243407,468,-101.57506561279297
1773554742.0545008,469,-160.7136993408203
1773554752.4600122,470,7.2673869132995605
1773554757.3293095,471,61.02709197998047
1773554779.789266,472,-63.53861999511719
1773554791.4416,473,33.90748596191406
1773554802.668476,474,27.763513565063477
1773554803.5041182,475,-102.05310821533203
1773554808.6880014,476,45.19426345825195
1773554817.0099301,477,19.80876350402832
1773554821.5852222,478,66.11695098876953
1773554832.346993,479,6.1847243309021
1773554858.788619,480,-100.56016540527344
1773554860.813293,481,-123.16598510742188
1773554872.7825868,482,-5.616233825683594
1773554874.7003083,483,87.65593719482422
1773554876.507759,484,88.00515747070312
1773554886.4766366,485,24.201444625854492
1773554896.0196702,486,2.949009895324707
1773554901.8288207,487,34.994441986083984
1773554914.2650504,488,-16.799951553344727
1773554915.533261,489,-106.29104614257812
1773554927.7482471,490,18.091196060180664
1773554933.0082736,491,-145.6837921142578
1773554945.6040957,492,-11.599209785461426
1773554955.6340744,493,37.065738677978516
1773554962.968662,494,-187.7468719482422
1773554987.2764382,495,-116.84600830078125
1773555005.70909,496,-78.50631713867188
1773555011.0671175,497,69.08702087402344
1773555014.8930542,498,71.54479217529297
1773555021.178493,499,61.707366943359375
1773555030.447947,500,-155.1485137939453
1773555038.4797316,501,21.437713623046875
1773555115.9858234,502,-541.1380615234375
1773555128.549132,503,32.95042037963867
1773555138.0920694,504,30.433345794677734
1773555151.803402,505,-28.755367279052734
1773555186.3930821,506,64.29450988769531
1773555187.6842492,507,-113.94905090332031
1773555213.7080493,508,-107.18623352050781
1773555220.0445514,509,-166.4162139892578
1773555220.593622,510,-102.83296203613281
1773555228.7845407,511,29.86662483215332
1773555229.3392,512,-100.80547332763672
1773555238.2526703,513,35.09148406982422
1773555242.754185,514,67.49213409423828
1773555251.2265697,515,14.802715301513672
1773555261.818575,516,5.719821453094482
1773555262.8435926,517,-103.6159896850586
1773555273.4550474,518,9.848013877868652
1773555281.8934882,519,-200.87118530273438
1773555307.634928,520,-106.45417785644531
1773555315.4740696,521,65.64834594726562
1773555327.5154645,522,10.638262748718262
1773555333.6687636,523,68.3012466430664
1773555345.2832742,524,12.365681648254395
1773555346.1180573,525,-101.91629028320312
1773555352.7732658,526,37.36616134643555
1773555364.1725118,527,-24.428449630737305
1773555367.699507,528,82.1814193725586
1773555376.1540954,529,41.19243621826172
1773555389.5308254,530,-26.83999252319336
1773555411.7497697,531,-89.887939453125
1773555422.9413664,532,28.54490089416504
1773555429.7347336,533,46.573883056640625
1773555430.2550652,534,-100.0
1773555440.5271006,535,15.693968772888184
1773555443.2299426,536,92.60254669189453
1773555447.2855394,537,-147.44061279296875
1773555458.013219,538,-2.9687108993530273
1773555462.382838,539,72.66674041748047
1773555599.6218421,540,-1664.2117919921875
1773555643.885431,541,-110.90933227539062
1773555647.2795436,542,73.05007934570312
1773555647.5907247,543,-100.0
1773555653.988794,544,52.501312255859375
1773555674.3400226,545,-51.84563064575195
1773555677.7090588,546,79.27764892578125
1773555710.9563797,547,-151.1201629638672
1773555717.0732036,548,74.39173126220703
1773555728.614784,549,18.918930053710938
1773555740.668255,550,6.772339344024658
1773555756.2094264,551,-29.138246536254883
1773555770.3098648,552,8.448556900024414
1773555776.1660008,553,65.95519256591797
1773555776.542189,554,-100.0
1773555787.1414042,555,13.019047737121582
1773555795.035401,556,34.21159362792969
1773555798.39542,557,76.29578399658203
1773555809.8717632,558,17.592294692993164
1773555908.3068764,559,-42.98469161987305
1773555928.1430113,560,-36.89462661743164
1773555949.4874516,561,-74.78900146484375
1773555961.7210987,562,-30.052568435668945
1773555998.9681544,563,-224.78350830078125
1773556018.1669548,564,-11.73000717163086
1773556023.0957694,565,71.8689956665039
1773556029.9004037,566,58.0720329284668
1773556044.4081492,567,-6.568758964538574
1773556057.5249805,568,-5.268834114074707
1773556067.2219698,569,44.68042755126953
1773556069.5591257,570,-117.03925323486328
1773556073.33323,571,73.46312713623047
1773556077.077118,572,-137.1699981689453
1773556085.3056834,573,-141.73805236816406
1773556087.2222567,574,93.60978698730469
1773556098.744966,575,-15.613783836364746
1773556115.254553,576,-19.383134841918945
1773556121.0155132,577,71.44627380371094
1773556139.7329326,578,-79.61227416992188
1773556149.1764264,579,52.73316192626953
1773556164.856774,580,2.9669673442840576
1773556166.3599298,581,-100.0
1773556175.638247,582,30.51575469970703
1773556190.0066748,583,-6.454923629760742
1773556196.6004581,584,59.63315200805664
1773556202.3011723,585,62.067352294921875
1773556206.6478338,586,-130.07595825195312
1773556214.5548067,587,33.67715835571289
1773556224.2129333,588,25.131452560424805
1773556280.8871894,589,-18.89681625366211
1773556288.344245,590,54.05332946777344
1773556302.5515332,591,-11.056408882141113
1773556305.1643066,592,-119.32673645019531
1773556308.4385011,593,-137.34564208984375
1773556321.3333337,594,16.623695373535156
1773556356.6016798,595,-352.40594482421875
1773556359.8800333,596,-100.0
1773556375.2551117,597,-17.956506729125977
1773556385.143509,598,43.095726013183594
