xacro: in-order processing became default in ROS Melodic. You can drop the option.
xacro: in-order processing became default in ROS Melodic. You can drop the option.
... logging to /data/lzq/.ros/log/d4f9fa86-24e3-11f1-aa32-cd86210345d0/roslaunch-lzq-57999.log
Checking log directory for disk usage. This may take a while.
Press Ctrl-C to interrupt
]2;/data/lzq/ros_motion_planning/src/sim_env/launch/main.launch
[1mstarted roslaunch server http://lzq:35165/[0m

SUMMARY
========

PARAMETERS
 * /gazebo/enable_ros_network: True
 * /robot1/move_base/PIDController/base_frame: base_link
 * /robot1/move_base/PIDController/convert_offset: 0.0
 * /robot1/move_base/PIDController/goal_dist_tolerance: 0.2
 * /robot1/move_base/PIDController/k: 1.0
 * /robot1/move_base/PIDController/k_theta: 0.7
 * /robot1/move_base/PIDController/k_v_d: 0.1
 * /robot1/move_base/PIDController/k_v_i: 0.1
 * /robot1/move_base/PIDController/k_v_p: 1.0
 * /robot1/move_base/PIDController/k_w_d: 0.1
 * /robot1/move_base/PIDController/k_w_i: 0.1
 * /robot1/move_base/PIDController/k_w_p: 1.0
 * /robot1/move_base/PIDController/l: 0.2
 * /robot1/move_base/PIDController/lookahead_time: 0.5
 * /robot1/move_base/PIDController/map_frame: map
 * /robot1/move_base/PIDController/max_lookahead_dist: 0.9
 * /robot1/move_base/PIDController/max_v: 0.5
 * /robot1/move_base/PIDController/max_v_inc: 0.5
 * /robot1/move_base/PIDController/max_w: 1.57
 * /robot1/move_base/PIDController/max_w_inc: 1.57
 * /robot1/move_base/PIDController/min_lookahead_dist: 0.3
 * /robot1/move_base/PIDController/min_v: 0.0
 * /robot1/move_base/PIDController/min_w: 0.0
 * /robot1/move_base/PIDController/rotate_tolerance: 0.5
 * /robot1/move_base/PathPlanner/convert_offset: 0.0
 * /robot1/move_base/PathPlanner/default_tolerance: 0.0
 * /robot1/move_base/PathPlanner/expand_zone: True
 * /robot1/move_base/PathPlanner/hybrid_astar/analytic_expansion_max_length: 5.0
 * /robot1/move_base/PathPlanner/hybrid_astar/analytic_expansion_ratio: 1.5
 * /robot1/move_base/PathPlanner/hybrid_astar/cache_obstacle_heuristic: False
 * /robot1/move_base/PathPlanner/hybrid_astar/change_penalty: 0.4
 * /robot1/move_base/PathPlanner/hybrid_astar/cost_penalty: 2.0
 * /robot1/move_base/PathPlanner/hybrid_astar/curve_sample_ratio: 0.15
 * /robot1/move_base/PathPlanner/hybrid_astar/dim_3_size: 32
 * /robot1/move_base/PathPlanner/hybrid_astar/downsample_obstacle_heuristic: True
 * /robot1/move_base/PathPlanner/hybrid_astar/goal_tolerance: 0.2
 * /robot1/move_base/PathPlanner/hybrid_astar/lookup_table_dim: 20.0
 * /robot1/move_base/PathPlanner/hybrid_astar/max_approach_iterations: 500
 * /robot1/move_base/PathPlanner/hybrid_astar/max_iterations: 20000
 * /robot1/move_base/PathPlanner/hybrid_astar/minimum_turning_radius: 0.3
 * /robot1/move_base/PathPlanner/hybrid_astar/motion_model: 2
 * /robot1/move_base/PathPlanner/hybrid_astar/non_straight_penalty: 1.5
 * /robot1/move_base/PathPlanner/hybrid_astar/retrospective_penalty: 0.025
 * /robot1/move_base/PathPlanner/hybrid_astar/reverse_penalty: 2.5
 * /robot1/move_base/PathPlanner/hybrid_astar/traverse_unknown: False
 * /robot1/move_base/PathPlanner/obstacle_factor: 0.5
 * /robot1/move_base/PathPlanner/outline_map: True
 * /robot1/move_base/PathPlanner/planner_name: theta_star
 * /robot1/move_base/PathPlanner/show_safety_corridor: False
 * /robot1/move_base/base_global_planner: path_planner/Path...
 * /robot1/move_base/base_local_planner: pid_controller/PI...
 * /robot1/move_base/conservative_reset_dist: 3.0
 * /robot1/move_base/controller_frequency: 20.0
 * /robot1/move_base/controller_patience: 15.0
 * /robot1/move_base/global_costmap/footprint: [[-0.21, -0.165],...
 * /robot1/move_base/global_costmap/footprint_padding: 0.1
 * /robot1/move_base/global_costmap/global_frame: map
 * /robot1/move_base/global_costmap/inflation_layer/cost_scaling_factor: 5
 * /robot1/move_base/global_costmap/inflation_layer/enabled: True
 * /robot1/move_base/global_costmap/inflation_layer/inflation_radius: 0.2
 * /robot1/move_base/global_costmap/map_type: costmap
 * /robot1/move_base/global_costmap/meter_scoring: True
 * /robot1/move_base/global_costmap/obstacle_layer/observation_sources: scan
 * /robot1/move_base/global_costmap/obstacle_layer/scan/clearing: True
 * /robot1/move_base/global_costmap/obstacle_layer/scan/data_type: LaserScan
 * /robot1/move_base/global_costmap/obstacle_layer/scan/expected_update_rate: 1
 * /robot1/move_base/global_costmap/obstacle_layer/scan/inf_is_valid: True
 * /robot1/move_base/global_costmap/obstacle_layer/scan/marking: True
 * /robot1/move_base/global_costmap/obstacle_layer/scan/max_obstacle_height: 0.2
 * /robot1/move_base/global_costmap/obstacle_layer/scan/min_obstacle_height: 0.0
 * /robot1/move_base/global_costmap/obstacle_layer/scan/observation_persistence: 0.0
 * /robot1/move_base/global_costmap/obstacle_layer/scan/obstacle_range: 2.5
 * /robot1/move_base/global_costmap/obstacle_layer/scan/raytrace_range: 3.0
 * /robot1/move_base/global_costmap/obstacle_layer/scan/sensor_frame: robot1/base_footp...
 * /robot1/move_base/global_costmap/obstacle_layer/scan/topic: /robot1/scan
 * /robot1/move_base/global_costmap/origin_z: 0.0
 * /robot1/move_base/global_costmap/plugins: [{'name': 'static...
 * /robot1/move_base/global_costmap/publish_frequency: 0.5
 * /robot1/move_base/global_costmap/publish_voxel_map: False
 * /robot1/move_base/global_costmap/robot_base_frame: robot1/base_footp...
 * /robot1/move_base/global_costmap/scan/sensor_frame: robot1/base_scan
 * /robot1/move_base/global_costmap/scan/topic: /robot1/scan
 * /robot1/move_base/global_costmap/static_map/clear_time: 20
 * /robot1/move_base/global_costmap/static_map/enabled: True
 * /robot1/move_base/global_costmap/static_map/publish_static_map: True
 * /robot1/move_base/global_costmap/transform_tolerance: 0.2
 * /robot1/move_base/global_costmap/update_frequency: 1.0
 * /robot1/move_base/global_costmap/z_resolution: 1
 * /robot1/move_base/global_costmap/z_voxels: 2
 * /robot1/move_base/local_costmap/global_frame: robot1/odom
 * /robot1/move_base/local_costmap/height: 3
 * /robot1/move_base/local_costmap/inflation_radius: 0.2
 * /robot1/move_base/local_costmap/plugins: [{'name': 'obstac...
 * /robot1/move_base/local_costmap/publish_frequency: 0.5
 * /robot1/move_base/local_costmap/resolution: 0.05
 * /robot1/move_base/local_costmap/robot_base_frame: robot1/base_footp...
 * /robot1/move_base/local_costmap/rolling_window: True
 * /robot1/move_base/local_costmap/scan/sensor_frame: robot1/base_scan
 * /robot1/move_base/local_costmap/scan/topic: /robot1/scan
 * /robot1/move_base/local_costmap/static_map: False
 * /robot1/move_base/local_costmap/transform_tolerance: 1.0
 * /robot1/move_base/local_costmap/update_frequency: 1.0
 * /robot1/move_base/local_costmap/width: 3
 * /robot1/move_base/oscillation_distance: 0.2
 * /robot1/move_base/oscillation_timeout: 10.0
 * /robot1/move_base/planner_frequency: 2
 * /robot1/move_base/planner_patience: 5.0
 * /robot1/move_base/shutdown_costmaps: False
 * /robot1/move_base/transform_tolerance: 2.0
 * /robot1/robot_description: <?xml version="1....
 * /robot1/tf_map2odom_node/odom_frame_id: robot1/odom
 * /robot1/tf_prefix: robot1
 * /robot2/move_base/DWAController/acc_lim_theta: 3.2
 * /robot2/move_base/DWAController/acc_lim_x: 2.5
 * /robot2/move_base/DWAController/acc_lim_y: 0.0
 * /robot2/move_base/DWAController/controller_frequency: 10.0
 * /robot2/move_base/DWAController/forward_point_distance: 0.05
 * /robot2/move_base/DWAController/goal_distance_bias: 24.0
 * /robot2/move_base/DWAController/latch_xy_goal_tolerance: False
 * /robot2/move_base/DWAController/max_scaling_factor: 0.2
 * /robot2/move_base/DWAController/max_vel_theta: 1.35
 * /robot2/move_base/DWAController/max_vel_trans: 1.5
 * /robot2/move_base/DWAController/max_vel_x: 1.5
 * /robot2/move_base/DWAController/max_vel_y: 0.0
 * /robot2/move_base/DWAController/min_vel_theta: 0.1
 * /robot2/move_base/DWAController/min_vel_trans: 0
 * /robot2/move_base/DWAController/min_vel_x: 0
 * /robot2/move_base/DWAController/min_vel_y: 0.0
 * /robot2/move_base/DWAController/occdist_scale: 0.02
 * /robot2/move_base/DWAController/oscillation_reset_dist: 0.05
 * /robot2/move_base/DWAController/path_distance_bias: 32.0
 * /robot2/move_base/DWAController/publish_cost_grid_pc: True
 * /robot2/move_base/DWAController/publish_traj_pc: True
 * /robot2/move_base/DWAController/scaling_speed: 0.25
 * /robot2/move_base/DWAController/sim_time: 2.0
 * /robot2/move_base/DWAController/stop_time_buffer: 0.2
 * /robot2/move_base/DWAController/vth_samples: 60
 * /robot2/move_base/DWAController/vx_samples: 10
 * /robot2/move_base/DWAController/vy_samples: 0
 * /robot2/move_base/DWAController/xy_goal_tolerance: 0.1
 * /robot2/move_base/DWAController/yaw_goal_tolerance: 0.3
 * /robot2/move_base/PathPlanner/convert_offset: 0.0
 * /robot2/move_base/PathPlanner/default_tolerance: 0.0
 * /robot2/move_base/PathPlanner/expand_zone: True
 * /robot2/move_base/PathPlanner/hybrid_astar/analytic_expansion_max_length: 5.0
 * /robot2/move_base/PathPlanner/hybrid_astar/analytic_expansion_ratio: 1.5
 * /robot2/move_base/PathPlanner/hybrid_astar/cache_obstacle_heuristic: False
 * /robot2/move_base/PathPlanner/hybrid_astar/change_penalty: 0.4
 * /robot2/move_base/PathPlanner/hybrid_astar/cost_penalty: 2.0
 * /robot2/move_base/PathPlanner/hybrid_astar/curve_sample_ratio: 0.15
 * /robot2/move_base/PathPlanner/hybrid_astar/dim_3_size: 32
 * /robot2/move_base/PathPlanner/hybrid_astar/downsample_obstacle_heuristic: True
 * /robot2/move_base/PathPlanner/hybrid_astar/goal_tolerance: 0.2
 * /robot2/move_base/PathPlanner/hybrid_astar/lookup_table_dim: 20.0
 * /robot2/move_base/PathPlanner/hybrid_astar/max_approach_iterations: 500
 * /robot2/move_base/PathPlanner/hybrid_astar/max_iterations: 20000
 * /robot2/move_base/PathPlanner/hybrid_astar/minimum_turning_radius: 0.3
 * /robot2/move_base/PathPlanner/hybrid_astar/motion_model: 2
 * /robot2/move_base/PathPlanner/hybrid_astar/non_straight_penalty: 1.5
 * /robot2/move_base/PathPlanner/hybrid_astar/retrospective_penalty: 0.025
 * /robot2/move_base/PathPlanner/hybrid_astar/reverse_penalty: 2.5
 * /robot2/move_base/PathPlanner/hybrid_astar/traverse_unknown: False
 * /robot2/move_base/PathPlanner/obstacle_factor: 0.5
 * /robot2/move_base/PathPlanner/outline_map: True
 * /robot2/move_base/PathPlanner/planner_name: theta_star
 * /robot2/move_base/PathPlanner/show_safety_corridor: False
 * /robot2/move_base/base_global_planner: path_planner/Path...
 * /robot2/move_base/base_local_planner: dwa_controller/DW...
 * /robot2/move_base/conservative_reset_dist: 3.0
 * /robot2/move_base/controller_frequency: 20.0
 * /robot2/move_base/controller_patience: 15.0
 * /robot2/move_base/global_costmap/footprint: [[-0.21, -0.165],...
 * /robot2/move_base/global_costmap/footprint_padding: 0.1
 * /robot2/move_base/global_costmap/global_frame: map
 * /robot2/move_base/global_costmap/inflation_layer/cost_scaling_factor: 5
 * /robot2/move_base/global_costmap/inflation_layer/enabled: True
 * /robot2/move_base/global_costmap/inflation_layer/inflation_radius: 0.2
 * /robot2/move_base/global_costmap/map_type: costmap
 * /robot2/move_base/global_costmap/meter_scoring: True
 * /robot2/move_base/global_costmap/obstacle_layer/observation_sources: scan
 * /robot2/move_base/global_costmap/obstacle_layer/scan/clearing: True
 * /robot2/move_base/global_costmap/obstacle_layer/scan/data_type: LaserScan
 * /robot2/move_base/global_costmap/obstacle_layer/scan/expected_update_rate: 1
 * /robot2/move_base/global_costmap/obstacle_layer/scan/inf_is_valid: True
 * /robot2/move_base/global_costmap/obstacle_layer/scan/marking: True
 * /robot2/move_base/global_costmap/obstacle_layer/scan/max_obstacle_height: 0.2
 * /robot2/move_base/global_costmap/obstacle_layer/scan/min_obstacle_height: 0.0
 * /robot2/move_base/global_costmap/obstacle_layer/scan/observation_persistence: 0.0
 * /robot2/move_base/global_costmap/obstacle_layer/scan/obstacle_range: 2.5
 * /robot2/move_base/global_costmap/obstacle_layer/scan/raytrace_range: 3.0
 * /robot2/move_base/global_costmap/obstacle_layer/scan/sensor_frame: robot2/base_footp...
 * /robot2/move_base/global_costmap/obstacle_layer/scan/topic: /robot2/scan
 * /robot2/move_base/global_costmap/origin_z: 0.0
 * /robot2/move_base/global_costmap/plugins: [{'name': 'static...
 * /robot2/move_base/global_costmap/publish_frequency: 0.5
 * /robot2/move_base/global_costmap/publish_voxel_map: False
 * /robot2/move_base/global_costmap/robot_base_frame: robot2/base_footp...
 * /robot2/move_base/global_costmap/scan/sensor_frame: robot2/base_scan
 * /robot2/move_base/global_costmap/scan/topic: /robot2/scan
 * /robot2/move_base/global_costmap/static_map/clear_time: 20
 * /robot2/move_base/global_costmap/static_map/enabled: True
 * /robot2/move_base/global_costmap/static_map/publish_static_map: True
 * /robot2/move_base/global_costmap/transform_tolerance: 0.2
 * /robot2/move_base/global_costmap/update_frequency: 1.0
 * /robot2/move_base/global_costmap/z_resolution: 1
 * /robot2/move_base/global_costmap/z_voxels: 2
 * /robot2/move_base/local_costmap/global_frame: robot2/odom
 * /robot2/move_base/local_costmap/height: 3
 * /robot2/move_base/local_costmap/inflation_radius: 0.2
 * /robot2/move_base/local_costmap/plugins: [{'name': 'obstac...
 * /robot2/move_base/local_costmap/publish_frequency: 0.5
 * /robot2/move_base/local_costmap/resolution: 0.05
 * /robot2/move_base/local_costmap/robot_base_frame: robot2/base_footp...
 * /robot2/move_base/local_costmap/rolling_window: True
 * /robot2/move_base/local_costmap/scan/sensor_frame: robot2/base_scan
 * /robot2/move_base/local_costmap/scan/topic: /robot2/scan
 * /robot2/move_base/local_costmap/static_map: False
 * /robot2/move_base/local_costmap/transform_tolerance: 1.0
 * /robot2/move_base/local_costmap/update_frequency: 1.0
 * /robot2/move_base/local_costmap/width: 3
 * /robot2/move_base/oscillation_distance: 0.2
 * /robot2/move_base/oscillation_timeout: 10.0
 * /robot2/move_base/planner_frequency: 2
 * /robot2/move_base/planner_patience: 5.0
 * /robot2/move_base/shutdown_costmaps: False
 * /robot2/move_base/transform_tolerance: 2.0
 * /robot2/robot_description: <?xml version="1....
 * /robot2/tf_map2odom_node/odom_frame_id: robot2/odom
 * /robot2/tf_prefix: robot2
 * /rosdistro: noetic
 * /rosversion: 1.17.4
 * /use_sim_time: True

NODES
  /
    gazebo (gazebo_ros/gzserver)
    map_server (map_server/map_server)
    rviz (rviz/rviz)
  /robot1/
    ground_truth_odom_publisher (sim_env/ground_truth_odom_publisher.py)
    joint_state_publisher (joint_state_publisher/joint_state_publisher)
    move_base (move_base/move_base)
    robot_state_publisher (robot_state_publisher/robot_state_publisher)
    tf_map2odom_node (sim_env/tf_map2odom.py)
    urdf_spawner (gazebo_ros/spawn_model)
  /robot2/
    ground_truth_odom_publisher (sim_env/ground_truth_odom_publisher.py)
    joint_state_publisher (joint_state_publisher/joint_state_publisher)
    move_base (move_base/move_base)
    robot_state_publisher (robot_state_publisher/robot_state_publisher)
    tf_map2odom_node (sim_env/tf_map2odom.py)
    urdf_spawner (gazebo_ros/spawn_model)
[33m[WARN] [1774069638.451960207]: link 'base_scan' material 'dark' undefined.[0m
[33m[WARN] [1774069638.452299780]: link 'base_scan' material 'dark' undefined.[0m
[33m[WARN] [1774069638.452480252]: The root link base_footprint has an inertia specified in the URDF, but KDL does not support a root link with an inertia.  As a workaround, you can add an extra dummy link to your URDF.[0m
[33m[WARN] [1774069638.479371823]: link 'base_scan' material 'dark' undefined.[0m
[33m[WARN] [1774069638.479716146]: link 'base_scan' material 'dark' undefined.[0m
[33m[WARN] [1774069638.479898993]: The root link base_footprint has an inertia specified in the URDF, but KDL does not support a root link with an inertia.  As a workaround, you can add an extra dummy link to your URDF.[0m
[33m[WARN] [1774069639.723487833]: link 'base_scan' material 'dark' undefined.[0m
[33m[WARN] [1774069639.723513954]: link 'base_scan' material 'dark' undefined.[0m
Warning: Warning: TF_REPEATED_DATA ignoring data with redundant timestamp for frame robot1/odom (parent map) at time 83.374000 according to authority unknown_publisherTF_REPEATED_DATA ignoring data with redundant timestamp for frame robot1/odom (parent map) at time 83.374000 according to authority unknown_publisher

         at line          at line 277277 in  in /tmp/binarydeb/ros-noetic-tf2-0.7.10/src/buffer_core.cpp/tmp/binarydeb/ros-noetic-tf2-0.7.10/src/buffer_core.cpp

[33m[WARN] [1774069639.929500614]: TF_REPEATED_DATA ignoring data with redundant timestamp for frame robot1/odom (parent map) at time 83.374000 according to authority unknown_publisher[0m
Warning: TF_REPEATED_DATA ignoring data with redundant timestamp for frame robot2/odom (parent map) at time 83.376000 according to authority unknown_publisher
         at line 277 in /tmp/binarydeb/ros-noetic-tf2-0.7.10/src/buffer_core.cpp
Warning: TF_REPEATED_DATA ignoring data with redundant timestamp for frame robot2/odom (parent map) at time 83.376000 according to authority unknown_publisher
         at line 277 in /tmp/binarydeb/ros-noetic-tf2-0.7.10/src/buffer_core.cpp
[33m[WARN] [1774069639.930411287]: TF_REPEATED_DATA ignoring data with redundant timestamp for frame robot2/odom (parent map) at time 83.376000 according to authority unknown_publisher[0m
[33m[WARN] [1774069640.409425351]: link 'base_scan' material 'dark' undefined.[0m
[33m[WARN] [1774069640.409452660]: link 'base_scan' material 'dark' undefined.[0m
[INFO] [1774069638.979196, 0.000000]: Loading model XML from ros parameter robot_description
[INFO] [1774069638.982845, 0.000000]: Waiting for service /gazebo/spawn_urdf_model
[INFO] [1774069639.886951, 0.000000]: Calling service /gazebo/spawn_urdf_model
[INFO] [1774069641.855054, 83.532000]: Spawn status: SpawnModel: Successfully spawned entity
[33m[WARN] [1774069642.067877489, 83.532000000]: GazeboRosSkidSteerDrive Plugin (ns = /robot2//) missing <covariance_x>, defaults to 0.000100[0m
[33m[WARN] [1774069642.067913108, 83.532000000]: GazeboRosSkidSteerDrive Plugin (ns = /robot2//) missing <covariance_y>, defaults to 0.000100[0m
[33m[WARN] [1774069642.067923794, 83.532000000]: GazeboRosSkidSteerDrive Plugin (ns = /robot2//) missing <covariance_yaw>, defaults to 0.010000[0m
[33m[WARN] [1774069642.071279156, 83.536000000]: Timed out waiting for transform from robot1/base_footprint to map to become available before running costmap, tf error: Could not find a connection between 'map' and 'robot1/base_footprint' because they are not part of the same tree.Tf has two or more unconnected trees.. canTransform returned after 83.536 timeout was 0.1.[0m
[33m[WARN] [1774069642.071361081, 83.536000000]: Timed out waiting for transform from robot2/base_footprint to map to become available before running costmap, tf error: Could not find a connection between 'map' and 'robot2/base_footprint' because they are not part of the same tree.Tf has two or more unconnected trees.. canTransform returned after 83.536 timeout was 0.1.[0m
[INFO] [1774069639.011508, 0.000000]: Loading model XML from ros parameter robot_description
[INFO] [1774069639.015169, 0.000000]: Waiting for service /gazebo/spawn_urdf_model
[INFO] [1774069639.918771, 0.000000]: Calling service /gazebo/spawn_urdf_model
[INFO] [1774069642.372269, 83.932000]: Spawn status: SpawnModel: Successfully spawned entity
[33m[WARN] [1774069643.173574801, 83.932000000]: GazeboRosSkidSteerDrive Plugin (ns = /robot1//) missing <covariance_x>, defaults to 0.000100[0m
[33m[WARN] [1774069643.173605671, 83.932000000]: GazeboRosSkidSteerDrive Plugin (ns = /robot1//) missing <covariance_y>, defaults to 0.000100[0m
[33m[WARN] [1774069643.173616357, 83.932000000]: GazeboRosSkidSteerDrive Plugin (ns = /robot1//) missing <covariance_yaw>, defaults to 0.010000[0m
[33m[WARN] [1774069643.176241518, 83.936000000]: global_costmap: Pre-Hydro parameter "static_map" unused since "plugins" is provided[0m
[33m[WARN] [1774069643.176464734, 83.936000000]: global_costmap: Pre-Hydro parameter "map_type" unused since "plugins" is provided[0m
[33m[WARN] [1774069643.226326167, 84.034000000]: global_costmap: Pre-Hydro parameter "static_map" unused since "plugins" is provided[0m
[33m[WARN] [1774069643.226518513, 84.034000000]: global_costmap: Pre-Hydro parameter "map_type" unused since "plugins" is provided[0m
WARNING: Logging before InitGoogleLogging() is written to STDERR
I20260321 13:07:23.407042 58118 path_planner_factory.cpp:308] Using path planner: theta_star
[33m[WARN] [1774069643.409859461, 84.400000000]: local_costmap: Pre-Hydro parameter "static_map" unused since "plugins" is provided[0m
WARNING: Logging before InitGoogleLogging() is written to STDERR
I20260321 13:07:23.504151 58198 path_planner_factory.cpp:308] Using path planner: theta_star
[33m[WARN] [1774069643.506648464, 84.594000000]: local_costmap: Pre-Hydro parameter "static_map" unused since "plugins" is provided[0m
[33m[WARN] [1774069643.902778230, 85.384000000]: The /robot2/scan observation buffer has not been updated for 1.03 seconds, and it should be updated every 1.00 seconds.[0m
[33m[WARN] [1774069644.000945710, 85.580000000]: The /robot1/scan observation buffer has not been updated for 1.03 seconds, and it should be updated every 1.00 seconds.[0m
[31m[ERROR] [1774069649.764323339, 97.064000000]: None of the points of the global plan were in the local costmap, global plan points too far from robot[0m
[31m[ERROR] [1774069649.764361333, 97.064000000]: None of the 20 first of 20 (4) points of the global plan were in the local costmap and free[0m
[31m[ERROR] [1774069649.764376768, 97.064000000]: None of the 20 first of 20 (4) points of the global plan were in the local costmap and free[0m
[31m[ERROR] [1774069649.764393391, 97.064000000]: None of the points of the global plan were in the local costmap, global plan points too far from robot[0m
[33m[WARN] [1774069649.766039014, 97.066000000]: DWA planner failed to produce path.[0m
[31m[ERROR] [1774069649.793707095, 97.114000000]: None of the points of the global plan were in the local costmap, global plan points too far from robot[0m
[31m[ERROR] [1774069649.793732029, 97.114000000]: None of the 34 first of 34 (2) points of the global plan were in the local costmap and free[0m
[31m[ERROR] [1774069649.793746277, 97.114000000]: None of the 34 first of 34 (2) points of the global plan were in the local costmap and free[0m
[31m[ERROR] [1774069649.793761712, 97.114000000]: None of the points of the global plan were in the local costmap, global plan points too far from robot[0m
[33m[WARN] [1774069649.795415647, 97.118000000]: DWA planner failed to produce path.[0m
[31m[ERROR] [1774069649.818828379, 97.164000000]: None of the points of the global plan were in the local costmap, global plan points too far from robot[0m
[31m[ERROR] [1774069649.818847376, 97.164000000]: None of the 34 first of 34 (2) points of the global plan were in the local costmap and free[0m
[31m[ERROR] [1774069649.818861624, 97.164000000]: None of the 34 first of 34 (2) points of the global plan were in the local costmap and free[0m
[31m[ERROR] [1774069649.818875871, 97.164000000]: None of the points of the global plan were in the local costmap, global plan points too far from robot[0m
[33m[WARN] [1774069649.820517933, 97.168000000]: DWA planner failed to produce path.[0m
[31m[ERROR] [1774069649.855534328, 97.214000000]: None of the points of the global plan were in the local costmap, global plan points too far from robot[0m
[31m[ERROR] [1774069649.855555700, 97.214000000]: None of the 34 first of 34 (2) points of the global plan were in the local costmap and free[0m
[31m[ERROR] [1774069649.855573509, 97.214000000]: None of the 34 first of 34 (2) points of the global plan were in the local costmap and free[0m
[31m[ERROR] [1774069649.855587757, 97.214000000]: None of the points of the global plan were in the local costmap, global plan points too far from robot[0m
[33m[WARN] [1774069649.857289185, 97.218000000]: DWA planner failed to produce path.[0m
[31m[ERROR] [1774069649.880719726, 97.264000000]: None of the points of the global plan were in the local costmap, global plan points too far from robot[0m
[31m[ERROR] [1774069649.880745847, 97.264000000]: None of the 34 first of 34 (2) points of the global plan were in the local costmap and free[0m
[31m[ERROR] [1774069649.880780280, 97.264000000]: None of the 34 first of 34 (2) points of the global plan were in the local costmap and free[0m
[31m[ERROR] [1774069649.880794528, 97.264000000]: None of the points of the global plan were in the local costmap, global plan points too far from robot[0m
[33m[WARN] [1774069649.882453211, 97.268000000]: DWA planner failed to produce path.[0m
[31m[ERROR] [1774069649.913234442, 97.314000000]: None of the points of the global plan were in the local costmap, global plan points too far from robot[0m
[31m[ERROR] [1774069649.913255813, 97.314000000]: None of the 34 first of 34 (2) points of the global plan were in the local costmap and free[0m
[31m[ERROR] [1774069649.913271249, 97.314000000]: None of the 34 first of 34 (2) points of the global plan were in the local costmap and free[0m
[31m[ERROR] [1774069649.913286684, 97.314000000]: None of the points of the global plan were in the local costmap, global plan points too far from robot[0m
[33m[WARN] [1774069649.914956053, 97.316000000]: DWA planner failed to produce path.[0m
[31m[ERROR] [1774069649.938346226, 97.364000000]: None of the points of the global plan were in the local costmap, global plan points too far from robot[0m
[31m[ERROR] [1774069649.938365224, 97.364000000]: None of the 34 first of 34 (2) points of the global plan were in the local costmap and free[0m
[31m[ERROR] [1774069649.938377097, 97.364000000]: None of the 34 first of 34 (2) points of the global plan were in the local costmap and free[0m
[31m[ERROR] [1774069649.938390157, 97.364000000]: None of the points of the global plan were in the local costmap, global plan points too far from robot[0m
[33m[WARN] [1774069649.940006098, 97.366000000]: DWA planner failed to produce path.[0m
[31m[ERROR] [1774069649.967595816, 97.414000000]: None of the points of the global plan were in the local costmap, global plan points too far from robot[0m
[31m[ERROR] [1774069649.967614813, 97.414000000]: None of the 34 first of 34 (2) points of the global plan were in the local costmap and free[0m
[31m[ERROR] [1774069649.967630248, 97.414000000]: None of the 34 first of 34 (2) points of the global plan were in the local costmap and free[0m
[31m[ERROR] [1774069649.967643309, 97.414000000]: None of the points of the global plan were in the local costmap, global plan points too far from robot[0m
[33m[WARN] [1774069649.969260436, 97.418000000]: DWA planner failed to produce path.[0m
[33m[WARN] [1774069650.492001128, 98.318000000]: Control loop missed its desired rate of 20.0000Hz... the loop actually took 0.0540 seconds[0m
[33m[WARN] [1774069650.631551414, 98.532000000]: Control loop missed its desired rate of 20.0000Hz... the loop actually took 0.0680 seconds[0m
[33m[WARN] [1774069650.674283005, 98.612000000]: Control loop missed its desired rate of 20.0000Hz... the loop actually took 0.0980 seconds[0m
[33m[WARN] [1774069650.690853221, 98.638000000]: Control loop missed its desired rate of 20.0000Hz... the loop actually took 0.0740 seconds[0m
[33m[WARN] [1774069650.715145757, 98.666000000]: Control loop missed its desired rate of 20.0000Hz... the loop actually took 0.0520 seconds[0m
[33m[WARN] [1774069650.739603329, 98.716000000]: Control loop missed its desired rate of 20.0000Hz... the loop actually took 0.0520 seconds[0m
[33m[WARN] [1774069653.004944035, 102.474000000]: Control loop missed its desired rate of 20.0000Hz... the loop actually took 0.0600 seconds[0m
E20260321 13:07:33.006657 58303 path_planner_node.cpp:250] Failed to get a path.
[33m[WARN] [1774069653.099716984, 102.622000000]: Control loop missed its desired rate of 20.0000Hz... the loop actually took 0.0580 seconds[0m
[33m[WARN] [1774069653.140598734, 102.704000000]: Control loop missed its desired rate of 20.0000Hz... the loop actually took 0.0900 seconds[0m
[33m[WARN] [1774069653.162489325, 102.728000000]: Control loop missed its desired rate of 20.0000Hz... the loop actually took 0.0640 seconds[0m
[33m[WARN] [1774069653.184301553, 102.768000000]: Control loop missed its desired rate of 20.0000Hz... the loop actually took 0.0540 seconds[0m
[33m[WARN] [1774069653.235554531, 102.850000000]: Control loop missed its desired rate of 20.0000Hz... the loop actually took 0.0860 seconds[0m
[33m[WARN] [1774069653.269622260, 102.918000000]: Control loop missed its desired rate of 20.0000Hz... the loop actually took 0.1040 seconds[0m
[33m[WARN] [1774069653.337806399, 103.032000000]: Control loop missed its desired rate of 20.0000Hz... the loop actually took 0.0640 seconds[0m
[33m[WARN] [1774069653.370413727, 103.072000000]: Control loop missed its desired rate of 20.0000Hz... the loop actually took 0.0540 seconds[0m
[33m[WARN] [1774069653.400271225, 103.132000000]: Control loop missed its desired rate of 20.0000Hz... the loop actually took 0.0640 seconds[0m
[33m[WARN] [1774069653.430317507, 103.172000000]: Control loop missed its desired rate of 20.0000Hz... the loop actually took 0.0540 seconds[0m
[33m[WARN] [1774069653.465199737, 103.242000000]: Control loop missed its desired rate of 20.0000Hz... the loop actually took 0.0740 seconds[0m
[33m[WARN] [1774069653.493220453, 103.274000000]: Control loop missed its desired rate of 20.0000Hz... the loop actually took 0.0560 seconds[0m
[33m[WARN] [1774069653.520881412, 103.328000000]: Control loop missed its desired rate of 20.0000Hz... the loop actually took 0.0600 seconds[0m
[33m[WARN] [1774069653.548979304, 103.376000000]: Control loop missed its desired rate of 20.0000Hz... the loop actually took 0.0580 seconds[0m
[33m[WARN] [1774069653.576140402, 103.432000000]: Control loop missed its desired rate of 20.0000Hz... the loop actually took 0.0620 seconds[0m
[33m[WARN] [1774069653.603782364, 103.480000000]: Control loop missed its desired rate of 20.0000Hz... the loop actually took 0.0620 seconds[0m
[33m[WARN] [1774069653.632028671, 103.536000000]: Control loop missed its desired rate of 20.0000Hz... the loop actually took 0.0680 seconds[0m
[33m[WARN] [1774069653.661911103, 103.590000000]: Control loop missed its desired rate of 20.0000Hz... the loop actually took 0.0720 seconds[0m
[33m[WARN] [1774069653.692283897, 103.652000000]: Control loop missed its desired rate of 20.0000Hz... the loop actually took 0.0840 seconds[0m
[33m[WARN] [1774069653.722019101, 103.694000000]: Control loop missed its desired rate of 20.0000Hz... the loop actually took 0.0760 seconds[0m
[33m[WARN] [1774069653.752057072, 103.754000000]: Control loop missed its desired rate of 20.0000Hz... the loop actually took 0.0860 seconds[0m
[33m[WARN] [1774069653.784347386, 103.798000000]: Control loop missed its desired rate of 20.0000Hz... the loop actually took 0.0800 seconds[0m
[33m[WARN] [1774069653.817378586, 103.864000000]: Control loop missed its desired rate of 20.0000Hz... the loop actually took 0.0960 seconds[0m
[33m[WARN] [1774069653.846130691, 103.896000000]: Control loop missed its desired rate of 20.0000Hz... the loop actually took 0.0780 seconds[0m
[33m[WARN] [1774069653.875453895, 103.956000000]: Control loop missed its desired rate of 20.0000Hz... the loop actually took 0.0880 seconds[0m
[33m[WARN] [1774069653.897503587, 103.986000000]: Control loop missed its desired rate of 20.0000Hz... the loop actually took 0.0680 seconds[0m
[33m[WARN] [1774069653.918764899, 104.020000000]: Control loop missed its desired rate of 20.0000Hz... the loop actually took 0.0520 seconds[0m
[33m[WARN] [1774069654.132439486, 104.380000000]: Control loop missed its desired rate of 20.0000Hz... the loop actually took 0.0600 seconds[0m
[33m[WARN] [1774069654.192590229, 104.478000000]: Control loop missed its desired rate of 20.0000Hz... the loop actually took 0.0600 seconds[0m
E20260321 13:07:34.206926 58303 path_planner_node.cpp:250] Failed to get a path.
[33m[WARN] [1774069654.260663948, 104.588000000]: Control loop missed its desired rate of 20.0000Hz... the loop actually took 0.0700 seconds[0m
E20260321 13:07:35.401940 58303 path_planner_node.cpp:250] Failed to get a path.
[33m[WARN] [1774069655.406473806, 106.558000000]: Map update loop missed its desired rate of 1.0000Hz... the loop actually took 5.1740 seconds[0m
[33m[WARN] [1774069657.289667862, 109.828000000]: Control loop missed its desired rate of 20.0000Hz... the loop actually took 0.0600 seconds[0m
[33m[WARN] [1774069657.330598295, 109.904000000]: Control loop missed its desired rate of 20.0000Hz... the loop actually took 0.0860 seconds[0m
[33m[WARN] [1774069657.367279314, 109.954000000]: Control loop missed its desired rate of 20.0000Hz... the loop actually took 0.0860 seconds[0m
[33m[WARN] [1774069657.395010326, 110.008000000]: Control loop missed its desired rate of 20.0000Hz... the loop actually took 0.0900 seconds[0m
[33m[WARN] [1774069657.422800704, 110.044000000]: Control loop missed its desired rate of 20.0000Hz... the loop actually took 0.0760 seconds[0m
[33m[WARN] [1774069657.448575015, 110.096000000]: Control loop missed its desired rate of 20.0000Hz... the loop actually took 0.0780 seconds[0m
[33m[WARN] [1774069657.474241281, 110.144000000]: Control loop missed its desired rate of 20.0000Hz... the loop actually took 0.0760 seconds[0m
[33m[WARN] [1774069657.516496761, 110.210000000]: Control loop missed its desired rate of 20.0000Hz... the loop actually took 0.0920 seconds[0m
[33m[WARN] [1774069657.558461348, 110.268000000]: Control loop missed its desired rate of 20.0000Hz... the loop actually took 0.1000 seconds[0m
[33m[WARN] [1774069657.596060164, 110.342000000]: Control loop missed its desired rate of 20.0000Hz... the loop actually took 0.1240 seconds[0m
[33m[WARN] [1774069657.651916378, 110.434000000]: Control loop missed its desired rate of 20.0000Hz... the loop actually took 0.0920 seconds[0m
[33m[WARN] [1774069657.707351094, 110.522000000]: Control loop missed its desired rate of 20.0000Hz... the loop actually took 0.1300 seconds[0m
[33m[WARN] [1774069657.770567496, 110.620000000]: Control loop missed its desired rate of 20.0000Hz... the loop actually took 0.0980 seconds[0m
[33m[WARN] [1774069657.821742113, 110.702000000]: Control loop missed its desired rate of 20.0000Hz... the loop actually took 0.1300 seconds[0m
[33m[WARN] [1774069657.877907030, 110.794000000]: Control loop missed its desired rate of 20.0000Hz... the loop actually took 0.0920 seconds[0m
[33m[WARN] [1774069657.927764910, 110.880000000]: Control loop missed its desired rate of 20.0000Hz... the loop actually took 0.1280 seconds[0m
[33m[WARN] [1774069657.972549379, 110.960000000]: Control loop missed its desired rate of 20.0000Hz... the loop actually took 0.0800 seconds[0m
[33m[WARN] [1774069658.016304443, 111.028000000]: Control loop missed its desired rate of 20.0000Hz... the loop actually took 0.0980 seconds[0m
[33m[WARN] [1774069658.058686966, 111.092000000]: Control loop missed its desired rate of 20.0000Hz... the loop actually took 0.1120 seconds[0m
[33m[WARN] [1774069658.101445870, 111.176000000]: Control loop missed its desired rate of 20.0000Hz... the loop actually took 0.0840 seconds[0m
[33m[WARN] [1774069658.141335024, 111.236000000]: Control loop missed its desired rate of 20.0000Hz... the loop actually took 0.0940 seconds[0m
[33m[WARN] [1774069658.181405839, 111.302000000]: Control loop missed its desired rate of 20.0000Hz... the loop actually took 0.1100 seconds[0m
[33m[WARN] [1774069658.221986013, 111.372000000]: Control loop missed its desired rate of 20.0000Hz... the loop actually took 0.0700 seconds[0m
[33m[WARN] [1774069658.264849400, 111.436000000]: Control loop missed its desired rate of 20.0000Hz... the loop actually took 0.0840 seconds[0m
[33m[WARN] [1774069658.325986808, 111.536000000]: Control loop missed its desired rate of 20.0000Hz... the loop actually took 0.1340 seconds[0m
[33m[WARN] [1774069658.376684124, 111.618000000]: Control loop missed its desired rate of 20.0000Hz... the loop actually took 0.0820 seconds[0m
[33m[WARN] [1774069658.428573507, 111.720000000]: Control loop missed its desired rate of 20.0000Hz... the loop actually took 0.1340 seconds[0m
[33m[WARN] [1774069658.468860414, 111.788000000]: Control loop missed its desired rate of 20.0000Hz... the loop actually took 0.0680 seconds[0m
[33m[WARN] [1774069658.523798831, 111.892000000]: Control loop missed its desired rate of 20.0000Hz... the loop actually took 0.1220 seconds[0m
[33m[WARN] [1774069658.572250927, 111.986000000]: Control loop missed its desired rate of 20.0000Hz... the loop actually took 0.0940 seconds[0m
[33m[WARN] [1774069658.610640498, 112.050000000]: Control loop missed its desired rate of 20.0000Hz... the loop actually took 0.1080 seconds[0m
[33m[WARN] [1774069658.656875871, 112.138000000]: Control loop missed its desired rate of 20.0000Hz... the loop actually took 0.0880 seconds[0m
[33m[WARN] [1774069658.693636441, 112.196000000]: Control loop missed its desired rate of 20.0000Hz... the loop actually took 0.0960 seconds[0m
[33m[WARN] [1774069658.730355455, 112.250000000]: Control loop missed its desired rate of 20.0000Hz... the loop actually took 0.1000 seconds[0m
[33m[WARN] [1774069658.760843421, 112.310000000]: Control loop missed its desired rate of 20.0000Hz... the loop actually took 0.1100 seconds[0m
[33m[WARN] [1774069658.791574788, 112.364000000]: Control loop missed its desired rate of 20.0000Hz... the loop actually took 0.0540 seconds[0m
[33m[WARN] [1774069658.821514213, 112.424000000]: Control loop missed its desired rate of 20.0000Hz... the loop actually took 0.0640 seconds[0m
[33m[WARN] [1774069658.851667355, 112.478000000]: Control loop missed its desired rate of 20.0000Hz... the loop actually took 0.0680 seconds[0m
[33m[WARN] [1774069658.884088276, 112.542000000]: Control loop missed its desired rate of 20.0000Hz... the loop actually took 0.0820 seconds[0m
[33m[WARN] [1774069658.923008579, 112.612000000]: Control loop missed its desired rate of 20.0000Hz... the loop actually took 0.1020 seconds[0m
[33m[WARN] [1774069658.956216692, 112.674000000]: Control loop missed its desired rate of 20.0000Hz... the loop actually took 0.0620 seconds[0m
[33m[WARN] [1774069658.994521963, 112.750000000]: Control loop missed its desired rate of 20.0000Hz... the loop actually took 0.0880 seconds[0m
[33m[WARN] [1774069659.029530052, 112.798000000]: Control loop missed its desired rate of 20.0000Hz... the loop actually took 0.0860 seconds[0m
[33m[WARN] [1774069659.064945391, 112.868000000]: Control loop missed its desired rate of 20.0000Hz... the loop actually took 0.1060 seconds[0m
[33m[WARN] [1774069659.135307077, 112.984000000]: Control loop missed its desired rate of 20.0000Hz... the loop actually took 0.0660 seconds[0m
[33m[WARN] [1774069659.173076869, 113.038000000]: Control loop missed its desired rate of 20.0000Hz... the loop actually took 0.0700 seconds[0m
[33m[WARN] [1774069659.202536617, 113.090000000]: Control loop missed its desired rate of 20.0000Hz... the loop actually took 0.0720 seconds[0m
[33m[WARN] [1774069659.231933438, 113.138000000]: Control loop missed its desired rate of 20.0000Hz... the loop actually took 0.0700 seconds[0m
[33m[WARN] [1774069659.261969036, 113.194000000]: Control loop missed its desired rate of 20.0000Hz... the loop actually took 0.0760 seconds[0m
[33m[WARN] [1774069659.291959517, 113.248000000]: Control loop missed its desired rate of 20.0000Hz... the loop actually took 0.0800 seconds[0m
[33m[WARN] [1774069659.320028915, 113.298000000]: Control loop missed its desired rate of 20.0000Hz... the loop actually took 0.0800 seconds[0m
[33m[WARN] [1774069659.347822856, 113.354000000]: Control loop missed its desired rate of 20.0000Hz... the loop actually took 0.0860 seconds[0m
[33m[WARN] [1774069659.374567207, 113.402000000]: Control loop missed its desired rate of 20.0000Hz... the loop actually took 0.0840 seconds[0m
[33m[WARN] [1774069659.401290186, 113.454000000]: Control loop missed its desired rate of 20.0000Hz... the loop actually took 0.0860 seconds[0m
[33m[WARN] [1774069659.433883269, 113.506000000]: Control loop missed its desired rate of 20.0000Hz... the loop actually took 0.0880 seconds[0m
[33m[WARN] [1774069659.466491786, 113.572000000]: Control loop missed its desired rate of 20.0000Hz... the loop actually took 0.1040 seconds[0m
[33m[WARN] [1774069659.528796329, 113.674000000]: Control loop missed its desired rate of 20.0000Hz... the loop actually took 0.0520 seconds[0m
[33m[WARN] [1774069659.593626298, 113.782000000]: Control loop missed its desired rate of 20.0000Hz... the loop actually took 0.0600 seconds[0m
[33m[WARN] [1774069659.681746709, 113.926000000]: Control loop missed its desired rate of 20.0000Hz... the loop actually took 0.0540 seconds[0m
[33m[WARN] [1774069659.716448469, 113.982000000]: Control loop missed its desired rate of 20.0000Hz... the loop actually took 0.0600 seconds[0m
[33m[WARN] [1774069659.741237307, 114.030000000]: Control loop missed its desired rate of 20.0000Hz... the loop actually took 0.0580 seconds[0m
[33m[WARN] [1774069659.815221502, 114.136000000]: Control loop missed its desired rate of 20.0000Hz... the loop actually took 0.0640 seconds[0m
[33m[WARN] [1774069659.838235299, 114.182000000]: Control loop missed its desired rate of 20.0000Hz... the loop actually took 0.0600 seconds[0m
[33m[WARN] [1774069659.860995008, 114.226000000]: Control loop missed its desired rate of 20.0000Hz... the loop actually took 0.0540 seconds[0m
[33m[WARN] [1774069660.046596650, 114.524000000]: Control loop missed its desired rate of 20.0000Hz... the loop actually took 0.0520 seconds[0m
[33m[WARN] [1774069660.109386807, 114.630000000]: Control loop missed its desired rate of 20.0000Hz... the loop actually took 0.0580 seconds[0m
E20260321 13:07:40.166998 58404 path_planner_node.cpp:250] Failed to get a path.
[33m[WARN] [1774069660.174305826, 114.736000000]: Control loop missed its desired rate of 20.0000Hz... the loop actually took 0.0640 seconds[0m
[33m[WARN] [1774069660.219787252, 114.796000000]: Control loop missed its desired rate of 20.0000Hz... the loop actually took 0.0740 seconds[0m
[33m[WARN] [1774069660.265496644, 114.872000000]: Control loop missed its desired rate of 20.0000Hz... the loop actually took 0.1000 seconds[0m
[33m[WARN] [1774069660.308999997, 114.956000000]: Control loop missed its desired rate of 20.0000Hz... the loop actually took 0.1340 seconds[0m
E20260321 13:07:41.398344 58404 path_planner_node.cpp:250] Failed to get a path.
[33m[WARN] [1774069661.402198669, 116.754000000]: Map update loop missed its desired rate of 1.0000Hz... the loop actually took 3.1740 seconds[0m
E20260321 13:07:41.528534 58303 path_planner_node.cpp:250] Failed to get a path.
E20260321 13:07:42.661330 58303 path_planner_node.cpp:250] Failed to get a path.
[0m[INFO] [1774069643.226809406, 84.036000000]: global_costmap: Using plugin "static_map"[0m
[0m[INFO] [1774069643.230298934, 84.044000000]: Requesting the map...[0m
[0m[INFO] [1774069643.432361518, 84.446000000]: Resizing costmap to 480 X 480 at 0.050000 m/pix[0m
[0m[INFO] [1774069643.481225604, 84.544000000]: Received a 480 X 480 map at 0.050000 m/pix[0m
[0m[INFO] [1774069643.483042201, 84.546000000]: global_costmap: Using plugin "obstacle_layer"[0m
[0m[INFO] [1774069643.484116724, 84.548000000]:     Subscribed to Topics: scan[0m
[0m[INFO] [1774069643.489719679, 84.560000000]: global_costmap: Using plugin "voronoi_layer"[0m
[0m[INFO] [1774069643.491389049, 84.564000000]: global_costmap: Using plugin "inflation_layer"[0m
[0m[INFO] [1774069643.507182758, 84.596000000]: local_costmap: Using plugin "obstacle_layer"[0m
[0m[INFO] [1774069643.508012693, 84.596000000]:     Subscribed to Topics: [0m
[0m[INFO] [1774069643.510058443, 84.600000000]: local_costmap: Using plugin "inflation_layer"[0m
[0m[INFO] [1774069643.522665389, 84.626000000]: Created local_planner pid_controller/PIDController[0m
[0m[INFO] [1774069643.527371919, 84.636000000]: PID Controller initialized![0m
[0m[INFO] [1774069644.026748512, 85.632000000]: Recovery behavior will clear layer 'obstacles'[0m
[0m[INFO] [1774069644.028883311, 85.636000000]: Recovery behavior will clear layer 'obstacles'[0m
[0m[INFO] [1774069644.039039632, 85.656000000]: odom received![0m
[0m[INFO] [1774069649.737798645, 97.012000000]: Got new plan[0m
[0m[INFO] [1774069650.019615799, 97.510000000]: Got new plan[0m
[0m[INFO] [1774069650.315558483, 98.010000000]: Got new plan[0m
[0m[INFO] [1774069650.611556972, 98.510000000]: Got new plan[0m
[0m[INFO] [1774069650.919434581, 99.010000000]: Got new plan[0m
[0m[INFO] [1774069651.227212459, 99.510000000]: Got new plan[0m
[0m[INFO] [1774069651.539208880, 100.012000000]: Got new plan[0m
[0m[INFO] [1774069651.835790346, 100.510000000]: Got new plan[0m
[0m[INFO] [1774069652.116170853, 101.012000000]: Got new plan[0m
[0m[INFO] [1774069652.418628361, 101.510000000]: Got new plan[0m
[0m[INFO] [1774069652.726540411, 102.010000000]: Got new plan[0m
[0m[INFO] [1774069653.022600648, 102.510000000]: Got new plan[0m
[0m[INFO] [1774069653.326314344, 103.010000000]: Got new plan[0m
[0m[INFO] [1774069653.619210381, 103.512000000]: Got new plan[0m
[0m[INFO] [1774069653.914250715, 104.012000000]: Got new plan[0m
[0m[INFO] [1774069654.209108204, 104.510000000]: Got new plan[0m
[0m[INFO] [1774069654.346281486, 104.712000000]: Got new plan[0m
[0m[INFO] [1774069654.642220624, 105.212000000]: Got new plan[0m
[0m[INFO] [1774069654.943413646, 105.710000000]: Got new plan[0m
[0m[INFO] [1774069655.218957030, 106.210000000]: Got new plan[0m
[0m[INFO] [1774069655.504104634, 106.710000000]: Got new plan[0m
[0m[INFO] [1774069655.770170841, 107.210000000]: Got new plan[0m
[0m[INFO] [1774069656.078659941, 107.712000000]: Got new plan[0m
[0m[INFO] [1774069656.370262999, 108.210000000]: Got new plan[0m
[0m[INFO] [1774069656.648227330, 108.712000000]: Got new plan[0m
[0m[INFO] [1774069656.925177690, 109.212000000]: Got new plan[0m
[0m[INFO] [1774069657.210213692, 109.710000000]: Got new plan[0m
[0m[INFO] [1774069657.517022743, 110.210000000]: Got new plan[0m
[0m[INFO] [1774069657.826285981, 110.710000000]: Got new plan[0m
[0m[INFO] [1774069658.130942425, 111.214000000]: Got new plan[0m
[0m[INFO] [1774069658.423293502, 111.712000000]: Got new plan[0m
[0m[INFO] [1774069658.701097551, 112.210000000]: Got new plan[0m
[0m[INFO] [1774069661.405412740, 116.760000000]: Got new plan[0m
[0m[INFO] [1774069661.684360188, 117.260000000]: Got new plan[0m
[0m[INFO] [1774069661.997304130, 117.762000000]: Got new plan[0m
[0m[INFO] [1774069662.287037184, 118.260000000]: Got new plan[0m
[0m[INFO] [1774069662.568440011, 118.760000000]: Got new plan[0m
[0m[INFO] [1774069662.832395190, 119.260000000]: Got new plan[0m
[0m[INFO] [1774069663.101575760, 119.760000000]: Got new plan[0m
[0m[INFO] E20260321 13:07:43.818503 58303 path_planner_node.cpp:250] Failed to get a path.
E20260321 13:07:44.945209 58303 path_planner_node.cpp:250] Failed to get a path.
E20260321 13:07:46.082789 58303 path_planner_node.cpp:250] Failed to get a path.
E20260321 13:07:47.238116 58303 path_planner_node.cpp:250] Failed to get a path.
[33m[WARN] [1774069667.241788020, 126.868000000]: Map update loop missed its desired rate of 1.0000Hz... the loop actually took 11.3100 seconds[0m
[33m[WARN] [1774069667.260577339, 126.906000000]: Clearing both costmaps outside a square (3.00m) large centered on the robot.[0m
E20260321 13:07:48.410164 58303 path_planner_node.cpp:250] Failed to get a path.
E20260321 13:07:49.538120 58303 path_planner_node.cpp:250] Failed to get a path.
E20260321 13:07:50.669862 58303 path_planner_node.cpp:250] Failed to get a path.
[33m[WARN] [1774069670.675615888, 132.540000000]: Map update loop missed its desired rate of 1.0000Hz... the loop actually took 4.6720 seconds[0m
[33m[WARN] [1774069671.048771175, 133.210000000]: Control loop missed its desired rate of 20.0000Hz... the loop actually took 0.0540 seconds[0m
[33m[WARN] [1774069671.110360961, 133.310000000]: Control loop missed its desired rate of 20.0000Hz... the loop actually took 0.0540 seconds[0m
[33m[WARN] [1774069671.138932600, 133.358000000]: Control loop missed its desired rate of 20.0000Hz... the loop actually took 0.0520 seconds[0m
[33m[WARN] [1774069671.239828574, 133.520000000]: Control loop missed its desired rate of 20.0000Hz... the loop actually took 0.0640 seconds[0m
[33m[WARN] [1774069671.285070168, 133.588000000]: Control loop missed its desired rate of 20.0000Hz... the loop actually took 0.0820 seconds[0m
[33m[WARN] [1774069671.318826828, 133.656000000]: Control loop missed its desired rate of 20.0000Hz... the loop actually took 0.1000 seconds[0m
[33m[WARN] [1774069671.365478957, 133.726000000]: Control loop missed its desired rate of 20.0000Hz... the loop actually took 0.1200 seconds[0m
[33m[WARN] [1774069671.412467097, 133.798000000]: Control loop missed its desired rate of 20.0000Hz... the loop actually took 0.0720 seconds[0m
[33m[WARN] [1774069671.455113213, 133.880000000]: Control loop missed its desired rate of 20.0000Hz... the loop actually took 0.1040 seconds[0m
[33m[WARN] [1774069671.496239560, 133.950000000]: Control loop missed its desired rate of 20.0000Hz... the loop actually took 0.0700 seconds[0m
[33m[WARN] [1774069671.534829794, 134.018000000]: Control loop missed its desired rate of 20.0000Hz... the loop actually took 0.0880 seconds[0m
[33m[WARN] [1774069671.573218185, 134.090000000]: Control loop missed its desired rate of 20.0000Hz... the loop actually took 0.1100 seconds[0m
[33m[WARN] [1774069671.608526670, 134.158000000]: Control loop missed its desired rate of 20.0000Hz... the loop actually took 0.0680 seconds[0m
[33m[WARN] [1774069671.639349465, 134.218000000]: Control loop missed its desired rate of 20.0000Hz... the loop actually took 0.0780 seconds[0m
[33m[WARN] [1774069671.669837437, 134.278000000]: Control loop missed its desired rate of 20.0000Hz... the loop actually took 0.0880 seconds[0m
[33m[WARN] [1774069671.702407965, 134.322000000]: Control loop missed its desired rate of 20.0000Hz... the loop actually took 0.0820 seconds[0m
[33m[WARN] [1774069671.735092476, 134.386000000]: Control loop missed its desired rate of 20.0000Hz... the loop actually took 0.0960 seconds[0m
[33m[WARN] [1774069671.759744775, 134.412000000]: Control loop missed its desired rate of 20.0000Hz... the loop actually took 0.0720 seconds[0m
[33m[WARN] [1774069671.784672533, 134.460000000]: Control loop missed its desired rate of 20.0000Hz... the loop actually took 0.0700 seconds[0m
[33m[WARN] [1774069671.837630512, 134.548000000]: Control loop missed its desired rate of 20.0000Hz... the loop actually took 0.1080 seconds[0m
[33m[WARN] [1774069671.870563172, 134.612000000]: Control loop missed its desired rate of 20.0000Hz... the loop actually took 0.0640 seconds[0m
[33m[WARN] [1774069671.903120640, 134.654000000]: Control loop missed its desired rate of 20.0000Hz... the loop actually took 0.0560 seconds[0m
[33m[WARN] [1774069671.934285383, 134.716000000]: Control loop missed its desired rate of 20.0000Hz... the loop actually took 0.0680 seconds[0m
[33m[WARN] [1774069671.965812258, 134.760000000]: Control loop missed its desired rate of 20.0000Hz... the loop actually took 0.0620 seconds[0m
[33m[WARN] [1774069671.999988042, 134.820000000]: Control loop missed its desired rate of 20.0000Hz... the loop actually took 0.0720 seconds[0m
[33m[WARN] [1774069672.034305116, 134.888000000]: Control loop missed its desired rate of 20.0000Hz... the loop actually took 0.0900 seconds[0m
[33m[WARN] [1774069672.064631613, 134.940000000]: Control loop missed its desired rate of 20.0000Hz... the loop actually took 0.0920 seconds[0m
[33m[WARN] [1774069672.097826671, 135.006000000]: Control loop missed its desired rate of 20.0000Hz... the loop actually took 0.1080 seconds[0m
[33m[WARN] [1774069672.130637038, 135.066000000]: Control loop missed its desired rate of 20.0000Hz... the loop actually took 0.0600 seconds[0m
[33m[WARN] [1774069672.160933851, 135.126000000]: Control loop missed its desired rate of 20.0000Hz... the loop actually took 0.0700 seconds[0m
[33m[WARN] [1774069672.191246100, 135.176000000]: Control loop missed its desired rate of 20.0000Hz... the loop actually took 0.0700 seconds[0m
[33m[WARN] [1774069672.216640474, 135.226000000]: Control loop missed its desired rate of 20.0000Hz... the loop actually took 0.0700 seconds[0m
E20260321 13:07:53.323688 58303 path_planner_node.cpp:250] Failed to get a path.
E20260321 13:07:54.405997 58303 path_planner_node.cpp:250] Failed to get a path.
E20260321 13:07:55.472148 58303 path_planner_node.cpp:250] Failed to get a path.
[33m[WARN] [1774069675.475007768, 140.966000000]: Map update loop missed its desired rate of 1.0000Hz... the loop actually took 5.4260 seconds[0m
[33m[WARN] [1774069675.505816317, 141.006000000]: Clearing both costmaps outside a square (3.00m) large centered on the robot.[0m
E20260321 13:07:56.574458 58303 path_planner_node.cpp:250] Failed to get a path.
E20260321 13:07:57.614533 58303 path_planner_node.cpp:250] Failed to get a path.
[33m[WARN] [1774069677.621193430, 144.598000000]: Map update loop missed its desired rate of 1.0000Hz... the loop actually took 2.6320 seconds[0m
[0m[INFO] [1774069643.176896917, 83.936000000]: global_costmap: Using plugin "static_map"[0m
[0m[INFO] [1774069643.180336579, 83.944000000]: Requesting the map...[0m
[0m[INFO] [1774069643.331656739, 84.244000000]: Resizing costmap to 480 X 480 at 0.050000 m/pix[0m
[0m[INFO] [1774069643.381278334, 84.344000000]: Received a 480 X 480 map at 0.050000 m/pix[0m
[0m[INFO] [1774069643.383692152, 84.348000000]: global_costmap: Using plugin "obstacle_layer"[0m
[0m[INFO] [1774069643.384940024, 84.350000000]:     Subscribed to Topics: scan[0m
[0m[INFO] [1774069643.392097179, 84.364000000]: global_costmap: Using plugin "voronoi_layer"[0m
[0m[INFO] [1774069643.393962456, 84.368000000]: global_costmap: Using plugin "inflation_layer"[0m
[0m[INFO] [1774069643.410220406, 84.402000000]: local_costmap: Using plugin "obstacle_layer"[0m
[0m[INFO] [1774069643.410986226, 84.402000000]:     Subscribed to Topics: [0m
[0m[INFO] [1774069643.413314557, 84.408000000]: local_costmap: Using plugin "inflation_layer"[0m
[0m[INFO] [1774069643.426725318, 84.434000000]: Created local_planner dwa_controller/DWAController[0m
[0m[INFO] [1774069643.427806965, 84.436000000]: Sim period is set to 0.10[0m
[0m[INFO] [1774069643.429450213, 84.440000000]: Using local controller: DWAController[0m
[0m[INFO] [1774069643.929467959, 85.438000000]: Recovery behavior will clear layer 'obstacles'[0m
[0m[INFO] [1774069643.931733362, 85.440000000]: Recovery behavior will clear layer 'obstacles'[0m
[0m[INFO] [1774069643.942054721, 85.462000000]: odom received![0m
[0m[INFO] [1774069649.738805491, 97.014000000]: Got new plan[0m
[0m[INFO] [1774069649.793640605, 97.114000000]: Got new plan[0m
[0m[INFO] [1774069649.818784448, 97.164000000]: Got new plan[0m
[0m[INFO] [1774069649.855478524, 97.214000000]: Got new plan[0m
[0m[INFO] [1774069649.880661548, 97.264000000]: Got new plan[0m
[0m[INFO] [1774069649.913181012, 97.314000000]: Got new plan[0m
[0m[INFO] [1774069649.938299921, 97.364000000]: Got new plan[0m
[0m[INFO] [1774069649.967544761, 97.414000000]: Got new plan[0m
[0m[INFO] [1774069649.992600742, 97.464000000]: Got new plan[0m
[0m[INFO] [1774069650.281694974, 97.964000000]: Got new plan[0m
[0m[INFO] [1774069650.588619166, 98.464000000]: Got new plan[0m
[0m[INFO] [1774069650.896459969, 98.964000000]: Got new plan[0m
[0m[INFO] [1774069651.194390227, 99.464000000]: Got new plan[0m
[0m[INFO] [1774069651.502581293, 99.964000000]: Got new plan[0m
[0m[INFO] [1774069655.411504475, 106.568000000]: Got new plan[0m
[0m[INFO] [1774069655.691197537, 107.068000000]: Got new plan[0m
[0m[INFO] [1774069655.995394479, 107.570000000]: Got new plan[0m
[0m[INFO] [1774069656.295953481, 108.068000000]: Got new plan[0m
[0m[INFO] [1774069656.569563914, 108.568000000]: Got new plan[0m
[0m[INFO] [1774069656.844663245, 109.068000000]: Got new plan[0m
[0m[INFO] [1774069657.126597970, 109.568000000]: Got new plan[0m
[0m[INFO] [1774069657.448629632, 110.096000000]: Got new plan[0m
[0m[INFO] [1774069657.770657732, 110.620000000]: Got new plan[0m
[0m[INFO] [1774069658.058761767, 111.092000000]: Got new plan[0m
[0m[INFO] [1774069658.376757738, 111.618000000]: Got new plan[0m
[0m[INFO] [1774069658.656949485, 112.138000000]: Got new plan[0m
[0m[INFO] [1774069658.923081005, 112.612000000]: Got new plan[0m
[0m[INFO] [1774069659.202591234, 113.090000000]: Got new plan[0m
[0m[INFO] [1774069659.466548778, 113.572000000]: Got new plan[0m
[0m[INFO] [1774069659.773570366, 114.072000000]: Got new plan[0m
[0m[INFO] [1774069660.081281788, 114.574000000]: Got new plan[0m
[0m[INFO] [1774069670.684080284, 132.556000000]: Got new plan[0m
[0m[INFO] [1774069670.967138261, 133.058000000]: Got new plan[0m
[0m[INFO] [1774069671.285099851, 133.588000000]: Got new plan[0m
[0m[INFO] [1774069671.573247868, 134.090000000]: Got new plan[0m
[0m[INFO] [1774069671.837655445, 134.548000000]: Got new plan[0m
[0m[INFO] [1774069672.130661972, 135.066000000]: Got new plan[0m
[0m[INFO] [1774069677.626213414, 144.608000000]: Got new plan[[33m[WARN] [1774069677.799022924, 144.912000000]: Control loop missed its desired rate of 20.0000Hz... the loop actually took 0.0560 seconds[0m
[33m[WARN] [1774069677.887089925, 145.060000000]: Control loop missed its desired rate of 20.0000Hz... the loop actually took 0.0540 seconds[0m
[33m[WARN] [1774069677.936913386, 145.136000000]: Control loop missed its desired rate of 20.0000Hz... the loop actually took 0.0800 seconds[0m
[33m[WARN] [1774069677.985493724, 145.210000000]: Control loop missed its desired rate of 20.0000Hz... the loop actually took 0.1040 seconds[0m
[33m[WARN] [1774069678.034046755, 145.284000000]: Control loop missed its desired rate of 20.0000Hz... the loop actually took 0.0740 seconds[0m
[33m[WARN] [1774069678.085245132, 145.372000000]: Control loop missed its desired rate of 20.0000Hz... the loop actually took 0.1120 seconds[0m
[33m[WARN] [1774069678.129129624, 145.452000000]: Control loop missed its desired rate of 20.0000Hz... the loop actually took 0.0780 seconds[0m
[33m[WARN] [1774069678.179471944, 145.544000000]: Control loop missed its desired rate of 20.0000Hz... the loop actually took 0.1220 seconds[0m
[33m[WARN] [1774069678.227255592, 145.632000000]: Control loop missed its desired rate of 20.0000Hz... the loop actually took 0.0880 seconds[0m
[33m[WARN] [1774069678.274938318, 145.720000000]: Control loop missed its desired rate of 20.0000Hz... the loop actually took 0.1260 seconds[0m
[33m[WARN] [1774069678.320149046, 145.802000000]: Control loop missed its desired rate of 20.0000Hz... the loop actually took 0.0820 seconds[0m
[33m[WARN] [1774069678.364926402, 145.890000000]: Control loop missed its desired rate of 20.0000Hz... the loop actually took 0.1200 seconds[0m
[33m[WARN] [1774069678.408168556, 145.956000000]: Control loop missed its desired rate of 20.0000Hz... the loop actually took 0.0660 seconds[0m
[33m[WARN] [1774069678.447768014, 146.010000000]: Control loop missed its desired rate of 20.0000Hz... the loop actually took 0.0700 seconds[0m
[33m[WARN] [1774069678.488187911, 146.090000000]: Control loop missed its desired rate of 20.0000Hz... the loop actually took 0.1000 seconds[0m
[33m[WARN] [1774069678.526057446, 146.156000000]: Control loop missed its desired rate of 20.0000Hz... the loop actually took 0.1160 seconds[0m
[33m[WARN] [1774069678.560919503, 146.216000000]: Control loop missed its desired rate of 20.0000Hz... the loop actually took 0.0600 seconds[0m
[33m[WARN] [1774069678.595825490, 146.286000000]: Control loop missed its desired rate of 20.0000Hz... the loop actually took 0.0800 seconds[0m
[33m[WARN] [1774069678.629698510, 146.348000000]: Control loop missed its desired rate of 20.0000Hz... the loop actually took 0.0920 seconds[0m
[33m[WARN] [1774069678.662603865, 146.412000000]: Control loop missed its desired rate of 20.0000Hz... the loop actually took 0.1060 seconds[0m
[33m[WARN] [1774069678.695502096, 146.468000000]: Control loop missed its desired rate of 20.0000Hz... the loop actually took 0.0560 seconds[0m
[33m[WARN] [1774069678.733547355, 146.520000000]: Control loop missed its desired rate of 20.0000Hz... the loop actually took 0.0580 seconds[0m
[33m[WARN] [1774069678.771282723, 146.594000000]: Control loop missed its desired rate of 20.0000Hz... the loop actually took 0.0820 seconds[0m
[33m[WARN] [1774069678.809909768, 146.646000000]: Control loop missed its desired rate of 20.0000Hz... the loop actually took 0.0840 seconds[0m
[33m[WARN] [1774069678.859880457, 146.724000000]: Control loop missed its desired rate of 20.0000Hz... the loop actually took 0.1120 seconds[0m
[33m[WARN] [1774069678.909825025, 146.824000000]: Control loop missed its desired rate of 20.0000Hz... the loop actually took 0.1000 seconds[0m
[33m[WARN] [1774069678.958457606, 146.896000000]: Control loop missed its desired rate of 20.0000Hz... the loop actually took 0.1220 seconds[0m
[33m[WARN] [1774069679.002704231, 146.962000000]: Control loop missed its desired rate of 20.0000Hz... the loop actually took 0.0660 seconds[0m
[33m[WARN] [1774069679.046049682, 147.036000000]: Control loop missed its desired rate of 20.0000Hz... the loop actually took 0.0900 seconds[0m
[33m[WARN] [1774069679.086254674, 147.108000000]: Control loop missed its desired rate of 20.0000Hz... the loop actually took 0.1120 seconds[0m
[33m[WARN] [1774069679.126361118, 147.168000000]: Control loop missed its desired rate of 20.0000Hz... the loop actually took 0.0600 seconds[0m
[33m[WARN] [1774069679.162605215, 147.240000000]: Control loop missed its desired rate of 20.0000Hz... the loop actually took 0.0820 seconds[0m
[33m[WARN] [1774069679.193885131, 147.278000000]: Control loop missed its desired rate of 20.0000Hz... the loop actually took 0.0700 seconds[0m
[33m[WARN] [1774069679.225369265, 147.340000000]: Control loop missed its desired rate of 20.0000Hz... the loop actually took 0.0820 seconds[0m
[33m[WARN] [1774069679.256947198, 147.382000000]: Control loop missed its desired rate of 20.0000Hz... the loop actually took 0.0740 seconds[0m
[33m[WARN] [1774069679.288699667, 147.446000000]: Control loop missed its desired rate of 20.0000Hz... the loop actually took 0.0880 seconds[0m
[33m[WARN] [1774069679.327963115, 147.500000000]: Control loop missed its desired rate of 20.0000Hz... the loop actually took 0.0920 seconds[0m
[33m[WARN] [1774069679.367168385, 147.564000000]: Control loop missed its desired rate of 20.0000Hz... the loop actually took 0.1060 seconds[0m
[33m[WARN] [1774069679.400838374, 147.622000000]: Control loop missed its desired rate of 20.0000Hz... the loop actually took 0.0580 seconds[0m
[33m[WARN] [1774069679.434390818, 147.668000000]: Control loop missed its desired rate of 20.0000Hz... the loop actually took 0.0540 seconds[0m
[33m[WARN] [1774069679.477873998, 147.752000000]: Control loop missed its desired rate of 20.0000Hz... the loop actually took 0.0880 seconds[0m
[33m[WARN] [1774069679.520016694, 147.812000000]: Control loop missed its desired rate of 20.0000Hz... the loop actually took 0.0980 seconds[0m
[33m[WARN] [1774069679.562114272, 147.876000000]: Control loop missed its desired rate of 20.0000Hz... the loop actually took 0.1120 seconds[0m
[33m[WARN] [1774069679.602608970, 147.956000000]: Control loop missed its desired rate of 20.0000Hz... the loop actually took 0.0800 seconds[0m
[33m[WARN] [1774069679.640376397, 148.010000000]: Control loop missed its desired rate of 20.0000Hz... the loop actually took 0.0840 seconds[0m
[33m[WARN] [1774069679.678177068, 148.086000000]: Control loop missed its desired rate of 20.0000Hz... the loop actually took 0.1100 seconds[0m
[33m[WARN] [1774069679.748646818, 148.192000000]: Control loop missed its desired rate of 20.0000Hz... the loop actually took 0.0560 seconds[0m
[33m[WARN] [1774069679.782345303, 148.246000000]: Control loop missed its desired rate of 20.0000Hz... the loop actually took 0.0600 seconds[0m
[33m[WARN] [1774069679.813614533, 148.296000000]: Control loop missed its desired rate of 20.0000Hz... the loop actually took 0.0600 seconds[0m
[33m[WARN] [1774069679.844907509, 148.344000000]: Control loop missed its desired rate of 20.0000Hz... the loop actually took 0.0580 seconds[0m
[33m[WARN] [1774069679.874784014, 148.400000000]: Control loop missed its desired rate of 20.0000Hz... the loop actually took 0.0640 seconds[0m
[33m[WARN] [1774069679.904579782, 148.444000000]: Control loop missed its desired rate of 20.0000Hz... the loop actually took 0.0580 seconds[0m
[33m[WARN] [1774069679.939403845, 148.504000000]: Control loop missed its desired rate of 20.0000Hz... the loop actually took 0.0680 seconds[0m
[33m[WARN] [1774069679.974302709, 148.558000000]: Control loop missed its desired rate of 20.0000Hz... the loop actually took 0.0720 seconds[0m
[33m[WARN] [1774069680.004436862, 148.608000000]: Control loop missed its desired rate of 20.0000Hz... the loop actually took 0.0720 seconds[0m
[33m[WARN] [1774069680.034593575, 148.658000000]: Control loop missed its desired rate of 20.0000Hz... the loop actually took 0.0720 seconds[0m
[33m[WARN] [1774069680.066026655, 148.712000000]: Control loop missed its desired rate of 20.0000Hz... the loop actually took 0.0760 seconds[0m
[33m[WARN] [1774069680.097508416, 148.762000000]: Control loop missed its desired rate of 20.0000Hz... the loop actually took 0.0760 seconds[0m
[33m[WARN] [1774069680.128652978, 148.816000000]: Control loop missed its desired rate of 20.0000Hz... the loop actually took 0.0800 seconds[0m
[33m[WARN] [1774069680.159567200, 148.870000000]: Control loop missed its desired rate of 20.0000Hz... the loop actually took 0.0840 seconds[0m
[33m[WARN] [1774069680.190417307, 148.926000000]: Control loop missed its desired rate of 20.0000Hz... the loop actually took 0.0900 seconds[0m
[33m[WARN] [1774069680.220824544, 148.986000000]: Control loop missed its desired rate of 20.0000Hz... the loop actually took 0.1000 seconds[0m
[33m[WARN] [1774069680.248481950, 149.034000000]: Control loop missed its desired rate of 20.0000Hz... the loop actually took 0.0980 seconds[0m
[33m[WARN] [1774069680.275009029, 149.086000000]: Control loop missed its desired rate of 20.0000Hz... the loop actually took 0.1000 seconds[0m
[33m[WARN] [1774069680.301390068, 149.130000000]: Control loop missed its desired rate of 20.0000Hz... the loop actually took 0.0940 seconds[0m
[33m[WARN] [1774069680.327876778, 149.182000000]: Control loop missed its desired rate of 20.0000Hz... the loop actually took 0.0960 seconds[0m
[33m[WARN] [1774069680.355135245, 149.234000000]: Control loop missed its desired rate of 20.0000Hz... the loop actually took 0.0980 seconds[0m
[33m[WARN] [1774069680.381196895, 149.274000000]: Control loop missed its desired rate of 20.0000Hz... the loop actually took 0.0880 seconds[0m
[33m[WARN] [1774069680.407213426, 149.326000000]: Control loop missed its desired rate of 20.0000Hz... the loop actually took 0.0900 seconds[0m
[33m[WARN] [1774069680.433087480, 149.340000000]: Control loop missed its desired rate of 20.0000Hz... the loop actually took 0.0540 seconds[0m
[33m[WARN] [1774069680.480171798, 149.436000000]: Received an empty transformed plan.[0m
[33m[WARN] [1774069680.512991667, 149.490000000]: DWA planner failed to produce path.[0m
[33m[WARN] [1774069680.537315082, 149.538000000]: DWA planner failed to produce path.[0m
[33m[WARN] [1774069680.575508756, 149.590000000]: DWA planner failed to produce path.[0m
[33m[WARN] [1774069680.600596804, 149.640000000]: DWA planner failed to produce path.[0m
[33m[WARN] [1774069680.635308072, 149.690000000]: DWA planner failed to produce path.[0m
[33m[WARN] [1774069680.660407994, 149.740000000]: DWA planner failed to produce path.[0m
[33m[WARN] [1774069680.698283467, 149.790000000]: DWA planner failed to produce path.[0m
[33m[WARN] [1774069680.723415446, 149.840000000]: DWA planner failed to produce path.[0m
[33m[WARN] [1774069680.759264165, 149.890000000]: DWA planner failed to produce path.[0m
[1774069663.380345117, 120.260000000]: Got new plan[0m
[0m[INFO] [1774069663.673769548, 120.760000000]: Got new plan[0m
[0m[INFO] [1774069663.961420049, 121.260000000]: Got new plan[0m
[0m[INFO] [1774069664.247814370, 121.762000000]: Got new plan[0m
[0m[INFO] [1774069664.535895871, 122.260000000]: Got new plan[0m
[0m[INFO] [1774069664.818003972, 122.760000000]: Got new plan[0m
[0m[INFO] [1774069665.089391774, 123.260000000]: Got new plan[0m
[0m[INFO] [1774069665.398507816, 123.760000000]: Got new plan[0m
[0m[INFO] [1774069665.678345767, 124.260000000]: Got new plan[0m
[0m[INFO] [1774069665.976226213, 124.762000000]: Got new plan[0m
[0m[INFO] [1774069666.285009810, 125.260000000]: Got new plan[0m
[0m[INFO] [1774069666.595634938, 125.760000000]: Got new plan[0m
[0m[INFO] [1774069666.898840512, 126.260000000]: Got new plan[0m
[0m[INFO] [1774069667.167330077, 126.760000000]: Got new plan[0m
[0m[INFO] [1774069667.474015686, 127.260000000]: Got new plan[0m
[0m[INFO] [1774069667.785779457, 127.762000000]: Got new plan[0m
[0m[INFO] [1774069668.093249884, 128.262000000]: Got new plan[0m
[0m[INFO] [1774069668.402468048, 128.760000000]: Got new plan[0m
[0m[INFO] [1774069668.646393180, 129.160000000]: Got new plan[0m
[0m[INFO] [1774069668.942563899, 129.660000000]: Got new plan[0m
[0m[INFO] [1774069669.252103829, 130.160000000]: Got new plan[0m
[0m[INFO] [1774069669.548777974, 130.660000000]: Got new plan[0m
[0m[INFO] [1774069669.746826301, 131.010000000]: Got new plan[0m
[0m[INFO] [1774069670.048997732, 131.510000000]: Got new plan[0m
[0m[INFO] [1774069670.357038083, 132.010000000]: Got new plan[0m
[0m[INFO] [1774069670.652835991, 132.510000000]: Got new plan[0m
[0m[INFO] [1774069670.940284673, 133.010000000]: Got new plan[0m
[0m[INFO] [1774069671.234159127, 133.510000000]: Got new plan[0m
[0m[INFO] [1774069671.530878398, 134.010000000]: Got new plan[0m
[0m[INFO] [1774069671.818514680, 134.510000000]: Got new plan[0m
[0m[INFO] [1774069672.099779810, 135.010000000]: Got new plan[0m
[0m[INFO] [1774069672.275519612, 135.310000000]: Got new plan[0m
[0m[INFO] [1774069672.552207631, 135.812000000]: Got new plan[0m
[0m[INFO] [1774069672.824717476, 136.310000000]: Got new plan[0m
[0m[INFO] [1774069673.099673198, 136.810000000]: Got new plan[0m
[0m[INFO] [1774069673.373240947, 137.312000000]: Got new plan[0m
[0m[INFO] [1774069673.642707697, 137.810000000]: Got new plan[0m
[0m[INFO] [1774069673.911476303, 138.310000000]: Got new plan[0m
[0m[INFO] [1774069674.181300438, 138.812000000]: Got new plan[0m
[0m[INFO] [1774069674.460567321, 139.310000000]: Got new plan[0m
[0m[INFO] [1774069674.768257428, 139.812000000]: Got new plan[0m
[0m[INFO] [1774069675.076739478, 140.312000000]: Got new plan[0m
[0m[INFO] [1774069675.384401094, 140.810000000]: Got new plan[0m
[0m[INFO] [1774069675.694183261, 141.312000000]: Got new plan[0m
[0m[INFO] [1774069675.987865385, 141.810000000]: Got new plan[0m
[0m[INFO] [1774069676.295472388, 142.310000000]: Got new plan[0m
[0m[INFO] [1774069676.574519623, 142.810000000]: Got new plan[0m
[0m[INFO] [1774069676.866284231, 143.310000000]: Got new plan[0m
[0m[INFO] [1774069677.136679476, 143.762000000]: Got new plan[0m
[0m[INFO] [1774069677.437030777, 144.260000000]: Got new plan[0m
[0m[INFO] [1774069677.713021857, 144.760000000]: Got new plan[0m
[0m[INFO] [1774069678.011131501, 145.260000000]: Got new plan[0m
[0m[INFO] [1774069678.294527892, 145.760000000]: Got new plan[0m
[0m[INFO] [1774069678.582896775, 146.260000000]: Got new plan[0m
[0m[INFO] [1774069678.877868338, 146.760000000]: Got new plan[0m
[0m[INFO] [1774069679.185354244, 147.260000000]: Got new plan[0m
[0m[INFO] [1774069679.481598617, 147.760000000]: Got new plan[0m
[0m[INFO] [1774069679.789384916, 148.260000000]: Got new plan[0m
[0m[INFO] [1774069680.097234145, 148.762000000]: Got new plan[0m
[0m[INFO] [1774069680.374397119, 149.260000000]: Got new plan[0m
[0m[INFO] [1774069680.468116949, 149.410000000]: Got new plan[0m
[0m[INFO] [17740696[33m[WARN] [1774069680.784400894, 149.938000000]: DWA planner failed to produce path.[0m
[33m[WARN] [1774069680.821206592, 149.990000000]: DWA planner failed to produce path.[0m
[33m[WARN] [1774069680.846333822, 150.040000000]: DWA planner failed to produce path.[0m
[33m[WARN] [1774069680.882069746, 150.088000000]: DWA planner failed to produce path.[0m
[33m[WARN] [1774069680.907464123, 150.140000000]: DWA planner failed to produce path.[0m
[33m[WARN] [1774069680.944616519, 150.192000000]: DWA planner failed to produce path.[0m
[33m[WARN] [1774069680.969031357, 150.240000000]: DWA planner failed to produce path.[0m
[33m[WARN] [1774069680.993484190, 150.288000000]: DWA planner failed to produce path.[0m
[33m[WARN] [1774069681.029246235, 150.340000000]: DWA planner failed to produce path.[0m
[33m[WARN] [1774069681.054677419, 150.390000000]: DWA planner failed to produce path.[0m
[33m[WARN] [1774069681.428746992, 151.000000000]: Control loop missed its desired rate of 20.0000Hz... the loop actually took 0.0640 seconds[0m
[33m[WARN] [1774069681.460168199, 151.044000000]: Control loop missed its desired rate of 20.0000Hz... the loop actually took 0.0580 seconds[0m
[33m[WARN] [1774069681.487892096, 151.098000000]: Control loop missed its desired rate of 20.0000Hz... the loop actually took 0.0620 seconds[0m
[33m[WARN] [1774069681.565108194, 151.228000000]: Control loop missed its desired rate of 20.0000Hz... the loop actually took 0.0920 seconds[0m
[33m[WARN] [1774069681.613004639, 151.294000000]: Control loop missed its desired rate of 20.0000Hz... the loop actually took 0.1080 seconds[0m
[33m[WARN] [1774069681.659156913, 151.378000000]: Control loop missed its desired rate of 20.0000Hz... the loop actually took 0.0840 seconds[0m
[33m[WARN] [1774069681.703327551, 151.446000000]: Control loop missed its desired rate of 20.0000Hz... the loop actually took 0.1020 seconds[0m
[33m[WARN] [1774069681.750923604, 151.530000000]: Control loop missed its desired rate of 20.0000Hz... the loop actually took 0.0840 seconds[0m
[33m[WARN] [1774069681.798653824, 151.604000000]: Control loop missed its desired rate of 20.0000Hz... the loop actually took 0.1080 seconds[0m
[33m[WARN] [1774069681.839408546, 151.666000000]: Control loop missed its desired rate of 20.0000Hz... the loop actually took 0.0620 seconds[0m
[33m[WARN] [1774069681.886211470, 151.758000000]: Control loop missed its desired rate of 20.0000Hz... the loop actually took 0.1040 seconds[0m
[33m[WARN] [1774069681.932009923, 151.826000000]: Control loop missed its desired rate of 20.0000Hz... the loop actually took 0.0680 seconds[0m
[33m[WARN] [1774069681.978393723, 151.900000000]: Control loop missed its desired rate of 20.0000Hz... the loop actually took 0.0920 seconds[0m
[33m[WARN] [1774069682.020195660, 151.976000000]: Control loop missed its desired rate of 20.0000Hz... the loop actually took 0.1180 seconds[0m
[33m[WARN] [1774069682.060990752, 152.042000000]: Control loop missed its desired rate of 20.0000Hz... the loop actually took 0.0660 seconds[0m
[33m[WARN] [1774069682.099646294, 152.100000000]: Control loop missed its desired rate of 20.0000Hz... the loop actually took 0.0740 seconds[0m
[33m[WARN] [1774069682.138647346, 152.178000000]: Control loop missed its desired rate of 20.0000Hz... the loop actually took 0.1020 seconds[0m
[33m[WARN] [1774069682.210890953, 152.290000000]: Control loop missed its desired rate of 20.0000Hz... the loop actually took 0.0620 seconds[0m
[33m[WARN] [1774069682.241207955, 152.334000000]: Control loop missed its desired rate of 20.0000Hz... the loop actually took 0.0560 seconds[0m
[33m[WARN] [1774069682.270909925, 152.392000000]: Control loop missed its desired rate of 20.0000Hz... the loop actually took 0.0640 seconds[0m
[33m[WARN] [1774069682.301540379, 152.430000000]: Control loop missed its desired rate of 20.0000Hz... the loop actually took 0.0520 seconds[0m
[33m[WARN] [1774069682.342823458, 152.500000000]: Control loop missed its desired rate of 20.0000Hz... the loop actually took 0.0720 seconds[0m
[33m[WARN] [1774069682.384129096, 152.580000000]: Control loop missed its desired rate of 20.0000Hz... the loop actually took 0.1000 seconds[0m
[33m[WARN] [1774069682.418055547, 152.624000000]: Control loop missed its desired rate of 20.0000Hz... the loop actually took 0.0960 seconds[0m
[33m[WARN] [1774069682.452166033, 152.694000000]: Control loop missed its desired rate of 20.0000Hz... the loop actually took 0.1140 seconds[0m
[33m[WARN] [1774069682.499446260, 152.766000000]: Control loop missed its desired rate of 20.0000Hz... the loop actually took 0.0740 seconds[0m
[33m[WARN] [1774069682.541941591, 152.830000000]: Control loop missed its desired rate of 20.0000Hz... the loop actually took 0.0880 seconds[0m
[33m[WARN] [1774069682.585346409, 152.916000000]: Control loop missed its desired rate of 20.0000Hz... the loop actually took 0.1240 seconds[0m
[33m[WARN] [1774069682.627334756, 152.980000000]: Control loop missed its desired rate of 20.0000Hz... the loop actually took 0.0640 seconds[0m
[33m[WARN] [1774069682.664774484, 153.032000000]: Control loop missed its desired rate of 20.0000Hz... the loop actually took 0.0660 seconds[0m
[33m[WARN] [1774069682.703089265, 153.106000000]: Control loop missed its desired rate of 20.0000Hz... the loop actually took 0.0900 seconds[0m
[33m[WARN] [1774069682.739659876, 153.156000000]: Control loop missed its desired rate of 20.0000Hz... the loop actually took 0.0900 seconds[0m
[33m[WARN] [1774069682.771968011, 153.220000000]: Control loop missed its desired rate of 20.0000Hz... the loop actually took 0.1040 seconds[0m
[33m[WARN] [1774069682.838985040, 153.332000000]: Control loop missed its desired rate of 20.0000Hz... the loop actually took 0.0620 seconds[0m
[33m[WARN] [1774069682.870959539, 153.376000000]: Control loop missed its desired rate of 20.0000Hz... the loop actually took 0.0560 seconds[0m
[33m[WARN] [1774069682.897407068, 153.430000000]: Control loop missed its desired rate of 20.0000Hz... the loop actually took 0.0600 seconds[0m
[33m[WARN] [1774069682.933251039, 153.476000000]: Control loop missed its desired rate of 20.0000Hz... the loop actually took 0.0560 seconds[0m
[33m[WARN] [1774069682.967470758, 153.540000000]: Control loop missed its desired rate of 20.0000Hz... the loop actually took 0.0700 seconds[0m
[33m[WARN] [1774069683.001337843, 153.588000000]: Control loop missed its desired rate of 20.0000Hz... the loop actually took 0.0680 seconds[0m
[33m[WARN] [1774069683.035198992, 153.654000000]: Control loop missed its desired rate of 20.0000Hz... the loop actually took 0.0840 seconds[0m
[33m[WARN] [1774069683.080218565, 153.720000000]: Control loop missed its desired rate of 20.0000Hz... the loop actually took 0.1000 seconds[0m
[33m[WARN] [1774069683.126052638, 153.788000000]: Control loop missed its desired rate of 20.0000Hz... the loop actually took 0.1180 seconds[0m
[33m[WARN] [1774069683.170731449, 153.870000000]: Control loop missed its desired rate of 20.0000Hz... the loop actually took 0.0820 seconds[0m
[33m[WARN] [1774069683.211262956, 153.938000000]: Control loop missed its desired rate of 20.0000Hz... the loop actually took 0.1000 seconds[0m
[33m[WARN] [1774069683.248607699, 153.990000000]: Control loop missed its desired rate of 20.0000Hz... the loop actually took 0.1020 seconds[0m
[33m[WARN] [1774069683.285947692, 154.064000000]: Control loop missed its desired rate of 20.0000Hz... the loop actually took 0.0740 seconds[0m
[33m[WARN] [1774069683.324147304, 154.136000000]: Control loop missed its desired rate of 20.0000Hz... the loop actually took 0.0940 seconds[0m
[33m[WARN] [1774069683.357318621, 154.194000000]: Control loop missed its desired rate of 20.0000Hz... the loop actually took 0.1040 seconds[0m
[33m[WARN] [1774069683.390377142, 154.262000000]: Control loop missed its desired rate of 20.0000Hz... the loop actually took 0.0680 seconds[0m
[33m[WARN] [1774069683.422437128, 154.316000000]: Control loop missed its desired rate of 20.0000Hz... the loop actually took 0.0720 seconds[0m
[33m[WARN] [1774069683.454541045, 154.380000000]: Control loop missed its desired rate of 20.0000Hz... the loop actually took 0.0860 seconds[0m
[33m[WARN] [1774069683.484366497, 154.424000000]: Control loop missed its desired rate of 20.0000Hz... the loop actually took 0.0800 seconds[0m
[33m[WARN] [1774069683.514234692, 154.484000000]: Control loop missed its desired rate of 20.0000Hz... the loop actually took 0.0900 seconds[0m
[33m[WARN] [1774069683.551768219, 154.538000000]: Control loop missed its desired rate of 20.0000Hz... the loop actually took 0.0940 seconds[0m
[33m[WARN] [1774069683.587640686, 154.600000000]: Control loop missed its desired rate of 20.0000Hz... the loop actually took 0.1060 seconds[0m
[33m[WARN] [1774069683.623506029, 154.660000000]: Control loop missed its desired rate of 20.0000Hz... the loop actually took 0.0600 seconds[0m
[33m[WARN] [1774069683.659638519, 154.714000000]: Control loop missed its desired rate of 20.0000Hz... the loop actually took 0.0640 seconds[0m
[33m[WARN] [1774069683.695394629, 154.788000000]: Control loop missed its desired rate of 20.0000Hz... the loop actually took 0.0880 seconds[0m
[33m[WARN] [1774069683.739153269, 154.864000000]: Control loop missed its desired rate of 20.0000Hz... the loop actually took 0.1140 seconds[0m
[33m[WARN] [1774069683.780346112, 154.936000000]: Control loop missed its desired rate of 20.0000Hz... the loop actually took 0.0720 seconds[0m
[33m[WARN] [1774069683.819420779, 155.012000000]: Control loop missed its desired rate of 20.0000Hz... the loop actually took 0.0980 seconds[0m
[33m[WARN] [1774069683.858945439, 155.086000000]: Control loop missed its desired rate of 20.0000Hz... the loop actually took 0.1220 seconds[0m
[33m[WARN] [1774069683.898015356, 155.154000000]: Control loop missed its desired rate of 20.0000Hz... the loop actually took 0.0680 seconds[0m
[33m[WARN] [1774069683.932176897, 155.224000000]: Control loop missed its desired rate of 20.0000Hz... the loop actually took 0.0880 seconds[0m
[33m[WARN] [1774069683.965886069, 155.272000000]: Control loop missed its desired rate of 20.0000Hz... the loop actually took 0.0860 seconds[0m
[33m[WARN] [1774069683.995832627, 155.332000000]: Control loop missed its desired rate of 20.0000Hz... the loop actually took 0.0960 seconds[0m
[33m[WARN] [1774069684.026397779, 155.372000000]: Control loop missed its desired rate of 20.0000Hz... the loop actually took 0.0860 seconds[0m
[33m[WARN] [1774069684.058888762, 155.436000000]: Control loop missed its desired rate of 20.0000Hz... the loop actually took 0.1000 seconds[0m
[33m[WARN] [1774069684.093946729, 155.480000000]: Control loop missed its desired rate of 20.0000Hz... the loop actually took 0.0940 seconds[0m
[33m[WARN] [1774069684.129129364, 155.548000000]: Control loop missed its desired rate of 20.0000Hz... the loop actually took 0.1120 seconds[0m
[33m[WARN] [1774069684.166630833, 155.604000000]: Control loop missed its desired rate of 20.0000Hz... the loop actually took 0.0560 seconds[0m
[33m[WARN] [1774069684.204077686, 155.656000000]: Control loop missed its desired rate of 20.0000Hz... the loop actually took 0.0580 seconds[0m
[33m[WARN] [1774069684.245891498, 155.740000000]: Control loop missed its desired rate of 20.0000Hz... the loop actually took 0.0920 seconds[0m
[33m[WARN] [1774069684.288805954, 155.802000000]: Control loop missed its desired rate of 20.0000Hz... the loop actually took 0.1040 seconds[0m
[33m[WARN] [1774069684.331436641, 155.866000000]: Control loop missed its desired rate of 20.0000Hz... the loop actually took 0.0640 seconds[0m
[33m[WARN] [1774069684.374887766, 155.948000000]: Control loop missed its desired rate of 20.0000Hz... the loop actually took 0.0960 seconds[0m
[33m[WARN] [1774069684.415686420, 156.010000000]: Control loop missed its desired rate of 20.0000Hz... the loop actually took 0.1080 seconds[0m
[33m[WARN] [1774069684.456710664, 156.076000000]: Control loop missed its desired rate of 20.0000Hz... the loop actually took 0.0660 seconds[0m
[33m[WARN] [1774069684.498430678, 156.156000000]: Control loop missed its desired rate of 20.0000Hz... the loop actually took 0.0960 seconds[0m
[33m[WARN] [1774069684.536842821, 156.208000000]: Control loop missed its desired rate of 20.0000Hz... the loop actually took 0.0980 seconds[0m
[33m[WARN] [1774069684.578471410, 156.286000000]: Control loop missed its desired rate of 20.0000Hz... the loop actually took 0.1260 seconds[0m
[33m[WARN] [1774069684.633806410, 156.390000000]: Control loop missed its desired rate of 20.0000Hz... the loop actually took 0.1040 seconds[0m
[33m[WARN] [1774069684.683733173, 156.482000000]: Control loop missed its desired rate of 20.0000Hz... the loop actually took 0.0920 seconds[0m
[33m[WARN] [1774069684.732328950, 156.568000000]: Control loop missed its desired rate of 20.0000Hz... the loop actually took 0.1280 seconds[0m
[33m[WARN] [1774069684.767139955, 156.630000000]: Control loop missed its desired rate of 20.0000Hz... the loop actually took 0.0620 seconds[0m
[33m[WARN] [1774069684.802098187, 156.700000000]: Control loop missed its desired rate of 20.0000Hz... the loop actually took 0.0820 seconds[0m
[33m[WARN] [1774069684.836126748, 156.750000000]: Control loop missed its desired rate of 20.0000Hz... the loop actually took 0.0820 seconds[0m
[33m[WARN] [1774069684.869020232, 156.808000000]: Control loop missed its desired rate of 20.0000Hz... the loop actually took 0.0900 seconds[0m
[33m[WARN] [1774069684.901824668, 156.860000000]: Control loop missed its desired rate of 20.0000Hz... the loop actually took 0.0920 seconds[0m
[33m[WARN] [1774069684.934110245, 156.914000000]: Control loop missed its desired rate of 20.0000Hz... the loop actually took 0.0960 seconds[0m
[33m[WARN] [1774069684.966355453, 156.968000000]: Control loop missed its desired rate of 20.0000Hz... the loop actually took 0.1000 seconds[0m
[33m[WARN] [1774069684.996046738, 157.020000000]: Control loop missed its desired rate of 20.0000Hz... the loop actually took 0.1020 seconds[0m
[33m[WARN] [1774069685.058372673, 157.124000000]: Control loop missed its desired rate of 20.0000Hz... the loop actually took 0.0540 seconds[0m
[33m[WARN] [1774069685.118348903, 157.228000000]: Control loop missed its desired rate of 20.0000Hz... the loop actually took 0.0580 seconds[0m
[33m[WARN] [1774069685.178946102, 157.326000000]: Control loop missed its desired rate of 20.0000Hz... the loop actually took 0.0560 seconds[0m
[33m[WARN] [1774069685.238836845, 157.424000000]: Control loop missed its desired rate of 20.0000Hz... the loop actually took 0.0540 seconds[0m
[33m[WARN] [1774069685.301266077, 157.528000000]: Control loop missed its desired rate of 20.0000Hz... the loop actually took 0.0580 seconds[0m
[33m[WARN] [1774069685.359699980, 157.622000000]: Control loop missed its desired rate of 20.0000Hz... the loop actually took 0.0520 seconds[0m
E20260321 13:08:05.518209 58404 path_planner_node.cpp:250] Failed to get a path.
[33m[WARN] [1774069685.522489722, 157.870000000]: Received an empty transformed plan.[0m
[33m[WARN] [1774069685.524079542, 157.872000000]: Map update loop missed its desired rate of 1.0000Hz... the loop actually took 1.1180 seconds[0m
[31m[ERROR] [1774069685.548074071, 157.920000000]: None of the points of the global plan were in the local costmap, global plan points too far from robot[0m
[31m[ERROR] [1774069685.548097817, 157.920000000]: None of the 61 first of 61 (31) points of the global plan were in the local costmap and free[0m
[31m[ERROR] [1774069685.548114440, 157.920000000]: None of the 61 first of 61 (31) points of the global plan were in the local costmap and free[0m
[31m[ERROR] [1774069685.548128688, 157.922000000]: None of the points of the global plan were in the local costmap, global plan points too far from robot[0m
[33m[WARN] [1774069685.550083015, 157.924000000]: DWA planner failed to produce path.[0m
[31m[ERROR] [1774069685.577754671, 157.970000000]: None of the points of the global plan were in the local costmap, global plan points too far from robot[0m
[31m[ERROR] [1774069685.577776042, 157.970000000]: None of the 61 first of 61 (31) points of the global plan were in the local costmap and free[0m
[31m[ERROR] [1774069685.577791478, 157.970000000]: None of the 61 first of 61 (31) points of the global plan were in the local costmap and free[0m
[31m[ERROR] [1774069685.577816411, 157.970000000]: None of the points of the global plan were in the local costmap, global plan points too far from robot[0m
[33m[WARN] [1774069685.579560583, 157.974000000]: DWA planner failed to produce path.[0m
[31m[ERROR] [1774069685.602991135, 158.020000000]: None of the points of the global plan were in the local costmap, global plan points too far from robot[0m
[31m[ERROR] [1774069685.603013695, 158.020000000]: None of the 61 first of 61 (31) points of the global plan were in the local costmap and free[0m
[31m[ERROR] [1774069685.603026755, 158.020000000]: None of the 61 first of 61 (31) points of the global plan were in the local costmap and free[0m
[31m[ERROR] [1774069685.603043377, 158.020000000]: None of the points of the global plan were in the local costmap, global plan points too far from robot[0m
[33m[WARN] [1774069685.604732932, 158.024000000]: DWA planner failed to produce path.[0m
[31m[ERROR] [1774069685.628294090, 158.070000000]: None of the points of the global plan were in the local costmap, global plan points too far from robot[0m
[31m[ERROR] [1774069685.628347519, 158.070000000]: None of the 61 first of 61 (31) points of the global plan were in the local costmap and free[0m
[31m[ERROR] [1774069685.628365329, 158.070000000]: None of the 61 first of 61 (31) points of the global plan were in the local costmap and free[0m
[31m[ERROR] [1774069685.628381952, 158.070000000]: None of the points of the global plan were in the local costmap, global plan points too far from robot[0m
[33m[WARN] [1774069685.630275725, 158.070000000]: DWA planner failed to produce path.[0m
[31m[ERROR] [1774069685.658011497, 158.120000000]: None of the points of the global plan were in the local costmap, global plan points too far from robot[0m
[31m[ERROR] [1774069685.658038805, 158.120000000]: None of the 61 first of 61 (31) points of the global plan were in the local costmap and free[0m
[31m[ERROR] [1774069685.658056615, 158.120000000]: None of the 61 first of 61 (31) points of the global plan were in the local costmap and free[0m
[31m[ERROR] [1774069685.658070863, 158.120000000]: None of the points of the global plan were in the local costmap, global plan points too far from robot[0m
[33m[WARN] [1774069685.660097616, 158.124000000]: DWA planner failed to produce path.[0m
[31m[ERROR] [1774069685.682439397, 158.170000000]: None of the points of the global plan were in the local costmap, global plan points too far from robot[0m
[31m[ERROR] [1774069685.682461956, 158.170000000]: None of the 61 first of 61 (31) points of the global plan were in the local costmap and free[0m
[31m[ERROR] [1774069685.682477391, 158.170000000]: None of the 61 first of 61 (31) points of the global plan were in the local costmap and free[0m
[31m[ERROR] [1774069685.682492826, 158.170000000]: None of the points of the global plan were in the local costmap, global plan points too far from robot[0m
[33m[WARN] [1774069685.684263119, 158.174000000]: DWA planner failed to produce path.[0m
[31m[ERROR] [1774069685.710868562, 158.220000000]: None of the points of the global plan were in the local costmap, global plan points too far from robot[0m
[31m[ERROR] [1774069685.710889934, 158.220000000]: None of the 61 first of 61 (31) points of the global plan were in the local costmap and free[0m
[31m[ERROR] [1774069685.710906557, 158.220000000]: None of the 61 first of 61 (31) points of the global plan were in the local costmap and free[0m
[31m[ERROR] [1774069685.710921992, 158.220000000]: None of the points of the global plan were in the local costmap, global plan points too far from robot[0m
[33m[WARN] [1774069685.712667351, 158.224000000]: DWA planner failed to produce path.[0m
[31m[ERROR] [1774069685.736065846, 158.270000000]: None of the points of the global plan were in the local costmap, global plan points too far from robot[0m
[31m[ERROR] [1774069685.736084843, 158.270000000]: None of the 61 first of 61 (31) points of the global plan were in the local costmap and free[0m
[31m[ERROR] [1774069685.736110964, 158.270000000]: None of the 61 first of 61 (31) points of the global plan were in the local costmap and free[0m
[31m[ERROR] [1774069685.736126399, 158.272000000]: None of the points of the global plan were in the local costmap, global plan points too far from robot[0m
[33m[WARN] [1774069685.737856323, 158.274000000]: DWA planner failed to produce path.[0m
[31m[ERROR] [1774069685.763405052, 158.320000000]: None of the points of the global plan were in the local costmap, global plan points too far from robot[0m
[31m[ERROR] [1774069685.763428799, 158.320000000]: None of the 61 first of 61 (31) points of the global plan were in the local costmap and free[0m
[31m[ERROR] [1774069685.763443047, 158.320000000]: None of the 61 first of 61 (31) points of the global plan were in the local costmap and free[0m
[31m[ERROR] [1774069685.763457294, 158.320000000]: None of the points of the global plan were in the local costmap, global plan points too far from robot[0m
[33m[WARN] [1774069685.765267956, 158.324000000]: DWA planner failed to produce path.[0m
[31m[ERROR] [1774069685.788760249, 158.370000000]: None of the points of the global plan were in the local costmap, global plan points too far from robot[0m
[31m[ERROR] [1774069685.788794681, 158.370000000]: None of the 61 first of 61 (31) points of the global plan were in the local costmap and free[0m
[31m[ERROR] [1774069685.788811304, 158.370000000]: None of the 61 first of 61 (31) points of the global plan were in the local costmap and free[0m
[31m[ERROR] [1774069685.788825551, 158.370000000]: None of the points of the global plan were in the local costmap, global plan points too far from robot[0m
[33m[WARN] [1774069685.790563786, 158.374000000]: DWA planner failed to produce path.[0m
[31m[ERROR] [1774069685.819357459, 158.420000000]: None of the points of the global plan were in the local costmap, global plan points too far from robot[0m
[31m[ERROR] [1774069685.819381205, 158.420000000]: None of the 61 first of 61 (31) points of the global plan were in the local costmap and free[0m
[31m[ERROR] [1774069685.819400202, 158.420000000]: None of the 61 first of 61 (31) points of the global plan were in the local costmap and free[0m
[31m[ERROR] [1774069685.819415637, 158.420000000]: None of the points of the global plan were in the local costmap, global plan points too far from robot[0m
[33m[WARN] [1774069685.821260731, 158.424000000]: DWA planner failed to produce path.[0m
0m
[0m[INFO] [1774069677.936946631, 145.136000000]: Got new plan[0m
[0m[INFO] [1774069678.227290025, 145.632000000]: Got new plan[0m
[0m[INFO] [1774069678.488219968, 146.090000000]: Got new plan[0m
[0m[INFO] [1774069678.771310032, 146.594000000]: Got new plan[0m
[0m[INFO] [1774069679.086305728, 147.108000000]: Got new plan[0m
[0m[INFO] [1774069679.400873993, 147.622000000]: Got new plan[0m
[0m[INFO] [1774069679.715216668, 148.136000000]: Got new plan[0m
[0m[INFO] [1774069680.004465358, 148.608000000]: Got new plan[0m
[0m[INFO] [1774069680.275039899, 149.086000000]: Got new plan[0m
[0m[INFO] [1774069680.455362770, 149.386000000]: Got new plan[0m
[0m[INFO] [1774069680.510909110, 149.486000000]: Got new plan[0m
[0m[INFO] [1774069680.535238461, 149.536000000]: Got new plan[0m
[0m[INFO] [1774069680.573371582, 149.586000000]: Got new plan[0m
[0m[INFO] [1774069680.598838385, 149.636000000]: Got new plan[0m
[0m[INFO] [1774069680.633496224, 149.686000000]: Got new plan[0m
[0m[INFO] [1774069680.658665010, 149.736000000]: Got new plan[0m
[0m[INFO] [1774069680.696509612, 149.786000000]: Got new plan[0m
[0m[INFO] [1774069680.721608347, 149.836000000]: Got new plan[0m
[0m[INFO] [1774069680.757371579, 149.886000000]: Got new plan[0m
[0m[INFO] [1774069680.782656722, 149.936000000]: Got new plan[0m
[0m[INFO] [1774069680.819431551, 149.986000000]: Got new plan[0m
[0m[INFO] [1774069680.844558780, 150.036000000]: Got new plan[0m
[0m[INFO] [1774069680.880300641, 150.086000000]: Got new plan[0m
[0m[INFO] [1774069680.905418372, 150.136000000]: Got new plan[0m
[0m[INFO] [1774069680.942428290, 150.188000000]: Got new plan[0m
[0m[INFO] [1774069680.966909618, 150.236000000]: Got new plan[0m
[0m[INFO] [1774069680.991339892, 150.286000000]: Got new plan[0m
[0m[INFO] [1774069681.027426075, 150.336000000]: Got new plan[0m
[0m[INFO] [1774069681.052607922, 150.386000000]: Got new plan[0m
[0m[INFO] [1774069681.088593184, 150.436000000]: Got new plan[0m
[0m[INFO] [1774069681.396624079, 150.936000000]: Got new plan[0m
[0m[INFO] [1774069681.703376231, 151.446000000]: Got new plan[0m
[0m[INFO] [1774069681.978444778, 151.900000000]: Got new plan[0m
[0m[INFO] [1774069682.301583122, 152.430000000]: Got new plan[0m
[0m[INFO] [1774069682.585386778, 152.916000000]: Got new plan[0m
[0m[INFO] [1774069682.897428440, 153.430000000]: Got new plan[0m
[0m[INFO] [1774069683.211291452, 153.938000000]: Got new plan[0m
[0m[INFO] [1774069683.484398555, 154.424000000]: Got new plan[0m
[0m[INFO] [1774069683.780371046, 154.936000000]: Got new plan[0m
[0m[INFO] [1774069684.058914883, 155.436000000]: Got new plan[0m
[0m[INFO] [1774069684.374923385, 155.948000000]: Got new plan[0m
[0m[INFO] [1774069684.683811536, 156.482000000]: Got new plan[0m
[0m[INFO] [1774069684.934157738, 156.914000000]: Got new plan[0m
[0m[INFO] [1774069685.238893836, 157.424000000]: Got new plan[0m
[0m[INFO] [1774069685.494603161, 157.820000000]: Got new plan[0m
[0m[INFO] [1774069685.547985022, 157.920000000]: Got new plan[0m
[0m[INFO] [1774069685.577672746, 157.970000000]: Got new plan[0m
[0m[INFO] [1774069685.602906836, 158.020000000]: Got new plan[0m
[0m[INFO] [1774069685.628124303, 158.070000000]: Got new plan[0m
[0m[INFO] [1774069685.657895139, 158.120000000]: Got new plan[0m
[0m[INFO] [1774069685.682361034, 158.170000000]: Got new plan[0m
[0m[INFO] [1774069685.710784263, 158.220000000]: Got new plan[0m
[0m[INFO] [1774069685.736001730, 158.270000000]: Got new plan[0m
[0m[INFO] [1774069685.763307692, 158.320000000]: Got new plan[0m
[0m[INFO] [1774069685.788629644, 158.370000000]: Got new plan[0m
[0m[INFO] [1774069685.819252975, 158.420000000]: Got new plan[0m
[0m[INFO] [1774069685.844604609, 158.470000000]: Got new plan[0m
[0m[INFO] [1774069686.146606315, 158.970000000]: Got new plan[0m
[0m[INFO] [1774069686.423810866, 159.470000000]: Got new plan[0m
[0m[INFO] [1774069686.711272666, 159.970000000]: Got new plan[0m
[0m[INFO] [1774069686.987482243, 160.470000000]: Got new plan[0m
[0m[IE20260321 13:08:10.298496 58303 path_planner_node.cpp:250] Failed to get a path.
E20260321 13:08:10.875931 58404 path_planner_node.cpp:250] Failed to get a path.
E20260321 13:08:11.381875 58303 path_planner_node.cpp:250] Failed to get a path.
E20260321 13:08:12.002028 58404 path_planner_node.cpp:250] Failed to get a path.
E20260321 13:08:12.467509 58303 path_planner_node.cpp:250] Failed to get a path.
[33m[WARN] [1774069692.472338132, 170.168000000]: Map update loop missed its desired rate of 1.0000Hz... the loop actually took 5.5700 seconds[0m
[33m[WARN] [1774069692.504192715, 170.224000000]: Clearing both costmaps outside a square (3.00m) large centered on the robot.[0m
E20260321 13:08:13.137234 58404 path_planner_node.cpp:250] Failed to get a path.
[33m[WARN] [1774069693.144523391, 171.350000000]: Map update loop missed its desired rate of 1.0000Hz... the loop actually took 5.5960 seconds[0m
E20260321 13:08:13.633962 58303 path_planner_node.cpp:250] Failed to get a path.
[33m[WARN] [1774069693.639521467, 172.216000000]: Map update loop missed its desired rate of 1.0000Hz... the loop actually took 1.0480 seconds[0m
[33m[WARN] [1774069695.640515099, 175.676000000]: DWA planner failed to produce path.[0m
[31m[ERROR] [1774069695.666047209, 175.720000000]: None of the points of the global plan were in the local costmap, global plan points too far from robot[0m
[31m[ERROR] [1774069695.666072143, 175.720000000]: None of the 41 first of 41 (10) points of the global plan were in the local costmap and free[0m
[31m[ERROR] [1774069695.666094702, 175.720000000]: None of the 41 first of 41 (10) points of the global plan were in the local costmap and free[0m
[31m[ERROR] [1774069695.666108950, 175.720000000]: None of the points of the global plan were in the local costmap, global plan points too far from robot[0m
[33m[WARN] [1774069695.668268683, 175.726000000]: DWA planner failed to produce path.[0m
[31m[ERROR] [1774069695.690650836, 175.770000000]: None of the points of the global plan were in the local costmap, global plan points too far from robot[0m
[31m[ERROR] [1774069695.690672208, 175.770000000]: None of the 41 first of 41 (10) points of the global plan were in the local costmap and free[0m
[31m[ERROR] [1774069695.690688830, 175.770000000]: None of the 41 first of 41 (10) points of the global plan were in the local costmap and free[0m
[31m[ERROR] [1774069695.690699516, 175.770000000]: None of the points of the global plan were in the local costmap, global plan points too far from robot[0m
[33m[WARN] [1774069695.692314270, 175.774000000]: DWA planner failed to produce path.[0m
[31m[ERROR] [1774069695.727368680, 175.820000000]: None of the points of the global plan were in the local costmap, global plan points too far from robot[0m
[31m[ERROR] [1774069695.727390051, 175.820000000]: None of the 41 first of 41 (10) points of the global plan were in the local costmap and free[0m
[31m[ERROR] [1774069695.727404299, 175.820000000]: None of the 41 first of 41 (10) points of the global plan were in the local costmap and free[0m
[31m[ERROR] [1774069695.727417360, 175.820000000]: None of the points of the global plan were in the local costmap, global plan points too far from robot[0m
[33m[WARN] [1774069695.729060609, 175.822000000]: DWA planner failed to produce path.[0m
[31m[ERROR] [1774069695.753551441, 175.870000000]: None of the points of the global plan were in the local costmap, global plan points too far from robot[0m
[31m[ERROR] [1774069695.753577562, 175.870000000]: None of the 41 first of 41 (10) points of the global plan were in the local costmap and free[0m
[31m[ERROR] [1774069695.753590622, 175.870000000]: None of the 41 first of 41 (10) points of the global plan were in the local costmap and free[0m
[31m[ERROR] [1774069695.753604870, 175.870000000]: None of the points of the global plan were in the local costmap, global plan points too far from robot[0m
[33m[WARN] [1774069695.755328858, 175.874000000]: DWA planner failed to produce path.[0m
[31m[ERROR] [1774069695.788430127, 175.920000000]: None of the points of the global plan were in the local costmap, global plan points too far from robot[0m
[31m[ERROR] [1774069695.788474058, 175.920000000]: None of the 41 first of 41 (10) points of the global plan were in the local costmap and free[0m
[31m[ERROR] [1774069695.788504928, 175.920000000]: None of the 41 first of 41 (10) points of the global plan were in the local costmap and free[0m
[31m[ERROR] [1774069695.788531049, 175.920000000]: None of the points of the global plan were in the local costmap, global plan points too far from robot[0m
[33m[WARN] [1774069695.790625480, 175.924000000]: DWA planner failed to produce path.[0m
[31m[ERROR] [1774069695.814113027, 175.970000000]: None of the points of the global plan were in the local costmap, global plan points too far from robot[0m
[31m[ERROR] [1774069695.814147459, 175.972000000]: None of the 41 first of 41 (10) points of the global plan were in the local costmap and free[0m
[31m[ERROR] [1774069695.814166456, 175.972000000]: None of the 41 first of 41 (10) points of the global plan were in the local costmap and free[0m
[31m[ERROR] [1774069695.814179517, 175.972000000]: None of the points of the global plan were in the local costmap, global plan points too far from robot[0m
[33m[WARN] [1774069695.816264449, 175.976000000]: DWA planner failed to produce path.[0m
[31m[ERROR] [1774069695.849390652, 176.020000000]: None of the points of the global plan were in the local costmap, global plan points too far from robot[0m
[31m[ERROR] [1774069695.849442894, 176.020000000]: None of the 41 first of 41 (10) points of the global plan were in the local costmap and free[0m
[31m[ERROR] [1774069695.849459517, 176.020000000]: None of the 41 first of 41 (10) points of the global plan were in the local costmap and free[0m
[31m[ERROR] [1774069695.849473765, 176.020000000]: None of the points of the global plan were in the local costmap, global plan points too far from robot[0m
[33m[WARN] [1774069695.851321233, 176.024000000]: DWA planner failed to produce path.[0m
[31m[ERROR] [1774069695.874990440, 176.070000000]: None of the points of the global plan were in the local costmap, global plan points too far from robot[0m
[31m[ERROR] [1774069695.875041495, 176.070000000]: None of the 41 first of 41 (10) points of the global plan were in the local costmap and free[0m
[31m[ERROR] [1774069695.875056930, 176.070000000]: None of the 41 first of 41 (10) points of the global plan were in the local costmap and free[0m
[31m[ERROR] [1774069695.875071178, 176.070000000]: None of the points of the global plan were in the local costmap, global plan points too far from robot[0m
[33m[WARN] [1774069695.877080121, 176.074000000]: DWA planner failed to produce path.[0m
[31m[ERROR] [1774069695.899545386, 176.120000000]: None of the points of the global plan were in the local costmap, global plan points too far from robot[0m
[31m[ERROR] [1774069695.899578631, 176.120000000]: None of the 41 first of 41 (10) points of the global plan were in the local costmap and free[0m
[31m[ERROR] [1774069695.899595254, 176.120000000]: None of the 41 first of 41 (10) points of the global plan were in the local costmap and free[0m
[31m[ERROR] [1774069695.899609502, 176.120000000]: None of the points of the global plan were in the local costmap, global plan points too far from robot[0m
[33m[WARN] [1774069695.901814353, 176.124000000]: DWA planner failed to produce path.[0m
[31m[ERROR] [1774069695.935100845, 176.170000000]: None of the points of the global plan were in the local costmap, global plan points too far from robot[0m
[31m[ERROR] [1774069695.935135277, 176.170000000]: None of the 41 first of 41 (10) points of the global plan were in the local costmap and free[0m
[31m[ERROR] [1774069695.935149525, 176.170000000]: None of the 41 first of 41 (10) points of the global plan were in the local costmap and free[0m
[31m[ERROR] [1774069695.935163773, 176.170000000]: None of the points of the global plan were in the local costmap, global plan points too far from robot[0m
[33m[WARN] [1774069695.937031425, 176.174000000]: DWA planner failed to produce path.[0m
[31m[ERROR] [1774069695.959512126, 176.220000000]: None of the points of the global plan were in the local costmap, global plan points too far from robot[0m
[31m[ERROR] [1774069695.959548933, 176.220000000]: None of the 41 first of 41 (10) points of the global plan were in the local costmap and free[0m
[31m[ERROR] [1774069695.959566742, 176.220000000]: None of the 41 first of 41 (10) points of the global plan were in the local costmap and free[0m
[31m[ERROR] [1774069695.959580990, 176.220000000]: None of the points of the global plan were in the local costmap, global plan points too far from robot[0m
[33m[WARN] [1774069695.961800090, 176.224000000]: DWA planner failed to produce path.[0m
[31m[ERROR] [1774069695.992749937, 176.270000000]: None of the points of the global plan were in the local costmap, global plan points too far from robot[0m
[31m[ERROR] [1774069695.992785556, 176.270000000]: None of the 41 first of 41 (10) points of the global plan were in the local costmap and free[0m
[31m[ERROR] [1774069695.992802179, 176.270000000]: None of the 41 first of 41 (10) points of the global plan were in the local costmap and free[0m
[31m[ERROR] [1774069695.992817614, 176.270000000]: None of the points of the global plan were in the local costmap, global plan points too far from robot[0m
[33m[WARN] [1774069695.994596218, 176.274000000]: DWA planner failed to produce path.[0m
[31m[ERROR] [1774069696.018062393, 176.320000000]: None of the points of the global plan were in the local costmap, global plan points too far from robot[0m
[31m[ERROR] [1774069696.018096826, 176.320000000]: None of the 41 first of 41 (10) points of the global plan were in the local costmap and free[0m
[31m[ERROR] [1774069696.018112261, 176.320000000]: None of the 41 first of 41 (10) points of the global plan were in the local costmap and free[0m
[31m[ERROR] [1774069696.018126509, 176.322000000]: None of the points of the global plan were in the local costmap, global plan points too far from robot[0m
[33m[WARN] [1774069696.020014346, 176.324000000]: DWA planner failed to produce path.[0m
[31m[ERROR] [1774069696.048756967, 176.370000000]: None of the points of the global plan were in the local costmap, global plan points too far from robot[0m
[31m[ERROR] [1774069696.048789025, 176.370000000]: None of the 41 first of 41 (10) points of the global plan were in the local costmap and free[0m
[31m[ERROR] [1774069696.048804460, 176.370000000]: None of the 41 first of 41 (10) points of the global plan were in the local costmap and free[0m
[31m[ERROR] [1774069696.048817521, 176.370000000]: None of the points of the global plan were in the local costmap, global plan points too far from robot[0m
[33m[WARN] [1774069696.050476206, 176.374000000]: DWA planner failed to produce path.[0m
[31m[ERROR] [1774069696.074034992, 176.420000000]: None of the points of the global plan were in the local costmap, global plan points too far from robot[0m
[31m[ERROR] [1774069696.074110980, 176.420000000]: None of the 41 first of 41 (10) points of the global plan were in the local costmap and free[0m
[31m[ERROR] [1774069696.074141850, 176.422000000]: None of the 41 first of 41 (10) points of the global plan were in the local costmap and free[0m
[31m[ERROR] [1774069696.074153724, 176.422000000]: None of the points of the global plan were in the local costmap, global plan points too far from robot[0m
[33m[WARN] [1774069696.075888397, 176.424000000]: DWA planner failed to produce path.[0m
[33m[WARN] [1774069699.060009658, 181.570000000]: Received an empty transformed plan.[0m
[31m[ERROR] [1774069699.084480306, 181.620000000]: None of the points of the global plan were in the local costmap, global plan points too far from robot[0m
[31m[ERROR] [1774069699.084501678, 181.620000000]: None of the 62 first of 62 (6) points of the global plan were in the local costmap and free[0m
[31m[ERROR] [1774069699.084515926, 181.620000000]: None of the 62 first of 62 (6) points of the global plan were in the local costmap and free[0m
[31m[ERROR] [1774069699.084531361, 181.620000000]: None of the points of the global plan were in the local costmap, global plan points too far from robot[0m
[33m[WARN] [1774069699.086331337, 181.624000000]: DWA planner failed to produce path.[0m
[31m[ERROR] [1774069699.120367028, 181.670000000]: None of the points of the global plan were in the local costmap, global plan points too far from robot[0m
[31m[ERROR] [1774069699.120389587, 181.670000000]: None of the 62 first of 62 (6) points of the global plan were in the local costmap and free[0m
[31m[ERROR] [1774069699.120406210, 181.670000000]: None of the 62 first of 62 (6) points of the global plan were in the local costmap and free[0m
[31m[ERROR] [1774069699.120421645, 181.670000000]: None of the points of the global plan were in the local costmap, global plan points too far from robot[0m
[33m[WARN] [1774069699.122327292, 181.674000000]: DWA planner failed to produce path.[0m
[31m[ERROR] [1774069699.145710356, 181.720000000]: None of the points of the global plan were in the local costmap, global plan points too far from robot[0m
[31m[ERROR] [1774069699.145729353, 181.720000000]: None of the 62 first of 62 (6) points of the global plan were in the local costmap and free[0m
[31m[ERROR] [1774069699.145744788, 181.720000000]: None of the 62 first of 62 (6) points of the global plan were in the local costmap and free[0m
[31m[ERROR] [1774069699.145766160, 181.720000000]: None of the points of the global plan were in the local costmap, global plan points too far from robot[0m
[33m[WARN] [1774069699.147716925, 181.724000000]: DWA planner failed to produce path.[0m
[31m[ERROR] [1774069699.173232414, 181.770000000]: None of the points of the global plan were in the local costmap, global plan points too far from robot[0m
[31m[ERROR] [1774069699.173253786, 181.770000000]: None of the 62 first of 62 (6) points of the global plan were in the local costmap and free[0m
[31m[ERROR] [1774069699.173268034, 181.770000000]: None of the 62 first of 62 (6) points of the global plan were in the local costmap and free[0m
[31m[ERROR] [1774069699.173281095, 181.770000000]: None of the points of the global plan were in the local costmap, global plan points too far from robot[0m
[33m[WARN] [1774069699.175087007, 181.772000000]: DWA planner failed to produce path.[0m
[31m[ERROR] [1774069699.198473633, 181.820000000]: None of the points of the global plan were in the local costmap, global plan points too far from robot[0m
[31m[ERROR] [1774069699.198496192, 181.820000000]: None of the 62 first of 62 (6) points of the global plan were in the local costmap and free[0m
[31m[ERROR] [1774069699.198516376, 181.820000000]: None of the 62 first of 62 (6) points of the global plan were in the local costmap and free[0m
[31m[ERROR] [1774069699.198531811, 181.820000000]: None of the points of the global plan were in the local costmap, global plan points too far from robot[0m
[33m[WARN] [1774069699.200496825, 181.824000000]: DWA planner failed to produce path.[0m
[31m[ERROR] [1774069699.227045281, 181.870000000]: None of the points of the global plan were in the local costmap, global plan points too far from robot[0m
[31m[ERROR] [1774069699.227073777, 181.870000000]: None of the 62 first of 62 (6) points of the global plan were in the local costmap and free[0m
[31m[ERROR] [1774069699.227093961, 181.870000000]: None of the 62 first of 62 (6) points of the global plan were in the local costmap and free[0m
[31m[ERROR] [1774069699.227114146, 181.870000000]: None of the points of the global plan were in the local costmap, global plan points too far from robot[0m
[33m[WARN] [1774069699.228946179, 181.874000000]: DWA planner failed to produce path.[0m
[31m[ERROR] [1774069699.251225036, 181.920000000]: None of the points of the global plan were in the local costmap, global plan points too far from robot[0m
[31m[ERROR] [1774069699.251244033, 181.920000000]: None of the 62 first of 62 (6) points of the global plan were in the local costmap and free[0m
[31m[ERROR] [1774069699.251258281, 181.920000000]: None of the 62 first of 62 (6) points of the global plan were in the local costmap and free[0m
[31m[ERROR] [1774069699.251270154, 181.920000000]: None of the points of the global plan were in the local costmap, global plan points too far from robot[0m
[33m[WARN] [1774069699.252990580, 181.922000000]: DWA planner failed to produce path.[0m
[31m[ERROR] [1774069699.279617400, 181.970000000]: None of the points of the global plan were in the local costmap, global plan points too far from robot[0m
[31m[ERROR] [1774069699.279641146, 181.970000000]: None of the 62 first of 62 (6) points of the global plan were in the local costmap and free[0m
[31m[ERROR] [1774069699.279656581, 181.970000000]: None of the 62 first of 62 (6) points of the global plan were in the local costmap and free[0m
[31m[ERROR] [1774069699.279669642, 181.970000000]: None of the points of the global plan were in the local costmap, global plan points too far from robot[0m
[33m[WARN] [1774069699.281468430, 181.974000000]: DWA planner failed to produce path.[0m
[31m[ERROR] [1774069699.304866929, 182.020000000]: None of the points of the global plan were in the local costmap, global plan points too far from robot[0m
[31m[ERROR] [1774069699.304889488, 182.020000000]: None of the 62 first of 62 (6) points of the global plan were in the local costmap and free[0m
[31m[ERROR] [1774069699.304913234, 182.020000000]: None of the 62 first of 62 (6) points of the global plan were in the local costmap and free[0m
[31m[ERROR] [1774069699.304926295, 182.020000000]: None of the points of the global plan were in the local costmap, global plan points too far from robot[0m
[33m[WARN] [1774069699.306666905, 182.024000000]: DWA planner failed to produce path.[0m
[31m[ERROR] [1774069699.338583232, 182.070000000]: None of the points of the global plan were in the local costmap, global plan points too far from robot[0m
[31m[ERROR] [1774069699.338603416, 182.070000000]: None of the 62 first of 62 (6) points of the global plan were in the local costmap and free[0m
[31m[ERROR] [1774069699.338617664, 182.070000000]: None of the 62 first of 62 (6) points of the global plan were in the local costmap and free[0m
[31m[ERROR] [1774069699.338630724, 182.070000000]: None of the points of the global plan were in the local costmap, global plan points too far from robot[0m
[33m[WARN] [1774069699.340326216, 182.072000000]: DWA planner failed to produce path.[0m
[31m[ERROR] [1774069699.363657038, 182.120000000]: None of the points of the global plan were in the local costmap, global plan points too far from robot[0m
[31m[ERROR] [1774069699.363676035, 182.120000000]: None of the 62 first of 62 (6) points of the global plan were in the local costmap and free[0m
[31m[ERROR] [1774069699.363690283, 182.120000000]: None of the 62 first of 62 (6) points of the global plan were in the local costmap and free[0m
[31m[ERROR] [1774069699.363702156, 182.120000000]: None of the points of the global plan were in the local costmap, global plan points too far from robot[0m
[33m[WARN] [1774069699.365372714, 182.124000000]: DWA planner failed to produce path.[0m
[31m[ERROR] [1774069699.388774775, 182.170000000]: None of the points of the global plan were in the local costmap, global plan points too far from robot[0m
[31m[ERROR] [1774069699.388791397, 182.170000000]: None of the 62 first of 62 (6) points of the global plan were in the local costmap and free[0m
[31m[ERROR] [1774069699.388804458, 182.170000000]: None of the 62 first of 62 (6) points of the global plan were in the local costmap and free[0m
[31m[ERROR] [1774069699.388815144, 182.170000000]: None of the points of the global plan were in the local costmap, global plan points too far from robot[0m
[33m[WARN] [1774069699.390488076, 182.172000000]: DWA planner failed to produce path.[0m
[31m[ERROR] [1774069699.425515179, 182.220000000]: None of the points of the global plan were in the local costmap, global plan points too far from robot[0m
[31m[ERROR] [1774069699.425534176, 182.220000000]: None of the 55 first of 55 (2) points of the global plan were in the local costmap and free[0m
[31m[ERROR] [1774069699.425548424, 182.220000000]: None of the 55 first of 55 (2) points of the global plan were in the local costmap and free[0m
[31m[ERROR] [1774069699.425560297, 182.220000000]: None of the points of the global plan were in the local costmap, global plan points too far from robot[0m
[33m[WARN] [1774069699.427234417, 182.224000000]: DWA planner failed to produce path.[0m
[31m[ERROR] [1774069699.450584236, 182.270000000]: None of the points of the global plan were in the local costmap, global plan points too far from robot[0m
[31m[ERROR] [1774069699.450602046, 182.270000000]: None of the 55 first of 55 (2) points of the global plan were in the local costmap and free[0m
[31m[ERROR] [1774069699.450617481, 182.270000000]: None of the 55 first of 55 (2) points of the global plan were in the local costmap and free[0m
[31m[ERROR] [1774069699.450628167, 182.270000000]: None of the points of the global plan were in the local costmap, global plan points too far from robot[0m
[33m[WARN] [1774069699.452354529, 182.274000000]: DWA planner failed to produce path.[0m
[31m[ERROR] [1774069699.488407476, 182.320000000]: None of the points of the global plan were in the local costmap, global plan points too far from robot[0m
[31m[ERROR] [1774069699.488426473, 182.320000000]: None of the 55 first of 55 (2) points of the global plan were in the local costmap and free[0m
[31m[ERROR] [1774069699.488445470, 182.320000000]: None of the 55 first of 55 (2) points of the global plan were in the local costmap and free[0m
[31m[ERROR] [1774069699.488459718, 182.320000000]: None of the points of the global plan were in the local costmap, global plan points too far from robot[0m
[33m[WARN] [1774069699.490133838, 182.324000000]: DWA planner failed to produce path.[0m
[31m[ERROR] [1774069699.513528775, 182.370000000]: None of the points of the global plan were in the local costmap, global plan points too far from robot[0m
[31m[ERROR] [1774069699.513547772, 182.370000000]: None of the 55 first of 55 (2) points of the global plan were in the local costmap and free[0m
[31m[ERROR] [1774069699.513564394, 182.370000000]: None of the 55 first of 55 (2) points of the global plan were in the local costmap and free[0m
[31m[ERROR] [1774069699.513577455, 182.370000000]: None of the points of the global plan were in the local costmap, global plan points too far from robot[0m
[33m[WARN] [1774069699.515451045, 182.374000000]: DWA planner failed to produce path.[0m
[31m[ERROR] [1774069699.540909542, 182.420000000]: None of the points of the global plan were in the local costmap, global plan points too far from robot[0m
[31m[ERROR] [1774069699.540928539, 182.420000000]: None of the 55 first of 55 (2) points of the global plan were in the local costmap and free[0m
[31m[ERROR] [1774069699.540943974, 182.420000000]: None of the 55 first of 55 (2) points of the global plan were in the local costmap and free[0m
[31m[ERROR] [1774069699.540957035, 182.420000000]: None of the points of the global plan were in the local costmap, global plan points too far from robot[0m
[33m[WARN] [1774069699.542651339, 182.424000000]: DWA planner failed to produce path.[0m
NFO] [1774069687.287998618, 160.970000000]: Got new plan[0m
[0m[INFO] [1774069687.594319796, 161.470000000]: Got new plan[0m
[0m[INFO] [1774069687.902437388, 161.970000000]: Got new plan[0m
[0m[INFO] [1774069688.191144691, 162.472000000]: Got new plan[0m
[0m[INFO] [1774069688.491494846, 162.970000000]: Got new plan[0m
[0m[INFO] [1774069688.790977070, 163.470000000]: Got new plan[0m
[0m[INFO] [1774069689.099332130, 163.970000000]: Got new plan[0m
[0m[INFO] [1774069693.641205085, 172.220000000]: Got new plan[0m
[0m[INFO] [1774069693.920092091, 172.720000000]: Got new plan[0m
[0m[INFO] [1774069694.226256568, 173.220000000]: Got new plan[0m
[0m[INFO] [1774069694.499260410, 173.720000000]: Got new plan[0m
[0m[INFO] [1774069694.800609122, 174.220000000]: Got new plan[0m
[0m[INFO] [1774069695.078207890, 174.720000000]: Got new plan[0m
[0m[INFO] [1774069695.358032885, 175.220000000]: Got new plan[0m
[0m[INFO] [1774069695.638077533, 175.670000000]: Got new plan[0m
[0m[INFO] [1774069695.665978345, 175.720000000]: Got new plan[0m
[0m[INFO] [1774069695.690591470, 175.770000000]: Got new plan[0m
[0m[INFO] [1774069695.727301002, 175.820000000]: Got new plan[0m
[0m[INFO] [1774069695.753488513, 175.870000000]: Got new plan[0m
[0m[INFO] [1774069695.788260340, 175.920000000]: Got new plan[0m
[0m[INFO] [1774069695.813997857, 175.970000000]: Got new plan[0m
[0m[INFO] [1774069695.849243425, 176.020000000]: Got new plan[0m
[0m[INFO] [1774069695.874719731, 176.070000000]: Got new plan[0m
[0m[INFO] [1774069695.899410032, 176.120000000]: Got new plan[0m
[0m[INFO] [1774069695.934843196, 176.170000000]: Got new plan[0m
[0m[INFO] [1774069695.959362523, 176.220000000]: Got new plan[0m
[0m[INFO] [1774069695.992621706, 176.270000000]: Got new plan[0m
[0m[INFO] [1774069696.017906854, 176.320000000]: Got new plan[0m
[0m[INFO] [1774069696.048641797, 176.370000000]: Got new plan[0m
[0m[INFO] [1774069696.073865205, 176.420000000]: Got new plan[0m
[0m[INFO] [1774069696.101324335, 176.470000000]: Got new plan[0m
[0m[INFO] [1774069696.393648241, 176.970000000]: Got new plan[0m
[0m[INFO] [1774069696.663724161, 177.470000000]: Got new plan[0m
[0m[INFO] [1774069696.973608517, 177.970000000]: Got new plan[0m
[0m[INFO] [1774069697.278400464, 178.470000000]: Got new plan[0m
[0m[INFO] [1774069697.559418721, 178.970000000]: Got new plan[0m
[0m[INFO] [1774069697.837905613, 179.470000000]: Got new plan[0m
[0m[INFO] [1774069698.136402397, 179.970000000]: Got new plan[0m
[0m[INFO] [1774069698.438023019, 180.470000000]: Got new plan[0m
[0m[INFO] [1774069698.718439308, 180.972000000]: Got new plan[0m
[0m[INFO] [1774069699.004089300, 181.470000000]: Got new plan[0m
[0m[INFO] [1774069699.028479210, 181.520000000]: Got new plan[0m
[0m[INFO] [1774069699.084429252, 181.620000000]: Got new plan[0m
[0m[INFO] [1774069699.120314786, 181.670000000]: Got new plan[0m
[0m[INFO] [1774069699.145662863, 181.720000000]: Got new plan[0m
[0m[INFO] [1774069699.173180172, 181.770000000]: Got new plan[0m
[0m[INFO] [1774069699.198421391, 181.820000000]: Got new plan[0m
[0m[INFO] [1774069699.226968106, 181.870000000]: Got new plan[0m
[0m[INFO] [1774069699.251178731, 181.920000000]: Got new plan[0m
[0m[INFO] [1774069699.279548535, 181.970000000]: Got new plan[0m
[0m[INFO] [1774069699.304789753, 182.020000000]: Got new plan[0m
[0m[INFO] [1774069699.338530989, 182.070000000]: Got new plan[0m
[0m[INFO] [1774069699.363610732, 182.120000000]: Got new plan[0m
[0m[INFO] [1774069699.388727282, 182.170000000]: Got new plan[0m
[0m[INFO] [1774069699.425468874, 182.220000000]: Got new plan[0m
[0m[INFO] [1774069699.450541493, 182.270000000]: Got new plan[0m
[0m[INFO] [1774069699.488363545, 182.320000000]: Got new plan[0m
[0m[INFO] [1774069699.513481282, 182.370000000]: Got new plan[0m
[0m[INFO] [1774069699.540854926, 182.420000000]: Got new plan[0m
[0m[INFO] [1774069699.565967913, 182.470000000]: Got new plan[0m
[0m[INFO] [1774069699.855324719, 182.970000000]: Got new plan[0m
[0m[INFO] [17780.770042646, 149.910000000]: Got new plan[0m
[0m[INFO] [1774069681.076133459, 150.412000000]: Got new plan[0m
[0m[INFO] [1774069681.373205400, 150.912000000]: Got new plan[0m
[0m[INFO] [1774069681.675645210, 151.410000000]: Got new plan[0m
[0m[INFO] [1774069681.984181903, 151.910000000]: Got new plan[0m
[0m[INFO] [1774069682.290753586, 152.410000000]: Got new plan[0m
[0m[INFO] [1774069682.582654757, 152.910000000]: Got new plan[0m
[0m[INFO] [1774069682.887433589, 153.410000000]: Got new plan[0m
[0m[INFO] [1774069683.197257342, 153.910000000]: Got new plan[0m
[0m[INFO] [1774069683.477323321, 154.410000000]: Got new plan[0m
[0m[INFO] [1774069683.762596881, 154.910000000]: Got new plan[0m
[0m[INFO] [1774069684.045676277, 155.410000000]: Got new plan[0m
[0m[INFO] [1774069685.542748946, 157.910000000]: Got new plan[0m
[0m[INFO] [1774069685.814703168, 158.412000000]: Got new plan[0m
[0m[INFO] [1774069686.116321370, 158.910000000]: Got new plan[0m
[0m[INFO] [1774069686.389022420, 159.410000000]: Got new plan[0m
[0m[INFO] [1774069686.667886843, 159.910000000]: Got new plan[0m
[0m[INFO] [1774069686.953002500, 160.410000000]: Got new plan[0m
[0m[INFO] [1774069687.257280301, 160.910000000]: Got new plan[0m
[0m[INFO] [1774069687.565007265, 161.410000000]: Got new plan[0m
[0m[INFO] [1774069687.862520911, 161.910000000]: Got new plan[0m
[0m[INFO] [1774069688.157639736, 162.410000000]: Got new plan[0m
[0m[INFO] [1774069688.447763512, 162.910000000]: Got new plan[0m
[0m[INFO] [1774069688.760840539, 163.410000000]: Got new plan[0m
[0m[INFO] [1774069689.070214318, 163.912000000]: Got new plan[0m
[0m[INFO] [1774069689.243694689, 164.210000000]: Got new plan[0m
[0m[INFO] [1774069689.515187058, 164.712000000]: Got new plan[0m
[0m[INFO] [1774069693.148959215, 171.360000000]: Got new plan[0m
[0m[INFO] [1774069693.439826270, 171.860000000]: Got new plan[0m
[0m[INFO] [1774069693.717917772, 172.360000000]: Got new plan[0m
[0m[INFO] [1774069694.000258688, 172.860000000]: Got new plan[0m
[0m[INFO] [1774069694.307577240, 173.360000000]: Got new plan[0m
[0m[INFO] [1774069694.585476400, 173.860000000]: Got new plan[0m
[0m[INFO] [1774069694.885598610, 174.360000000]: Got new plan[0m
[0m[INFO] [1774069695.153939853, 174.860000000]: Got new plan[0m
[0m[INFO] [1774069695.440134814, 175.362000000]: Got new plan[0m
[0m[INFO] [1774069695.632593306, 175.660000000]: Got new plan[0m
[0m[INFO] [1774069695.929347096, 176.160000000]: Got new plan[0m
[0m[INFO] [1774069696.210581441, 176.660000000]: Got new plan[0m
[0m[INFO] [1774069696.493701249, 177.160000000]: Got new plan[0m
[0m[INFO] [1774069696.784140880, 177.660000000]: Got new plan[0m
[0m[INFO] [1774069697.090221066, 178.160000000]: Got new plan[0m
[0m[INFO] [1774069697.379467444, 178.660000000]: Got new plan[0m
[0m[INFO] [1774069697.665836948, 179.160000000]: Got new plan[0m
[0m[INFO] [1774069697.946837395, 179.660000000]: Got new plan[0m
[0m[INFO] [1774069698.249943353, 180.160000000]: Got new plan[0m
[0m[INFO] [1774069698.553165669, 180.664000000]: Got new plan[0m
[0m[INFO] [1774069698.825819265, 181.160000000]: Got new plan[0m
[0m[INFO] [1774069699.023873599, 181.510000000]: Got new plan[0m
[0m[INFO] [1774069699.299523993, 182.010000000]: Got new plan[0m
[0m[INFO] [1774069699.590011127, 182.510000000]: Got new plan[0m
[0m[INFO] [1774069699.885863756, 183.010000000]: Got new plan[0m
[0m[INFO] [1774069700.156160529, 183.512000000]: Got new plan[0m
[0m[INFO] [1774069700.461536648, 184.010000000]: Got new plan[0m
[0m[INFO] [1774069700.732872327, 184.510000000]: Got new plan[0m
[0m[INFO] [1774069701.021021633, 185.010000000]: Got new plan[0m
[0m[INFO] [1774069701.301838059, 185.510000000]: Got new plan[0m
[0m[INFO] [1774069701.589334343, 186.010000000]: Got new plan[0m
[0m[INFO] [1774069701.870263564, 186.510000000]: Got new plan[0m
[0m[INFO] [1774069702.138568021, 187.010000000]: Got new plan[0m
[0m[INFO] [1774069702.406961529, 187.510000000]: Got new plan[0m
[0m[INFO] [1774069702.498188[33m[WARN] [1774069702.506137116, 187.672000000]: Received an empty transformed plan.[0m
[31m[ERROR] [1774069702.530620826, 187.720000000]: None of the points of the global plan were in the local costmap, global plan points too far from robot[0m
[31m[ERROR] [1774069702.530646947, 187.720000000]: None of the 63 first of 63 (32) points of the global plan were in the local costmap and free[0m
[31m[ERROR] [1774069702.530662382, 187.720000000]: None of the 63 first of 63 (32) points of the global plan were in the local costmap and free[0m
[31m[ERROR] [1774069702.530676630, 187.720000000]: None of the points of the global plan were in the local costmap, global plan points too far from robot[0m
[33m[WARN] [1774069702.532356686, 187.724000000]: DWA planner failed to produce path.[0m
[31m[ERROR] [1774069702.555786056, 187.770000000]: None of the points of the global plan were in the local costmap, global plan points too far from robot[0m
[31m[ERROR] [1774069702.555806241, 187.770000000]: None of the 63 first of 63 (32) points of the global plan were in the local costmap and free[0m
[31m[ERROR] [1774069702.555820489, 187.770000000]: None of the 63 first of 63 (32) points of the global plan were in the local costmap and free[0m
[31m[ERROR] [1774069702.555834736, 187.770000000]: None of the points of the global plan were in the local costmap, global plan points too far from robot[0m
[33m[WARN] [1774069702.557521917, 187.770000000]: DWA planner failed to produce path.[0m
[31m[ERROR] [1774069702.584107181, 187.820000000]: None of the points of the global plan were in the local costmap, global plan points too far from robot[0m
[31m[ERROR] [1774069702.584135677, 187.820000000]: None of the 63 first of 63 (32) points of the global plan were in the local costmap and free[0m
[31m[ERROR] [1774069702.584160611, 187.820000000]: None of the 63 first of 63 (32) points of the global plan were in the local costmap and free[0m
[31m[ERROR] [1774069702.584183170, 187.820000000]: None of the points of the global plan were in the local costmap, global plan points too far from robot[0m
[33m[WARN] [1774069702.585983146, 187.824000000]: DWA planner failed to produce path.[0m
[31m[ERROR] [1774069702.608309496, 187.870000000]: None of the points of the global plan were in the local costmap, global plan points too far from robot[0m
[31m[ERROR] [1774069702.608330868, 187.870000000]: None of the 63 first of 63 (32) points of the global plan were in the local costmap and free[0m
[31m[ERROR] [1774069702.608346303, 187.870000000]: None of the 63 first of 63 (32) points of the global plan were in the local costmap and free[0m
[31m[ERROR] [1774069702.608359364, 187.870000000]: None of the points of the global plan were in the local costmap, global plan points too far from robot[0m
[33m[WARN] [1774069702.610056043, 187.872000000]: DWA planner failed to produce path.[0m
[31m[ERROR] [1774069702.636641307, 187.920000000]: None of the points of the global plan were in the local costmap, global plan points too far from robot[0m
[31m[ERROR] [1774069702.636667428, 187.920000000]: None of the 63 first of 63 (32) points of the global plan were in the local costmap and free[0m
[31m[ERROR] [1774069702.636682864, 187.920000000]: None of the 63 first of 63 (32) points of the global plan were in the local costmap and free[0m
[31m[ERROR] [1774069702.636695924, 187.920000000]: None of the points of the global plan were in the local costmap, global plan points too far from robot[0m
[33m[WARN] [1774069702.638417537, 187.922000000]: DWA planner failed to produce path.[0m
[31m[ERROR] [1774069702.661858780, 187.970000000]: None of the points of the global plan were in the local costmap, global plan points too far from robot[0m
[31m[ERROR] [1774069702.661877777, 187.970000000]: None of the 63 first of 63 (32) points of the global plan were in the local costmap and free[0m
[31m[ERROR] [1774069702.661894400, 187.970000000]: None of the 63 first of 63 (32) points of the global plan were in the local costmap and free[0m
[31m[ERROR] [1774069702.661907460, 187.970000000]: None of the points of the global plan were in the local costmap, global plan points too far from robot[0m
[33m[WARN] [1774069702.663738306, 187.974000000]: DWA planner failed to produce path.[0m
[31m[ERROR] [1774069702.689281105, 188.020000000]: None of the points of the global plan were in the local costmap, global plan points too far from robot[0m
[31m[ERROR] [1774069702.689303664, 188.020000000]: None of the 63 first of 63 (32) points of the global plan were in the local costmap and free[0m
[31m[ERROR] [1774069702.689319099, 188.020000000]: None of the 63 first of 63 (32) points of the global plan were in the local costmap and free[0m
[31m[ERROR] [1774069702.689333347, 188.020000000]: None of the points of the global plan were in the local costmap, global plan points too far from robot[0m
[33m[WARN] [1774069702.691362475, 188.024000000]: DWA planner failed to produce path.[0m
[31m[ERROR] [1774069702.714804906, 188.070000000]: None of the points of the global plan were in the local costmap, global plan points too far from robot[0m
[31m[ERROR] [1774069702.714826278, 188.070000000]: None of the 63 first of 63 (32) points of the global plan were in the local costmap and free[0m
[31m[ERROR] [1774069702.714840525, 188.070000000]: None of the 63 first of 63 (32) points of the global plan were in the local costmap and free[0m
[31m[ERROR] [1774069702.714854773, 188.070000000]: None of the points of the global plan were in the local costmap, global plan points too far from robot[0m
[33m[WARN] [1774069702.716721239, 188.074000000]: DWA planner failed to produce path.[0m
[31m[ERROR] [1774069702.748749175, 188.120000000]: None of the points of the global plan were in the local costmap, global plan points too far from robot[0m
[31m[ERROR] [1774069702.748783607, 188.120000000]: None of the 63 first of 63 (32) points of the global plan were in the local costmap and free[0m
[31m[ERROR] [1774069702.748806166, 188.120000000]: None of the 63 first of 63 (32) points of the global plan were in the local costmap and free[0m
[31m[ERROR] [1774069702.748822789, 188.120000000]: None of the points of the global plan were in the local costmap, global plan points too far from robot[0m
[33m[WARN] [1774069702.750767617, 188.124000000]: DWA planner failed to produce path.[0m
[31m[ERROR] [1774069702.774204111, 188.172000000]: None of the points of the global plan were in the local costmap, global plan points too far from robot[0m
[31m[ERROR] [1774069702.774232607, 188.172000000]: None of the 63 first of 63 (32) points of the global plan were in the local costmap and free[0m
[31m[ERROR] [1774069702.774249230, 188.172000000]: None of the 63 first of 63 (32) points of the global plan were in the local costmap and free[0m
[31m[ERROR] [1774069702.774264665, 188.172000000]: None of the points of the global plan were in the local costmap, global plan points too far from robot[0m
[33m[WARN] [1774069702.775958969, 188.174000000]: DWA planner failed to produce path.[0m
[31m[ERROR] [1774069702.810077774, 188.220000000]: None of the points of the global plan were in the local costmap, global plan points too far from robot[0m
[31m[ERROR] [1774069702.810112206, 188.220000000]: None of the 63 first of 63 (32) points of the global plan were in the local costmap and free[0m
[31m[ERROR] [1774069702.810134765, 188.222000000]: None of the 63 first of 63 (32) points of the global plan were in the local costmap and free[0m
[31m[ERROR] [1774069702.810158512, 188.222000000]: None of the points of the global plan were in the local costmap, global plan points too far from robot[0m
[33m[WARN] [1774069702.811966799, 188.224000000]: DWA planner failed to produce path.[0m
[31m[ERROR] [1774069702.834324020, 188.270000000]: None of the points of the global plan were in the local costmap, global plan points too far from robot[0m
[31m[ERROR] [1774069702.834348953, 188.270000000]: None of the 63 first of 63 (32) points of the global plan were in the local costmap and free[0m
[31m[ERROR] [1774069702.834365576, 188.270000000]: None of the 63 first of 63 (32) points of the global plan were in the local costmap and free[0m
[31m[ERROR] [1774069702.834381011, 188.270000000]: None of the points of the global plan were in the local costmap, global plan points too far from robot[0m
[33m[WARN] [1774069702.836153679, 188.274000000]: DWA planner failed to produce path.[0m
[31m[ERROR] [1774069702.871252022, 188.322000000]: None of the points of the global plan were in the local costmap, global plan points too far from robot[0m
[31m[ERROR] [1774069702.871275768, 188.322000000]: None of the 63 first of 63 (32) points of the global plan were in the local costmap and free[0m
[31m[ERROR] [1774069702.871295953, 188.322000000]: None of the 63 first of 63 (32) points of the global plan were in the local costmap and free[0m
[31m[ERROR] [1774069702.871313763, 188.322000000]: None of the points of the global plan were in the local costmap, global plan points too far from robot[0m
[33m[WARN] [1774069702.873043687, 188.324000000]: DWA planner failed to produce path.[0m
[31m[ERROR] [1774069702.895394971, 188.370000000]: None of the points of the global plan were in the local costmap, global plan points too far from robot[0m
[31m[ERROR] [1774069702.895418717, 188.370000000]: None of the 63 first of 63 (32) points of the global plan were in the local costmap and free[0m
[31m[ERROR] [1774069702.895436527, 188.370000000]: None of the 63 first of 63 (32) points of the global plan were in the local costmap and free[0m
[31m[ERROR] [1774069702.895450775, 188.370000000]: None of the points of the global plan were in the local costmap, global plan points too far from robot[0m
[33m[WARN] [1774069702.897210382, 188.374000000]: DWA planner failed to produce path.[0m
[31m[ERROR] [1774069702.931274570, 188.420000000]: None of the points of the global plan were in the local costmap, global plan points too far from robot[0m
[31m[ERROR] [1774069702.931298317, 188.420000000]: None of the 63 first of 63 (32) points of the global plan were in the local costmap and free[0m
[31m[ERROR] [1774069702.931316126, 188.420000000]: None of the 63 first of 63 (32) points of the global plan were in the local costmap and free[0m
[31m[ERROR] [1774069702.931338685, 188.420000000]: None of the points of the global plan were in the local costmap, global plan points too far from robot[0m
[33m[WARN] [1774069702.933111353, 188.422000000]: DWA planner failed to produce path.[0m
[33m[WARN] [1774069703.145839776, 188.778000000]: Control loop missed its desired rate of 20.0000Hz... the loop actually took 0.0580 seconds[0m
[33m[WARN] [1774069703.203897312, 188.872000000]: Control loop missed its desired rate of 20.0000Hz... the loop actually took 0.0520 seconds[0m
[33m[WARN] [1774069703.251349712, 188.944000000]: Control loop missed its desired rate of 20.0000Hz... the loop actually took 0.0740 seconds[0m
[33m[WARN] [1774069703.295616535, 189.030000000]: Control loop missed its desired rate of 20.0000Hz... the loop actually took 0.1100 seconds[0m
[33m[WARN] [1774069703.340053144, 189.096000000]: Control loop missed its desired rate of 20.0000Hz... the loop actually took 0.0660 seconds[0m
[33m[WARN] [1774069703.381844406, 189.156000000]: Control loop missed its desired rate of 20.0000Hz... the loop actually took 0.0760 seconds[0m
[33m[WARN] [1774069703.419438495, 189.230000000]: Control loop missed its desired rate of 20.0000Hz... the loop actually took 0.1000 seconds[0m
[33m[WARN] [1774069703.458173597, 189.288000000]: Control loop missed its desired rate of 20.0000Hz... the loop actually took 0.1080 seconds[0m
[33m[WARN] [1774069703.495515974, 189.344000000]: Control loop missed its desired rate of 20.0000Hz... the loop actually took 0.0560 seconds[0m
[33m[WARN] [1774069703.528313294, 189.404000000]: Control loop missed its desired rate of 20.0000Hz... the loop actually took 0.0660 seconds[0m
[33m[WARN] [1774069703.561492929, 189.450000000]: Control loop missed its desired rate of 20.0000Hz... the loop actually took 0.0620 seconds[0m
[33m[WARN] [1774069703.599028839, 189.520000000]: Control loop missed its desired rate of 20.0000Hz... the loop actually took 0.0820 seconds[0m
[33m[WARN] [1774069703.636307101, 189.574000000]: Control loop missed its desired rate of 20.0000Hz... the loop actually took 0.0860 seconds[0m
[33m[WARN] [1774069703.672870597, 189.646000000]: Control loop missed its desired rate of 20.0000Hz... the loop actually took 0.1080 seconds[0m
[33m[WARN] [1774069703.716747979, 189.710000000]: Control loop missed its desired rate of 20.0000Hz... the loop actually took 0.0640 seconds[0m
[33m[WARN] [1774069703.760308347, 189.772000000]: Control loop missed its desired rate of 20.0000Hz... the loop actually took 0.0760 seconds[0m
[33m[WARN] [1774069703.801834837, 189.854000000]: Control loop missed its desired rate of 20.0000Hz... the loop actually took 0.1080 seconds[0m
[33m[WARN] [1774069703.839967968, 189.910000000]: Control loop missed its desired rate of 20.0000Hz... the loop actually took 0.0560 seconds[0m
[33m[WARN] [1774069703.878381307, 189.972000000]: Control loop missed its desired rate of 20.0000Hz... the loop actually took 0.0680 seconds[0m
[33m[WARN] [1774069703.915530151, 190.046000000]: Control loop missed its desired rate of 20.0000Hz... the loop actually took 0.0920 seconds[0m
[33m[WARN] [1774069703.948144623, 190.102000000]: Control loop missed its desired rate of 20.0000Hz... the loop actually took 0.0980 seconds[0m
[33m[WARN] [1774069703.980769781, 190.168000000]: Control loop missed its desired rate of 20.0000Hz... the loop actually took 0.1140 seconds[0m
[33m[WARN] [1774069704.012534132, 190.224000000]: Control loop missed its desired rate of 20.0000Hz... the loop actually took 0.0560 seconds[0m
[33m[WARN] [1774069704.044313919, 190.282000000]: Control loop missed its desired rate of 20.0000Hz... the loop actually took 0.0640 seconds[0m
[33m[WARN] [1774069704.073741626, 190.340000000]: Control loop missed its desired rate of 20.0000Hz... the loop actually took 0.0720 seconds[0m
[33m[WARN] [1774069704.101247064, 190.388000000]: Control loop missed its desired rate of 20.0000Hz... the loop actually took 0.0700 seconds[0m
[33m[WARN] [1774069704.129122945, 190.434000000]: Control loop missed its desired rate of 20.0000Hz... the loop actually took 0.0660 seconds[0m
[33m[WARN] [1774069704.163758235, 190.492000000]: Control loop missed its desired rate of 20.0000Hz... the loop actually took 0.0740 seconds[0m
[33m[WARN] [1774069704.198627426, 190.548000000]: Control loop missed its desired rate of 20.0000Hz... the loop actually took 0.0800 seconds[0m
[33m[WARN] [1774069704.230802590, 190.598000000]: Control loop missed its desired rate of 20.0000Hz... the loop actually took 0.0800 seconds[0m
[33m[WARN] [1774069704.263140417, 190.656000000]: Control loop missed its desired rate of 20.0000Hz... the loop actually took 0.0880 seconds[0m
[33m[WARN] [1774069704.304092245, 190.716000000]: Control loop missed its desired rate of 20.0000Hz... the loop actually took 0.0980 seconds[0m
[33m[WARN] [1774069704.345287473, 190.800000000]: Control loop missed its desired rate of 20.0000Hz... the loop actually took 0.1320 seconds[0m
[33m[WARN] [1774069704.384884570, 190.854000000]: Control loop missed its desired rate of 20.0000Hz... the loop actually took 0.0540 seconds[0m
[33m[WARN] [1774069704.419638592, 190.910000000]: Control loop missed its desired rate of 20.0000Hz... the loop actually took 0.0600 seconds[0m
[33m[WARN] [1774069704.454434169, 190.970000000]: Control loop missed its desired rate of 20.0000Hz... the loop actually took 0.0700 seconds[0m
[33m[WARN] [1774069704.489163257, 191.028000000]: Control loop missed its desired rate of 20.0000Hz... the loop actually took 0.0780 seconds[0m
[33m[WARN] [1774069704.523739181, 191.096000000]: Control loop missed its desired rate of 20.0000Hz... the loop actually took 0.0960 seconds[0m
[33m[WARN] [1774069704.557602713, 191.156000000]: Control loop missed its desired rate of 20.0000Hz... the loop actually took 0.1060 seconds[0m
[33m[WARN] [1774069704.588672483, 191.218000000]: Control loop missed its desired rate of 20.0000Hz... the loop actually took 0.0620 seconds[0m
[33m[WARN] [1774069704.619003740, 191.270000000]: Control loop missed its desired rate of 20.0000Hz... the loop actually took 0.0640 seconds[0m
[33m[WARN] [1774069704.648937245, 191.326000000]: Control loop missed its desired rate of 20.0000Hz... the loop actually took 0.0700 seconds[0m
[33m[WARN] [1774069704.679084468, 191.382000000]: Control loop missed its desired rate of 20.0000Hz... the loop actually took 0.0760 seconds[0m
[33m[WARN] [1774069704.705954690, 191.432000000]: Control loop missed its desired rate of 20.0000Hz... the loop actually took 0.0760 seconds[0m
[33m[WARN] [1774069704.740352516, 191.484000000]: Control loop missed its desired rate of 20.0000Hz... the loop actually took 0.0780 seconds[0m
[33m[WARN] [1774069704.771309490, 191.538000000]: Control loop missed its desired rate of 20.0000Hz... the loop actually took 0.0820 seconds[0m
[33m[WARN] [1774069704.803724493, 191.588000000]: Control loop missed its desired rate of 20.0000Hz... the loop actually took 0.0820 seconds[0m
[33m[WARN] [1774069704.836469570, 191.644000000]: Control loop missed its desired rate of 20.0000Hz... the loop actually took 0.0880 seconds[0m
[33m[WARN] [1774069704.877702793, 191.712000000]: Control loop missed its desired rate of 20.0000Hz... the loop actually took 0.1060 seconds[0m
[33m[WARN] [1774069704.918949076, 191.772000000]: Control loop missed its desired rate of 20.0000Hz... the loop actually took 0.0600 seconds[0m
[33m[WARN] [1774069704.959303682, 191.852000000]: Control loop missed its desired rate of 20.0000Hz... the loop actually took 0.0900 seconds[0m
[33m[WARN] [1774069704.996995132, 191.906000000]: Control loop missed its desired rate of 20.0000Hz... the loop actually took 0.0940 seconds[0m
[33m[WARN] [1774069705.034306639, 191.956000000]: Control loop missed its desired rate of 20.0000Hz... the loop actually took 0.0940 seconds[0m
[33m[WARN] [1774069705.070841640, 192.028000000]: Control loop missed its desired rate of 20.0000Hz... the loop actually took 0.1160 seconds[0m
[33m[WARN] [1774069705.141636738, 192.142000000]: Control loop missed its desired rate of 20.0000Hz... the loop actually took 0.0640 seconds[0m
[33m[WARN] [1774069705.171926440, 192.184000000]: Control loop missed its desired rate of 20.0000Hz... the loop actually took 0.0560 seconds[0m
[33m[WARN] [1774069705.203036579, 192.246000000]: Control loop missed its desired rate of 20.0000Hz... the loop actually took 0.0680 seconds[0m
[33m[WARN] [1774069705.232514154, 192.282000000]: Control loop missed its desired rate of 20.0000Hz... the loop actually took 0.0540 seconds[0m
[33m[WARN] [1774069705.262421539, 192.342000000]: Control loop missed its desired rate of 20.0000Hz... the loop actually took 0.0640 seconds[0m
[33m[WARN] [1774069705.318797831, 192.430000000]: Control loop missed its desired rate of 20.0000Hz... the loop actually took 0.0520 seconds[0m
[33m[WARN] [1774069705.386193634, 192.542000000]: Control loop missed its desired rate of 20.0000Hz... the loop actually took 0.0640 seconds[0m
[33m[WARN] [1774069705.415577411, 192.582000000]: Control loop missed its desired rate of 20.0000Hz... the loop actually took 0.0540 seconds[0m
[33m[WARN] [1774069705.445368439, 192.640000000]: Control loop missed its desired rate of 20.0000Hz... the loop actually took 0.0620 seconds[0m
[33m[WARN] [1774069705.476049956, 192.690000000]: Control loop missed its desired rate of 20.0000Hz... the loop actually took 0.0620 seconds[0m
[33m[WARN] [1774069705.507053236, 192.752000000]: Control loop missed its desired rate of 20.0000Hz... the loop actually took 0.0740 seconds[0m
[33m[WARN] [1774069705.533916334, 192.798000000]: Control loop missed its desired rate of 20.0000Hz... the loop actually took 0.0700 seconds[0m
[33m[WARN] [1774069705.561040642, 192.852000000]: Control loop missed its desired rate of 20.0000Hz... the loop actually took 0.0740 seconds[0m
[33m[WARN] [1774069705.589663348, 192.902000000]: Control loop missed its desired rate of 20.0000Hz... the loop actually took 0.0740 seconds[0m
[33m[WARN] [1774069705.618187506, 192.960000000]: Control loop missed its desired rate of 20.0000Hz... the loop actually took 0.0820 seconds[0m
[33m[WARN] [1774069705.644356022, 193.002000000]: Control loop missed its desired rate of 20.0000Hz... the loop actually took 0.0740 seconds[0m
[33m[WARN] [1774069705.670821368, 193.054000000]: Control loop missed its desired rate of 20.0000Hz... the loop actually took 0.0760 seconds[0m
[33m[WARN] [1774069705.698271002, 193.104000000]: Control loop missed its desired rate of 20.0000Hz... the loop actually took 0.0760 seconds[0m
[33m[WARN] [1774069705.725992532, 193.136000000]: Control loop missed its desired rate of 20.0000Hz... the loop actually took 0.0580 seconds[0m
[33m[WARN] [1774069705.751132830, 193.186000000]: Control loop missed its desired rate of 20.0000Hz... the loop actually took 0.0580 seconds[0m
[33m[WARN] [1774069705.871284789, 193.380000000]: Control loop missed its desired rate of 20.0000Hz... the loop actually took 0.0520 seconds[0m
[33m[WARN] [1774069705.931449818, 193.480000000]: Control loop missed its desired rate of 20.0000Hz... the loop actually took 0.0520 seconds[0m
[33m[WARN] [1774069706.980609054, 195.282000000]: DWA planner failed to produce path.[0m
[33m[WARN] [1774069707.008471875, 195.334000000]: DWA planner failed to produce path.[0m
[33m[WARN] [1774069707.032959148, 195.382000000]: DWA planner failed to produce path.[0m
[31m[ERROR] [1774069711.450548044, 203.078000000]: None of the points of the global plan were in the local costmap, global plan points too far from robot[0m
[31m[ERROR] [1774069711.450613347, 203.078000000]: None of the 1 first of 1 (1) points of the global plan were in the local costmap and free[0m
[31m[ERROR] [1774069711.450640655, 203.078000000]: None of the 1 first of 1 (1) points of the global plan were in the local costmap and free[0m
[31m[ERROR] [1774069711.450664401, 203.078000000]: None of the points of the global plan were in the local costmap, global plan points too far from robot[0m
[33m[WARN] [1774069711.452851444, 203.082000000]: DWA planner failed to produce path.[0m
[31m[ERROR] [1774069711.479523385, 203.128000000]: None of the points of the global plan were in the local costmap, global plan points too far from robot[0m
[31m[ERROR] [1774069711.479553068, 203.128000000]: None of the 11 first of 11 (2) points of the global plan were in the local costmap and free[0m
[31m[ERROR] [1774069711.479574440, 203.128000000]: None of the 11 first of 11 (2) points of the global plan were in the local costmap and free[0m
[31m[ERROR] [1774069711.479601748, 203.128000000]: None of the points of the global plan were in the local costmap, global plan points too far from robot[0m
[33m[WARN] [1774069711.481464652, 203.132000000]: DWA planner failed to produce path.[0m
[31m[ERROR] [1774069711.504940330, 203.178000000]: None of the points of the global plan were in the local costmap, global plan points too far from robot[0m
[31m[ERROR] [1774069711.504968826, 203.178000000]: None of the 11 first of 11 (2) points of the global plan were in the local costmap and free[0m
[31m[ERROR] [1774069711.505000884, 203.178000000]: None of the 11 first of 11 (2) points of the global plan were in the local costmap and free[0m
[31m[ERROR] [1774069711.505022255, 203.178000000]: None of the points of the global plan were in the local costmap, global plan points too far from robot[0m
[33m[WARN] [1774069711.507000329, 203.182000000]: DWA planner failed to produce path.[0m
4069700.135554604, 183.470000000]: Got new plan[0m
[0m[INFO] [1774069700.441755911, 183.970000000]: Got new plan[0m
[0m[INFO] [1774069700.712681964, 184.470000000]: Got new plan[0m
[0m[INFO] [1774069700.989891311, 184.970000000]: Got new plan[0m
[0m[INFO] [1774069701.272495840, 185.470000000]: Got new plan[0m
[0m[INFO] [1774069701.566208927, 185.970000000]: Got new plan[0m
[0m[INFO] [1774069701.850830710, 186.470000000]: Got new plan[0m
[0m[INFO] [1774069702.118441773, 186.970000000]: Got new plan[0m
[0m[INFO] [1774069702.386758106, 187.470000000]: Got new plan[0m
[0m[INFO] [1774069702.478508198, 187.620000000]: Got new plan[0m
[0m[INFO] [1774069702.530547212, 187.720000000]: Got new plan[0m
[0m[INFO] [1774069702.555725503, 187.770000000]: Got new plan[0m
[0m[INFO] [1774069702.584011009, 187.820000000]: Got new plan[0m
[0m[INFO] [1774069702.608240632, 187.870000000]: Got new plan[0m
[0m[INFO] [1774069702.636548696, 187.920000000]: Got new plan[0m
[0m[INFO] [1774069702.661792290, 187.970000000]: Got new plan[0m
[0m[INFO] [1774069702.689197992, 188.020000000]: Got new plan[0m
[0m[INFO] [1774069702.714725355, 188.070000000]: Got new plan[0m
[0m[INFO] [1774069702.748578201, 188.120000000]: Got new plan[0m
[0m[INFO] [1774069702.774125748, 188.172000000]: Got new plan[0m
[0m[INFO] [1774069702.809941232, 188.220000000]: Got new plan[0m
[0m[INFO] [1774069702.834248031, 188.270000000]: Got new plan[0m
[0m[INFO] [1774069702.871151100, 188.322000000]: Got new plan[0m
[0m[INFO] [1774069702.895321357, 188.370000000]: Got new plan[0m
[0m[INFO] [1774069702.931195020, 188.420000000]: Got new plan[0m
[0m[INFO] [1774069702.957553506, 188.472000000]: Got new plan[0m
[0m[INFO] [1774069703.251397205, 188.944000000]: Got new plan[0m
[0m[INFO] [1774069703.561524987, 189.450000000]: Got new plan[0m
[0m[INFO] [1774069703.878409803, 189.972000000]: Got new plan[0m
[0m[INFO] [1774069704.129152628, 190.436000000]: Got new plan[0m
[0m[INFO] [1774069704.454484037, 190.970000000]: Got new plan[0m
[0m[INFO] [1774069704.705992684, 191.432000000]: Got new plan[0m
[0m[INFO] [1774069705.034341072, 191.956000000]: Got new plan[0m
[0m[INFO] [1774069705.318842950, 192.430000000]: Got new plan[0m
[0m[INFO] [1774069705.618221938, 192.960000000]: Got new plan[0m
[0m[INFO] [1774069705.906193163, 193.430000000]: Got new plan[0m
[0m[INFO] [1774069706.177670150, 193.928000000]: Got new plan[0m
[0m[INFO] [1774069706.489006635, 194.478000000]: Got new plan[0m
[0m[INFO] [1774069706.756871798, 194.928000000]: Got new plan[0m
[0m[INFO] [1774069706.978017136, 195.278000000]: Got new plan[0m
[0m[INFO] [1774069707.006163727, 195.330000000]: Got new plan[0m
[0m[INFO] [1774069707.030817224, 195.378000000]: Got new plan[0m
[0m[INFO] [1774069707.062696747, 195.428000000]: Got new plan[0m
[0m[INFO] [1774069707.343202115, 195.930000000]: Got new plan[0m
[0m[INFO] [1774069707.637726162, 196.428000000]: Got new plan[0m
[0m[INFO] [1774069707.914746748, 196.928000000]: Got new plan[0m
[0m[INFO] [1774069708.215506598, 197.428000000]: Got new plan[0m
[0m[INFO] [1774069708.489764295, 197.928000000]: Got new plan[0m
[0m[INFO] [1774069708.781150260, 198.430000000]: Got new plan[0m
[0m[INFO] [1774069709.082269870, 198.930000000]: Got new plan[0m
[0m[INFO] [1774069709.360468283, 199.428000000]: Got new plan[0m
[0m[INFO] [1774069709.638439918, 199.928000000]: Got new plan[0m
[0m[INFO] [1774069709.915151807, 200.430000000]: Got new plan[0m
[0m[INFO] [1774069710.218618753, 200.928000000]: Got new plan[0m
[0m[INFO] [1774069710.485024713, 201.428000000]: Got new plan[0m
[0m[INFO] [1774069710.796187863, 201.928000000]: Got new plan[0m
[0m[INFO] [1774069711.078811420, 202.428000000]: Got new plan[0m
[0m[INFO] [1774069711.353192608, 202.928000000]: Got new plan[0m
[0m[INFO] [1774069711.450302269, 203.078000000]: Got new plan[0m
[0m[INFO] [1774069711.479398717, 203.128000000]: Got new plan[0m
[0m[INFO] [1774069711.504818036, 203.178000000]: Got new plan[0m
[0m[INFO] [1774069711.5[31m[ERROR] [1774069711.536923151, 203.228000000]: None of the points of the global plan were in the local costmap, global plan points too far from robot[0m
[31m[ERROR] [1774069711.536944523, 203.228000000]: None of the 11 first of 11 (2) points of the global plan were in the local costmap and free[0m
[31m[ERROR] [1774069711.536963520, 203.228000000]: None of the 11 first of 11 (2) points of the global plan were in the local costmap and free[0m
[31m[ERROR] [1774069711.536994390, 203.228000000]: None of the points of the global plan were in the local costmap, global plan points too far from robot[0m
[33m[WARN] [1774069711.538979588, 203.232000000]: DWA planner failed to produce path.[0m
[31m[ERROR] [1774069711.561475728, 203.278000000]: None of the points of the global plan were in the local costmap, global plan points too far from robot[0m
[31m[ERROR] [1774069711.561506598, 203.278000000]: None of the 11 first of 11 (2) points of the global plan were in the local costmap and free[0m
[31m[ERROR] [1774069711.561524408, 203.278000000]: None of the 11 first of 11 (2) points of the global plan were in the local costmap and free[0m
[31m[ERROR] [1774069711.561549342, 203.278000000]: None of the points of the global plan were in the local costmap, global plan points too far from robot[0m
[33m[WARN] [1774069711.563329133, 203.282000000]: DWA planner failed to produce path.[0m
[31m[ERROR] [1774069711.599519814, 203.328000000]: None of the points of the global plan were in the local costmap, global plan points too far from robot[0m
[31m[ERROR] [1774069711.599560183, 203.328000000]: None of the 11 first of 11 (2) points of the global plan were in the local costmap and free[0m
[31m[ERROR] [1774069711.599591053, 203.328000000]: None of the 11 first of 11 (2) points of the global plan were in the local costmap and free[0m
[31m[ERROR] [1774069711.599610050, 203.328000000]: None of the points of the global plan were in the local costmap, global plan points too far from robot[0m
[33m[WARN] [1774069711.601420712, 203.332000000]: DWA planner failed to produce path.[0m
[31m[ERROR] [1774069711.624951007, 203.378000000]: None of the points of the global plan were in the local costmap, global plan points too far from robot[0m
[31m[ERROR] [1774069711.624993751, 203.378000000]: None of the 11 first of 11 (2) points of the global plan were in the local costmap and free[0m
[31m[ERROR] [1774069711.625017497, 203.378000000]: None of the 11 first of 11 (2) points of the global plan were in the local costmap and free[0m
[31m[ERROR] [1774069711.625045993, 203.378000000]: None of the points of the global plan were in the local costmap, global plan points too far from robot[0m
[33m[WARN] [1774069711.626881588, 203.382000000]: DWA planner failed to produce path.[0m
[33m[WARN] [1774069711.828683132, 203.732000000]: Control loop missed its desired rate of 20.0000Hz... the loop actually took 0.0540 seconds[0m
[33m[WARN] [1774069711.859583118, 203.794000000]: Control loop missed its desired rate of 20.0000Hz... the loop actually took 0.0660 seconds[0m
[33m[WARN] [1774069711.890082977, 203.846000000]: Control loop missed its desired rate of 20.0000Hz... the loop actually took 0.0680 seconds[0m
[33m[WARN] [1774069711.923502455, 203.914000000]: Control loop missed its desired rate of 20.0000Hz... the loop actually took 0.0860 seconds[0m
[33m[WARN] [1774069711.956794889, 203.960000000]: Control loop missed its desired rate of 20.0000Hz... the loop actually took 0.0820 seconds[0m
[33m[WARN] [1774069711.989501975, 204.024000000]: Control loop missed its desired rate of 20.0000Hz... the loop actually took 0.0960 seconds[0m
[33m[WARN] [1774069712.022475020, 204.072000000]: Control loop missed its desired rate of 20.0000Hz... the loop actually took 0.0940 seconds[0m
[33m[WARN] [1774069712.051415930, 204.130000000]: Control loop missed its desired rate of 20.0000Hz... the loop actually took 0.1020 seconds[0m
[33m[WARN] [1774069712.114435279, 204.234000000]: Control loop missed its desired rate of 20.0000Hz... the loop actually took 0.0540 seconds[0m
[33m[WARN] [1774069712.300470412, 204.532000000]: Control loop missed its desired rate of 20.0000Hz... the loop actually took 0.0520 seconds[0m
[33m[WARN] [1774069712.360811168, 204.632000000]: Control loop missed its desired rate of 20.0000Hz... the loop actually took 0.0520 seconds[0m
[33m[WARN] [1774069712.447117412, 204.782000000]: Control loop missed its desired rate of 20.0000Hz... the loop actually took 0.0520 seconds[0m
[33m[WARN] [1774069712.476391958, 204.836000000]: Control loop missed its desired rate of 20.0000Hz... the loop actually took 0.0560 seconds[0m
[33m[WARN] [1774069712.502038056, 204.886000000]: Control loop missed its desired rate of 20.0000Hz... the loop actually took 0.0560 seconds[0m
[33m[WARN] [1774069712.527758955, 204.934000000]: Control loop missed its desired rate of 20.0000Hz... the loop actually took 0.0540 seconds[0m
[33m[WARN] [1774069712.554034332, 204.986000000]: Control loop missed its desired rate of 20.0000Hz... the loop actually took 0.0560 seconds[0m
[33m[WARN] [1774069712.579635312, 205.032000000]: Control loop missed its desired rate of 20.0000Hz... the loop actually took 0.0520 seconds[0m
[33m[WARN] [1774069712.605619796, 205.084000000]: Control loop missed its desired rate of 20.0000Hz... the loop actually took 0.0540 seconds[0m
E20260321 13:08:35.195292 58303 path_planner_node.cpp:250] Failed to get a path.
E20260321 13:08:36.318022 58303 path_planner_node.cpp:250] Failed to get a path.
[33m[WARN] [1774069716.322377072, 211.692000000]: Map update loop missed its desired rate of 1.0000Hz... the loop actually took 3.5240 seconds[0m
[31m[ERROR] [1774069716.342007024, 211.730000000]: None of the points of the global plan were in the local costmap, global plan points too far from robot[0m
[31m[ERROR] [1774069716.342045018, 211.730000000]: None of the 27 first of 27 (2) points of the global plan were in the local costmap and free[0m
[31m[ERROR] [1774069716.342073514, 211.730000000]: None of the 27 first of 27 (2) points of the global plan were in the local costmap and free[0m
[31m[ERROR] [1774069716.342093698, 211.730000000]: None of the points of the global plan were in the local costmap, global plan points too far from robot[0m
[33m[WARN] [1774069716.345311334, 211.736000000]: DWA planner failed to produce path.[0m
[31m[ERROR] [1774069716.369900719, 211.780000000]: None of the points of the global plan were in the local costmap, global plan points too far from robot[0m
[31m[ERROR] [1774069716.369928027, 211.780000000]: None of the 27 first of 27 (2) points of the global plan were in the local costmap and free[0m
[31m[ERROR] [1774069716.369957710, 211.780000000]: None of the 27 first of 27 (2) points of the global plan were in the local costmap and free[0m
[31m[ERROR] [1774069716.369983831, 211.780000000]: None of the points of the global plan were in the local costmap, global plan points too far from robot[0m
[33m[WARN] [1774069716.372828648, 211.786000000]: DWA planner failed to produce path.[0m
[31m[ERROR] [1774069716.395289170, 211.832000000]: None of the points of the global plan were in the local costmap, global plan points too far from robot[0m
[31m[ERROR] [1774069716.395320040, 211.832000000]: None of the 27 first of 27 (2) points of the global plan were in the local costmap and free[0m
[31m[ERROR] [1774069716.395340224, 211.832000000]: None of the 27 first of 27 (2) points of the global plan were in the local costmap and free[0m
[31m[ERROR] [1774069716.395358034, 211.832000000]: None of the points of the global plan were in the local costmap, global plan points too far from robot[0m
[33m[WARN] [1774069716.397215002, 211.834000000]: DWA planner failed to produce path.[0m
[31m[ERROR] [1774069716.429206136, 211.882000000]: None of the points of the global plan were in the local costmap, global plan points too far from robot[0m
[31m[ERROR] [1774069716.429233444, 211.882000000]: None of the 27 first of 27 (2) points of the global plan were in the local costmap and free[0m
[31m[ERROR] [1774069716.429247692, 211.882000000]: None of the 27 first of 27 (2) points of the global plan were in the local costmap and free[0m
[31m[ERROR] [1774069716.429261940, 211.882000000]: None of the points of the global plan were in the local costmap, global plan points too far from robot[0m
[33m[WARN] [1774069716.430898066, 211.884000000]: DWA planner failed to produce path.[0m
[31m[ERROR] [1774069716.453407267, 211.930000000]: None of the points of the global plan were in the local costmap, global plan points too far from robot[0m
[31m[ERROR] [1774069716.453432201, 211.930000000]: None of the 27 first of 27 (2) points of the global plan were in the local costmap and free[0m
[31m[ERROR] [1774069716.453446449, 211.930000000]: None of the 27 first of 27 (2) points of the global plan were in the local costmap and free[0m
[31m[ERROR] [1774069716.453460697, 211.930000000]: None of the points of the global plan were in the local costmap, global plan points too far from robot[0m
[33m[WARN] [1774069716.455334287, 211.934000000]: DWA planner failed to produce path.[0m
[31m[ERROR] [1774069716.490566803, 211.980000000]: None of the points of the global plan were in the local costmap, global plan points too far from robot[0m
[31m[ERROR] [1774069716.490614296, 211.980000000]: None of the 27 first of 27 (2) points of the global plan were in the local costmap and free[0m
[31m[ERROR] [1774069716.490635667, 211.980000000]: None of the 27 first of 27 (2) points of the global plan were in the local costmap and free[0m
[31m[ERROR] [1774069716.490652290, 211.980000000]: None of the points of the global plan were in the local costmap, global plan points too far from robot[0m
[33m[WARN] [1774069716.493412807, 211.986000000]: DWA planner failed to produce path.[0m
[31m[ERROR] [1774069716.515922009, 212.030000000]: None of the points of the global plan were in the local costmap, global plan points too far from robot[0m
[31m[ERROR] [1774069716.515955254, 212.030000000]: None of the 27 first of 27 (2) points of the global plan were in the local costmap and free[0m
[31m[ERROR] [1774069716.515993248, 212.030000000]: None of the 27 first of 27 (2) points of the global plan were in the local costmap and free[0m
[31m[ERROR] [1774069716.516025306, 212.030000000]: None of the points of the global plan were in the local costmap, global plan points too far from robot[0m
[33m[WARN] [1774069716.519029224, 212.036000000]: DWA planner failed to produce path.[0m
[31m[ERROR] [1774069716.540799912, 212.080000000]: None of the points of the global plan were in the local costmap, global plan points too far from robot[0m
[31m[ERROR] [1774069716.540869964, 212.080000000]: None of the 27 first of 27 (2) points of the global plan were in the local costmap and free[0m
[31m[ERROR] [1774069716.540886587, 212.080000000]: None of the 27 first of 27 (2) points of the global plan were in the local costmap and free[0m
[31m[ERROR] [1774069716.540900834, 212.080000000]: None of the points of the global plan were in the local costmap, global plan points too far from robot[0m
[33m[WARN] [1774069716.544085225, 212.080000000]: DWA planner failed to produce path.[0m
[31m[ERROR] [1774069716.578167229, 212.132000000]: None of the points of the global plan were in the local costmap, global plan points too far from robot[0m
[31m[ERROR] [1774069716.578200474, 212.132000000]: None of the 27 first of 27 (2) points of the global plan were in the local costmap and free[0m
[31m[ERROR] [1774069716.578214721, 212.132000000]: None of the 27 first of 27 (2) points of the global plan were in the local costmap and free[0m
[31m[ERROR] [1774069716.578228969, 212.132000000]: None of the points of the global plan were in the local costmap, global plan points too far from robot[0m
[33m[WARN] [1774069716.579979078, 212.134000000]: DWA planner failed to produce path.[0m
[31m[ERROR] [1774069716.602450285, 212.180000000]: None of the points of the global plan were in the local costmap, global plan points too far from robot[0m
[31m[ERROR] [1774069716.602490654, 212.180000000]: None of the 27 first of 27 (2) points of the global plan were in the local costmap and free[0m
[31m[ERROR] [1774069716.602513213, 212.180000000]: None of the 27 first of 27 (2) points of the global plan were in the local costmap and free[0m
[31m[ERROR] [1774069716.602532210, 212.180000000]: None of the points of the global plan were in the local costmap, global plan points too far from robot[0m
[33m[WARN] [1774069716.605644174, 212.184000000]: DWA planner failed to produce path.[0m
[31m[ERROR] [1774069716.631407818, 212.232000000]: None of the points of the global plan were in the local costmap, global plan points too far from robot[0m
[31m[ERROR] [1774069716.631445812, 212.232000000]: None of the 27 first of 27 (2) points of the global plan were in the local costmap and free[0m
[31m[ERROR] [1774069716.631470746, 212.232000000]: None of the 27 first of 27 (2) points of the global plan were in the local costmap and free[0m
[31m[ERROR] [1774069716.631498054, 212.232000000]: None of the points of the global plan were in the local costmap, global plan points too far from robot[0m
[33m[WARN] [1774069716.634619517, 212.238000000]: DWA planner failed to produce path.[0m
[31m[ERROR] [1774069716.656112373, 212.280000000]: None of the points of the global plan were in the local costmap, global plan points too far from robot[0m
[31m[ERROR] [1774069716.656158679, 212.280000000]: None of the 27 first of 27 (2) points of the global plan were in the local costmap and free[0m
[31m[ERROR] [1774069716.656177676, 212.282000000]: None of the 27 first of 27 (2) points of the global plan were in the local costmap and free[0m
[31m[ERROR] [1774069716.656196673, 212.282000000]: None of the points of the global plan were in the local costmap, global plan points too far from robot[0m
[33m[WARN] [1774069716.658919196, 212.286000000]: DWA planner failed to produce path.[0m
[31m[ERROR] [1774069716.684635347, 212.332000000]: None of the points of the global plan were in the local costmap, global plan points too far from robot[0m
[31m[ERROR] [1774069716.684667405, 212.332000000]: None of the 27 first of 27 (2) points of the global plan were in the local costmap and free[0m
[31m[ERROR] [1774069716.684688777, 212.332000000]: None of the 27 first of 27 (2) points of the global plan were in the local costmap and free[0m
[31m[ERROR] [1774069716.684713710, 212.332000000]: None of the points of the global plan were in the local costmap, global plan points too far from robot[0m
[33m[WARN] [1774069716.687026608, 212.334000000]: DWA planner failed to produce path.[0m
[31m[ERROR] [1774069716.709545308, 212.380000000]: None of the points of the global plan were in the local costmap, global plan points too far from robot[0m
[31m[ERROR] [1774069716.709579741, 212.380000000]: None of the 27 first of 27 (2) points of the global plan were in the local costmap and free[0m
[31m[ERROR] [1774069716.709596363, 212.380000000]: None of the 27 first of 27 (2) points of the global plan were in the local costmap and free[0m
[31m[ERROR] [1774069716.709611798, 212.380000000]: None of the points of the global plan were in the local costmap, global plan points too far from robot[0m
[33m[WARN] [1774069716.712074299, 212.384000000]: DWA planner failed to produce path.[0m
014, 187.660000000]: Got new plan[0m
[0m[INFO] [1774069702.768903918, 188.160000000]: Got new plan[0m
[0m[INFO] [1774069703.075635965, 188.660000000]: Got new plan[0m
[0m[INFO] [1774069703.383443725, 189.160000000]: Got new plan[0m
[0m[INFO] [1774069703.692079047, 189.660000000]: Got new plan[0m
[0m[INFO] [1774069703.976247282, 190.160000000]: Got new plan[0m
[0m[INFO] [1774069704.265743021, 190.660000000]: Got new plan[0m
[0m[INFO] [1774069704.559496487, 191.160000000]: Got new plan[0m
[0m[INFO] [1774069704.851192329, 191.660000000]: Got new plan[0m
[0m[INFO] [1774069705.150378970, 192.160000000]: Got new plan[0m
[0m[INFO] [1774069705.455465402, 192.660000000]: Got new plan[0m
[0m[INFO] [1774069705.738459384, 193.162000000]: Got new plan[0m
[0m[INFO] [1774069706.035399619, 193.660000000]: Got new plan[0m
[0m[INFO] [1774069706.320952278, 194.160000000]: Got new plan[0m
[0m[INFO] [1774069706.589039470, 194.660000000]: Got new plan[0m
[0m[INFO] [1774069706.893273411, 195.160000000]: Got new plan[0m
[0m[INFO] [1774069706.969758143, 195.260000000]: Got new plan[0m
[0m[INFO] [1774069707.251772594, 195.760000000]: Got new plan[0m
[0m[INFO] [1774069707.542340493, 196.260000000]: Got new plan[0m
[0m[INFO] [1774069707.819215038, 196.762000000]: Got new plan[0m
[0m[INFO] [1774069708.117158566, 197.262000000]: Got new plan[0m
[0m[INFO] [1774069708.394929541, 197.760000000]: Got new plan[0m
[0m[INFO] [1774069708.673847466, 198.260000000]: Got new plan[0m
[0m[INFO] [1774069708.984794517, 198.760000000]: Got new plan[0m
[0m[INFO] [1774069709.273887772, 199.260000000]: Got new plan[0m
[0m[INFO] [1774069709.548766440, 199.760000000]: Got new plan[0m
[0m[INFO] [1774069709.824744566, 200.260000000]: Got new plan[0m
[0m[INFO] [1774069710.113271471, 200.760000000]: Got new plan[0m
[0m[INFO] [1774069710.396817573, 201.260000000]: Got new plan[0m
[0m[INFO] [1774069710.686491431, 201.760000000]: Got new plan[0m
[0m[INFO] [1774069710.986611324, 202.260000000]: Got new plan[0m
[0m[INFO] [1774069711.257206150, 202.760000000]: Got new plan[0m
[0m[INFO] [1774069711.441844993, 203.060000000]: Got new plan[0m
[0m[INFO] [1774069711.735883440, 203.560000000]: Got new plan[0m
[0m[INFO] [1774069712.016653594, 204.060000000]: Got new plan[0m
[0m[INFO] [1774069712.314988953, 204.560000000]: Got new plan[0m
[0m[INFO] [1774069712.593218246, 205.060000000]: Got new plan[0m
[0m[INFO] [1774069712.900091618, 205.560000000]: Got new plan[0m
[0m[INFO] [1774069713.183197234, 206.060000000]: Got new plan[0m
[0m[INFO] [1774069713.468645432, 206.560000000]: Got new plan[0m
[0m[INFO] [1774069713.734020809, 207.060000000]: Got new plan[0m
[0m[INFO] [1774069714.014141505, 207.560000000]: Got new plan[0m
[0m[INFO] [1774069714.072398518, 207.660000000]: Got new plan[0m
[0m[INFO] [1774069714.339803026, 208.160000000]: Got new plan[0m
[0m[INFO] [1774069714.612544536, 208.660000000]: Got new plan[0m
[0m[INFO] [1774069714.893409684, 209.160000000]: Got new plan[0m
[0m[INFO] [1774069715.190993479, 209.660000000]: Got new plan[0m
[0m[INFO] [1774069715.483205842, 210.162000000]: Got new plan[0m
[0m[INFO] [1774069715.762385001, 210.660000000]: Got new plan[0m
[0m[INFO] [1774069716.030022227, 211.160000000]: Got new plan[0m
[0m[INFO] [1774069716.304803558, 211.660000000]: Got new plan[0m
[0m[INFO] [1774069716.592255961, 212.160000000]: Got new plan[0m
[0m[INFO] [1774069716.870351100, 212.660000000]: Got new plan[0m
[0m[INFO] [1774069717.159100057, 213.160000000]: Got new plan[0m
[0m[INFO] [1774069717.445704718, 213.660000000]: Got new plan[0m
[0m[INFO] [1774069717.723175330, 214.162000000]: Got new plan[0m
[0m[INFO] [1774069718.033521629, 214.660000000]: Got new plan[0m
[0m[INFO] [1774069718.340143311, 215.160000000]: Got new plan[0m
[0m[INFO] [1774069718.637201135, 215.660000000]: Got new plan[0m
[0m[INFO] [1774069718.906628849, 216.160000000]: Got new plan[0m
[0m[INFO] [1774069719.193164650, 216.660000000]: Got new plan[0m
[0m[INFO] [1774069719.473197504, 217.E20260321 13:08:41.605723 58303 path_planner_node.cpp:250] Failed to get a path.
E20260321 13:08:42.715698 58303 path_planner_node.cpp:250] Failed to get a path.
E20260321 13:08:43.875823 58303 path_planner_node.cpp:250] Failed to get a path.
[33m[WARN] [1774069723.879313962, 224.164000000]: Map update loop missed its desired rate of 1.0000Hz... the loop actually took 4.4720 seconds[0m
Error in XmlRpcClient::writeRequest: write error (Connection refused).
Error in XmlRpcDispatch::work: couldn't find source iterator
162000000]: Got new plan[0m
[0m[INFO] [1774069719.747262890, 217.660000000]: Got new plan[0m
[0m[INFO] [1774069720.029028043, 218.160000000]: Got new plan[0m
[0m[INFO] [1774069720.307771471, 218.660000000]: Got new plan[0m
[0m[INFO] [1774069720.510803099, 219.010000000]: Got new plan[0m
[0m[INFO] [1774069720.787386793, 219.510000000]: Got new plan[0m
[0m[INFO] [1774069721.059057359, 220.010000000]: Got new plan[0m
[0m[INFO] [1774069721.324177487, 220.510000000]: Got new plan[0m
[0m[INFO] [1774069721.604105863, 221.010000000]: Got new plan[0m
[0m[INFO] [1774069721.887710180, 221.510000000]: Got new plan[0m
[0m[INFO] [1774069722.158391714, 222.010000000]: Got new plan[0m
[0m[INFO] [1774069722.454562623, 222.510000000]: Got new plan[0m
[0m[INFO] [1774069722.750702663, 223.010000000]: Got new plan[0m
[0m[INFO] [1774069723.057206815, 223.512000000]: Got new plan[0m
[0m[INFO] [1774069723.367291925, 224.012000000]: Got new plan[0m
Error in XmlRpcClient::writeRequest: write error (Connection refused).
Error in XmlRpcDispatch::work: couldn't find source iterator
Error in XmlRpcClient::writeRequest: write error (Connection refused).
Error in XmlRpcDispatch::work: couldn't find source iterator
Error in XmlRpcClient::writeRequest: write error (Connection refused).
Error in XmlRpcDispatch::work: couldn't find source iterator
Error in XmlRpcClient::writeRequest: write error (Connection refused).
Error in XmlRpcClient::writeRequest: write error (Connection refused).
Error in XmlRpcDispatch::work: couldn't find source iterator
Error in XmlRpcDispatch::work: couldn't find source iterator
Error in XmlRpcClient::writeRequest: write error (Connection refused).
Error in XmlRpcDispatch::work: couldn't find source iterator
Error in XmlRpcClient::writeRequest: write error (Connection refused).
Error in XmlRpcDispatch::work: couldn't find source iterator
Error in XmlRpcClient::writeRequest: write error (Connection refused).
Error in XmlRpcDispatch::work: couldn't find source iterator
Error in XmlRpcClient::writeRequest: write error (Connection refused).
Error in XmlRpcDispatch::work: couldn't find source iterator
Error in XmlRpcClient::writeRequest: write error (Connection refused).
Error in XmlRpcDispatch::work: couldn't find source iterator
Error in XmlRpcClient::writeRequest: write error (Connection refused).
Error in XmlRpcDispatch::work: couldn't find source iterator
Error in XmlRpcClient::writeRequest: write error (Connection refused).
Error in XmlRpcDispatch::work: couldn't find source iterator
Error in XmlRpcClient::writeRequest: write error (Connection refused).
Error in XmlRpcDispatch::work: couldn't find source iterator
Error in XmlRpcClient::writeRequest: write error (Connection refused).
Error in XmlRpcDispatch::work: couldn't find source iterator
Error in XmlRpcClient::writeRequest: write error (Connection refused).
Error in XmlRpcDispatch::work: couldn't find source iterator
Error in XmlRpcClient::writeRequest: write error (Connection refused).
Error in XmlRpcDispatch::work: couldn't find source iterator
Error in XmlRpcClient::writeRequest: write error (Connection refused).
Error in XmlRpcDispatch::work: couldn't find source iterator
Error in XmlRpcClient::writeRequest: write error (Connection refused).
Error in XmlRpcDispatch::work: couldn't find source iterator
Error in XmlRpcClient::writeRequest: write error (Connection refused).
Error in XmlRpcDispatch::work: couldn't find source iterator
Error in XmlRpcClient::writeRequest: write error (Connection refused).
Error in XmlRpcDispatch::work: couldn't find source iterator
Error in XmlRpcClient::writeRequest: write error (Connection refused).
Error in XmlRpcDispatch::work: couldn't find source iterator
Error in XmlRpcClient::writeRequest: write error (Connection refused).
Error in XmlRpcDispatch::work: couldn't find source iterator
Error in XmlRpcClient::writeRequest: write error (Connection refused).
Error in XmlRpcDispatch::work: couldn't find source iterator
Error in XmlRpcClient::writeRequest: write error (Connection refused).
Error in XmlRpcDispatch::work: couldn't find source iterator
Error in XmlRpcClient::writeRequest: write error (Connection refused).
Error in XmlRpcDispatch::work: couldn't find source iterator
Error in XmlRpcClient::writeRequest: write error (Connection refused).
Error in XmlRpcDispatch::work: couldn't find source iterator
Error in XmlRpcClient::writeRequest: write error (Connection refused).
Error in XmlRpcDispatch::work: couldn't find source iterator
Error in XmlRpcClient::writeRequest: write error (Connection refused).
Error in XmlRpcDispatch::work: couldn't find source iterator
Error in XmlRpcClient::writeRequest: write error (Connection refused).
Error in XmlRpcDispatch::work: couldn't find source iterator
Error in XmlRpcClient::writeRequest: write error (Connection refused).
Error in XmlRpcDispatch::work: couldn't find source iterator
Error in XmlRpcClient::writeRequest: write error (Connection refused).
Error in XmlRpcDispatch::work: couldn't find source iterator
Error in XmlRpcClient::writeRequest: write error (Connection refused).
Error in XmlRpcDispatch::work: couldn't find source iterator
Error in XmlRpcClient::writeRequest: write error (Connection refused).
Error in XmlRpcDispatch::work: couldn't find source iterator
Error in XmlRpcClient::writeRequest: write error (Connection refused).
Error in XmlRpcDispatch::work: couldn't find source iterator
Error in XmlRpcClient::writeRequest: write error (Connection refused).
Error in XmlRpcDispatch::work: couldn't find source iterator
Error in XmlRpcClient::writeRequest: write error (Connection refused).
Error in XmlRpcDispatch::work: couldn't find source iterator
Error in XmlRpcClient::writeRequest: write error (Connection refused).
Error in XmlRpcDispatch::work: couldn't find source iterator
Error in XmlRpcClient::writeRequest: write error (Connection refused).
Error in XmlRpcDispatch::work: couldn't find source iterator
Error in XmlRpcClient::writeRequest: write error (Connection refused).
Error in XmlRpcDispatch::work: couldn't find source iterator
Error in XmlRpcClient::writeRequest: write error (Connection refused).
Error in XmlRpcDispatch::work: couldn't find source iterator
Error in XmlRpcClient::writeRequest: write error (Connection refused).
Error in XmlRpcDispatch::work: couldn't find source iterator
Error in XmlRpcClient::writeRequest: write error (Connection refused).
Error in XmlRpcDispatch::work: couldn't find source iterator
Error in XmlRpcClient::writeRequest: write error (Connection refused).
Error in XmlRpcDispatch::work: couldn't find source iterator
Error in XmlRpcClient::writeRequest: write error (Connection refused).
Error in XmlRpcDispatch::work: couldn't find source iterator
Error in XmlRpcClient::writeRequest: write error (Connection refused).
Error in XmlRpcDispatch::work: couldn't find source iterator
Error in XmlRpcClient::writeRequest: write error (Connection refused).
Error in XmlRpcDispatch::work: couldn't find source iterator
Error in XmlRpcClient::writeRequest: write error (Connection refused).
Error in XmlRpcDispatch::work: couldn't find source iterator
Error in XmlRpcClient::writeRequest: write error (Connection refused).
Error in XmlRpcDispatch::work: couldn't find source iterator
Error in XmlRpcClient::writeRequest: write error (Connection refused).
Error in XmlRpcDispatch::work: couldn't find source iterator
Error in XmlRpcClient::writeRequest: write error (Connection refused).
Error in XmlRpcDispatch::work: couldn't find source iterator
Error in XmlRpcClient::writeRequest: write error (Connection refused).
Error in XmlRpcDispatch::work: couldn't find source iterator
Error in XmlRpcClient::writeRequest: write error (Connection refused).
Error in XmlRpcDispatch::work: couldn't find source iterator
Error in XmlRpcClient::writeRequest: write error (Connection refused).
Error in XmlRpcDispatch::work: couldn't find source iterator
Error in XmlRpcClient::writeRequest: write error (Connection refused).
Error in XmlRpcDispatch::work: couldn't find source iterator
Error in XmlRpcClient::writeRequest: write error (Connection refused).
Error in XmlRpcDispatch::work: couldn't find source iterator
Error in XmlRpcClient::writeRequest: write error (Connection refused).
Error in XmlRpcDispatch::work: couldn't find source iterator
Error in XmlRpcClient::writeRequest: write error (Connection refused).
Error in XmlRpcDispatch::work: couldn't find source iterator
Error in XmlRpcClient::writeRequest: write error (Connection refused).
Error in XmlRpcDispatch::work: couldn't find source iterator
Error in XmlRpcClient::writeRequest: write error (Connection refused).
Error in XmlRpcDispatch::work: couldn't find source iterator
Error in XmlRpcClient::writeRequest: write error (Connection refused).
Error in XmlRpcDispatch::work: couldn't find source iterator
Error in XmlRpcClient::writeRequest: write error (Connection refused).
Error in XmlRpcDispatch::work: couldn't find source iterator
Error in XmlRpcClient::writeRequest: write error (Connection refused).
Error in XmlRpcDispatch::work: couldn't find source iterator
Error in XmlRpcClient::writeRequest: write error (Connection refused).
Error in XmlRpcDispatch::work: couldn't find source iterator
Error in XmlRpcClient::writeRequest: write error (Connection refused).
Error in XmlRpcDispatch::work: couldn't find source iterator
Error in XmlRpcClient::writeRequest: write error (Connection refused).
Error in XmlRpcDispatch::work: couldn't find source iterator
Error in XmlRpcClient::writeRequest: write error (Connection refused).
Error in XmlRpcDispatch::work: couldn't find source iterator
Error in XmlRpcClient::writeRequest: write error (Connection refused).
Error in XmlRpcDispatch::work: couldn't find source iterator
Error in XmlRpcClient::writeRequest: write error (Connection refused).
Error in XmlRpcDispatch::work: couldn't find source iterator
Error in XmlRpcClient::writeRequest: write error (Connection refused).
Error in XmlRpcDispatch::work: couldn't find source iterator
Error in XmlRpcClient::writeRequest: write error (Connection refused).
Error in XmlRpcDispatch::work: couldn't find source iterator
Error in XmlRpcClient::writeRequest: write error (Connection refused).
Error in XmlRpcDispatch::work: couldn't find source iterator
Error in XmlRpcClient::writeRequest: write error (Connection refused).
Error in XmlRpcDispatch::work: couldn't find source iterator
Error in XmlRpcClient::writeRequest: write error (Connection refused).
Error in XmlRpcDispatch::work: couldn't find source iterator
Error in XmlRpcClient::writeRequest: write error (Connection refused).
Error in XmlRpcDispatch::work: couldn't find source iterator
Error in XmlRpcClient::writeRequest: write error (Connection refused).
Error in XmlRpcDispatch::work: couldn't find source iterator
36765238, 203.228000000]: Got new plan[0m
[0m[INFO] [1774069711.561348685, 203.278000000]: Got new plan[0m
[0m[INFO] [1774069711.599393958, 203.328000000]: Got new plan[0m
[0m[INFO] [1774069711.624813278, 203.378000000]: Got new plan[0m
[0m[INFO] [1774069711.663001030, 203.428000000]: Got new plan[0m
[0m[INFO] [1774069711.923572507, 203.914000000]: Got new plan[0m
[0m[INFO] [1774069712.236963074, 204.430000000]: Got new plan[0m
[0m[INFO] [1774069712.502143727, 204.886000000]: Got new plan[0m
[0m[INFO] [1774069712.823156886, 205.432000000]: Got new plan[0m
[0m[INFO] [1774069713.115129402, 205.930000000]: Got new plan[0m
[0m[INFO] [1774069713.397267354, 206.430000000]: Got new plan[0m
[0m[INFO] [1774069713.667041749, 206.930000000]: Got new plan[0m
[0m[INFO] [1774069713.947236059, 207.432000000]: Got new plan[0m
[0m[INFO] [1774069716.341709007, 211.730000000]: Got new plan[0m
[0m[INFO] [1774069716.369779612, 211.780000000]: Got new plan[0m
[0m[INFO] [1774069716.395166876, 211.832000000]: Got new plan[0m
[0m[INFO] [1774069716.429093341, 211.880000000]: Got new plan[0m
[0m[INFO] [1774069716.453241043, 211.930000000]: Got new plan[0m
[0m[INFO] [1774069716.490423137, 211.980000000]: Got new plan[0m
[0m[INFO] [1774069716.515766470, 212.030000000]: Got new plan[0m
[0m[INFO] [1774069716.540459152, 212.080000000]: Got new plan[0m
[0m[INFO] [1774069716.578040185, 212.130000000]: Got new plan[0m
[0m[INFO] [1774069716.602294746, 212.180000000]: Got new plan[0m
[0m[INFO] [1774069716.631233282, 212.232000000]: Got new plan[0m
[0m[INFO] [1774069716.655953272, 212.280000000]: Got new plan[0m
[0m[INFO] [1774069716.684489307, 212.330000000]: Got new plan[0m
[0m[INFO] [1774069716.709402830, 212.380000000]: Got new plan[0m
[0m[INFO] [1774069716.737588605, 212.430000000]: Got new plan[0m
[0m[INFO] [1774069717.037516174, 212.930000000]: Got new plan[0m
[0m[INFO] [1774069717.307085175, 213.430000000]: Got new plan[0m
[0m[INFO] [1774069717.588832512, 213.930000000]: Got new plan[0m
[0m[INFO] [1774069717.895151424, 214.432000000]: Got new plan[0m
[0m[INFO] [1774069718.201486960, 214.930000000]: Got new plan[0m
[0m[INFO] [1774069718.509451501, 215.430000000]: Got new plan[0m
[0m[INFO] [1774069718.782804492, 215.930000000]: Got new plan[0m
[0m[INFO] [1774069719.054010811, 216.430000000]: Got new plan[0m
[0m[INFO] [1774069719.350076039, 216.930000000]: Got new plan[0m
[0m[INFO] [1774069719.623024157, 217.430000000]: Got new plan[0m
[0m[INFO] [1774069719.891805972, 217.930000000]: Got new plan[0m
[0m[INFO] [1774069720.179314191, 218.430000000]: Got new plan[0m
[0m[INFO] [1774069720.458077803, 218.930000000]: Got new plan[0m
Error in XmlRpcClient::writeRequest: write error (Connection refused).
Error in XmlRpcDispatch::work: couldn't find source iterator
Error in XmlRpcClient::writeRequest: write error (Connection refused).
Error in XmlRpcDispatch::work: couldn't find source iterator
Error in XmlRpcClient::writeRequest: write error (Connection refused).
Error in XmlRpcDispatch::work: couldn't find source iterator
Error in XmlRpcClient::writeRequest: write error (Connection refused).
Error in XmlRpcDispatch::work: couldn't find source iterator
Error in XmlRpcClient::writeRequest: write error (Connection refused).
Error in XmlRpcDispatch::work: couldn't find source iterator
Error in XmlRpcClient::writeRequest: write error (Connection refused).
Error in XmlRpcDispatch::work: couldn't find source iterator
Error in XmlRpcClient::writeRequest: write error (Connection refused).
Error in XmlRpcDispatch::work: couldn't find source iterator
Error in XmlRpcClient::writeRequest: write error (Connection refused).
Error in XmlRpcDispatch::work: couldn't find source iterator
Error in XmlRpcClient::writeRequest: write error (Connection refused).
Error in XmlRpcClient::writeRequest: write error (Connection refused).
Error in XmlRpcDispatch::work: couldn't find source iterator
Error in XmlRpcDispatch::work: couldn't find source iterator
Error in XmlRpcClient::writeRequest: write error (Connection refused).
Error in XmlRpcDispatch::work: couldn't find source iterator
Error in XmlRpcClient::writeRequest: write error (Connection refused).
Error in XmlRpcDispatch::work: couldn't find source iterator
Error in XmlRpcClient::writeRequest: write error (Connection refused).
Error in XmlRpcDispatch::work: couldn't find source iterator
Error in XmlRpcClient::writeRequest: write error (Connection refused).
Error in XmlRpcDispatch::work: couldn't find source iterator
Error in XmlRpcClient::writeRequest: write error (Connection refused).
Error in XmlRpcDispatch::work: couldn't find source iterator
Error in XmlRpcClient::writeRequest: write error (Connection refused).
Error in XmlRpcDispatch::work: couldn't find source iterator
Error in XmlRpcClient::writeRequest: write error (Connection refused).
Error in XmlRpcDispatch::work: couldn't find source iterator
Error in XmlRpcClient::writeRequest: write error (Connection refused).
Error in XmlRpcDispatch::work: couldn't find source iterator
Error in XmlRpcClient::writeRequest: write error (Connection refused).
Error in XmlRpcDispatch::work: couldn't find source iterator
Error in XmlRpcClient::writeRequest: write error (Connection refused).
Error in XmlRpcDispatch::work: couldn't find source iterator
Error in XmlRpcClient::writeRequest: write error (Connection refused).
Error in XmlRpcDispatch::work: couldn't find source iterator
Error in XmlRpcClient::writeRequest: write error (Connection refused).
Error in XmlRpcDispatch::work: couldn't find source iterator
Error in XmlRpcClient::writeRequest: write error (Connection refused).
Error in XmlRpcDispatch::work: couldn't find source iterator
Error in XmlRpcClient::writeRequest: write error (Connection refused).
Error in XmlRpcDispatch::work: couldn't find source iterator
Error in XmlRpcClient::writeRequest: write error (Connection refused).
Error in XmlRpcDispatch::work: couldn't find source iterator
Error in XmlRpcClient::writeRequest: write error (Connection refused).
Error in XmlRpcDispatch::work: couldn't find source iterator
Error in XmlRpcClient::writeRequest: write error (Connection refused).
Error in XmlRpcDispatch::work: couldn't find source iterator
Error in XmlRpcClient::writeRequest: write error (Connection refused).
Error in XmlRpcDispatch::work: couldn't find source iterator
Error in XmlRpcClient::writeRequest: write error (Connection refused).
Error in XmlRpcDispatch::work: couldn't find source iterator
Error in XmlRpcClient::writeRequest: write error (Connection refused).
Error in XmlRpcDispatch::work: couldn't find source iterator
Error in XmlRpcClient::writeRequest: write error (Connection refused).
Error in XmlRpcDispatch::work: couldn't find source iterator
Error in XmlRpcClient::writeRequest: write error (Connection refused).
Error in XmlRpcDispatch::work: couldn't find source iterator
Error in XmlRpcClient::writeRequest: write error (Connection refused).
Error in XmlRpcDispatch::work: couldn't find source iterator
Error in XmlRpcClient::writeRequest: write error (Connection refused).
Error in XmlRpcDispatch::work: couldn't find source iterator
Error in XmlRpcClient::writeRequest: write error (Connection refused).
Error in XmlRpcDispatch::work: couldn't find source iterator
Error in XmlRpcClient::writeRequest: write error (Connection refused).
Error in XmlRpcDispatch::work: couldn't find source iterator
Error in XmlRpcClient::writeRequest: write error (Connection refused).
Error in XmlRpcDispatch::work: couldn't find source iterator
Error in XmlRpcClient::writeRequest: write error (Connection refused).
Error in XmlRpcDispatch::work: couldn't find source iterator
Error in XmlRpcClient::writeRequest: write error (Connection refused).
Error in XmlRpcDispatch::work: couldn't find source iterator
Error in XmlRpcClient::writeRequest: write error (Connection refused).
Error in XmlRpcDispatch::work: couldn't find source iterator
Error in XmlRpcClient::writeRequest: write error (Connection refused).
Error in XmlRpcDispatch::work: couldn't find source iterator
Error in XmlRpcClient::writeRequest: write error (Connection refused).
Error in XmlRpcDispatch::work: couldn't find source iterator
Error in XmlRpcClient::writeRequest: write error (Connection refused).
Error in XmlRpcDispatch::work: couldn't find source iterator
Error in XmlRpcClient::writeRequest: write error (Connection refused).
Error in XmlRpcDispatch::work: couldn't find source iterator
Error in XmlRpcClient::writeRequest: write error (Connection refused).
Error in XmlRpcDispatch::work: couldn't find source iterator
Error in XmlRpcClient::writeRequest: write error (Connection refused).
Error in XmlRpcDispatch::work: couldn't find source iterator
Error in XmlRpcClient::writeRequest: write error (Connection refused).
Error in XmlRpcDispatch::work: couldn't find source iterator
Error in XmlRpcClient::writeRequest: write error (Connection refused).
Error in XmlRpcDispatch::work: couldn't find source iterator
Error in XmlRpcClient::writeRequest: write error (Connection refused).
Error in XmlRpcDispatch::work: couldn't find source iterator
Error in XmlRpcClient::writeRequest: write error (Connection refused).
Error in XmlRpcDispatch::work: couldn't find source iterator
Error in XmlRpcClient::writeRequest: write error (Connection refused).
Error in XmlRpcDispatch::work: couldn't find source iterator
Error in XmlRpcClient::writeRequest: write error (Connection refused).
Error in XmlRpcDispatch::work: couldn't find source iterator
Error in XmlRpcClient::writeRequest: write error (Connection refused).
Error in XmlRpcDispatch::work: couldn't find source iterator
Error in XmlRpcClient::writeRequest: write error (Connection refused).
Error in XmlRpcDispatch::work: couldn't find source iterator
Error in XmlRpcClient::writeRequest: write error (Connection refused).
Error in XmlRpcDispatch::work: couldn't find source iterator
Error in XmlRpcClient::writeRequest: write error (Connection refused).
Error in XmlRpcDispatch::work: couldn't find source iterator
Error in XmlRpcClient::writeRequest: write error (Connection refused).
Error in XmlRpcDispatch::work: couldn't find source iterator
Error in XmlRpcClient::writeRequest: write error (Connection refused).
Error in XmlRpcDispatch::work: couldn't find source iterator
Error in XmlRpcClient::writeRequest: write error (Connection refused).
Error in XmlRpcDispatch::work: couldn't find source iterator
Error in XmlRpcClient::writeRequest: write error (Connection refused).
Error in XmlRpcDispatch::work: couldn't find source iterator
Error in XmlRpcClient::writeRequest: write error (Connection refused).
Error in XmlRpcDispatch::work: couldn't find source iterator
Error in XmlRpcClient::writeRequest: write error (Connection refused).
Error in XmlRpcDispatch::work: couldn't find source iterator
Error in XmlRpcClient::writeRequest: write error (Connection refused).
Error in XmlRpcDispatch::work: couldn't find source iterator
Error in XmlRpcClient::writeRequest: write error (Connection refused).
Error in XmlRpcDispatch::work: couldn't find source iterator
Error in XmlRpcClient::writeRequest: write error (Connection refused).
Error in XmlRpcDispatch::work: couldn't find source iterator
Error in XmlRpcClient::writeRequest: write error (Connection refused).
Error in XmlRpcDispatch::work: couldn't find source iterator
Error in XmlRpcClient::writeRequest: write error (Connection refused).
Error in XmlRpcDispatch::work: couldn't find source iterator
Error in XmlRpcClient::writeRequest: write error (Connection refused).
Error in XmlRpcDispatch::work: couldn't find source iterator
Error in XmlRpcClient::writeRequest: write error (Connection refused).
Error in XmlRpcDispatch::work: couldn't find source iterator
Error in XmlRpcClient::writeRequest: write error (Connection refused).
Error in XmlRpcDispatch::work: couldn't find source iterator
Error in XmlRpcClient::writeRequest: write error (Connection refused).
Error in XmlRpcDispatch::work: couldn't find source iterator
Error in XmlRpcClient::writeRequest: write error (Connection refused).
Error in XmlRpcDispatch::work: couldn't find source iterator
Error in XmlRpcClient::writeRequest: write error (Connection refused).
Error in XmlRpcDispatch::work: couldn't find source iterator
Error in XmlRpcClient::writeRequest: write error (Connection refused).
Error in XmlRpcDispatch::work: couldn't find source iterator
Error in XmlRpcClient::writeRequest: write error (Connection refused).
Error in XmlRpcDispatch::work: couldn't find source iterator
Error in XmlRpcClient::writeRequest: write error (Connection refused).
Error in XmlRpcDispatch::work: couldn't find source iterator
Error in XmlRpcClient::writeRequest: write error (Connection refused).
Error in XmlRpcDispatch::work: couldn't find source iterator
Error in XmlRpcClient::writeRequest: write error (Connection refused).
Error in XmlRpcDispatch::work: couldn't find source iterator
Error in XmlRpcClient::writeRequest: write error (Connection refused).
Error in XmlRpcDispatch::work: couldn't find source iterator
[INFO] [1774069639.039268, 0.000000]: Ground Truth Odom Publisher initialized
[INFO] [1774069638.959863, 0.000000]: Ground Truth Odom Publisher initialized
[31mWARNING: disk usage in log directory [/data/lzq/.ros/log] is over 1GB.
It's recommended that you use the 'rosclean' command.[0m
[31m[rviz-16] escalating to SIGTERM[0m

auto-starting new master
[1mprocess[master]: started with pid [58079][0m
[1mROS_MASTER_URI=http://localhost:11311[0m
]2;/data/lzq/ros_motion_planning/src/sim_env/launch/main.launch http://localhost:11311
[1msetting /run_id to d4f9fa86-24e3-11f1-aa32-cd86210345d0[0m
[1mprocess[rosout-1]: started with pid [58089][0m
started core service [/rosout]
[1mprocess[gazebo-2]: started with pid [58096][0m
[1mprocess[map_server-3]: started with pid [58098][0m
[1mprocess[robot2/robot_state_publisher-4]: started with pid [58100][0m
[1mprocess[robot2/joint_state_publisher-5]: started with pid [58103][0m
[1mprocess[robot2/urdf_spawner-6]: started with pid [58104][0m
[1mprocess[robot2/tf_map2odom_node-7]: started with pid [58114][0m
[1mprocess[robot2/ground_truth_odom_publisher-8]: started with pid [58117][0m
[1mprocess[robot2/move_base-9]: started with pid [58118][0m
[1mprocess[robot1/robot_state_publisher-10]: started with pid [58119][0m
[1mprocess[robot1/joint_state_publisher-11]: started with pid [58120][0m
[1mprocess[robot1/urdf_spawner-12]: started with pid [58121][0m
[1mprocess[robot1/tf_map2odom_node-13]: started with pid [58129][0m
[1mprocess[robot1/ground_truth_odom_publisher-14]: started with pid [58174][0m
[1mprocess[robot1/move_base-15]: started with pid [58198][0m
[1mprocess[rviz-16]: started with pid [58226][0m
[1m[robot2/urdf_spawner-6] process has finished cleanly
log file: /data/lzq/.ros/log/d4f9fa86-24e3-11f1-aa32-cd86210345d0/robot2-urdf_spawner-6*.log[0m
[1m[robot1/urdf_spawner-12] process has finished cleanly
log file: /data/lzq/.ros/log/d4f9fa86-24e3-11f1-aa32-cd86210345d0/robot1-urdf_spawner-12*.log[0m
[rviz-16] killing on exit
[robot1/move_base-15] killing on exit
[robot1/ground_truth_odom_publisher-14] killing on exit
[robot1/tf_map2odom_node-13] killing on exit
[robot1/joint_state_publisher-11] killing on exit
[robot1/robot_state_publisher-10] killing on exit
[robot2/move_base-9] killing on exit
[robot2/ground_truth_odom_publisher-8] killing on exit
[robot2/tf_map2odom_node-7] killing on exit
[robot2/joint_state_publisher-5] killing on exit
[robot2/robot_state_publisher-4] killing on exit
[map_server-3] killing on exit
[gazebo-2] killing on exit
[rosout-1] killing on exit
[master] killing on exit
shutting down processing monitor...
... shutting down processing monitor complete
[1mdone[0m
