wall_time,step,value
1772729042.2395213,2,67.0
1772729043.852277,3,23.0
1772729045.8926163,4,34.0
1772729052.5726697,5,115.0
1772729066.160459,6,226.0
1772729069.3976617,7,40.0
1772729074.4535058,8,85.0
1772729083.9588742,9,161.0
1772729089.5335734,10,89.0
1772729092.7971663,11,51.0
1772729097.8038492,12,84.0
1772729100.9387822,13,51.0
1772729119.3339646,14,323.0
1772729125.041523,15,79.0
1772729129.9395847,16,81.0
1772729134.1946292,17,71.0
1772729142.0587885,18,136.0
1772729146.647145,19,74.0
1772729152.6060603,20,99.0
1772729161.4355054,21,149.0
1772729172.1880789,22,184.0
1772729177.686606,23,88.0
1772729201.2115412,24,411.0
1772729204.6753113,25,40.0
1772729213.6637409,26,154.0
1772729226.211331,27,213.0
1772729229.683912,28,51.0
1772729242.0953953,29,216.0
1772729264.802487,30,390.0
1772729267.5168154,31,25.0
1772729271.2927566,32,65.0
1772729272.7474768,33,21.0
1772729278.2603462,34,95.0
1772729303.2719574,35,435.0
1772729314.7591035,36,150.0
1772729318.8528886,37,57.0
1772729324.1315167,38,81.0
1772729328.1656559,39,58.0
1772729331.1402743,40,42.0
1772729339.2437658,41,134.0
1772729350.8332336,42,199.0
1772729416.2246323,43,65.0
1772729425.959241,44,167.0
1772729434.457312,45,140.0
1772729444.063677,46,161.0
1772729454.8958905,47,183.0
1772729474.0900986,48,327.0
1772729488.967499,49,245.0
1772729490.119905,50,7.0
1772729493.0880108,51,51.0
1772729516.1440313,52,404.0
1772729522.6258514,53,89.0
1772729527.254803,54,76.0
1772729535.617446,55,143.0
1772729541.088858,56,86.0
1772729544.4537454,57,53.0
1772729552.1299796,58,131.0
1772729557.8369052,59,93.0
1772729570.4675052,60,217.0
1772729571.2996383,61,1.0
1772729581.8310914,62,185.0
1772729591.519154,63,161.0
1772729618.7140741,64,466.0
1772729628.8874629,65,152.0
1772729663.2423263,66,596.0
1772729672.4702117,67,128.0
1772729682.2067454,68,165.0
1772729690.2011945,69,131.0
1772729693.2031753,70,43.0
1772729703.5034018,71,177.0
1772729707.0347955,72,51.0
1772729782.2398994,73,487.0
1772729790.279428,74,113.0
1772729803.5974958,75,228.0
1772729812.6101947,76,143.0
1772729829.057422,77,282.0
1772729832.9435482,78,54.0
1772729839.1137943,79,105.0
1772729863.4264226,80,425.0
1772729873.2306418,81,149.0
1772729879.7944367,82,107.0
1772729891.4147391,83,199.0
1772729894.286759,84,39.0
1772729900.4568748,85,106.0
1772729907.010699,86,109.0
1772729921.92835,87,258.0
1772729925.4978507,88,49.0
1772729955.1456397,89,522.0
1772729963.7942913,90,122.0
1772729969.439479,91,92.0
1772729975.7593539,92,107.0
1772729996.0973055,93,353.0
1772730011.9375603,94,258.0
1772730027.1229386,95,254.0
1772730044.8319783,96,299.0
1772730053.0166414,97,127.0
1772730123.5197358,98,92.0
1772730132.0259821,99,145.0
1772730142.5605068,100,179.0
1772730146.6105614,101,59.0
1772730165.363093,102,329.0
1772730177.2746747,103,188.0
1772730194.349704,104,291.0
1772730224.113875,105,509.0
1772730239.1057801,106,236.0
1772730245.2089028,107,96.0
1772730252.9395852,108,131.0
1772730268.7068114,109,270.0
1772730285.6319115,110,282.0
1772730290.0237947,111,61.0
1772730290.3279178,112,1.0
1772730304.2007782,113,244.0
1772730317.257532,114,217.0
1772730327.8566566,115,173.0
1772730338.6465416,116,181.0
1772730344.7084644,117,96.0
1772730351.3449323,118,110.0
1772730353.2810771,119,27.0
1772730356.313515,120,51.0
1772730363.9418297,121,131.0
1772730365.928222,122,28.0
1772730367.0983577,123,18.0
1772730394.9936092,124,492.0
1772730412.5204296,125,283.0
1772730416.5297077,126,51.0
1772730427.7364402,127,195.0
1772730531.2023513,128,243.0
1772730539.6721702,129,133.0
1772730548.2148736,130,142.0
1772730552.8464348,131,75.0
1772730562.8346,132,170.0
1772730563.8647456,133,7.0
1772730571.310688,134,130.0
1772730578.0738018,135,113.0
1772730587.0084324,136,152.0
1772730588.1948328,137,10.0
1772730591.1626444,138,51.0
1772730595.6550162,139,75.0
1772730596.474734,140,9.0
1772730599.6849134,141,55.0
1772730609.3756373,142,167.0
1772730621.7112958,143,210.0
1772730629.582051,144,126.0
1772730634.543915,145,80.0
1772730642.6191075,146,139.0
1772730688.346706,147,803.0
1772730698.8656168,148,140.0
1772730704.1640396,149,86.0
1772730721.0954852,150,296.0
1772730724.7920985,151,50.0
1772730774.7379582,152,882.0
1772730800.553011,153,408.0
1772730811.2825255,154,163.0
1772730898.8809495,155,351.0
1772730908.462207,156,149.0
1772730911.5679905,157,47.0
1772730940.2238853,158,503.0
1772730955.699339,159,244.0
1772730959.0583644,160,45.0
1772730959.7444391,161,9.0
1772730967.0092304,162,127.0
1772730972.6771111,163,94.0
1772730984.427209,164,201.0
1772730990.8740315,165,101.0
1772730994.8960395,166,65.0
1772730997.0828586,167,34.0
1772731019.630805,168,396.0
1772731028.1039846,169,129.0
1772731030.819763,170,42.0
1772731037.7535486,171,120.0
1772731041.793363,172,63.0
1772731048.857855,173,120.0
1772731063.9748313,174,261.0
1772731081.4725544,175,294.0
1772731085.210576,176,51.0
1772731140.6667426,177,975.0
1772731152.5118928,178,160.0
1772731160.3537946,179,129.0
1772731164.0330389,180,56.0
1772731187.8984334,181,421.0
1772731234.4448555,182,338.0
1772731246.656987,183,198.0
1772731249.1543164,184,32.0
1772731253.2975206,185,70.0
1772731256.4958038,186,51.0
1772731261.6316054,187,87.0
1772731274.4698334,188,223.0
1772731280.9853802,189,103.0
1772731285.6180494,190,75.0
1772731288.82448,191,51.0
1772731293.4582841,192,78.0
1772731301.098616,193,131.0
1772731304.771422,194,58.0
1772731312.4605238,195,131.0
1772731325.69632,196,225.0
1772731329.3464684,197,51.0
1772731333.8249543,198,76.0
1772731335.328417,199,21.0
1772731352.9534717,200,310.0
1772731354.7645202,201,15.0
1772731360.2020926,202,94.0
1772731366.083437,203,99.0
1772731367.0884063,204,11.0
1772731383.790401,205,292.0
1772731386.1292124,206,24.0
1772731394.5027366,207,146.0
1772731398.34441,208,60.0
1772731411.3334992,209,223.0
1772731415.4060514,210,61.0
1772731427.122704,211,206.0
1772731430.7686572,212,51.0
1772731439.655745,213,152.0
1772731443.073403,214,51.0
1772731458.2404141,215,264.0
1772731468.8644817,216,170.0
1772731494.4812782,217,444.0
1772731501.2585373,218,94.0
1772731557.4027383,219,193.0
1772731589.2085292,220,550.0
1772731604.114462,221,233.0
1772731613.6683316,222,154.0
1772731620.1868045,223,104.0
1772731628.6163523,224,144.0
1772731631.9538217,225,51.0
1772731642.4144368,226,180.0
1772731648.4952369,227,97.0
1772731652.5436654,228,67.0
1772731652.8324735,229,1.0
1772731667.891374,230,268.0
1772731671.776241,231,51.0
1772731675.2105887,232,57.0
1772731678.4003317,233,52.0
1772731706.881068,234,502.0
1772731726.1838233,235,312.0
1772731745.7830057,236,327.0
1772731756.8352172,237,177.0
1772731763.71917,238,110.0
1772731779.5692334,239,275.0
1772731791.1150572,240,189.0
1772731796.4252715,241,82.0
1772731811.3199718,242,259.0
1772731820.7723236,243,154.0
1772731830.1127448,244,156.0
1772731844.256835,245,244.0
1772731948.969375,246,364.0
1772731959.0588899,247,159.0
1772731977.8885255,248,321.0
1772731984.0782864,249,92.0
1772731997.5753884,250,233.0
1772732001.297405,251,51.0
1772732010.7267497,252,162.0
1772732024.662889,253,238.0
1772732029.744322,254,76.0
1772732035.0096767,255,88.0
1772732038.88736,256,63.0
1772732052.5156467,257,238.0
1772732067.0419698,258,245.0
1772732079.0258214,259,198.0
1772732088.0378911,260,149.0
1772732109.6310878,261,374.0
1772732123.6883702,262,228.0
1772732127.4971607,263,52.0
1772732133.6808848,264,106.0
1772732142.9513836,265,159.0
1772732157.3378818,266,243.0
1772732161.3203232,267,55.0
1772732167.035712,268,97.0
1772732180.4812412,269,231.0
1772732191.1537528,270,174.0
1772732194.551553,271,51.0
1772732205.6544058,272,193.0
1772732211.9915228,273,99.0
1772732223.089395,274,189.0
1772732237.817748,275,250.0
1772732342.9054332,276,103.0
1772732351.5980792,277,149.0
1772732355.6725936,278,64.0
1772732358.1493351,279,39.0
1772732361.0742166,280,48.0
1772732374.2186928,281,229.0
1772732381.1292892,282,111.0
1772732386.81657,283,95.0
1772732397.6881652,284,187.0
1772732411.487947,285,236.0
1772732436.064735,286,422.0
1772732438.2434866,287,16.0
1772732444.9040504,288,117.0
1772732446.693483,289,24.0
1772732502.2646601,290,980.0
1772732512.160551,291,126.0
1772732515.218094,292,46.0
1772732527.3730197,293,211.0
1772732533.0891156,294,91.0
1772732538.0343926,295,82.0
1772732546.336645,296,141.0
1772732551.6947608,297,86.0
1772732559.559377,298,136.0
1772732566.009582,299,107.0
1772732576.1403234,300,170.0
1772732579.6795697,301,51.0
1772732584.3334467,302,80.0
1772732591.350372,303,121.0
1772732603.1699538,304,204.0
1772732606.80327,305,51.0
1772732610.0738761,306,54.0
1772732618.6149206,307,148.0
1772732623.886582,308,86.0
1772732685.2495184,309,51.0
1772732688.464907,310,52.0
1772732692.7364163,311,71.0
1772732695.910915,312,51.0
1772732712.9923563,313,300.0
1772732720.1547115,314,109.0
1772732735.4419003,315,262.0
1772732741.961552,316,102.0
1772732752.9622648,317,187.0
1772732755.3199928,318,29.0
1772732766.3682995,319,192.0
1772732787.377699,320,359.0
1772732793.8234942,321,93.0
1772732799.1624658,322,89.0
1772732808.4245021,323,159.0
1772732809.7118504,324,13.0
1772732821.40854,325,206.0
1772732830.5604606,326,152.0
1772732833.2901018,327,40.0
1772732861.0610006,328,492.0
1772732878.087658,329,273.0
1772732882.4897928,330,64.0
1772732898.8648996,331,284.0
1772732902.7982738,332,51.0
1772732913.76019,333,190.0
1772732921.0984073,334,119.0
1772732925.9234915,335,78.0
1772732930.6260915,336,77.0
1772732932.4980257,337,27.0
1772732937.7753637,338,90.0
1772732938.9111476,339,14.0
1772732941.862893,340,51.0
1772732944.9507518,341,51.0
1772732962.765602,342,311.0
1772732971.417296,343,132.0
1772732980.9097764,344,161.0
1772733066.085591,345,208.0
1772733070.7761025,346,73.0
1772733078.081926,347,126.0
1772733080.5814223,348,36.0
1772733084.6154869,349,68.0
1772733088.874273,350,70.0
1772733091.3224542,351,39.0
1772733092.6137044,352,20.0
1772733101.7013366,353,160.0
1772733112.994112,354,192.0
1772733116.5950882,355,51.0
1772733119.1862037,356,42.0
1772733125.7193656,357,113.0
1772733129.7720902,358,66.0
1772733134.534494,359,81.0
1772733148.0743616,360,234.0
1772733171.3534868,361,400.0
1772733178.8155022,362,106.0
1772733188.9192007,363,173.0
1772733214.2643616,364,438.0
1772733230.062522,365,257.0
1772733233.3288987,366,41.0
1772733244.2413023,367,190.0
1772733255.0868862,368,183.0
1772733258.2733707,369,44.0
1772733263.031113,370,80.0
1772733267.1930125,371,67.0
1772733274.7442677,372,129.0
1772733281.8473744,373,118.0
1772733285.1452756,374,51.0
1772733287.3860967,375,35.0
1772733293.090578,376,97.0
1772733296.3552914,377,51.0
1772733300.7816708,378,75.0
1772733314.3210897,379,236.0
1772733323.6642506,380,152.0
1772733338.8263845,381,260.0
1772733348.977025,382,164.0
1772733354.619235,383,87.0
1772733462.2151184,384,47.0
1772733468.4174068,385,105.0
1772733471.3780522,386,45.0
1772733474.505317,387,51.0
1772733478.0150583,388,58.0
1772733480.7521758,389,45.0
1772733485.6072521,390,83.0
1772733488.78212,391,51.0
1772733502.2818954,392,235.0
1772733509.3261576,393,110.0
1772733514.2970672,394,82.0
1772733524.1297474,395,169.0
1772733530.8171039,396,109.0
1772733572.0081646,397,720.0
1772733584.0967934,398,178.0
1772733590.5433664,399,103.0
1772733596.2262793,400,93.0
1772733600.337378,401,66.0
1772733610.5428655,402,177.0
1772733616.8774683,403,103.0
1772733630.8475397,404,239.0
1772733636.1113467,405,80.0
1772733640.6717553,406,76.0
1772733655.034894,407,252.0
1772733662.4330673,408,116.0
1772733670.2154899,409,132.0
1772733687.8854334,410,308.0
1772733689.8651702,411,17.0
1772733707.8311005,412,317.0
1772733715.1280427,413,109.0
1772733720.785803,414,94.0
1772733727.4682453,415,115.0
1772733730.6965673,416,51.0
1772733733.7428663,417,51.0
1772733736.7594726,418,51.0
1772733753.424559,419,292.0
1772733759.9916925,420,102.0
1772733878.7251134,421,78.0
1772733886.976162,422,141.0
1772733899.7348454,423,215.0
1772733910.3915508,424,177.0
1772733916.6580431,425,100.0
1772733924.389385,426,130.0
1772733928.671904,427,67.0
1772733931.9684222,428,54.0
1772733940.781825,429,153.0
1772733945.8087015,430,80.0
1772733947.0098329,431,15.0
1772733950.2258213,432,55.0
1772733962.3117688,433,209.0
1772733963.0100675,434,1.0
1772733973.773883,435,190.0
1772733987.401674,436,229.0
1772734008.8014107,437,365.0
1772734013.8180642,438,67.0
1772734016.9940124,439,51.0
1772734023.8628137,440,118.0
1772734026.031004,441,32.0
1772734049.760208,442,417.0
1772734065.5704312,443,259.0
1772734072.3687437,444,104.0
1772734079.6332057,445,122.0
1772734090.838695,446,193.0
1772734094.9774978,447,63.0
1772734098.172538,448,51.0
1772734102.2091317,449,67.0
1772734108.3202982,450,103.0
1772734111.4944985,451,51.0
1772734128.4226627,452,296.0
1772734137.3518496,453,138.0
1772734146.310624,454,151.0
1772734178.2095299,455,557.0
1772734282.7125077,456,51.0
1772734287.3630967,457,78.0
1772734304.4241502,458,298.0
1772734317.8483233,459,222.0
1772734323.5458174,460,89.0
1772734336.3288338,461,224.0
1772734339.82418,462,47.0
1772734344.7627196,463,83.0
1772734348.0207593,464,51.0
1772734351.9728086,465,67.0
1772734360.3220735,466,145.0
1772734373.578039,467,228.0
1772734390.6885931,468,288.0
1772734394.917081,469,60.0
1772734403.7373455,470,151.0
1772734407.8719177,471,63.0
1772734413.5578473,472,97.0
1772734417.2540274,473,60.0
1772734422.2897327,474,85.0
1772734427.2444236,475,82.0
1772734431.754261,476,73.0
1772734438.9809117,477,122.0
1772734467.4031513,478,496.0
1772734471.9412966,479,51.0
1772734491.7618418,480,347.0
1772734502.399857,481,165.0
1772734503.1681802,482,5.0
1772734513.5909207,483,184.0
1772734522.9208226,484,155.0
1772734529.7771297,485,111.0
1772734535.1373742,486,88.0
1772734538.3235345,487,51.0
1772734544.5443723,488,107.0
1772734547.8329709,489,51.0
1772734554.5293307,490,113.0
1772734558.3601394,491,59.0
1772734563.6805422,492,91.0
1772734575.7944834,493,212.0
1772734678.3094404,494,399.0
1772734699.3705251,495,350.0
1772734718.4767404,496,314.0
1772734731.2007515,497,209.0
1772734738.6784966,498,117.0
1772734744.5830657,499,98.0
1772734754.3501465,500,168.0
1772734764.640177,501,173.0
1772734771.1399333,502,104.0
1772734774.2904932,503,49.0
1772734778.6150494,504,73.0
1772734781.398945,505,45.0
1772734794.1040163,506,220.0
1772734805.5416648,507,189.0
1772734812.8784559,508,120.0
1772734816.5299091,509,58.0
1772734817.0648293,510,5.0
1772734830.6790874,511,239.0
1772734833.3522217,512,33.0
1772734838.3179593,513,85.0
1772734843.3457122,514,84.0
1772734852.3959365,515,155.0
1772734874.3042145,516,377.0
1772734877.83618,517,41.0
1772734880.9710326,518,51.0
1772734885.0099225,519,67.0
1772734902.661744,520,308.0
1772734920.59084,521,299.0
1772734924.4022932,522,51.0
1772734936.0730073,523,205.0
1772734939.8018446,524,52.0
1772734943.1783864,525,56.0
1772734952.4708462,526,161.0
1772735099.8497481,527,167.0
1772735111.743975,528,203.0
1772735131.0711014,529,331.0
1772735142.8062391,530,190.0
1772735148.531299,531,90.0
1772735154.4412138,532,97.0
1772735157.7870934,533,51.0
1772735164.0550132,534,108.0
1772735174.0799887,535,173.0
1772735177.4786518,536,51.0
1772735180.601553,537,51.0
1772735195.0468373,538,252.0
1772735213.5948133,539,315.0
1772735219.44666,540,83.0
1772735229.5599842,541,176.0
1772735231.369995,542,23.0
1772735238.3626418,543,122.0
1772735248.8240342,544,176.0
1772735252.8064575,545,61.0
1772735253.081177,546,1.0
1772735256.0047748,547,51.0
1772735266.6973038,548,186.0
1772735268.8345468,549,26.0
1772735278.6952405,550,172.0
1772735284.4228625,551,93.0
1772735287.8072338,552,55.0
1772735290.4808655,553,44.0
1772735293.4807842,554,51.0
1772735312.2161465,555,329.0
1772735316.6864471,556,61.0
1772735339.119218,557,392.0
1772735352.9107842,558,222.0
1772735362.7386534,559,160.0
1772735366.3154104,560,52.0
1772735369.4467216,561,51.0
1772735372.863714,562,57.0
1772735379.4986124,563,114.0
1772735388.9151754,564,161.0
1772735496.7099028,565,387.0
1772735511.3940103,566,239.0
1772735513.5462527,567,21.0
1772735517.951898,568,76.0
1772735528.2649114,569,179.0
1772735531.6955404,570,51.0
1772735539.904569,571,142.0
1772735543.3303263,572,50.0
1772735544.081457,573,9.0
1772735548.6632268,574,79.0
1772735554.6232796,575,101.0
1772735561.0015962,576,107.0
1772735570.6415374,577,163.0
1772735575.259505,578,70.0
1772735575.6087239,579,1.0
1772735582.9932141,580,130.0
1772735592.0000303,581,155.0
1772735601.4872684,582,162.0
1772735609.1843297,583,126.0
1772735612.543639,584,53.0
1772735615.5972886,585,51.0
1772735622.9917085,586,128.0
1772735631.877767,587,149.0
1772735633.8642478,588,24.0
1772735634.802836,589,14.0
1772735643.9114182,590,159.0
1772735647.5428596,591,56.0
1772735652.6625402,592,87.0
1772735667.3440633,593,254.0
1772735677.9443576,594,172.0
1772735686.4236717,595,141.0
1772735695.671354,596,154.0
1772735703.8859298,597,136.0
1772735709.855622,598,98.0
1772735725.5852063,599,272.0
1772735729.3955078,600,51.0
1772735736.6392832,601,125.0
1772735740.3924425,602,59.0
1772735742.4046764,603,32.0
1772735756.9713259,604,254.0
1772735760.9602618,605,55.0
1772735763.9048707,606,49.0
1772735771.2484105,607,126.0
1772735836.410587,608,38.0
1772735840.4331894,609,67.0
1772735849.5443053,610,155.0
1772735863.008676,611,232.0
1772735871.2975338,612,135.0
1772735877.2383318,613,96.0
1772735880.6940098,614,55.0
1772735898.221696,615,311.0
1772735902.34489,616,54.0
1772735905.4605594,617,51.0
1772735905.8489525,618,3.0
1772735920.7064705,619,265.0
1772735924.3362663,620,51.0
1772735931.5424867,621,123.0
1772735939.263989,622,128.0
1772735946.0628073,623,113.0
1772735950.671071,624,76.0
1772735954.6606195,625,66.0
1772735957.5375998,626,46.0
1772735973.7918668,627,283.0
1772735980.4395227,628,103.0
1772735990.200502,629,166.0
1772735996.8579915,630,106.0
1772736001.2266707,631,70.0
1772736011.687865,632,181.0
1772736015.105259,633,51.0
1772736021.3846505,634,107.0
1772736038.6074488,635,297.0
1772736042.5080922,636,51.0
1772736049.3838856,637,118.0
1772736052.4306262,638,46.0
1772736057.3785791,639,84.0
1772736065.6059952,640,140.0
1772736069.4776075,641,61.0
1772736080.001043,642,183.0
1772736084.3370953,643,65.0
1772736092.4558802,644,139.0
1772736096.2415614,645,60.0
1772736102.5659986,646,109.0
1772736108.5341582,647,100.0
1772736114.944955,648,107.0
1772736122.4794464,649,126.0
1772736135.9364867,650,233.0
1772736215.1845362,651,199.0
1772736218.664262,652,51.0
1772736226.3205936,653,134.0
1772736237.9199998,654,196.0
1772736248.5470743,655,181.0
1772736253.2882688,656,75.0
1772736262.8088717,657,163.0
1772736268.9011526,658,97.0
1772736278.3690162,659,162.0
1772736281.7193065,660,51.0
1772736289.675044,661,136.0
1772736299.7430305,662,168.0
1772736309.0876017,663,157.0
1772736323.9607697,664,255.0
1772736345.8409722,665,372.0
1772736366.4695382,666,340.0
1772736374.5512612,667,124.0
1772736377.807903,668,51.0
1772736383.0895934,669,89.0
1772736387.257235,670,67.0
1772736394.1123972,671,116.0
1772736401.4721785,672,124.0
1772736404.7276971,673,51.0
1772736407.7920551,674,51.0
1772736413.2069104,675,91.0
1772736416.4355588,676,51.0
1772736416.7384543,677,1.0
1772736423.5898461,678,121.0
1772736431.7264326,679,137.0
1772736435.0552406,680,51.0
1772736453.9134154,681,330.0
1772736469.3609533,682,254.0
1772736475.2330284,683,86.0
1772736482.3103664,684,119.0
1772736484.0471497,685,24.0
1772736490.8158398,686,117.0
1772736495.9123666,687,83.0
1772736502.2818232,688,106.0
1772736628.3265727,689,95.0
1772736631.870878,690,57.0
1772736636.2071433,691,73.0
1772736642.50993,692,108.0
1772736645.7234378,693,51.0
1772736656.7114437,694,189.0
1772736666.1900573,695,157.0
1772736678.3602772,696,209.0
1772736681.9850569,697,51.0
1772736690.2440698,698,143.0
1772736693.5445642,699,51.0
1772736697.2151942,700,62.0
1772736723.6156683,701,467.0
1772736741.2080255,702,286.0
1772736753.7432983,703,204.0
1772736755.8328156,704,26.0
1772736765.2743206,705,165.0
1772736788.3835888,706,396.0
1772736810.437241,707,367.0
1772736817.048343,708,97.0
1772736820.2274497,709,51.0
1772736827.3470552,710,123.0
1772736837.4400904,711,168.0
1772736843.6221752,712,98.0
1772736854.0970387,713,180.0
1772736857.5278962,714,51.0
1772736871.414958,715,242.0
1772736875.0154805,716,51.0
1772736875.995037,717,14.0
1772736883.3332388,718,128.0
1772736888.625577,719,86.0
1772736891.8410661,720,51.0
1772736896.2616837,721,74.0
1772736903.0254548,722,115.0
1772736910.4636998,723,126.0
1772736918.9942372,724,145.0
1772737029.4769628,725,94.0
1772737037.6972313,726,140.0
1772737050.9258008,727,223.0
1772737060.0243025,728,150.0
1772737064.7053368,729,74.0
1772737077.5283518,730,221.0
1772737082.040991,731,66.0
1772737088.8061974,732,116.0
1772737099.2733092,733,178.0
1772737103.4313667,734,61.0
1772737109.9593472,735,110.0
1772737113.198273,736,51.0
1772737117.567894,737,74.0
1772737129.7617345,738,211.0
1772737135.8725517,739,93.0
1772737140.0959082,740,68.0
1772737143.0395348,741,48.0
1772737148.1827388,742,88.0
1772737153.4227552,743,88.0
1772737157.8402789,744,73.0
1772737161.0810757,745,51.0
1772737166.8879716,746,98.0
1772737172.3669004,747,90.0
1772737180.7662594,748,144.0
1772737188.8729718,749,136.0
1772737197.4089792,750,141.0
1772737211.360071,751,240.0
1772737216.3688335,752,77.0
1772737224.0583532,753,130.0
1772737245.517414,754,376.0
1772737249.761102,755,51.0
1772737254.6098142,756,81.0
1772737257.8393307,757,51.0
1772737273.3117747,758,272.0
1772737292.471728,759,324.0
1772737296.3459225,760,51.0
1772737304.0555043,761,134.0
1772737317.451259,762,230.0
1772737323.2561955,763,88.0
1772737325.4402914,764,34.0
1772737508.6079438,765,62.0
1772737512.5899205,766,67.0
1772737515.7393358,767,51.0
1772737519.6877816,768,65.0
1772737530.7909598,769,191.0
1772737538.0423865,770,119.0
1772737541.9208233,771,62.0
1772737545.038657,772,51.0
1772737548.8014455,773,62.0
1772737550.5519466,774,26.0
1772737553.5858014,775,51.0
1772737564.4158916,776,188.0
1772737567.257415,777,41.0
1772737571.1372435,778,66.0
1772737574.2323709,779,51.0
1772737581.5306785,780,125.0
1772737588.5117857,781,114.0
1772737594.8707051,782,106.0
1772737598.138072,783,51.0
1772737604.7036285,784,112.0
1772737611.2964625,785,108.0
1772737616.1378145,786,78.0
1772737619.4392905,787,51.0
1772737626.8387983,788,129.0
1772737632.5912497,789,94.0
1772737643.575688,790,188.0
1772737648.7102542,791,78.0
1772737652.367238,792,60.0
1772737660.0001478,793,131.0
1772737668.2018514,794,137.0
1772737680.009164,795,197.0
1772737709.0729876,796,506.0
1772737714.5274422,797,68.0
1772737719.7500458,798,89.0
1772737723.6236644,799,63.0
1772737728.2915492,800,78.0
1772737743.854854,801,268.0
1772737747.5836189,802,51.0
1772737751.4610348,803,65.0
1772737768.976024,804,305.0
1772737774.137117,805,74.0
1772737782.8948917,806,151.0
1772737790.9872696,807,133.0
1772737795.14747,808,64.0
1772737798.3263485,809,51.0
1772737803.2147813,810,83.0
1772737803.5613427,811,1.0
1772737807.1057026,812,62.0
1772737903.0220692,813,224.0
1772737920.0327342,814,289.0
1772737924.471532,815,63.0
1772737935.9715846,816,201.0
1772737942.6973138,817,104.0
1772737952.3036838,818,163.0
1772737956.6523142,819,69.0
1772737963.084477,820,109.0
1772737969.444024,821,105.0
1772737973.940218,822,71.0
1772737985.4310012,823,199.0
1772737996.9529798,824,193.0
1772738003.4957066,825,102.0
1772738006.7556362,826,50.0
1772738011.9091508,827,87.0
1772738016.6626318,828,78.0
1772738027.586012,829,188.0
1772738031.2574577,830,51.0
1772738033.4991953,831,35.0
1772738043.7997155,832,179.0
1772738054.4555018,833,179.0
1772738061.1003559,834,106.0
1772738072.7080019,835,196.0
1772738081.239875,836,140.0
1772738097.2172832,837,272.0
1772738114.519784,838,289.0
1772738117.319807,839,32.0
1772738120.5062532,840,52.0
1772738123.6566443,841,51.0
1772738130.8864343,842,123.0
1772738133.3196912,843,36.0
1772738139.334471,844,103.0
1772738141.5911164,845,34.0
1772738156.8784792,846,268.0
1772738160.7096002,847,51.0
1772738163.776669,848,51.0
1772738167.2036388,849,57.0
1772738175.6377304,850,146.0
1772738176.6783829,851,8.0
1772738181.7046738,852,88.0
1772738186.417038,853,76.0
1772738189.739165,854,53.0
1772738307.2183807,855,196.0
1772738323.3694334,856,274.0
1772738336.000846,857,205.0
1772738341.5685694,858,85.0
1772738342.4237685,859,10.0
1772738345.7229712,860,57.0
1772738348.7727358,861,51.0
1772738351.9581528,862,53.0
1772738359.96142,863,137.0
1772738371.7679527,864,197.0
1772738375.8181005,865,60.0
1772738385.3537872,866,166.0
1772738393.171105,867,126.0
1772738396.7116904,868,52.0
1772738409.5431364,869,225.0
1772738417.7421699,870,132.0
1772738421.1652071,871,51.0
1772738430.7202055,872,164.0
1772738439.6567843,873,149.0
1772738444.6777303,874,81.0
1772738449.263423,875,76.0
1772738450.2345603,876,11.0
1772738457.9039533,877,134.0
1772738466.7426143,878,149.0
1772738470.6609843,879,61.0
1772738483.099842,880,216.0
1772738490.5827706,881,117.0
1772738494.3521976,882,60.0
1772738494.6304789,883,1.0
1772738505.65601,884,196.0
1772738510.6799607,885,76.0
1772738515.5277755,886,79.0
1772738519.5265267,887,64.0
1772738530.1626973,888,184.0
1772738550.5042233,889,347.0
1772738566.5833669,890,264.0
1772738576.7609773,891,159.0
1772738590.0523736,892,224.0
1772738594.0173886,893,58.0
1772738596.7912917,894,45.0
1772738659.147825,895,79.0
1772738665.6661975,896,108.0
1772738675.4635122,897,166.0
1772738688.3374462,898,220.0
1772738693.85743,899,81.0
1772738709.878648,900,279.0
1772738743.8953047,901,589.0
1772738748.1140006,902,37.0
1772738766.6728396,903,325.0
1772738768.7511916,904,17.0
1772738772.7263346,905,70.0
1772738786.680842,906,244.0
1772738788.332764,907,13.0
1772738801.9003386,908,239.0
1772738807.6104765,909,86.0
1772738809.2570791,910,22.0
1772738825.4720974,911,282.0
1772738837.5086288,912,197.0
1772738846.4695501,913,144.0
1772738853.8940115,914,121.0
1772738856.2169628,915,33.0
1772738864.0899231,916,137.0
1772738867.624331,917,54.0
1772738867.9279425,918,1.0
1772738876.4649174,919,149.0
1772738877.3595846,920,6.0
1772738878.1218202,921,12.0
1772738881.1252844,922,51.0
1772738892.7827063,923,203.0
1772738899.7774487,924,109.0
1772738906.689282,925,114.0
1772738910.0385418,926,51.0
1772738917.4955926,927,129.0
1772738920.8343055,928,51.0
1772738929.121026,929,144.0
1772738936.1156616,930,113.0
1772738949.550004,931,230.0
1772738959.1130085,932,157.0
1772739085.3882542,933,214.0
1772739100.7191582,934,260.0
1772739106.4422925,935,86.0
1772739116.2011416,936,166.0
1772739129.0613322,937,217.0
1772739139.8732414,938,177.0
1772739151.973787,939,200.0
1772739162.4899492,940,173.0
1772739168.8251579,941,102.0
1772739173.9597204,942,83.0
1772739192.4638035,943,321.0
1772739195.2192597,944,31.0
1772739196.9153426,945,27.0
1772739202.20194,946,89.0
1772739206.5929801,947,71.0
1772739224.7726183,948,316.0
1772739235.0828328,949,161.0
1772739251.1843088,950,274.0
1772739256.6243377,951,80.0
1772739268.5444837,952,204.0
1772739282.1275363,953,230.0
1772739297.9135582,954,265.0
1772739302.7118108,955,69.0
1772739307.8075824,956,86.0
1772739314.4160867,957,113.0
1772739333.6222858,958,335.0
1772739343.1853652,959,151.0
1772739346.596102,960,51.0
1772739354.2629879,961,131.0
1772739365.0092046,962,183.0
1772739372.5762951,963,123.0
1772739470.9126894,964,62.0
1772739480.2419157,965,159.0
1772739483.2248843,966,44.0
1772739487.8393764,967,78.0
1772739491.3544178,968,57.0
1772739501.0882099,969,167.0
1772739512.8310878,970,194.0
1772739522.2728066,971,155.0
1772739531.8184383,972,159.0
1772739538.5127358,973,106.0
1772739541.7825937,974,51.0
1772739542.775973,975,14.0
1772739543.221178,976,6.0
1772739554.8055043,977,203.0
1772739560.1612203,978,79.0
1772739568.5312488,979,141.0
1772739582.853907,980,245.0
1772739588.5145016,981,83.0
1772739602.2081292,982,236.0
1772739616.4418385,983,239.0
1772739620.5538588,984,57.0
1772739635.5904896,985,263.0
1772739646.3070736,986,175.0
1772739652.2286701,987,91.0
1772739659.615597,988,123.0
1772739668.9831035,989,160.0
1772739672.458725,990,51.0
1772739689.8556042,991,303.0
1772739695.5031753,992,80.0
1772739698.7020385,993,51.0
1772739711.346128,994,219.0
1772739717.070644,995,84.0
1772739720.2649708,996,51.0
1772739723.3926508,997,51.0
1772739732.6641414,998,160.0
1772739738.8886254,999,101.0
1772739742.2015235,1000,51.0
1772739753.8384202,1001,202.0
1772739757.4879317,1002,51.0
1772739764.5437996,1003,122.0
1772739775.3836412,1004,184.0
1772739916.7290015,1005,217.0
1772739920.419981,1006,48.0
1772739933.1532202,1007,219.0
1772739943.337243,1008,166.0
1772739950.8958063,1009,124.0
1772739960.7452369,1010,164.0
1772739965.9312284,1011,83.0
1772739971.2834725,1012,90.0
1772739980.3529491,1013,153.0
1772739985.2256799,1014,75.0
1772739985.6091278,1015,1.0
1772739990.0876105,1016,78.0
1772739993.3393605,1017,51.0
1772739993.8333917,1018,5.0
1772740000.757941,1019,122.0
1772740001.2164085,1020,1.0
1772740016.737116,1021,272.0
1772740017.8648524,1022,1.0
1772740027.5572224,1023,173.0
1772740030.9157693,1024,51.0
1772740043.9440074,1025,224.0
1772740048.007864,1026,56.0
1772740052.443037,1027,74.0
1772740055.7191792,1028,53.0
1772740063.8227878,1029,140.0
1772740070.5707378,1030,110.0
1772740075.5953133,1031,81.0
1772740087.3698406,1032,204.0
1772740090.511505,1033,45.0
1772740095.992913,1034,94.0
1772740096.7131615,1035,6.0
1772740100.0331173,1036,57.0
1772740114.9202206,1037,258.0
1772740140.352605,1038,432.0
1772740144.6718316,1039,51.0
1772740154.565737,1040,171.0
1772740158.0524418,1041,51.0
1772740168.0322285,1042,172.0
1772740185.4325094,1043,298.0
1772740192.8392596,1044,112.0
1772740211.7987282,1045,326.0
1772740251.105163,1046,51.0
1772740261.0054395,1047,170.0
1772740269.7325115,1048,144.0
1772740284.695145,1049,258.0
1772740293.54244,1050,141.0
1772740297.1692364,1051,57.0
1772740302.1162217,1052,83.0
1772740308.7127495,1053,111.0
1772740316.2014759,1054,124.0
1772740335.6247644,1055,335.0
1772740340.4170682,1056,61.0
1772740355.3309765,1057,256.0
1772740359.6323028,1058,62.0
1772740360.0740838,1059,3.0
1772740366.1066341,1060,105.0
1772740371.2467666,1061,82.0
1772740393.8137164,1062,394.0
1772740408.8104427,1063,238.0
1772740413.6975741,1064,71.0
1772740416.864293,1065,51.0
1772740422.5690796,1066,97.0
1772740425.799299,1067,51.0
1772740430.113295,1068,72.0
1772740436.997598,1069,115.0
1772740442.7758844,1070,94.0
1772740445.9754908,1071,51.0
1772740462.6388533,1072,291.0
1772740477.5286462,1073,243.0
1772740485.3179488,1074,124.0
1772740491.848816,1075,107.0
1772740507.3935664,1076,268.0
1772740526.692911,1077,327.0
1772740533.3279696,1078,96.0
1772740658.6244044,1079,72.0
1772740670.5732455,1080,206.0
1772740676.0578437,1081,81.0
1772740683.7923589,1082,131.0
1772740691.450442,1083,128.0
1772740696.905781,1084,89.0
1772740704.9126863,1085,134.0
1772740713.10134,1086,134.0
1772740718.7354064,1087,91.0
1772740721.1342463,1088,37.0
1772740724.2257595,1089,51.0
1772740728.1610038,1090,64.0
1772740740.1434102,1091,207.0
1772740751.9759629,1092,196.0
1772740755.3611212,1093,47.0
1772740758.6422398,1094,53.0
1772740771.0467353,1095,212.0
1772740774.4004583,1096,45.0
1772740780.67381,1097,107.0
1772740783.8946412,1098,51.0
1772740788.805963,1099,83.0
1772740798.8160794,1100,171.0
1772740801.024573,1101,29.0
1772740806.7423077,1102,99.0
1772740809.9026043,1103,51.0
1772740812.4092007,1104,41.0
1772740817.7854323,1105,91.0
1772740831.3131776,1106,231.0
1772740840.5912101,1107,151.0
1772740843.9594219,1108,51.0
1772740852.2185395,1109,141.0
1772740859.4253325,1110,118.0
1772740859.9068623,1111,1.0
1772740863.4249315,1112,62.0
1772740871.3217902,1113,136.0
1772740884.400509,1114,222.0
1772740895.2483203,1115,179.0
1772740901.9341974,1116,109.0
1772740911.0101793,1117,155.0
1772740914.5040486,1118,51.0
1772740924.0009336,1119,164.0
1772740924.7213154,1120,1.0
1772740933.9096758,1121,162.0
1772740951.064157,1122,293.0
1772740955.0523436,1123,51.0
1772740958.1674962,1124,51.0
1772741079.3545158,1125,51.0
1772741080.377027,1126,13.0
1772741083.3423688,1127,51.0
1772741087.8467112,1128,75.0
1772741095.546039,1129,130.0
1772741104.5782707,1130,150.0
1772741110.1899502,1131,90.0
1772741114.7046611,1132,73.0
1772741118.4649258,1133,61.0
1772741121.6896012,1134,51.0
1772741124.8832643,1135,51.0
1772741128.2891295,1136,55.0
1772741133.6711078,1137,91.0
1772741140.9424205,1138,123.0
1772741146.1131241,1139,84.0
1772741154.885707,1140,149.0
1772741188.6640344,1141,585.0
1772741211.8089032,1142,377.0
1772741218.9114363,1143,101.0
1772741219.9037623,1144,11.0
1772741220.9918954,1145,17.0
1772741236.4031312,1146,272.0
1772741241.1680663,1147,65.0
1772741246.7947721,1148,93.0
1772741250.0951607,1149,51.0
1772741253.2495296,1150,51.0
1772741256.402083,1151,51.0
1772741257.8705378,1152,22.0
1772741269.5929883,1153,205.0
1772741273.3395126,1154,51.0
1772741286.5428123,1155,230.0
1772741301.6742396,1156,256.0
1772741320.9694166,1157,321.0
1772741346.1174042,1158,419.0
1772741352.8315418,1159,90.0
1772741363.6488197,1160,185.0
1772741367.9123669,1161,63.0
1772741380.4951527,1162,219.0
1772741431.5142817,1163,57.0
1772741440.2898414,1164,150.0
1772741443.6801443,1165,51.0
1772741446.7368572,1166,51.0
1772741454.9860883,1167,141.0
1772741468.4082305,1168,227.0
1772741474.751993,1169,100.0
1772741480.577223,1170,97.0
1772741483.899778,1171,51.0
1772741496.8099487,1172,225.0
1772741500.903289,1173,59.0
1772741515.2326996,1174,247.0
1772741525.0872726,1175,159.0
1772741529.33635,1176,65.0
1772741535.1155398,1177,97.0
1772741535.6081047,1178,1.0
1772741554.8006604,1179,336.0
1772741566.145091,1180,179.0
1772741586.5294435,1181,346.0
1772741592.3067312,1182,81.0
1772741605.3172925,1183,224.0
1772741610.0702772,1184,69.0
1772741610.4174967,1185,1.0
1772741614.500842,1186,71.0
1772741617.6318076,1187,51.0
1772741619.9952915,1188,38.0
1772741630.4977543,1189,181.0
1772741640.9307616,1190,171.0
1772741651.2735124,1191,174.0
1772741656.160214,1192,74.0
1772741668.8201005,1193,217.0
1772741672.441356,1194,51.0
1772741684.0892997,1195,202.0
1772741694.048699,1196,162.0
1772741694.7852802,1197,1.0
1772741703.3711312,1198,152.0
1772741709.142816,1199,92.0
1772741712.8792057,1200,59.0
1772741721.175979,1201,141.0
1772741724.7237349,1202,51.0
1772741728.2063754,1203,57.0
1772741880.1592085,1204,326.0
1772741884.3996933,1205,51.0
1772741884.7095096,1206,1.0
1772741885.6157305,1207,15.0
1772741890.1278305,1208,79.0
1772741898.7703583,1209,148.0
1772741908.0318482,1210,154.0
1772741911.457043,1211,51.0
1772741919.4727342,1212,138.0
1772741923.8467565,1213,69.0
1772741926.9872844,1214,51.0
1772741934.5203702,1215,129.0
1772741939.652431,1216,80.0
1772741944.3522227,1217,78.0
1772741951.0876653,1218,113.0
1772741954.2862902,1219,49.0
1772741962.3862028,1220,138.0
1772741975.6168985,1221,223.0
1772741982.0798008,1222,100.0
1772741988.3129833,1223,102.0
1772741994.1694732,1224,95.0
1772742000.0695796,1225,97.0
1772742004.7622724,1226,76.0
1772742009.0462315,1227,71.0
1772742024.265403,1228,264.0
1772742029.0718088,1229,66.0
1772742038.5616684,1230,162.0
1772742043.6379468,1231,80.0
1772742052.3700979,1232,148.0
1772742057.2235441,1233,75.0
1772742060.7554073,1234,57.0
1772742069.4627721,1235,149.0
1772742080.8157125,1236,190.0
1772742084.8498137,1237,57.0
1772742089.1328852,1238,70.0
1772742092.3453624,1239,51.0
1772742101.248276,1240,153.0
1772742112.1356106,1241,180.0
1772742132.5375497,1242,349.0
1772742137.1368122,1243,59.0
1772742141.2643366,1244,68.0
1772742152.0351477,1245,185.0
1772742160.471817,1246,140.0
1772742163.4414034,1247,44.0
1772742256.8698132,1248,136.0
1772742267.8023348,1249,184.0
1772742271.2976348,1250,51.0
1772742281.5446403,1251,176.0
1772742289.0888963,1252,122.0
1772742299.7917297,1253,179.0
1772742304.424503,1254,72.0
1772742309.4452388,1255,84.0
1772742314.6422353,1256,85.0
1772742318.2019982,1257,57.0
1772742327.213205,1258,153.0
1772742336.1108825,1259,146.0
1772742341.5368783,1260,84.0
1772742346.1042402,1261,74.0
1772742360.7484004,1262,251.0
1772742368.719376,1263,125.0
1772742385.9860897,1264,293.0
1772742391.6653726,1265,79.0
1772742394.6874964,1266,48.0
1772742397.7608378,1267,51.0
1772742402.658806,1268,83.0
1772742416.8568847,1269,244.0
1772742420.69117,1270,51.0
1772742429.3567576,1271,150.0
1772742430.4034073,1272,8.0
1772742435.6516533,1273,91.0
1772742445.0183797,1274,158.0
1772742454.305144,1275,153.0
1772742457.8725345,1276,53.0
1772742460.950625,1277,51.0
1772742463.5868123,1278,43.0
1772742474.8821464,1279,196.0
1772742485.647809,1280,177.0
1772742489.1663508,1281,51.0
1772742492.9225745,1282,62.0
1772742502.4868248,1283,165.0
1772742511.0392919,1284,140.0
1772742519.2007563,1285,136.0
1772742522.6356096,1286,51.0
1772742523.760779,1287,16.0
1772742530.9516544,1288,125.0
1772742536.848219,1289,95.0
1772742541.2812214,1290,71.0
1772742544.4843411,1291,51.0
1772742545.8011296,1292,19.0
1772742551.4475982,1293,97.0
1772742686.8353767,1294,1.0
1772742689.9587433,1295,54.0
1772742694.9835608,1296,85.0
1772742702.092933,1297,121.0
1772742718.7444968,1298,287.0
1772742722.833444,1299,56.0
1772742729.2985845,1300,110.0
1772742732.6760929,1301,51.0
1772742736.305713,1302,61.0
1772742744.5215483,1303,140.0
1772742747.9714215,1304,51.0
1772742750.5122075,1305,42.0
1772742756.9204102,1306,111.0
1772742762.4395797,1307,92.0
1772742770.5769045,1308,136.0
1772742772.9216266,1309,31.0
1772742773.1583493,1310,1.0
1772742784.3395047,1311,196.0
1772742803.4644952,1312,324.0
1772742808.4088361,1313,66.0
1772742810.8978174,1314,39.0
1772742813.9352767,1315,51.0
1772742817.0262935,1316,51.0
1772742823.3765419,1317,109.0
1772742832.7264655,1318,156.0
1772742844.7298934,1319,200.0
1772742852.6259542,1320,128.0
1772742871.345265,1321,322.0
1772742877.495961,1322,87.0
1772742882.6429272,1323,84.0
1772742885.9041522,1324,51.0
1772742890.7482612,1325,80.0
1772742894.029738,1326,51.0
1772742897.874441,1327,63.0
1772742906.406319,1328,145.0
1772742918.0433438,1329,197.0
1772742924.3024857,1330,97.0
1772742937.4033709,1331,223.0
1772742944.1940038,1332,104.0
1772742944.683484,1333,1.0
1772742960.347096,1334,274.0
1772742969.8905787,1335,149.0
1772742991.8807032,1336,379.0
1772743134.5873106,1337,118.0
1772743138.5703743,1338,61.0
1772743142.0539243,1339,56.0
1772743154.4585865,1340,215.0
1772743158.192213,1341,51.0
1772743161.3038192,1342,51.0
1772743174.9952896,1343,236.0
1772743186.1062746,1344,180.0
1772743191.0077229,1345,74.0
1772743194.2090473,1346,51.0
1772743202.7430506,1347,145.0
1772743206.9901283,1348,66.0
1772743208.825016,1349,28.0
1772743224.2952423,1350,270.0
1772743231.950079,1351,116.0
1772743236.3208268,1352,70.0
1772743241.869653,1353,92.0
1772743253.8806903,1354,206.0
1772743262.4420877,1355,135.0
1772743270.3047597,1356,130.0
1772743278.8953173,1357,141.0
1772743284.775364,1358,93.0
1772743290.240743,1359,89.0
1772743293.9063685,1360,58.0
1772743296.2807415,1361,38.0
1772743303.4172354,1362,122.0
1772743307.659615,1363,66.0
1772743314.0072985,1364,106.0
1772743320.599641,1365,109.0
1772743324.4408116,1366,61.0
1772743332.6573663,1367,142.0
1772743340.786025,1368,135.0
1772743346.75333,1369,96.0
1772743365.767623,1370,331.0
1772743366.9936156,1371,1.0
1772743372.7690024,1372,101.0
1772743384.145232,1373,194.0
1772743387.8895848,1374,52.0
1772743389.113634,1375,18.0
1772743389.2900982,1376,1.0
1772743395.7537756,1377,113.0
1772743416.8640854,1378,363.0
1772743420.9518409,1379,51.0
1772743429.3711631,1380,144.0
1772743522.7921927,1381,178.0
1772743530.7899556,1382,129.0
1772743549.866287,1383,329.0
1772743554.1363087,1384,51.0
1772743557.9552004,1385,62.0
1772743578.2179763,1386,352.0
1772743583.3391318,1387,68.0
1772743587.952217,1388,75.0
1772743593.3444207,1389,91.0
1772743596.6490445,1390,51.0
1772743600.6247845,1391,66.0
1772743614.0194893,1392,229.0
1772743628.7115152,1393,244.0
1772743639.227143,1394,171.0
1772743643.499284,1395,63.0
1772743652.490577,1396,154.0
1772743664.0693333,1397,195.0
1772743669.09575,1398,76.0
1772743677.922121,1399,150.0
1772743679.0481749,1400,11.0
1772743684.0867734,1401,88.0
1772743698.147767,1402,244.0
1772743711.3395867,1403,214.0
1772743728.7374632,1404,292.0
1772743734.9046,1405,88.0
1772743739.0871718,1406,67.0
1772743746.1801293,1407,121.0
1772743756.049165,1408,165.0
1772743761.368972,1409,80.0
1772743766.995431,1410,93.0
1772743787.2987967,1411,352.0
1772743792.0646186,1412,58.0
1772743801.3916793,1413,160.0
1772743822.0483074,1414,355.0
1772743986.616434,1415,51.0
1772743991.8443935,1416,87.0
1772744001.8325043,1417,170.0
1772744019.0236819,1418,288.0
1772744024.8009825,1419,85.0
1772744028.0903542,1420,51.0
1772744045.092785,1421,294.0
1772744047.8091223,1422,29.0
1772744050.2717104,1423,41.0
1772744050.5114384,1424,1.0
1772744053.4868865,1425,51.0
1772744056.0896506,1426,42.0
1772744065.699623,1427,164.0
1772744069.2833393,1428,51.0
1772744069.5692182,1429,1.0
1772744086.8324623,1430,304.0
1772744090.9346933,1431,51.0
1772744097.9114242,1432,119.0
1772744103.2002456,1433,87.0
1772744120.2255833,1434,294.0
1772744124.2159665,1435,51.0
1772744127.36063,1436,51.0
1772744135.8456326,1437,147.0
1772744136.3857412,1438,1.0
1772744139.3343582,1439,51.0
1772744147.906281,1440,147.0
1772744157.8563607,1441,163.0
1772744161.221312,1442,51.0
1772744168.5964358,1443,126.0
1772744172.2482018,1444,56.0
1772744175.9852324,1445,62.0
1772744191.4492967,1446,270.0
1772744206.0660725,1447,239.0
1772744209.872849,1448,50.0
1772744216.9935372,1449,121.0
1772744227.543734,1450,177.0
1772744244.175338,1451,281.0
1772744251.4383254,1452,109.0
1772744272.7764094,1453,369.0
1772744277.9520934,1454,67.0
1772744339.7285254,1455,51.0
1772744346.11036,1456,108.0
1772744377.6558867,1457,550.0
1772744382.3178644,1458,51.0
1772744392.5767064,1459,176.0
1772744403.2775605,1460,177.0
1772744411.5213308,1461,133.0
1772744419.1360068,1462,125.0
1772744424.839416,1463,90.0
1772744428.1507752,1464,51.0
1772744431.2309177,1465,51.0
1772744441.2876008,1466,174.0
1772744450.305766,1467,146.0
1772744453.8573,1468,51.0
1772744460.1927543,1469,107.0
1772744468.7526517,1470,144.0
1772744473.2804222,1471,71.0
1772744476.426766,1472,51.0
1772744481.818164,1473,91.0
1772744485.0569274,1474,51.0
1772744493.6229846,1475,147.0
1772744499.6092298,1476,97.0
1772744510.4882245,1477,184.0
1772744522.1288984,1478,192.0
1772744525.6893108,1479,51.0
1772744528.8421228,1480,51.0
1772744554.1063619,1481,443.0
1772744573.6969922,1482,318.0
1772744579.6734571,1483,84.0
1772744589.4145892,1484,167.0
1772744603.635131,1485,241.0
1772744615.2634137,1486,189.0
1772744619.6022,1487,65.0
1772744625.3796551,1488,97.0
1772744638.7675164,1489,229.0
1772744804.6742253,1490,84.0
1772744815.99403,1491,192.0
1772744819.6660993,1492,51.0
1772744827.054682,1493,126.0
1772744830.4700887,1494,53.0
1772744842.6669805,1495,212.0
1772744862.4143465,1496,336.0
1772744870.9303997,1497,128.0
1772744879.7683864,1498,146.0
1772744880.9841099,1499,13.0
1772744884.5687473,1500,62.0
1772744924.3518429,1501,701.0
1772744933.0733225,1502,105.0
1772744941.430699,1503,139.0
1772744953.9748554,1504,212.0
1772744970.276581,1505,274.0
1772744979.7500677,1506,149.0
1772744992.3628345,1507,212.0
1772745018.8409972,1508,455.0
1772745024.8653216,1509,73.0
1772745036.4306862,1510,197.0
1772745043.5357924,1511,112.0
1772745056.929139,1512,226.0
1772745064.848533,1513,124.0
1772745076.1835685,1514,193.0
1772745084.3792915,1515,130.0
1772745091.738075,1516,121.0
1772745095.6907575,1517,62.0
1772745101.8638732,1518,104.0
1772745203.4337115,1519,1.0
1772745207.273703,1520,66.0
1772745213.0193253,1521,96.0
1772745220.237579,1522,123.0
1772745224.561251,1523,69.0
1772745227.888202,1524,53.0
1772745232.7954159,1525,82.0
1772745237.8162985,1526,82.0
1772745249.0645149,1527,195.0
1772745253.6078963,1528,69.0
1772745257.9712994,1529,71.0
1772745272.9829488,1530,257.0
1772745279.3838055,1531,97.0
1772745292.3229825,1532,220.0
1772745296.8988252,1533,65.0
1772745301.1737268,1534,70.0
1772745308.4947336,1535,125.0
1772745325.9367015,1536,298.0
1772745344.8014944,1537,313.0
1772745354.8403509,1538,156.0
1772745372.0162635,1539,293.0
1772745376.3219295,1540,58.0
1772745387.5269535,1541,191.0
1772745419.2006807,1542,547.0
1772745434.6307294,1543,240.0
1772745450.2148232,1544,259.0
1772745462.704882,1545,204.0
1772745475.8877919,1546,220.0
1772745479.832837,1547,54.0
1772745486.119336,1548,107.0
1772745498.0661418,1549,205.0
1772745502.9563165,1550,72.0
1772745515.471817,1551,216.0
1772745602.945326,1552,72.0
1772745603.9364007,1553,13.0
1772745612.4232829,1554,149.0
1772745615.8728888,1555,51.0
1772745626.3422792,1556,180.0
1772745630.0000777,1557,51.0
1772745640.4742362,1558,182.0
1772745645.8183331,1559,83.0
1772745647.6432853,1560,25.0
1772745650.9902275,1561,57.0
1772745664.6407876,1562,238.0
1772745669.6893954,1563,73.0
1772745675.8577952,1564,103.0
1772745680.9526207,1565,81.0
1772745684.256164,1566,51.0
1772745687.4105978,1567,51.0
1772745691.9782577,1568,76.0
1772745713.2416723,1569,366.0
1772745717.6404905,1570,51.0
1772745720.8114853,1571,51.0
1772745726.5190928,1572,97.0
1772745746.0739255,1573,335.0
1772745754.3405886,1574,123.0
1772745787.9734445,1575,587.0
1772745793.8654234,1576,69.0
1772745799.9725838,1577,102.0
1772745804.5827243,1578,74.0
1772745814.6568031,1579,174.0
1772745821.6692805,1580,114.0
1772745826.6192305,1581,80.0
1772745828.7452781,1582,31.0
1772745848.954595,1583,353.0
1772745867.5687964,1584,306.0
1772745874.6624947,1585,105.0
1772745878.0390723,1586,51.0
1772745881.1357443,1587,51.0
1772745894.7269778,1588,238.0
1772746003.0786405,1589,53.0
1772746007.1827781,1590,68.0
1772746012.9220467,1591,96.0
1772746020.6967657,1592,129.0
1772746027.1689835,1593,105.0
1772746036.655013,1594,160.0
1772746040.2813623,1595,51.0
1772746046.913431,1596,111.0
1772746053.3055298,1597,105.0
1772746056.5764446,1598,51.0
1772746059.685941,1599,51.0
1772746063.2224631,1600,58.0
1772746071.2729206,1601,138.0
1772746076.1842816,1602,76.0
1772746077.4561987,1603,16.0
1772746080.747623,1604,57.0
1772746094.6514583,1605,242.0
1772746100.7843192,1606,93.0
1772746104.0648441,1607,51.0
1772746107.8317952,1608,62.0
1772746113.391014,1609,95.0
1772746115.2913978,1610,28.0
1772746117.6001952,1611,38.0
1772746128.0558348,1612,181.0
1772746138.0901253,1613,164.0
1772746142.3996868,1614,66.0
1772746145.5990975,1615,53.0
1772746148.7055864,1616,51.0
1772746152.6465464,1617,66.0
1772746165.7392163,1618,227.0
1772746172.711369,1619,106.0
1772746178.7840128,1620,100.0
1772746187.714008,1621,150.0
1772746194.448717,1622,107.0
1772746203.8173053,1623,158.0
1772746207.781468,1624,61.0
1772746210.911595,1625,51.0
1772746214.595822,1626,62.0
1772746226.8818853,1627,211.0
1772746231.9603126,1628,74.0
1772746240.7304628,1629,151.0
1772746250.7677927,1630,167.0
1772746254.351872,1631,51.0
1772746258.736237,1632,73.0
1772746263.9928725,1633,88.0
1772746269.4216835,1634,91.0
1772746272.622778,1635,51.0
1772746276.2492075,1636,60.0
1772746277.1448648,1637,11.0
1772746284.2889538,1638,123.0
1772746298.2215781,1639,237.0
1772746413.446587,1640,171.0
1772746422.5509946,1641,150.0
1772746429.1351435,1642,105.0
1772746433.4747512,1643,68.0
1772746466.0672076,1644,573.0
1772746477.536428,1645,166.0
1772746485.169297,1646,123.0
1772746499.6400065,1647,244.0
1772746525.6876478,1648,446.0
1772746530.6622417,1649,59.0
1772746533.7551787,1650,51.0
1772746538.896795,1651,88.0
1772746542.0794005,1652,51.0
1772746550.1375492,1653,139.0
1772746551.049126,1654,5.0
1772746555.3218057,1655,73.0
1772746557.288342,1656,29.0
1772746571.8414505,1657,255.0
1772746579.4580176,1658,119.0
1772746590.9938831,1659,193.0
1772746593.0948145,1660,27.0
1772746596.2393117,1661,53.0
1772746601.7617438,1662,94.0
1772746620.7717257,1663,329.0
1772746652.0368135,1664,530.0
1772746664.3003438,1665,186.0
1772746670.1374307,1666,93.0
1772746674.336579,1667,66.0
1772746687.3517554,1668,225.0
1772746688.2872505,1669,2.0
1772746697.5626676,1670,163.0
1772746698.3087058,1671,1.0
1772746701.2728457,1672,51.0
1772746707.3549087,1673,103.0
1772746801.2229767,1674,123.0
1772746808.1764765,1675,115.0
1772746808.630931,1676,1.0
1772746815.753962,1677,125.0
1772746827.226807,1678,192.0
1772746830.8085756,1679,50.0
1772746837.313167,1680,110.0
1772746850.6326697,1681,228.0
1772746854.4914944,1682,51.0
1772746860.5753856,1683,103.0
1772746862.566497,1684,28.0
1772746866.6542974,1685,70.0
1772746874.5993028,1686,136.0
1772746878.9781396,1687,68.0
1772746893.549402,1688,253.0
1772746911.9462743,1689,309.0
1772746920.7842844,1690,137.0
1772746933.8802683,1691,224.0
1772746938.7214565,1692,71.0
1772746941.9535222,1693,51.0
1772746957.1444223,1694,266.0
1772746961.4121156,1695,61.0
1772746965.0473137,1696,61.0
1772746972.2892249,1697,123.0
1772746979.0488284,1698,111.0
1772746997.938485,1699,329.0
1772747000.0390909,1700,12.0
1772747004.8012748,1701,81.0
1772747009.4310195,1702,75.0
1772747025.6242776,1703,282.0
1772747032.074873,1704,94.0
1772747035.4183068,1705,51.0
1772747053.9382825,1706,324.0
1772747134.5175686,1707,1404.0
1772747257.4561138,1708,43.0
1772747276.7536714,1709,338.0
1772747285.735804,1710,137.0
1772747294.7194023,1711,151.0
1772747303.994863,1712,153.0
1772747353.211137,1713,856.0
1772747360.152911,1714,68.0
1772747365.472998,1715,88.0
1772747367.0648866,1716,21.0
1772747381.764699,1717,258.0
1772747389.3049572,1718,117.0
1772747395.627909,1719,103.0
1772747398.9904537,1720,51.0
1772747402.8809109,1721,66.0
1772747406.9203365,1722,67.0
1772747412.4492712,1723,93.0
1772747421.562154,1724,155.0
1772747422.2184596,1725,1.0
1772747437.4944668,1726,269.0
1772747448.1117957,1727,170.0
1772747456.6816702,1728,138.0
1772747461.5190136,1729,74.0
1772747470.6065307,1730,156.0
1772747477.735174,1731,115.0
1772747482.3219292,1732,72.0
1772747487.4169698,1733,84.0
1772747494.1375675,1734,112.0
1772747501.5687728,1735,125.0
1772747506.3959174,1736,77.0
1772747508.0327685,1737,22.0
1772747520.7674387,1738,221.0
1772747620.9291008,1739,53.0
1772747636.5687134,1740,271.0
1772747666.0578394,1741,502.0
1772747671.131661,1742,56.0
1772747684.4977493,1743,235.0
1772747693.600701,1744,145.0
1772747697.8187609,1745,64.0
1772747715.4646733,1746,307.0
1772747721.4962988,1747,85.0
1772747724.8006184,1748,52.0
1772747727.9373758,1749,51.0
1772747743.3198485,1750,270.0
1772747751.7517078,1751,132.0
1772747762.0827827,1752,173.0
1772747770.2554138,1753,135.0
1772747775.3777196,1754,83.0
1772747787.8409863,1755,213.0
1772747788.6532736,1756,1.0
1772747793.249404,1757,80.0
1772747802.4264293,1758,157.0
1772747806.116073,1759,56.0
1772747806.4995327,1760,2.0
1772747834.7106564,1761,497.0
1772747839.5601108,1762,51.0
1772747846.3618605,1763,115.0
1772747856.8884332,1764,178.0
1772747868.7824757,1765,201.0
1772747869.6104283,1766,1.0
1772747874.0258846,1767,77.0
1772747879.889297,1768,98.0
1772747883.287569,1769,54.0
1772747891.7357519,1770,147.0
1772747898.1851306,1771,106.0
1772747901.5554333,1772,51.0
1772747904.7476451,1773,51.0
1772747907.906236,1774,51.0
1772747911.00256,1775,51.0
1772748078.250008,1776,64.0
1772748087.2337568,1777,153.0
1772748099.183487,1778,202.0
1772748102.789476,1779,51.0
1772748109.601876,1780,116.0
1772748122.0251503,1781,212.0
1772748148.8977911,1782,468.0
1772748164.0101478,1783,240.0
1772748167.7056653,1784,51.0
1772748178.027421,1785,178.0
1772748192.94472,1786,256.0
1772748198.7304344,1787,87.0
1772748204.3844318,1788,93.0
1772748207.705557,1789,51.0
1772748215.0251212,1790,127.0
1772748220.9667113,1791,98.0
1772748224.167447,1792,51.0
1772748233.6662376,1793,165.0
1772748240.3338585,1794,106.0
1772748245.5678723,1795,86.0
1772748251.0008566,1796,91.0
1772748257.867023,1797,115.0
1772748278.2458346,1798,351.0
1772748284.8132956,1799,95.0
1772748321.314299,1800,637.0
1772748333.1923048,1801,165.0
1772748336.7269645,1802,52.0
1772748339.7993343,1803,51.0
1772748357.4501646,1804,306.0
1772748367.7443361,1805,158.0
1772748372.82328,1806,80.0
1772748382.9950132,1807,173.0
1772748454.6586967,1808,1.0
1772748468.4664164,1809,243.0
1772748473.6504781,1810,72.0
1772748490.2716804,1811,290.0
1772748500.407195,1812,163.0
1772748515.160077,1813,250.0
1772748522.1121984,1814,109.0
1772748541.6327343,1815,337.0
1772748560.226986,1816,306.0
1772748570.199106,1817,154.0
1772748579.042116,1818,148.0
1772748582.459212,1819,52.0
1772748585.5133853,1820,51.0
1772748588.641565,1821,51.0
1772748597.1468604,1822,144.0
1772748600.6871083,1823,51.0
1772748612.4798515,1824,205.0
1772748618.4097798,1825,91.0
1772748629.094394,1826,180.0
1772748639.7501645,1827,178.0
1772748652.8256116,1828,220.0
1772748660.773775,1829,125.0
1772748678.1917531,1830,300.0
1772748683.6483605,1831,75.0
1772748688.8238046,1832,86.0
1772748700.0334117,1833,194.0
1772748702.5000656,1834,33.0
1772748705.5207303,1835,51.0
1772748710.342634,1836,81.0
1772748713.328204,1837,46.0
1772748723.7565653,1838,181.0
1772748733.5268054,1839,163.0
1772748738.299236,1840,75.0
1772748741.4762266,1841,51.0
1772748746.1516175,1842,79.0
1772748755.2061007,1843,155.0
1772748829.2339797,1844,66.0
1772748841.1142793,1845,204.0
1772748850.3497963,1846,152.0
1772748851.360133,1847,9.0
1772748866.741733,1848,270.0
1772748869.3826983,1849,27.0
1772748884.9995096,1850,275.0
1772748888.9529338,1851,51.0
1772748895.2886684,1852,107.0
1772748899.7027614,1853,69.0
1772748918.7898846,1854,333.0
1772748923.0001543,1855,51.0
1772748926.1775155,1856,51.0
1772748944.6847641,1857,323.0
1772748948.801206,1858,51.0
1772748954.279305,1859,91.0
1772748959.0860147,1860,78.0
1772748965.6431282,1861,113.0
1772748972.4805603,1862,116.0
1772748983.8976479,1863,194.0
1772748986.5302484,1864,33.0
1772749006.146101,1865,345.0
1772749014.025304,1866,115.0
1772749022.1790936,1867,135.0
1772749026.3824449,1868,67.0
1772749050.3093884,1869,420.0
1772749060.4884636,1870,156.0
1772749061.0784006,1871,1.0
1772749076.137145,1872,267.0
1772749080.0570347,1873,51.0
1772749090.1512039,1874,176.0
1772749105.7524626,1875,266.0
1772749111.6871104,1876,87.0
1772749116.6954372,1877,84.0
1772749126.4731293,1878,169.0
1772749232.4284759,1879,55.0
1772749241.440193,1880,156.0
1772749247.3293939,1881,95.0
1772749250.6166413,1882,51.0
1772749253.7861588,1883,51.0
1772749256.939366,1884,51.0
1772749257.2576196,1885,1.0
1772749263.2058423,1886,104.0
1772749272.0009935,1887,149.0
1772749276.7526412,1888,75.0
1772749280.2984118,1889,57.0
1772749288.4799025,1890,139.0
1772749297.5693405,1891,153.0
1772749302.8390567,1892,85.0
1772749307.5287988,1893,77.0
1772749311.014759,1894,55.0
1772749318.3951497,1895,126.0
1772749343.1053314,1896,431.0
1772749350.7437475,1897,105.0
1772749356.9828167,1898,104.0
1772749363.7486074,1899,114.0
1772749373.6660702,1900,167.0
1772749381.9837334,1901,135.0
1772749390.1355758,1902,137.0
1772749393.4859648,1903,51.0
1772749405.167761,1904,202.0
1772749408.813771,1905,51.0
1772749415.539409,1906,116.0
1772749424.1923957,1907,147.0
1772749437.537072,1908,224.0
1772749447.3837645,1909,161.0
1772749474.1437135,1910,463.0
1772749486.0810623,1911,183.0
1772749492.690424,1912,103.0
1772749496.6162837,1913,61.0
1772749499.8073285,1914,51.0
1772749506.3902662,1915,113.0
1772749515.651623,1916,157.0
1772749526.2096417,1917,174.0
1772749594.2404697,1918,82.0
1772749597.4026735,1919,51.0
1772749604.761336,1920,126.0
1772749608.155138,1921,51.0
1772749618.0213575,1922,170.0
1772749630.5430014,1923,214.0
1772749641.5376897,1924,183.0
1772749653.3591287,1925,197.0
1772749654.0561893,1926,1.0
1772749658.9976454,1927,87.0
1772749679.2963958,1928,352.0
1772749681.4538198,1929,17.0
1772749683.5844052,1930,36.0
1772749698.4034896,1931,260.0
1772749705.4593956,1932,108.0
1772749711.7169914,1933,103.0
1772749715.1506934,1934,55.0
1772749737.0813463,1935,386.0
1772749752.4397225,1936,248.0
1772749763.0639544,1937,174.0
1772749766.6976197,1938,51.0
1772749770.6616406,1939,66.0
1772749773.6547348,1940,48.0
1772749776.758912,1941,51.0
1772749781.0465794,1942,73.0
1772749790.84108,1943,169.0
1772749798.2181199,1944,117.0
1772749823.1298218,1945,433.0
1772749828.4153993,1946,63.0
1772749839.9583058,1947,201.0
1772749843.506782,1948,51.0
1772749847.0236723,1949,58.0
1772749858.4632735,1950,198.0
1772749861.974683,1951,51.0
1772749869.4077027,1952,128.0
1772749875.6265385,1953,102.0
1772749883.365561,1954,128.0
1772749889.632247,1955,101.0
1772749961.1835546,1956,216.0
1772749970.200947,1957,148.0
1772749980.8707328,1958,177.0
1772749986.7109056,1959,93.0
1772749991.696404,1960,83.0
1772750003.7607567,1961,208.0
1772750007.543731,1962,53.0
1772750013.303426,1963,98.0
1772750023.5872028,1964,177.0
1772750024.2474027,1965,1.0
1772750027.118127,1966,50.0
1772750031.2344465,1967,68.0
1772750038.6315832,1968,123.0
1772750042.8282332,1969,67.0
1772750047.0538406,1970,71.0
1772750050.2253947,1971,51.0
1772750050.880496,1972,8.0
1772750053.9985318,1973,54.0
1772750063.64348,1974,166.0
1772750064.389457,1975,1.0
1772750071.5651252,1976,126.0
1772750083.4618216,1977,203.0
1772750092.1629863,1978,142.0
1772750099.025199,1979,109.0
1772750110.967101,1980,206.0
1772750114.9900703,1981,59.0
1772750115.3276925,1982,1.0
1772750118.7710686,1983,59.0
1772750128.037524,1984,159.0
1772750134.5667818,1985,106.0
1772750137.8072488,1986,51.0
1772750139.1378536,1987,20.0
1772750143.9038408,1988,82.0
1772750148.984316,1989,84.0
1772750172.7207332,1990,412.0
1772750178.4372787,1991,76.0
1772750183.5697815,1992,84.0
1772750188.641422,1993,82.0
1772750194.6788726,1994,102.0
1772750197.8928635,1995,51.0
1772750200.9731376,1996,51.0
1772750216.4495428,1997,268.0
1772750221.1195185,1998,64.0
1772750224.2471485,1999,51.0
1772750227.8077536,2000,60.0
1772750239.8091772,2001,208.0
1772750243.601827,2002,51.0
1772750254.5190983,2003,189.0
1772750411.3132608,2004,191.0
1772750411.9772532,2005,1.0
1772750414.8839662,2006,51.0
1772750425.059514,2007,173.0
1772750429.1837435,2008,60.0
1772750438.1591382,2009,155.0
1772750441.5676014,2010,51.0
1772750449.483481,2011,136.0
1772750452.9537094,2012,51.0
1772750464.4064078,2013,200.0
1772750470.8393435,2014,103.0
1772750500.0575745,2015,509.0
1772750511.960066,2016,180.0
1772750521.8878727,2017,162.0
1772750527.1085598,2018,84.0
1772750532.6420045,2019,93.0
1772750542.2878017,2020,164.0
1772750549.1751442,2021,109.0
1772750554.4235861,2022,86.0
1772750579.168296,2023,431.0
1772750587.440338,2024,118.0
1772750590.7540162,2025,51.0
1772750611.0774105,2026,357.0
1772750620.5886478,2027,147.0
1772750637.1051378,2028,283.0
1772750641.1440518,2029,51.0
1772750645.0065796,2030,65.0
1772750648.118986,2031,51.0
1772750652.1522682,2032,68.0
1772750655.8425663,2033,61.0
1772750660.1199944,2034,71.0
1772750664.5878444,2035,73.0
1772750674.9499757,2036,178.0
1772750679.3459492,2037,68.0
1772750694.7625444,2038,267.0
1772750793.3529193,2039,149.0
1772750796.7607126,2040,51.0
1772750804.768754,2041,139.0
1772750818.3606868,2042,228.0
1772750832.0995858,2043,230.0
1772750836.282058,2044,60.0
1772750842.3618186,2045,101.0
1772750844.6235876,2046,31.0
1772750853.0403228,2047,146.0
1772750856.774927,2048,57.0
1772750864.6310165,2049,135.0
1772750869.8074439,2050,82.0
1772750874.4900882,2051,76.0
1772750882.8741307,2052,142.0
1772750887.0967913,2053,67.0
1772750891.1092634,2054,67.0
1772750902.7278755,2055,200.0
1772750908.0163848,2056,79.0
1772750913.8829124,2057,99.0
1772750918.4641454,2058,75.0
1772750920.728967,2059,35.0
1772750931.665643,2060,192.0
1772750943.654253,2061,198.0
1772750956.0797408,2062,208.0
1772750961.378412,2063,79.0
1772750961.7924654,2064,1.0
1772750964.7297819,2065,51.0
1772750967.6274333,2066,46.0
1772750968.0374343,2067,3.0
1772750976.4157553,2068,148.0
1772750984.0702832,2069,127.0
1772750985.6897178,2070,20.0
1772750989.6806946,2071,68.0
1772750998.6295054,2072,153.0
1772751002.2458854,2073,55.0
1772751014.0986664,2074,209.0
1772751017.7313118,2075,51.0
1772751027.5860047,2076,169.0
1772751031.2227511,2077,53.0
1772751045.934888,2078,257.0
1772751052.8475132,2079,103.0
1772751061.1354125,2080,138.0
1772751066.2314384,2081,82.0
1772751071.9034595,2082,95.0
1772751072.3112557,2083,1.0
1772751075.648754,2084,58.0
1772751086.9060912,2085,192.0
1772751152.6721373,2086,53.0
1772751159.5048118,2087,117.0
1772751165.552833,2088,99.0
1772751173.7444932,2089,136.0
1772751176.7591703,2090,43.0
1772751179.9102762,2091,52.0
1772751186.8094692,2092,119.0
1772751190.630156,2093,61.0
1772751191.5894082,2094,12.0
1772751195.9524386,2095,76.0
1772751201.4181988,2096,91.0
1772751206.106313,2097,76.0
1772751215.249014,2098,157.0
1772751223.3832448,2099,137.0
1772751224.0231938,2100,3.0
1772751234.0819561,2101,176.0
1772751252.1414278,2102,309.0
1772751261.4872897,2103,147.0
1772751270.597952,2104,151.0
1772751275.2643359,2105,74.0
1772751283.2467647,2106,137.0
1772751289.839373,2107,109.0
1772751295.251178,2108,86.0
1772751298.583687,2109,51.0
1772751306.0948942,2110,130.0
1772751312.038469,2111,98.0
1772751315.5538929,2112,57.0
1772751318.689408,2113,51.0
1772751322.3377888,2114,60.0
1772751331.4627929,2115,156.0
1772751347.8095143,2116,281.0
1772751359.285527,2117,182.0
1772751360.9835858,2118,19.0
1772751369.3352656,2119,146.0
1772751387.416204,2120,310.0
1772751391.5197637,2121,51.0
1772751399.8567777,2122,144.0
1772751404.8557796,2123,80.0
1772751405.2608829,2124,1.0
1772751410.8349338,2125,97.0
1772751414.7367978,2126,61.0
1772751417.8955915,2127,51.0
1772751430.2467873,2128,215.0
1772751451.4800498,2129,362.0
1772751564.0473216,2130,126.0
1772751570.817134,2131,111.0
1772751574.054921,2132,51.0
1772751577.1519256,2133,51.0
1772751581.751043,2134,78.0
1772751585.4225957,2135,60.0
1772751588.6096668,2136,51.0
1772751594.4797351,2137,99.0
1772751603.0946538,2138,145.0
1772751609.80804,2139,111.0
1772751613.0696259,2140,51.0
1772751626.8522384,2141,241.0
1772751636.9186158,2142,163.0
1772751641.935019,2143,80.0
1772751642.726826,2144,9.0
1772751648.2259536,2145,96.0
1772751656.032887,2146,131.0
1772751667.6304622,2147,195.0
1772751671.306415,2148,53.0
1772751677.3059223,2149,103.0
1772751681.2035606,2150,60.0
1772751685.0669196,2151,63.0
1772751689.7777781,2152,78.0
1772751696.6945877,2153,117.0
1772751699.9827406,2154,51.0
1772751703.871797,2155,65.0
1772751710.1771424,2156,106.0
1772751715.0004992,2157,76.0
1772751726.8112717,2158,202.0
1772751737.4009123,2159,176.0
1772751742.0563896,2160,69.0
1772751747.9272165,2161,98.0
1772751753.4250782,2162,92.0
1772751758.1191068,2163,78.0
1772751787.4561288,2164,515.0
1772751794.7019665,2165,96.0
1772751798.0421705,2166,51.0
1772751801.505818,2167,56.0
1772751812.8138714,2168,195.0
1772751820.197622,2169,121.0
1772751822.5201566,2170,34.0
1772751825.0978794,2171,43.0
1772751825.3791206,2172,1.0
1772751833.188774,2173,137.0
1772751836.9328246,2174,55.0
1772751840.0778358,2175,51.0
1772751848.7272534,2176,150.0
1772751855.2091172,2177,106.0
1772751861.15754,2178,97.0
1772751965.4882224,2179,101.0
1772751971.1195352,2180,93.0
1772751982.5518274,2181,195.0
1772751987.7668524,2182,77.0
1772752000.8256423,2183,226.0
1772752009.1435926,2184,131.0
1772752050.4983866,2185,717.0
1772752064.825513,2186,213.0
1772752068.654962,2187,51.0
1772752075.307231,2188,113.0
1772752079.6790142,2189,68.0
1772752084.384309,2190,78.0
1772752090.286379,2191,100.0
1772752092.618215,2192,35.0
1772752095.0171275,2193,39.0
1772752095.2901943,2194,1.0
1772752099.7787392,2195,78.0
1772752109.7193134,2196,169.0
1772752113.2083597,2197,51.0
1772752116.8970795,2198,62.0
1772752128.1134155,2199,196.0
1772752144.0786538,2200,268.0
1772752150.3186831,2201,94.0
1772752159.265383,2202,152.0
1772752165.2028348,2203,93.0
1772752168.5348608,2204,51.0
1772752169.7107108,2205,17.0
1772752181.037479,2206,200.0
1772752188.090577,2207,113.0
1772752191.4950757,2208,51.0
1772752204.9609234,2209,234.0
1772752213.4639852,2210,137.0
1772752225.0966408,2211,197.0
1772752232.7433016,2212,122.0
1772752236.1002817,2213,51.0
1772752244.629761,2214,147.0
1772752252.8673847,2215,134.0
1772752256.4200711,2216,51.0
1772752266.2417092,2217,170.0
1772752330.487267,2218,102.0
1772752336.8014824,2219,105.0
1772752337.3357437,2220,1.0
1772752340.3204339,2221,51.0
1772752349.695012,2222,161.0
1772752353.1511343,2223,51.0
1772752356.2618973,2224,51.0
1772752364.4625194,2225,142.0
1772752373.901118,2226,157.0
1772752374.600415,2227,1.0
1772752381.6874218,2228,125.0
1772752386.150297,2229,71.0
1772752386.591806,2230,3.0
1772752390.9689283,2231,77.0
1772752395.799248,2232,80.0
1772752411.6299238,2233,273.0
1772752429.9762244,2234,308.0
1772752445.5732028,2235,254.0
1772752451.979407,2236,98.0
1772752457.8163114,2237,97.0
1772752460.4322476,2238,38.0
1772752465.545327,2239,86.0
1772752468.807137,2240,51.0
1772752473.8149974,2241,85.0
1772752477.124,2242,53.0
1772752484.6628916,2243,130.0
1772752500.1601734,2244,263.0
1772752510.5821004,2245,170.0
1772752517.314702,2246,107.0
1772752526.7293642,2247,157.0
1772752527.4626162,2248,1.0
1772752540.0180178,2249,222.0
1772752544.9703567,2250,75.0
1772752553.728135,2251,147.0
1772752557.561601,2252,55.0
1772752563.9393666,2253,108.0
1772752567.1942666,2254,51.0
1772752570.3055952,2255,51.0
1772752587.450231,2256,299.0
1772752591.487493,2257,51.0
1772752592.7115602,2258,18.0
1772752596.2880561,2259,61.0
1772752596.5826035,2260,1.0
1772752603.0662837,2261,114.0
1772752606.3619742,2262,51.0
1772752617.4279823,2263,190.0
1772752755.1701105,2264,136.0
1772752772.8085604,2265,302.0
1772752783.113113,2266,164.0
1772752792.316272,2267,152.0
1772752795.8328297,2268,51.0
1772752799.73571,2269,64.0
1772752815.931637,2270,284.0
1772752825.2493725,2271,144.0
1772752829.007293,2272,56.0
1772752832.0799813,2273,51.0
1772752840.8652732,2274,153.0
1772752848.3860118,2275,123.0
1772752851.0575705,2276,37.0
1772752855.6727111,2277,77.0
1772752861.590746,2278,98.0
1772752870.3351445,2279,149.0
1772752877.3861337,2280,116.0
1772752882.5058095,2281,82.0
1772752890.1889484,2282,129.0
1772752896.009242,2283,95.0
1772752911.2243018,2284,263.0
1772752919.6305354,2285,129.0
1772752923.0858204,2286,52.0
1772752928.1270466,2287,86.0
1772752935.535673,2288,125.0
1772752942.5763726,2289,114.0
1772752946.5362964,2290,61.0
1772752949.8980873,2291,55.0
1772752955.6210954,2292,97.0
1772752959.2724388,2293,58.0
1772752964.183534,2294,83.0
1772752969.1311626,2295,81.0
1772752973.0963402,2296,63.0
1772752976.578437,2297,55.0
1772752996.0567126,2298,340.0
1772753002.669761,2299,92.0
1772753009.986377,2300,121.0
1772753020.9976923,2301,186.0
1772753028.5354824,2302,122.0
1772753034.1129467,2303,89.0
1772753044.5265174,2304,178.0
1772753048.5522244,2305,60.0
1772753056.4901583,2306,137.0
1772753166.4890375,2307,115.0
1772753181.5468476,2308,257.0
1772753188.582929,2309,105.0
1772753197.5532882,2310,152.0
1772753205.456791,2311,130.0
1772753218.9451551,2312,226.0
1772753225.1520596,2313,97.0
1772753237.3848443,2314,210.0
1772753244.0982199,2315,103.0
1772753263.3847136,2316,333.0
1772753270.7157733,2317,107.0
1772753274.8275468,2318,63.0
1772753283.5198007,2319,148.0
1772753312.5193381,2320,502.0
1772753318.3817945,2321,72.0
1772753321.9449463,2322,58.0
1772753330.6429718,2323,147.0
1772753336.2677054,2324,87.0
1772753336.7092073,2325,1.0
1772753339.6053972,2326,51.0
1772753349.865709,2327,180.0
1772753353.3680735,2328,51.0
1772753357.9276106,2329,76.0
1772753371.9105892,2330,242.0
1772753384.3443298,2331,206.0
1772753387.9619792,2332,51.0
1772753393.2628078,2333,89.0
1772753396.5793667,2334,51.0
1772753403.9762478,2335,127.0
1772753413.8797789,2336,168.0
1772753414.5706887,2337,1.0
1772753420.3975992,2338,102.0
1772753420.9296758,2339,1.0
1772753425.5941696,2340,81.0
1772753438.037854,2341,214.0
1772753444.2743714,2342,98.0
1772753447.584218,2343,52.0
1772753450.730241,2344,51.0
1772753453.8887486,2345,51.0
1772753458.400658,2346,75.0
1772753540.5763361,2347,159.0
1772753546.6894011,2348,96.0
1772753553.1834087,2349,107.0
1772753556.4411392,2350,51.0
1772753580.3842752,2351,417.0
1772753586.4470725,2352,79.0
1772753595.6218941,2353,157.0
1772753605.5582175,2354,164.0
1772753618.9695935,2355,225.0
1772753624.1210778,2356,77.0
1772753627.2802873,2357,51.0
1772753639.7272024,2358,218.0
1772753654.623074,2359,251.0
1772753663.8211136,2360,146.0
1772753682.5412507,2361,320.0
1772753686.830508,2362,54.0
1772753690.2135506,2363,55.0
1772753694.6491237,2364,73.0
1772753698.8635905,2365,68.0
1772753702.8062067,2366,64.0
1772753709.495812,2367,113.0
1772753716.4003942,2368,115.0
1772753728.5269873,2369,205.0
1772753732.1691146,2370,51.0
1772753743.024191,2371,189.0
1772753749.2274718,2372,98.0
1772753749.7206695,2373,1.0
1772753758.4058125,2374,152.0
1772753767.6303637,2375,154.0
1772753775.137961,2376,121.0
1772753786.6422284,2377,191.0
1772753791.5438797,2378,71.0
1772753794.7349956,2379,51.0
1772753806.1173007,2380,196.0
1772753809.8577547,2381,51.0
1772753813.4538875,2382,58.0
1772753821.0013099,2383,127.0
1772753830.6240685,2384,162.0
1772753850.1817188,2385,334.0
1772753931.1296377,2386,12.0
1772753936.186654,2387,87.0
1772753942.194037,2388,99.0
1772753945.4134493,2389,51.0
1772753949.1844313,2390,63.0
1772753958.5619318,2391,161.0
1772753986.0658615,2392,474.0
1772753990.8623884,2393,51.0
1772753996.9517188,2394,103.0
1772754005.2339728,2395,139.0
1772754008.5767224,2396,51.0
1772754012.822886,2397,71.0
1772754023.920757,2398,190.0
1772754031.272203,2399,114.0
1772754042.7836597,2400,197.0
1772754044.5183496,2401,17.0
1772754054.289066,2402,169.0
1772754060.710487,2403,100.0
1772754063.960001,2404,51.0
1772754067.1049688,2405,51.0
1772754078.3225746,2406,193.0
1772754084.5948896,2407,95.0
1772754090.807529,2408,101.0
1772754094.2181103,2409,53.0
1772754097.333074,2410,51.0
1772754100.4550574,2411,51.0
1772754103.5371351,2412,51.0
1772754108.01562,2413,75.0
1772754111.9621055,2414,63.0
1772754122.5846078,2415,181.0
1772754126.391822,2416,55.0
1772754126.6790807,2417,1.0
1772754129.62268,2418,51.0
1772754131.1542614,2419,23.0
1772754138.1835012,2420,122.0
1772754147.3054407,2421,150.0
1772754151.1608343,2422,57.0
1772754158.3690553,2423,123.0
1772754163.559638,2424,84.0
1772754166.7843647,2425,51.0
1772754169.9540746,2426,51.0
1772754185.2619162,2427,265.0
1772754197.4486043,2428,199.0
1772754198.3055134,2429,1.0
1772754203.4341643,2430,90.0
1772754206.7708435,2431,51.0
1772754216.1778579,2432,162.0
1772754272.375695,2433,51.0
1772754285.5837643,2434,230.0
1772754295.0832403,2435,150.0
1772754298.9718747,2436,58.0
1772754316.1708567,2437,302.0
1772754320.2783334,2438,51.0
1772754333.4075682,2439,225.0
1772754344.639453,2440,184.0
1772754346.6420836,2441,23.0
1772754349.77824,2442,52.0
1772754352.9601426,2443,51.0
1772754356.0718296,2444,51.0
1772754359.0570385,2445,48.0
1772754366.4099271,2446,126.0
1772754380.9620085,2447,249.0
1772754384.8330212,2448,49.0
1772754392.2946658,2449,127.0
1772754399.7798622,2450,124.0
1772754406.2647667,2451,106.0
1772754416.5614495,2452,173.0
1772754421.7647579,2453,79.0
1772754425.0729554,2454,52.0
1772754433.9920342,2455,153.0
1772754451.982371,2456,306.0
1772754464.5259197,2457,202.0
1772754465.3126345,2458,1.0
1772754469.2629693,2459,68.0
1772754477.8943326,2460,146.0
1772754483.7434745,2461,93.0
1772754498.9346442,2462,262.0
1772754513.5192816,2463,240.0
1772754523.9125493,2464,169.0
1772754532.2309961,2465,135.0
1772754535.8022535,2466,51.0
1772754543.3596008,2467,128.0
1772754548.0878844,2468,76.0
1772754551.2722661,2469,51.0
1772754560.2885153,2470,157.0
1772754563.815315,2471,51.0
1772754571.344715,2472,128.0
1772754662.488207,2473,118.0
1772754666.2733588,2474,59.0
1772754671.7808082,2475,93.0
1772754680.5034668,2476,146.0
1772754686.4510622,2477,93.0
1772754693.2166464,2478,112.0
1772754700.0828626,2479,114.0
1772754715.6104295,2480,264.0
1772754728.607872,2481,212.0
1772754738.2280018,2482,153.0
1772754744.5284884,2483,97.0
1772754750.058282,2484,89.0
1772754768.905808,2485,326.0
1772754774.9696157,2486,83.0
1772754781.9531794,2487,115.0
1772754787.6218169,2488,92.0
1772754793.7190878,2489,101.0
1772754807.001768,2490,225.0
1772754810.9374208,2491,54.0
1772754817.216816,2492,106.0
1772754820.4795852,2493,51.0
1772754824.8885932,2494,74.0
1772754834.8078337,2495,169.0
1772754854.6149309,2496,339.0
1772754855.9814951,2497,1.0
1772754860.6867685,2498,82.0
1772754865.222822,2499,74.0
1772754871.5053477,2500,105.0
1772754882.6695852,2501,192.0
1772754893.466167,2502,177.0
1772754902.0229776,2503,137.0
1772754914.720126,2504,217.0
1772754918.264107,2505,48.0
1772754923.624589,2506,91.0
1772754926.691394,2507,47.0
1772754934.6699605,2508,136.0
1772754942.4715438,2509,128.0
1772754947.78359,2510,85.0
1772754951.091175,2511,51.0
1772754957.0803077,2512,100.0
1772754960.4162197,2513,51.0
1772755034.0976424,2514,110.0
1772755038.08619,2515,62.0
1772755043.0559518,2516,81.0
1772755052.232534,2517,154.0
1772755059.7577527,2518,123.0
1772755091.552737,2519,553.0
1772755101.5200768,2520,139.0
1772755111.399123,2521,164.0
1772755115.5886989,2522,65.0
1772755119.2654827,2523,61.0
1772755126.8750675,2524,131.0
1772755130.3545892,2525,51.0
1772755135.5534296,2526,87.0
1772755144.8457184,2527,157.0
1772755155.5211937,2528,178.0
1772755159.2252076,2529,52.0
1772755169.3078408,2530,174.0
1772755172.8074982,2531,51.0
1772755178.6721249,2532,99.0
1772755183.7578046,2533,83.0
1772755190.1169064,2534,107.0
1772755193.554846,2535,52.0
1772755208.5881393,2536,263.0
1772755218.8904796,2537,166.0
1772755222.5963767,2538,52.0
1772755226.577837,2539,65.0
1772755233.529741,2540,117.0
1772755241.4114425,2541,131.0
1772755246.9608195,2542,90.0
1772755250.6319861,2543,56.0
1772755260.6216903,2544,171.0
1772755274.9109826,2545,242.0
1772755289.0085883,2546,230.0
1772755290.8289952,2547,15.0
1772755293.8232102,2548,51.0
1772755302.495942,2549,149.0
1772755313.712964,2550,189.0
1772755318.41719,2551,69.0
1772755327.439491,2552,156.0
1772755336.9367373,2553,159.0
1772755481.9104683,2554,189.0
1772755485.529711,2555,51.0
1772755499.479505,2556,239.0
1772755509.3056242,2557,159.0
1772755515.8849406,2558,106.0
1772755523.0674005,2559,117.0
1772755523.62942,2560,1.0
1772755530.0849693,2561,112.0
1772755544.0434685,2562,239.0
1772755553.2210732,2563,144.0
1772755558.3381062,2564,78.0
1772755561.513051,2565,51.0
1772755566.7311723,2566,88.0
1772755570.496281,2567,61.0
1772755588.8380387,2568,315.0
1772755592.9997177,2569,51.0
1772755597.6163554,2570,77.0
1772755600.8008866,2571,51.0
1772755607.120832,2572,107.0
1772755611.2661154,2573,64.0
1772755619.880298,2574,146.0
1772755623.3437836,2575,51.0
1772755634.8242419,2576,200.0
1772755649.5832005,2577,245.0
1772755653.823691,2578,58.0
1772755664.1447935,2579,178.0
1772755669.3569748,2580,81.0
1772755675.6099033,2581,104.0
1772755681.9584632,2582,104.0
1772755688.2241414,2583,103.0
1772755693.0738425,2584,78.0
1772755701.810193,2585,148.0
1772755707.7693696,2586,92.0
1772755718.7124276,2587,187.0
1772755722.0727923,2588,47.0
1772755729.6006927,2589,128.0
1772755738.2009554,2590,139.0
1772755750.9926167,2591,217.0
1772755759.7135892,2592,137.0
1772755764.954403,2593,81.0
1772755776.5497067,2594,198.0
1772755947.2982345,2595,68.0
1772755950.5277731,2596,51.0
1772755957.161932,2597,114.0
1772755963.8302913,2598,110.0
1772755970.5301192,2599,109.0
1772755973.8711438,2600,51.0
1772755977.6431768,2601,62.0
1772755989.7270384,2602,208.0
1772755993.3844419,2603,51.0
1772756001.5298061,2604,140.0
1772756013.7854693,2605,205.0
1772756019.8958862,2606,92.0
1772756023.6965501,2607,60.0
1772756032.5149493,2608,150.0
1772756041.194944,2609,141.0
1772756045.96789,2610,74.0
1772756051.807304,2611,97.0
1772756057.4593344,2612,92.0
1772756062.7111564,2613,83.0
1772756069.9518814,2614,119.0
1772756074.1929398,2615,66.0
1772756081.9031446,2616,130.0
1772756082.9179301,2617,8.0
1772756092.2108898,2618,162.0
1772756113.8705838,2619,370.0
1772756118.3373346,2620,51.0
1772756124.9298406,2621,111.0
1772756129.7919137,2622,77.0
1772756135.0758078,2623,88.0
1772756157.0025547,2624,380.0
1772756161.5854309,2625,51.0
1772756168.1859682,2626,113.0
1772756171.5564346,2627,51.0
1772756175.3384259,2628,63.0
1772756175.7059827,2629,1.0
1772756178.6744814,2630,51.0
1772756190.2269125,2631,197.0
1772756203.4283528,2632,219.0
1772756207.2019293,2633,51.0
1772756212.7757392,2634,93.0
1772756216.815802,2635,63.0
1772756220.3944244,2636,58.0
1772756226.41563,2637,102.0
1772756235.685582,2638,159.0
1772756245.5544775,2639,162.0
1772756446.7348237,2640,157.0
1772756449.2571697,2641,32.0
1772756452.768931,2642,58.0
1772756465.3207288,2643,216.0
1772756469.0410907,2644,51.0
1772756472.1849978,2645,51.0
1772756493.570147,2646,373.0
1772756499.4886854,2647,79.0
1772756511.1373055,2648,200.0
1772756521.3582473,2649,165.0
1772756530.095417,2650,145.0
1772756533.5378945,2651,51.0
1772756539.6952665,2652,105.0
1772756543.0901752,2653,51.0
1772756549.2836132,2654,104.0
1772756562.7748685,2655,231.0
1772756576.8554337,2656,230.0
1772756580.7603633,2657,52.0
1772756590.2332737,2658,164.0
1772756594.5165257,2659,64.0
1772756607.160931,2660,218.0
1772756616.3551784,2661,146.0
1772756623.2444713,2662,112.0
1772756627.8411443,2663,73.0
1772756632.682499,2664,79.0
1772756633.105204,2665,1.0
1772756637.847312,2666,82.0
1772756645.9027095,2667,136.0
1772756650.371869,2668,68.0
1772756654.8895679,2669,74.0
1772756661.041389,2670,101.0
1772756665.6562588,2671,73.0
1772756668.849879,2672,51.0
1772756673.6227596,2673,81.0
1772756681.870866,2674,139.0
1772756690.1129766,2675,136.0
1772756695.106127,2676,77.0
1772756699.8781137,2677,78.0
1772756702.655561,2678,43.0
1772756738.468281,2679,626.0
1772756799.958021,2680,121.0
1772756823.8960798,2681,410.0
1772756828.5227883,2682,51.0
1772756839.8077106,2683,198.0
1772756844.29701,2684,65.0
1772756850.4180367,2685,102.0
1772756856.8781524,2686,108.0
1772756861.7606947,2687,78.0
1772756866.265094,2688,75.0
1772756869.479476,2689,51.0
1772756872.592995,2690,51.0
1772756881.3063483,2691,150.0
1772756888.1857738,2692,112.0
1772756895.284061,2693,117.0
1772756898.6800773,2694,51.0
1772756908.248078,2695,165.0
1772756915.6905024,2696,121.0
1772756919.0317538,2697,51.0
1772756924.7047,2698,96.0
1772756928.5307288,2699,60.0
1772756949.3512652,2700,364.0
1772756953.6181035,2701,51.0
1772756962.6292922,2702,155.0
1772756973.4731069,2703,178.0
1772756991.1294854,2704,300.0
1772756995.417654,2705,53.0
1772757009.2976277,2706,240.0
1772757010.360597,2707,1.0
1772757010.48406,2708,1.0
1772757013.1552973,2709,46.0
1772757016.082355,2710,47.0
1772757019.3208094,2711,51.0
1772757024.932161,2712,93.0
1772757028.2941155,2713,51.0
1772757034.2763703,2714,101.0
1772757037.5914457,2715,51.0
1772757040.8374717,2716,53.0
1772757055.657474,2717,256.0
1772757060.9517355,2718,74.0
1772757074.5356421,2719,234.0
1772757079.3464122,2720,68.0
1772757086.7445915,2721,124.0
1772757090.469204,2722,56.0
1772757093.6364148,2723,51.0
1772757102.1631575,2724,147.0
1772757199.9527001,2725,145.0
1772757208.5045524,2726,141.0
1772757222.5512328,2727,241.0
1772757235.8637815,2728,218.0
1772757241.3305166,2729,81.0
1772757250.9345722,2730,165.0
1772757256.841952,2731,91.0
1772757269.7966285,2732,219.0
1772757278.1603146,2733,131.0
1772757286.8144565,2734,142.0
1772757296.1611567,2735,154.0
1772757300.577596,2736,65.0
1772757322.4816422,2737,381.0
1772757331.0219584,2738,121.0
1772757351.4733686,2739,351.0
1772757353.5688202,2740,11.0
1772757356.610079,2741,51.0
1772757360.3856857,2742,61.0
1772757372.7400103,2743,212.0
1772757379.3753335,2744,101.0
1772757383.8730412,2745,70.0
1772757388.9187555,2746,82.0
1772757394.3371348,2747,89.0
1772757404.096785,2748,165.0
1772757412.375762,2749,133.0
1772757433.6635797,2750,367.0
1772757440.9429746,2751,102.0
1772757452.790859,2752,201.0
1772757457.272838,2753,66.0
1772757462.1042557,2754,80.0
1772757466.6994317,2755,74.0
1772757475.5291603,2756,149.0
1772757476.2675273,2757,1.0
1772757482.5868104,2758,110.0
1772757495.1054966,2759,215.0
1772757570.6245568,2760,224.0
1772757576.9050524,2761,96.0
1772757583.855781,2762,115.0
1772757592.5791306,2763,145.0
1772757601.2094681,2764,143.0
1772757608.9340494,2765,125.0
1772757615.5863252,2766,109.0
1772757620.801737,2767,82.0
1772757626.4448674,2768,92.0
1772757632.1121178,2769,91.0
1772757642.733145,2770,180.0
1772757643.6005607,2771,3.0
1772757650.8958359,2772,128.0
1772757654.4046974,2773,51.0
1772757660.489148,2774,103.0
1772757663.807844,2775,51.0
1772757669.8082025,2776,101.0
1772757675.8407776,2777,98.0
1772757684.9947464,2778,150.0
1772757693.9522066,2779,144.0
1772757705.0794861,2780,186.0
1772757725.8275313,2781,350.0
1772757734.945487,2782,135.0
1772757738.4653316,2783,51.0
1772757741.6257234,2784,51.0
1772757746.481531,2785,81.0
1772757749.2167487,2786,42.0
1772757752.6649728,2787,57.0
1772757752.9671416,2788,1.0
1772757763.6807206,2789,190.0
1772757771.319329,2790,123.0
1772757774.7850623,2791,51.0
1772757782.75522,2792,135.0
1772757788.1100075,2793,85.0
1772757791.411579,2794,51.0
1772757799.5848734,2795,140.0
1772757811.2073374,2796,194.0
1772757830.3924403,2797,326.0
1772757857.5923274,2798,457.0
1772757969.2495828,2799,61.0
1772757976.6785653,2800,125.0
1772757980.171328,2801,51.0
1772757987.2021365,2802,117.0
1772757995.5001378,2803,135.0
1772757999.962455,2804,70.0
1772758008.1940007,2805,140.0
1772758011.7045827,2806,51.0
1772758023.4785576,2807,202.0
1772758024.2886922,2808,1.0
1772758027.2735772,2809,51.0
1772758030.4403439,2810,51.0
1772758048.037595,2811,304.0
1772758049.7216089,2812,7.0
1772758052.694775,2813,51.0
1772758057.304296,2814,77.0
1772758062.2963579,2815,82.0
1772758063.0643723,2816,7.0
1772758079.2017431,2817,282.0
1772758084.4743683,2818,71.0
1772758087.7033765,2819,51.0
1772758096.3935454,2820,151.0
1772758109.087686,2821,213.0
1772758115.0735195,2822,90.0
1772758123.8415203,2823,147.0
1772758129.038055,2824,81.0
1772758133.2745872,2825,67.0
1772758136.5374231,2826,51.0
1772758142.039353,2827,92.0
1772758156.279274,2828,246.0
1772758164.8575191,2829,133.0
1772758177.393788,2830,212.0
1772758191.024882,2831,226.0
1772758200.927614,2832,156.0
1772758205.4564972,2833,69.0
1772758211.798497,2834,106.0
1772758214.064082,2835,33.0
1772758230.976012,2836,293.0
1772758236.0788717,2837,66.0
1772758241.4864252,2838,90.0
1772758254.7146041,2839,225.0
1772758259.425554,2840,66.0
1772758267.0079262,2841,129.0
1772758272.4169564,2842,86.0
1772758364.4268038,2843,71.0
1772758367.6918814,2844,51.0
1772758370.8952448,2845,51.0
1772758382.2648919,2846,196.0
1772758392.5757322,2847,169.0
1772758399.2649362,2848,107.0
1772758409.2168884,2849,167.0
1772758415.5850034,2850,100.0
1772758438.6957963,2851,404.0
1772758453.1223104,2852,226.0
1772758459.0144603,2853,85.0
1772758470.1772919,2854,188.0
1772758473.8743231,2855,51.0
1772758480.4602282,2856,112.0
1772758487.611604,2857,118.0
1772758496.8644106,2858,153.0
1772758503.8508787,2859,111.0
1772758514.648382,2860,184.0
1772758518.7324457,2861,59.0
1772758527.129012,2862,141.0
1772758537.1860383,2863,166.0
1772758540.5446923,2864,46.0
1772758555.6305811,2865,261.0
1772758562.0544302,2866,95.0
1772758565.345433,2867,51.0
1772758588.9594908,2868,412.0
1772758596.0720294,2869,96.0
1772758599.62339,2870,55.0
1772758602.7833116,2871,51.0
1772758607.5872524,2872,80.0
1772758610.8850896,2873,51.0
1772758614.7873309,2874,64.0
1772758628.3673964,2875,234.0
1772758644.7692804,2876,266.0
1772758656.4010706,2877,184.0
1772758659.9728017,2878,51.0
1772758675.0408194,2879,261.0
1772758790.7484717,2880,127.0
1772758794.4328048,2881,54.0
1772758800.1915524,2882,97.0
1772758807.6680386,2883,125.0
1772758814.052845,2884,105.0
1772758817.40144,2885,51.0
1772758823.1494234,2886,96.0
1772758826.480441,2887,51.0
1772758829.602002,2888,51.0
1772758833.1827555,2889,59.0
1772758836.353135,2890,51.0
1772758840.8579202,2891,74.0
1772758842.7113552,2892,27.0
1772758848.5702102,2893,100.0
1772758858.015935,2894,157.0
1772758863.39291,2895,84.0
1772758867.2088454,2896,60.0
1772758874.514436,2897,125.0
1772758886.6629457,2898,206.0
1772758894.9383335,2899,130.0
1772758901.9836593,2900,116.0
1772758905.4805787,2901,53.0
1772758908.6909566,2902,51.0
1772758917.0819035,2903,144.0
1772758922.9925852,2904,92.0
1772758926.793217,2905,61.0
1772758933.7609005,2906,118.0
1772758939.0171525,2907,85.0
1772758941.794265,2908,42.0
1772758970.7458882,2909,504.0
1772758975.9182303,2910,55.0
1772758981.393374,2911,92.0
1772758984.354231,2912,44.0
1772758986.0174417,2913,25.0
1772758994.658909,2914,152.0
1772759009.4508052,2915,248.0
1772759017.8630016,2916,132.0
1772759024.1512802,2917,103.0
1772759034.2808704,2918,172.0
1772759038.4972527,2919,61.0
1772759046.4562814,2920,136.0
1772759051.8338394,2921,86.0
1772759055.0314395,2922,51.0
1772759062.8244789,2923,133.0
1772759068.7826772,2924,95.0
1772759069.24313,2925,2.0
1772759086.19474,2926,299.0
1772759179.979033,2927,337.0
1772759217.8808527,2928,642.0
1772759237.7359273,2929,309.0
1772759242.009803,2930,51.0
1772759264.2707396,2931,389.0
1772759272.5045173,2932,117.0
1772759282.2140927,2933,161.0
1772759286.0299983,2934,55.0
1772759292.293399,2935,107.0
1772759295.6502352,2936,51.0
1772759304.9390426,2937,158.0
1772759312.8083768,2938,126.0
1772759316.3038464,2939,54.0
1772759331.6437657,2940,269.0
1772759335.7376535,2941,51.0
1772759347.1043153,2942,197.0
1772759347.9950702,2943,1.0
1772759355.7564678,2944,136.0
1772759361.8923907,2945,96.0
1772759372.6552536,2946,184.0
1772759379.181895,2947,105.0
1772759384.5116148,2948,87.0
1772759399.808128,2949,260.0
1772759407.5138485,2950,117.0
1772759419.2795267,2951,201.0
1772759422.9121292,2952,50.0
1772759426.0413682,2953,51.0
1772759457.8886187,2954,557.0
1772759569.3045099,2955,162.0
1772759570.0665984,2956,1.0
1772759580.578668,2957,182.0
1772759584.778139,2958,62.0
1772759609.1361074,2959,425.0
1772759611.3359673,2960,7.0
1772759623.7772532,2961,219.0
1772759629.6398675,2962,89.0
1772759634.88098,2963,84.0
1772759646.8473458,2964,205.0
1772759653.169418,2965,99.0
1772759669.769926,2966,284.0
1772759679.651506,2967,156.0
1772759687.208511,2968,124.0
1772759690.7057261,2969,51.0
1772759691.7123916,2970,13.0
1772759694.7240007,2971,51.0
1772759724.1782753,2972,517.0
1772759730.7272997,2973,77.0
1772759735.2241442,2974,74.0
1772759740.6411412,2975,90.0
1772759759.4163675,2976,321.0
1772759775.0549748,2977,253.0
1772759779.0032082,2978,51.0
1772759779.6582599,2979,7.0
1772759786.1533775,2980,113.0
1772759789.4245498,2981,48.0
1772759800.04813,2982,183.0
1772759800.8396642,2983,1.0
1772759808.833441,2984,139.0
1772759812.341557,2985,51.0
1772759816.417637,2986,67.0
1772759822.1167412,2987,95.0
1772759827.528211,2988,89.0
1772759827.9585571,2989,1.0
1772759835.5785224,2990,133.0
1772759839.3870392,2991,56.0
1772759857.0236785,2992,306.0
1772759926.617263,2993,157.0
1772759930.9886084,2994,65.0
1772759940.6733449,2995,164.0
1772759944.5693195,2996,59.0
1772759952.121337,2997,129.0
1772759956.6988797,2998,71.0
1772759966.2027714,2999,161.0
1772759991.689686,3000,436.0
1772760001.4743235,3001,141.0
1772760004.9842322,3002,52.0
1772760010.0377107,3003,85.0
1772760020.1866875,3004,172.0
1772760031.3932836,3005,184.0
1772760035.0392008,3006,51.0
1772760038.117536,3007,51.0
1772760041.2210872,3008,51.0
1772760043.8216836,3009,42.0
1772760050.3369977,3010,110.0
1772760053.731322,3011,51.0
1772760056.9359462,3012,51.0
1772760066.254837,3013,160.0
1772760079.4269292,3014,219.0
1772760083.873163,3015,63.0
1772760088.5310068,3016,76.0
1772760091.8078058,3017,51.0
1772760096.1321113,3018,72.0
1772760100.5701919,3019,73.0
1772760110.2444458,3020,164.0
1772760120.2173588,3021,161.0
1772760131.4252548,3022,185.0
1772760142.1230817,3023,173.0
1772760158.7018156,3024,279.0
1772760163.758704,3025,70.0
1772760178.7588234,3026,259.0
1772760193.1651247,3027,239.0
1772760199.844475,3028,99.0
1772760203.2461455,3029,51.0
1772760211.217702,3030,136.0
1772760217.112484,3031,94.0
1772760220.3992293,3032,51.0
1772760231.0823605,3033,183.0
1772760270.9216366,3034,57.0
1772760274.086278,3035,51.0
1772760277.9526906,3036,64.0
1772760287.0411193,3037,156.0
1772760301.0688407,3038,236.0
1772760307.5628686,3039,99.0
1772760314.2534637,3040,111.0
1772760321.5622354,3041,120.0
1772760325.0069106,3042,51.0
1772760327.4994643,3043,39.0
1772760340.3520324,3044,224.0
1772760344.1613045,3045,51.0
1772760351.7228491,3046,128.0
1772760352.7073164,3047,7.0
1772760359.0543838,3048,108.0
1772760363.909339,3049,79.0
1772760370.0875661,3050,104.0
1772760377.13056,3051,117.0
1772760380.552689,3052,51.0
1772760383.7066696,3053,51.0
1772760393.1030326,3054,160.0
1772760404.4536707,3055,189.0
1772760408.2246268,3056,53.0
1772760422.634212,3057,248.0
1772760428.9511266,3058,93.0
1772760432.1973603,3059,51.0
1772760443.4254491,3060,192.0
1772760447.2999132,3061,52.0
1772760453.8079917,3062,110.0
1772760461.497635,3063,128.0
1772760467.1057296,3064,90.0
1772760471.7070901,3065,73.0
1772760474.9905596,3066,51.0
1772760479.7137008,3067,79.0
1772760485.5287702,3068,97.0
1772760490.5205922,3069,81.0
1772760498.4742556,3070,134.0
1772760501.8317888,3071,48.0
1772760504.9995966,3072,51.0
1772760508.584171,3073,59.0
1772760518.6348913,3074,173.0
1772760525.9650583,3075,117.0
1772760529.3867135,3076,51.0
1772760534.4231625,3077,85.0
1772760538.8712268,3078,72.0
1772760540.8574598,3079,30.0
1772760547.079354,3080,108.0
1772760552.384018,3081,87.0
1772760560.7415178,3082,140.0
1772760568.7379081,3083,129.0
1772760695.4578154,3084,104.0
1772760708.472588,3085,224.0
1772760712.7854242,3086,59.0
1772760718.9573028,3087,104.0
1772760732.6193764,3088,234.0
1772760740.0504026,3089,114.0
1772760746.211841,3090,99.0
1772760755.4093997,3091,156.0
1772760758.9864085,3092,51.0
1772760767.2837236,3093,142.0
1772760771.572026,3094,64.0
1772760779.6506667,3095,136.0
1772760787.392248,3096,127.0
1772760793.4149067,3097,97.0
1772760796.768449,3098,51.0
1772760799.9631603,3099,51.0
1772760803.1856775,3100,51.0
1772760812.8664758,3101,166.0
1772760834.5222158,3102,371.0
1772760836.60891,3103,10.0
1772760841.7289114,3104,89.0
1772760847.5540135,3105,98.0
1772760850.8712714,3106,51.0
1772760856.3709228,3107,93.0
1772760860.0685275,3108,56.0
1772760864.3362942,3109,69.0
1772760868.3657331,3110,64.0
1772760874.1433306,3111,97.0
1772760878.8875825,3112,77.0
1772760890.360006,3113,199.0
1772760894.0629811,3114,51.0
1772760894.944876,3115,11.0
1772760897.9122775,3116,51.0
1772760900.7055707,3117,46.0
1772760904.064721,3118,56.0
1772760907.960564,3119,65.0
1772760911.0947175,3120,51.0
1772760920.114138,3121,156.0
1772760927.927212,3122,124.0
1772760937.1018565,3123,154.0
1772760945.9209552,3124,145.0
1772760949.5290751,3125,51.0
1772760950.5432577,3126,13.0
1772760953.5863044,3127,51.0
1772760958.559773,3128,82.0
1772760968.4727144,3129,169.0
1772760971.5926938,3130,43.0
1772760976.505927,3131,82.0
1772760979.8516428,3132,51.0
1772760983.066961,3133,51.0
1772760986.2488484,3134,51.0
1772760989.4206944,3135,51.0
1772761103.2543917,3136,187.0
1772761111.3974216,3137,129.0
1772761112.0004797,3138,1.0
1772761118.1902702,3139,109.0
1772761121.504713,3140,51.0
1772761124.6648247,3141,51.0
1772761131.6795294,3142,119.0
1772761134.4233985,3143,37.0
1772761137.5879695,3144,52.0
1772761141.0916579,3145,58.0
1772761150.660871,3146,167.0
1772761159.6627927,3147,148.0
1772761165.7077732,3148,95.0
1772761171.3524444,3149,92.0
1772761181.8184056,3150,179.0
1772761185.3233502,3151,51.0
1772761188.4823601,3152,51.0
1772761193.4328053,3153,83.0
1772761193.906087,3154,1.0
1772761197.5691147,3155,64.0
1772761200.7622492,3156,51.0
1772761209.5093677,3157,152.0
1772761212.998104,3158,51.0
1772761216.2659862,3159,54.0
1772761225.3284721,3160,156.0
1772761228.927907,3161,51.0
1772761229.2193403,3162,1.0
1772761234.1933513,3163,88.0
1772761237.4105992,3164,51.0
1772761242.9759598,3165,94.0
1772761250.1368818,3166,119.0
1772761253.5872762,3167,51.0
1772761262.4639537,3168,151.0
1772761265.9932275,3169,51.0
1772761271.2968156,3170,90.0
1772761277.6435103,3171,105.0
1772761285.8572202,3172,134.0
1772761289.3888817,3173,51.0
1772761292.525926,3174,51.0
1772761301.4625895,3175,153.0
1772761314.7869232,3176,224.0
1772761319.1783075,3177,61.0
1772761326.2136755,3178,120.0
1772761334.802541,3179,144.0
1772761339.433524,3180,70.0
1772761354.762881,3181,264.0
1772761370.6677501,3182,262.0
1772761374.7072644,3183,51.0
1772761381.3761141,3184,113.0
1772761387.1105967,3185,92.0
1772761394.8742738,3186,131.0
1772761402.6835344,3187,126.0
1772761539.5333822,3188,222.0
1772761552.969971,3189,222.0
1772761558.7852492,3190,86.0
1772761563.673036,3191,81.0
1772761566.8795874,3192,51.0
1772761569.98354,3193,51.0
1772761577.0411165,3194,121.0
1772761588.5350058,3195,191.0
1772761595.4146245,3196,110.0
1772761598.8305595,3197,52.0
1772761610.3617682,3198,199.0
1772761615.6915936,3199,78.0
1772761620.7214575,3200,82.0
1772761630.3906746,3201,165.0
1772761638.8419623,3202,137.0
1772761643.041026,3203,62.0
1772761646.296832,3204,51.0
1772761651.9457965,3205,95.0
1772761659.0073414,3206,118.0
1772761663.648724,3207,74.0
1772761684.5767303,3208,364.0
1772761692.8905444,3209,121.0
1772761693.4258134,3210,1.0
1772761696.8759584,3211,59.0
1772761700.1293578,3212,51.0
1772761703.6087608,3213,57.0
1772761707.732481,3214,68.0
1772761710.9210954,3215,51.0
1772761714.0058863,3216,51.0
1772761722.9663053,3217,155.0
1772761726.0500877,3218,45.0
1772761753.081384,3219,473.0
1772761773.3822434,3220,323.0
1772761779.7662897,3221,91.0
1772761788.2115254,3222,142.0
1772761791.7815006,3223,51.0
1772761794.9294305,3224,51.0
1772761799.0137765,3225,68.0
1772761807.1226714,3226,139.0
1772761813.6155212,3227,106.0
1772761823.2191546,3228,161.0
1772761831.391446,3229,131.0
1772761879.9053159,3230,148.0
1772761883.4913056,3231,51.0
1772761887.8241575,3232,71.0
1772761896.5013645,3233,149.0
1772761910.7699046,3234,242.0
1772761914.7611725,3235,52.0
1772761923.3914185,3236,148.0
1772761925.088488,3237,20.0
1772761931.0467384,3238,104.0
1772761934.3106906,3239,51.0
1772761941.3907313,3240,120.0
1772761945.9855986,3241,72.0
1772761952.1034148,3242,102.0
1772761952.5982594,3243,2.0
1772761963.3700905,3244,191.0
1772761970.9050257,3245,119.0
1772761986.4538896,3246,265.0
1772761992.8372009,3247,92.0
1772762014.7537105,3248,383.0
1772762021.5132513,3249,93.0
1772762024.8330657,3250,51.0
1772762034.840335,3251,169.0
1772762040.5187664,3252,86.0
1772762043.8086853,3253,51.0
1772762046.8877065,3254,51.0
1772762054.1442966,3255,124.0
1772762066.5542743,3256,210.0
1772762070.3407795,3257,51.0
1772762072.023212,3258,26.0
1772762079.03132,3259,121.0
1772762082.4484968,3260,53.0
1772762085.5797222,3261,51.0
1772762088.698963,3262,49.0
1772762108.3534625,3263,341.0
1772762119.8663309,3264,179.0
1772762124.6654036,3265,70.0
1772762134.71187,3266,171.0
1772762142.5203364,3267,128.0
1772762143.0952952,3268,1.0
1772762158.235099,3269,265.0
1772762173.6533542,3270,255.0
1772762310.029975,3271,52.0
1772762313.7824028,3272,62.0
1772762325.35951,3273,201.0
1772762329.1441498,3274,51.0
1772762331.4331641,3275,35.0
1772762338.0940874,3276,113.0
1772762341.4128556,3277,51.0
1772762363.9360373,3278,396.0
1772762378.4320881,3279,227.0
1772762389.1055996,3280,173.0
1772762392.7942638,3281,51.0
1772762398.0606496,3282,88.0
1772762404.0163462,3283,99.0
1772762407.328095,3284,51.0
1772762409.303852,3285,31.0
1772762414.0386705,3286,81.0
1772762419.760361,3287,95.0
1772762425.3039024,3288,89.0
1772762430.1363127,3289,77.0
1772762449.9955013,3290,345.0
1772762454.442874,3291,51.0
1772762457.6167667,3292,51.0
1772762462.0486436,3293,74.0
1772762468.5923035,3294,111.0
1772762472.1278467,3295,55.0
1772762475.2388022,3296,51.0
1772762480.0513413,3297,80.0
1772762481.4600673,3298,18.0
1772762493.145244,3299,204.0
1772762501.9069843,3300,142.0
1772762505.2898915,3301,51.0
1772762524.389788,3302,333.0
1772762525.8245716,3303,1.0
1772762528.7414827,3304,51.0
1772762544.427262,3305,274.0
1772762555.9509907,3306,183.0
1772762573.2311342,3307,294.0
1772762582.623736,3308,143.0
1772762593.8423572,3309,189.0
1772762603.672527,3310,160.0
1772762609.5991616,3311,91.0
1772762749.0256457,3312,251.0
1772762754.7021658,3313,81.0
1772762757.1980119,3314,37.0
1772762760.3998759,3315,53.0
1772762768.447576,3316,138.0
1772762775.9371998,3317,123.0
1772762779.4877563,3318,51.0
1772762793.2160158,3319,238.0
1772762798.5032806,3320,77.0
1772762804.864597,3321,106.0
1772762808.4811435,3322,54.0
1772762812.7217517,3323,69.0
1772762821.9841177,3324,157.0
1772762825.4139383,3325,51.0
1772762846.3629293,3326,368.0
1772762852.936992,3327,88.0
1772762860.6155088,3328,130.0
1772762863.9901392,3329,51.0
1772762870.0169322,3330,102.0
1772762875.385792,3331,86.0
1772762881.7937047,3332,106.0
1772762888.462197,3333,112.0
1772762905.4013307,3334,288.0
1772762917.6472044,3335,194.0
1772762939.8725045,3336,377.0
1772762948.2937055,3337,124.0
1772762956.1838427,3338,130.0
1772762959.7436697,3339,51.0
1772762961.072565,3340,18.0
1772762966.2888021,3341,89.0
1772762969.5678227,3342,51.0
1772762974.2152581,3343,78.0
1772762982.0660713,3344,133.0
1772762988.0414846,3345,96.0
1772762998.661727,3346,180.0
1772763003.3283389,3347,70.0
1772763009.2060869,3348,99.0
1772763012.4798546,3349,51.0
1772763021.560777,3350,156.0
1772763032.8382726,3351,188.0
1772763036.4477093,3352,51.0
1772763114.7710717,3353,52.0
1772763121.439791,3354,112.0
1772763126.191161,3355,76.0
1772763143.5686455,3356,301.0
1772763147.83122,3357,51.0
1772763148.1278703,3358,1.0
1772763151.6494906,3359,61.0
1772763156.9831524,3360,89.0
1772763163.6708364,3361,112.0
1772763170.753044,3362,116.0
1772763174.1685631,3363,51.0
1772763189.0148242,3364,259.0
1772763196.8979905,3365,122.0
1772763200.4266412,3366,52.0
1772763204.6887193,3367,69.0
1772763208.0011547,3368,51.0
1772763219.734775,3369,204.0
1772763225.5999103,3370,90.0
1772763233.7122693,3371,136.0
1772763237.600974,3372,57.0
1772763240.7764008,3373,51.0
1772763242.3418872,3374,23.0
1772763245.3374546,3375,51.0
1772763249.7434108,3376,74.0
1772763255.1603463,3377,90.0
1772763258.4967842,3378,51.0
1772763267.438079,3379,152.0
1772763270.9771366,3380,51.0
1772763280.303024,3381,161.0
1772763283.9999804,3382,55.0
1772763294.1827059,3383,176.0
1772763300.0864143,3384,89.0
1772763312.7511916,3385,220.0
1772763316.4712603,3386,51.0
1772763322.1478693,3387,96.0
1772763325.5504482,3388,52.0
1772763328.7043822,3389,51.0
1772763329.6971538,3390,13.0
1772763337.4540572,3391,136.0
1772763342.944066,3392,88.0
1772763347.009476,3393,66.0
1772763360.6632333,3394,236.0
1772763364.4716456,3395,51.0
1772763369.0137854,3396,77.0
1772763374.655512,3397,95.0
1772763377.9836316,3398,51.0
1772763381.1135974,3399,51.0
1772763384.2679672,3400,51.0
1772763390.3908525,3401,104.0
1772763397.0048835,3402,111.0
1772763409.4467785,3403,211.0
1772763418.8646193,3404,147.0
1772763526.5672092,3405,86.0
1772763529.8839996,3406,51.0
1772763538.575592,3407,147.0
1772763541.9972103,3408,51.0
1772763552.4184074,3409,181.0
1772763560.8362718,3410,136.0
1772763561.5372467,3411,1.0
1772763564.7622952,3412,55.0
1772763565.5208006,3413,8.0
1772763568.518144,3414,51.0
1772763571.8874457,3415,56.0
1772763576.2882183,3416,74.0
1772763580.054831,3417,62.0
1772763586.7467742,3418,114.0
1772763595.4015694,3419,143.0
1772763599.6700199,3420,64.0
1772763602.8173358,3421,51.0
1772763607.9046314,3422,86.0
1772763620.1677577,3423,210.0
1772763624.9842238,3424,68.0
1772763632.6239448,3425,130.0
1772763650.7915266,3426,314.0
1772763653.2662897,3427,19.0
1772763662.4643137,3428,160.0
1772763669.2232215,3429,109.0
1772763672.5124955,3430,51.0
1772763682.22626,3431,167.0
1772763687.072011,3432,73.0
1772763699.1064909,3433,208.0
1772763702.8241267,3434,52.0
1772763711.0967014,3435,141.0
1772763714.7074053,3436,51.0
1772763717.8667676,3437,51.0
1772763736.6730509,3438,331.0
1772763746.977753,3439,155.0
1772763750.5594206,3440,51.0
1772763754.6135998,3441,68.0
1772763757.773412,3442,51.0
1772763761.353508,3443,59.0
1772763764.5030158,3444,51.0
1772763767.6251998,3445,51.0
1772763775.4472811,3446,132.0
1772763778.943722,3447,51.0
1772763782.0888083,3448,51.0
1772763792.351941,3449,178.0
1772763805.9954355,3450,229.0
1772763810.3598132,3451,58.0
1772763824.3519611,3452,245.0
1772763930.967089,3453,58.0
1772763934.0892444,3454,51.0
1772763941.346827,3455,124.0
1772763953.3780146,3456,203.0
1772763957.2562923,3457,51.0
1772763960.3957016,3458,51.0
1772763964.0949333,3459,61.0
1772763967.2546887,3460,51.0
1772763971.6939769,3461,75.0
1772763976.6405728,3462,82.0
1772763979.975561,3463,51.0
1772763983.1674619,3464,51.0
1772763996.3896446,3465,230.0
1772764002.2081132,3466,86.0
1772764005.4728196,3467,51.0
1772764022.8713112,3468,302.0
1772764028.4307911,3469,78.0
1772764029.5914755,3470,15.0
1772764032.8972735,3471,57.0
1772764037.5939605,3472,78.0
1772764039.4669893,3473,26.0
1772764040.042383,3474,7.0
1772764043.0100741,3475,51.0
1772764049.7534828,3476,113.0
1772764053.0733373,3477,51.0
1772764057.3350832,3478,71.0
1772764059.2319927,3479,28.0
1772764066.2732496,3480,123.0
1772764076.7700086,3481,173.0
1772764084.928151,3482,130.0
1772764090.509144,3483,90.0
1772764093.7509573,3484,51.0
1772764098.3215413,3485,76.0
1772764103.4358473,3486,83.0
1772764112.0006247,3487,143.0
1772764123.23233,3488,191.0
1772764128.6854408,3489,82.0
1772764136.9041529,3490,137.0
1772764149.8474011,3491,220.0
1772764157.3151524,3492,117.0
1772764164.7057931,3493,120.0
1772764169.0155199,3494,66.0
1772764172.1430976,3495,51.0
1772764176.9309397,3496,81.0
1772764186.1456385,3497,158.0
1772764189.7661278,3498,51.0
1772764192.9315753,3499,51.0
1772764207.296293,3500,250.0
1772764212.8459828,3501,82.0
1772764216.0860543,3502,51.0
1772764221.1320798,3503,83.0
1772764226.039386,3504,79.0
1772764233.3606791,3505,124.0
1772764329.8701172,3506,257.0
1772764332.2489603,3507,24.0
1772764345.6596274,3508,235.0
1772764350.4383307,3509,65.0
1772764353.6163187,3510,51.0
1772764363.6081636,3511,173.0
1772764369.3156416,3512,88.0
1772764372.711342,3513,51.0
1772764378.679103,3514,101.0
1772764392.1511593,3515,231.0
1772764402.4824016,3516,166.0
1772764414.5767758,3517,200.0
1772764418.478503,3518,54.0
1772764423.9272466,3519,92.0
1772764432.456206,3520,142.0
1772764445.6742868,3521,221.0
1772764449.4724135,3522,51.0
1772764453.8378098,3523,73.0
1772764466.5989723,3524,220.0
1772764473.2401803,3525,100.0
1772764477.1751394,3526,63.0
1772764485.793239,3527,148.0
1772764495.0968785,3528,151.0
1772764503.7256584,3529,141.0
1772764508.7374914,3530,80.0
1772764513.0076756,3531,70.0
1772764516.016427,3532,48.0
1772764518.7363594,3533,44.0
1772764531.1824515,3534,217.0
1772764535.4558878,3535,60.0
1772764542.3844647,3536,119.0
1772764547.1393535,3537,76.0
1772764550.97705,3538,60.0
1772764561.5612848,3539,181.0
1772764565.8724933,3540,64.0
1772764571.3519907,3541,92.0
1772764584.569391,3542,225.0
1772764590.3439314,3543,82.0
1772764594.711586,3544,71.0
1772764603.1821747,3545,145.0
1772764608.7574105,3546,89.0
1772764619.726682,3547,186.0
1772764663.1827097,3548,93.0
1772764666.1197326,3549,45.0
1772764671.9202905,3550,98.0
1772764682.1760132,3551,173.0
1772764691.7118437,3552,157.0
1772764695.9195905,3553,64.0
1772764700.3614335,3554,73.0
1772764713.9865472,3555,235.0
1772764716.4324512,3556,27.0
1772764719.784005,3557,57.0
1772764723.406393,3558,60.0
1772764730.3892007,3559,118.0
1772764734.067445,3560,54.0
1772764737.2434096,3561,51.0
1772764744.0446002,3562,116.0
1772764760.1842165,3563,278.0
1772764769.5203018,3564,142.0
1772764776.8082063,3565,120.0
1772764780.1505547,3566,51.0
1772764783.1935196,3567,51.0
1772764786.3279734,3568,51.0
1772764789.5467324,3569,51.0
1772764797.9283698,3570,143.0
1772764801.3355088,3571,51.0
1772764818.0572956,3572,295.0
1772764824.0846326,3573,83.0
1772764832.360305,3574,137.0
1772764839.6984687,3575,120.0
1772764849.6724634,3576,169.0
1772764855.183775,3577,83.0
1772764859.0959482,3578,61.0
1772764865.9993672,3579,117.0
1772764877.7527456,3580,200.0
1772764886.5688355,3581,138.0
1772764890.661346,3582,61.0
1772764898.1834583,3583,128.0
1772764903.2906072,3584,81.0
1772764914.4257705,3585,189.0
1772764919.2954817,3586,70.0
1772764924.1121385,3587,80.0
1772764930.3429437,3588,104.0
1772764937.0817587,3589,111.0
1772764942.457133,3590,84.0
1772764945.8108203,3591,51.0
1772764952.887052,3592,119.0
1772764958.2356455,3593,86.0
1772764974.1777334,3594,273.0
1772765079.9683397,3595,49.0
1772765081.551763,3596,24.0
1772765099.3014944,3597,310.0
1772765104.1507668,3598,64.0
1772765115.3461688,3599,193.0
1772765124.4611661,3600,144.0
1772765128.6499488,3601,62.0
1772765134.9066057,3602,106.0
1772765138.2310495,3603,51.0
1772765146.2000043,3604,137.0
1772765151.7834883,3605,86.0
1772765157.870152,3606,99.0
1772765163.5119345,3607,93.0
1772765166.8066761,3608,52.0
1772765169.9524596,3609,51.0
1772765176.6957004,3610,115.0
1772765188.3666022,3611,193.0
1772765198.8342707,3612,172.0
1772765204.3203106,3613,86.0
1772765215.6329365,3614,193.0
1772765228.5947452,3615,213.0
1772765235.4087303,3616,105.0
1772765238.8754113,3617,51.0
1772765244.746656,3618,98.0
1772765255.600018,3619,183.0
1772765260.9518394,3620,83.0
1772765285.529463,3621,430.0
1772765293.2740645,3622,109.0
1772765299.621082,3623,105.0
1772765303.001465,3624,51.0
1772765306.1841445,3625,51.0
1772765310.9659855,3626,80.0
1772765314.2468178,3627,51.0
1772765321.5817327,3628,125.0
1772765327.0247822,3629,88.0
