xacro: in-order processing became default in ROS Melodic. You can drop the option.
xacro: in-order processing became default in ROS Melodic. You can drop the option.
... logging to /data/lzq/.ros/log/2818ce5a-2687-11f1-959d-99ad9226bd72/roslaunch-lzq-451602.log
Checking log directory for disk usage. This may take a while.
Press Ctrl-C to interrupt
]2;/data/lzq/ros_motion_planning/src/sim_env/launch/main.launch
[1mstarted roslaunch server http://lzq:43971/[0m

SUMMARY
========

PARAMETERS
 * /gazebo/enable_ros_network: True
 * /robot1/move_base/PIDController/base_frame: base_link
 * /robot1/move_base/PIDController/convert_offset: 0.0
 * /robot1/move_base/PIDController/goal_dist_tolerance: 0.2
 * /robot1/move_base/PIDController/k: 1.0
 * /robot1/move_base/PIDController/k_theta: 0.7
 * /robot1/move_base/PIDController/k_v_d: 0.1
 * /robot1/move_base/PIDController/k_v_i: 0.1
 * /robot1/move_base/PIDController/k_v_p: 1.0
 * /robot1/move_base/PIDController/k_w_d: 0.1
 * /robot1/move_base/PIDController/k_w_i: 0.1
 * /robot1/move_base/PIDController/k_w_p: 1.0
 * /robot1/move_base/PIDController/l: 0.2
 * /robot1/move_base/PIDController/lookahead_time: 0.5
 * /robot1/move_base/PIDController/map_frame: map
 * /robot1/move_base/PIDController/max_lookahead_dist: 0.9
 * /robot1/move_base/PIDController/max_v: 0.5
 * /robot1/move_base/PIDController/max_v_inc: 0.5
 * /robot1/move_base/PIDController/max_w: 1.57
 * /robot1/move_base/PIDController/max_w_inc: 1.57
 * /robot1/move_base/PIDController/min_lookahead_dist: 0.3
 * /robot1/move_base/PIDController/min_v: 0.0
 * /robot1/move_base/PIDController/min_w: 0.0
 * /robot1/move_base/PIDController/rotate_tolerance: 0.5
 * /robot1/move_base/PathPlanner/convert_offset: 0.0
 * /robot1/move_base/PathPlanner/default_tolerance: 0.0
 * /robot1/move_base/PathPlanner/expand_zone: True
 * /robot1/move_base/PathPlanner/hybrid_astar/analytic_expansion_max_length: 5.0
 * /robot1/move_base/PathPlanner/hybrid_astar/analytic_expansion_ratio: 1.5
 * /robot1/move_base/PathPlanner/hybrid_astar/cache_obstacle_heuristic: False
 * /robot1/move_base/PathPlanner/hybrid_astar/change_penalty: 0.4
 * /robot1/move_base/PathPlanner/hybrid_astar/cost_penalty: 2.0
 * /robot1/move_base/PathPlanner/hybrid_astar/curve_sample_ratio: 0.15
 * /robot1/move_base/PathPlanner/hybrid_astar/dim_3_size: 32
 * /robot1/move_base/PathPlanner/hybrid_astar/downsample_obstacle_heuristic: True
 * /robot1/move_base/PathPlanner/hybrid_astar/goal_tolerance: 0.2
 * /robot1/move_base/PathPlanner/hybrid_astar/lookup_table_dim: 20.0
 * /robot1/move_base/PathPlanner/hybrid_astar/max_approach_iterations: 500
 * /robot1/move_base/PathPlanner/hybrid_astar/max_iterations: 20000
 * /robot1/move_base/PathPlanner/hybrid_astar/minimum_turning_radius: 0.3
 * /robot1/move_base/PathPlanner/hybrid_astar/motion_model: 2
 * /robot1/move_base/PathPlanner/hybrid_astar/non_straight_penalty: 1.5
 * /robot1/move_base/PathPlanner/hybrid_astar/retrospective_penalty: 0.025
 * /robot1/move_base/PathPlanner/hybrid_astar/reverse_penalty: 2.5
 * /robot1/move_base/PathPlanner/hybrid_astar/traverse_unknown: False
 * /robot1/move_base/PathPlanner/obstacle_factor: 0.5
 * /robot1/move_base/PathPlanner/outline_map: True
 * /robot1/move_base/PathPlanner/planner_name: theta_star
 * /robot1/move_base/PathPlanner/show_safety_corridor: False
 * /robot1/move_base/base_global_planner: path_planner/Path...
 * /robot1/move_base/base_local_planner: pid_controller/PI...
 * /robot1/move_base/conservative_reset_dist: 3.0
 * /robot1/move_base/controller_frequency: 20.0
 * /robot1/move_base/controller_patience: 15.0
 * /robot1/move_base/global_costmap/footprint: [[-0.21, -0.165],...
 * /robot1/move_base/global_costmap/footprint_padding: 0.1
 * /robot1/move_base/global_costmap/global_frame: map
 * /robot1/move_base/global_costmap/inflation_layer/cost_scaling_factor: 5
 * /robot1/move_base/global_costmap/inflation_layer/enabled: True
 * /robot1/move_base/global_costmap/inflation_layer/inflation_radius: 0.2
 * /robot1/move_base/global_costmap/map_type: costmap
 * /robot1/move_base/global_costmap/meter_scoring: True
 * /robot1/move_base/global_costmap/obstacle_layer/observation_sources: scan
 * /robot1/move_base/global_costmap/obstacle_layer/scan/clearing: True
 * /robot1/move_base/global_costmap/obstacle_layer/scan/data_type: LaserScan
 * /robot1/move_base/global_costmap/obstacle_layer/scan/expected_update_rate: 1
 * /robot1/move_base/global_costmap/obstacle_layer/scan/inf_is_valid: True
 * /robot1/move_base/global_costmap/obstacle_layer/scan/marking: True
 * /robot1/move_base/global_costmap/obstacle_layer/scan/max_obstacle_height: 0.2
 * /robot1/move_base/global_costmap/obstacle_layer/scan/min_obstacle_height: 0.0
 * /robot1/move_base/global_costmap/obstacle_layer/scan/observation_persistence: 0.0
 * /robot1/move_base/global_costmap/obstacle_layer/scan/obstacle_range: 2.5
 * /robot1/move_base/global_costmap/obstacle_layer/scan/raytrace_range: 3.0
 * /robot1/move_base/global_costmap/obstacle_layer/scan/sensor_frame: robot1/base_footp...
 * /robot1/move_base/global_costmap/obstacle_layer/scan/topic: /robot1/scan
 * /robot1/move_base/global_costmap/origin_z: 0.0
 * /robot1/move_base/global_costmap/plugins: [{'name': 'static...
 * /robot1/move_base/global_costmap/publish_frequency: 0.5
 * /robot1/move_base/global_costmap/publish_voxel_map: False
 * /robot1/move_base/global_costmap/robot_base_frame: robot1/base_footp...
 * /robot1/move_base/global_costmap/scan/sensor_frame: robot1/base_scan
 * /robot1/move_base/global_costmap/scan/topic: /robot1/scan
 * /robot1/move_base/global_costmap/static_map/clear_time: 20
 * /robot1/move_base/global_costmap/static_map/enabled: True
 * /robot1/move_base/global_costmap/static_map/publish_static_map: True
 * /robot1/move_base/global_costmap/transform_tolerance: 0.2
 * /robot1/move_base/global_costmap/update_frequency: 1.0
 * /robot1/move_base/global_costmap/z_resolution: 1
 * /robot1/move_base/global_costmap/z_voxels: 2
 * /robot1/move_base/local_costmap/global_frame: robot1/odom
 * /robot1/move_base/local_costmap/height: 3
 * /robot1/move_base/local_costmap/inflation_radius: 0.2
 * /robot1/move_base/local_costmap/plugins: [{'name': 'obstac...
 * /robot1/move_base/local_costmap/publish_frequency: 0.5
 * /robot1/move_base/local_costmap/resolution: 0.05
 * /robot1/move_base/local_costmap/robot_base_frame: robot1/base_footp...
 * /robot1/move_base/local_costmap/rolling_window: True
 * /robot1/move_base/local_costmap/scan/sensor_frame: robot1/base_scan
 * /robot1/move_base/local_costmap/scan/topic: /robot1/scan
 * /robot1/move_base/local_costmap/static_map: False
 * /robot1/move_base/local_costmap/transform_tolerance: 1.0
 * /robot1/move_base/local_costmap/update_frequency: 1.0
 * /robot1/move_base/local_costmap/width: 3
 * /robot1/move_base/oscillation_distance: 0.2
 * /robot1/move_base/oscillation_timeout: 10.0
 * /robot1/move_base/planner_frequency: 2
 * /robot1/move_base/planner_patience: 5.0
 * /robot1/move_base/shutdown_costmaps: False
 * /robot1/move_base/transform_tolerance: 2.0
 * /robot1/robot_description: <?xml version="1....
 * /robot1/tf_map2odom_node/odom_frame_id: robot1/odom
 * /robot1/tf_prefix: robot1
 * /robot2/move_base/PIDController/base_frame: base_link
 * /robot2/move_base/PIDController/convert_offset: 0.0
 * /robot2/move_base/PIDController/goal_dist_tolerance: 0.2
 * /robot2/move_base/PIDController/k: 1.0
 * /robot2/move_base/PIDController/k_theta: 0.7
 * /robot2/move_base/PIDController/k_v_d: 0.1
 * /robot2/move_base/PIDController/k_v_i: 0.1
 * /robot2/move_base/PIDController/k_v_p: 1.0
 * /robot2/move_base/PIDController/k_w_d: 0.1
 * /robot2/move_base/PIDController/k_w_i: 0.1
 * /robot2/move_base/PIDController/k_w_p: 1.0
 * /robot2/move_base/PIDController/l: 0.2
 * /robot2/move_base/PIDController/lookahead_time: 0.5
 * /robot2/move_base/PIDController/map_frame: map
 * /robot2/move_base/PIDController/max_lookahead_dist: 0.9
 * /robot2/move_base/PIDController/max_v: 0.5
 * /robot2/move_base/PIDController/max_v_inc: 0.5
 * /robot2/move_base/PIDController/max_w: 1.57
 * /robot2/move_base/PIDController/max_w_inc: 1.57
 * /robot2/move_base/PIDController/min_lookahead_dist: 0.3
 * /robot2/move_base/PIDController/min_v: 0.0
 * /robot2/move_base/PIDController/min_w: 0.0
 * /robot2/move_base/PIDController/rotate_tolerance: 0.5
 * /robot2/move_base/PathPlanner/convert_offset: 0.0
 * /robot2/move_base/PathPlanner/default_tolerance: 0.0
 * /robot2/move_base/PathPlanner/expand_zone: True
 * /robot2/move_base/PathPlanner/hybrid_astar/analytic_expansion_max_length: 5.0
 * /robot2/move_base/PathPlanner/hybrid_astar/analytic_expansion_ratio: 1.5
 * /robot2/move_base/PathPlanner/hybrid_astar/cache_obstacle_heuristic: False
 * /robot2/move_base/PathPlanner/hybrid_astar/change_penalty: 0.4
 * /robot2/move_base/PathPlanner/hybrid_astar/cost_penalty: 2.0
 * /robot2/move_base/PathPlanner/hybrid_astar/curve_sample_ratio: 0.15
 * /robot2/move_base/PathPlanner/hybrid_astar/dim_3_size: 32
 * /robot2/move_base/PathPlanner/hybrid_astar/downsample_obstacle_heuristic: True
 * /robot2/move_base/PathPlanner/hybrid_astar/goal_tolerance: 0.2
 * /robot2/move_base/PathPlanner/hybrid_astar/lookup_table_dim: 20.0
 * /robot2/move_base/PathPlanner/hybrid_astar/max_approach_iterations: 500
 * /robot2/move_base/PathPlanner/hybrid_astar/max_iterations: 20000
 * /robot2/move_base/PathPlanner/hybrid_astar/minimum_turning_radius: 0.3
 * /robot2/move_base/PathPlanner/hybrid_astar/motion_model: 2
 * /robot2/move_base/PathPlanner/hybrid_astar/non_straight_penalty: 1.5
 * /robot2/move_base/PathPlanner/hybrid_astar/retrospective_penalty: 0.025
 * /robot2/move_base/PathPlanner/hybrid_astar/reverse_penalty: 2.5
 * /robot2/move_base/PathPlanner/hybrid_astar/traverse_unknown: False
 * /robot2/move_base/PathPlanner/obstacle_factor: 0.5
 * /robot2/move_base/PathPlanner/outline_map: True
 * /robot2/move_base/PathPlanner/planner_name: theta_star
 * /robot2/move_base/PathPlanner/show_safety_corridor: False
 * /robot2/move_base/base_global_planner: path_planner/Path...
 * /robot2/move_base/base_local_planner: pid_controller/PI...
 * /robot2/move_base/conservative_reset_dist: 3.0
 * /robot2/move_base/controller_frequency: 20.0
 * /robot2/move_base/controller_patience: 15.0
 * /robot2/move_base/global_costmap/footprint: [[-0.21, -0.165],...
 * /robot2/move_base/global_costmap/footprint_padding: 0.1
 * /robot2/move_base/global_costmap/global_frame: map
 * /robot2/move_base/global_costmap/inflation_layer/cost_scaling_factor: 5
 * /robot2/move_base/global_costmap/inflation_layer/enabled: True
 * /robot2/move_base/global_costmap/inflation_layer/inflation_radius: 0.2
 * /robot2/move_base/global_costmap/map_type: costmap
 * /robot2/move_base/global_costmap/meter_scoring: True
 * /robot2/move_base/global_costmap/obstacle_layer/observation_sources: scan
 * /robot2/move_base/global_costmap/obstacle_layer/scan/clearing: True
 * /robot2/move_base/global_costmap/obstacle_layer/scan/data_type: LaserScan
 * /robot2/move_base/global_costmap/obstacle_layer/scan/expected_update_rate: 1
 * /robot2/move_base/global_costmap/obstacle_layer/scan/inf_is_valid: True
 * /robot2/move_base/global_costmap/obstacle_layer/scan/marking: True
 * /robot2/move_base/global_costmap/obstacle_layer/scan/max_obstacle_height: 0.2
 * /robot2/move_base/global_costmap/obstacle_layer/scan/min_obstacle_height: 0.0
 * /robot2/move_base/global_costmap/obstacle_layer/scan/observation_persistence: 0.0
 * /robot2/move_base/global_costmap/obstacle_layer/scan/obstacle_range: 2.5
 * /robot2/move_base/global_costmap/obstacle_layer/scan/raytrace_range: 3.0
 * /robot2/move_base/global_costmap/obstacle_layer/scan/sensor_frame: robot2/base_footp...
 * /robot2/move_base/global_costmap/obstacle_layer/scan/topic: /robot2/scan
 * /robot2/move_base/global_costmap/origin_z: 0.0
 * /robot2/move_base/global_costmap/plugins: [{'name': 'static...
 * /robot2/move_base/global_costmap/publish_frequency: 0.5
 * /robot2/move_base/global_costmap/publish_voxel_map: False
 * /robot2/move_base/global_costmap/robot_base_frame: robot2/base_footp...
 * /robot2/move_base/global_costmap/scan/sensor_frame: robot2/base_scan
 * /robot2/move_base/global_costmap/scan/topic: /robot2/scan
 * /robot2/move_base/global_costmap/static_map/clear_time: 20
 * /robot2/move_base/global_costmap/static_map/enabled: True
 * /robot2/move_base/global_costmap/static_map/publish_static_map: True
 * /robot2/move_base/global_costmap/transform_tolerance: 0.2
 * /robot2/move_base/global_costmap/update_frequency: 1.0
 * /robot2/move_base/global_costmap/z_resolution: 1
 * /robot2/move_base/global_costmap/z_voxels: 2
 * /robot2/move_base/local_costmap/global_frame: robot2/odom
 * /robot2/move_base/local_costmap/height: 3
 * /robot2/move_base/local_costmap/inflation_radius: 0.2
 * /robot2/move_base/local_costmap/plugins: [{'name': 'obstac...
 * /robot2/move_base/local_costmap/publish_frequency: 0.5
 * /robot2/move_base/local_costmap/resolution: 0.05
 * /robot2/move_base/local_costmap/robot_base_frame: robot2/base_footp...
 * /robot2/move_base/local_costmap/rolling_window: True
 * /robot2/move_base/local_costmap/scan/sensor_frame: robot2/base_scan
 * /robot2/move_base/local_costmap/scan/topic: /robot2/scan
 * /robot2/move_base/local_costmap/static_map: False
 * /robot2/move_base/local_costmap/transform_tolerance: 1.0
 * /robot2/move_base/local_costmap/update_frequency: 1.0
 * /robot2/move_base/local_costmap/width: 3
 * /robot2/move_base/oscillation_distance: 0.2
 * /robot2/move_base/oscillation_timeout: 10.0
 * /robot2/move_base/planner_frequency: 2
 * /robot2/move_base/planner_patience: 5.0
 * /robot2/move_base/shutdown_costmaps: False
 * /robot2/move_base/transform_tolerance: 2.0
 * /robot2/robot_description: <?xml version="1....
 * /robot2/tf_map2odom_node/odom_frame_id: robot2/odom
 * /robot2/tf_prefix: robot2
 * /rosdistro: noetic
 * /rosversion: 1.17.4
 * /use_sim_time: True

NODES
  /
    gazebo (gazebo_ros/gzserver)
    map_server (map_server/map_server)
    rviz (rviz/rviz)
  /robot1/
    ground_truth_odom_publisher (sim_env/ground_truth_odom_publisher.py)
    joint_state_publisher (joint_state_publisher/joint_state_publisher)
    move_base (move_base/move_base)
    robot_state_publisher (robot_state_publisher/robot_state_publisher)
    tf_map2odom_node (sim_env/tf_map2odom.py)
    urdf_spawner (gazebo_ros/spawn_model)
  /robot2/
    ground_truth_odom_publisher (sim_env/ground_truth_odom_publisher.py)
    joint_state_publisher (joint_state_publisher/joint_state_publisher)
    move_base (move_base/move_base)
    robot_state_publisher (robot_state_publisher/robot_state_publisher)
    tf_map2odom_node (sim_env/tf_map2odom.py)
    urdf_spawner (gazebo_ros/spawn_model)
[33m[WARN] [1774249737.210683224]: link 'base_scan' material 'dark' undefined.[0m
[33m[WARN] [1774249737.211095225]: link 'base_scan' material 'dark' undefined.[0m
[33m[WARN] [1774249737.211263824]: The root link base_footprint has an inertia specified in the URDF, but KDL does not support a root link with an inertia.  As a workaround, you can add an extra dummy link to your URDF.[0m
[33m[WARN] [1774249737.238658869]: link 'base_scan' material 'dark' undefined.[0m
[33m[WARN] [1774249737.239039999]: link 'base_scan' material 'dark' undefined.[0m
[33m[WARN] [1774249737.239232345]: The root link base_footprint has an inertia specified in the URDF, but KDL does not support a root link with an inertia.  As a workaround, you can add an extra dummy link to your URDF.[0m
[33m[WARN] [1774249738.277793420]: link 'base_scan' material 'dark' undefined.[0m
[33m[WARN] [1774249738.277814792]: link 'base_scan' material 'dark' undefined.[0m
Warning: Warning: TF_REPEATED_DATA ignoring data with redundant timestamp for frame robot2/odom (parent map) at time 83.400000 according to authority unknown_publisherTF_REPEATED_DATA ignoring data with redundant timestamp for frame robot2/odom (parent map) at time 83.400000 according to authority unknown_publisher

         at line          at line 277277 in  in /tmp/binarydeb/ros-noetic-tf2-0.7.10/src/buffer_core.cpp/tmp/binarydeb/ros-noetic-tf2-0.7.10/src/buffer_core.cpp

[33m[WARN] [1774249738.628467329]: TF_REPEATED_DATA ignoring data with redundant timestamp for frame robot2/odom (parent map) at time 83.400000 according to authority unknown_publisher[0m
Warning: TF_REPEATED_DATA ignoring data with redundant timestamp for frame robot1/odom (parent map) at time 83.408000 according to authority unknown_publisher
Warning:          at line TF_REPEATED_DATA ignoring data with redundant timestamp for frame robot1/odom (parent map) at time 83.408000 according to authority unknown_publisher277
 in          at line /tmp/binarydeb/ros-noetic-tf2-0.7.10/src/buffer_core.cpp277
 in /tmp/binarydeb/ros-noetic-tf2-0.7.10/src/buffer_core.cpp
[33m[WARN] [1774249738.632476910]: TF_REPEATED_DATA ignoring data with redundant timestamp for frame robot1/odom (parent map) at time 83.408000 according to authority unknown_publisher[0m
[33m[WARN] [1774249738.917812574]: link 'base_scan' material 'dark' undefined.[0m
[33m[WARN] [1774249738.917839882]: link 'base_scan' material 'dark' undefined.[0m
[INFO] [1774249737.761925, 0.000000]: Loading model XML from ros parameter robot_description
[INFO] [1774249737.765918, 0.000000]: Waiting for service /gazebo/spawn_urdf_model
[INFO] [1774249738.670302, 83.434000]: Calling service /gazebo/spawn_urdf_model
[INFO] [1774249740.535255, 83.526000]: Spawn status: SpawnModel: Successfully spawned entity
[33m[WARN] [1774249740.747156374, 83.526000000]: GazeboRosSkidSteerDrive Plugin (ns = /robot1//) missing <covariance_x>, defaults to 0.000100[0m
[33m[WARN] [1774249740.747187244, 83.526000000]: GazeboRosSkidSteerDrive Plugin (ns = /robot1//) missing <covariance_y>, defaults to 0.000100[0m
[33m[WARN] [1774249740.747200305, 83.526000000]: GazeboRosSkidSteerDrive Plugin (ns = /robot1//) missing <covariance_yaw>, defaults to 0.010000[0m
[33m[WARN] [1774249740.750237471, 83.530000000]: Timed out waiting for transform from robot2/base_footprint to map to become available before running costmap, tf error: Could not find a connection between 'map' and 'robot2/base_footprint' because they are not part of the same tree.Tf has two or more unconnected trees.. canTransform returned after 83.53 timeout was 0.1.[0m
[33m[WARN] [1774249740.750288525, 83.530000000]: Timed out waiting for transform from robot1/base_footprint to map to become available before running costmap, tf error: canTransform: source_frame robot1/base_footprint does not exist.. canTransform returned after 83.53 timeout was 0.1.[0m
[INFO] [1774249737.769567, 0.000000]: Loading model XML from ros parameter robot_description
[INFO] [1774249737.772492, 0.000000]: Waiting for service /gazebo/spawn_urdf_model
[INFO] [1774249738.675967, 83.444000]: Calling service /gazebo/spawn_urdf_model
[INFO] [1774249741.038696, 83.926000]: Spawn status: SpawnModel: Successfully spawned entity
[33m[WARN] [1774249741.739781202, 83.926000000]: GazeboRosSkidSteerDrive Plugin (ns = /robot2//) missing <covariance_x>, defaults to 0.000100[0m
[33m[WARN] [1774249741.739804949, 83.926000000]: GazeboRosSkidSteerDrive Plugin (ns = /robot2//) missing <covariance_y>, defaults to 0.000100[0m
[33m[WARN] [1774249741.739815635, 83.926000000]: GazeboRosSkidSteerDrive Plugin (ns = /robot2//) missing <covariance_yaw>, defaults to 0.010000[0m
[33m[WARN] [1774249741.743026149, 83.930000000]: global_costmap: Pre-Hydro parameter "static_map" unused since "plugins" is provided[0m
[33m[WARN] [1774249741.743179314, 83.930000000]: global_costmap: Pre-Hydro parameter "map_type" unused since "plugins" is provided[0m
[33m[WARN] [1774249741.793275925, 84.032000000]: global_costmap: Pre-Hydro parameter "static_map" unused since "plugins" is provided[0m
[33m[WARN] [1774249741.793455211, 84.032000000]: global_costmap: Pre-Hydro parameter "map_type" unused since "plugins" is provided[0m
WARNING: Logging before InitGoogleLogging() is written to STDERR
I20260323 15:09:02.035902 451734 path_planner_factory.cpp:308] Using path planner: theta_star
WARNING: Logging before InitGoogleLogging() is written to STDERR
I20260323 15:09:02.036046 451783 path_planner_factory.cpp:308] Using path planner: theta_star
[33m[WARN] [1774249742.039926313, 84.520000000]: local_costmap: Pre-Hydro parameter "static_map" unused since "plugins" is provided[0m
[33m[WARN] [1774249742.040261137, 84.522000000]: local_costmap: Pre-Hydro parameter "static_map" unused since "plugins" is provided[0m
[33m[WARN] [1774249742.526474796, 85.494000000]: The /robot2/scan observation buffer has not been updated for 1.04 seconds, and it should be updated every 1.00 seconds.[0m
[33m[WARN] [1774249742.527379535, 85.494000000]: The /robot1/scan observation buffer has not been updated for 1.04 seconds, and it should be updated every 1.00 seconds.[0m
[0m[INFO] [1774249741.743450023, 83.932000000]: global_costmap: Using plugin "static_map"[0m
[0m[INFO] [1774249741.746852883, 83.938000000]: Requesting the map...[0m
[0m[INFO] [1774249741.950018847, 84.342000000]: Resizing costmap to 480 X 480 at 0.050000 m/pix[0m
[0m[INFO] [1774249741.999603723, 84.440000000]: Received a 480 X 480 map at 0.050000 m/pix[0m
[0m[INFO] [1774249742.001634041, 84.444000000]: global_costmap: Using plugin "obstacle_layer"[0m
[0m[INFO] [1774249742.003217927, 84.448000000]:     Subscribed to Topics: scan[0m
[0m[INFO] [1774249742.011930484, 84.464000000]: global_costmap: Using plugin "voronoi_layer"[0m
[0m[INFO] [1774249742.014517655, 84.470000000]: global_costmap: Using plugin "inflation_layer"[0m
[0m[INFO] [1774249742.040847674, 84.522000000]: local_costmap: Using plugin "obstacle_layer"[0m
[0m[INFO] [1774249742.042209530, 84.526000000]:     Subscribed to Topics: [0m
[0m[INFO] [1774249742.048270801, 84.538000000]: local_costmap: Using plugin "inflation_layer"[0m
[0m[INFO] [1774249742.067228747, 84.576000000]: Created local_planner pid_controller/PIDController[0m
[0m[INFO] [1774249742.075221788, 84.592000000]: PID Controller initialized![0m
[0m[INFO] [1774249742.569762125, 85.576000000]: Recovery behavior will clear layer 'obstacles'[0m
[0m[INFO] [1774249742.573001135, 85.584000000]: Recovery behavior will clear layer 'obstacles'[0m
[0m[INFO] [1774249742.590752763, 85.620000000]: odom received![0m
[0m[INFO] [1774249747.921845286, 96.230000000]: Got new plan[0m
[0m[INFO] [1774249748.192718195, 96.730000000]: Got new plan[0m
[0m[INFO] [1774249748.464880534, 97.230000000]: Got new plan[0m
[0m[INFO] [1774249748.745631949, 97.730000000]: Got new plan[0m
[0m[INFO] [1774249749.025549865, 98.230000000]: Got new plan[0m
[0m[INFO] [1774249749.294787834, 98.730000000]: Got new plan[0m
[0m[INFO] [1774249749.556497003, 99.230000000]: Got new plan[0m
[0m[INFO] [1774249749.827665555, 99.730000000]: Got new plan[0m
[0m[INFO] [1774249750.095419372, 100.230000000]: Got new plan[0m
[0m[INFO] [1774249750.377251248, 100.730000000]: Got new plan[0m
[0m[INFO] [1774249750.654901381, 101.230000000]: Got new plan[0m
[0m[INFO] [1774249750.927998141, 101.730000000]: Got new plan[0m
[0m[INFO] [1774249751.206460401, 102.230000000]: Got new plan[0m
[0m[INFO] [1774249751.500733019, 102.730000000]: Got new plan[0m
[0m[INFO] [1774249751.775898090, 103.230000000]: Got new plan[0m
[0m[INFO] [1774249752.054252304, 103.730000000]: Got new plan[0m
[0m[INFO] [1774249752.352044140, 104.230000000]: Got new plan[0m
[0m[INFO] [1774249752.475298686, 104.432000000]: Got new plan[0m
[0m[INFO] [1774249752.750303468, 104.930000000]: Got new plan[0m
[0m[INFO] [1774249753.057606928, 105.430000000]: Got new plan[0m
[0m[INFO] [1774249753.338332220, 105.930000000]: Got new plan[0m
[0m[INFO] [1774249753.622365386, 106.430000000]: Got new plan[0m
[0m[INFO] [1774249753.892965210, 106.930000000]: Got new plan[0m
[0m[INFO] [1774249754.188139003, 107.430000000]: Got new plan[0m
[0m[INFO] [1774249754.478974328, 107.930000000]: Got new plan[0m
[0m[INFO] [1774249754.762887574, 108.430000000]: Got new plan[0m
[0m[INFO] [1774249755.072309213, 108.930000000]: Got new plan[0m
[0m[INFO] [1774249755.365637910, 109.432000000]: Got new plan[0m
[0m[INFO] [1774249755.650731352, 109.930000000]: Got new plan[0m
[0m[INFO] [1774249755.935562397, 110.430000000]: Got new plan[0m
[0m[INFO] [1774249756.196986607, 110.930000000]: Got new plan[0m
[0m[INFO] [1774249756.475663770, 111.430000000]: Got new plan[0m
[0m[INFO] [1774249756.754198454, 111.932000000]: Got new plan[0m
[0m[INFO] [1774249757.029883569, 112.430000000]: Got new plan[0m
[0m[INFO] [1774249757.336897320, 112.932000000]: Got new plan[0m
[0m[INFO] [1774249757.627078430, 113.430000000]: Got new plan[0m
[0m[INFO] [1774249757.895195564, 113.930000000]: Got new plan[0m
[0m[INFO] [1774249758.187534035, 114.430000000]: Got new plan[0m
[0m[INFO] [1774249758.493734471, 114.930000000]: Got new plan[0m
[0m[INFO] [1[0m[INFO] [1774249741.794118923, 84.032000000]: global_costmap: Using plugin "static_map"[0m
[0m[INFO] [1774249741.796928123, 84.038000000]: Requesting the map...[0m
[0m[INFO] [1774249741.949238777, 84.340000000]: Resizing costmap to 480 X 480 at 0.050000 m/pix[0m
[0m[INFO] [1774249741.999991977, 84.440000000]: Received a 480 X 480 map at 0.050000 m/pix[0m
[0m[INFO] [1774249742.002004485, 84.444000000]: global_costmap: Using plugin "obstacle_layer"[0m
[0m[INFO] [1774249742.003453016, 84.448000000]:     Subscribed to Topics: scan[0m
[0m[INFO] [1774249742.011980352, 84.464000000]: global_costmap: Using plugin "voronoi_layer"[0m
[0m[INFO] [1774249742.014159085, 84.468000000]: global_costmap: Using plugin "inflation_layer"[0m
[0m[INFO] [1774249742.040575777, 84.522000000]: local_costmap: Using plugin "obstacle_layer"[0m
[0m[INFO] [1774249742.041869957, 84.524000000]:     Subscribed to Topics: [0m
[0m[INFO] [1774249742.047971596, 84.536000000]: local_costmap: Using plugin "inflation_layer"[0m
[0m[INFO] [1774249742.067384286, 84.576000000]: Created local_planner pid_controller/PIDController[0m
[0m[INFO] [1774249742.075472312, 84.592000000]: PID Controller initialized![0m
[0m[INFO] [1774249742.569687324, 85.576000000]: Recovery behavior will clear layer 'obstacles'[0m
[0m[INFO] [1774249742.572920398, 85.584000000]: Recovery behavior will clear layer 'obstacles'[0m
[0m[INFO] [1774249742.589836152, 85.618000000]: odom received![0m
[0m[INFO] [1774249747.922238289, 96.232000000]: Got new plan[0m
[0m[INFO] [1774249748.193607498, 96.732000000]: Got new plan[0m
[0m[INFO] [1774249748.465925376, 97.232000000]: Got new plan[0m
[0m[INFO] [1774249748.746379961, 97.732000000]: Got new plan[0m
[0m[INFO] [1774249749.026576897, 98.232000000]: Got new plan[0m
[0m[INFO] [1774249749.295414739, 98.732000000]: Got new plan[0m
[0m[INFO] [1774249749.558809903, 99.234000000]: Got new plan[0m
[0m[INFO] [1774249749.828756702, 99.732000000]: Got new plan[0m
[0m[INFO] [1774249750.096178070, 100.232000000]: Got new plan[0m
[0m[INFO] [1774249750.378421946, 100.732000000]: Got new plan[0m
[0m[INFO] [1774249750.656244241, 101.234000000]: Got new plan[0m
[0m[INFO] [1774249750.929028735, 101.732000000]: Got new plan[0m
[0m[INFO] [1774249751.208179641, 102.234000000]: Got new plan[0m
[0m[INFO] [1774249751.502131683, 102.732000000]: Got new plan[0m
[0m[INFO] [1774249751.777062852, 103.232000000]: Got new plan[0m
[0m[INFO] [1774249752.054982506, 103.732000000]: Got new plan[0m
[0m[INFO] [1774249752.352253108, 104.232000000]: Got new plan[0m
[0m[INFO] [1774249752.475420980, 104.432000000]: Got new plan[0m
[0m[INFO] [1774249752.751662950, 104.932000000]: Got new plan[0m
[0m[INFO] [1774249752.962921686, 105.284000000]: GOAL Reached![0m
[0m[INFO] [1774249758.757979753, 115.382000000]: Got new plan[0m
[0m[INFO] [1774249758.782482484, 115.432000000]: GOAL Reached![0m
[0m[INFO] [1774249765.188648370, 126.520000000]: Got new plan[0m
[0m[INFO] [1774249765.457783034, 127.022000000]: Got new plan[0m
[0m[INFO] [1774249765.733637932, 127.520000000]: Got new plan[0m
[0m[INFO] [1774249765.997557885, 128.020000000]: Got new plan[0m
[0m[INFO] [1774249766.264788088, 128.520000000]: Got new plan[0m
[0m[INFO] [1774249766.536267709, 129.020000000]: Got new plan[0m
[0m[INFO] [1774249766.809484381, 129.520000000]: Got new plan[0m
[0m[INFO] [1774249767.073417394, 130.020000000]: Got new plan[0m
[0m[INFO] [1774249767.341960772, 130.520000000]: Got new plan[0m
[0m[INFO] [1774249767.614060175, 131.020000000]: Got new plan[0m
[0m[INFO] [1774249767.879269557, 131.520000000]: Got new plan[0m
[0m[INFO] [1774249768.149851564, 132.020000000]: Got new plan[0m
[0m[INFO] [1774249768.414732058, 132.520000000]: Got new plan[0m
[0m[INFO] [1774249768.683346675, 133.020000000]: Got new plan[0m
[0m[INFO] [1774249768.971222003, 133.520000000]: Got new plan[0m
[0m[INFO] [1774249769.250870388, 134.020000000]: Got new plan[0m
[0m[INFO] [1774249769.528550196, 134.520000000]: Got new plan[0m
[0m[INFO] E20260323 15:09:31.980871 452017 path_planner_node.cpp:250] Failed to get a path.
E20260323 15:09:33.076099 452017 path_planner_node.cpp:250] Failed to get a path.
[33m[WARN] [1774249773.079742368, 140.736000000]: Map update loop missed its desired rate of 1.0000Hz... the loop actually took 3.2420 seconds[0m
E20260323 15:09:34.163874 452017 path_planner_node.cpp:250] Failed to get a path.
E20260323 15:09:35.263007 452017 path_planner_node.cpp:250] Failed to get a path.
[33m[WARN] [1774249775.267243634, 144.468000000]: Map update loop missed its desired rate of 1.0000Hz... the loop actually took 3.7320 seconds[0m
[33m[WARN] [1774249775.274233389, 144.482000000]: Clearing both costmaps outside a square (3.00m) large centered on the robot.[0m
E20260323 15:09:36.431046 452017 path_planner_node.cpp:250] Failed to get a path.
E20260323 15:09:37.525914 452017 path_planner_node.cpp:250] Failed to get a path.
E20260323 15:09:38.612849 452017 path_planner_node.cpp:250] Failed to get a path.
[33m[WARN] [1774249778.616305166, 150.410000000]: Map update loop missed its desired rate of 1.0000Hz... the loop actually took 4.9420 seconds[0m
[33m[WARN] [1774249778.627089597, 150.430000000]: Rotate recovery behavior started.[0m
774249758.781770092, 115.430000000]: Got new plan[0m
[0m[INFO] [1774249759.069995684, 115.930000000]: Got new plan[0m
[0m[INFO] [1774249759.365804692, 116.430000000]: Got new plan[0m
[0m[INFO] [1774249759.643308780, 116.930000000]: Got new plan[0m
[0m[INFO] [1774249759.930259190, 117.432000000]: Got new plan[0m
[0m[INFO] [1774249760.223540392, 117.930000000]: Got new plan[0m
[0m[INFO] [1774249760.529613784, 118.430000000]: Got new plan[0m
[0m[INFO] [1774249760.815245081, 118.930000000]: Got new plan[0m
[0m[INFO] [1774249761.115303507, 119.430000000]: Got new plan[0m
[0m[INFO] [1774249761.409791026, 119.930000000]: Got new plan[0m
[0m[INFO] [1774249761.688541800, 120.430000000]: Got new plan[0m
[0m[INFO] [1774249761.997298536, 120.930000000]: Got new plan[0m
[0m[INFO] [1774249762.294069271, 121.430000000]: Got new plan[0m
[0m[INFO] [1774249762.567448607, 121.930000000]: Got new plan[0m
[0m[INFO] [1774249762.835239227, 122.432000000]: Got new plan[0m
[0m[INFO] [1774249763.108346666, 122.930000000]: Got new plan[0m
[0m[INFO] [1774249763.385159733, 123.430000000]: Got new plan[0m
[0m[INFO] [1774249763.663138748, 123.930000000]: Got new plan[0m
[0m[INFO] [1774249763.935695270, 124.430000000]: Got new plan[0m
[0m[INFO] [1774249764.226211201, 124.930000000]: Got new plan[0m
[0m[INFO] [1774249764.535078356, 125.430000000]: Got new plan[0m
[0m[INFO] [1774249764.833489967, 125.930000000]: Got new plan[0m
[0m[INFO] [1774249765.125682394, 126.430000000]: Got new plan[0m
[0m[INFO] [1774249765.194593283, 126.532000000]: Got new plan[0m
[0m[INFO] [1774249765.462296039, 127.032000000]: Got new plan[0m
[0m[INFO] [1774249765.738294603, 127.530000000]: Got new plan[0m
[0m[INFO] [1774249766.002714418, 128.030000000]: Got new plan[0m
[0m[INFO] [1774249766.270312689, 128.532000000]: Got new plan[0m
[0m[INFO] [1774249766.541304322, 129.030000000]: Got new plan[0m
[0m[INFO] [1774249766.814366642, 129.530000000]: Got new plan[0m
[0m[INFO] [1774249767.078956244, 130.030000000]: Got new plan[0m
[0m[INFO] [1774249767.346469028, 130.530000000]: Got new plan[0m
[0m[INFO] [1774249767.618490067, 131.030000000]: Got new plan[0m
[0m[INFO] [1774249767.884320418, 131.530000000]: Got new plan[0m
[0m[INFO] [1774249768.154447681, 132.030000000]: Got new plan[0m
[0m[INFO] [1774249768.420141490, 132.530000000]: Got new plan[0m
[0m[INFO] [1774249768.688580383, 133.030000000]: Got new plan[0m
[0m[INFO] [1774249768.977495804, 133.532000000]: Got new plan[0m
[0m[INFO] [1774249769.255692096, 134.030000000]: Got new plan[0m
[0m[INFO] [1774249769.534059362, 134.530000000]: Got new plan[0m
[0m[INFO] [1774249769.823057895, 135.030000000]: Got new plan[0m
[0m[INFO] [1774249770.096327995, 135.530000000]: Got new plan[0m
[0m[INFO] [1774249770.363247117, 136.032000000]: Got new plan[0m
[0m[INFO] [1774249770.639606624, 136.530000000]: Got new plan[0m
[0m[INFO] [1774249792.486760930, 174.932000000]: Got new plan[0m
[0m[INFO] [1774249792.774104328, 175.432000000]: Got new plan[0m
[0m[INFO] [1774249793.069726910, 175.932000000]: Got new plan[0m
[0m[INFO] [1774249793.347595491, 176.432000000]: Got new plan[0m
[0m[INFO] [1774249793.627507451, 176.932000000]: Got new plan[0m
[0m[INFO] [1774249793.923490979, 177.432000000]: Got new plan[0m
[0m[INFO] [1774249794.196237459, 177.932000000]: Got new plan[0m
[0m[INFO] [1774249794.477299932, 178.432000000]: Got new plan[0m
[0m[INFO] [1774249794.753233180, 178.934000000]: Got new plan[0m
[0m[INFO] [1774249795.029066694, 179.432000000]: Got new plan[0m
[0m[INFO] [1774249795.330407410, 179.932000000]: Got new plan[0m
[0m[INFO] [1774249795.608994319, 180.432000000]: Got new plan[0m
[0m[INFO] [1774249796.037698889, 180.932000000]: Got new plan[0m
[0m[INFO] [1774249796.345664852, 181.432000000]: Got new plan[0m
[0m[INFO] [1774249796.651493638, 181.932000000]: Got new plan[0m
[0m[INFO] [1774249796.927948120, 182.432000000]: Got new plan[0m
[0m[INFO] [1774249797.226606678, 182.932000000]: Got new plan[0m
[0m[INFO] [1774249797[1774249769.818149513, 135.022000000]: Got new plan[0m
[0m[INFO] [1774249770.091885042, 135.520000000]: Got new plan[0m
[0m[INFO] [1774249770.357723703, 136.020000000]: Got new plan[0m
[0m[INFO] [1774249770.634252997, 136.520000000]: Got new plan[0m
[0m[INFO] [1774249770.918374017, 137.020000000]: Got new plan[0m
[0m[INFO] [1774249771.197687576, 137.520000000]: Got new plan[0m
[0m[INFO] [1774249771.493701985, 138.022000000]: Got new plan[0m
[0m[INFO] [1774249771.774624363, 138.520000000]: Got new plan[0m
[0m[INFO] [1774249772.059888773, 139.020000000]: Got new plan[0m
[0m[INFO] [1774249772.215072734, 139.270000000]: Got new plan[0m
[0m[INFO] [1774249772.511075269, 139.770000000]: Got new plan[0m
[0m[INFO] [1774249772.796609200, 140.270000000]: Got new plan[0m
[0m[INFO] [1774249773.097847817, 140.770000000]: Got new plan[0m
[0m[INFO] [1774249773.376712568, 141.270000000]: Got new plan[0m
[0m[INFO] [1774249773.648062769, 141.770000000]: Got new plan[0m
[0m[INFO] [1774249773.950102827, 142.270000000]: Got new plan[0m
[0m[INFO] [1774249774.256005238, 142.770000000]: Got new plan[0m
[0m[INFO] [1774249774.567333703, 143.270000000]: Got new plan[0m
[0m[INFO] [1774249774.852207483, 143.772000000]: Got new plan[0m
[0m[INFO] [1774249775.145488678, 144.270000000]: Got new plan[0m
[0m[INFO] [1774249775.434965698, 144.770000000]: Got new plan[0m
[0m[INFO] [1774249775.720149368, 145.270000000]: Got new plan[0m
[0m[INFO] [1774249775.989139175, 145.770000000]: Got new plan[0m
[0m[INFO] [1774249776.260476314, 146.270000000]: Got new plan[0m
[0m[INFO] [1774249776.555982547, 146.770000000]: Got new plan[0m
[0m[INFO] [1774249776.847004270, 147.270000000]: Got new plan[0m
[0m[INFO] [1774249777.112775251, 147.770000000]: Got new plan[0m
[0m[INFO] [1774249777.411070499, 148.270000000]: Got new plan[0m
[0m[INFO] [1774249777.698511264, 148.770000000]: Got new plan[0m
[0m[INFO] [1774249777.981503139, 149.270000000]: Got new plan[0m
[0m[INFO] [1774249778.247542454, 149.770000000]: Got new plan[0m
[0m[INFO] [1774249778.535788222, 150.270000000]: Got new plan[0m
[0m[INFO] [1774249778.832189693, 150.772000000]: Got new plan[0m
[0m[INFO] [1774249779.112692944, 151.270000000]: Got new plan[0m
[0m[INFO] [1774249779.324357735, 151.620000000]: GOAL Reached![0m
[0m[INFO] [1774249796.018327757, 180.894000000]: Got new plan[0m
[0m[INFO] [1774249796.326800706, 181.394000000]: Got new plan[0m
[0m[INFO] [1774249796.631981216, 181.894000000]: Got new plan[0m
[0m[INFO] [1774249796.903048825, 182.394000000]: Got new plan[0m
[0m[INFO] [1774249797.207064573, 182.894000000]: Got new plan[0m
[0m[INFO] [1774249797.484606639, 183.394000000]: Got new plan[0m
[0m[INFO] [1774249797.794069813, 183.894000000]: Got new plan[0m
[0m[INFO] [1774249798.059993950, 184.394000000]: Got new plan[0m
[0m[INFO] [1774249798.366079196, 184.894000000]: Got new plan[0m
[0m[INFO] [1774249798.648917898, 185.394000000]: Got new plan[0m
[0m[INFO] [1774249798.924376217, 185.894000000]: Got new plan[0m
[0m[INFO] [1774249799.229582847, 186.394000000]: Got new plan[0m
[0m[INFO] [1774249799.526531663, 186.896000000]: Got new plan[0m
[0m[INFO] [1774249799.826549702, 187.394000000]: Got new plan[0m
[0m[INFO] [1774249800.112668970, 187.894000000]: Got new plan[0m
[0m[INFO] [1774249800.271029007, 188.146000000]: Got new plan[0m
[0m[INFO] [1774249800.542116799, 188.644000000]: Got new plan[0m
[0m[INFO] [1774249800.812742723, 189.144000000]: Got new plan[0m
[0m[INFO] [1774249801.090840454, 189.644000000]: Got new plan[0m
[0m[INFO] [1774249801.372006220, 190.144000000]: Got new plan[0m
[0m[INFO] [1774249801.638326920, 190.644000000]: Got new plan[0m
[0m[INFO] [1774249801.946182460, 191.146000000]: Got new plan[0m
[0m[INFO] [1774249802.253977447, 191.644000000]: Got new plan[0m
[0m[INFO] [1774249802.546748081, 192.144000000]: Got new plan[0m
[0m[INFO] [1774249802.813056908, 192.644000000]: Got new plan[0m
[0m[INFO] [1774249803.103088395, 193.144000000]: Got new plan[0m
[0m[INFO] [1774249.504311408, 183.434000000]: Got new plan[0m
[0m[INFO] [1774249797.812605071, 183.932000000]: Got new plan[0m
[0m[INFO] [1774249798.088969315, 184.432000000]: Got new plan[0m
[0m[INFO] [1774249798.397185802, 184.934000000]: Got new plan[0m
[0m[INFO] [1774249798.667938770, 185.432000000]: Got new plan[0m
[0m[INFO] [1774249798.944243648, 185.934000000]: Got new plan[0m
[0m[INFO] [1774249799.249043027, 186.432000000]: Got new plan[0m
[0m[INFO] [1774249799.557948159, 186.932000000]: Got new plan[0m
[0m[INFO] [1774249799.850123948, 187.432000000]: Got new plan[0m
[0m[INFO] [1774249800.131847755, 187.932000000]: Got new plan[0m
[0m[INFO] [1774249800.264491621, 188.132000000]: Got new plan[0m
[0m[INFO] [1774249800.535352635, 188.632000000]: Got new plan[0m
[0m[INFO] [1774249800.807243055, 189.132000000]: Got new plan[0m
[0m[INFO] [1774249801.084554780, 189.632000000]: Got new plan[0m
[0m[INFO] [1774249801.362600268, 190.132000000]: Got new plan[0m
[0m[INFO] [1774249801.632296520, 190.632000000]: Got new plan[0m
[0m[INFO] [1774249801.940181743, 191.134000000]: Got new plan[0m
[0m[INFO] [1774249802.247069617, 191.632000000]: Got new plan[0m
[0m[INFO] [1774249802.541262661, 192.134000000]: Got new plan[0m
[0m[INFO] [1774249802.806260686, 192.632000000]: Got new plan[0m
[0m[INFO] [1774249803.096736231, 193.132000000]: Got new plan[0m
[0m[INFO] [1774249803.370430189, 193.632000000]: Got new plan[0m
[0m[INFO] [1774249803.395866153, 193.682000000]: Got new plan[0m
[0m[INFO] [1774249803.504058343, 193.882000000]: Got new plan[0m
[0m[INFO] [1774249803.772585084, 194.382000000]: Got new plan[0m
[0m[INFO] [1774249804.053647552, 194.882000000]: Got new plan[0m
[0m[INFO] [1774249804.333680614, 195.382000000]: Got new plan[0m
[0m[INFO] [1774249804.606031713, 195.882000000]: Got new plan[0m
[0m[INFO] [1774249804.874813727, 196.382000000]: Got new plan[0m
[0m[INFO] [1774249805.152360539, 196.882000000]: Got new plan[0m
[0m[INFO] [1774249805.457244215, 197.382000000]: Got new plan[0m
[0m[INFO] [1774249805.737007754, 197.882000000]: Got new plan[0m
[0m[INFO] [1774249806.013616583, 198.382000000]: Got new plan[0m
[0m[INFO] [1774249806.309176232, 198.882000000]: Got new plan[0m
[0m[INFO] [1774249806.585726882, 199.382000000]: Got new plan[0m
[0m[INFO] [1774249806.893989670, 199.882000000]: Got new plan[0m
[0m[INFO] [1774249807.173462316, 200.384000000]: Got new plan[0m
[0m[INFO] [1774249807.442314380, 200.882000000]: Got new plan[0m
[0m[INFO] [1774249807.717683646, 201.382000000]: Got new plan[0m
[0m[INFO] [1774249807.995029801, 201.882000000]: Got new plan[0m
[0m[INFO] [1774249808.301917671, 202.382000000]: Got new plan[0m
[0m[INFO] [1774249808.610149589, 202.882000000]: Got new plan[0m
[0m[INFO] [1774249808.906749329, 203.384000000]: Got new plan[0m
[0m[INFO] [1774249809.213074410, 203.882000000]: Got new plan[0m
[0m[INFO] [1774249809.520256735, 204.384000000]: Got new plan[0m
[0m[INFO] [1774249809.827672963, 204.884000000]: Got new plan[0m
[0m[INFO] [1774249810.052896942, 205.232000000]: Got new plan[0m
[0m[INFO] [1774249810.344781832, 205.732000000]: Got new plan[0m
[0m[INFO] [1774249810.626885578, 206.232000000]: Got new plan[0m
[0m[INFO] [1774249810.915546894, 206.732000000]: Got new plan[0m
[0m[INFO] [1774249811.193966384, 207.232000000]: Got new plan[0m
[0m[INFO] [1774249811.495815266, 207.732000000]: Got new plan[0m
[0m[INFO] [1774249811.781635324, 208.232000000]: Got new plan[0m
[0m[INFO] [1774249812.087779931, 208.732000000]: Got new plan[0m
[0m[INFO] [1774249812.363913829, 209.232000000]: Got new plan[0m
[0m[INFO] [1774249812.660245233, 209.732000000]: Got new plan[0m
[0m[INFO] [1774249812.967273206, 210.234000000]: Got new plan[0m
[0m[INFO] [1774249813.274541017, 210.732000000]: Got new plan[0m
[0m[INFO] [1774249813.572317389, 211.232000000]: Got new plan[0m
[0m[INFO] [1774249813.865678117, 211.734000000]: Got new plan[0m
[0m[INFO] [1774249814.142132592, 212.232000000]: Got new plan[0m
[0m[INFO] [1774249814.43435111E20260323 15:10:26.155659 452011 path_planner_node.cpp:250] Failed to get a path.
E20260323 15:10:27.249315 452011 path_planner_node.cpp:250] Failed to get a path.
E20260323 15:10:28.405316 452011 path_planner_node.cpp:250] Failed to get a path.
[33m[WARN] [1774249828.409734380, 236.466000000]: Map update loop missed its desired rate of 1.0000Hz... the loop actually took 4.9720 seconds[0m
E20260323 15:10:28.579002 452017 path_planner_node.cpp:250] Failed to get a path.
803.376793039, 193.644000000]: Got new plan[0m
[0m[INFO] [1774249803.485022036, 193.844000000]: Got new plan[0m
[0m[INFO] [1774249803.753434794, 194.344000000]: Got new plan[0m
[0m[INFO] [1774249804.034541194, 194.844000000]: Got new plan[0m
[0m[INFO] [1774249804.314551696, 195.346000000]: Got new plan[0m
[0m[INFO] [1774249804.580268049, 195.846000000]: Got new plan[0m
[0m[INFO] [1774249804.856194169, 196.346000000]: Got new plan[0m
[0m[INFO] [1774249805.133422780, 196.844000000]: Got new plan[0m
[0m[INFO] [1774249805.439239689, 197.346000000]: Got new plan[0m
[0m[INFO] [1774249805.711309393, 197.846000000]: Got new plan[0m
[0m[INFO] [1774249805.985303743, 198.344000000]: Got new plan[0m
[0m[INFO] [1774249806.289977262, 198.844000000]: Got new plan[0m
[0m[INFO] [1774249806.567253365, 199.346000000]: Got new plan[0m
[0m[INFO] [1774249806.875253756, 199.846000000]: Got new plan[0m
[0m[INFO] [1774249807.142958869, 200.344000000]: Got new plan[0m
[0m[INFO] [1774249807.420074683, 200.844000000]: Got new plan[0m
[0m[INFO] [1774249807.698123731, 201.344000000]: Got new plan[0m
[0m[INFO] [1774249807.975979246, 201.844000000]: Got new plan[0m
[0m[INFO] [1774249808.186049456, 202.194000000]: GOAL Reached![0m
[0m[INFO] [1774249810.048881425, 205.224000000]: Got new plan[0m
[0m[INFO] [1774249810.341192563, 205.726000000]: Got new plan[0m
[0m[INFO] [1774249810.622646844, 206.224000000]: Got new plan[0m
[0m[INFO] [1774249810.911361590, 206.724000000]: Got new plan[0m
[0m[INFO] [1774249810.941130085, 206.774000000]: GOAL Reached![0m
[0m[INFO] [1774249814.843480325, 213.394000000]: Got new plan[0m
[0m[INFO] [1774249815.112370381, 213.892000000]: Got new plan[0m
[0m[INFO] [1774249815.389931437, 214.392000000]: Got new plan[0m
[0m[INFO] [1774249815.654496084, 214.892000000]: Got new plan[0m
[0m[INFO] [1774249815.954977172, 215.392000000]: Got new plan[0m
[0m[INFO] [1774249816.260602918, 215.892000000]: Got new plan[0m
[0m[INFO] [1774249816.536374681, 216.392000000]: Got new plan[0m
[0m[INFO] [1774249816.829930129, 216.892000000]: Got new plan[0m
[0m[INFO] [1774249817.138144233, 217.392000000]: Got new plan[0m
[0m[INFO] [1774249817.428923725, 217.892000000]: Got new plan[0m
[0m[INFO] [1774249817.717429499, 218.392000000]: Got new plan[0m
[0m[INFO] [1774249817.988755935, 218.892000000]: Got new plan[0m
[0m[INFO] [1774249818.296619778, 219.392000000]: Got new plan[0m
[0m[INFO] [1774249818.605364614, 219.892000000]: Got new plan[0m
[0m[INFO] [1774249818.913209460, 220.394000000]: Got new plan[0m
[0m[INFO] [1774249819.208666994, 220.892000000]: Got new plan[0m
[0m[INFO] [1774249819.514707113, 221.392000000]: Got new plan[0m
[0m[INFO] [1774249819.820611877, 221.892000000]: Got new plan[0m
[0m[INFO] [1774249820.099066984, 222.392000000]: Got new plan[0m
[0m[INFO] [1774249820.380331290, 222.894000000]: Got new plan[0m
[0m[INFO] [1774249820.673556661, 223.392000000]: Got new plan[0m
[0m[INFO] [1774249820.983125495, 223.892000000]: Got new plan[0m
[0m[INFO] [1774249821.267545698, 224.394000000]: Got new plan[0m
[0m[INFO] [1774249821.537124397, 224.892000000]: Got new plan[0m
[0m[INFO] [1774249821.804493493, 225.392000000]: Got new plan[0m
[0m[INFO] [1774249822.112254039, 225.894000000]: Got new plan[0m
[0m[INFO] [1774249822.418858134, 226.392000000]: Got new plan[0m
[0m[INFO] [1774249822.698061251, 226.892000000]: Got new plan[0m
[0m[INFO] [1774249822.997439314, 227.392000000]: Got new plan[0m
[0m[INFO] [1774249823.022895462, 227.442000000]: Got new plan[0m
[0m[INFO] [1774249823.311594766, 227.942000000]: Got new plan[0m
[0m[INFO] [1774249823.618192924, 228.444000000]: Got new plan[0m
[0m[INFO] [1774249823.913424865, 228.942000000]: Got new plan[0m
[0m[INFO] [1774249824.224425606, 229.444000000]: Got new plan[0m
[0m[INFO] [1774249824.505908377, 229.944000000]: Got new plan[0m
[0m[INFO] [1774249824.801242427, 230.442000000]: Got new plan[0m
[0m[INFO] [1774249828.422666672, 236.492000000]: Got new plan[0m
[0m[INFO] [1774249828.729E20260323 15:10:29.700276 452017 path_planner_node.cpp:250] Failed to get a path.
E20260323 15:10:30.838392 452017 path_planner_node.cpp:250] Failed to get a path.
E20260323 15:10:31.988750 452017 path_planner_node.cpp:250] Failed to get a path.
[33m[WARN] [1774249831.992113579, 242.512000000]: Map update loop missed its desired rate of 1.0000Hz... the loop actually took 7.1020 seconds[0m
[33m[WARN] [1774249832.002046700, 242.532000000]: Clearing both costmaps outside a square (3.00m) large centered on the robot.[0m
7, 212.732000000]: Got new plan[0m
[0m[INFO] [1774249814.728818427, 213.232000000]: Got new plan[0m
[0m[INFO] [1774249814.862782591, 213.432000000]: Got new plan[0m
[0m[INFO] [1774249815.132717489, 213.932000000]: Got new plan[0m
[0m[INFO] [1774249815.409422487, 214.432000000]: Got new plan[0m
[0m[INFO] [1774249815.680368981, 214.932000000]: Got new plan[0m
[0m[INFO] [1774249815.976883231, 215.434000000]: Got new plan[0m
[0m[INFO] [1774249816.280845541, 215.932000000]: Got new plan[0m
[0m[INFO] [1774249816.556240925, 216.432000000]: Got new plan[0m
[0m[INFO] [1774249816.860953621, 216.932000000]: Got new plan[0m
[0m[INFO] [1774249817.157377634, 217.432000000]: Got new plan[0m
[0m[INFO] [1774249817.448356596, 217.932000000]: Got new plan[0m
[0m[INFO] [1774249817.738227788, 218.434000000]: Got new plan[0m
[0m[INFO] [1774249818.020488257, 218.932000000]: Got new plan[0m
[0m[INFO] [1774249818.328487455, 219.432000000]: Got new plan[0m
[0m[INFO] [1774249818.625917128, 219.932000000]: Got new plan[0m
[0m[INFO] [1774249818.932845363, 220.432000000]: Got new plan[0m
[0m[INFO] [1774249819.240674774, 220.932000000]: Got new plan[0m
[0m[INFO] [1774249819.545478893, 221.432000000]: Got new plan[0m
[0m[INFO] [1774249819.840682340, 221.932000000]: Got new plan[0m
[0m[INFO] [1774249820.119245492, 222.434000000]: Got new plan[0m
[0m[INFO] [1774249820.399853210, 222.932000000]: Got new plan[0m
[0m[INFO] [1774249820.705667738, 223.432000000]: Got new plan[0m
[0m[INFO] [1774249821.015806486, 223.932000000]: Got new plan[0m
[0m[INFO] [1774249821.287560356, 224.432000000]: Got new plan[0m
[0m[INFO] [1774249821.557244727, 224.934000000]: Got new plan[0m
[0m[INFO] [1774249821.834874645, 225.432000000]: Got new plan[0m
[0m[INFO] [1774249822.143051940, 225.932000000]: Got new plan[0m
[0m[INFO] [1774249822.438336123, 226.432000000]: Got new plan[0m
[0m[INFO] [1774249822.717969050, 226.932000000]: Got new plan[0m
[0m[INFO] [1774249823.017418353, 227.432000000]: Got new plan[0m
[0m[INFO] [1774249823.306242326, 227.932000000]: Got new plan[0m
[0m[INFO] [1774249823.613196680, 228.434000000]: Got new plan[0m
[0m[INFO] [1774249823.908365693, 228.932000000]: Got new plan[0m
[0m[INFO] [1774249824.218526999, 229.432000000]: Got new plan[0m
[0m[INFO] [1774249824.499900537, 229.932000000]: Got new plan[0m
[0m[INFO] [1774249824.795916108, 230.432000000]: Got new plan[0m
[0m[INFO] [1774249825.084689026, 230.932000000]: Got new plan[0m
[0m[INFO] [1774249825.380710534, 231.432000000]: Got new plan[0m
[0m[INFO] [1774249825.651237901, 231.932000000]: Got new plan[0m
[0m[INFO] [1774249825.937783405, 232.432000000]: Got new plan[0m
[0m[INFO] [1774249826.246880871, 232.932000000]: Got new plan[0m
[0m[INFO] [1774249826.542244603, 233.432000000]: Got new plan[0m
[0m[INFO] [1774249826.848366644, 233.932000000]: Got new plan[0m
[0m[INFO] [1774249827.157781124, 234.432000000]: Got new plan[0m
[0m[INFO] [1774249832.059362212, 242.632000000]: Got new plan[0m
[0m[INFO] [1774249832.367982373, 243.132000000]: Got new plan[0m
[0m[INFO] [1774249832.675531570, 243.632000000]: Got new plan[0m
[0m[INFO] [1774249832.969203368, 244.134000000]: Got new plan[0m
[0m[INFO] [1774249833.279552267, 244.632000000]: Got new plan[0m
[0m[INFO] [1774249833.562336337, 245.134000000]: Got new plan[0m
[0m[INFO] [1774249833.865303665, 245.632000000]: Got new plan[0m
[0m[INFO] [1774249834.170321495, 246.132000000]: Got new plan[0m
[0m[INFO] [1774249834.459508784, 246.632000000]: Got new plan[0m
[0m[INFO] [1774249834.734962339, 247.132000000]: Got new plan[0m
[0m[INFO] [1774249835.022927875, 247.634000000]: Got new plan[0m
[0m[INFO] [1774249835.327394788, 248.132000000]: Got new plan[0m
[0m[INFO] [1774249835.593694103, 248.632000000]: Got new plan[0m
[0m[INFO] [1774249835.901457017, 249.132000000]: Got new plan[0m
[0m[INFO] [1774249836.206408356, 249.632000000]: Got new plan[0m
[0m[INFO] [1774249836.511365632, 250.132000000]: Got new plan[0m
[0m[INFO] [1774249836.806637936, 250.63E20260323 15:10:43.993633 452017 path_planner_node.cpp:250] Failed to get a path.
E20260323 15:10:45.083403 452017 path_planner_node.cpp:250] Failed to get a path.
E20260323 15:10:46.204820 452017 path_planner_node.cpp:250] Failed to get a path.
E20260323 15:10:47.309005 452017 path_planner_node.cpp:250] Failed to get a path.
[33m[WARN] [1774249847.313075853, 268.434000000]: Map update loop missed its desired rate of 1.0000Hz... the loop actually took 6.9220 seconds[0m
[33m[WARN] [1774249847.343200543, 268.484000000]: Clearing both costmaps outside a square (3.00m) large centered on the robot.[0m
843053, 236.992000000]: Got new plan[0m
[0m[INFO] [1774249829.025275649, 237.492000000]: Got new plan[0m
[0m[INFO] [1774249829.331902300, 237.992000000]: Got new plan[0m
[0m[INFO] [1774249829.613429000, 238.492000000]: Got new plan[0m
[0m[INFO] [1774249829.919692331, 238.992000000]: Got new plan[0m
[0m[INFO] [1774249830.210620233, 239.492000000]: Got new plan[0m
[0m[INFO] [1774249830.334977784, 239.692000000]: GOAL Reached![0m
[0m[INFO] [1774249836.996065387, 250.904000000]: Got new plan[0m
[0m[INFO] [1774249837.285260986, 251.404000000]: Got new plan[0m
[0m[INFO] [1774249837.567882392, 251.904000000]: Got new plan[0m
[0m[INFO] [1774249837.857859247, 252.404000000]: Got new plan[0m
[0m[INFO] [1774249838.165913053, 252.904000000]: Got new plan[0m
[0m[INFO] [1774249838.444064198, 253.404000000]: Got new plan[0m
[0m[INFO] [1774249838.721368784, 253.904000000]: Got new plan[0m
[0m[INFO] [1774249839.016915358, 254.404000000]: Got new plan[0m
[0m[INFO] [1774249839.322203895, 254.906000000]: Got new plan[0m
[0m[INFO] [1774249839.605886765, 255.404000000]: Got new plan[0m
[0m[INFO] [1774249839.897107931, 255.904000000]: Got new plan[0m
[0m[INFO] [1774249840.186818826, 256.404000000]: Got new plan[0m
[0m[INFO] [1774249840.484573815, 256.904000000]: Got new plan[0m
[0m[INFO] [1774249840.790548622, 257.404000000]: Got new plan[0m
[0m[INFO] [1774249841.079716911, 257.904000000]: Got new plan[0m
[0m[INFO] [1774249841.381069480, 258.404000000]: Got new plan[0m
[0m[INFO] [1774249841.676237298, 258.904000000]: Got new plan[0m
[0m[INFO] [1774249841.981826226, 259.404000000]: Got new plan[0m
[0m[INFO] [1774249842.290910624, 259.904000000]: Got new plan[0m
[0m[INFO] [1774249842.597268935, 260.406000000]: Got new plan[0m
[0m[INFO] [1774249842.907756746, 260.904000000]: Got new plan[0m
[0m[INFO] [1774249843.203304506, 261.404000000]: Got new plan[0m
[0m[INFO] [1774249843.509431289, 261.904000000]: Got new plan[0m
[0m[INFO] [1774249843.817583641, 262.404000000]: Got new plan[0m
[0m[INFO] [1774249844.043742029, 262.754000000]: Got new plan[0m
[0m[INFO] [1774249844.308862332, 263.254000000]: Got new plan[0m
[0m[INFO] [1774249844.609751845, 263.754000000]: Got new plan[0m
[0m[INFO] [1774249844.906507109, 264.254000000]: Got new plan[0m
[0m[INFO] [1774249845.184184511, 264.756000000]: Got new plan[0m
[0m[INFO] [1774249845.490212745, 265.256000000]: Got new plan[0m
[0m[INFO] [1774249845.773107232, 265.754000000]: Got new plan[0m
[0m[INFO] [1774249846.072913909, 266.254000000]: Got new plan[0m
[0m[INFO] [1774249846.341072563, 266.754000000]: Got new plan[0m
[0m[INFO] [1774249846.620140317, 267.254000000]: Got new plan[0m
[0m[INFO] [1774249846.898832877, 267.754000000]: Got new plan[0m
[0m[INFO] [1774249847.209807487, 268.254000000]: Got new plan[0m
[0m[INFO] [1774249847.513717541, 268.754000000]: Got new plan[0m
[0m[INFO] [1774249847.808753564, 269.256000000]: Got new plan[0m
[0m[INFO] [1774249848.112914143, 269.756000000]: Got new plan[0m
[0m[INFO] [1774249848.416661534, 270.254000000]: Got new plan[0m
[0m[INFO] [1774249848.715255956, 270.754000000]: Got new plan[0m
[0m[INFO] [1774249849.021369676, 271.254000000]: Got new plan[0m
[0m[INFO] [1774249849.327604503, 271.754000000]: Got new plan[0m
[0m[INFO] [1774249849.633201739, 272.256000000]: Got new plan[0m
[0m[INFO] [1774249849.903876324, 272.754000000]: Got new plan[0m
[0m[INFO] [1774249850.190624850, 273.254000000]: Got new plan[0m
[0m[INFO] [1774249850.482804179, 273.754000000]: Got new plan[0m
[0m[INFO] [1774249850.769804418, 274.254000000]: Got new plan[0m
[0m[INFO] [1774249851.069319011, 274.754000000]: Got new plan[0m
[0m[INFO] [1774249851.352031836, 275.254000000]: Got new plan[0m
[0m[INFO] [1774249851.616741323, 275.754000000]: Got new plan[0m
[0m[INFO] [1774249851.894827161, 276.254000000]: Got new plan[0m
[0m[INFO] [1774249852.188437210, 276.754000000]: Got new plan[0m
[0m[INFO] [1774249852.466515923, 277.254000000]: Got new plan[0m
[0m[INFO] [1774249852.745060066, 2000000]: Got new plan[0m
[0m[INFO] [1774249837.010057956, 250.932000000]: Got new plan[0m
[0m[INFO] [1774249837.300183227, 251.432000000]: Got new plan[0m
[0m[INFO] [1774249837.581372725, 251.932000000]: Got new plan[0m
[0m[INFO] [1774249837.885127244, 252.432000000]: Got new plan[0m
[0m[INFO] [1774249838.180228574, 252.932000000]: Got new plan[0m
[0m[INFO] [1774249838.457712445, 253.432000000]: Got new plan[0m
[0m[INFO] [1774249838.736131924, 253.932000000]: Got new plan[0m
[0m[INFO] [1774249839.042440370, 254.432000000]: Got new plan[0m
[0m[INFO] [1774249839.335976810, 254.932000000]: Got new plan[0m
[0m[INFO] [1774249839.619609813, 255.432000000]: Got new plan[0m
[0m[INFO] [1774249839.910809607, 255.932000000]: Got new plan[0m
[0m[INFO] [1774249840.201263764, 256.434000000]: Got new plan[0m
[0m[INFO] [1774249840.507319309, 256.932000000]: Got new plan[0m
[0m[INFO] [1774249840.805932731, 257.434000000]: Got new plan[0m
[0m[INFO] [1774249841.094069238, 257.932000000]: Got new plan[0m
[0m[INFO] [1774249841.394867329, 258.432000000]: Got new plan[0m
[0m[INFO] [1774249841.702198056, 258.934000000]: Got new plan[0m
[0m[INFO] [1774249841.996823268, 259.432000000]: Got new plan[0m
[0m[INFO] [1774249842.304788024, 259.932000000]: Got new plan[0m
[0m[INFO] [1774249842.610944490, 260.432000000]: Got new plan[0m
[0m[INFO] [1774249847.404807029, 268.582000000]: Got new plan[0m
[0m[INFO] [1774249847.710366271, 269.082000000]: Got new plan[0m
[0m[INFO] [1774249848.005005729, 269.582000000]: Got new plan[0m
[0m[INFO] [1774249848.309324221, 270.082000000]: Got new plan[0m
[0m[INFO] [1774249848.616358115, 270.582000000]: Got new plan[0m
[0m[INFO] [1774249848.925484067, 271.082000000]: Got new plan[0m
[0m[INFO] [1774249849.224027433, 271.582000000]: Got new plan[0m
[0m[INFO] [1774249849.523836483, 272.082000000]: Got new plan[0m
[0m[INFO] [1774249849.815029149, 272.582000000]: Got new plan[0m
[0m[INFO] [1774249850.100958425, 273.082000000]: Got new plan[0m
[0m[INFO] [1774249850.376188757, 273.584000000]: Got new plan[0m
[0m[INFO] [1774249850.675277103, 274.084000000]: Got new plan[0m
[0m[INFO] [1774249850.957703784, 274.582000000]: Got new plan[0m
[0m[INFO] [1774249851.263301019, 275.082000000]: Got new plan[0m
[0m[INFO] [1774249851.527676869, 275.582000000]: Got new plan[0m
[0m[INFO] [1774249851.801687824, 276.082000000]: Got new plan[0m
[0m[INFO] [1774249852.088417352, 276.582000000]: Got new plan[0m
[0m[INFO] [1774249852.368590498, 277.084000000]: Got new plan[0m
[0m[INFO] [1774249852.645779909, 277.582000000]: Got new plan[0m
[0m[INFO] [1774249852.929244307, 278.084000000]: Got new plan[0m
[0m[INFO] [1774249853.182663565, 278.482000000]: Got new plan[0m
[0m[INFO] [1774249853.468483606, 278.982000000]: Got new plan[0m
[0m[INFO] [1774249853.772060021, 279.482000000]: Got new plan[0m
[0m[INFO] [1774249854.055123104, 279.982000000]: Got new plan[0m
[0m[INFO] [1774249854.336180803, 280.482000000]: Got new plan[0m
[0m[INFO] [1774249854.606617922, 280.982000000]: Got new plan[0m
[0m[INFO] [1774249854.894186885, 281.484000000]: Got new plan[0m
[0m[INFO] [1774249855.161604649, 281.982000000]: Got new plan[0m
[0m[INFO] [1774249855.448956332, 282.482000000]: Got new plan[0m
[0m[INFO] [1774249855.722791562, 282.982000000]: Got new plan[0m
[0m[INFO] [1774249856.002921963, 283.482000000]: Got new plan[0m
[0m[INFO] [1774249856.299487251, 283.982000000]: Got new plan[0m
[0m[INFO] [1774249856.597863202, 284.482000000]: Got new plan[0m
[0m[INFO] [1774249856.886035323, 284.982000000]: Got new plan[0m
[0m[INFO] [1774249857.168362266, 285.482000000]: Got new plan[0m
[0m[INFO] [1774249857.468046644, 285.982000000]: Got new plan[0m
[0m[INFO] [1774249857.762976991, 286.482000000]: Got new plan[0m
[0m[INFO] [1774249858.039065754, 286.982000000]: Got new plan[0m
[0m[INFO] [1774249858.348075344, 287.482000000]: Got new plan[0m
[0m[INFO] [1774249858.641455051, 287.982000000]: Got new plan[0m
[0m[INFO] [1774249858.666975312, 288.032000000]: Got new plan[0m
[0m[INFO] [1774249858.944314322, 288.532000000]: Got new plan[0m
[0m[INFO] [1774249859.217130830, 289.032000000]: Got new plan[0m
[0m[INFO] [1774249859.482486216, 289.532000000]: Got new plan[0m
[0m[INFO] [1774249859.755782401, 290.032000000]: Got new plan[0m
[0m[INFO] [1774249860.026424925, 290.532000000]: Got new plan[0m
[0m[INFO] [1774249860.306897273, 291.032000000]: Got new plan[0m
[0m[INFO] [1774249860.574791150, 291.532000000]: Got new plan[0m
[0m[INFO] [1774249860.844686849, 292.032000000]: Got new plan[0m
[0m[INFO] [1774249861.111546570, 292.532000000]: Got new plan[0m
[0m[INFO] [1774249861.382928793, 293.032000000]: Got new plan[0m
[0m[INFO] [1774249861.652711697, 293.532000000]: Got new plan[0m
[0m[INFO] [1774249861.917999406, 294.032000000]: Got new plan[0m
[0m[INFO] [1774249862.200825021, 294.532000000]: Got new plan[0m
[0m[INFO] [1774249862.503751969, 295.032000000]: Got new plan[0m
[0m[INFO] [1774249862.780782274, 295.532000000]: Got new plan[0m
[0m[INFO] [1774249863.067295706, 296.032000000]: Got new plan[0m
[0m[INFO] [1774249863.335568338, 296.532000000]: Got new plan[0m
[0m[INFO] [1774249863.616599912, 297.032000000]: Got new plan[0m
[0m[INFO] [1774249863.899788847, 297.532000000]: Got new plan[0m
[0m[INFO] [1774249864.170367254, 298.032000000]: Got new plan[0m
[0m[INFO] [1774249864.461134854, 298.532000000]: Got new plan[0m
[0m[INFO] [1774249864.744662175, 299.032000000]: Got new plan[0m
[0m[INFO] [1774249865.033525314, 299.532000000]: Got new plan[0m
[0m[INFO] [1774249865.343306659, 300.032000000]: Got new plan[0m
[0m[INFO] [1774249865.609287762, 300.432000000]: Got new plan[0m
[0m[INFO] [1774249865.900861552, 300.932000000]: Got new plan[0m
[0m[INFO] [1774249866.179580225, 301.432000000]: Got new plan[0m
[0m[INFO] [1774249866.486961996, 301.932000000]: Got new plan[0m
[0m[INFO] [1774249866.775206540, 302.434000000]: Got new plan[0m
[0m[INFO] [1774249867.061313907, 302.932000000]: Got new plan[0m
[0m[INFO] [1774249867.340736661, 303.432000000]: Got new plan[0m
[0m[INFO] [1774249867.650043078, 303.932000000]: Got new plan[0m
[0m[INFO] [1774249867.947367059, 304.432000000]: Got new plan[0m
[0m[INFO] [1774249868.232266921, 304.934000000]: Got new plan[0m
[0m[INFO] [1774249868.536995030, 305.432000000]: Got new plan[0m
[0m[INFO] [1774249868.844379175, 305.932000000]: Got new plan[0m
[0m[INFO] [1774249869.151196968, 306.432000000]: Got new plan[0m
[0m[INFO] [1774249869.445239195, 306.932000000]: Got new plan[0m
[0m[INFO] [1774249869.728487495, 307.432000000]: Got new plan[0m
[0m[INFO] [1774249870.004306731, 307.932000000]: Got new plan[0m
[0m[INFO] [1774249870.310325457, 308.432000000]: Got new plan[0m
[0m[INFO] [1774249870.618609590, 308.932000000]: Got new plan[0m
[0m[INFO] [1774249870.916237523, 309.432000000]: Got new plan[0m
[0m[INFO] [1774249871.050030702, 309.632000000]: Got new plan[0m
[0m[INFO] [1774249871.319721949, 310.132000000]: Got new plan[0m
[0m[INFO] [1774249871.590558795, 310.632000000]: Got new plan[0m
[0m[INFO] [1774249871.867898528, 311.132000000]: Got new plan[0m
[0m[INFO] [1774249872.163347620, 311.632000000]: Got new plan[0m
[0m[INFO] [1774249872.447299231, 312.132000000]: Got new plan[0m
[0m[INFO] [1774249872.753236199, 312.634000000]: Got new plan[0m
[0m[INFO] [1774249873.058939287, 313.132000000]: Got new plan[0m
[0m[INFO] [1774249873.358488922, 313.632000000]: Got new plan[0m
[0m[INFO] [1774249873.636002147, 314.132000000]: Got new plan[0m
[0m[INFO] [1774249873.941846543, 314.632000000]: Got new plan[0m
[0m[INFO] [1774249874.222006154, 315.132000000]: Got new plan[0m
[0m[INFO] [1774249874.504308746, 315.632000000]: Got new plan[0m
[0m[INFO] [1774249874.810237468, 316.134000000]: Got new plan[0m
[0m[INFO] [1774249875.106933015, 316.632000000]: Got new plan[0m
[0m[INFO] [1774249875.384928319, 317.132000000]: Got new plan[0m
[0m[INFO] [1774249875.662918874, 317.632000000]: Got new plan[0m
[0m[INFO] [1774249875.969665640, 318.132000000]: Got new 277.754000000]: Got new plan[0m
[0m[INFO] [1774249853.022517810, 278.254000000]: Got new plan[0m
[0m[INFO] [1774249853.169031941, 278.454000000]: Got new plan[0m
[0m[INFO] [1774249853.454355682, 278.956000000]: Got new plan[0m
[0m[INFO] [1774249853.757573527, 279.454000000]: Got new plan[0m
[0m[INFO] [1774249854.041442800, 279.954000000]: Got new plan[0m
[0m[INFO] [1774249854.311678075, 280.454000000]: Got new plan[0m
[0m[INFO] [1774249854.593124028, 280.954000000]: Got new plan[0m
[0m[INFO] [1774249854.879925982, 281.456000000]: Got new plan[0m
[0m[INFO] [1774249855.147752184, 281.954000000]: Got new plan[0m
[0m[INFO] [1774249855.435243971, 282.456000000]: Got new plan[0m
[0m[INFO] [1774249855.675202579, 282.906000000]: Got new plan[0m
[0m[INFO] [1774249855.979950878, 283.454000000]: Got new plan[0m
[0m[INFO] [1774249856.286239131, 283.956000000]: Got new plan[0m
[0m[INFO] [1774249856.559244424, 284.406000000]: Got new plan[0m
[0m[INFO] [1774249856.871351733, 284.954000000]: Got new plan[0m
[0m[INFO] [1774249857.155272060, 285.456000000]: Got new plan[0m
[0m[INFO] [1774249857.440302532, 285.954000000]: Got new plan[0m
[0m[INFO] [1774249857.748242347, 286.454000000]: Got new plan[0m
[0m[INFO] [1774249858.024985323, 286.954000000]: Got new plan[0m
[0m[INFO] [1774249858.334133830, 287.454000000]: Got new plan[0m
[0m[INFO] [1774249858.610506361, 287.954000000]: Got new plan[0m
[0m[INFO] [1774249858.677454600, 288.054000000]: Got new plan[0m
[0m[INFO] [1774249858.954939651, 288.554000000]: Got new plan[0m
[0m[INFO] [1774249859.228900735, 289.056000000]: Got new plan[0m
[0m[INFO] [1774249859.496350555, 289.554000000]: Got new plan[0m
[0m[INFO] [1774249859.766306808, 290.054000000]: Got new plan[0m
[0m[INFO] [1774249860.037978738, 290.554000000]: Got new plan[0m
[0m[INFO] [1774249860.317418117, 291.054000000]: Got new plan[0m
[0m[INFO] [1774249860.588370531, 291.554000000]: Got new plan[0m
[0m[INFO] [1774249860.856200293, 292.054000000]: Got new plan[0m
[0m[INFO] [1774249861.123270170, 292.556000000]: Got new plan[0m
[0m[INFO] [1774249861.394365062, 293.056000000]: Got new plan[0m
[0m[INFO] [1774249861.663916438, 293.554000000]: Got new plan[0m
[0m[INFO] [1774249861.932179571, 294.056000000]: Got new plan[0m
[0m[INFO] [1774249862.211475284, 294.554000000]: Got new plan[0m
[0m[INFO] [1774249862.515037447, 295.056000000]: Got new plan[0m
[0m[INFO] [1774249862.791754300, 295.554000000]: Got new plan[0m
[0m[INFO] [1774249863.079041865, 296.054000000]: Got new plan[0m
[0m[INFO] [1774249863.358900368, 296.554000000]: Got new plan[0m
[0m[INFO] [1774249863.490346215, 296.804000000]: GOAL Reached![0m
[0m[INFO] [1774249865.604005374, 300.420000000]: Got new plan[0m
[0m[INFO] [1774249865.628485542, 300.470000000]: GOAL Reached![0m
[0m[INFO] [1774249871.035068093, 309.602000000]: Got new plan[0m
[0m[INFO] [1774249871.304675194, 310.102000000]: Got new plan[0m
[0m[INFO] [1774249871.575360064, 310.602000000]: Got new plan[0m
[0m[INFO] [1774249871.843898282, 311.102000000]: Got new plan[0m
[0m[INFO] [1774249872.148294572, 311.602000000]: Got new plan[0m
[0m[INFO] [1774249872.432985835, 312.102000000]: Got new plan[0m
[0m[INFO] [1774249872.737489801, 312.602000000]: Got new plan[0m
[0m[INFO] [1774249873.033301969, 313.102000000]: Got new plan[0m
[0m[INFO] [1774249873.339908575, 313.602000000]: Got new plan[0m
[0m[INFO] [1774249873.620211819, 314.102000000]: Got new plan[0m
[0m[INFO] [1774249873.927239896, 314.604000000]: Got new plan[0m
[0m[INFO] [1774249874.207064704, 315.102000000]: Got new plan[0m
[0m[INFO] [1774249874.479492997, 315.602000000]: Got new plan[0m
[0m[INFO] [1774249874.783804695, 316.102000000]: Got new plan[0m
[0m[INFO] [1774249875.091241226, 316.602000000]: Got new plan[0m
[0m[INFO] [1774249875.370188698, 317.104000000]: Got new plan[0m
[0m[INFO] [1774249875.648077150, 317.602000000]: Got new plan[0m
[0m[INFO] [1774249875.942020688, 318.102000000]: Got new plan[0m
[0m[INFO] [1774249876.227901684, 318.602E20260323 15:11:20.322466 452017 path_planner_node.cpp:250] Failed to get a path.
E20260323 15:11:21.544924 452017 path_planner_node.cpp:250] Failed to get a path.
E20260323 15:11:22.760774 452017 path_planner_node.cpp:250] Failed to get a path.
E20260323 15:11:23.977550 452017 path_planner_node.cpp:250] Failed to get a path.
E20260323 15:11:25.140457 452017 path_planner_node.cpp:250] Failed to get a path.
E20260323 15:11:26.245304 452017 path_planner_node.cpp:250] Failed to get a path.
[33m[WARN] [1774249886.437265066, 336.134000000]: Clearing both costmaps outside a square (3.00m) large centered on the robot.[0m
E20260323 15:11:27.351866 452017 path_planner_node.cpp:250] Failed to get a path.
[33m[WARN] [1774249887.484216308, 337.954000000]: Clearing both costmaps outside a square (3.00m) large centered on the robot.[0m
E20260323 15:11:28.455915 452017 path_planner_node.cpp:250] Failed to get a path.
E20260323 15:11:29.567067 452017 path_planner_node.cpp:250] Failed to get a path.
[33m[WARN] [1774249889.571275854, 341.460000000]: Map update loop missed its desired rate of 1.0000Hz... the loop actually took 17.0260 seconds[0m
[33m[WARN] [1774249889.582056035, 341.482000000]: Clearing both costmaps outside a square (3.00m) large centered on the robot.[0m
000000]: Got new plan[0m
[0m[INFO] [1774249876.540456475, 319.102000000]: Got new plan[0m
[0m[INFO] [1774249876.566041562, 319.152000000]: Got new plan[0m
[0m[INFO] [1774249876.858242259, 319.652000000]: Got new plan[0m
[0m[INFO] [1774249877.128056314, 320.152000000]: Got new plan[0m
[0m[INFO] [1774249877.412801154, 320.652000000]: Got new plan[0m
[0m[INFO] [1774249877.720969114, 321.152000000]: Got new plan[0m
[0m[INFO] [1774249877.999251790, 321.652000000]: Got new plan[0m
[0m[INFO] [1774249878.292846371, 322.152000000]: Got new plan[0m
[0m[INFO] [1774249878.583240145, 322.654000000]: Got new plan[0m
[0m[INFO] [1774249878.864150219, 323.152000000]: Got new plan[0m
[0m[INFO] [1774249879.139641730, 323.652000000]: Got new plan[0m
[0m[INFO] [1774249879.447121154, 324.152000000]: Got new plan[0m
[0m[INFO] [1774249879.752330569, 324.652000000]: Got new plan[0m
[0m[INFO] [1774249880.029338207, 325.152000000]: Got new plan[0m
[0m[INFO] [1774249880.300427461, 325.652000000]: Got new plan[0m
[0m[INFO] [1774249880.606509532, 326.152000000]: Got new plan[0m
[0m[INFO] [1774249880.913301575, 326.652000000]: Got new plan[0m
[0m[INFO] [1774249881.221255952, 327.154000000]: Got new plan[0m
[0m[INFO] [1774249881.530201687, 327.652000000]: Got new plan[0m
[0m[INFO] [1774249881.808406121, 328.152000000]: Got new plan[0m
[0m[INFO] [1774249882.106563384, 328.652000000]: Got new plan[0m
[0m[INFO] [1774249882.388888771, 329.152000000]: Got new plan[0m
[0m[INFO] [1774249882.690366775, 329.652000000]: Got new plan[0m
[0m[INFO] [1774249882.968357534, 330.152000000]: Got new plan[0m
[0m[INFO] [1774249883.239958573, 330.652000000]: Got new plan[0m
[0m[INFO] [1774249883.514607270, 331.152000000]: Got new plan[0m
[0m[INFO] [1774249883.817079028, 331.652000000]: Got new plan[0m
[0m[INFO] [1774249884.116135098, 332.152000000]: Got new plan[0m
[0m[INFO] [1774249884.381237194, 332.652000000]: Got new plan[0m
[0m[INFO] [1774249884.644198690, 333.154000000]: Got new plan[0m
[0m[INFO] [1774249884.946307183, 333.654000000]: Got new plan[0m
[0m[INFO] [1774249885.255523733, 334.154000000]: Got new plan[0m
[0m[INFO] [1774249885.542258633, 334.652000000]: Got new plan[0m
[0m[INFO] [1774249885.828822569, 335.152000000]: Got new plan[0m
[0m[INFO] [1774249886.139086289, 335.652000000]: Got new plan[0m
[0m[INFO] [1774249886.447071704, 336.152000000]: Got new plan[0m
[0m[INFO] [1774249886.754087140, 336.652000000]: Got new plan[0m
[0m[INFO] [1774249887.032489993, 337.152000000]: Got new plan[0m
[0m[INFO] [1774249887.326067042, 337.652000000]: Got new plan[0m
[0m[INFO] [1774249887.545713194, 338.052000000]: Got new plan[0m
[0m[INFO] [1774249887.834848762, 338.552000000]: Got new plan[0m
[0m[INFO] [1774249888.129329317, 339.052000000]: Got new plan[0m
[0m[INFO] [1774249888.428042416, 339.552000000]: Got new plan[0m
[0m[INFO] [1774249888.736068262, 340.052000000]: Got new plan[0m
[0m[INFO] [1774249889.028245582, 340.554000000]: Got new plan[0m
[0m[INFO] [1774249889.317243489, 341.054000000]: Got new plan[0m
[0m[INFO] [1774249889.627147588, 341.552000000]: Got new plan[0m
[0m[INFO] [1774249889.905243027, 342.054000000]: Got new plan[0m
[0m[INFO] [1774249890.183256565, 342.552000000]: Got new plan[0m
[0m[INFO] [1774249890.459510616, 343.052000000]: Got new plan[0m
[0m[INFO] [1774249890.747064863, 343.552000000]: Got new plan[0m
[0m[INFO] [1774249890.928558973, 343.802000000]: Got new plan[0m
[0m[INFO] [1774249891.207077121, 344.302000000]: Got new plan[0m
[0m[INFO] [1774249891.487683641, 344.802000000]: Got new plan[0m
[0m[INFO] [1774249891.785311690, 345.302000000]: Got new plan[0m
[0m[INFO] [1774249892.066913128, 345.802000000]: Got new plan[0m
[0m[INFO] [1774249892.342029855, 346.302000000]: Got new plan[0m
[0m[INFO] [1774249892.640396402, 346.802000000]: Got new plan[0m
[0m[INFO] [1774249892.924318925, 347.302000000]: Got new plan[0m
[0m[INFO] [1774249893.219690075, 347.802000000]: Got new plan[0m
[0m[INFO] [1774249893.528985244, 348.302000000]: E20260323 15:11:40.106997 452017 path_planner_node.cpp:250] Failed to get a path.
E20260323 15:11:41.250051 452017 path_planner_node.cpp:250] Failed to get a path.
E20260323 15:11:42.493589 452017 path_planner_node.cpp:250] Failed to get a path.
E20260323 15:11:43.611153 452017 path_planner_node.cpp:250] Failed to get a path.
E20260323 15:11:44.765005 452017 path_planner_node.cpp:250] Failed to get a path.
[33m[WARN] [1774249904.990737290, 367.832000000]: Clearing both costmaps outside a square (3.00m) large centered on the robot.[0m
E20260323 15:11:45.970690 452017 path_planner_node.cpp:250] Failed to get a path.
E20260323 15:11:47.071085 452017 path_planner_node.cpp:250] Failed to get a path.
E20260323 15:11:48.179210 452017 path_planner_node.cpp:250] Failed to get a path.
[33m[WARN] [1774249908.182933838, 373.170000000]: Map update loop missed its desired rate of 1.0000Hz... the loop actually took 14.7100 seconds[0m
[33m[WARN] [1774249908.188290696, 373.182000000]: Rotate recovery behavior started.[0m
[31m[ERROR] [1774249919.625462109, 392.932000000]: Rotate recovery can't rotate in place because there is a potential collision. Cost: -3.00[0m
plan[0m
[0m[INFO] [1774249876.243202872, 318.632000000]: Got new plan[0m
[0m[INFO] [1774249876.556549554, 319.134000000]: Got new plan[0m
[0m[INFO] [1774249876.848603032, 319.632000000]: Got new plan[0m
[0m[INFO] [1774249877.117310576, 320.132000000]: Got new plan[0m
[0m[INFO] [1774249877.403109688, 320.632000000]: Got new plan[0m
[0m[INFO] [1774249877.700680316, 321.132000000]: Got new plan[0m
[0m[INFO] [1774249877.989850011, 321.632000000]: Got new plan[0m
[0m[INFO] [1774249878.283259382, 322.132000000]: Got new plan[0m
[0m[INFO] [1774249878.573253054, 322.634000000]: Got new plan[0m
[0m[INFO] [1774249878.848686375, 323.132000000]: Got new plan[0m
[0m[INFO] [1774249889.641426579, 341.582000000]: Got new plan[0m
[0m[INFO] [1774249889.923728426, 342.082000000]: Got new plan[0m
[0m[INFO] [1774249890.198969750, 342.582000000]: Got new plan[0m
[0m[INFO] [1774249890.475186996, 343.082000000]: Got new plan[0m
[0m[INFO] [1774249890.762880151, 343.584000000]: Got new plan[0m
[0m[INFO] [1774249890.943295055, 343.832000000]: Got new plan[0m
[0m[INFO] [1774249891.221515206, 344.332000000]: Got new plan[0m
[0m[INFO] [1774249891.503116637, 344.832000000]: Got new plan[0m
[0m[INFO] [1774249891.811063032, 345.332000000]: Got new plan[0m
[0m[INFO] [1774249892.087185337, 345.832000000]: Got new plan[0m
[0m[INFO] [1774249892.356819366, 346.332000000]: Got new plan[0m
[0m[INFO] [1774249892.655472039, 346.832000000]: Got new plan[0m
[0m[INFO] [1774249892.904214118, 347.284000000]: Got new plan[0m
[0m[INFO] [1774249893.247027582, 347.832000000]: Got new plan[0m
[0m[INFO] [1774249893.543571738, 348.332000000]: Got new plan[0m
[0m[INFO] [1774249893.850422369, 348.832000000]: Got new plan[0m
[0m[INFO] [1774249894.158632412, 349.332000000]: Got new plan[0m
[0m[INFO] [1774249894.467707972, 349.832000000]: Got new plan[0m
[0m[INFO] [1774249894.761709078, 350.332000000]: Got new plan[0m
[0m[INFO] [1774249895.067983934, 350.832000000]: Got new plan[0m
[0m[INFO] [1774249895.199694562, 351.032000000]: Got new plan[0m
[0m[INFO] [1774249895.473782032, 351.532000000]: Got new plan[0m
[0m[INFO] [1774249895.751272147, 352.032000000]: Got new plan[0m
[0m[INFO] [1774249896.047817556, 352.532000000]: Got new plan[0m
[0m[INFO] [1774249896.323062618, 353.032000000]: Got new plan[0m
[0m[INFO] [1774249896.602121113, 353.532000000]: Got new plan[0m
[0m[INFO] [1774249896.908874484, 354.032000000]: Got new plan[0m
[0m[INFO] [1774249897.214128385, 354.532000000]: Got new plan[0m
[0m[INFO] [1774249897.491512892, 355.032000000]: Got new plan[0m
[0m[INFO] [1774249897.789798858, 355.532000000]: Got new plan[0m
[0m[INFO] [1774249898.095619095, 356.032000000]: Got new plan[0m
[0m[INFO] [1774249898.403243966, 356.532000000]: Got new plan[0m
[0m[INFO] [1774249898.699651740, 357.032000000]: Got new plan[0m
[0m[INFO] [1774249919.651065117, 392.982000000]: Got new plan[0m
[0m[INFO] [1774249919.938075251, 393.482000000]: Got new plan[0m
[0m[INFO] [1774249920.226124250, 393.982000000]: Got new plan[0m
[0m[INFO] [1774249920.521565063, 394.482000000]: Got new plan[0m
[0m[INFO] [1774249920.794845886, 394.982000000]: Got new plan[0m
[0m[INFO] [1774249921.091374227, 395.482000000]: Got new plan[0m
[0m[INFO] [1774249921.379933776, 395.982000000]: Got new plan[0m
[0m[INFO] [1774249921.675339000, 396.482000000]: Got new plan[0m
[0m[INFO] [1774249921.970727603, 396.982000000]: Got new plan[0m
[0m[INFO] [1774249922.250426742, 397.482000000]: Got new plan[0m
[0m[INFO] [1774249922.531085180, 397.982000000]: Got new plan[0m
[0m[INFO] [1774249922.814551461, 398.482000000]: Got new plan[0m
[0m[INFO] [1774249923.105258781, 398.982000000]: Got new plan[0m
[0m[INFO] [1774249923.386743572, 399.482000000]: Got new plan[0m
[0m[INFO] [1774249923.696839868, 399.984000000]: Got new plan[0m
[0m[INFO] [1774249923.971323453, 400.482000000]: Got new plan[0m
[0m[INFO] [1774249924.247845568, 400.982000000]: Got new plan[0m
[0m[INFO] [1774249924.542564648, 401.482000000]: Got new plan[0m
Got new plan[0m
[0m[INFO] [1774249893.835922544, 348.802000000]: Got new plan[0m
[0m[INFO] [1774249894.143907009, 349.302000000]: Got new plan[0m
[0m[INFO] [1774249894.441510217, 349.802000000]: Got new plan[0m
[0m[INFO] [1774249894.746252332, 350.302000000]: Got new plan[0m
[0m[INFO] [1774249895.053133868, 350.802000000]: Got new plan[0m
[0m[INFO] [1774249895.209381297, 351.052000000]: Got new plan[0m
[0m[INFO] [1774249895.483535253, 351.552000000]: Got new plan[0m
[0m[INFO] [1774249895.762186494, 352.054000000]: Got new plan[0m
[0m[INFO] [1774249896.058781768, 352.554000000]: Got new plan[0m
[0m[INFO] [1774249896.341556342, 353.052000000]: Got new plan[0m
[0m[INFO] [1774249896.612241194, 353.554000000]: Got new plan[0m
[0m[INFO] [1774249896.919239137, 354.052000000]: Got new plan[0m
[0m[INFO] [1774249897.223458949, 354.552000000]: Got new plan[0m
[0m[INFO] [1774249897.505631617, 355.052000000]: Got new plan[0m
[0m[INFO] [1774249897.800216939, 355.554000000]: Got new plan[0m
[0m[INFO] [1774249898.105322454, 356.052000000]: Got new plan[0m
[0m[INFO] [1774249898.413800955, 356.552000000]: Got new plan[0m
[0m[INFO] [1774249898.722075250, 357.052000000]: Got new plan[0m
[0m[INFO] [1774249899.033547988, 357.552000000]: Got new plan[0m
[0m[INFO] [1774249899.330912712, 358.052000000]: Got new plan[0m
[0m[INFO] [1774249899.609320681, 358.552000000]: Got new plan[0m
[0m[INFO] [1774249899.915158779, 359.052000000]: Got new plan[0m
[0m[INFO] [1774249900.223247917, 359.554000000]: Got new plan[0m
[0m[INFO] [1774249900.499371653, 360.052000000]: Got new plan[0m
[0m[INFO] [1774249900.800066631, 360.552000000]: Got new plan[0m
[0m[INFO] [1774249901.097677155, 361.052000000]: Got new plan[0m
[0m[INFO] [1774249901.381266322, 361.554000000]: Got new plan[0m
[0m[INFO] [1774249901.654205892, 362.052000000]: Got new plan[0m
[0m[INFO] [1774249901.952369692, 362.554000000]: Got new plan[0m
[0m[INFO] [1774249902.247673441, 363.052000000]: Got new plan[0m
[0m[INFO] [1774249902.534227191, 363.554000000]: Got new plan[0m
[0m[INFO] [1774249902.809440365, 364.052000000]: Got new plan[0m
[0m[INFO] [1774249903.104814177, 364.552000000]: Got new plan[0m
[0m[INFO] [1774249903.410488558, 365.052000000]: Got new plan[0m
[0m[INFO] [1774249903.689923607, 365.552000000]: Got new plan[0m
[0m[INFO] [1774249903.986255546, 366.054000000]: Got new plan[0m
[0m[INFO] [1774249904.254057981, 366.552000000]: Got new plan[0m
[0m[INFO] [1774249904.529852961, 367.052000000]: Got new plan[0m
[0m[INFO] [1774249904.819674070, 367.552000000]: Got new plan[0m
[0m[INFO] [1774249905.123248255, 368.052000000]: Got new plan[0m
[0m[INFO] [1774249905.419131474, 368.552000000]: Got new plan[0m
[0m[INFO] [1774249905.723543873, 369.052000000]: Got new plan[0m
[0m[INFO] [1774249906.010028849, 369.554000000]: Got new plan[0m
[0m[INFO] [1774249906.267776547, 370.002000000]: GOAL Reached![0m
[0m[INFO] [1774249919.641138534, 392.962000000]: Got new plan[0m
[0m[INFO] [1774249919.928186661, 393.464000000]: Got new plan[0m
[0m[INFO] [1774249920.216164424, 393.962000000]: Got new plan[0m
[0m[INFO] [1774249920.511723961, 394.464000000]: Got new plan[0m
[0m[INFO] [1774249920.785076019, 394.962000000]: Got new plan[0m
[0m[INFO] [1774249921.081529563, 395.462000000]: Got new plan[0m
[0m[INFO] [1774249921.370045184, 395.962000000]: Got new plan[0m
[0m[INFO] [1774249921.666248239, 396.464000000]: Got new plan[0m
[0m[INFO] [1774249921.961247424, 396.964000000]: Got new plan[0m
[0m[INFO] [1774249922.239495744, 397.462000000]: Got new plan[0m
[0m[INFO] [1774249922.520794109, 397.962000000]: Got new plan[0m
[0m[INFO] [1774249922.792484072, 398.462000000]: Got new plan[0m
[0m[INFO] [1774249923.095734672, 398.962000000]: Got new plan[0m
[0m[INFO] [1774249923.377084116, 399.462000000]: Got new plan[0m
[0m[INFO] [1774249923.685912431, 399.962000000]: Got new plan[0m
[0m[INFO] [1774249923.769836666, 400.112000000]: GOAL Reached![0m
[0m[INFO] [1774249925.103366376, 402.392000000]: Got new[0m[INFO] [1774249924.854051242, 401.984000000]: Got new plan[0m
[0m[INFO] [1774249925.123971081, 402.432000000]: Got new plan[0m
[0m[INFO] [1774249925.398539014, 402.932000000]: Got new plan[0m
[0m[INFO] [1774249925.704813616, 403.432000000]: Got new plan[0m
[0m[INFO] [1774249926.011046665, 403.932000000]: Got new plan[0m
[0m[INFO] [1774249926.308748171, 404.432000000]: Got new plan[0m
[0m[INFO] [1774249926.617077931, 404.932000000]: Got new plan[0m
[0m[INFO] [1774249926.909619653, 405.432000000]: Got new plan[0m
[0m[INFO] [1774249927.201976183, 405.932000000]: Got new plan[0m
[0m[INFO] [1774249927.491264870, 406.434000000]: Got new plan[0m
[0m[INFO] [1774249927.764524507, 406.932000000]: Got new plan[0m
[0m[INFO] [1774249928.042040435, 407.432000000]: Got new plan[0m
[0m[INFO] [1774249928.315187310, 407.932000000]: Got new plan[0m
[0m[INFO] [1774249928.605144446, 408.432000000]: Got new plan[0m
[0m[INFO] [1774249928.899063433, 408.932000000]: Got new plan[0m
[0m[INFO] [1774249929.176376381, 409.432000000]: Got new plan[0m
[0m[INFO] [1774249929.486300705, 409.932000000]: Got new plan[0m
[0m[INFO] [1774249929.797810007, 410.434000000]: Got new plan[0m
[0m[INFO] [1774249930.090087065, 410.932000000]: Got new plan[0m
[0m[INFO] [1774249930.398542790, 411.432000000]: Got new plan[0m
[0m[INFO] [1774249930.474956541, 411.532000000]: Got new plan[0m
[0m[INFO] [1774249930.767809434, 412.032000000]: Got new plan[0m
[0m[INFO] [1774249931.073261426, 412.532000000]: Got new plan[0m
[0m[INFO] [1774249931.370634206, 413.032000000]: Got new plan[0m
[0m[INFO] [1774249931.649046610, 413.532000000]: Got new plan[0m
[0m[INFO] [1774249931.936962947, 414.032000000]: Got new plan[0m
[0m[INFO] [1774249932.235241621, 414.532000000]: Got new plan[0m
[0m[INFO] [1774249932.530304041, 415.032000000]: Got new plan[0m
[0m[INFO] [1774249932.808442217, 415.534000000]: Got new plan[0m
[0m[INFO] [1774249933.083732189, 416.032000000]: Got new plan[0m
[0m[INFO] [1774249933.369278830, 416.534000000]: Got new plan[0m
[0m[INFO] [1774249933.646310515, 417.032000000]: Got new plan[0m
[0m[INFO] [1774249933.917937839, 417.532000000]: Got new plan[0m
[0m[INFO] [1774249934.206323214, 418.032000000]: Got new plan[0m
[0m[INFO] [1774249934.477842524, 418.532000000]: Got new plan[0m
[0m[INFO] [1774249934.760208550, 419.032000000]: Got new plan[0m
[0m[INFO] [1774249935.048656861, 419.532000000]: Got new plan[0m
[0m[INFO] [1774249935.110262079, 419.632000000]: Got new plan[0m
[0m[INFO] [1774249935.389276524, 420.134000000]: Got new plan[0m
[0m[INFO] [1774249935.666041130, 420.632000000]: Got new plan[0m
[0m[INFO] [1774249935.944366971, 421.132000000]: Got new plan[0m
[0m[INFO] [1774249936.225197929, 421.632000000]: Got new plan[0m
[0m[INFO] [1774249936.500739694, 422.132000000]: Got new plan[0m
[0m[INFO] [1774249936.778450565, 422.634000000]: Got new plan[0m
[0m[INFO] [1774249937.059314778, 423.134000000]: Got new plan[0m
[0m[INFO] [1774249937.338201053, 423.634000000]: Got new plan[0m
[0m[INFO] [1774249937.629863328, 424.134000000]: Got new plan[0m
[0m[INFO] [1774249937.715912852, 424.282000000]: Got new plan[0m
[0m[INFO] [1774249937.982055183, 424.782000000]: Got new plan[0m
[0m[INFO] [1774249938.255702146, 425.282000000]: Got new plan[0m
[0m[INFO] [1774249938.527557550, 425.782000000]: Got new plan[0m
[0m[INFO] [1774249938.799262173, 426.282000000]: Got new plan[0m
[0m[INFO] [1774249939.079259748, 426.784000000]: Got new plan[0m
[0m[INFO] [1774249939.373557774, 427.282000000]: Got new plan[0m
[0m[INFO] [1774249939.662840853, 427.782000000]: Got new plan[0m
[0m[INFO] [1774249939.938487173, 428.282000000]: Got new plan[0m
[0m[INFO] [1774249940.206789182, 428.782000000]: Got new plan[0m
[0m[INFO] [1774249940.466323350, 429.282000000]: Got new plan[0m
[0m[INFO] [1774249940.761858518, 429.782000000]: Got new plan[0m
[0m[INFO] [1774249941.047330554, 430.284000000]: Got new plan[0m
[0m[INFO] [1774249941.318810864, 430.782000000]: Got new plan[0m
[0m[INFO plan[0m
[0m[INFO] [1774249925.378495878, 402.892000000]: Got new plan[0m
[0m[INFO] [1774249925.672703282, 403.392000000]: Got new plan[0m
[0m[INFO] [1774249925.979375612, 403.892000000]: Got new plan[0m
[0m[INFO] [1774249926.288270500, 404.392000000]: Got new plan[0m
[0m[INFO] [1774249926.596562267, 404.892000000]: Got new plan[0m
[0m[INFO] [1774249926.890780385, 405.394000000]: Got new plan[0m
[0m[INFO] [1774249927.170569881, 405.892000000]: Got new plan[0m
[0m[INFO] [1774249927.470251748, 406.392000000]: Got new plan[0m
[0m[INFO] [1774249927.744680825, 406.892000000]: Got new plan[0m
[0m[INFO] [1774249928.021971174, 407.392000000]: Got new plan[0m
[0m[INFO] [1774249928.289742184, 407.892000000]: Got new plan[0m
[0m[INFO] [1774249928.573697775, 408.392000000]: Got new plan[0m
[0m[INFO] [1774249928.878306754, 408.892000000]: Got new plan[0m
[0m[INFO] [1774249929.156624114, 409.392000000]: Got new plan[0m
[0m[INFO] [1774249929.466651728, 409.892000000]: Got new plan[0m
[0m[INFO] [1774249929.766081955, 410.394000000]: Got new plan[0m
[0m[INFO] [1774249930.069769664, 410.892000000]: Got new plan[0m
[0m[INFO] [1774249930.377745741, 411.392000000]: Got new plan[0m
[0m[INFO] [1774249930.479605810, 411.542000000]: Got new plan[0m
[0m[INFO] [1774249930.772671221, 412.042000000]: Got new plan[0m
[0m[INFO] [1774249931.078809443, 412.542000000]: Got new plan[0m
[0m[INFO] [1774249931.384850333, 413.042000000]: Got new plan[0m
[0m[INFO] [1774249931.653435872, 413.542000000]: Got new plan[0m
[0m[INFO] [1774249931.941422257, 414.042000000]: Got new plan[0m
[0m[INFO] [1774249932.240952292, 414.542000000]: Got new plan[0m
[0m[INFO] [1774249932.535830689, 415.042000000]: Got new plan[0m
[0m[INFO] [1774249932.812787551, 415.542000000]: Got new plan[0m
[0m[INFO] [1774249933.089187602, 416.044000000]: Got new plan[0m
[0m[INFO] [1774249933.373309543, 416.542000000]: Got new plan[0m
[0m[INFO] [1774249933.651661450, 417.042000000]: Got new plan[0m
[0m[INFO] [1774249933.922315229, 417.542000000]: Got new plan[0m
[0m[INFO] [1774249934.212258277, 418.044000000]: Got new plan[0m
[0m[INFO] [1774249934.494545944, 418.542000000]: Got new plan[0m
[0m[INFO] [1774249934.765185501, 419.042000000]: Got new plan[0m
[0m[INFO] [1774249935.053853455, 419.542000000]: Got new plan[0m
[0m[INFO] [1774249935.115313828, 419.642000000]: Got new plan[0m
[0m[INFO] [1774249935.393373724, 420.142000000]: Got new plan[0m
[0m[INFO] [1774249935.670418521, 420.642000000]: Got new plan[0m
[0m[INFO] [1774249935.949485205, 421.142000000]: Got new plan[0m
[0m[INFO] [1774249936.229469656, 421.642000000]: Got new plan[0m
[0m[INFO] [1774249936.509541967, 422.142000000]: Got new plan[0m
[0m[INFO] [1774249936.782300817, 422.642000000]: Got new plan[0m
[0m[INFO] [1774249937.063246951, 423.142000000]: Got new plan[0m
[0m[INFO] [1774249937.342369488, 423.642000000]: Got new plan[0m
[0m[INFO] [1774249937.634910328, 424.142000000]: Got new plan[0m
[0m[INFO] [1774249937.695310498, 424.242000000]: Got new plan[0m
[0m[INFO] [1774249937.961613108, 424.742000000]: Got new plan[0m
[0m[INFO] [1774249938.235873877, 425.242000000]: Got new plan[0m
[0m[INFO] [1774249938.501362058, 425.742000000]: Got new plan[0m
[0m[INFO] [1774249938.775615708, 426.242000000]: Got new plan[0m
[0m[INFO] [1774249939.059024251, 426.742000000]: Got new plan[0m
[0m[INFO] [1774249939.354071431, 427.242000000]: Got new plan[0m
[0m[INFO] [1774249939.643207292, 427.742000000]: Got new plan[0m
[0m[INFO] [1774249939.915439080, 428.242000000]: Got new plan[0m
[0m[INFO] [1774249940.183997532, 428.742000000]: Got new plan[0m
[0m[INFO] [1774249940.447183683, 429.244000000]: Got new plan[0m
[0m[INFO] [1774249940.741989879, 429.742000000]: Got new plan[0m
[0m[INFO] [1774249941.026382703, 430.242000000]: Got new plan[0m
[0m[INFO] [1774249941.299119123, 430.742000000]: Got new plan[0m
[0m[INFO] [1774249941.566613832, 431.242000000]: Got new plan[0m
[0m[INFO] [1774249941.839061750, 431.742000000]: Got new plan[0mE20260323 15:12:23.237113 452017 path_planner_node.cpp:250] Failed to get a path.
E20260323 15:12:24.367461 452017 path_planner_node.cpp:250] Failed to get a path.
E20260323 15:12:25.463747 452017 path_planner_node.cpp:250] Failed to get a path.
E20260323 15:12:26.571529 452017 path_planner_node.cpp:250] Failed to get a path.
E20260323 15:12:27.685019 452017 path_planner_node.cpp:250] Failed to get a path.
E20260323 15:12:28.798923 452017 path_planner_node.cpp:250] Failed to get a path.
[33m[WARN] [1774249949.403072160, 444.732000000]: Clearing both costmaps outside a square (3.00m) large centered on the robot.[0m
E20260323 15:12:29.905428 452017 path_planner_node.cpp:250] Failed to get a path.
E20260323 15:12:30.995975 452017 path_planner_node.cpp:250] Failed to get a path.
E20260323 15:12:32.084563 452017 path_planner_node.cpp:250] Failed to get a path.
E20260323 15:12:33.189145 452017 path_planner_node.cpp:250] Failed to get a path.
[33m[WARN] [1774249953.193677411, 451.378000000]: Map update loop missed its desired rate of 1.0000Hz... the loop actually took 18.2080 seconds[0m
[33m[WARN] [1774249953.195945063, 451.382000000]: Rotate recovery behavior started.[0m
[31m[ERROR] [1774249961.601310051, 465.932000000]: Rotate recovery can't rotate in place because there is a potential collision. Cost: -3.00[0m

[0m[INFO] [1774249942.135251134, 432.242000000]: Got new plan[0m
[0m[INFO] [1774249942.415626351, 432.742000000]: Got new plan[0m
[0m[INFO] [1774249942.723184864, 433.244000000]: Got new plan[0m
[0m[INFO] [1774249943.003580265, 433.742000000]: Got new plan[0m
[0m[INFO] [1774249943.274577413, 434.242000000]: Got new plan[0m
[0m[INFO] [1774249943.579805380, 434.742000000]: Got new plan[0m
[0m[INFO] [1774249943.886056758, 435.242000000]: Got new plan[0m
[0m[INFO] [1774249944.192815110, 435.742000000]: Got new plan[0m
[0m[INFO] [1774249944.470669845, 436.242000000]: Got new plan[0m
[0m[INFO] [1774249944.765421538, 436.742000000]: Got new plan[0m
[0m[INFO] [1774249945.073066783, 437.242000000]: Got new plan[0m
[0m[INFO] [1774249945.361476207, 437.742000000]: Got new plan[0m
[0m[INFO] [1774249945.637420681, 438.242000000]: Got new plan[0m
[0m[INFO] [1774249945.925067890, 438.742000000]: Got new plan[0m
[0m[INFO] [1774249946.231495059, 439.242000000]: Got new plan[0m
[0m[INFO] [1774249946.513724867, 439.742000000]: Got new plan[0m
[0m[INFO] [1774249946.806244581, 440.244000000]: Got new plan[0m
[0m[INFO] [1774249947.083193503, 440.742000000]: Got new plan[0m
[0m[INFO] [1774249947.364039002, 441.242000000]: Got new plan[0m
[0m[INFO] [1774249947.668536923, 441.742000000]: Got new plan[0m
[0m[INFO] [1774249947.952729283, 442.242000000]: Got new plan[0m
[0m[INFO] [1774249948.251632898, 442.742000000]: Got new plan[0m
[0m[INFO] [1774249948.519062481, 443.242000000]: Got new plan[0m
[0m[INFO] [1774249948.825486152, 443.742000000]: Got new plan[0m
[0m[INFO] [1774249949.134059947, 444.242000000]: Got new plan[0m
[0m[INFO] [1774249949.407728561, 444.742000000]: Got new plan[0m
[0m[INFO] [1774249949.681029128, 445.242000000]: Got new plan[0m
[0m[INFO] [1774249949.965368760, 445.742000000]: Got new plan[0m
[0m[INFO] [1774249950.258191328, 446.244000000]: Got new plan[0m
[0m[INFO] [1774249950.535955986, 446.742000000]: Got new plan[0m
[0m[INFO] [1774249950.844609371, 447.242000000]: Got new plan[0m
[0m[INFO] [1774249950.994058240, 447.492000000]: GOAL Reached![0m
[0m[INFO] [1774249961.615126113, 465.958000000]: Got new plan[0m
[0m[INFO] [1774249961.891243141, 466.458000000]: Got new plan[0m
[0m[INFO] [1774249962.171419401, 466.958000000]: Got new plan[0m
[0m[INFO] [1774249962.453479842, 467.458000000]: Got new plan[0m
[0m[INFO] [1774249962.747909085, 467.958000000]: Got new plan[0m
[0m[INFO] [1774249963.049427419, 468.458000000]: Got new plan[0m
[0m[INFO] [1774249963.314744055, 468.958000000]: Got new plan[0m
[0m[INFO] [1774249963.580127177, 469.458000000]: Got new plan[0m
[0m[INFO] [1774249963.875829181, 469.958000000]: Got new plan[0m
[0m[INFO] [1774249964.154628276, 470.458000000]: Got new plan[0m
[0m[INFO] [1774249964.431615634, 470.958000000]: Got new plan[0m
[0m[INFO] [1774249964.739057224, 471.458000000]: Got new plan[0m
[0m[INFO] [1774249965.038065758, 471.958000000]: Got new plan[0m
[0m[INFO] [1774249965.315585031, 472.458000000]: Got new plan[0m
[0m[INFO] [1774249965.594495764, 472.958000000]: Got new plan[0m
[0m[INFO] [1774249965.898411239, 473.458000000]: Got new plan[0m
[0m[INFO] [1774249966.198782780, 473.958000000]: Got new plan[0m
[0m[INFO] [1774249966.468145647, 474.458000000]: Got new plan[0m
[0m[INFO] [1774249966.748488232, 474.958000000]: Got new plan[0m
[0m[INFO] [1774249967.057992141, 475.458000000]: Got new plan[0m
[0m[INFO] [1774249967.338968745, 475.958000000]: Got new plan[0m
[0m[INFO] [1774249967.628377223, 476.458000000]: Got new plan[0m
[0m[INFO] [1774249967.894426489, 476.910000000]: Got new plan[0m
[0m[INFO] [1774249968.168156112, 477.408000000]: Got new plan[0m
[0m[INFO] [1774249968.479268799, 477.908000000]: Got new plan[0m
[0m[INFO] [1774249968.770961579, 478.408000000]: Got new plan[0m
[0m[INFO] [1774249969.077424988, 478.908000000]: Got new plan[0m
[0m[INFO] [1774249969.372239084, 479.408000000]: Got new plan[0m
[0m[INFO] [1774249969.671351038, 479.908000000]: Got new plan[0m
[0m[IN] [1774249941.591195858, 431.284000000]: Got new plan[0m
[0m[INFO] [1774249941.862563378, 431.782000000]: Got new plan[0m
[0m[INFO] [1774249961.626917909, 465.982000000]: Got new plan[0m
[0m[INFO] [1774249961.903666555, 466.482000000]: Got new plan[0m
[0m[INFO] [1774249962.183663541, 466.982000000]: Got new plan[0m
[0m[INFO] [1774249962.468850019, 467.482000000]: Got new plan[0m
[0m[INFO] [1774249962.760663744, 467.982000000]: Got new plan[0m
[0m[INFO] [1774249963.061682245, 468.482000000]: Got new plan[0m
[0m[INFO] [1774249963.326615398, 468.982000000]: Got new plan[0m
[0m[INFO] [1774249963.591828743, 469.482000000]: Got new plan[0m
[0m[INFO] [1774249963.891876093, 469.982000000]: Got new plan[0m
[0m[INFO] [1774249964.167324762, 470.482000000]: Got new plan[0m
[0m[INFO] [1774249964.444034303, 470.982000000]: Got new plan[0m
[0m[INFO] [1774249964.751196888, 471.484000000]: Got new plan[0m
[0m[INFO] [1774249965.059484995, 471.982000000]: Got new plan[0m
[0m[INFO] [1774249965.339142511, 472.482000000]: Got new plan[0m
[0m[INFO] [1774249965.607347781, 472.984000000]: Got new plan[0m
[0m[INFO] [1774249965.910397748, 473.482000000]: Got new plan[0m
[0m[INFO] [1774249966.211107658, 473.982000000]: Got new plan[0m
[0m[INFO] [1774249966.482518536, 474.482000000]: Got new plan[0m
[0m[INFO] [1774249966.760285969, 474.982000000]: Got new plan[0m
[0m[INFO] [1774249967.069921665, 475.482000000]: Got new plan[0m
[0m[INFO] [1774249967.351926430, 475.982000000]: Got new plan[0m
[0m[INFO] [1774249967.640291312, 476.482000000]: Got new plan[0m
[0m[INFO] [1774249967.906081757, 476.932000000]: Got new plan[0m
[0m[INFO] [1774249968.179658225, 477.432000000]: Got new plan[0m
[0m[INFO] [1774249968.491395408, 477.932000000]: Got new plan[0m
[0m[INFO] [1774249968.794719711, 478.432000000]: Got new plan[0m
[0m[INFO] [1774249969.089578904, 478.932000000]: Got new plan[0m
[0m[INFO] [1774249969.384681503, 479.432000000]: Got new plan[0m
[0m[INFO] [1774249969.684168629, 479.932000000]: Got new plan[0m
[0m[INFO] [1774249969.708673546, 479.982000000]: Got new plan[0m
[0m[INFO] [1774249970.000588368, 480.482000000]: Got new plan[0m
[0m[INFO] [1774249970.284034534, 480.982000000]: Got new plan[0m
[0m[INFO] [1774249970.560506771, 481.482000000]: Got new plan[0m
[0m[INFO] [1774249970.860138769, 481.982000000]: Got new plan[0m
[0m[INFO] [1774249971.166681786, 482.482000000]: Got new plan[0m
[0m[INFO] [1774249971.471914087, 482.982000000]: Got new plan[0m
[0m[INFO] [1774249971.750820219, 483.482000000]: Got new plan[0m
[0m[INFO] [1774249972.059559673, 483.982000000]: Got new plan[0m
[0m[INFO] [1774249972.331111978, 484.482000000]: Got new plan[0m
[0m[INFO] [1774249972.635634328, 484.982000000]: Got new plan[0m
[0m[INFO] [1774249972.909840146, 485.482000000]: Got new plan[0m
[0m[INFO] [1774249973.177238264, 485.984000000]: Got new plan[0m
Error in XmlRpcClient::writeRequest: write error (Connection refused).
Error in XmlRpcDispatch::work: couldn't find source iterator
Error in XmlRpcClient::writeRequest: write error (Connection refused).
Error in XmlRpcDispatch::work: couldn't find source iterator
Error in XmlRpcClient::writeRequest: write error (Connection refused).
Error in XmlRpcDispatch::work: couldn't find source iterator
Error in XmlRpcClient::writeRequest: write error (Connection refused).
Error in XmlRpcDispatch::work: couldn't find source iterator
FO] [1774249969.696833065, 479.958000000]: Got new plan[0m
[0m[INFO] [1774249969.989987379, 480.462000000]: Got new plan[0m
[0m[INFO] [1774249970.271437771, 480.958000000]: Got new plan[0m
[0m[INFO] [1774249970.543923210, 481.458000000]: Got new plan[0m
[0m[INFO] [1774249970.849045069, 481.960000000]: Got new plan[0m
[0m[INFO] [1774249971.067231460, 482.310000000]: GOAL Reached![0m
Error in XmlRpcClient::writeRequest: write error (Connection refused).
Error in XmlRpcDispatch::work: couldn't find source iterator
Error in XmlRpcClient::writeRequest: write error (Connection refused).
Error in XmlRpcDispatch::work: couldn't find source iterator
Error in XmlRpcClient::writeRequest: write error (Connection refused).
Error in XmlRpcClient::writeRequest: write error (Connection refused).
Error in XmlRpcDispatch::work: couldn't find source iterator
Error in XmlRpcDispatch::work: couldn't find source iterator
Error in XmlRpcClient::writeRequest: write error (Connection refused).
Error in XmlRpcDispatch::work: couldn't find source iterator
Error in XmlRpcClient::writeRequest: write error (Connection refused).
Error in XmlRpcClient::writeRequest: write error (Connection refused).
Error in XmlRpcDispatch::work: couldn't find source iterator
Error in XmlRpcDispatch::work: couldn't find source iterator
Error in XmlRpcClient::writeRequest: write error (Connection refused).
Error in XmlRpcClient::writeRequest: write error (Connection refused).
Error in XmlRpcDispatch::work: couldn't find source iterator
Error in XmlRpcDispatch::work: couldn't find source iterator
Error in XmlRpcClient::writeRequest: write error (Connection refused).
Error in XmlRpcDispatch::work: couldn't find source iterator
Error in XmlRpcClient::writeRequest: write error (Connection refused).
Error in XmlRpcDispatch::work: couldn't find source iterator
Error in XmlRpcClient::writeRequest: write error (Connection refused).
Error in XmlRpcClient::writeRequest: write error (Connection refused).
Error in XmlRpcDispatch::work: couldn't find source iterator
Error in XmlRpcDispatch::work: couldn't find source iterator
Error in XmlRpcClient::writeRequest: write error (Connection refused).
Error in XmlRpcDispatch::work: couldn't find source iterator
Error in XmlRpcClient::writeRequest: write error (Connection refused).
Error in XmlRpcDispatch::work: couldn't find source iterator
Error in XmlRpcClient::writeRequest: write error (Connection refused).
Error in XmlRpcDispatch::work: couldn't find source iterator
Error in XmlRpcClient::writeRequest: write error (Connection refused).
Error in XmlRpcDispatch::work: couldn't find source iterator
Error in XmlRpcClient::writeRequest: write error (Connection refused).
Error in XmlRpcClient::writeRequest: write error (Connection refused).
Error in XmlRpcDispatch::work: couldn't find source iterator
Error in XmlRpcDispatch::work: couldn't find source iterator
Error in XmlRpcClient::writeRequest: write error (Connection refused).
Error in XmlRpcDispatch::work: couldn't find source iterator
Error in XmlRpcClient::writeRequest: write error (Connection refused).
Error in XmlRpcDispatch::work: couldn't find source iterator
Error in XmlRpcClient::writeRequest: write error (Connection refused).
Error in XmlRpcDispatch::work: couldn't find source iterator
Error in XmlRpcClient::writeRequest: write error (Connection refused).
Error in XmlRpcDispatch::work: couldn't find source iterator
Error in XmlRpcClient::writeRequest: write error (Connection refused).
Error in XmlRpcDispatch::work: couldn't find source iterator
Error in XmlRpcClient::writeRequest: write error (Connection refused).
Error in XmlRpcDispatch::work: couldn't find source iterator
Error in XmlRpcClient::writeRequest: write error (Connection refused).
Error in XmlRpcDispatch::work: couldn't find source iterator
Error in XmlRpcClient::writeRequest: write error (Connection refused).
Error in XmlRpcDispatch::work: couldn't find source iterator
Error in XmlRpcClient::writeRequest: write error (Connection refused).
Error in XmlRpcDispatch::work: couldn't find source iterator
Error in XmlRpcClient::writeRequest: write error (Connection refused).
Error in XmlRpcClient::writeRequest: write error (Connection refused).
Error in XmlRpcDispatch::work: couldn't find source iterator
Error in XmlRpcDispatch::work: couldn't find source iterator
Error in XmlRpcClient::writeRequest: write error (Connection refused).
Error in XmlRpcDispatch::work: couldn't find source iterator
Error in XmlRpcClient::writeRequest: write error (Connection refused).
Error in XmlRpcDispatch::work: couldn't find source iterator
Error in XmlRpcClient::writeRequest: write error (Connection refused).
Error in XmlRpcDispatch::work: couldn't find source iterator
Error in XmlRpcClient::writeRequest: write error (Connection refused).
Error in XmlRpcDispatch::work: couldn't find source iterator
Error in XmlRpcClient::writeRequest: write error (Connection refused).
Error in XmlRpcDispatch::work: couldn't find source iterator
Error in XmlRpcClient::writeRequest: write error (Connection refused).
Error in XmlRpcDispatch::work: couldn't find source iterator
Error in XmlRpcClient::writeRequest: write error (Connection refused).
Error in XmlRpcDispatch::work: couldn't find source iterator
Error in XmlRpcClient::writeRequest: write error (Connection refused).
Error in XmlRpcDispatch::work: couldn't find source iterator
Error in XmlRpcClient::writeRequest: write error (Connection refused).
Error in XmlRpcDispatch::work: couldn't find source iterator
Error in XmlRpcClient::writeRequest: write error (Connection refused).
Error in XmlRpcDispatch::work: couldn't find source iterator
Error in XmlRpcClient::writeRequest: write error (Connection refused).
Error in XmlRpcDispatch::work: couldn't find source iterator
Error in XmlRpcClient::writeRequest: write error (Connection refused).
Error in XmlRpcDispatch::work: couldn't find source iterator
Error in XmlRpcClient::writeRequest: write error (Connection refused).
Error in XmlRpcDispatch::work: couldn't find source iterator
Error in XmlRpcClient::writeRequest: write error (Connection refused).
Error in XmlRpcDispatch::work: couldn't find source iterator
Error in XmlRpcClient::writeRequest: write error (Connection refused).
Error in XmlRpcDispatch::work: couldn't find source iterator
Error in XmlRpcClient::writeRequest: write error (Connection refused).
Error in XmlRpcDispatch::work: couldn't find source iterator
Error in XmlRpcClient::writeRequest: write error (Connection refused).
Error in XmlRpcDispatch::work: couldn't find source iterator
Error in XmlRpcClient::writeRequest: write error (Connection refused).
Error in XmlRpcDispatch::work: couldn't find source iterator
Error in XmlRpcClient::writeRequest: write error (Connection refused).
Error in XmlRpcDispatch::work: couldn't find source iterator
Error in XmlRpcClient::writeRequest: write error (Connection refused).
Error in XmlRpcDispatch::work: couldn't find source iterator
Error in XmlRpcClient::writeRequest: write error (Connection refused).
Error in XmlRpcDispatch::work: couldn't find source iterator
Error in XmlRpcClient::writeRequest: write error (Connection refused).
Error in XmlRpcDispatch::work: couldn't find source iterator
Error in XmlRpcClient::writeRequest: write error (Connection refused).
Error in XmlRpcDispatch::work: couldn't find source iterator
Error in XmlRpcClient::writeRequest: write error (Connection refused).
Error in XmlRpcDispatch::work: couldn't find source iterator
Error in XmlRpcClient::writeRequest: write error (Connection refused).
Error in XmlRpcDispatch::work: couldn't find source iterator
Error in XmlRpcClient::writeRequest: write error (Connection refused).
Error in XmlRpcDispatch::work: couldn't find source iterator
Error in XmlRpcClient::writeRequest: write error (Connection refused).
Error in XmlRpcDispatch::work: couldn't find source iterator
Error in XmlRpcClient::writeRequest: write error (Connection refused).
Error in XmlRpcDispatch::work: couldn't find source iterator
Error in XmlRpcClient::writeRequest: write error (Connection refused).
Error in XmlRpcDispatch::work: couldn't find source iterator
Error in XmlRpcClient::writeRequest: write error (Connection refused).
Error in XmlRpcDispatch::work: couldn't find source iterator
Error in XmlRpcClient::writeRequest: write error (Connection refused).
Error in XmlRpcDispatch::work: couldn't find source iterator
Error in XmlRpcClient::writeRequest: write error (Connection refused).
Error in XmlRpcDispatch::work: couldn't find source iterator
Error in XmlRpcClient::writeRequest: write error (Connection refused).
Error in XmlRpcDispatch::work: couldn't find source iterator
Error in XmlRpcClient::writeRequest: write error (Connection refused).
Error in XmlRpcDispatch::work: couldn't find source iterator
Error in XmlRpcClient::writeRequest: write error (Connection refused).
Error in XmlRpcDispatch::work: couldn't find source iterator
Error in XmlRpcClient::writeRequest: write error (Connection refused).
Error in XmlRpcDispatch::work: couldn't find source iterator
Error in XmlRpcClient::writeRequest: write error (Connection refused).
Error in XmlRpcDispatch::work: couldn't find source iterator
Error in XmlRpcClient::writeRequest: write error (Connection refused).
Error in XmlRpcDispatch::work: couldn't find source iterator
Error in XmlRpcClient::writeRequest: write error (Connection refused).
Error in XmlRpcDispatch::work: couldn't find source iterator
Error in XmlRpcClient::writeRequest: write error (Connection refused).
Error in XmlRpcDispatch::work: couldn't find source iterator
Error in XmlRpcClient::writeRequest: write error (Connection refused).
Error in XmlRpcDispatch::work: couldn't find source iterator
Error in XmlRpcClient::writeRequest: write error (Connection refused).
Error in XmlRpcDispatch::work: couldn't find source iterator
Error in XmlRpcClient::writeRequest: write error (Connection refused).
Error in XmlRpcDispatch::work: couldn't find source iterator
Error in XmlRpcClient::writeRequest: write error (Connection refused).
Error in XmlRpcClient::writeRequest: write error (Connection refused).
Error in XmlRpcDispatch::work: couldn't find source iterator
Error in XmlRpcDispatch::work: couldn't find source iterator
Error in XmlRpcClient::writeRequest: write error (Connection refused).
Error in XmlRpcClient::writeRequest: write error (Connection refused).
Error in XmlRpcDispatch::work: couldn't find source iterator
Error in XmlRpcDispatch::work: couldn't find source iterator
Error in XmlRpcClient::writeRequest: write error (Connection refused).
Error in XmlRpcClient::writeRequest: write error (Connection refused).
Error in XmlRpcDispatch::work: couldn't find source iterator
Error in XmlRpcDispatch::work: couldn't find source iterator
Error in XmlRpcClient::writeRequest: write error (Connection refused).
Error in XmlRpcClient::writeRequest: write error (Connection refused).
Error in XmlRpcDispatch::work: couldn't find source iterator
Error in XmlRpcDispatch::work: couldn't find source iterator
Error in XmlRpcClient::writeRequest: write error (Connection refused).
Error in XmlRpcClient::writeRequest: write error (Connection refused).
Error in XmlRpcDispatch::work: couldn't find source iterator
Error in XmlRpcDispatch::work: couldn't find source iterator
Error in XmlRpcClient::writeRequest: write error (Connection refused).
Error in XmlRpcDispatch::work: couldn't find source iterator
Error in XmlRpcClient::writeRequest: write error (Connection refused).
Error in XmlRpcDispatch::work: couldn't find source iterator
Error in XmlRpcClient::writeRequest: write error (Connection refused).
Error in XmlRpcDispatch::work: couldn't find source iterator
Error in XmlRpcClient::writeRequest: write error (Connection refused).
Error in XmlRpcClient::writeRequest: write error (Connection refused).
Error in XmlRpcDispatch::work: couldn't find source iterator
Error in XmlRpcDispatch::work: couldn't find source iterator
Error in XmlRpcClient::writeRequest: write error (Connection refused).
Error in XmlRpcDispatch::work: couldn't find source iterator
Error in XmlRpcClient::writeRequest: write error (Connection refused).
Error in XmlRpcDispatch::work: couldn't find source iterator
Error in XmlRpcClient::writeRequest: write error (Connection refused).
Error in XmlRpcDispatch::work: couldn't find source iterator
Error in XmlRpcClient::writeRequest: write error (Connection refused).
Error in XmlRpcDispatch::work: couldn't find source iterator
Error in XmlRpcClient::writeRequest: write error (Connection refused).
Error in XmlRpcClient::writeRequest: write error (Connection refused).
Error in XmlRpcDispatch::work: couldn't find source iterator
Error in XmlRpcDispatch::work: couldn't find source iterator
Error in XmlRpcClient::writeRequest: write error (Connection refused).
Error in XmlRpcDispatch::work: couldn't find source iterator
Error in XmlRpcClient::writeRequest: write error (Connection refused).
Error in XmlRpcDispatch::work: couldn't find source iterator
Error in XmlRpcClient::writeRequest: write error (Connection refused).
Error in XmlRpcDispatch::work: couldn't find source iterator
Error in XmlRpcClient::writeRequest: write error (Connection refused).
Error in XmlRpcDispatch::work: couldn't find source iterator
Error in XmlRpcClient::writeRequest: write error (Connection refused).
Error in XmlRpcDispatch::work: couldn't find source iterator
Error in XmlRpcClient::writeRequest: write error (Connection refused).
Error in XmlRpcDispatch::work: couldn't find source iterator
Error in XmlRpcClient::writeRequest: write error (Connection refused).
Error in XmlRpcDispatch::work: couldn't find source iterator
Error in XmlRpcClient::writeRequest: write error (Connection refused).
Error in XmlRpcDispatch::work: couldn't find source iterator
Error in XmlRpcClient::writeRequest: write error (Connection refused).
Error in XmlRpcDispatch::work: couldn't find source iterator
Error in XmlRpcClient::writeRequest: write error (Connection refused).
Error in XmlRpcDispatch::work: couldn't find source iterator
Error in XmlRpcClient::writeRequest: write error (Connection refused).
Error in XmlRpcDispatch::work: couldn't find source iterator
Error in XmlRpcClient::writeRequest: write error (Connection refused).
Error in XmlRpcDispatch::work: couldn't find source iterator
Error in XmlRpcClient::writeRequest: write error (Connection refused).
Error in XmlRpcDispatch::work: couldn't find source iterator
Error in XmlRpcClient::writeRequest: write error (Connection refused).
Error in XmlRpcDispatch::work: couldn't find source iterator
Error in XmlRpcClient::writeRequest: write error (Connection refused).
Error in XmlRpcDispatch::work: couldn't find source iterator
Error in XmlRpcClient::writeRequest: write error (Connection refused).
Error in XmlRpcDispatch::work: couldn't find source iterator
Error in XmlRpcClient::writeRequest: write error (Connection refused).
Error in XmlRpcDispatch::work: couldn't find source iterator
Error in XmlRpcClient::writeRequest: write error (Connection refused).
Error in XmlRpcDispatch::work: couldn't find source iterator
Error in XmlRpcClient::writeRequest: write error (Connection refused).
Error in XmlRpcDispatch::work: couldn't find source iterator
Error in XmlRpcClient::writeRequest: write error (Connection refused).
Error in XmlRpcDispatch::work: couldn't find source iterator
Error in XmlRpcClient::writeRequest: write error (Connection refused).
Error in XmlRpcClient::writeRequest: write error (Connection refused).
Error in XmlRpcDispatch::work: couldn't find source iterator
Error in XmlRpcDispatch::work: couldn't find source iterator
Error in XmlRpcClient::writeRequest: write error (Connection refused).
Error in XmlRpcDispatch::work: couldn't find source iterator
Error in XmlRpcClient::writeRequest: write error (Connection refused).
Error in XmlRpcDispatch::work: couldn't find source iterator
Error in XmlRpcClient::writeRequest: write error (Connection refused).
Error in XmlRpcDispatch::work: couldn't find source iterator
Error in XmlRpcClient::writeRequest: write error (Connection refused).
Error in XmlRpcDispatch::work: couldn't find source iterator
Error in XmlRpcClient::writeRequest: write error (Connection refused).
Error in XmlRpcDispatch::work: couldn't find source iterator
Error in XmlRpcClient::writeRequest: write error (Connection refused).
Error in XmlRpcDispatch::work: couldn't find source iterator
Error in XmlRpcClient::writeRequest: write error (Connection refused).
Error in XmlRpcDispatch::work: couldn't find source iterator
Error in XmlRpcClient::writeRequest: write error (Connection refused).
Error in XmlRpcDispatch::work: couldn't find source iterator
Error in XmlRpcClient::writeRequest: write error (Connection refused).
Error in XmlRpcDispatch::work: couldn't find source iterator
Error in XmlRpcClient::writeRequest: write error (Connection refused).
Error in XmlRpcDispatch::work: couldn't find source iterator
Error in XmlRpcClient::writeRequest: write error (Connection refused).
Error in XmlRpcDispatch::work: couldn't find source iterator
Error in XmlRpcClient::writeRequest: write error (Connection refused).
Error in XmlRpcDispatch::work: couldn't find source iterator
Error in XmlRpcClient::writeRequest: write error (Connection refused).
Error in XmlRpcDispatch::work: couldn't find source iterator
Error in XmlRpcClient::writeRequest: write error (Connection refused).
Error in XmlRpcDispatch::work: couldn't find source iterator
Error in XmlRpcClient::writeRequest: write error (Connection refused).
Error in XmlRpcDispatch::work: couldn't find source iterator
Error in XmlRpcClient::writeRequest: write error (Connection refused).
Error in XmlRpcDispatch::work: couldn't find source iterator
Error in XmlRpcClient::writeRequest: write error (Connection refused).
Error in XmlRpcDispatch::work: couldn't find source iterator
Error in XmlRpcClient::writeRequest: write error (Connection refused).
Error in XmlRpcDispatch::work: couldn't find source iterator
Error in XmlRpcClient::writeRequest: write error (Connection refused).
Error in XmlRpcDispatch::work: couldn't find source iterator
Error in XmlRpcClient::writeRequest: write error (Connection refused).
Error in XmlRpcDispatch::work: couldn't find source iterator
Error in XmlRpcClient::writeRequest: write error (Connection refused).
Error in XmlRpcDispatch::work: couldn't find source iterator
Error in XmlRpcClient::writeRequest: write error (Connection refused).
Error in XmlRpcDispatch::work: couldn't find source iterator
Error in XmlRpcClient::writeRequest: write error (Connection refused).
Error in XmlRpcDispatch::work: couldn't find source iterator
Error in XmlRpcClient::writeRequest: write error (Connection refused).
Error in XmlRpcDispatch::work: couldn't find source iterator
Error in XmlRpcClient::writeRequest: write error (Connection refused).
Error in XmlRpcDispatch::work: couldn't find source iterator
Error in XmlRpcClient::writeRequest: write error (Connection refused).
Error in XmlRpcDispatch::work: couldn't find source iterator
Error in XmlRpcClient::writeRequest: write error (Connection refused).
Error in XmlRpcDispatch::work: couldn't find source iterator
Error in XmlRpcClient::writeRequest: write error (Connection refused).
Error in XmlRpcDispatch::work: couldn't find source iterator
Error in XmlRpcClient::writeRequest: write error (Connection refused).
Error in XmlRpcDispatch::work: couldn't find source iterator
Error in XmlRpcClient::writeRequest: write error (Connection refused).
Error in XmlRpcDispatch::work: couldn't find source iterator
QFileSystemWatcher::removePaths: list is empty
QFileSystemWatcher::removePaths: list is empty
[INFO] [1774249737.768568, 0.000000]: Ground Truth Odom Publisher initialized
[INFO] [1774249737.702747, 0.000000]: Ground Truth Odom Publisher initialized
[31mWARNING: disk usage in log directory [/data/lzq/.ros/log] is over 1GB.
It's recommended that you use the 'rosclean' command.[0m

auto-starting new master
[1mprocess[master]: started with pid [451694][0m
[1mROS_MASTER_URI=http://localhost:11311[0m
]2;/data/lzq/ros_motion_planning/src/sim_env/launch/main.launch http://localhost:11311
[1msetting /run_id to 2818ce5a-2687-11f1-959d-99ad9226bd72[0m
[1mprocess[rosout-1]: started with pid [451705][0m
started core service [/rosout]
[1mprocess[gazebo-2]: started with pid [451712][0m
[1mprocess[map_server-3]: started with pid [451713][0m
[1mprocess[robot2/robot_state_publisher-4]: started with pid [451716][0m
[1mprocess[robot2/joint_state_publisher-5]: started with pid [451718][0m
[1mprocess[robot2/urdf_spawner-6]: started with pid [451720][0m
[1mprocess[robot2/tf_map2odom_node-7]: started with pid [451731][0m
[1mprocess[robot2/ground_truth_odom_publisher-8]: started with pid [451733][0m
[1mprocess[robot2/move_base-9]: started with pid [451734][0m
[1mprocess[robot1/robot_state_publisher-10]: started with pid [451735][0m
[1mprocess[robot1/joint_state_publisher-11]: started with pid [451736][0m
[1mprocess[robot1/urdf_spawner-12]: started with pid [451737][0m
[1mprocess[robot1/tf_map2odom_node-13]: started with pid [451747][0m
[1mprocess[robot1/ground_truth_odom_publisher-14]: started with pid [451782][0m
[1mprocess[robot1/move_base-15]: started with pid [451783][0m
[1mprocess[rviz-16]: started with pid [451846][0m
[1m[robot1/urdf_spawner-12] process has finished cleanly
log file: /data/lzq/.ros/log/2818ce5a-2687-11f1-959d-99ad9226bd72/robot1-urdf_spawner-12*.log[0m
[1m[robot2/urdf_spawner-6] process has finished cleanly
log file: /data/lzq/.ros/log/2818ce5a-2687-11f1-959d-99ad9226bd72/robot2-urdf_spawner-6*.log[0m
[rviz-16] killing on exit
[robot1/move_base-15] killing on exit
[robot1/ground_truth_odom_publisher-14] killing on exit
[robot1/tf_map2odom_node-13] killing on exit
[robot1/joint_state_publisher-11] killing on exit
[robot1/robot_state_publisher-10] killing on exit
[robot2/move_base-9] killing on exit
[robot2/ground_truth_odom_publisher-8] killing on exit
[robot2/tf_map2odom_node-7] killing on exit
[robot2/joint_state_publisher-5] killing on exit
[robot2/robot_state_publisher-4] killing on exit
[map_server-3] killing on exit
[gazebo-2] killing on exit
[rosout-1] killing on exit
[master] killing on exit
shutting down processing monitor...
... shutting down processing monitor complete
[1mdone[0m
